user_id,item_id,timestamp
0,0,116831578705
1,1,123808456433
2,2,124635036319
3,3,130854072887
4,4,74230927066
5,0,165624834277
6,0,123968021345
7,4,132169948334
8,5,77927984551
9,6,113386377186
10,7,141156714562
11,7,123373881115
12,8,111560505555
13,9,125530636280
14,10,115410222862
15,11,189749135404
16,12,139128306090
17,13,112213750429
18,2,83361838439
19,14,114440180262
20,2,183158202618
21,4,70497061378
22,15,113888118124
23,16,114918322864
24,17,104610084533
25,13,108638343450
25,10,86714850719
26,18,123885785852
27,19,175869732445
28,20,42339772491
29,21,128975676626
30,22,77932832214
31,23,78847369753
32,0,129002544193
33,13,93627899628
34,8,128152277130
35,24,175015142122
36,25,116699169231
37,26,106703325678
37,27,106703117261
38,28,178561116949
39,0,83640348134
40,10,85239140561
41,29,81141199421
42,10,77298542752
43,30,118172302779
44,31,125017843987
45,0,103609039497
46,32,79206350289
47,33,89400437463
48,0,88088393220
49,34,170334911510
49,35,170334457961
49,36,170334090670
50,10,81372103140
51,10,42941455450
52,10,37559291853
53,1,84733057672
54,37,97213514411
55,38,89228802684
56,37,126405135064
57,39,94234439381
58,40,78996754510
58,41,76789169142
59,0,118185129037
60,5,133998698397
61,10,79747876651
62,42,149717901016
63,43,118899091269
64,10,55280165384
65,10,112641211984
66,18,86635869013
67,10,32538132168
68,10,53737680425
69,44,78826288026
69,45,78826155943
69,23,71817725467
70,10,68499696522
71,10,33742355598
72,46,108418277909
73,47,109945866388
74,48,146254437288
75,49,91128432773
76,0,116654185176
77,50,167525539743
78,10,97491404459
79,51,136828074179
80,52,110172316323
81,20,51583711768
82,53,81659318444
83,54,140999418142
84,10,62951404449
85,55,173662274054
86,39,128552338728
87,56,129565860159
88,3,177530948862
89,53,125420388700
90,29,134250851100
91,57,73535774870
92,58,156991749807
93,59,177090570057
94,11,80616355132
95,60,136481405809
95,0,116603904828
96,61,87805603854
97,10,49070621785
98,10,132381260837
98,50,125675454773
99,62,149129358241
100,63,106091588411
101,0,63286866168
102,16,44054032598
103,10,110689534927
104,10,112225277727
105,39,122702337054
106,8,111830505147
106,64,65475712188
106,65,62872247709
107,39,124578288956
108,10,110471064535
109,23,25994230003
110,66,108397379414
111,67,85434078725
112,68,172561366859
113,10,96453971586
114,29,93900987240
115,53,55627561738
116,69,160886219577
117,4,142219285268
118,39,104372465410
119,53,124513577527
120,70,47857691086
121,71,140647864397
122,72,71803806274
123,23,6320530000
124,18,89956743227
125,16,33777193405
126,25,129143271711
127,73,178985027508
128,10,59709920782
129,74,128789469901
130,29,69993381397
131,1,104457087613
132,39,94110485758
133,75,149307964216
134,76,138068950606
135,77,67463298328
136,78,126004165275
137,10,93419433004
138,79,106353935260
139,80,133372700212
140,81,111085064244
141,10,60326868250
142,82,114702665036
143,64,123683959168
144,83,142363817706
145,84,156002498251
146,42,126996633782
147,23,76777729166
148,0,167919012525
149,85,121298519461
150,86,167670832418
151,74,123843739060
152,87,108094450737
152,45,108093776621
153,88,124655420811
154,89,182367558195
155,5,80675068910
156,90,193272128665
156,91,193272073682
157,92,156732324162
158,93,66605397142
159,20,45609181782
160,94,138396875941
161,16,69282916051
162,95,129711774000
162,96,121216836656
163,11,120259873981
164,5,142169282407
165,0,86752588704
166,23,19508172608
167,97,128365855651
168,98,117305223803
169,99,154381948780
170,100,93458164940
170,8,93224272811
171,49,106713947564
172,10,40503520238
173,33,166045184112
174,101,137438561441
175,102,69528943439
176,10,33938188575
177,0,82851056939
178,103,90519475731
179,8,120706349052
180,4,108804427892
180,10,104626186259
181,0,57456100332
182,10,33688392532
183,10,58660277917
184,13,76040637798
185,104,169944343586
186,105,50613361669
187,20,617943000
188,10,42677885851
189,106,55313367374
190,0,80820454383
191,52,105647285684
192,101,171324915165
193,1,85882698433
193,10,69808380298
194,10,151525999606
195,10,104088986998
196,3,121833463862
197,107,182449970372
197,108,182449450797
198,10,121641267101
199,53,139098548501
199,16,71606476844
200,109,82676710019
201,10,124073231469
202,10,115478963343
203,4,75008482212
204,10,67629430054
205,20,61602901804
206,10,95874922204
207,84,111867499082
208,47,112467732265
209,23,24862770831
210,110,129535131716
211,111,110849451457
212,112,71727141860
213,113,132096408085
214,23,25902649696
215,20,849540000
216,71,160767336115
217,20,30671462382
218,114,95201051013
219,1,95551628989
220,115,122690632512
221,8,127024347392
222,71,83635152896
223,0,80609883544
224,23,7949936000
225,116,110859259985
226,58,133675923451
227,88,115438667373
228,117,156126601348
229,118,168094958097
230,1,86100596282
231,119,137484131162
232,94,133450100278
233,16,77331456278
234,71,77508088247
235,10,76824122946
236,120,128714673120
237,121,122407175828
238,122,135197856856
239,5,148589672250
240,83,176768338353
241,10,44254549303
242,1,120685502852
243,123,124411837156
244,10,168920083829
245,124,148879524349
245,105,63678621004
246,64,78862219611
247,25,128813655034
248,125,106662927971
249,67,89326455812
250,10,96429073874
251,47,105463525677
252,4,132084571904
253,10,41311977112
254,16,74825624532
255,126,90556352999
256,13,57814659363
257,8,170308269746
258,127,153096528642
259,128,69995468681
260,129,160425367122
261,130,58584903684
262,23,44934119028
263,131,121363629605
264,10,34577229535
265,102,68690265851
266,132,134770670516
267,0,53221694628
268,16,81445528085
269,133,165266135037
270,134,130923974611
271,135,185895943718
272,136,149095439266
273,137,174782261533
274,138,132717403953
275,106,67196923192
276,139,66608408462
277,10,43038299553
278,0,82262346917
279,10,73431566793
280,2,90175308146
281,0,141533569032
282,140,92755539496
283,141,54330839723
284,142,170800787890
285,143,77033178226
286,10,71104361192
287,144,123710905499
288,10,18103963746
289,145,63421064865
290,33,96223721364
291,146,70731499108
291,16,31601004516
292,147,129343013301
293,148,183441133952
294,47,81435002442
295,10,133126129337
296,149,164297216345
297,150,121039474265
298,10,114463702578
299,10,39480766835
300,16,38410066262
301,39,102302142737
302,5,123106878683
303,10,128283287226
304,151,143406816964
305,8,97122807698
305,152,97122597522
306,153,166124117633
307,20,33916583395
308,0,134842709815
309,102,61402078531
310,88,134373126517
311,102,49291997322
312,70,53442377186
313,5,77564886595
314,20,13017820208
315,47,94285474776
316,10,182633113086
317,154,151774355328
318,139,56217365303
319,155,48906200343
320,23,10972411000
321,23,11569628285
322,29,83302732238
323,5,137523710083
324,156,160406632848
325,155,137451350914
326,83,140308824306
327,5,160436775609
328,10,119760809165
329,111,92894901283
330,77,56496361158
331,70,60827817689
332,157,178504440973
333,10,34547143450
334,10,70178566451
335,158,118180783722
335,159,113454076785
336,160,175025785898
337,161,94523465019
338,10,108948116559
339,10,104277527725
340,105,117577334958
341,11,61575592796
342,38,158785200686
343,10,83090247052
344,10,116783030043
345,162,56565688332
346,23,30389530920
347,163,140891307409
348,2,94825097012
349,164,147199353793
350,139,72256580712
351,83,160699932650
352,16,45198632924
353,10,105014700050
354,83,149049831373
355,67,91702450663
356,165,173568460352
357,58,109879678711
357,166,108008981300
358,10,158875682273
359,167,110888834918
360,10,120076118274
361,20,52819134548
362,168,182281814303
363,111,112057727916
364,105,122680758209
365,169,113455481191
366,23,38780821729
367,170,132371890177
368,171,109970798095
369,10,71317825807
370,109,85609656945
371,67,96954291674
372,172,114997873829
373,10,16884152118
374,173,174851825128
375,174,170913966836
376,149,119821052908
377,13,90892598349
378,0,150431558256
379,84,151034866944
380,0,77283011518
381,4,82598482420
381,10,70177739756
381,70,68715727660
382,83,176151426869
383,10,31072936328
384,175,92716852863
385,175,75771538320
386,176,141390338036
387,177,132426040359
388,13,82887279132
389,10,191877271108
390,85,116343920993
391,10,138667471966
392,0,112468683137
393,70,50969183330
394,87,91814469887
395,10,141629424667
395,4,116457728320
396,10,45083794986
397,16,523837000
398,64,92073558635
399,178,146113311186
400,179,138478477679
401,180,88997852471
402,39,108086174334
403,0,94099150589
404,70,53972072001
405,4,108596865676
406,0,89600501250
407,181,155939238702
408,49,90781724358
409,23,4201517000
410,182,107386891314
411,183,172449181938
412,87,107642857154
413,184,122415520331
414,70,102286413487
415,16,39986904402
416,149,130884867571
417,121,140573243807
418,8,138038429687
419,10,81020246892
420,185,192733743472
420,186,192689881575
421,20,4550435000
422,23,90880582922
423,125,106161864824
424,187,136748723415
425,97,131008066027
426,10,64113635617
427,23,3068858000
428,64,122727357957
429,188,137905226592
430,162,58829661369
430,70,53473263751
431,20,52184724361
432,13,88789469411
433,10,61497908713
434,189,177375247908
435,84,95020436738
436,144,116264227284
437,93,77042470622
438,190,115415735390
439,0,142662082276
440,128,48559155948
441,14,53922033811
442,67,62209908111
443,10,94612659264
444,191,120853608582
444,1,75507420106
445,161,109119548091
445,0,90105053158
446,10,116220155208
447,77,77427631457
448,10,30261276842
449,192,78181888519
450,10,77249797761
451,10,115073793531
452,128,72501999164
453,2,159850649081
454,2,129506035167
455,0,56235235009
456,193,132795515239
457,10,18028732973
458,194,171226073835
459,83,139692717500
460,47,94089852104
461,10,30342949873
462,195,172554980668
463,162,56164206939
464,196,133761777781
465,197,150598787229
466,198,153004673160
467,45,150729830093
468,199,102002390747
469,70,59435317812
470,83,142897359336
471,200,186846731309
471,201,159289951036
471,202,156915679768
472,203,140840807022
473,10,119816662793
474,10,73771418798
475,126,121672136199
476,22,128885882776
477,2,148415548189
478,88,115240091471
479,33,127411924764
480,33,145045080739
481,33,109801716761
482,63,151772874494
483,8,109037348169
484,204,73544824649
485,205,119597247211
486,30,121727969189
487,206,83445876665
488,10,119565712721
489,8,112898225157
489,10,45433244737
490,187,135874208468
491,170,159841371813
492,44,116099642484
493,13,132777604811
494,83,142039469569
495,18,111884274589
496,33,86993353316
497,10,113489985841
498,207,131391073263
498,8,88543481331
499,20,41998531878
500,208,142018838485
501,0,131144735163
502,10,144665251169
503,28,126075406057
504,83,148759573391
505,67,129922468184
506,13,128639177300
506,209,128639066868
507,10,47521973914
508,33,116812884330
509,10,109944161097
510,139,57436517941
511,156,60651361367
512,191,85192865434
513,23,32223764124
514,210,120330003488
515,16,17173899658
516,211,162774660270
517,212,175562020263
517,86,167851270241
517,213,162261866244
517,214,159929690743
518,23,92958005898
519,215,166440865892
520,216,109803350009
521,217,122868684374
522,8,156376230630
523,121,133461165082
524,16,65909320126
525,70,50364849860
526,0,128218658758
527,10,60989813210
528,74,129818652421
529,30,119053710600
530,3,83768093758
531,53,131747694609
532,64,60543215921
533,10,43609893516
534,10,83145041918
535,10,82910459160
536,47,94605735835
537,218,149025159779
538,29,94880683475
539,219,156046250936
540,220,141362496009
541,221,155834992057
542,193,180768009106
543,10,64876453834
544,23,29435020541
545,5,137890517999
546,129,173147270116
547,162,56649308284
548,171,108159191841
549,222,120705607345
550,10,62999381888
551,5,109620751192
552,53,88444981818
553,52,117756018552
554,211,112480320839
555,16,58126103362
556,223,117890203345
557,106,80524618407
558,16,13274427035
559,224,96398731131
560,20,40078939471
561,155,54387817291
562,29,90945677070
563,58,171748414836
564,225,57261006982
565,83,143382088238
566,178,133114786551
567,226,174248414475
568,227,142780848828
569,167,105588854944
570,228,133242486569
570,229,133242430427
571,115,146357699636
572,230,154657714680
572,138,153374214368
573,4,151705325752
574,10,111988229641
575,53,91647858438
576,2,80725049665
576,0,80724758171
577,10,94601980451
578,13,164820679690
579,39,110046379761
580,106,93492698952
581,130,58308412907
582,57,118933263085
583,231,129084488433
584,10,101671154496
585,37,128553408820
586,0,184781394942
587,10,79803301414
588,0,134418076541
589,13,102960755370
590,232,131051545745
591,10,161637833341
591,50,140838694089
592,129,189739665231
593,4,110085444045
594,233,168454250896
595,16,93716496697
596,5,121709818369
597,3,87499125627
598,5,123620050010
599,126,82926536929
599,156,58995574867
600,189,130776388877
601,125,114041842838
602,234,80171222747
603,4,76786498527
604,102,54187193805
605,4,88975020870
606,155,68628296722
607,11,141274701548
608,16,66782599509
609,20,35513920436
610,33,115061559072
611,10,19415673258
612,56,123878275938
613,29,118437436753
614,0,95260260099
615,3,75844536903
616,235,148664394707
617,83,139900419090
618,16,28666448555
619,8,111994163631
620,162,56064714045
621,10,122498706834
622,236,148426656069
623,10,94865963779
624,237,90471061575
625,43,157526764676
626,23,37676322890
627,4,136255082404
628,4,134600460325
629,230,160599615789
629,238,160599382607
629,229,151897007654
630,4,79588838133
631,74,119507244422
632,239,70240719718
633,121,150504602938
633,240,150504573267
633,183,141105561085
633,241,138949421907
634,29,154380335738
635,155,63940065297
636,13,74718559172
637,111,91798265379
638,20,55356526917
639,242,153097956484
640,39,92791885764
641,243,80442865200
642,0,156206186234
642,22,155155080409
642,85,112660283939
643,3,95464441597
644,20,10067363000
645,105,106694385314
646,126,87203115411
647,70,53506098164
648,29,166588544485
649,10,64772749610
650,10,122487883856
651,16,43268685989
652,102,47761954565
653,244,179332441489
654,33,128544155071
655,245,192338033977
656,8,111631053153
657,246,164389601717
658,247,176064457730
658,230,173589859398
658,248,173589239158
658,249,173589160934
658,238,161811699200
658,250,161811579675
658,229,115320023030
659,10,58724861002
660,20,38715745036
661,23,42232506129
662,105,47824786482
663,10,153952680002
664,8,127275037539
665,178,125483723308
666,0,73536236441
667,10,65565371414
668,10,86002793126
669,10,41220069387
670,10,39031121184
671,251,174402809699
672,252,156062815293
673,10,70310758220
674,71,83613649528
675,253,92425992518
676,193,125000812782
677,138,135014023565
678,114,133517574616
679,254,124502334110
680,23,19403994191
681,16,41805716651
682,231,135318556762
683,0,79648793317
684,142,165979888655
685,83,158786684741
686,255,164408275138
687,53,124318045052
688,171,84915415211
688,10,83026923533
689,64,60545497959
689,39,60545362952
690,114,101764048394
691,0,115265667002
692,229,120349701442
693,87,59333280051
694,13,79384302940
695,10,74910514943
696,11,186267939406
697,256,178428821539
698,38,93286824614
699,5,78989600565
700,70,68705173760
701,0,73256077161
702,0,83607683407
703,61,94358880988
703,257,92682678717
704,258,168640108543
705,47,93454729240
706,16,45073826408
707,127,120436974782
708,202,110839522754
709,29,138111278308
710,259,86225408884
711,15,88944303725
712,10,131486880306
713,14,110536957533
714,260,61796265290
715,261,168802001790
715,262,131748297466
716,0,104930678163
717,227,94152506779
718,121,116949322035
719,262,136878783941
720,125,115065512668
721,3,68422852021
722,126,140466393911
723,22,114014064009
724,15,69446873746
725,263,130142171810
725,57,119147922678
726,53,94979431199
727,264,104741524837
728,16,43473961716
729,126,91825232239
730,30,138058821174
731,155,66696761289
732,193,94289992029
733,10,153865348828
734,83,139102919075
735,4,142222395815
736,209,87121496753
737,170,133049383521
738,238,168921679828
739,74,154301901354
739,265,141536057482
740,52,143140866270
741,97,127343153454
742,23,8532313000
743,170,132369638463
744,56,122760961792
745,1,75402028304
746,266,119515249648
747,2,73518448145
748,161,115266400721
749,232,127022554812
750,267,186862377672
751,268,118169216722
752,269,173213006469
753,2,159056535018
754,65,67226595905
755,230,153455672016
756,10,51206852164
757,270,174776851739
758,231,123001215479
759,26,121001494384
760,23,3889770000
761,128,47765340481
762,271,192570406803
763,272,188591000302
764,46,75964144195
765,273,184545760289
766,57,86348331415
767,128,168560365813
768,274,136039289407
769,275,191183482475
770,145,148618901074
771,16,32236772735
772,276,84049698376
773,16,122094351555
774,217,89493570890
775,277,174002636854
776,117,120683444779
776,0,71084960741
777,278,117321528997
778,156,61643693606
779,279,133837317299
780,175,125028531187
781,0,114824409632
782,16,37987729312
783,15,78565101985
784,280,109092700879
785,4,193344417172
786,281,112239178474
787,282,127810597864
788,65,79839147908
789,139,67974094537
790,193,117164811778
790,18,116619035880
791,81,111084094050
792,10,81662167632
793,61,142616656256
794,10,128312502047
795,84,107185274540
796,4,134754226425
797,0,122376746414
798,112,108756914379
799,23,31419447100
800,155,69606964803
800,162,64185541465
801,43,102794007873
802,146,85789476630
803,64,184370898193
804,283,127321218627
804,284,113284425605
805,31,120931196763
806,120,126121000060
806,3,122273286991
807,285,166152181348
808,221,103605805105
809,115,118257208814
810,286,135088213604
811,3,102041638323
812,227,93008989090
813,287,143665048204
814,0,82298739393
815,29,133911633333
816,52,133912849321
817,56,142395417877
818,105,60210389500
819,0,133844911633
820,288,133493628610
821,289,176591689428
822,202,140976142911
823,217,96904275483
824,0,69792129833
825,290,151781216233
826,10,49580955405
827,291,114399744619
828,64,69130465766
829,113,91170465631
830,10,34495470601
831,87,59922166634
832,170,128818091945
833,0,130715278662
834,292,138931508367
835,29,191182699536
836,1,140729368132
837,10,50868697695
838,39,107935561446
839,10,42225588829
840,20,5684780000
841,87,55690820708
842,175,117946382826
843,1,86312622565
844,33,96569030571
845,10,63998251429
846,20,31682726781
847,126,108422719828
848,23,68021378059
849,10,33321381363
850,102,51016344503
851,106,74309985614
852,193,133120834175
853,3,90545557770
854,8,130883915748
855,293,181274716097
856,131,132869178077
857,5,121712416730
858,30,134392328702
859,2,102712622877
860,294,184743514458
860,295,156666152647
861,139,59482781563
862,10,85193863383
863,193,133138471128
864,264,132348700403
865,71,129774162838
866,0,121718596443
867,10,106766405633
868,10,106433752984
869,112,78079268559
870,5,125760104716
871,296,92718416872
872,0,104889096324
873,22,165643565093
874,297,165926111721
875,4,138126456380
876,298,163461273576
877,299,139628203332
878,274,119493924602
879,297,129569000214
880,13,57613270021
881,239,120098549024
882,10,138679564637
883,0,144714368699
884,199,66983276073
885,10,168545265061
886,300,131749905446
887,53,76019896911
888,129,189148383336
889,120,110056928544
890,112,107112547135
891,33,157139051962
891,39,59937019368
892,23,19199469796
893,10,60621657363
894,10,140544798708
895,301,124661838546
896,10,76525720963
897,109,92016059696
898,192,127000984116
899,16,77668345114
900,119,179578289231
900,302,179577722905
901,303,184893032750
901,304,184892960191
902,76,143067582349
903,305,91405443853
903,16,27472072662
904,49,88479986359
905,306,175548434511
906,50,143530855836
907,10,113945767818
908,13,65845582247
908,145,65845478533
909,147,126905437535
910,217,82960249787
911,307,16727583631
912,308,76711255315
913,309,170191667461
914,267,181260950986
915,1,90098505162
916,202,123393901694
916,13,88266402837
917,310,131416443922
918,311,140308663160
919,2,177217363177
920,10,93378027492
921,29,94024624373
922,97,104631944505
923,18,136989072708
924,10,125347170647
924,94,125347092942
925,312,150843106971
926,306,168544657825
927,209,109909869230
928,106,108863446605
929,39,56938508479
930,217,193281160383
931,232,129305259021
932,45,138822172612
933,306,174364330936
934,10,44928713167
935,313,138067899144
936,126,139186018463
937,8,134957680378
938,8,192934848526
939,264,145815837456
940,314,151190320590
941,105,47688756916
942,0,131738371609
943,29,96259384556
943,315,80515856614
943,74,79999342658
944,3,107303450249
945,162,69699726988
946,0,166300082462
947,264,151703037427
947,43,151702795832
948,316,159488089612
948,161,158705801201
949,10,169322056686
950,13,97895667919
951,10,60367897696
952,20,12682840807
953,0,157251954677
954,8,109117008605
955,10,102610347426
956,155,59248572570
957,83,138907600800
958,8,111821663837
959,141,95363416663
960,10,110631597006
961,82,169147984975
961,129,160683020297
961,317,150933090917
962,49,140270914895
963,318,125884306512
964,202,97728441974
965,10,65311845103
966,262,154277231396
967,10,104332740518
968,146,59287954980
969,13,86507472439
970,211,112654406462
971,13,127108931440
972,319,165541369598
973,10,89822234855
973,10,89822234855
974,58,103270420980
975,1,136066695392
976,4,92838839166
977,5,86264393640
978,320,128492469681
979,10,106630380553
980,33,126534913970
981,98,147350974080
982,10,141091589963
983,85,82466635350
984,321,118781312918
985,322,80195696594
986,64,140303311382
987,23,85722039628
988,11,93158996918
989,257,135137807003
990,216,125683145343
991,145,121531689020
992,10,73979735273
993,22,179689161871
993,112,66981732846
993,39,58898066596
994,10,88826868283
995,10,170275116631
996,0,136952526602
997,52,106963213615
998,221,114683963215
999,49,94475129151
1000,39,67582466165
1001,23,57358124440
1002,93,67508137504
1003,323,169473189306
1004,4,76419761132
1005,324,147057271193
1006,10,16823769392
1007,10,45880520087
1008,193,150717264697
1009,53,113078316703
1010,0,94195880650
1011,33,108760889753
1012,325,95302755054
1013,4,95130978827
1013,106,78323028272
1014,18,146241815935
1015,18,123398804050
1016,5,137805472664
1017,10,82306999295
1018,218,147462137213
1019,194,109095509633
1020,10,111892229850
1020,274,111892182551
1021,16,15485028048
1022,10,92981753661
1023,23,77828527551
1024,326,126899731861
1025,158,113775344963
1025,193,113775114508
1026,16,66523591340
1027,155,53409921449
1028,327,112074576514
1029,209,120531951537
1030,328,114194287497
1030,267,114193081574
1031,53,124162480846
1032,10,102959118658
1033,4,114467170477
1034,329,175638294446
1034,330,166254576623
1034,331,154993111029
1035,23,40277443586
1036,27,116861204380
1037,210,125865029498
1038,10,32095126553
1039,23,60886801643
1040,57,123781414048
1041,10,86910679850
1042,113,70480319177
1043,156,80944733907
1044,10,92866640184
1045,167,121576275328
1046,34,113365481941
1047,145,107547149474
1048,87,54685528112
1049,332,185206767482
1049,333,176069435103
1049,105,173211596764
1049,334,170801357965
1049,335,160186659641
1050,336,124603192943
1051,109,124320211460
1052,33,95388029678
1053,23,67527403941
1054,156,80303034859
1055,337,181401439305
1056,199,185561640373
1057,26,124055180904
1058,23,53856392147
1059,172,108267489777
1060,338,133192878192
1061,43,123998696821
1062,4,76993075449
1063,10,42419329352
1064,1,96917806617
1065,85,95848541226
1065,2,73886186229
1066,10,61178559541
1067,244,135808132977
1068,39,123268984814
1069,10,88484032976
1070,106,78457206889
1071,339,144115390667
1072,94,97870998992
1073,64,106437368712
1074,162,74699547270
1075,10,104968071549
1076,2,125626857523
1077,29,108886941281
1078,5,109275563868
1078,18,90914804608
1079,221,107971403433
1080,340,140331720606
1081,0,117683728606
1082,20,57343968527
1083,341,104453677474
1084,216,120527550285
1084,100,120527455770
1085,257,93359522276
1086,342,171833714529
1087,81,94246435253
1088,343,181234562066
1088,344,106111884597
1089,345,136802269672
1090,109,95813017194
1091,4,125259539631
1092,83,144438667874
1093,83,140795052174
1094,0,62109517175
1095,217,121631581082
1096,105,53195028657
1097,346,147165971996
1098,33,126480508766
1099,126,138600922710
1100,105,48961653411
1101,10,116401149898
1102,8,114794599614
1103,10,126128550337
1104,347,160289209540
1105,10,47847567837
1106,297,177398053082
1107,348,90094195057
1108,138,115867379616
1109,264,128040898363
1110,108,176485584285
1111,16,63938884810
1112,0,80435821544
1113,57,129451210522
1114,10,92864554977
1115,10,54501418099
1116,142,111248735876
1117,39,125005503705
1118,28,144721194520
1119,16,18648369043
1120,11,104526369694
1121,162,87221830069
1122,15,57999185388
1123,130,53057661714
1124,10,35604648167
1125,5,87062206212
1126,65,73936079744
1127,349,131749527969
1128,0,78836187692
1129,39,131773882564
1129,120,131773261737
1130,350,124471691085
1131,8,103391671341
1132,10,40518781544
1133,126,111967367588
1134,53,129776029162
1135,13,81269730124
1136,0,61147067253
1137,297,133407921012
1138,43,140284340428
1139,0,140644322855
1140,351,55049396496
1140,112,55049202461
1141,0,137897824115
1142,16,31270794517
1143,193,130137356211
1144,308,96749964883
1144,32,95785895967
1145,5,140663360485
1146,10,45008485366
1147,0,136161398622
1148,352,149192355481
1149,8,171306304327
1150,353,121884132179
1151,354,174498106996
1152,23,22275658390
1153,23,9247506000
1154,23,363469000
1155,8,142584351272
1156,20,37497723111
1157,8,106265514907
1158,355,95456198589
1159,106,63228097276
1160,356,170043723602
1161,0,183932235492
1162,8,164159031855
1162,357,149596250115
1163,64,136067116644
1164,29,81550147671
1165,358,106314102967
1166,5,120608990883
1167,359,128104589323
1168,202,102634289252
1169,10,120250117586
1170,2,94026648903
1171,2,137455370304
1172,20,85551098544
1173,10,118417047624
1174,360,131386221144
1175,16,37380526095
1176,10,141243358861
1177,361,175285205028
1178,264,158616248476
1179,4,132603825866
1180,39,128870697094
1181,301,127082869893
1182,242,95295393561
1183,74,145731306381
1184,0,149525785722
1185,4,79116799470
1186,43,162817148348
1187,320,118296712622
1188,63,142740941116
1189,23,10799789000
1190,10,158849787081
1191,362,135626768297
1191,8,135626408797
1192,217,122075639096
1193,10,113725758301
1194,156,63343771384
1194,351,60021442410
1195,188,176651962042
1196,33,119239572225
1197,307,52488115698
1198,10,193181968308
1199,4,86705683867
1200,11,161134007780
1201,0,105145684091
1202,242,126891548478
1203,20,58634835734
1204,363,134593622928
1205,198,145723806138
1206,143,66079721483
1207,211,111097194251
1208,2,90818879587
1209,20,79282003765
1210,217,94060000204
1211,10,128111636421
1212,0,79833599334
1213,161,133049803448
1213,364,88188437898
1214,8,111540416772
1215,39,94877330530
1216,126,136355426062
1217,191,68235364760
1218,47,94949656884
1219,0,121254882384
1220,202,167887597077
1221,10,107469880799
1222,8,124873579359
1222,363,124873026970
1223,365,123365146333
1224,126,121577907262
1225,159,152301489176
1226,10,87189693231
1227,281,93836494134
1228,366,92242708101
1229,33,124518957857
1230,99,125445506234
1231,367,162051145192
1232,0,145567351529
1233,10,102566614345
1234,10,19048626884
1235,13,126827805561
1236,109,144992243647
1236,368,136923394760
1237,156,73282643460
1238,83,160604370081
1239,29,118800911760
1239,30,118800850226
1240,105,65283769862
1241,16,10787895000
1242,102,63780596712
1242,369,55918701170
1243,187,112394762318
1244,10,146771669498
1245,370,124670189332
1246,371,138604605339
1247,20,87088811452
1248,64,70914223666
1249,128,85071208508
1250,155,64728748629
1250,162,57507313616
1251,83,142881747453
1252,372,96855552399
1253,373,193880414930
1253,334,174249904953
1254,127,119817184761
1255,161,116211048467
1256,177,119749001161
1257,1,97375746975
1258,106,78062559597
1259,4,77050621271
1260,239,122079910605
1261,267,156970723880
1262,83,166025520156
1263,10,26237343762
1264,45,132926807678
1265,53,58300224021
1266,155,53041560443
1267,145,164920069429
1268,374,163475370492
1269,375,159586923659
1270,83,185585243811
1271,16,78634433843
1272,118,165615016484
1273,8,125390012869
1274,10,38249261758
1275,102,88557997880
1276,376,113694772352
1277,162,72050687539
1277,155,61319566546
1278,23,59689800178
1279,146,47777296950
1280,43,107658578239
1281,377,137018003431
1282,50,130809906248
1283,102,47747210905
1284,156,57502146849
1285,102,71526262318
1285,369,67501725566
1286,378,132454336255
1287,10,106831097099
1288,121,142478814973
1289,29,132603539190
1290,379,139732456690
1290,370,139732360657
1291,94,138133502618
1292,10,110300426527
1292,10,110300426527
1293,380,154297530186
1294,8,142194756580
1295,204,76367480784
1296,381,132947578412
1297,238,157739936457
1297,127,115349616187
1298,363,145056776051
1299,33,87066532878
1300,70,49561726252
1301,2,127013520440
1302,382,137946268913
1303,67,110739651693
1304,16,79616476415
1305,10,62909272218
1306,383,188121512908
1307,155,74831204164
1308,384,168615481301
1308,130,105696590344
1309,23,18413801302
1310,385,129090576940
1311,0,179611041954
1312,33,126754321485
1313,198,155007604164
1314,20,59825822322
1315,126,84383781706
1316,0,142649830104
1317,8,115782554868
1318,106,52969727514
1319,386,170763512582
1320,29,150161706347
1321,23,52867768346
1322,387,163879268568
1323,11,112303106815
1324,191,89155860749
1325,29,150931769735
1326,4,114633172156
1327,10,38521442419
1328,157,135011172891
1329,8,111959222889
1330,87,87017389215
1331,388,175806478155
1331,389,169968156388
1332,93,74789451628
1333,308,72051302278
1334,390,175417774075
1335,155,55277049375
1336,391,131326985001
1337,0,93483688672
1338,187,74544288887
1339,20,49119387506
1340,67,91995528353
1341,10,106095678602
1342,10,96922196404
1343,10,91838311754
1344,10,94117169707
1344,13,94116281402
1345,0,130713708566
1346,94,141574180674
1347,392,127875090896
1348,0,128648644337
1349,121,111867175717
1350,10,134979912667
1351,10,108154053971
1352,181,162780048974
1352,393,109398118949
1352,394,80301049736
1352,274,77739774926
1352,10,77382338486
1352,3,75156414484
1353,10,37460482501
1354,10,69456327212
1355,2,144527520956
1356,3,147376316175
1357,84,93638655236
1358,8,128660179576
1359,20,172687377347
1360,395,131199117266
1361,396,64522712302
1362,25,113153850346
1363,13,109347358828
1364,397,181674280087
1365,369,76384073487
1366,10,123266917683
1367,0,80607863057
1368,143,106895425381
1369,398,104792155831
1370,53,86531928432
1371,5,107034396275
1372,202,188342975481
1373,399,181935012251
1373,400,177097576646
1374,109,82485586194
1375,8,111518624404
1376,401,156278509551
1377,402,174415241973
1378,10,49589066674
1379,71,89573861912
1380,10,107022179085
1381,8,119891526758
1382,403,56249278653
1383,404,117835095775
1384,257,119830420747
1384,20,95446540747
1385,20,74798014718
1386,0,86563872706
1387,10,144013849892
1388,13,112917833097
1389,125,84386950615
1390,332,178394796076
1391,39,120859706964
1392,210,151458774280
1393,405,101764377048
1394,282,123723699132
1395,10,143679177449
1396,10,120034744561
1397,406,149448102196
1398,407,110812406910
1399,161,128536185659
1400,20,13390461821
1401,261,118900998960
1402,23,8104517000
1403,408,137735905139
1404,391,186343435960
1405,317,170796773756
1406,39,69011079346
1407,53,122236087024
1408,409,176486251774
1409,246,182274553652
1410,129,142302092155
1411,18,132951329466
1412,52,137454375602
1413,20,61550954405
1414,83,158955633759
1415,10,119008919980
1416,410,142280957491
1417,139,67455462689
1418,10,49602099632
1419,0,80968407593
1420,0,91325049995
1421,88,125092519359
1421,411,125091891747
1422,122,184527299745
1423,369,77320618753
1423,102,49575021384
1424,4,113594645702
1425,10,43690004460
1426,412,140876439764
1427,249,171785174439
1428,413,129688038426
1429,22,163358896412
1430,193,113084294754
1431,39,87427760360
1432,193,133480426368
1433,57,101677177637
1434,249,169692774318
1434,414,162586913996
1435,415,164841273048
1436,53,74903377736
1437,10,88829990074
1438,39,93758778276
1438,39,93758778276
1439,0,160774894373
1440,29,96491110473
1441,23,22554126073
1442,126,109525218751
1443,22,126669173301
1444,193,133087615250
1445,0,80790971592
1446,416,122103065086
1447,417,113014850795
1448,257,132945879933
1449,418,139793370844
1450,113,114376528015
1451,10,50970017452
1452,202,141572830599
1453,46,94686904618
1454,10,87708935747
1455,39,177205934832
1456,10,107149838174
1457,10,104696337946
1458,89,179206601168
1459,83,162869066352
1460,23,49461687442
1461,67,65596268749
1462,419,87862197961
1463,420,122277838934
1464,364,87321646720
1465,1,142785705882
1466,364,150950016313
1467,421,171760565114
1468,320,158630079178
1468,230,155605467474
1468,422,118315248834
1468,227,117238205352
1469,16,40386235907
1470,128,50967918186
1471,83,163275609678
1472,120,121831042933
1473,8,106538173163
1474,0,81692542812
1475,0,81449847139
1476,423,153549759689
1476,424,153549639658
1477,71,144107231458
1478,29,107387002257
1479,39,93291078720
1480,0,129438730389
1481,44,65648964959
1482,105,95567462215
1483,128,74704232397
1484,83,141369821157
1485,402,170000521104
1486,425,138400620218
1487,10,106626672867
1488,10,115474227123
1489,20,61086348342
1490,223,78787407022
1491,33,107754625814
1492,10,65601533307
1493,39,130055798464
1494,143,69085622305
1495,145,64200850544
1496,10,46827506937
1497,5,85340957005
1498,10,36660367948
1499,109,95532895421
1500,426,160959406673
1501,161,114954519460
1502,427,147116747140
1503,108,173581498709
1504,106,112562197604
1505,10,81022736208
1506,369,92707052175
1507,0,180663524311
1508,121,125197505949
1508,0,125189397036
1509,187,144013055609
1510,105,61869391660
1511,23,78353441986
1512,33,108766171097
1513,0,128844795837
1514,428,160343460138
1515,23,128471076182
1516,39,75139545183
1517,0,128403315771
1518,156,57452679838
1519,13,77910045834
1520,23,20055539444
1521,29,144313559803
1522,429,137119541974
1523,10,170272513248
1524,8,116985382726
1525,155,70741107746
1526,98,142401027827
1527,4,108532515703
1528,70,74739754305
1529,10,42156683472
1530,5,121720126815
1531,193,138812794346
1532,10,59180588322
1533,0,141863213499
1534,303,177915524690
1535,50,131824185029
1536,4,134875336305
1537,0,127941643927
1538,129,144188513259
1539,39,73182970246
1540,0,81122286888
1541,0,72178952912
1542,1,81069229300
1542,13,71376942838
1542,10,68014230697
1543,430,151281826295
1544,81,124314187945
1545,0,108805846577
1546,241,144266848620
1547,8,112199462624
1548,129,162678721225
1549,10,102432651597
1550,10,141594823454
1551,431,186964435115
1552,432,138549793764
1553,5,150272669742
1554,8,131924330852
1555,10,106510759620
1556,257,132109443266
1557,64,86410227298
1558,433,114112587913
1559,57,131120745914
1560,111,139497353780
1561,211,130528628854
1562,193,149903837705
1563,434,167255695574
1564,10,71347039890
1565,261,165939071044
1566,187,86698041589
1567,109,112490339161
1568,435,156611863313
1569,314,151024413140
1569,112,65199940784
1570,10,59266653435
1571,97,155576313594
1572,436,178740010415
1572,437,178593110447
1572,438,178591351885
1573,255,166297363467
1574,10,88628530208
1575,439,112672974156
1576,162,94853305403
1577,0,141273129332
1578,57,121287631758
1579,422,94977093549
1580,125,93588534041
1581,65,71329600453
1582,10,121919655027
1583,10,74315643247
1584,146,54427989728
1585,10,33050515995
1586,10,166812488150
1587,16,76789928337
1588,18,126472527730
1589,112,77143141970
1589,39,77143080246
1589,0,77142993367
1590,44,114705632963
1591,342,158034719226
1592,4,123058107227
1593,53,113476761734
1594,0,112678958834
1595,440,175233934048
1596,257,95998083987
1597,441,123445695935
1598,2,171250224904
1599,96,127385583918
1600,0,161217169134
1601,296,128660412714
1602,442,167159068953
1603,0,81038325556
1604,0,79192719035
1605,83,158960939424
1606,352,175195715486
1607,39,86388485486
1608,443,146680065602
1609,10,124209326591
1610,45,87010500291
1611,444,120601924823
1612,280,119485073662
1612,10,45084497175
1613,10,55081863656
1614,15,102748883170
1615,104,186808676654
1616,50,124830872692
1617,240,123941638148
1618,60,151351564419
1619,8,109215265251
1620,13,53524404713
1621,10,157343038734
1622,83,162322818476
1623,445,139840113678
1624,10,86363231450
1625,446,155504427498
1626,447,122827402127
1627,202,128140139731
1628,47,112899859607
1629,109,129074667458
1630,10,138654969199
1631,0,152964470779
1632,53,63179890713
1633,0,129947516844
1634,10,66838881882
1634,10,66838881882
1635,10,107895486690
1636,145,81433273330
1637,16,34395656516
1638,16,33755566102
1639,10,121911176703
1640,23,15287520413
1641,23,28052045681
1642,348,108544395886
1643,329,177095783543
1644,4,84517839666
1645,64,141347511411
1646,10,93012788040
1647,222,87822244039
1648,14,78118008442
1648,39,70480198567
1649,1,88451542470
1650,10,93045903593
1651,4,116542029651
1652,156,83645328254
1653,29,81044390327
1654,321,126302263493
1655,448,111378337083
1656,449,193420107251
1657,39,126255513336
1658,10,118348731486
1659,65,84322978489
1660,128,53290061229
1661,202,109854149439
1662,0,140717414125
1663,264,124854389932
1663,450,124854064064
1664,390,126318840395
1665,4,120831598676
1666,67,77392900570
1667,199,104024553760
1668,0,96699046459
1669,29,159149922072
1670,128,78278253805
1671,53,80448581938
1672,23,18832748868
1673,376,147579599942
1674,4,140321788196
1675,224,80028045390
1676,10,136683604991
1677,262,127013447842
1678,22,95997281311
1679,112,109874239512
1680,10,123396653884
1681,23,8946960000
1682,45,96176709583
1683,5,119816899736
1684,158,71730446503
1685,53,139350954195
1686,71,115011540110
1687,121,109261660805
1688,257,119860707041
1689,8,156566521496
1690,422,107653823864
1691,88,122937787419
1692,451,156254450277
1693,141,53824970255
1694,149,121607775468
1695,8,116626317598
1696,6,115066524914
1697,10,106803301076
1698,87,91304225382
1699,1,120069658737
1700,369,79053871407
1701,149,118871835715
1702,0,132442411828
1703,8,109439161688
1704,10,49404715809
1705,0,160854871338
1706,383,119606175688
1707,104,117027356901
1708,155,60802490368
1709,23,30984708657
1710,147,92346582612
1711,29,103609152276
1712,87,60836957832
1713,74,107199901611
1714,170,134240212921
1715,452,179614864120
1716,22,117332582370
1716,453,116870835389
1716,10,112560158756
1717,156,76257412473
1718,53,97959452070
1719,133,165178712164
1719,133,165178712164
1720,10,66973261788
1721,57,166071979814
1722,10,30054754968
1723,83,158785076495
1724,102,65713181775
1725,57,76877427732
1726,63,127861979298
1727,10,61497462640
1728,10,43713798241
1729,1,111878083083
1730,454,173814468875
1731,105,66018087569
1732,29,85517556902
1733,0,76621449596
1734,370,118440920567
1735,38,87197414396
1736,455,134993540859
1737,94,159226821471
1738,29,81386131532
1739,102,74973710596
1740,10,134686081787
1741,1,111814633821
1742,274,161055728401
1743,102,90801450553
1744,43,136849968963
1745,83,158548096151
1745,192,137708165701
1746,69,145377154817
1747,69,122723358581
1748,29,135460260979
1749,2,149465023703
1750,257,132845632595
1751,84,124294847520
1752,10,122672407095
1753,456,132489118757
1753,457,120456049272
1754,257,136180282301
1755,23,48659275975
1756,10,95844445243
1757,321,113453149943
1758,16,88184537907
1759,23,76614114496
1760,187,188242257380
1761,2,111032595030
1762,33,90793189916
1763,158,114799047896
1763,458,114798951794
1764,335,157086531807
1765,158,138053080307
1766,33,108785630351
1767,2,121806651646
1768,0,116769662685
1769,0,116649478370
1770,10,66971330075
1771,112,110074917204
1772,199,79458835606
1773,53,123013278789
1774,459,136363135474
1775,10,111498306348
1776,10,57433078740
1777,32,104428004006
1778,460,92551138036
1779,460,108033195072
1780,240,129423139900
1781,315,126390073348
1782,10,54774254504
1783,10,68030682822
1784,155,60499703492
1785,10,122412762440
1786,461,159129775176
1787,8,128286386367
1788,23,15449033646
1789,10,62793781283
1790,20,34822999340
1791,146,185402663125
1792,23,36787465107
1793,64,161018030956
1794,20,9059139000
1795,2,137528795479
1796,1,133622934101
1797,10,118031178134
1798,30,180231419294
1799,58,165836929662
1800,462,170679599775
1800,102,74389213877
1801,10,91777104968
1801,13,60926986946
1802,33,117218860087
1803,10,96516838539
1804,463,170016002973
1805,83,157530070085
1806,10,110898332418
1807,255,164684080766
1808,464,181332126973
1809,105,53454965072
1810,11,86558098682
1811,71,114543014488
1812,10,60749138915
1813,102,63760840217
1814,0,141533818755
1815,23,36177011662
1816,70,47859826916
1817,94,134588670708
1818,109,81565582769
1819,0,79808311665
1820,39,92859341596
1820,193,92855056510
1821,112,109630517185
1822,83,166802524961
1823,23,44880690080
1824,1,123130011696
1825,465,179422181743
1826,10,61772433274
1827,165,192324832190
1828,106,60547317316
1829,23,37634113913
1830,74,113411534372
1831,466,123380209133
1832,43,143831693056
1833,384,156044459493
1834,360,139162973260
1835,4,124927061872
1836,467,191548250658
1837,468,109496078643
1837,10,106446364814
1838,342,154819781850
1839,53,87330593199
1840,53,161231135959
1841,469,165176798265
1842,470,187091228691
1843,179,142222814027
1844,70,53032274997
1845,1,120100679784
1846,29,71884454597
1847,94,154340650173
1848,10,27429061441
1849,20,78158010874
1850,162,72133351608
1851,4,72976734752
1852,471,158364751521
1853,33,121533414002
1854,472,180881642919
1855,87,62112452842
1856,82,110219358022
1857,20,57008217523
1858,257,108666502238
1859,102,79649332105
1860,83,168211044529
1861,473,117580604629
1862,10,93589391906
1863,104,126727360479
1864,39,152234650521
1865,102,62042922465
1866,18,123968522326
1867,56,87572687573
1868,8,111956117318
1869,10,134070713147
1870,155,53290241189
1871,193,176524487161
1872,0,55056602516
1873,65,64178101732
1874,69,163305478442
1874,0,141278584992
1875,333,177302742014
1876,25,159310424418
1877,121,112032326296
1878,474,79132962589
1879,102,74301395369
1880,10,188361323176
1881,475,186890618087
1881,303,186800361494
1881,304,186799964009
1882,128,107443578322
1882,87,107443541866
1883,476,113576385107
1884,332,184443941792
1884,333,180029297579
1884,105,74743337282
1885,10,74991881911
1886,177,119340960001
1887,16,46275564504
1888,0,140827113190
1889,111,106093312251
1890,10,59097673027
1890,171,58379251636
1890,128,53321240088
1891,63,110508737799
1892,162,71353447005
1893,30,187285372415
1894,47,165676841172
1895,83,150076581812
1896,0,133057699103
1897,10,129503647088
1898,10,116350988505
1899,10,80620924806
1900,53,116446271400
1901,34,157923700046
1902,10,143842857085
1903,102,55139718317
1904,477,192476412821
1904,478,192475899378
1905,5,84128546867
1906,315,90509840555
1907,411,130343639912
1908,15,52091555926
1909,0,123100910337
1910,53,113155410508
1911,126,141107125956
1912,8,111532539296
1913,43,133914392617
1914,39,167748325900
1915,10,182124773800
1916,2,132273210835
1917,479,138473337385
1918,480,151308909791
1919,10,107623586157
1920,2,83109262119
1921,81,110656948038
1922,10,116169625587
1923,13,78857435016
1924,481,167202367591
1925,129,180291982366
1926,66,92539801089
1927,482,133132025128
1928,172,127565978284
1928,0,81390629781
1929,39,127252910196
1930,10,48081318953
1931,11,102369849545
1932,283,152901194268
1933,10,34956458885
1933,10,34956458885
1934,58,87033268026
1934,1,81383058675
1934,10,62448318142
1935,483,114088471012
1936,484,179861853567
1937,187,169235455472
1938,115,126385422563
1939,485,144543922092
1940,182,174789579080
1941,486,139968558874
1942,487,161397638461
1943,488,132431162145
1944,16,92354690972
1945,83,140324951255
1946,145,121538106314
1947,158,59276329551
1948,0,87490137578
1949,144,120016174788
1950,10,127232491518
1951,489,149104468565
1952,10,60373715045
1952,223,60371103316
1953,490,125093810260
1954,385,181779604821
1954,33,93585927432
1954,156,92721908515
1955,23,17081339748
1956,10,64617217483
1957,10,44154113083
1958,156,59254476395
1959,37,127062282848
1960,192,84206843923
1961,2,83800361404
1962,491,185916721301
1963,113,166746759073
1964,57,72998701538
1965,128,95877615851
1966,10,111540938401
1967,37,92285669559
1968,492,171639505157
1969,1,133615568558
1970,493,152249490479
1971,194,105571045476
1972,178,160249189337
1973,56,122246742558
1974,121,148578338831
1975,142,116651791491
1976,10,78101794375
1977,126,131084342532
1977,112,131084254336
1978,77,64271960156
1979,5,147636719760
1980,494,59775592827
1981,240,115146127755
1981,1,94105613909
1982,3,164239779151
1983,10,141275243947
1984,83,139005869916
1985,246,122741561892
1986,74,136247641419
1987,106,114470294076
1987,105,85285619710
1987,162,67385428026
1988,3,148002376189
1989,87,68347332661
1990,23,37562693437
1991,130,58846862852
1992,10,94566286403
1993,406,124384981947
1994,130,53212384040
1995,299,188488815774
1996,162,56156153172
1997,10,83342352016
1998,140,108790429693
1999,495,101668102887
2000,11,134417564049
2001,18,86895725490
2002,109,95268833067
2003,10,111447110780
2004,496,137632838522
2005,115,130128915118
2006,35,169339910928
2007,11,80930778838
2008,20,19945593185
2009,187,190428895194
2010,57,124496099614
2011,0,56670487008
2012,187,126210475308
2013,23,4190117000
2014,126,143097038310
2015,102,126736064012
2016,1,128811534790
2017,162,71974755907
2018,246,131974207138
2019,71,61738515670
2020,128,124648677335
2021,10,136257149780
2022,84,95465752043
2023,0,131668905854
2024,149,119400414485
2025,10,60204135648
2026,23,82771086966
2027,155,69603300062
2028,56,120342116639
2029,53,121916925374
2030,22,135402464996
2030,274,135402330119
2031,39,70417367543
2032,300,122996241116
2033,46,97167494388
2033,58,97167263004
2034,200,134937034775
2035,16,23161479850
2036,64,64279070885
2036,497,64279008540
2037,4,74339890693
2038,15,87104160573
2039,11,50900689428
2040,39,131152945300
2041,83,141585420006
2042,39,96289258000
2043,198,131086898799
2044,10,78086947608
2045,105,69703861257
2046,383,155154046406
2047,359,118090134800
2048,2,89655368378
2049,67,97613637663
2050,10,63258609396
2051,29,66511101267
2052,5,155284852678
2053,121,163900813249
2054,498,167106084558
2055,146,144417588109
2056,10,26019363555
2057,242,121718870484
2058,193,109137782053
2059,499,106440273836
2060,215,125617317438
2061,121,112051795227
2062,10,44300146984
2063,8,111668572795
2063,74,90745147847
2064,8,119679728112
2065,8,112419736170
2066,18,95995248704
2067,20,72393015862
2068,1,128811888506
2069,20,61166516790
2070,23,60580855180
2071,23,10949373000
2072,129,187531241740
2073,39,129561591889
2074,23,37986484703
2075,1,127012971589
2076,193,105540206227
2077,106,67103338313
2078,10,42834759059
2079,70,47599648629
2080,54,86051755344
2081,0,56311700592
2082,53,93558728097
2083,22,112718121787
2083,10,89587770861
2084,53,86885051878
2085,29,94690041304
2086,10,82302184807
2087,58,110215227097
2088,143,67200143489
2089,65,66404790910
2090,500,123693692396
2091,155,51372616569
2092,501,140798742427
2093,502,152299891843
2094,141,50200166601
2095,0,141324519020
2096,10,133379830892
2097,489,150096851491
2098,53,169038530371
2099,503,147042896054
2100,23,15601159574
2101,53,96574889823
2102,8,111981560090
2103,159,144775194647
2104,257,90692370176
2105,240,109474405495
2106,83,141241768094
2107,359,124842812626
2108,8,143080153274
2109,8,104627755345
2110,8,143055484314
2110,115,142278186916
2111,10,116127879954
2112,138,122928323544
2113,322,80191819007
2114,127,120338010042
2115,262,131886194267
2116,0,70987582463
2117,16,15965433546
2118,23,38927579060
2119,504,127272590484
2120,505,169401163742
2121,8,112131838282
2122,10,44981737495
2123,153,159979734873
2124,192,114536498542
2125,11,68826224152
2126,506,139233556786
2127,82,162564950693
2128,23,13348787093
2129,104,131487354515
2129,257,94075576356
2130,507,115060334476
2131,87,51909157119
2132,23,96144034904
2133,508,157292600518
2134,141,63227393405
2135,10,127938799754
2136,509,132290366396
2137,262,166589763045
2138,23,78920422583
2139,20,66525692791
2140,322,124173943047
2141,44,168117625464
2141,490,166831303563
2141,84,125968397988
2142,510,166924985377
2143,10,34645346527
2144,43,114881934069
2145,134,120874564111
2146,257,135219212251
2147,13,81148362028
2148,58,116305494427
2149,8,158696549460
2150,23,935261000
2151,511,164874353529
2152,10,48050334544
2153,1,88401710350
2154,16,44929527030
2155,5,122961751189
2156,193,114204899810
2157,23,55565890853
2158,10,70859492879
2159,155,83796683806
2160,489,173682756833
2161,10,59677141842
2162,26,131150226833
2163,10,108519289474
2164,185,170202508850
2165,29,120946467915
2166,178,169580560913
2167,458,138904932260
2168,16,53815997717
2169,257,125352642560
2170,512,112824848282
2171,23,45497608240
2172,67,76460158460
2173,23,59712003914
2174,10,90979660137
2175,16,3281442000
2176,191,65047985196
2177,10,109727240191
2178,16,16149184792
2179,18,116282402663
2180,193,181134286199
2181,23,15595068213
2182,23,26952051364
2183,20,41970296897
2184,63,101966654416
2185,513,134907121546
2186,5,124225203751
2187,8,108744073912
2188,10,152465559591
2189,514,173304679458
2190,338,134418204666
2191,52,93919529215
2192,102,49569748023
2193,202,107821459072
2194,162,66659526941
2195,177,134935243027
2196,504,135108112969
2197,10,78380587295
2198,5,129268162808
2199,101,136970602575
2200,257,92120109632
2201,81,97051024078
2202,64,71581733715
2203,10,192052052963
2204,29,82925104228
2205,227,162570172845
2206,0,81267449485
2207,130,72145710311
2208,10,52966628683
2209,478,187488977582
2210,16,60661610102
2211,16,15974243025
2212,413,108522065113
2213,10,26343042183
2214,77,60807267946
2215,193,87337274155
2216,16,17522310902
2217,5,159200367687
2218,13,65563931053
2219,16,12568724322
2220,256,121550790794
2221,1,116366947701
2221,10,112139847140
2222,2,162135318347
2223,2,149311068728
2224,420,108136395291
2225,156,144433867665
2226,515,152063345079
2227,51,172085691371
2228,8,139291564750
2229,16,93155929746
2230,347,116643393556
2231,87,92287478130
2232,4,113688118671
2233,26,118430382558
2234,70,51122684012
2235,16,699558000
2236,0,90835705506
2237,10,90733444860
2238,516,51985888502
2239,517,134844753450
2240,79,103548860897
2240,79,103548860897
2241,45,92687517569
2242,10,163988676522
2243,370,122670565143
2244,458,122933068359
2245,112,177012084427
2246,0,169155588260
2247,0,125825560788
2248,301,137126558340
2249,15,61838634075
2249,10,32226165541
2250,53,104471273209
2251,135,147892845075
2252,0,53839392240
2253,227,128204394207
2254,142,125127981530
2255,155,49272309862
2256,16,14000376570
2257,0,145502041670
2258,370,116960368980
2259,139,67631527170
2260,518,129138988994
2261,125,114027763406
2262,175,131190839588
2263,10,40005311637
2264,227,95309233776
2265,45,84738896253
2266,10,40077702929
2267,61,135149118546
2268,519,147847284435
2269,236,159559624258
2269,520,151871745853
2269,521,135629471938
2270,53,61523368137
2271,315,120328715006
2272,149,125106788987
2273,10,118011976522
2274,28,134328044893
2274,274,121453327218
2274,286,121452864216
2275,143,77645355820
2276,87,56117432390
2277,126,93446172421
2278,10,53450034426
2279,30,130598374181
2280,50,194055824943
2281,106,55239386237
2282,0,116646258292
2283,498,168895073409
2284,131,90444205861
2285,175,163630600431
2286,10,75441528723
2287,522,127855430999
2288,192,118045415608
2289,162,66660862633
2290,10,93426779276
2291,33,97180949580
2292,0,121707576222
2293,106,64010008876
2294,23,8531289000
2295,10,113554206590
2296,83,153873123533
2297,146,69789793807
2298,439,91315955718
2299,121,131316836900
2300,39,63407712727
2301,10,188961782112
2302,156,57292534092
2303,523,153518186015
2304,0,83289957507
2305,16,92907726753
2306,524,104758142879
2307,10,76342940023
2308,525,66163808035
2309,39,69121791286
2309,187,69121456174
2310,128,148670843883
2311,230,155399039640
2311,526,155398963252
2311,138,117062143179
2312,494,169220960990
2313,10,94487002454
2314,234,61165343401
2315,54,141093558948
2316,10,109429351537
2317,404,126315193699
2318,253,153533752797
2319,155,48433933127
2320,8,109204060023
2321,16,77122872753
2322,425,138859629976
2323,16,8886977000
2324,527,170114408294
2325,58,172937097133
2326,10,103484396584
2327,4,73969967971
2328,177,118524021593
2329,155,53720050304
2330,10,43649588107
2331,39,132421148095
2332,52,93040626371
2333,528,158454365642
2334,5,80836417530
2335,529,149284834297
2336,93,56419386475
2337,155,66929764225
2338,495,103143822699
2339,47,94738692930
2340,427,161486224420
2341,20,86378670555
2342,88,115229476126
2343,10,131588888135
2344,377,135666477167
2345,83,143224098857
2346,155,58747974538
2347,10,168316001026
2348,82,121651853937
2349,304,182660404194
2349,155,106577661925
2350,64,137788693431
2351,65,73855910398
2352,0,141248222970
2353,8,127417023655
2354,33,124568084021
2355,5,137478639294
2356,0,61059297913
2357,416,133876426020
2358,130,50272294685
2359,204,86758845624
2360,128,53459132482
2361,126,145756452813
2362,219,153547443962
2363,50,137646769537
2364,10,70947492459
2365,71,142654767078
2366,0,103519462499
2367,50,157283629575
2367,10,157049849333
2367,22,147719348754
2368,8,97170026282
2369,381,103573157997
2370,530,118014534157
2371,458,109189171204
2372,217,83457134238
2373,5,151973088779
2374,49,70231099165
2375,0,86398606770
2376,189,131035662573
2376,119,116533409151
2377,202,112478826153
2378,93,60281052596
2379,10,85331405829
2380,531,193889173454
2381,13,63414547183
2382,20,92798029719
2383,33,88310039054
2384,10,119250036577
2385,10,90883954605
2386,10,67983453374
2387,366,115638015692
2388,0,60561220956
2389,29,183852440549
2390,105,48360108574
2391,102,50563729573
2392,83,141503530109
2393,1,115591145647
2393,10,66770163299
2394,257,92967815789
2395,87,73150593403
2396,71,76361931225
2397,8,140549536655
2398,341,114608856820
2399,129,175708642967
2400,532,75147474617
2401,260,52100265438
2402,16,75781196410
2403,145,157584257980
2404,2,144732665762
2405,10,36519292163
2406,221,120420677049
2407,436,157132492481
2408,190,135895405892
2409,300,133446965400
2410,22,113082567699
2411,336,123722079578
2412,4,144827468984
2413,10,93756285743
2414,143,140800921806
2415,533,106430567081
2416,534,133369790571
2417,317,172949856225
2418,2,121635435028
2419,192,122852317262
2419,74,120101113819
2419,347,120101000978
2420,112,125121719877
2421,14,162890733980
2421,535,162890304761
2421,317,162890047487
2421,129,162889712670
2422,23,18055956428
2423,296,108338872133
2424,10,172698881580
2425,10,109039653284
2426,0,123784033309
2427,10,179786243354
2428,29,85383052953
2429,264,110913485520
2430,399,180150868629
2431,239,46915886589
2431,239,46915886589
2432,114,80858334627
2433,536,113277324055
2434,10,67981036573
2435,537,111466779998
2436,331,158366517265
2437,2,121662575656
2438,10,122694487307
2439,212,179013126385
2440,538,123380997140
2441,0,172792859825
2442,23,49755097203
2443,211,178421859502
2444,444,121631417599
2445,16,51138440948
2446,10,35897948431
2447,94,134394681118
2448,269,166499189193
2449,10,141250739368
2450,539,140888064326
2451,187,112664430200
2452,126,108521391533
2453,10,134175044377
2453,540,121742830934
2454,39,107232285294
2455,10,103486789378
2456,209,147276799183
2457,541,79198001035
2458,256,144527818182
2459,200,127939627103
2460,84,133747275135
2461,162,72046058541
2462,0,139855468234
2463,39,124821991639
2464,112,106841445277
2465,20,74285308765
2466,451,187843968106
2466,317,170219719880
2467,23,55719000
2468,23,15132358376
2469,83,174450276393
2469,499,158378136997
2470,10,19684017416
2471,10,122339807562
2472,10,77043950601
2473,64,121833959125
2474,126,96414317088
2475,10,161289738810
2476,65,81529028859
2477,10,153303231611
2478,33,127383967210
2479,83,193293931189
2480,10,37637561688
2481,10,41462216748
2482,39,106716889446
2483,462,176475813570
2484,10,131143883717
2485,22,120705405170
2486,0,148867980233
2487,106,82366267848
2488,10,64729027640
2489,4,131850766195
2490,542,162440142551
2491,10,122393185961
2492,10,70665582442
2493,49,63245018801
2494,543,193841422247
2495,38,120272097932
2496,139,62504718640
2497,5,143669705977
2498,257,156736767578
2499,10,19370842807
2500,20,59705369583
2501,544,183405286029
2502,10,80741090200
2503,106,67906334493
2504,47,83529689401
2505,4,96678490132
2506,71,80597647244
2507,34,111876594567
2508,143,80164105977
2509,109,95209851249
2509,545,95209798629
2510,208,184614444963
2511,125,115480043160
2512,5,162142039656
2513,192,110319873810
2514,5,113262628697
2515,23,58899984437
2516,14,58995547959
2517,10,80262147270
2518,10,106741297774
2519,10,164103705111
2520,238,158576345834
2521,10,76872892116
2521,13,76872533545
2521,146,48222957993
2522,102,65069999638
2523,29,84480943521
2524,155,107911919681
2525,385,179954157112
2526,155,56830852290
2527,33,116996948032
2528,214,162345843714
2529,38,111519661282
2530,10,53277189051
2531,0,125174330680
2532,0,55621450227
2533,246,182147969123
2534,546,123157044003
2534,8,123156629428
2535,156,88414192926
2536,0,82240284460
2537,0,131440804020
2538,29,112843717417
2539,227,114070275380
2540,49,93742036015
2541,264,117913418018
2541,257,117685872974
2542,193,133305125293
2543,156,83790887767
2544,83,139419456139
2545,116,157465474793
2546,539,171483275067
2547,146,48968205684
2548,2,117624742191
2549,2,139244092369
2550,504,140189834090
2550,10,92845522685
2551,53,176164329440
2552,10,113309539982
2553,10,131770650696
2554,377,140903866280
2555,10,157357100169
2556,104,90732720748
2557,526,153155941313
2558,209,117912567684
2559,156,93877300620
2560,411,118183808194
2561,53,93008896019
2562,155,69126827101
2563,279,155698750940
2564,39,146377888388
2565,10,120193561987
2566,547,55083786000
2567,548,135990606510
2568,365,155359982691
2568,227,117667050263
2569,257,91910502421
2570,23,81166684382
2571,23,55414845335
2572,163,179504633504
2573,43,138957830764
2574,0,90798767118
2575,109,106674048330
2576,3,106105683766
2577,185,173572802793
2578,29,84471430745
2579,5,103830355646
2580,153,151878352728
2580,153,151878352728
2581,111,95722382230
2582,107,178370703681
2583,112,73652214844
2584,20,45818315398
2585,128,137883683124
2586,102,69788235969
2587,43,117059577653
2588,416,130701477724
2589,5,109645688034
2590,192,120545614667
2591,321,97469730459
2592,362,127951304191
2593,242,110843485484
2594,549,109196119667
2595,262,136223897348
2595,417,105410035079
2595,94,94177245152
2596,2,156659521043
2597,346,176673086858
2598,10,109194937409
2599,138,131932062596
2600,77,67460659524
2601,53,59185201495
2602,29,169138585474
2603,0,64967878257
2604,158,116792751624
2605,11,86481758453
2606,39,131945834018
2606,260,131945720634
2606,120,131941125119
2607,11,145901251416
2608,147,130975892645
2609,129,144252702351
2610,257,119462543864
2611,518,118294771795
2612,0,129416097344
2613,23,37679097785
2614,109,154883643361
2615,550,191800513455
2616,551,124172814441
2617,20,3482580000
2618,74,167654698014
2619,552,86141797552
2620,192,116922245564
2621,106,61959530164
2622,143,64366940474
2623,8,111952300383
2624,10,17456225480
2625,257,137625450169
2626,10,188246346936
2627,58,133021930290
2628,10,93301609787
2629,217,95963361883
2630,187,110095398032
2631,69,162937576541
2632,141,66420828693
2633,0,118120302087
2634,438,177470918753
2634,128,69453694047
2635,85,62884804964
2636,47,90346805634
2637,296,131769090537
2637,290,131768765505
2637,296,131769090537
2637,290,131768765505
2638,20,8530262000
2639,10,48883568622
2640,88,124655242066
2641,128,55299914903
2642,553,133126179090
2643,126,111214723002
2644,155,53063001454
2645,0,61091713295
2646,202,163825381639
2646,542,161402359817
2647,20,91684076897
2648,0,67635614154
2649,30,129164513456
2650,554,156813007504
2651,193,114712703755
2652,555,144895859063
2653,556,167680840978
2654,155,50202591349
2655,68,141392534351
2656,557,175619555629
2657,558,191044349224
2658,336,106599720722
2659,403,85515083152
2660,30,183420140699
2661,269,176585191919
2662,54,140647080377
2662,310,110412799975
2662,106,107642095126
2663,24,72160741261
2664,126,83041073517
2665,0,92015822661
2666,10,46673951907
2667,308,63318324168
2668,39,122928071568
2669,113,73831714729
2670,20,79666367049
2671,71,117567957967
2671,120,115155418681
2671,39,115155227423
2672,33,131486764052
2673,559,141178806983
2674,67,101923006869
2675,376,123965774055
2676,0,140900074920
2677,50,147620615562
2678,39,91093628210
2679,11,123530519946
2680,94,120704334545
2680,10,36096636285
2681,74,84317312645
2682,141,63479530718
2682,39,58636346253
2683,560,158445187283
2684,14,80958215887
2685,33,94276051690
2686,156,136902723193
2687,510,177766821842
2688,1,81520188916
2689,2,103091105653
2690,561,123820235629
2691,192,115364336742
2692,10,70197603160
2693,356,166765289957
2694,126,166371987257
2695,10,93416288014
2696,141,53626365708
2697,0,61441778187
2698,16,38704913574
2699,0,104978880883
2700,10,33849567847
2701,16,71946310297
2702,10,143924532068
2703,23,45074740635
2704,4,83784248512
2705,10,112228068322
2706,562,165552134904
2707,23,41599076117
2708,227,124998449553
2709,98,84135633127
2710,10,63895812288
2711,65,64355096394
2712,563,141591037014
2713,88,120326061417
2714,23,58564862806
2715,0,124310455095
2716,0,76847714357
2717,564,174767393098
2718,43,122497617621
2719,306,157327158809
2720,0,82008348086
2720,67,82008170861
2721,126,141668558962
2722,10,55053544263
2723,0,81968762686
2724,0,111465773778
2725,565,151799045242
2726,5,149379917863
2727,566,63072530707
2728,158,112849475935
2729,11,80800172989
2730,10,42738902333
2731,2,126225469524
2732,29,125130996092
2733,8,164581554601
2734,10,124342297521
2735,11,65038319059
2736,53,73796527302
2737,187,153946028464
2738,10,92356212929
2739,335,155949568695
2739,105,85433068690
2740,181,154158465658
2741,4,118867148723
2742,11,116689775805
2743,512,120427774874
2744,4,72153093097
2745,15,58934162618
2746,18,123947152204
2747,126,110569802061
2748,5,82843716790
2749,152,158627766337
2750,369,62189165231
2751,155,64512372549
2752,20,62857750759
2753,7,132433774517
2754,567,169421698172
2754,112,93819974166
2754,74,79147387566
2754,10,39238646083
2755,227,159365892475
2756,33,88555894621
2757,83,176181128563
2758,45,84549844782
2759,25,116372306966
2760,257,156380955099
2760,518,130790551714
2761,366,130666428020
2762,490,176394120998
2763,39,103211652871
2763,141,102695919166
2764,199,128709694059
2765,44,92860557479
2766,109,128296671641
2767,568,143043319653
2768,0,61935092985
2769,555,168038899512
2770,564,113010790652
2771,10,35989098505
2772,106,71612946894
2773,569,187709730930
2774,413,106995725755
2775,33,106160645257
2776,145,91487981985
2777,356,156980670592
2778,83,143732129502
2779,10,118519723812
2780,10,73273728348
2781,10,129974531712
2782,29,93704865542
2783,241,170806471964
2784,10,64113921403
2785,68,146332337440
2786,289,135886045604
2787,10,142488580990
2788,411,140803428130
2789,10,109769996377
2790,157,116358140907
2791,39,109473107421
2792,0,69207153217
2793,570,167329680929
2794,523,152907604320
2795,47,84313361109
2796,10,54828021295
2797,70,61324802520
2798,571,111447997329
2799,43,120888652299
2800,2,83668840718
2800,10,48870783075
2801,178,140640919992
2802,102,75901125417
2803,20,32075919321
2804,10,63495811479
2805,155,50542905347
2806,128,68957160846
2807,10,53295436802
2808,10,85240968424
2809,10,50252915001
2810,321,119194714764
2811,39,105201994661
2812,38,143510095894
2813,0,130645953780
2814,10,116635342158
2815,192,155517647979
2816,572,190543433055
2816,155,189074267396
2817,3,142292618596
2818,43,109629119844
2818,18,90602747779
2819,10,78877826986
2820,5,87453653339
2821,0,82769443222
2822,16,109204865564
2823,416,114804588309
2824,158,113503854538
2825,10,89733829392
2826,573,182661758345
2827,132,165190443539
2828,109,81789651722
2829,3,138992324344
2830,512,159757033710
2831,257,132778020015
2832,10,45657545799
2833,125,114464283525
2834,143,65643195854
2835,10,111804074706
2836,39,123193236104
2837,20,17109925730
2838,20,38095805694
2839,102,53568933418
2840,316,157768914963
2841,240,139279910418
2842,10,72650437723
2843,411,139949592812
2844,39,77340491565
2845,70,132988186865
2846,106,136586056115
2847,574,148497774883
2848,13,97557648481
2849,16,42775132930
2850,217,113002636429
2851,79,134972724280
2852,269,150127049947
2853,322,112807015025
2853,16,42820399508
2854,178,190142003318
2855,10,31540851723
2856,209,93805603326
2857,155,49520283429
2858,16,42951945740
2859,146,54412941361
2860,16,33663458321
2861,156,59477358728
2862,23,27474013697
2863,155,50515973100
2864,20,95932640485
2865,112,69612400320
2866,575,126585356163
2867,0,126473060033
2868,29,109666915308
2869,164,133734466178
2870,39,84930912157
2871,83,159237878927
2872,3,103314836699
2873,125,88902498599
2874,20,15910448366
2875,86,168780336671
2876,112,110866246868
2877,16,23508949240
2878,29,80581867890
2879,77,87797665594
2880,23,17549969131
2881,17,104738341292
2882,30,140572155624
2883,0,132316368414
2884,43,116681703638
2885,0,80648309444
2886,576,123275388062
2886,128,122409689399
2887,244,145753792225
2888,1,134772367376
2889,10,136792130553
2890,18,176502085671
2890,18,176502085671
2891,53,52654801732
2892,112,110140854549
2893,239,56392965902
2894,577,98020102807
2895,325,91567205340
2896,128,59867458861
2897,102,58801535424
2898,256,121048292452
2899,47,85383535609
2900,200,119178955638
2901,0,108360498453
2902,0,80968834880
2903,5,153954386305
2904,109,120190760180
2904,43,120190709448
2905,29,137004954319
2906,127,123797031049
2907,105,49591259803
2908,578,181063354779
2909,126,160184838587
2910,0,180833038307
2911,175,92969926908
2912,10,43518087403
2913,16,1051244000
2914,16,1717342000
2915,579,74722005099
2916,16,67017688703
2917,16,28252145081
2918,16,46192269619
2919,16,85634958891
2920,16,37058782915
2921,16,88832948638
2921,242,88832600462
2922,20,61705509327
2923,16,46558346503
2924,129,192738275806
2925,16,42065779885
2926,16,8622585000
2927,16,76831092827
2928,16,44660986393
2929,16,77896844168
2930,16,17788953284
2931,16,129082327919
2932,16,90755290672
2933,16,74910880976
2934,16,59849543966
2935,16,73503313099
2936,16,17184363505
2937,16,5791918000
2938,8,123001170797
2939,16,15646547211
2940,16,88713539830
2941,16,83522289888
2942,16,78927609251
2943,16,15873373505
2944,23,15191706548
2945,23,87261320355
2946,16,35166325201
2947,20,49753031810
2948,16,89865426949
2949,16,40829106736
2950,16,22952291171
2951,16,86907739607
2952,16,46043385631
2953,10,90903986686
2954,435,165947302972
2955,32,80147535423
2956,580,132331121648
2957,7,127861812218
2958,0,57864200233
2959,122,129855206050
2960,39,72281695200
2961,257,188617960465
2962,5,103766555286
2962,49,86374781193
2963,152,118398034466
2964,257,152292550520
2965,70,54187142985
2966,45,81879288644
2967,402,175731384192
2968,105,66612150672
2969,70,111703825783
2970,161,89326210820
2971,294,168836334473
2972,43,143317577812
2973,83,176242176253
2974,581,140642909254
2975,202,192245114390
2976,205,121622986311
2977,5,121722346416
2978,83,145145428676
2979,11,116647414656
2980,555,137347872472
2981,202,123800366304
2982,130,55210124904
2983,143,74910079528
2984,353,168876057729
2985,1,131089506554
2986,23,27319979015
2987,524,94623303535
2988,539,121037475857
2989,10,120439016202
2990,443,161394316679
2991,10,51668306251
2992,580,149431805933
2993,582,138104803792
2994,242,111262842162
2995,435,165795591679
2996,300,137991874536
2997,583,160359205328
2998,70,49126427619
2999,130,58764717585
3000,0,163825379418
3001,202,131063322571
3002,22,127067448109
3003,10,49656377327
3004,39,60794061069
3005,130,50386222112
3006,511,143311448461
3007,242,153343538783
3008,155,94364205131
3009,5,140044843042
3010,159,127409586200
3011,193,131328855387
3012,94,150563358029
3013,285,166831577174
3013,214,161041652989
3014,0,56269695540
3015,584,116701840374
3016,264,132334128728
3017,227,119892868560
3018,81,108178808913
3019,23,36349063979
3020,102,69436546443
3021,511,133217137550
3021,193,133216898721
3022,39,69613034146
3023,198,140375837216
3024,84,130398387326
3025,11,80426664584
3026,8,113429252813
3027,0,72069826715
3028,139,57176842445
3029,224,103741154849
3030,16,12612618260
3031,38,124742551569
3032,71,143748534144
3033,317,160597275030
3034,20,770436000
3035,102,53014804072
3036,11,81720888551
3037,30,112650358463
3038,585,192784751599
3039,129,162928605474
3040,10,53441800068
3041,240,157234597265
3041,240,157234597265
3042,586,110341315353
3043,10,113122143675
3044,587,149182726480
3045,10,106692363954
3046,39,95795661208
3047,10,64706853190
3048,297,137804051582
3049,4,105660118246
3050,2,123874224382
3051,10,119899969905
3052,0,102435356077
3053,588,127550670798
3054,57,125089536680
3055,8,106890649416
3056,261,137531602657
3057,5,81539099119
3057,64,78080030030
3058,10,60582136472
3059,23,50550442370
3060,334,174028078831
3061,458,123445744184
3062,82,122167483745
3063,10,96142908224
3064,4,102371268824
3065,20,60806040792
3066,353,164845453713
3067,39,83976723064
3068,57,172642268048
3069,224,140557453856
3070,0,92961241458
3070,143,65301109894
3071,67,72811841368
3072,98,142916742497
3073,223,109633800406
3074,33,86473089390
3075,240,125951544541
3076,114,143807663648
3077,589,135742167744
3078,10,62817746974
3079,0,81453533336
3080,366,86491438323
3081,590,72026494078
3082,2,95973403392
3083,161,162177833515
3084,0,59711380147
3085,10,137112492998
3086,4,72219409223
3087,178,164672572808
3088,0,92230898855
3089,389,192664138319
3090,390,127247020671
3091,121,110072756350
3092,39,60115578992
3093,83,149991911648
3094,43,111972452835
3095,246,135002343430
3095,10,123353029956
3096,178,143424132702
3097,4,97278951169
3098,11,138722701867
3099,11,179901354196
3100,11,132528569864
3101,10,53577579913
3102,130,147250086060
3103,93,81739388333
3104,547,60547763839
3105,591,174423309150
3106,70,59215816485
3107,10,109721405387
3108,45,113855703926
3109,4,106798439487
3110,202,109226305571
3111,592,174662575101
3112,33,163388804251
3113,193,122022661866
3114,10,112659211615
3115,10,113310509745
3116,293,134423957688
3117,2,122785606561
3118,10,50588163369
3119,296,176112795233
3119,22,140554299163
3120,10,148314308144
3121,8,127871351813
3122,0,60641896570
3123,10,93209576113
3124,11,123694835195
3125,8,90689176650
3126,0,179593598080
3127,126,129415796124
3128,155,133295755589
3129,0,109096789366
3130,67,102382220737
3131,593,168662679926
3131,594,163276142929
3132,595,152830664743
3133,10,67058239761
3134,0,94184747825
3135,10,107228998065
3135,274,94421233284
3136,10,107229542030
3137,596,142140286419
3137,177,142140121016
3137,476,136924358351
3138,156,173984487236
3138,30,170186511648
3139,184,159396140065
3140,49,138591200594
3141,8,130347627511
3142,270,128228017800
3143,3,71792310292
3144,10,65414750177
3145,146,54378859832
3146,13,57474300397
3147,0,70895311033
3148,67,93090247982
3149,0,81489810631
3150,0,94978675855
3151,10,76001227286
3151,10,76001227286
3152,70,56836457890
3153,187,76700255452
3154,11,81561461427
3155,43,147748319635
3156,10,50278826931
3157,197,128721387146
3158,8,140395656380
3159,246,151202683880
3160,145,130712742027
3161,175,103750114378
3162,217,81112577200
3163,0,128390001999
3164,74,89144638890
3165,257,95393992744
3166,10,46738053056
3167,187,122442398522
3168,446,113238377037
3169,597,111860536912
3170,50,157423334062
3171,10,34525020059
3172,104,108743225655
3173,4,88747266711
3174,39,137627585300
3175,190,123794980234
3176,10,45122476912
3177,361,174743981161
3177,330,169588028419
3178,227,168993653034
3179,5,137096749646
3180,558,192412980707
3181,10,80371675227
3182,14,49077761361
3183,124,136574839627
3184,257,128032898855
3185,8,142472650145
3186,109,82053537995
3187,10,151795972894
3188,83,139021793837
3189,422,104971811435
3190,74,116894147982
3191,0,116364888875
3192,65,71140307083
3193,32,130743224838
3194,416,122325428970
3195,23,72773271912
3196,16,30196562818
3197,16,52007521104
3198,410,144820466315
3199,10,82521340294
3200,126,145641640515
3201,10,50009957581
3202,193,92115796772
3203,5,121649069516
3204,11,93314177197
3205,204,168834429417
3206,10,26851362190
3207,155,74010395065
3208,23,64871107878
3209,23,27197721928
3210,186,192347650938
3211,16,8169009000
3212,408,114217592707
3213,598,158789924127
3214,167,133814987904
3215,29,106622808895
3216,10,180411430809
3217,599,171692496563
3218,156,161292540094
3219,363,161385669514
3220,257,108859159177
3221,23,103239047076
3222,595,109761810719
3223,0,125951246455
3224,63,136747485248
3224,63,136747485248
3224,63,136747485248
3224,63,136747485248
3225,192,102291963116
3226,23,18764409848
3227,1,128347197874
3228,97,109637813847
3229,600,124413783194
3230,155,58404865339
3231,71,101856775032
3232,2,93236762034
3233,29,113315116163
3234,192,129677440567
3235,10,115156319573
3236,145,127938034456
3237,47,95040738302
3238,125,88905199587
3239,601,144680483646
3240,83,191075523792
3241,1,107354334443
3242,341,166108328962
3243,0,84158921414
3244,20,658582000
3245,431,151269225395
3246,83,160072820519
3247,370,159304304120
3248,338,109172229774
3248,274,109172152499
3249,10,92854911924
3250,5,85428947144
3251,0,140901004362
3252,4,79017314998
3252,109,79017181535
3253,1,77035899566
3254,88,122157236802
3255,8,95971617172
3255,22,87223662541
3256,5,83786499611
3257,602,153826086113
3258,18,148151061291
3259,57,134142413033
3260,0,57555758215
3261,128,71436672269
3262,88,127947296178
3263,315,115671375223
3264,5,121722124471
3265,4,95537978741
3266,357,147154412890
3267,29,80061234935
3268,34,145052320585
3269,10,125698175406
3270,0,144990525643
3271,376,132092592506
3272,603,132643126593
3273,604,159109732112
3273,605,158707614826
3273,606,158433476004
3273,505,158249280415
3273,256,158161668074
3273,607,155059714525
3273,535,153805143437
3273,608,153252680199
3273,609,150471662618
3273,235,148384836859
3273,610,132070160028
3273,92,127577019641
3273,460,126128885169
3274,70,133768692326
3275,29,188377589752
3276,20,12951096593
3277,10,125753512018
3278,158,48472118264
3279,105,54537062540
3280,579,54955067753
3281,10,78862533163
3282,10,129240615229
3283,10,96216098818
3284,242,104141411379
3285,4,121584955741
3286,552,111027298739
3287,23,49048989275
3288,50,158358655027
3288,315,154046634646
3289,192,91571703285
3290,87,108157216238
3291,153,159565540720
3292,10,41795351904
3293,23,83369604630
3294,0,112052432638
3295,13,79324280168
3296,191,109798119370
3297,10,121468695338
3298,10,78712209153
3299,451,155689732766
3300,50,132609597576
3301,10,180596671978
3302,10,109813186074
3303,0,83466052914
3304,155,74544006787
3305,0,88006697911
3306,70,59252136230
3307,343,137009575845
3308,8,111823079842
3309,177,118498192774
3310,193,97714870714
3311,155,50256345446
3312,242,108948328718
3312,56,103170056904
3313,128,156392045067
3314,20,71966677790
3315,320,133667971770
3316,209,93179196952
3316,126,93179092032
3317,50,159837531983
3318,93,87855036847
3319,611,150913108777
3320,5,178204967439
3321,83,181393257048
3322,3,93907214938
3323,5,159984448841
3324,10,119207181132
3325,83,144453424097
3326,70,48546779266
3327,68,153857994261
3327,612,126903631745
3328,613,131295384679
3329,4,115491474880
3330,594,108156542953
3331,369,56421834093
3332,16,93946558572
3333,126,86831621383
3334,321,131647060922
3335,10,68266000204
3336,10,92604220484
3337,193,135803947684
3338,10,47859891453
3339,614,158725094280
3340,158,56690637311
3341,178,143848578813
3342,4,137546448605
3343,601,124420897629
3344,428,178235503137
3345,23,33247034778
3346,10,46382625914
3347,10,68459697618
3348,53,94956299301
3349,10,95883031150
3350,347,148772868199
3351,65,68602758150
3352,0,110165484335
3353,16,24001960110
3354,615,93060481458
3355,242,82739074548
3356,156,91951755770
3357,240,101952894182
3358,10,78532094910
3359,10,83580218175
3360,10,114801468064
3360,10,114801468064
3361,20,86321035317
3362,126,112565191902
3363,206,59284051144
3364,125,109606226844
3365,356,139174188695
3366,10,47394714676
3367,37,127668947780
3368,8,131118050100
3369,546,122829182266
3370,20,92025031589
3371,149,121215649541
3372,478,183767511477
3373,244,160854560886
3374,10,27992529038
3375,403,56238276690
3376,39,128778041877
3377,616,154988605841
3378,71,141511583537
3379,102,50967003067
3380,76,137974537789
3381,10,123010037144
3382,2,133616786076
3382,1,133616511891
3383,20,3645978000
3384,242,91767652934
3385,10,82166555243
3386,10,44158062226
3387,26,120686813159
3388,155,50027742915
3389,33,125329610200
3390,10,94939147292
3391,155,68011766986
3392,617,181283876491
3393,8,116615654465
3394,10,117034085293
3395,83,159191097231
3396,0,69644575292
3397,10,144457202568
3398,399,179323120061
3399,408,134851533045
3400,10,85531074858
3401,256,144592962204
3402,508,193776463895
3403,143,65805977839
3404,20,27252291607
3405,618,194996544583
3405,373,191915681358
3406,106,59618296505
3407,240,113775514871
3408,619,77708556531
3408,70,54765981415
3408,619,77708556531
3408,70,54765981415
3409,39,89008655491
3410,620,149559132974
3410,406,133749440799
3411,5,111777103899
3412,92,127927889617
3413,0,113238639256
3414,10,88905138889
3415,85,55825134125
3416,1,77654489262
3417,156,80619658579
3418,126,123621027308
3419,416,102267434314
3420,10,44926600922
3421,146,47677275716
3422,93,55809131366
3423,3,115866993056
3424,69,139705348029
3425,109,95440106560
3426,187,139977188213
3427,53,54320825432
3428,621,177223917523
3428,622,177223170982
3429,82,162695187880
3430,0,84721924375
3431,0,129748988162
3432,535,173836203077
3433,10,113588698230
3433,10,113588698230
3434,101,164069136612
3435,8,147199637382
3436,105,133036473991
3437,27,131919762399
3438,623,183322635933
3439,39,59171863351
3440,98,84446683523
3441,0,80800651816
3442,10,94967728527
3443,10,95714837711
3444,105,59172086636
3445,496,114013016778
3446,587,148481735632
3447,4,112246462725
3448,304,176945748579
3449,71,142609296469
3450,10,30235091626
3451,13,58493063578
3452,5,81829246501
3453,0,80403655163
3454,53,149894919928
3455,624,82260546186
3456,29,71241072991
3457,4,140020432240
3458,279,137787223829
3459,126,82935171196
3460,274,123710798427
3461,625,132002887212
3462,5,93388691216
3463,325,87794956573
3463,139,61232639747
3463,102,53016567757
3464,69,113189607640
3465,428,188758777730
3466,11,124143334752
3467,55,168047741206
3468,23,39355088579
3469,16,19432118279
3470,116,158092334150
3471,198,154254860028
3472,0,91039889256
3473,4,79761620424
3474,10,90835891924
3475,535,169736997736
3476,10,34290521269
3477,16,8534464000
3478,29,130788430665
3479,242,124487231668
3480,111,118868990344
3481,193,133990239447
3482,5,191268709808
3483,626,115409301944
3484,274,78728178154
3485,10,140787050905
3486,20,128326951822
3487,145,128000797371
3488,413,113509263216
3489,10,134467115863
3490,274,139468834173
3491,10,92258251748
3492,627,180912598700
3493,5,138920923334
3494,257,150528027665
3495,23,60490919695
3496,39,116277200002
3497,23,65537093912
3498,52,131402184129
3499,8,113414419225
3500,125,114238270435
3501,130,68520398460
3502,65,62101182044
3503,473,123679458912
3504,61,109613619254
3504,52,109613329037
3505,458,107917266113
3506,169,116373272435
3507,515,79884068258
3508,102,90724228430
3509,10,64274538447
3510,10,45085049149
3511,419,104899424591
3512,17,136163615590
3513,279,141418177657
3514,83,150577094024
3515,5,180928554900
3516,628,108001002915
3517,4,110843874175
3518,229,161733798321
3519,629,102274114393
3520,156,61579341169
3521,85,83087109914
3522,454,161184710606
3523,10,53826774897
3524,112,114247095196
3525,127,150607153979
3526,70,48200734720
3527,29,108940092216
3528,10,111592477611
3529,71,83734032440
3530,184,156207019851
3531,262,132333308016
3532,20,95199396703
3533,70,145566688653
3534,373,191219433699
3535,5,77479563949
3536,47,91528832495
3537,0,166336713827
3538,10,66160665098
3539,134,96025600818
3540,0,80449909926
3541,411,131908980003
3542,340,131590271717
3543,161,173724365045
3544,23,37731789017
3545,20,29194582243
3546,10,91741247028
3547,102,65822658916
3548,448,127190491280
3549,29,108516815433
3550,13,111441179710
3551,109,124586682073
3552,202,140377340680
3553,202,143007567123
3554,20,31975192307
3555,20,58412534926
3556,43,113878369267
3557,10,132103176389
3558,1,77478481436
3559,16,9485728000
3560,4,145149747588
3561,10,138324740644
3562,84,126132441361
3563,264,122520987831
3564,29,109560416397
3565,49,109703115563
3566,10,38971557844
3567,10,80134693424
3568,217,121721436504
3569,630,129783399909
3570,4,77258384870
3571,10,134858805726
3572,156,73247949247
3573,5,126556833062
3574,134,141094146656
3575,29,156099069254
3576,619,87783755796
3577,146,50613863850
3578,77,61867012803
3579,307,18149322929
3580,126,92869734713
3581,83,165701577441
3582,594,104319905993
3583,144,135311129798
3584,516,54392244736
3585,10,66675224360
3586,244,139857372954
3587,67,95015895484
3588,30,141504200047
3589,33,120235613732
3590,10,106624098657
3591,307,145326197350
3592,379,154878835334
3593,95,123444820429
3593,11,115925699153
3594,1,95050408276
3595,159,117073490844
3596,10,103163161771
3596,274,103162903023
3597,10,131917133413
3598,94,133739593436
3599,126,121579273387
3600,631,126141094318
3601,227,173570231300
3602,63,112819458829
3602,632,102910288160
3603,633,116360608512
3604,0,107868289432
3605,109,183223898760
3606,5,133505381869
3607,102,69620796670
3608,177,136545638327
3609,109,126196345417
3610,634,150236361085
3611,53,176158491201
3612,142,129405274522
3613,15,115895475246
3614,221,124331439899
3615,16,33864914716
3616,4,101797251521
3617,439,125606020677
3618,0,110248197328
3619,155,61568260785
3620,635,131037095184
3621,205,123952373741
3622,636,122171340976
3623,10,129721336593
3624,0,123559617438
3625,637,115960175905
3626,39,106166607669
3627,10,79993892019
3628,164,131408670412
3629,4,73676780994
3630,2,93742976034
3631,369,56211680365
3632,241,163960891800
3633,10,156824880896
3634,10,91414348222
3635,257,105718731743
3636,3,126798469859
3637,209,160082585015
3638,102,49326515087
3639,10,126114852991
3640,157,190060630493
3640,157,190060630493
3641,10,111648441271
3642,10,88930531022
3643,10,30061007472
3644,65,64712847117
3645,10,135477370030
3646,126,84572662781
3647,13,56724174802
3648,638,146075120842
3648,20,66585394593
3649,221,106011955385
3650,105,47698031443
3651,10,134051763643
3652,37,90147189341
3653,639,149560175767
3653,0,140104271604
3654,640,113599534897
3655,128,59421110694
3655,128,59421110694
3656,4,113280123949
3657,155,48800705348
3658,1,115908674554
3658,10,114696610854
3659,361,173061796784
3660,4,171127698630
3661,109,94767156176
3662,394,135470924029
3663,10,26939763190
3664,16,8528962000
3665,10,110142418319
3666,8,120965107558
3667,94,175451189154
3667,53,167147936796
3668,10,59819449716
3669,16,42852061348
3670,337,147138098316
3671,0,87812640612
3672,2,104529766522
3673,10,74726529889
3674,77,56691107624
3675,128,190664705537
3676,87,54667173548
3677,10,48789839053
3678,257,95099747336
3679,209,117918748602
3680,0,129334728731
3681,10,94602128010
3682,1,80664645374
3682,4,80664543899
3683,143,85363666253
3684,33,124935067984
3685,10,138476493302
3686,178,123818533266
3687,10,92746757654
3688,126,82947997443
3689,125,124925054989
3690,145,97701631472
3691,157,143932838268
3692,0,117656324682
3693,13,117514414367
3694,0,139783044822
3695,63,128635683613
3696,10,115061240435
3697,193,142124086358
3698,0,81231014402
3699,29,113971553164
3700,3,111362728209
3701,23,18074001049
3702,145,113690952466
3702,321,94540312896
3703,3,182265622742
3704,413,135650020548
3704,533,129277268698
3705,232,129079773727
3706,158,54519800637
3707,143,80757514004
3708,67,50081958370
3709,0,141177634501
3710,10,90983969978
3711,165,184075007522
3712,1,137126787313
3712,10,137126208390
3713,641,191795691211
3714,39,77106638151
3715,370,119996121009
3716,274,111553336903
3717,65,72633595399
3718,4,172435973784
3719,193,143347294967
3720,541,67867925503
3721,642,133119256265
3722,4,106580896936
3723,10,49401192342
3724,482,140656111165
3724,490,139849230789
3724,74,128210577782
3725,643,163618874854
3726,317,159484025528
3727,644,162492559479
3728,16,14462334212
3729,109,137704503111
3730,47,93030226900
3731,20,91056910044
3732,10,35026222924
3733,0,104288715524
3734,0,163903931064
3735,10,49835220409
3736,71,92067973084
3737,414,124271548653
3738,170,131142343681
3739,114,156895116751
3739,604,156279038208
3740,317,157834395434
3741,105,50128787299
3742,286,187129991476
3743,177,130022256824
3744,113,92337696299
3745,11,125174939876
3746,71,134500168501
3747,242,81181118328
3748,262,132185866263
3749,16,92468567172
3750,645,117910007916
3751,274,133825674127
3751,226,87267204474
3752,495,86130885663
3753,33,164042878083
3754,490,166987450987
3755,130,116882682529
3756,23,37410955561
3757,646,120091587458
3757,4,111561078346
3758,121,130779009338
3759,57,134326660194
3760,647,136757914635
3761,38,87716817625
3762,10,135252913204
3763,0,146355818305
3764,648,153273745524
3765,23,92208643221
3766,391,119742631441
3767,0,81727772492
3768,257,132955493682
3769,530,194824338078
3769,50,134240653193
3770,99,120151649654
3771,13,112177807369
3772,0,81127061220
3773,143,70759821334
3774,43,112559131415
3775,586,155673474857
3776,8,104531723517
3777,96,173900661887
3778,16,28380732682
3779,490,168062087816
3780,47,88901730175
3781,23,61510724303
3782,221,131911132081
3782,120,129495928210
3783,156,108159144306
3784,649,180165406787
3785,20,48366648720
3786,639,158125985646
3787,10,40671961303
3788,16,3207570000
3789,63,119303349269
3790,155,55030007761
3791,20,8574033000
3792,50,131860319317
3793,558,190239346577
3794,650,121049588984
3795,210,126053021557
3796,651,182297546101
3797,10,124214219804
3798,128,48818964871
3799,234,54834668107
3800,273,168110747081
3801,39,63161903061
3802,621,125827971500
3803,10,44414683805
3804,82,162503885455
3805,10,115772767764
3806,8,141186785589
3807,652,179792073193
3808,52,116705055181
3809,47,89059555848
3810,525,89320938773
3811,13,131506272744
3812,10,108750904124
3813,229,120435003937
3814,383,124732053680
3815,653,130066207946
3816,13,74271646867
3817,0,109260974322
3818,0,142903324281
3819,10,53551869969
3820,58,174198984079
3821,23,79363741484
3822,143,65650853184
3823,10,20535489427
3824,13,104426817468
3825,43,122159186736
3826,542,130531888013
3827,221,159220735647
3828,545,150632179372
3829,5,123428828074
3830,81,110985221372
3831,2,136285981155
3832,0,160510481909
3833,654,154726367702
3834,652,136843965807
3835,33,114342623101
3836,11,87169116302
3837,23,46050637387
3838,301,123106944524
3839,187,123205858559
3840,10,51073340374
3841,16,20220017811
3842,10,85304616269
3843,242,82496967276
3844,87,87294968056
3845,64,87505228547
3846,109,108247284946
3847,652,170555656432
3848,39,126567546532
3849,105,54981036084
3850,22,138847137576
3851,383,118782748200
3852,109,81783209357
3853,10,47235628584
3854,57,148667267578
3855,84,89237549204
3856,156,71772027356
3857,8,103176908160
3858,10,45015042504
3859,209,110805775736
3860,11,123625353403
3861,655,53816884996
3862,33,113865652010
3863,105,51170134247
3864,656,121976383250
3865,43,147494263291
3866,10,61220730914
3867,1,111530019797
3868,10,68683769784
3869,16,51556098507
3870,10,107845108144
3871,422,130822746840
3872,0,162990365734
3872,257,162990297920
3873,0,123629746202
3874,74,139877632464
3875,23,30734362311
3876,87,110003001253
3877,125,84330572758
3878,0,144894259045
3879,156,57277575998
3880,383,123117820298
3881,217,128660094276
3882,43,175985383139
3883,530,179545892237
3884,39,126900064143
3885,15,148331490111
3886,11,103134587253
3887,30,115169502816
3888,47,76199369860
3889,0,80521273820
3890,509,138721221620
3891,53,143411775595
3892,349,162349447839
3893,105,47694043898
3894,0,59204311064
3895,23,32470990587
3896,10,55223653743
3897,29,74189586550
3897,143,65475542291
3898,310,108348113612
3899,117,134054039597
3900,170,144955390436
3901,64,94751380397
3902,4,84239904416
3903,525,92296233843
3904,8,116814027706
3905,39,72361967428
3906,10,51206965459
3907,10,66710586962
3908,10,55601846925
3909,242,87181228607
3910,10,109001324471
3911,29,147134731555
3912,657,172873244664
3913,29,159932929398
3914,1,137877307009
3915,183,183254753350
3916,18,124054539266
3917,14,49567372717
3918,8,111517080034
3919,202,147804424213
3920,10,109994868443
3921,187,182054768772
3922,70,53127188437
3923,102,74544981017
3924,320,124680983590
3925,53,105547616747
3926,87,130352079662
3927,187,150927688912
3928,74,105371308842
3929,366,106697461705
3930,536,116314375052
3930,158,57546838123
3931,391,125184861348
3932,83,139525373660
3933,102,84616217395
3934,0,108871331688
3935,10,40266428694
3936,70,74116139949
3937,225,52701969289
3938,105,48042693727
3939,29,125195062018
3940,10,143888373418
3941,23,8211854000
3942,93,62697548669
3943,216,70493572949
3944,4,129065970911
3945,102,60896852993
3946,1,134770994481
3947,1,118867187308
3948,658,112343782170
3949,413,137520799775
3950,288,177097303952
3951,5,88707752213
3952,30,145649406225
3953,1,118172290417
3954,0,63523995030
3955,102,54664437658
3956,216,101763982531
3957,83,156257296400
3958,20,321776000
3959,0,109533850348
3960,8,158779933527
3961,216,103406001738
3962,267,121215762296
3963,8,121927445232
3964,517,134064343601
3965,659,162313706546
3965,655,134459969395
3966,10,65552174220
3967,8,109813586588
3968,10,82450788723
3969,65,65828265312
3970,660,59618259730
3971,661,162939800936
3972,94,194888940168
3972,94,194888940168
3973,84,144386354836
3974,0,116621892243
3975,10,138572941684
3976,8,174085500732
3976,13,105833277770
3977,5,124864089004
3978,662,137897553592
3978,261,137890387544
3979,10,108679041660
3980,87,55820771187
3981,193,134592386176
3982,23,43092815191
3983,8,118803780408
3984,104,155774735273
3985,202,139170009215
3986,10,125787746193
3987,177,119361216180
3988,313,133550071866
3989,0,58931171268
3990,458,123449233665
3991,256,126556602024
3991,321,118872718519
3992,10,159830557345
3993,67,97111640029
3994,663,147389963431
3995,1,120077520150
3996,16,45021773611
3997,10,140962038998
3998,8,155327799987
3999,29,148160518568
4000,423,136063015189
4001,1,129143000503
4002,16,34565416580
4003,138,123713091539
4004,13,57350363136
4005,85,113088021675
4006,5,127764831854
4007,0,134352304174
4008,106,109966105086
4009,178,194656730054
4009,235,194656598274
4010,18,92097848732
4011,0,80709039429
4012,69,130365088090
4013,10,63513147174
4014,4,129323338577
4015,23,10862949000
4016,10,116644575512
4017,193,136080972672
4018,102,156550943296
4019,155,50584610814
4020,29,83969868108
4021,664,136294330989
4022,39,84859840666
4022,143,84859745024
4023,83,141997532345
4024,177,155687714616
4025,158,136588669692
4026,1,138246035040
4027,23,10972864000
4028,2,151923591817
4029,385,132085034413
4030,10,110139223291
4031,23,83866099693
4032,10,110231826600
4033,665,157754648408
4034,666,191614510871
4035,185,170549769635
4036,20,266758000
4037,157,184752944245
4038,10,110759299114
4039,10,142298457807
4040,49,106422353543
4041,5,104790775446
4042,83,171746821271
4043,87,93589788605
4044,2,139613840753
4045,57,127650309300
4046,155,47884035681
4047,23,9497527000
4048,374,163902668099
4049,0,120402711834
4050,177,129807513890
4051,226,88438686951
4051,667,88438652716
4051,70,56274400578
4052,191,125722557235
4053,668,179959822987
4053,669,177703374707
4053,70,174504236576
4054,4,124145982468
4055,87,129303826722
4056,56,122732720471
4057,102,79103345475
4058,10,110929122869
4059,128,63669675072
4060,53,101836918913
4061,134,124498391285
4062,670,92206876964
4063,87,65672342459
4064,10,71713278092
4065,39,60893781159
4066,473,157125459819
4067,512,164319509719
4068,338,127851421111
4069,245,188323325747
4069,671,186774114501
4069,672,161876707024
4069,673,161204711799
4070,70,47760522765
4071,77,72375231526
4071,128,53101749875
4072,43,106798330951
4073,10,76182088436
4074,82,128028746351
4075,145,107371661126
4076,244,138403090954
4077,674,83192313743
4078,66,128918129818
4079,83,149688238161
4080,39,114809967631
4081,193,130269214954
4082,48,157065001383
4083,675,178918670129
4084,301,129438204792
4085,16,51469068386
4086,635,157272894726
4086,221,155370918703
4087,280,120405734548
4088,80,132154337957
4089,481,175377898947
4090,10,63602125833
4091,4,135922734024
4092,3,93582589515
4093,5,160267748872
4094,10,123196611084
4095,139,62099445945
4096,10,54249481555
4097,198,123000442040
4098,676,181091622757
4099,102,145649822362
4100,125,112652206289
4101,60,115069569937
4102,83,147620897482
4103,145,113861781478
4104,47,103237158187
4105,39,143779016981
4106,162,62638996690
4107,53,114462069442
4108,216,190757786156
4109,102,90994304144
4110,533,109647875097
4111,677,155687092937
4112,673,159187409249
4112,331,157374297366
4112,502,154984567677
4112,129,152795456362
4113,476,164833105355
4114,10,86535367884
4115,155,77735594112
4116,10,35149329943
4117,209,143700917795
4118,177,123658163156
4119,20,32680439281
4120,10,115173058722
4121,129,173835095839
4122,23,59862499659
4123,138,115479470086
4124,217,137604412489
4125,0,130182939680
4126,83,141330958038
4127,678,118415790182
4128,284,127229110314
4129,128,64185356724
4130,57,133811786758
4131,413,116365381823
4132,10,115686566556
4133,85,107032423516
4134,29,109260786233
4135,0,123434800014
4136,84,129403693522
4137,10,48397037970
4138,273,192822352737
4139,83,161882331974
4140,47,109876422015
4141,5,140980564519
4142,4,113445093605
4143,125,110914783016
4144,92,155609779758
4145,1,109478966512
4146,10,116726163021
4147,10,39783844079
4148,22,158791448126
4149,106,105935291878
4150,274,132978428313
4151,679,136735015447
4152,10,118973727085
4153,8,93733141853
4154,120,131308372617
4155,64,71966345565
4156,627,155765517946
4157,193,152319636353
4158,20,95866906111
4159,158,108848869603
4160,182,119648944679
4161,4,83798652441
4162,98,121370785707
4163,481,165801394513
4164,10,111463311350
4165,16,8721136000
4166,108,193863469815
4167,29,81822805338
4168,93,124568254932
4169,0,104669010636
4170,413,119728808547
4171,72,73487313488
4172,136,175748955188
4173,106,56130027655
4174,202,112619060300
4175,520,150247102543
4176,70,53579753235
4177,257,112651349308
4178,33,122760053443
4179,230,164406692886
4179,238,164406634527
4179,248,164406258362
4179,680,164406201317
4179,250,164406074321
4179,681,164406012200
4179,682,164405946551
4179,683,157757640532
4179,684,157757165208
4180,155,56758288337
4181,39,140900296373
4182,130,58311489331
4183,5,156717213884
4184,10,62659718708
4185,202,112707245544
4186,83,169783246770
4187,215,155274049967
4188,102,137225227889
4189,20,8600690000
4190,0,60187137153
4191,99,117599831764
4192,10,48624411232
4193,23,53607227322
4194,574,181368310458
4195,0,141617730400
4196,370,117010839762
4197,370,121720494431
4198,45,131823406527
4199,190,113924052447
4200,685,176498982278
4200,146,134333964373
4201,227,119832452687
4202,10,108032374835
4203,686,149196212262
4204,0,152317683380
4205,119,179367919548
4205,302,179367802271
4206,39,117518786629
4206,104,116618872768
4207,10,71451344086
4208,338,133331867362
4209,520,150637407804
4210,687,175109737210
4211,320,133386889724
4212,70,53127832510
4212,155,51419442320
4213,688,119822744273
4214,0,114645324086
4215,155,145511143572
4216,58,173296205749
4217,152,135367200192
4218,199,120618194944
4219,10,61502211728
4220,240,132779548942
4221,383,141778467980
4222,149,125712188894
4223,10,42417165613
4224,64,191955191219
4225,689,142214932757
4225,689,142214932757
4226,39,129334542835
4227,105,50718874953
4228,13,59073499283
4229,15,52009524642
4230,289,158769001899
4231,26,135000811794
4232,129,141678693814
4233,177,189224249581
4233,0,178667635184
4234,126,85633521492
4235,547,58915228772
4236,10,109012215280
4237,4,113616433785
4238,4,121554676339
4239,158,94948861969
4240,158,148523966873
4241,71,128207512808
4242,10,48936390824
4243,30,131249918003
4244,27,144457962687
4245,411,134904406528
4246,10,30404015468
4247,406,139886672392
4248,16,38403556274
4249,10,112910222708
4250,13,58087909215
4251,110,127706971365
4252,23,16166207507
4253,10,106015589396
4254,668,183903213503
4254,669,175917055139
4255,5,78190988601
4256,416,153003092036
4256,416,153003092036
4257,20,81652102959
4258,61,89144741115
4259,4,82132855673
4260,93,61933880271
4260,105,53220964863
4261,690,134689039142
4262,691,148525674703
4263,244,144214023082
4264,155,57941054128
4265,356,190677779670
4266,232,130392168619
4267,10,60186446371
4268,156,174665442780
4269,3,95635996568
4270,14,53905141188
4271,530,127589453380
4272,593,117230832621
4273,10,125722011365
4274,199,111531629540
4275,79,165688667240
4276,692,171919702510
4277,535,175961986174
4278,10,170025000124
4279,297,132539701777
4280,0,77734967383
4281,119,110656206845
4282,10,25902189043
4283,693,169938846315
4284,20,63400889264
4285,455,141524484510
4286,4,144457422401
4287,5,90279568246
4288,106,81449432451
4289,10,118768244525
4290,199,73320171411
4291,694,162831994998
4292,316,157396997942
4293,202,116211279661
4294,94,114543944437
4295,175,135636900457
4296,53,62800365359
4297,4,133045312805
4298,29,138631701601
4299,106,66185446739
4300,476,117280529371
4301,94,138763892669
4302,10,59016954468
4303,112,85037707168
4304,199,83438051822
4305,4,127024525344
4306,20,18214727809
4307,67,72766858400
4308,2,102187006618
4309,26,109042021426
4309,299,108518491434
4310,377,160164785830
4311,2,184235851180
4311,156,184231791658
4312,374,163627829100
4313,3,84654494600
4313,10,42652369508
4314,10,54399499958
4315,23,8481013000
4316,23,96668586729
4317,65,79592395093
4318,4,71525638746
4319,369,59250998697
4320,695,170305947071
4321,146,63400028285
4322,10,48283286976
4323,264,144549730846
4324,82,147018936631
4325,44,136297700283
4326,512,118185669569
4327,223,107183723264
4328,143,66080064323
4329,120,124316733814
4330,299,151139316845
4331,234,109825129224
4332,5,155504422921
4333,88,127016479575
4334,2,145214719326
4335,89,191612100676
4336,696,162245711590
4337,366,127938893467
4338,267,123095044966
4339,198,192492107432
4340,102,58756043252
4341,2,154056572261
4342,155,65771814732
4343,39,62564681848
4344,0,119397182813
4345,20,90302182348
4346,53,84571709348
4347,16,53749154120
4348,697,152384404408
4349,0,60053672814
4350,23,27357339104
4351,105,47699553845
4352,4,113541513863
4353,8,122522318736
4354,29,117576118750
4355,33,86832221781
4356,71,66145123061
4357,369,57545791799
4358,413,110847734013
4359,242,121388886456
4360,10,113173009307
4361,39,117214911866
4362,102,55919022828
4363,10,139457098494
4364,10,63644838037
4365,213,166306744126
4366,294,158793210877
4367,30,117940475955
4368,156,85877995665
4369,0,145487520628
4370,373,192591749570
4370,333,176694784002
4370,334,174595324817
4370,335,174595238122
4371,385,183391490956
4372,202,163882207498
4373,20,53803148068
4374,109,137769278593
4375,698,185485650931
4376,16,58990488943
4377,13,97357658453
4378,4,118555513899
4379,105,69532852730
4380,202,125010636106
4381,10,94490214949
4382,105,52701490700
4383,217,92690609645
4384,39,91048243955
4385,16,50896841505
4386,589,71102207731
4387,39,79566037199
4388,193,138857747633
4389,23,11152272000
4390,102,52948204921
4391,486,135711520785
4392,16,63097358610
4393,329,177984666125
4393,129,174701370592
4394,126,88798029294
4395,13,63257524193
4396,15,111648256900
4397,0,86407802617
4398,699,168196979439
4399,194,161032963254
4399,700,158531898661
4399,466,139844914196
4400,20,54831582620
4401,242,92336624093
4402,10,18420158292
4403,701,163623992433
4404,65,74549644713
4405,178,132953233977
4406,658,136463736374
4407,202,115606466401
4408,5,137798532462
4409,8,102527352802
4410,0,80788754673
4411,16,60629854113
4412,29,108599003994
4413,322,134565246515
4414,142,107007158099
4415,42,189274209812
4416,234,135018363690
4417,192,71455492250
4418,240,139343956299
4419,138,129967124914
4420,93,59918976693
4421,10,51838932010
4422,155,54702742384
4423,702,166987415188
4424,128,48979846386
4425,20,8615536000
4426,47,81180356357
4427,190,160784729736
4428,155,63735052001
4429,184,143065025248
4429,511,138219070254
4430,139,71949766907
4431,162,60667416029
4432,544,128106527324
4433,39,111544668742
4434,33,125690196352
4435,533,148194643696
4436,286,122841407974
4437,10,89875881395
4438,535,155413995815
4439,39,59423725944
4440,703,170702045592
4441,39,109547839462
4442,10,25197780410
4443,704,163963630998
4444,20,55363949608
4445,10,55554221020
4446,23,74189985462
4447,518,112894365093
4448,30,172518295334
4449,10,104982120422
4450,401,151635746251
4451,191,62373078557
4452,16,31713223332
4453,356,143499305524
4454,2,95291606697
4455,16,52696882975
4456,175,116177467618
4457,10,116692228370
4458,363,134842031418
4459,128,180844108713
4460,128,121786880577
4461,23,10695021000
4462,77,72830876851
4463,4,75674704866
4464,10,142194422456
4465,53,74009304606
4466,8,157345603416
4467,23,39901342041
4468,497,64885382516
4469,11,80811568293
4470,369,72014116290
4470,102,69387140997
4471,143,65485562468
4472,264,128200861262
4473,705,126048547336
4474,706,194897412130
4475,175,88274026334
4476,70,50356587129
4477,8,119044196388
4478,16,22876900198
4479,43,143345002593
4480,10,52505591250
4481,126,105751814278
4482,10,63057510284
4483,37,92178188247
4484,482,172673165367
4485,217,134887431550
4486,11,129706173258
4487,707,157576458371
4488,5,152125903757
4489,29,131842825153
4490,10,70420535839
4491,21,169598415208
4492,289,155187827905
4493,29,105831638905
4494,193,124490909084
4495,8,120450697007
4495,327,119570128215
4495,39,119570004389
4496,83,140471015262
4497,50,151754440046
4498,138,123108966873
4499,16,28431271484
4500,209,109708978385
4501,10,150558849059
4502,694,139206801166
4503,364,105216103963
4504,29,120763189390
4505,635,133700790426
4506,39,69444964299
4507,56,146085977582
4508,8,124918301145
4509,439,192957715381
4510,33,92175741937
4511,147,119817067021
4512,0,122844947927
4513,366,91998540269
4514,10,97173637563
4515,94,183436195675
4516,10,94842227848
4517,70,53895652924
4518,47,107138606628
4519,376,121970391005
4520,10,65275181524
4521,52,166946918621
4522,156,82240436074
4523,708,119235288097
4524,241,139774059027
4525,264,130687972628
4526,20,40885026217
4527,134,106778793123
4528,301,138055986509
4529,10,126711956776
4530,29,89289423160
4530,10,89134244941
4531,611,191174848027
4532,709,63040089700
4533,539,143299404433
4534,29,176895891454
4535,10,117494898648
4536,94,137280723735
4537,217,69109404501
4538,10,173815720536
4539,10,43449129385
4540,20,5256603000
4541,155,137897764852
4542,155,54693235574
4543,155,137884240111
4544,106,104185598130
4545,675,180052121752
4546,10,171302730313
4547,710,185992581838
4548,2,90217980823
4549,420,121211743484
4549,711,119250093493
4549,84,87422586627
4550,10,102602803481
4551,16,40517311738
4552,113,62974404021
4553,7,132432182297
4554,28,131650081673
4555,2,73678072718
4556,10,64197953057
4557,2,94498506988
4558,39,58816834453
4559,16,4505374000
4560,10,148067102365
4561,712,129558310273
4562,23,17718547059
4563,451,156818784690
4564,334,171328830126
4565,10,28618166212
4566,128,50391746580
4567,16,93213515561
4568,94,113183591885
4569,338,154469115105
4570,221,164309573543
4571,2,156373694597
4572,29,83652888146
4573,193,130471942961
4574,20,10971679000
4575,0,79744598642
4576,106,53313088138
4577,692,171906733159
4578,389,175145180267
4579,52,102826409731
4580,713,191007332114
4581,416,116542607860
4582,33,129967321805
4583,714,156968252104
4584,715,108769548415
4585,4,118621297934
4586,84,139016917520
4587,0,92618691872
4588,5,94103569845
4589,2,139778704684
4590,10,165448964383
4591,10,40677219077
4592,105,59700581896
4593,10,138485723657
4594,10,42594910173
4595,10,117519441510
4596,716,116903689199
4597,10,68737313035
4598,20,43582636780
4599,10,106959473925
4600,10,34106234676
4601,53,179962716704
4602,10,104709928258
4603,106,84203222881
4604,10,102344361279
4605,566,65645442952
4606,187,139547056570
4607,293,158701233712
4608,128,53941862234
4609,10,46999705070
4610,22,129572017393
4611,39,97064281949
4612,16,15297269508
4613,49,80673583381
4614,202,114902195121
4615,3,161225299749
4616,145,92192926099
4617,53,192993230002
4618,10,82337545260
4619,20,16787684427
4620,10,86072609065
4621,717,170687829877
4622,512,129914296516
4623,362,114187843397
4624,257,181355886973
4625,718,140023157332
4626,16,77411014905
4627,366,112922487463
4628,33,141084887971
4629,10,107641586177
4630,57,78355435925
4631,227,129949296973
4632,112,111967695734
4633,143,66363996916
4634,512,120326505922
4635,10,192040801225
4636,20,78324246780
4637,145,150741643021
4638,83,155256077373
4639,719,113773027644
4640,193,112560083443
4641,8,92968314646
4642,30,170988230895
4643,10,33885593371
4644,640,124056850848
4645,162,71718017085
4646,10,106164167357
4647,23,3699276000
4648,106,71777640796
4649,20,8610661000
4650,486,119451962441
4651,11,150837688814
4652,8,112402420477
4653,102,194915194859
4654,45,135095123961
4655,355,94337757332
4656,246,140786811035
4657,178,171233990674
4658,2,124517039987
4659,720,158181823238
4660,216,67784908693
4661,20,10782017000
4662,20,6124835000
4663,0,153513315890
4664,515,108868747839
4665,721,93008382787
4666,580,153420023617
4667,83,141592915642
4668,20,88266930144
4669,10,30809480103
4670,23,16335113464
4671,20,108868678731
4672,8,114718633098
4673,10,69106325753
4674,29,150089429097
4675,44,182269069230
4676,109,105911471943
4677,77,93195441718
4678,187,68410781669
4679,436,156537890885
4680,10,107330758699
4681,10,96565794641
4681,106,78613300916
4682,228,170812334035
4682,722,169680826866
4683,16,93125556940
4684,175,127661421271
4685,73,115675443867
4685,204,89033642104
4686,386,175645815741
4687,508,179748726682
4688,117,147467753782
4689,162,56867644529
4690,8,145476471149
4691,10,62535176751
4692,8,163987564104
4693,105,55309164307
4694,10,55803529184
4695,0,128845420108
4696,145,111432863752
4697,193,127747849701
4697,10,76803229095
4698,53,118288206708
4699,15,54393594578
4700,723,118624522826
4701,10,113879713730
4702,20,43872266599
4703,4,81226625075
4704,145,110401986415
4705,200,148944180550
4706,16,81546283646
4707,724,72320706029
4708,5,165063170445
4709,10,79635834601
4710,25,127838974460
4711,10,76396298243
4712,242,81391653709
4713,401,161619292435
4714,725,143918242771
4715,64,94404207843
4716,315,122085781458
4717,39,109437156808
4718,11,124163176193
4719,8,126042615796
4720,726,136762462498
4721,369,62362127274
4722,158,59535452048
4723,31,125253417919
4723,31,125253417919
4724,28,140529975560
4725,23,39355262338
4726,35,152796164207
4727,241,159084039706
4727,385,112479165928
4728,139,56397399301
4728,70,52897596340
4729,16,89917006365
4730,727,114034368277
4731,209,144039310404
4732,23,45155945174
4733,16,85300497303
4733,224,81112264955
4734,4,86245487772
4735,400,175197196103
4736,8,171083901961
4737,0,107828580786
4738,495,169088222597
4739,728,97450409552
4740,145,138074241758
4741,144,159393701391
4741,238,159393547941
4742,248,169069236639
4743,2,103307771937
4744,264,185176207904
4745,202,132388161917
4746,370,140034249273
4747,43,140472429649
4748,202,138018137248
4749,23,20711542418
4750,156,86979234088
4751,94,143837783672
4752,54,91742309700
4753,39,130544794589
4754,366,131202426671
4754,29,127057197357
4755,257,124169453666
4756,0,117758230176
4757,10,118361537273
4758,16,81759916579
4759,81,110650908334
4760,49,143153737628
4761,193,105878799894
4762,230,156813995327
4762,526,150667890438
4762,138,150667824272
4763,729,192567179149
4763,187,116707993529
4764,10,70380389409
4765,33,90269787062
4766,220,174265532056
4767,23,86305259427
4768,346,163260123760
4769,155,60539533761
4770,29,77335694991
4771,10,65759153679
4772,10,47331161237
4773,10,44686889070
4774,105,48560715659
4775,61,171178274492
4776,369,72306508863
4777,39,59763818462
4778,10,52157555245
4779,33,110406894751
4779,193,109792955623
4780,4,87861361624
4781,39,154737537641
4782,33,111067281940
4783,16,5067662000
4784,51,177002393769
4785,128,62620116508
4786,23,3435971000
4787,10,71709483951
4788,141,58317340590
4789,5,94230997901
4790,577,121746153649
4791,102,112266389009
4792,10,111640483854
4793,22,92636672413
4794,57,128460554340
4795,300,163723777897
4796,730,112385090771
4797,87,127362573536
4798,22,135801873402
4799,149,139171218870
4800,650,144110121648
4801,139,56499898135
4802,20,13281822588
4803,102,58937914308
4804,4,97396211256
4805,20,50167390867
4806,541,102221595719
4807,33,143475031417
4808,386,170466247442
4809,193,109978743168
4810,28,139374953849
4811,10,119392479139
4812,10,174339116307
4813,94,162691781709
4814,10,67910596292
4815,257,122438116283
4816,8,105565260182
4817,8,113861974517
4818,658,152943773591
4819,39,113795782394
4820,87,50992559653
4821,23,22825861079
4822,239,52157312836
4823,538,153414023454
4824,323,112986382732
4825,93,82532472393
4825,105,69448750216
4826,109,81819792906
4827,0,162742163505
4828,731,136902001803
4829,187,139522635799
4830,732,127675438561
4831,87,119230174525
4832,22,96710406480
4833,135,155746227207
4834,106,49832324857
4835,366,142526472328
4836,18,110593798480
4837,16,15362178793
4837,16,15362178793
4838,20,95387362007
4839,162,71888000367
4840,493,142147803999
4840,709,142147718280
4841,694,149127789252
4842,317,165504564657
4843,109,81741395197
4844,10,26006850589
4845,23,8794409000
4846,0,57896152703
4847,87,64522779606
4848,10,79200083154
4849,274,128812728647
4850,193,135980926070
4851,10,70152415624
4852,733,141325101768
4853,10,36392171754
4854,734,164681872037
4855,274,105755979678
4856,8,103500015104
4857,0,80510386643
4858,5,106165048337
4859,38,78878831511
4860,366,157562261556
4861,39,51465407188
4862,93,55997364951
4863,465,177505584651
4864,247,179484235332
4864,250,165470084002
4864,681,165469931853
4865,297,137724090444
4866,735,169865558709
4867,128,55440877982
4868,20,30324706447
4869,128,58729904804
4870,10,138631860639
4871,23,73696601294
4872,83,143670299794
4873,10,125334635814
4874,10,76397959107
4875,2,89339482643
4876,517,132883726311
4877,39,105490047033
4878,10,53491414814
4879,120,128806661441
4880,109,96249594957
4880,257,96249519133
4881,83,139109742501
4882,29,107020549108
4882,171,107020506248
4883,736,78794434464
4884,4,119386671502
4885,4,101859442280
4886,297,128794241748
4887,246,163103815288
4888,306,158104494896
4889,445,138375347766
4889,702,132696744274
4889,50,122849635200
4890,30,147884487405
4891,1,120070494126
4892,29,157656685352
4893,2,93054358996
4894,112,104558209787
4895,37,90171239605
4896,155,91653849144
4897,10,174936840095
4898,153,144180024848
4899,16,109630190101
4900,22,87794252232
4901,23,91912890886
4902,23,8794083000
4903,67,62402838793
4903,0,62402738113
4903,112,62402602981
4903,10,62402434069
4904,242,95555581608
4905,327,115407499622
4906,4,137621659513
4907,10,105110465859
4908,427,147560233040
4909,737,178647539657
4910,221,114197187753
4910,257,109119017302
4910,221,114197187753
4910,257,109119017302
4911,0,140983561203
4912,156,59148820487
4913,0,80866826191
4914,3,137204619488
4915,81,128229993521
4916,738,119561798312
4917,23,70221685922
4918,257,137475511511
4919,10,57470730547
4920,187,181454617774
4921,43,125345699245
4922,10,68962419958
4923,10,96164893279
4924,102,62267933908
4924,369,62267812704
4925,128,145301067238
4926,29,178341410877
4927,125,92267830075
4927,18,92267450084
4928,331,163807418959
4928,673,163806122511
4928,672,163805549937
4929,117,149160110500
4930,16,8615350000
4931,408,128297645978
4932,725,143760143166
4933,720,179435378572
4934,92,159418552982
4934,739,153186118106
4935,80,132003390704
4936,422,192570843666
4937,13,86991980676
4938,105,178602578211
4939,0,121546064166
4940,10,122755152114
4941,32,135274365698
4942,473,133309201498
4943,387,191900723325
4944,16,658714000
4945,178,141754352272
4946,5,76858873097
4947,23,39824681771
4948,145,122911289784
4949,32,92941881736
4950,20,82401174849
4951,87,86990294484
4952,362,167062056769
4953,510,174084471948
4954,5,138910102691
4955,16,12598400533
4956,199,71254988175
4957,518,112568778847
4958,297,127740202347
4959,338,108236912765
4960,209,126474086487
4961,38,87593897468
4962,39,122740281856
4963,193,143578104239
4964,11,90524346870
4965,7,183623171443
4966,202,103479739479
4967,129,160507565360
4968,10,68594673011
4969,121,121821041959
4970,149,123623052078
4971,10,113848265593
4972,106,49568036169
4973,45,172513911246
4974,65,72890573931
4975,512,192161561841
4976,8,112414980744
4977,16,17236279489
4978,515,72136635960
4979,128,134248348277
4980,17,158816368665
4981,740,155101416717
4982,10,133300252555
4983,1,113145988784
4984,10,102756947421
4985,16,15297081595
4986,139,93283215258
4987,145,164168688314
4988,2,137789442127
4989,20,23839217811
4990,79,119167990620
4991,552,168208770097
4992,8,141162846885
4993,10,62461038678
4994,517,122834028611
4995,22,178927968266
4995,404,127775725169
4996,10,42813810412
4997,69,132689298106
4998,192,111665475763
4999,33,137616450294
5000,202,169433025658
5001,23,33062538530
5002,84,127789876578
5003,177,172606945551
5004,69,128897471683
5005,53,73827868520
5006,0,123797787155
5007,156,77062139932
5008,124,136056176306
5009,741,179875455807
5010,16,35587563882
5011,496,111813052998
5012,221,114717777493
5013,10,91824552396
5014,323,112392915340
5015,592,129334274481
5016,162,66608840664
5017,20,60924716674
5018,33,160178564768
5018,169,160177862056
5018,380,160177703375
5018,101,160177568671
5019,649,137980877117
5020,121,120544259537
5021,146,69456714900
5022,29,76829734527
5023,10,68280669643
5024,281,97028173925
5025,10,16847430823
5026,11,141504589554
5027,29,135456059032
5028,424,118199463166
5029,0,83367161403
5030,242,124385963580
5031,121,127783049604
5032,676,182198337618
5032,129,172268141241
5033,10,96127692049
5034,20,15111629843
5035,10,70923078804
5036,83,140275240702
5037,274,79649079211
5038,23,17410464105
5039,129,141737077489
5040,10,95449906211
5041,2,92876830762
5042,10,94518203281
5043,8,134776623423
5044,742,149885457470
5045,261,113452947955
5046,138,115504436186
5047,87,87276172370
5048,155,85364851791
5049,10,35588854962
5050,507,135484749355
5051,71,186607587607
5052,8,101612655505
5053,265,133378075865
5054,510,169875076570
5055,530,189034547404
5056,10,66165310762
5057,192,144094794769
5058,743,154093648054
5058,229,133072677319
5059,145,108154759182
5060,83,140409632796
5061,541,86059605120
5062,158,132544102738
5063,29,90646276157
5064,109,168088968581
5065,487,164251162713
5066,4,156115418313
5067,8,103208652170
5068,142,144901914666
5069,493,151780903706
5070,58,110551200871
5071,23,30247814193
5072,50,176498001222
5073,0,60207770021
5074,744,137643759090
5075,20,46036325544
5076,240,123119529855
5077,10,106842392439
5078,83,140007585420
5079,126,159054993081
5080,97,80155689144
5081,8,173584745975
5082,5,73604135807
5083,191,89072049094
5084,488,128650125965
5085,274,129744354115
5086,178,134974682166
5087,39,49141608033
5088,0,123455117031
5089,10,30835250109
5090,745,149460259407
5091,8,142824904639
5092,47,107889977747
5093,264,154296050537
5094,147,86968867403
5094,474,71851859043
5095,46,92885656581
5096,187,137708209893
5097,106,74997983713
5097,145,74997784313
5098,8,106692010923
5099,587,177788156622
5100,127,144443971567
5101,152,152412033086
5102,10,101730149603
5103,23,17464801648
5104,23,16613338165
5105,114,70147138347
5106,532,75949602273
5107,5,129138313144
5108,283,120426828424
5109,155,164318226928
5110,18,86901870642
5110,156,82342566933
5111,70,59407175560
5112,563,127423015208
5113,221,122843485478
5114,8,111549443689
5115,0,83985729116
5116,106,130000949928
5117,391,145468887207
5118,39,122304106515
5119,10,37653431814
5120,193,133709241601
5121,23,10785807000
5122,33,116394532466
5123,20,31111592296
5124,323,164215199037
5125,349,163520951255
5126,67,59858050115
5127,25,116355518347
5128,658,104735803275
5129,262,131747415345
5130,102,146728898068
5131,504,140852928161
5132,10,105920471166
5133,102,74713080903
5134,427,146493256884
5135,746,169063707832
5136,83,138296717915
5137,20,7027901000
5138,16,8530203000
5139,126,109721262347
5140,109,124243842581
5141,747,126314673974
5142,688,163888906024
5143,23,38977436646
5144,303,175050994561
5145,20,21000632166
5146,0,145387689977
5147,23,38804808316
5148,162,77711763556
5149,10,41787186295
5150,20,49815861541
5151,156,123699111365
5152,10,56853405496
5153,205,112650237661
5154,216,191528302286
5155,128,53746859889
5156,197,162269972451
5157,748,124571831710
5158,16,30234527647
5159,47,97452512277
5160,257,117050036683
5160,29,110218825389
5160,25,109891249966
5161,4,79263490788
5162,369,92414535342
5163,17,119649362884
5164,1,136266713931
5165,146,67441851433
5166,329,178652260237
5166,211,177387898047
5167,45,88131832109
5168,10,93665115458
5169,20,15442557299
5170,0,142020412282
5171,20,46732502655
5172,561,116272498278
5173,190,164038664083
5174,338,112389200995
5175,216,120074793691
5176,749,180476908358
5177,29,78981688417
5178,8,111800471356
5179,545,91198090778
5180,301,126297161562
5180,750,126296971016
5180,82,108916536267
5181,8,121287592709
5182,167,113381273855
5183,652,180326432386
5184,10,16860871099
5185,180,85174915535
5186,747,126201832913
5187,27,129395671146
5188,70,47775255730
5189,422,129922965337
5190,1,94958801160
5191,1,111532491277
5192,10,94086516410
5193,197,132859033358
5194,39,94090872432
5195,310,171030600189
5196,13,113705593005
5197,8,113103803378
5198,128,55926740005
5199,23,86250919257
5200,537,119407145538
5201,13,61161135084
5202,10,120150908222
5203,187,140499133813
5204,39,52504867269
5205,366,169325313980
5206,570,185904073297
5207,294,134409133982
5208,10,64069260210
5209,33,86827995695
5210,87,83622661490
5211,751,122832892737
5212,29,97534201091
5213,18,158020379466
5214,20,111494339399
5215,10,112216120029
5216,10,83880583881
5217,69,148592231669
5218,529,176600275202
5219,66,110137260035
5220,0,193351709862
5221,10,107062762612
5222,126,121634889887
5223,227,120773511302
5224,16,73939613558
5225,109,106673369798
5226,57,113369192690
5227,488,177283981627
5228,29,115150075985
5229,10,30937723610
5229,23,12488597402
5230,37,127317518061
5231,53,135371305569
5232,8,119134450539
5233,39,129594762795
5234,70,68817339269
5235,162,59015402876
5236,185,172643942153
5236,130,111489391218
5237,5,94617412309
5238,436,158905776844
5239,23,92624447632
5240,23,9558432000
5241,15,113959893960
5242,8,141237272412
5243,0,54453776565
5244,152,175976349292
5245,20,93190673215
5246,752,111074598108
5247,111,116195236984
5248,274,119064240608
5249,10,96121643773
5250,449,172572071786
5251,39,96573309093
5252,88,126823193836
5253,39,56249383350
5254,249,168982191763
5255,753,142360910734
5256,23,46405420613
5257,754,189804154124
5258,206,55804321242
5258,105,48622317739
5259,10,111458356806
5260,23,92355833208
5261,739,120011291985
5262,1,141325442195
5263,221,121224283176
5264,202,137297163964
5265,10,109634096306
5266,466,143134985028
5267,65,63588614788
5268,70,137788205041
5269,579,54666729275
5270,23,18380400574
5271,72,97556005661
5272,257,97201234760
5273,755,129541112853
5274,8,108988688714
5275,679,136594251487
5276,5,122079147607
5277,10,38870588315
5278,191,96658039897
5279,20,15127770718
5280,325,95621812296
5281,67,107194235431
5282,10,136688016831
5283,10,127954789111
5284,155,58481560483
5285,83,156996287625
5286,135,143611219047
5286,267,103925070296
5286,137,87775811590
5287,102,73956654331
5288,216,69639621735
5289,8,119058944534
5290,297,138043645398
5291,39,115874411161
5292,109,94139969236
5293,15,69361596503
5294,5,143537307817
5295,756,158976971539
5296,74,120170507279
5296,274,105596808206
5297,217,94350724367
5298,163,163450534654
5299,4,94124993706
5300,162,71975191295
5301,231,123179559551
5302,333,174584700769
5302,334,170369553436
5303,45,107626589710
5304,23,85972185156
5305,8,134271731693
5306,155,51503132498
5307,10,65147188806
5308,597,107741760474
5309,193,194622688907
5310,16,92186744532
5311,16,13446836544
5312,30,194641483269
5313,139,83362599810
5314,757,129778800352
5315,0,80747864190
5316,39,121371582804
5317,758,116617472934
5318,22,104081886820
5319,187,64190263077
5320,8,114543497226
5321,10,188901547805
5322,198,121977334392
5323,10,181489490445
5323,8,181489299321
5324,0,147313906831
5325,10,78175268663
5326,39,127520644862
5327,193,136094464302
5328,303,175187100911
5328,303,175187100911
5329,257,161922924806
5329,193,135860518769
5330,49,124408361176
5331,299,179770186156
5332,759,149048230767
5333,188,179485075640
5334,22,115995560058
5335,10,114464451893
5336,760,146858630016
5336,10,143488972592
5337,202,184978039480
5338,10,134495226700
5339,87,87069721496
5340,109,82925704133
5341,11,116791436592
5342,0,105736824566
5343,11,131045024676
5344,23,9402146000
5345,370,116994839422
5346,461,171743360122
5347,8,160526302705
5348,8,103237110848
5349,3,159132628122
5350,249,166871075336
5350,507,164761853848
5351,10,118439302881
5352,187,137447201198
5353,10,64105261274
5354,18,122121735652
5355,274,163957205874
5356,209,144414328164
5357,23,51404329425
5358,20,46039086947
5359,10,125383324116
5360,234,64179656879
5361,269,145318873007
5361,10,112016831877
5362,10,88826744917
5363,82,128281415791
5364,39,59524926913
5365,2,127843293756
5365,23,68436929135
5366,414,136199910492
5367,10,107308956724
5368,0,61692376463
5369,33,123987227146
5370,8,114028463668
5371,422,148082384211
5372,20,86399127057
5373,157,160976960273
5374,10,41213810472
5375,43,135809473773
5376,385,170364728052
5377,175,171482652205
5378,33,89519112674
5379,53,109097119577
5380,149,118203075671
5381,158,48712884296
5382,10,131750324707
5383,64,163791492247
5384,413,113579012544
5385,4,115330469373
5386,369,56684096985
5387,126,123448304604
5388,10,40000273987
5389,511,130174316815
5390,383,173385462522
5391,761,64140238489
5392,257,121792914274
5393,20,67223125901
5394,146,58639491597
5395,39,66355384007
5396,0,89312780171
5397,76,137956465634
5398,513,143919097047
5399,126,75572553008
5400,39,154486591588
5401,4,125471824190
5402,261,132328499320
5403,108,184176207705
5404,737,122324838065
5405,177,156738602069
5406,98,78954844324
5407,4,81826587473
5408,475,175092711552
5408,8,114549751625
5409,762,149805637926
5409,8,140506668682
5409,87,94685703613
5409,155,90273454074
5410,282,166295556070
5411,16,34298810284
5412,0,71089966114
5413,264,109552588325
5414,763,157342816012
5415,399,178769423892
5416,8,97729702416
5417,224,135782542793
5418,193,122703806152
5419,20,154687000
5420,50,194217457292
5421,315,128373944225
5422,94,158003702819
5423,412,146165654447
5424,10,121553902747
5425,81,76613771088
5426,10,39539402821
5427,0,92000465936
5428,89,191405084063
5429,10,115163380181
5430,22,91929866048
5431,29,128530785597
5432,144,120430778603
5433,11,130520838404
5434,11,86653295114
5435,4,97329098672
5436,688,143029714814
5437,764,157039175207
5437,177,156643658779
5438,128,51371575375
5439,43,144892840035
5440,0,122936739322
5441,765,188864358690
5442,766,158000801857
5443,10,107187319086
5444,39,139357389574
5445,10,111596300630
5446,279,134926011579
5447,10,126662184593
5448,601,128139133648
5449,512,139153800378
5450,61,127596919606
5451,152,83217732829
5452,158,145219169396
5453,16,57180033365
5454,10,115475437589
5455,193,97950155987
5456,189,131301978108
5457,671,183579260785
5458,503,138163525131
5458,473,124678949101
5458,21,115709930491
5459,102,117435508188
5460,767,93840200879
5461,112,117129709902
5462,10,62634124324
5463,98,91652887736
5464,10,96552792450
5465,1,107919238993
5466,39,93224278755
5467,10,70458634891
5468,23,11976714716
5469,94,116304126785
5470,466,143568462325
5471,8,127979005935
5472,0,63078095238
5473,244,168198884228
5474,45,108098134852
5475,23,8374422000
5476,13,68681262927
5477,16,5330953000
5478,139,88487301417
5479,20,4647301000
5480,126,163949504930
5481,20,17117968898
5482,10,65666937372
5483,162,79408151929
5483,46,77343898869
5484,10,107012021148
5485,0,142181168928
5486,30,132122295482
5487,402,172273978465
5488,0,154878588924
5489,83,139289189650
5490,622,146706861045
5491,94,95567225038
5492,156,136157972463
5493,155,190666566196
5494,69,136325704229
5495,414,142196263169
5496,111,92006724840
5497,353,147554183612
5498,768,173150435531
5499,105,51520257656
5500,4,116869174062
5501,30,172903565535
5502,23,54309062135
5503,82,127162243185
5504,10,105061352574
5505,29,118079271853
5506,270,175716562672
5507,38,111442033607
5508,227,120020015259
5509,440,178759216203
5510,658,140506402139
5511,83,143739590795
5512,528,145086714669
5513,155,48957495231
5514,67,83604101923
5515,102,52315013733
5516,769,145565079648
5517,10,35752162221
5518,10,33334959121
5519,193,114537538272
5520,594,165779833765
5521,174,189442840285
5522,155,59231092177
5523,48,153168790410
5524,400,176942493540
5524,669,176941826020
5525,0,136420602470
5526,87,92799064945
5527,155,67111879160
5528,306,173857808807
5529,5,121370821077
5530,495,97707379290
5531,0,60285874355
5531,85,60285749238
5531,112,54620190468
5532,57,121293655649
5533,241,139656279726
5533,37,124496068080
5534,13,56474079573
5535,523,152925708277
5535,770,144891281062
5536,329,175727185306
5537,128,91003225574
5538,250,164421674292
5538,681,161660912651
5538,526,155583664955
5538,230,155583619507
5539,10,44498234160
5540,771,149103611834
5541,210,112642504936
5542,376,116126650932
5543,395,130646845296
5544,126,146847008794
5545,39,106576381158
5546,47,92872030672
5547,2,115345915181
5548,10,160008764204
5549,143,66018333742
5550,10,36624417921
5551,33,123974952102
5552,43,143100309515
5552,264,140677185391
5553,10,92628783307
5554,13,87003834612
5555,139,55816704449
5556,768,92340616156
5557,416,116446702064
5558,291,114709579939
5559,209,83543210404
5560,193,125022523666
5561,10,30829993641
5562,3,71627289044
5563,3,161666997823
5564,11,82512502031
5565,214,161475584758
5566,143,72127045524
5567,85,81443212713
5568,16,12680507731
5569,0,141239392937
5570,10,61264471225
5571,52,105300314308
5572,126,185556421624
5573,193,132774476345
5574,8,111904881285
5574,10,109841419961
5575,347,151440327480
5576,158,52955462386
5577,772,133799313356
5578,773,118540672160
5579,774,188786179827
5580,156,59102851331
5581,105,50912046002
5582,47,192766728060
5583,16,526739000
5584,2,154454747684
5585,87,97804752859
5586,53,110431424225
5587,257,96223738157
5588,10,17606307699
5589,46,93609974736
5590,11,87352098932
5591,10,38900703595
5592,20,67788782433
5593,81,162407008920
5594,251,176071495451
5595,264,143056218715
5596,0,194603893486
5597,193,135883503082
5598,165,168821876935
5599,10,121921514893
5600,10,75513143774
5601,775,161552907425
5602,185,195686687241
5603,53,127791580261
5604,451,171442139837
5605,193,139330355584
5606,11,155586619339
5607,70,51838980887
5608,169,118264974563
5609,2,156701646052
5610,155,49700403664
5611,10,61070385473
5612,158,49567652109
5613,13,64985873577
5614,4,184287752158
5615,4,80576449256
5616,8,111716838057
5617,112,66590444522
5618,4,107887843523
5618,111,107886949816
5619,94,106332014518
5620,26,123814329989
5621,370,127674494916
5622,139,72297849035
5623,128,47922036571
5624,105,87439289897
5625,155,127244570248
5626,11,95119699716
5627,10,59278830672
5628,776,161370327216
5629,112,84066478133
5630,10,118995758030
5631,57,131702022450
5632,274,127629770801
5633,229,158353042204
5634,777,172351047891
5635,455,125448932213
5636,703,155703481020
5637,239,54384128756
5638,8,106851976681
5639,8,176960040171
5640,406,126791674050
5641,385,128123275985
5642,10,75302345362
5643,10,109049845100
5644,0,106694880275
5645,11,86888911851
5646,155,73951046933
5647,625,173284911618
5648,16,62363492137
5649,209,93958548731
5650,47,78606825955
5651,130,90042804536
5652,4,81378242532
5653,20,8532252000
5654,3,111170274669
5654,114,62178109958
5655,217,121974801370
5656,274,101688578823
5657,146,59258981548
5658,386,170219014264
5659,193,133121823831
5660,156,75952540900
5661,0,77717142640
5662,3,85939991966
5663,11,81825271159
5664,8,127456985567
5665,0,60194507019
5666,11,128373303438
5667,156,57460856922
5668,53,62794366787
5669,778,137098304107
5669,302,123736851639
5670,10,28244871126
5671,16,56970194113
5672,257,92317450583
5673,300,131460729362
5674,0,102916389581
5675,316,163693213927
5676,779,160946483689
5676,10,113256573920
5677,193,135827680964
5678,43,134968178735
5679,43,150405322419
5680,426,125459896557
5681,10,114278594185
5682,10,164573975040
5683,349,141757996030
5684,352,176494105679
5685,5,150903983975
5686,780,101827087518
5687,10,92281453981
5688,10,131061487695
5689,30,112261403109
5690,10,58310033369
5691,111,161569191261
5692,65,78091702104
5693,10,93753180034
5694,399,192113050641
5695,688,156899089464
5696,49,135653964042
5697,10,112714094065
5698,1,109395890419
5699,16,15179247614
5700,113,80622451710
5701,102,55452926312
5702,39,90644475155
5703,347,144194149687
5704,57,75044610707
5705,50,129870647493
5705,781,128106358928
5706,33,89519215157
5707,47,96180849313
5708,20,63814634731
5709,22,133726152405
5710,422,139164530233
5711,1,103059175777
5712,241,173231311505
5712,120,113235488880
5713,782,90287675372
5714,177,123739253832
5714,190,123739198302
5715,274,105330839287
5716,16,18210215011
5717,783,187743396104
5718,115,108444889174
5719,369,77273949015
5720,224,78664594996
5721,4,118092734235
5722,240,127766415509
5723,4,106269741724
5724,146,95142144434
5725,39,61090745938
5726,10,96869896544
5727,784,136810243548
5728,164,113516843163
5729,10,122994705597
5730,156,87794273888
5731,156,77691591960
5732,0,133897335471
5733,5,128629843189
5734,65,66690347656
5735,494,111507783013
5736,129,152242791710
5737,10,97812746842
5738,785,141083502657
5739,495,176785499599
5740,39,122845179033
5741,10,94360280467
5742,0,62191034205
5743,475,179910361383
5743,786,179910301245
5744,224,104270160959
5745,444,122426237723
5746,22,180402711977
5747,8,192765108216
5748,5,141852511319
5749,499,122148914960
5750,10,141272898041
5751,8,127057567776
5751,3,127057522060
5752,787,123630387260
5753,600,126883352282
5754,658,124695837620
5755,362,143508420303
5756,378,134155862524
5757,106,92859795744
5758,240,131077115199
5759,15,70915541901
5760,0,116974254462
5761,13,106707478944
5761,39,106706926638
5761,1,106706862270
5762,10,40013432564
5763,10,19273575809
5764,102,54604274538
5765,20,43808280830
5766,105,48023814080
5767,788,175705145181
5768,53,56154998408
5769,102,49518359901
5770,155,54701725953
5771,128,50379840509
5772,10,77280829524
5773,300,133814500471
5774,789,153870370580
5775,15,59956907388
5776,365,177426005702
5777,355,113027299350
5778,193,138666709899
5779,10,64023264545
5780,291,116021002888
5781,4,94747612542
5782,446,143921179310
5783,156,80525271612
5784,790,122696576353
5785,162,82580162977
5786,58,86722484739
5787,349,193207046165
5788,77,67248606692
5789,15,54259467271
5790,88,146441295127
5791,57,114119350584
5791,8,112487487251
5792,242,125963345789
5793,23,51452000
5794,197,165619168297
5795,10,76707273956
5796,30,192749664853
5797,23,57091189294
5798,0,61936374943
5799,177,150670580789
5800,791,186706427136
5801,83,138225590429
5802,29,114743383787
5803,33,96237105400
5804,23,51294684871
5805,71,96145551166
5806,214,163016962986
5807,8,167333778837
5808,4,78949928557
5809,155,50554574683
5810,242,124238249882
5811,229,137199596723
5812,23,37417446116
5813,30,180814335148
5814,130,75331537801
5815,792,180731421435
5816,20,10849291000
5817,18,101920543275
5818,155,53268057164
5819,563,133645623093
5820,11,103530384084
5821,400,174922214809
5822,70,48961787654
5823,23,15348028360
5824,16,15117699044
5825,411,151127932878
5826,177,119385273638
5827,227,123880744267
5828,256,129896600500
5829,67,92651044578
5830,2,137445825586
5831,0,102239123482
5832,0,136484697221
5833,16,8529180000
5834,0,104773582049
5835,64,91123855949
5836,143,65715371367
5837,10,39657966242
5838,67,94596581328
5839,10,113186030791
5840,10,66006207021
5841,130,53552918187
5842,108,177625650076
5842,793,175887605898
5843,23,11741655279
5844,106,111845773889
5845,625,122080087150
5846,794,130748212115
5847,8,134141989012
5847,47,104805472569
5848,5,77208223220
5849,795,120275382410
5850,347,140539111453
5851,117,155773254339
5852,187,139066631090
5853,187,127016632347
5854,47,91146860934
5855,512,116457172925
5856,128,111674872831
5857,110,126314101962
5858,283,130817021066
5859,8,108786749998
5859,422,107671988372
5860,416,123777830580
5861,10,129430384933
5862,10,59432425099
5863,16,6649908000
5864,105,69240555927
5865,128,176111336016
5865,438,175238114554
5866,83,139691138026
5867,10,111813077151
5868,193,128907967421
5869,8,111538915080
5870,16,45433061790
5871,64,57456103640
5872,3,88782140571
5873,0,129647832491
5874,10,41102283631
5875,10,44305724355
5876,100,87013852946
5877,283,122592608248
5878,126,123601026570
5879,61,92982251777
5880,227,90852841112
5881,796,188023703792
5882,0,107355746121
5883,4,161117368856
5884,5,170636264135
5885,146,51326121620
5886,109,124144899055
5887,187,132175626536
5888,38,138294521896
5889,797,151983063273
5890,74,113874229587
5891,60,118539448711
5892,780,74113222752
5893,282,120495523721
5894,69,120257590981
5895,164,117597931454
5896,688,113611993400
5897,217,83214219702
5898,52,138751190628
5899,93,71847931992
5900,734,152887031751
5901,10,154140492884
5902,10,42685011308
5903,47,107022301215
5904,23,52201323009
5905,420,120917705249
5906,143,64262819170
5907,3,132178604301
5908,20,10856214000
5909,8,105857412539
5910,188,167974913644
5911,694,137528595405
5912,798,123363433036
5913,43,122866789099
5914,444,115425971584
5915,129,166427260290
5916,109,101780071618
5917,495,127018110425
5918,15,52672848364
5919,384,179509895372
5920,535,146342067123
5921,23,73416580154
5922,81,92255440397
5923,637,92811709580
5924,227,128702104797
5925,29,69554027842
5926,10,33699965637
5927,0,111711355920
5928,10,92178928203
5929,18,142302077567
5930,102,59375109778
5931,22,80360490321
5932,640,105907123647
5933,83,163909808058
5934,128,50694321109
5935,20,88397393422
5936,227,110654840992
5937,576,167933180286
5938,10,30514350654
5939,321,116186085957
5940,128,50413502912
5941,50,120882079716
5942,336,186839332720
5942,3,143231544684
5943,0,130433069054
5944,202,112416398277
5945,422,118263781916
5946,366,116094545865
5947,799,164143720622
5948,138,129156954787
5949,488,134018101931
5950,87,88264319160
5951,149,118508699218
5952,4,86279530319
5953,411,120424042704
5954,8,103465551531
5955,525,62742783488
5955,525,62742783488
5956,11,130903755306
5957,347,166007040498
5958,22,95178532475
5959,162,57577599860
5960,29,165955707069
5961,321,126338139768
5962,155,54584360190
5963,10,80939526695
5964,219,136151916964
5965,23,93668750605
5966,8,130293284937
5967,57,131833303532
5967,221,128576266417
5968,53,90039542089
5969,0,116616950393
5970,800,142131027559
5971,97,83160042101
5972,29,128130970754
5973,441,115665999342
5974,10,15986730863
5975,741,150235686093
5976,8,121307167089
5977,801,187925989440
5977,694,187925248575
5977,802,187925202417
5978,66,114903607988
5979,256,156461161292
5980,162,56155415549
5981,49,150066006986
5982,239,79583181087
5983,18,126236689600
5984,128,53940235165
5985,4,113690028218
5986,264,143667926512
5987,764,161296819855
5988,20,45196488822
5989,83,139502833188
5990,47,86961888497
5991,23,78094229852
5992,16,11559728000
5993,39,134915856131
5994,94,135734265121
5995,47,103298609268
5996,30,176532499512
5997,39,116890636100
5998,10,166297267290
5999,576,169315678547
6000,622,147149342212
6001,0,128701517989
6002,112,105649443673
6003,466,131597386935
6004,23,35873539803
6005,39,51466055652
6006,671,186194543900
6007,10,80199284927
6008,317,163274921353
6009,11,120773565014
6010,10,116376933859
6010,29,106182074445
6011,139,63080042757
6012,178,153329591212
6013,369,67475264890
6014,39,79387525453
6015,615,92424937604
6016,369,72015555477
6017,369,71027834827
6018,39,108525426609
6019,145,65046608313
6020,0,56677496902
6021,149,141837661906
6022,87,52593101973
6023,10,124152324356
6024,539,156541867872
6025,126,138165425825
6026,0,140712001273
6027,513,107908337373
6028,524,94770348731
6029,81,97193479193
6030,244,136040607766
6031,2,126061915618
6032,105,49605413520
6033,67,111515352930
6034,4,143175321188
6035,50,156879753283
6036,494,159173513274
6037,10,70074520994
6038,8,140294133545
6039,112,106998857296
6040,50,181235909790
6040,10,146168531095
6041,74,87680112767
6042,191,125821709904
6043,4,119125332003
6044,0,182629028983
6045,8,130460458323
6046,504,132152070931
6047,111,109378312950
6048,52,110021497908
6049,4,71705291849
6050,803,155766893221
6051,10,107991115257
6052,804,169953789174
6053,105,49600275077
6054,16,69628403471
6055,422,127607407310
6056,53,57887320587
6057,87,61589681756
6058,20,41876000450
6059,23,39897188639
6060,406,146258656057
6061,84,115067048269
6062,8,111885045409
6063,10,161569836700
6064,116,91985795082
6065,20,50163422541
6066,193,102601759945
6067,10,172552290610
6067,13,172552123804
6067,296,172551955467
6068,805,159403276996
6069,307,53382293249
6070,180,109690513925
6071,23,37606702816
6072,113,122506501631
6073,234,82413289380
6074,193,117821965334
6075,53,160796761664
6076,1,76572986321
6077,162,76533931440
6078,93,68748192757
6079,162,71373774206
6080,47,97526805285
6081,52,107240593378
6082,424,122760519971
6083,4,118878934152
6084,333,180492699723
6084,332,179461293297
6084,334,173165722215
6084,335,157315498894
6085,5,129349320963
6086,10,68131486317
6087,235,153255402230
6088,10,134937646320
6089,69,124776728907
6090,10,170187789210
6091,146,76835191084
6092,422,136517577149
6093,4,116132139171
6094,257,195414389844
6095,121,111042585429
6096,16,86872485759
6097,2,124501294982
6098,109,81601682708
6098,70,74480390875
6099,207,117909402927
6100,652,124083427459
6101,10,38980546907
6102,273,189225817490
6103,35,173946337876
6104,325,84114125719
6105,39,128787918174
6106,192,92408184655
6107,164,113256952921
6108,50,154281202943
6109,18,95191581950
6110,20,10410699000
6111,304,181849594793
6112,206,62465857796
6113,362,136326439272
6114,87,91370627615
6115,400,178667647012
6116,8,111306911641
6117,155,72800239498
6118,229,133158986931
6119,47,78335769233
6120,776,179368812604
6121,87,60658694485
6122,0,142706105831
6123,301,123835211758
6124,47,88646899594
6125,119,136344993061
6126,22,97301584184
6127,152,151414337372
6127,8,120942230523
6128,67,94473002504
6129,10,108581058780
6130,18,123896469029
6131,413,115236266974
6132,0,117481748216
6133,322,92264167013
6134,20,51110188871
6135,64,190872487536
6136,10,68346043264
6137,209,118019347133
6138,10,149821859637
6138,170,149804619230
6139,344,112132170241
6140,806,69767227332
6141,10,74302399414
6142,126,80184205666
6143,202,112833365177
6144,39,68510203130
6145,39,59634912372
6146,807,142630138596
6147,257,96149881616
6148,808,160937988773
6149,149,119478341667
6150,786,178758513558
6151,145,122607920224
6152,13,86032449756
6153,577,157349552177
6154,242,123658439733
6155,347,131970534160
6156,193,97974914648
6157,619,97695209166
6158,20,19274925629
6159,94,115644497308
6160,97,119635808382
6160,87,119635027208
6161,198,136843342840
6162,809,186706259871
6163,10,75765095716
6164,4,76784299241
6165,20,81230026913
6166,106,59172124193
6167,20,40516385764
6168,10,80853666817
6169,145,129568218333
6170,16,58332027271
6171,5,121822473181
6172,23,21760894221
6173,13,111338728236
6174,512,162397151244
6175,729,150326627528
6176,373,190077331781
6176,332,181357223923
6176,105,178835017265
6177,43,128540761891
6177,1,109441050356
6178,298,163877000821
6179,88,156986408737
6180,385,125368440714
6181,0,123263346028
6182,10,51557904139
6183,10,145759558992
6184,10,40525316147
6185,10,19767820628
6186,10,88520328039
6187,106,56200837044
6188,763,156341712649
6189,83,158176740856
6190,10,110844501151
6191,105,55664340692
6192,102,48381864990
6193,164,114821401220
6194,810,129618035822
6195,811,166897047972
6196,70,69270520087
6197,812,94518650107
6198,33,170880988931
6199,4,76199760941
6200,813,191558736456
6201,264,155181941778
6202,100,102733227538
6203,221,114237394847
6204,105,74120069763
6205,808,158882782816
6206,264,123677613077
6207,83,150720699775
6208,65,72262794911
6209,20,45518025385
6210,23,745308000
6211,0,136004290690
6212,112,66952928159
6213,223,61606916544
6214,29,79574982212
6215,138,121649475708
6216,488,132945317690
6217,156,95281776542
6218,10,25391553134
6219,11,155838703760
6220,0,85885792913
6221,274,78602730079
6222,10,93768135927
6223,466,133574718677
6224,8,111858580156
6225,235,130981854588
6226,398,164125795395
6226,8,161377506826
6227,8,109780197438
6227,256,108171669058
6228,146,67893667129
6229,224,92648547955
6230,20,92376405576
6231,274,106158259661
6232,83,156446546607
6233,10,134832275034
6234,2,122057434589
6235,23,14900000
6236,193,138653171180
6237,10,150843663009
6238,22,163841550573
6239,631,183765385783
6240,257,114196505776
6241,36,184256291517
6242,57,116545848819
6243,4,88051092786
6244,8,181540926203
6245,10,44331828667
6246,126,127185035611
6247,20,10780329000
6248,10,157139837788
6249,234,116783195167
6250,29,131906895060
6251,331,157008658056
6252,27,178576012929
6253,2,103505365938
6254,157,192218552262
6255,170,171487597507
6255,22,164065498913
6256,0,121843326014
6257,105,62936297529
6258,422,126558635604
6259,422,130267530364
6260,369,72391855377
6261,747,126373042527
6262,43,144111653524
6263,102,74835482999
6264,114,77835290817
6265,443,162666813662
6266,246,164506585688
6267,11,79056261726
6268,64,122928469516
6269,156,60570648548
6270,0,80864037053
6271,128,69915104986
6272,162,55696934666
6273,156,59136874072
6274,145,111518204991
6275,262,121734509354
6276,143,64275906584
6277,29,109948688501
6278,0,81689328659
6279,814,147133492244
6280,18,162942311853
6281,119,143003666604
6282,87,63227294390
6283,125,97059371994
6284,15,107916336407
6285,33,122620634780
6286,188,162700528605
6287,143,63162664465
6288,5,121662424815
6289,202,112651320183
6290,20,90734739107
6291,102,59867103438
6292,39,119143042416
6293,422,109729937753
6294,29,140122281488
6295,97,178195969913
6296,640,122505888870
6297,30,140637849738
6298,57,76170725626
6299,34,118030491612
6300,294,153629777747
6301,156,79923690955
6302,4,95109351973
6303,22,97445000765
6304,558,190652261823
6305,130,72212685785
6306,128,54605182041
6307,10,61762787562
6308,8,108819851982
6309,13,66431291790
6310,209,109863082867
6311,37,96436737036
6312,16,96378518771
6313,676,185575726445
6314,347,124873235753
6314,112,83630120992
6315,307,61068310793
6316,373,194055077079
6317,792,86057370289
6318,16,71627420478
6319,199,126743809206
6320,83,160561991710
6321,10,142198184533
6322,573,175488502115
6323,23,18059994393
6324,7,121539903788
6325,20,79582004513
6326,211,127959413661
6327,10,41512460220
6328,87,86039645888
6329,240,174507796983
6330,13,76029882667
6331,39,51469826204
6332,10,70252004331
6333,220,134072501626
6334,383,136438067387
6335,198,122265523237
6336,376,121049484290
6336,518,120865720730
6336,45,86119842891
6336,217,86119789354
6337,104,153022171725
6338,23,8214793000
6339,202,138399497652
6340,16,18619237527
6341,33,89260520027
6342,0,124591895725
6343,16,68643573430
6344,87,79998053414
6345,622,146708357924
6346,20,11317020000
6347,39,60584542086
6348,630,160598471478
6349,815,167768473317
6350,37,97892191339
6351,16,10864103000
6352,0,83588144809
6353,16,40682299440
6354,16,18235555578
6355,203,156579473354
6356,816,66409858045
6357,102,170539945359
6358,10,116301410612
6359,16,11472234000
6360,10,38797961985
6361,8,112206421233
6362,155,91029803286
6363,106,82220298514
6364,349,154185460670
6365,193,156568695710
6366,70,55477489965
6367,43,113468724086
6368,156,123770709325
6369,156,107801435167
6370,673,160867678126
6371,155,64201270275
6372,227,95217449082
6373,363,164833323607
6374,15,72265942727
6375,70,47697706236
6376,308,93368840673
6377,730,113601839536
6378,102,52929227422
6379,112,66417567042
6380,128,53493077771
6381,58,84063918342
6382,128,115404279516
6383,10,58458686108
6384,239,52689146985
6385,177,118158955515
6385,177,118158955515
6386,414,114916545099
6387,126,151050264801
6388,10,104511357002
6389,510,192303807524
6390,11,128703777121
6391,469,123881145857
6392,355,80013147109
6392,10,54699543446
6393,817,179160212335
6394,625,134086517997
6395,315,132110358180
6396,818,165606167511
6397,209,122935217533
6398,126,123948722625
6399,10,48271225009
6400,113,60549844467
6401,10,44032512331
6402,327,135898744804
6403,0,86650860702
6404,23,44658245510
6405,144,118541839051
6406,60,153328730473
6407,155,92414456731
6408,143,65399010799
6409,0,74435567574
6410,20,22428693770
6411,4,142816435356
6412,10,114059983681
6413,532,137721280806
6414,379,129193666312
6415,56,121440389285
6416,115,129264309820
6417,227,155524031875
6418,22,127872009209
6419,22,126521941229
6420,83,138726704071
6421,278,163570532706
6422,162,62277730763
6423,13,90693198665
6424,104,116967152026
6425,33,86886281728
6426,819,127491434648
6427,125,96090333144
6428,0,81555461762
6429,128,54756824787
6430,193,115856147977
6431,159,114298977104
6432,513,128975240775
6433,128,53573224452
6434,10,96494806560
6435,221,114830087783
6436,70,53140771009
6437,513,110791457556
6438,10,54434322452
6439,422,133048037916
6440,11,119395903676
6441,0,123536173829
6442,209,112561022961
6443,1,109391977087
6444,39,156216607368
6445,3,108510645553
6446,50,135437709492
6447,29,131204730177
6448,13,82917711903
6449,105,48627729972
6450,125,118037306960
6451,2,93457919787
6452,370,166754937949
6453,10,44303058757
6454,105,53376845075
6455,64,80925667252
6456,257,147148735743
6457,13,111815176931
6458,20,87069972323
6459,23,49208723420
6460,87,112480414509
6461,192,151619584919
6462,820,146867562156
6463,39,60871143515
6464,155,51559092572
6465,125,92681648090
6466,23,73103894356
6467,126,80591890638
6468,10,84466737365
6469,57,70124505298
6470,0,61880503895
6471,33,121649047054
6472,34,115961584919
6473,367,139207877508
6473,821,137656501329
6473,514,136441191876
6474,0,143391144203
6475,5,140781958233
6476,0,111703276168
6477,422,123608809609
6478,16,20866910992
6479,33,90902075643
6480,187,114874086803
6481,164,138994571784
6482,10,28249899967
6483,346,155765780734
6484,10,134763574537
6485,114,156918631143
6486,16,77558277615
6487,10,43201594842
6488,0,123484521946
6489,147,135030672900
6490,822,140058585308
6491,20,10874220000
6492,403,56259727400
6493,471,154719873296
6493,30,139148167024
6494,8,131680220287
6495,192,161147428707
6496,193,109638974615
6497,8,125089427596
6498,83,144796706822
6499,0,141339321995
6500,83,141431201116
6501,10,106106702326
6502,10,126481073780
6503,257,96743206846
6504,10,108891708057
6505,823,129596816364
6506,105,82594354335
6507,10,104864578414
6508,5,156302473920
6509,253,126415350409
6510,176,144936621806
6510,0,116585613541
6511,10,160287909538
6512,172,105407692282
6513,83,139524308653
6514,327,131410796871
6515,29,165800782850
6516,2,90544906742
6517,22,194555888467
6518,303,177461670673
6519,47,116228522122
6520,485,144211346367
6521,10,30221692956
6522,87,128163864929
6523,20,56866876682
6524,24,107296285706
6525,22,116049398454
6526,10,118882064812
6527,39,64971544221
6527,113,64971342594
6528,33,165706269113
6529,193,133149831693
6530,139,56230239495
6531,113,60217251722
6532,8,127235971732
6533,53,72995252362
6534,155,48439080578
6535,10,61700770168
6536,2,135876212976
6537,223,69024253381
6538,10,89475197951
6539,39,171170088730
6540,5,78954877323
6541,2,137554797327
6542,83,141049394584
6543,202,123771996854
6544,129,162412379246
6544,255,162337648906
6545,0,81660598161
6546,528,124311795713
6547,294,168730351386
6548,824,195002492155
6549,825,193159006960
6550,256,124139541379
6551,1,109548458562
6552,10,105390823672
6553,20,19267071313
6554,10,30765538474
6555,826,129845389576
6556,202,108448868208
6557,334,175548573903
6558,10,81538939280
6559,228,142298499545
6560,0,122435837330
6561,10,80162650262
6562,525,69424984041
6563,827,130446619731
6564,10,92336593869
6565,45,71085525608
6566,530,118005834543
6567,83,157933854565
6568,20,10343084000
6569,313,150147916510
6569,828,148946253949
6570,823,149375536737
6571,422,105507110637
6572,23,54952359424
6573,234,97213378545
6574,681,166168555071
1013,4,95130978827
1013,106,78323028272
6575,102,63208130598
6576,262,134777967613
6577,13,55732098393
6578,8,154663924257
6579,23,30221342253
6580,155,127969784397
6581,322,127184687775
6582,264,108471324515
6582,52,108471135344
6583,383,119755814738
6584,411,118277565217
6585,0,116619873195
6586,10,74359143263
6587,33,89517946989
6587,33,89517946989
6588,4,103222103657
6589,149,121588978180
6590,829,118866769800
6591,830,78301932900
6591,49,78301736152
6592,217,121972344339
6593,831,195776058303
6594,558,189731109648
6595,53,130721055743
6596,112,63263276346
6597,16,69690733198
6598,16,21179292743
6599,10,74723354799
6600,262,119306675700
6601,281,108226029233
6602,759,164230245800
6603,23,29625705407
6604,4,95050655428
6605,4,79271643011
6606,155,69644710935
6607,10,78036343672
6608,67,108862465335
6609,10,143662183262
6610,47,147910224285
6611,64,128300249346
6612,411,129268901150
6613,156,93253925377
6614,33,124288474482
6615,50,157945377165
6616,5,108835792967
6617,202,137958784779
6618,832,93206218656
6619,4,122729603965
6620,47,92674294481
6621,0,173154976795
6622,202,103140937139
6623,227,123992191261
6624,53,95275455285
6625,155,129569966440
6626,128,67619006502
6627,224,73858350125
6628,128,63506220666
6629,20,336504000
6630,8,147036686701
6631,702,153206415389
6632,2,122791177140
6633,466,147926367019
6634,22,94607629557
6635,193,133267462959
6636,5,83701737022
6637,202,139338150013
6638,4,90159083443
6639,1,75553853337
6640,8,92936114516
6641,10,119745613133
6642,155,68831031797
6643,13,77208905492
6644,23,38110629500
6644,23,38110629500
6645,145,66949094408
6646,85,62532941966
6647,187,150650789650
6647,13,126292694597
6648,352,149462424466
6649,221,118404369367
6649,23,83158102692
6650,47,87795602592
6651,3,103176466679
6651,3,103176466679
6652,129,144194370407
6653,39,142846779504
6653,504,142846443494
6654,4,73011065614
6655,134,146865679144
6656,139,93323706552
6657,462,179970350242
6657,400,179970305341
6658,121,142103725028
6659,109,158361900784
6660,213,164311306679
6660,317,160585392704
6661,539,162088502879
6662,10,92457923111
6663,10,123037286109
6664,23,41602652908
6665,16,11400819000
6666,56,122754704009
6667,10,115245551649
6668,833,131042565781
6669,10,115236524260
6670,8,140752861126
6671,242,94864758638
6672,167,133728278761
6673,146,59608309678
6674,87,87536208574
6675,23,61915140411
6676,8,151000009549
6677,445,140896498348
6678,143,68933921523
6679,51,158783414467
6680,1,106574413000
6681,3,84983293669
6682,53,97041207596
6683,63,115195596599
6684,1,94075506591
6685,0,109723714306
6686,57,92684532651
6687,211,113013902992
6688,156,123699484935
6689,105,135208435113
6690,188,136842160521
6691,29,93882423209
6692,187,142655362116
6693,62,167908281861
6694,97,146966353960
6695,11,166543985828
6696,834,125351577221
6697,53,92763418919
6698,8,107110716253
6699,105,166538056130
6700,4,97789334619
6701,835,176045271641
6702,125,114801253697
6703,117,143661028897
6704,0,155932560490
6705,8,134438736927
6706,43,124488020857
6707,16,31505138271
6708,57,85290109434
6709,3,79547402302
6710,303,176831501506
6711,836,148671746922
6712,0,148934981003
6713,20,52949820771
6714,567,188053685760
6715,499,123535480789
6716,227,131570941586
6717,115,120549324080
6717,167,120549143909
6718,13,79422914184
6719,570,183341263751
6720,227,164932645082
6721,15,62216389637
6722,11,65487473011
6723,84,86835890950
6724,837,115916539011
6725,251,182286556228
6726,69,156977927871
6727,18,124170184364
6728,389,149461658682
6729,3,103432660338
6730,42,133123735899
6731,216,85845396983
6732,418,140490865576
6733,264,154655673076
6734,409,188667476795
6735,0,141714970008
6736,70,64025190570
6737,5,137647322214
6738,20,672311000
6739,257,163181028414
6740,10,67307970433
6741,545,140156124018
6742,64,59423630449
6743,167,118644083751
6744,11,155346646384
6745,379,133230237055
6746,65,81192459756
6747,202,117484416131
6748,822,135632135120
6749,522,130022270446
6750,38,111805709101
6751,39,80602511852
6752,838,188592888701
6753,105,47947780776
6754,5,78819706404
6755,490,157742785024
6756,3,171759733444
6757,8,142430065693
6758,555,145932145929
6759,839,79762741802
6759,3,77570108719
6760,105,55474705006
6761,22,172470368306
6762,10,143514907165
6763,0,109215529411
6764,20,25320731808
6765,97,110005701574
6766,253,95036381085
6767,416,111723941000
6767,310,111723845215
6768,840,137222115916
6769,5,186460695163
6770,126,88393575461
6771,841,176304243661
6772,633,130439446242
6773,5,123727443278
6774,29,109031391219
6775,81,156394797523
6776,109,89510035615
6777,43,142875093996
6778,138,116891900530
6778,22,116891785056
6779,26,154315635795
6780,162,77418164926
6781,193,122694163708
6782,149,137462998567
6783,242,108150548678
6784,842,59438772584
6785,112,105545305789
6786,507,124726834285
6787,155,63941090197
6788,338,111467329206
6789,16,91289563039
6790,438,174517866449
6790,139,66687428140
6790,70,53376280436
6791,4,113872821431
6792,317,160525098593
6793,121,106947650160
6794,4,118662532226
6795,45,92712215226
6796,39,82266980775
6797,240,121335576860
6798,4,121632710015
6799,843,140555479881
6800,105,127780647688
6801,16,15108387007
6802,67,90823233639
6803,10,26782956669
6804,294,132737165514
6805,10,40326391037
6806,84,112651977625
6807,94,157260142570
6807,2,157260040643
6808,276,106662241560
6809,74,130417452532
6810,8,186179084711
6811,71,122410571438
6811,71,122410571438
6812,10,33932548407
6813,149,119391859798
6814,84,91557959897
6814,798,91557927843
6814,844,85526075093
6815,130,68753407909
6816,23,42577654390
6817,10,96777851455
6818,83,148423244029
6819,65,79554912854
6820,47,92640754418
6821,8,111843467255
6822,52,82679951507
6823,5,121668977736
6824,22,168102897546
6825,119,172100252963
6826,1,120153339869
6827,113,64265509331
6828,109,84798167678
6829,112,112469862638
6830,65,64076592665
6831,192,93112863060
6832,10,162273444740
6833,143,77764618643
6834,20,83652286119
6835,10,75564461744
6836,0,154574550846
6837,332,179908433541
6838,44,166330934564
6839,23,95778538437
6840,845,132429251807
6841,25,116283497528
6842,39,96003970875
6843,94,109093265539
6844,38,163594330249
6845,369,142497327966
6846,109,157383671545
6847,156,169409141267
6848,204,135667540750
6849,255,162652908839
6850,4,95191103856
6851,671,185229880937
6852,20,13220661556
6853,518,131787283555
6854,156,57357545424
6855,444,125003473172
6856,70,47787034365
6857,53,79242169924
6858,10,79050816926
6859,102,90997242918
6860,134,141238784033
6861,327,173757133025
6862,10,75768106932
6863,452,163458027744
6864,8,133752667107
6865,170,134049085387
6866,15,64778882297
6867,0,143705860271
6868,47,88276844395
6869,497,63595473061
6870,23,10884924000
6871,84,83358673476
6871,109,83358354424
6872,61,85373345885
6873,30,140289304655
6874,71,161818108561
6875,214,162215516119
6876,69,135503621049
6877,2,190825714134
6878,10,108562867275
6879,179,128448449346
6880,846,177534893469
6881,39,51617503657
6882,71,92370150371
6883,131,92399452309
6884,8,109303098931
6885,94,126152654016
6886,127,115234484135
6887,225,125258729450
6888,29,93668954282
6889,559,138716543232
6890,422,134182119503
6890,112,134181982799
6891,10,126557567726
6892,274,194051763168
6893,93,56155402678
6894,269,190256237836
6895,74,119556152910
6895,74,119556152910
6896,125,113523366323
6897,0,51055943960
6897,10,27988550525
6898,673,159773456323
6899,16,27014036927
6900,23,43795669966
6901,226,79666311876
6902,39,118098808612
6903,10,48269582704
6904,158,135568525040
6905,3,122175599025
6906,1,81694586576
6907,146,49940483558
6908,182,111377623129
6909,20,17627483143
6910,847,117317249858
6911,102,189798704857
6912,60,125680878250
6913,10,110410069073
6914,134,154658771732
6915,112,113515082224
6916,155,47675217684
6917,10,41807834265
6918,32,96499369410
6919,97,134313382503
6920,2,140111322025
6921,8,187728975439
6922,15,105310191116
6922,274,104303619873
6923,0,103986398564
6924,108,195617576375
6925,530,110763436456
6926,16,77310619400
6927,451,155477170550
6928,156,58224165810
6929,10,59342075502
6930,240,139527218612
6930,240,139527218612
6931,8,81989157138
6932,193,115267112145
6933,127,125789797572
6934,97,159049703124
6935,73,172438919850
6936,576,123142610035
6937,8,127620680191
6938,10,109639286996
6939,4,76487201253
6940,525,82158219195
6941,105,47792950505
6942,10,85162620674
6943,603,141697478386
6943,8,140927422282
6944,16,21065858588
6945,10,31532433952
6946,4,118524127087
6947,196,76187719106
6948,72,84235988733
6949,43,142774970034
6950,20,43848659764
6951,848,113361820517
6952,274,106282948924
6953,85,111377354755
6954,53,122692809398
6955,16,17281075475
6956,106,111954019518
6957,18,86655867644
6958,198,139947033585
6959,23,120762733087
6960,8,164056723833
6961,50,161437290882
6962,155,132759514904
6963,23,56227433125
6964,131,114801416232
6965,461,171845629422
6966,22,116713562693
6967,102,56160357972
6968,133,173706095084
6969,69,131334058225
6970,39,112222198135
6971,53,53133916336
6972,29,134160038338
6973,106,88344061132
6974,490,161841218541
6975,0,128541656121
6976,10,112497366205
6977,58,113743622037
6977,10,36293932915
6978,280,119239212616
6979,23,10808409000
6980,43,122946653933
6981,320,120692997751
6982,215,124061101929
6983,303,174753290740
6984,370,123723345277
6985,112,54227881391
6986,849,133810872981
6987,740,154312638792
6988,162,57106353907
6989,317,168049062739
6989,86,168048973286
6989,213,168048724630
6990,102,55290185031
6991,105,70399005617
6992,71,123682239916
6992,161,123682144646
6993,10,92177736118
6994,43,121017833341
6995,64,59749092056
6996,0,118868332609
6997,10,95050504963
6998,2,172359599690
6999,128,53319497144
7000,301,188013884951
7001,438,175100036452
7002,10,96696802224
7003,23,36182719234
7004,67,88100214498
7005,1,109024509566
7006,734,138286963651
7007,4,73950421415
7008,111,141956895810
7009,126,92324865050
7010,257,137789506931
7011,673,157329712890
7012,39,116631583491
7013,33,86480679258
7014,385,118030832855
7015,713,186813219752
7015,461,181965373465
7015,850,181964241058
7015,42,172069519637
7015,851,155766051577
7015,267,130451455375
7015,375,130451373041
7015,57,125077439577
7015,8,124841892402
7016,652,133911330159
7017,83,142517034216
7018,12,131473568505
7019,852,113455051667
7020,10,43595277490
7021,10,79499544301
7022,87,95720252437
7023,87,113454104678
7024,97,120595791827
7025,1,95387854758
7026,329,175541188211
7027,0,60562376991
7028,39,126065352208
7029,83,194458694756
7030,2,139244176090
7030,147,128195578516
7031,47,84550548372
7032,8,111254913590
7033,532,82429937354
7034,53,92684551300
7035,135,145196055636
7036,347,159923039476
7037,99,115423724534
7038,822,145279809102
7039,134,108922442045
7040,288,129990830684
7041,448,69621552952
7042,16,25040419303
7043,853,114446105101
7044,10,111855030047
7045,10,49575372435
7046,253,118611881022
7047,10,95720002043
7048,8,106320626638
7049,87,55044610657
7050,854,122929736915
7051,20,40750976749
7051,20,40750976749
7052,369,58809418150
7053,855,140285807415
7054,4,138256490675
7055,10,142382776643
7056,106,58964180073
7057,47,88625030427
7058,130,47745802128
7059,558,190005454327
7060,175,148566442783
7061,286,143842086484
7062,83,158794114819
7063,274,77398466714
7064,13,111359603254
7065,109,81606941011
7066,438,177298997314
7067,199,120715786899
7068,16,43031898379
7069,10,94602316507
7070,4,120638758800
7071,13,54089755031
7072,53,58228364638
7073,23,9258557000
7074,347,109567160673
7075,274,106191997840
7076,112,192493096014
7077,87,91744253264
7078,85,142554867934
7079,156,62557112385
7080,747,111102589333
7081,445,136832929107
7082,385,178572305161
7083,106,69454775094
7084,8,145397705512
7085,8,116388949764
7086,144,116991700520
7087,856,131038220413
7088,20,47868660591
7089,857,192516148240
7090,264,123469475424
7091,423,139004569729
7092,643,195769938019
7093,162,66628294911
7093,155,53154874925
7094,105,49671476987
7095,4,129687397129
7096,858,136588319308
7097,859,177715026370
7098,307,42774160998
7099,248,169830208893
7100,29,82362002375
7101,0,105120668265
7102,860,163372846764
7103,0,57036759619
7104,143,68341336838
7105,20,12160393182
7106,151,146070341611
7107,0,129996674805
7108,10,102569732409
7109,192,115958683697
7110,53,76544356865
7111,163,162928255370
7112,16,81371825542
7113,20,92872287206
7114,441,155330147548
7115,10,115667159422
7116,23,30029637355
7117,10,141077805935
7118,383,118382385384
7119,109,126819998441
7120,10,63651400066
7121,13,93738911505
7122,861,174334638618
7123,10,38781305928
7124,862,118762559109
7125,10,84733944783
7126,0,141312110379
7127,644,158707520924
7128,64,173455431591
7129,23,91674360340
7130,234,53280335298
7131,10,69873005114
7132,101,168109908535
7133,97,108260399597
7134,102,53809579688
7135,226,81620646807
7136,156,58908696382
7137,23,42129229371
7138,20,18997002218
7139,87,67862513489
7140,125,88890333361
7141,102,102449908537
7142,227,92608514525
7143,130,74007286426
7144,8,103215391444
7145,553,120090883651
7146,202,109022709971
7147,126,106926208478
7148,77,78874018188
7149,78,123118948356
7150,128,53495340823
7151,204,103912613911
7152,70,64650714991
7153,424,128736565590
7154,162,131153630062
7155,10,83117770693
7156,10,39142438089
7157,487,160236582961
7158,16,18637584504
7159,863,114912161338
7160,240,112564212018
7161,864,157837794406
7162,83,139867271582
7163,0,151452076627
7164,83,155925450034
7165,10,44233593038
7166,525,94169525420
7167,10,110011227934
7167,10,110011227934
7168,192,106536209649
7169,865,124475666162
7170,502,155074965591
7171,2,137602215138
7172,23,51208048169
7173,155,53310366770
7174,264,158153462776
7175,10,194050394810
7176,10,63062711291
7177,10,108404345732
7178,145,109742838405
7179,572,194844601944
7180,52,138217841116
7181,188,186520202343
7182,193,130605856401
7183,18,125268088895
7184,68,195829983387
7185,29,115413716641
7186,329,178049433163
7187,329,179589361849
7187,329,179589361849
7188,145,61155339486
7189,383,119825151195
7189,147,116196142776
7190,16,10789602000
7191,83,175550457597
7192,655,113958672428
7193,16,58163524182
7194,54,112247511446
7195,105,50764246896
7196,25,109170718956
7197,11,102111347171
7198,56,123697621413
7199,2,168968327434
7200,57,137710902263
7201,10,57437389438
7202,737,110377978440
7203,3,122269642306
7204,535,156779773069
7205,10,48776004222
7206,251,175835887547
7207,11,152071731577
7208,281,133362035739
7209,464,183253398234
7210,8,111974530752
7211,117,135292917056
7211,126,135291054254
7212,29,140226704484
7213,29,115431763420
7214,29,91153326233
7215,866,133133204265
7216,47,108099336507
7217,70,85500430294
7218,216,141310215610
7219,10,67621779515
7220,0,118033918278
7220,161,111211848499
7221,8,111807289556
7222,23,8081784000
7223,93,77631522836
7224,102,133789409926
7225,303,175982664069
7225,155,170320449827
7226,71,78856860340
7227,23,38508519334
7228,297,133466734838
7229,317,161035136906
7230,10,43348787867
7231,20,23880129903
7232,867,80676711691
7233,14,79181974312
7234,33,128731193276
7235,70,53809653721
7236,10,118531654165
7237,34,119398474996
7238,39,79118869044
7239,93,67461984067
7240,10,113336516721
7241,10,92312325305
7242,611,141517226886
7243,25,89263179307
7244,106,88388972237
7245,805,147719624272
7246,128,64027665699
7247,2,82938146379
7248,868,123437189528
7249,87,113055412775
7250,10,52980622393
7251,202,122341993004
7252,125,105974056038
7253,4,124329038394
7254,10,63741763721
7255,10,50182607319
7256,53,152330206408
7256,52,152329427892
7257,10,107742349631
7258,143,61859937523
7259,869,164404400830
7260,580,137464641719
7261,4,70948778346
7262,870,187818955264
7263,356,171815991882
7264,409,186152597554
7265,5,135715652790
7266,10,84505396588
7267,152,147848312372
7267,152,147848312372
7268,363,121487780977
7268,473,120613487401
7268,39,65740403476
7269,4,73425213991
7270,217,82387499761
7271,8,116797226784
7272,363,165346835421
7273,1,133376626314
7274,10,73436180832
7275,200,121727275007
7276,125,112710736257
7277,49,154399832103
7278,53,75776328808
7279,10,60886450608
7280,621,155436101533
7281,257,93505396263
7282,2,184544734773
7283,242,81389239296
7284,5,122010424325
7285,540,118883187390
7286,10,48944408401
7287,185,194673974947
7287,572,194673747409
7287,558,194673729025
7288,16,15288823835
7289,631,170439829293
7290,23,43114696759
7291,0,84938365266
7292,70,51777816460
7293,8,138482655428
7294,240,119388240416
7295,10,19251735355
7296,10,18082831799
7297,4,82730071554
7298,10,166502129674
7299,139,62015678552
7300,504,142681267482
7301,4,109282827230
7302,1,90701670746
7303,142,109496388374
7304,369,56150514679
7305,193,137652415905
7306,10,84078685550
7307,11,131672608694
7307,1,131672493168
7308,10,35497501483
7309,50,154714935678
7310,15,60645158347
7311,20,29422775107
7312,10,111376890738
7313,139,79362059370
7314,871,129850780088
7315,8,114484181024
7316,87,128413706574
7317,211,159224068952
7318,10,134790059642
7319,16,0
7320,121,135348564616
7321,16,21350882573
7322,53,102953249202
7323,5,121503840913
7324,10,169665159409
7325,10,57002518052
7326,147,112809136286
7327,57,79803321766
7328,8,114715842866
7329,518,107629021766
7330,74,103814875112
7330,5,94122553435
7330,10,94122502920
7331,83,183246163693
7332,774,191952934896
7333,15,74959478053
7334,158,127673328125
7335,155,65421465035
7336,11,50105025225
7337,22,93021445785
7338,235,135478887164
7339,69,111065639675
7340,22,140835316172
7341,10,70600238342
7342,10,91566165196
7343,39,127349953444
7344,304,183322796683
7345,7,116875348634
7346,191,76174796792
7347,21,117037499608
7347,1,107543993307
7348,20,74395482091
7349,4,92098399583
7350,8,185073743282
7351,3,108284426923
7352,15,84502438881
7352,65,81620531491
7353,116,129563467201
7354,10,112643325308
7354,8,112642844087
7355,16,94025288276
7356,185,175660467204
7356,139,58636778979
7357,2,106662878966
7358,8,126654871226
7359,98,84145621716
7360,16,143631000
7361,4,92183067054
7362,369,76623812170
7362,369,76623812170
7363,11,141501764026
7363,11,141501764026
7364,20,3898745000
7365,223,59251517019
7366,158,69855984863
7366,158,69855984863
7366,158,69855984863
7367,0,62118951692
7368,0,124163436269
7369,445,148930899564
7370,16,185257000
7371,370,119824275203
7372,257,139987516947
7373,102,49366518205
7374,20,32306917732
7375,428,174272943948
7376,46,92846895234
7377,83,142952207723
7378,167,126556677661
7379,10,37432405422
7380,872,79788753423
7381,10,109782635239
7382,45,94319021280
7383,10,112845067038
7384,83,162701854570
7385,23,39746949864
7386,94,128646491812
7387,0,77627252260
7388,10,90640471204
7389,257,133904493762
7390,10,50379266326
7391,139,56182791290
7392,4,132861220317
7393,18,108774438991
7394,808,165499476771
7395,65,74789344200
7396,105,48894996374
7397,0,138640618840
7398,10,115407660979
7399,2,75848948542
7400,162,56754529105
7401,10,131501077485
7402,139,56165881324
7403,221,122414555656
7404,10,71728796997
7405,567,196027097460
7406,227,181084826158
7407,426,137607140414
7408,672,160551086386
7408,331,157963024991
7409,338,120498353458
7410,158,61764997409
7411,8,135136567649
7411,274,133725639775
7412,112,61843022681
7413,10,118722465790
7414,179,142284126666
7415,130,59163874664
7416,421,170008040109
7417,23,39739796629
7418,274,106419762476
7419,8,113978990920
7420,45,142193603525
7421,0,66597175686
7422,128,111436536813
7423,1,134756694180
7424,296,127722881464
7425,69,125122066159
7426,23,43034966161
7427,570,182492634333
7428,10,123891462473
7429,10,71109847276
7430,10,74374004203
7431,393,114696785663
7432,8,112041596167
7433,29,69692449704
7434,29,92512002308
7435,83,150827408823
7436,658,114971720047
7437,49,86783418145
7438,10,50113633277
7439,1,120086599891
7440,10,67124228942
7441,10,36632499921
7442,257,131844946378
7443,867,84301138591
7444,3,129609778176
7445,29,118352346399
7446,256,107491373955
7447,274,109772956862
7448,369,77096487201
7449,39,83037492284
7450,121,131757532836
7451,146,185848813507
7452,87,101941621765
7453,580,135976292755
7454,128,58401629576
7455,105,53273702476
7456,4,97284670031
7457,366,93940963719
7458,193,113014611461
7459,0,123881759013
7460,303,177337739381
7460,475,172765134077
7460,384,162665308380
7461,64,62632142678
7462,10,111494909910
7463,873,174245793681
7464,102,84827208902
7465,638,133721267538
7465,324,133720901760
7466,2,191175551545
7467,10,119382152639
7467,1,115405834348
7467,3,105988632996
7467,13,102894377785
7467,274,101924996191
7468,98,131005165874
7468,44,131005119514
7469,128,49591413119
7470,70,149536258316
7471,5,139601081674
7472,13,95653381823
7473,10,42183219105
7474,39,69535015691
7475,106,115081889929
7476,267,162578688376
7476,267,162578688376
7477,8,138434779021
7478,77,87174862665
7479,297,125431833453
7480,16,21229951348
7481,138,149612128642
7482,77,68866144702
7483,11,188950310174
7483,11,188950310174
7484,10,47584045570
7485,874,190781178169
7486,43,146798347774
7487,175,74634282538
7488,10,123567033605
7489,20,3300719000
7490,4,137259264320
7491,29,178750380742
7492,37,88367066494
7493,0,130550353468
7494,5,113160476964
7495,0,179693114582
7496,146,54755112111
7497,11,114629747571
7498,0,91988925588
7499,16,8101518000
7500,83,173243101404
7501,102,196192594925
7502,240,111963002871
7503,97,126213501250
7504,10,58998564833
7505,336,124049562973
7506,161,114715544519
7507,8,179709433905
7508,3,166837555219
7509,28,127698295089
7510,4,148216464964
7511,10,77523051674
7512,121,108602781249
7513,178,132391174683
7514,23,67371049113
7515,106,115685042264
7516,121,196685664403
7517,10,43623856466
7518,313,133140648801
7519,4,85073518519
7520,347,128284290856
7521,5,112829594149
7522,30,140380170035
7523,404,155254364143
7524,369,82867523288
7525,155,126663358559
7526,427,169345415094
7527,4,112145532402
7528,84,127406218964
7529,162,67470409117
7530,23,4900383000
7531,129,194913420881
7531,33,129740390093
7531,211,129740176216
7532,155,102279547928
7532,830,102279206443
7533,551,156017295018
7534,4,82238549548
7535,20,11984940566
7536,29,78700230462
7537,11,84572548488
7538,402,175641184924
7538,438,175640913716
7539,33,105557712091
7540,105,47702241276
7541,23,55372495879
7542,10,106442509226
7543,411,122942947206
7544,570,173034950216
7545,102,48805706035
7546,13,62117825687
7547,130,59025419396
7548,366,117199388023
7549,10,176427647481
7550,138,152061430769
7551,338,124748786775
7552,10,85714859814
7553,177,119629761454
7554,109,90622415971
7555,155,52259415161
7556,2,140071659897
7557,242,150664194006
7558,23,51578907112
7559,544,173116436858
7560,505,170546373961
7561,628,110122379509
7562,10,25624958102
7563,17,119310368459
7564,53,87184999575
7565,582,177746148740
7566,105,53466773767
7567,125,113767145096
7568,10,60924406710
7569,20,64731546669
7570,16,15127410727
7571,10,46318421299
7572,109,84212685728
7573,202,113434822986
7574,57,75753457270
7575,4,84725550842
7576,3,88449713070
7577,10,36339761712
7578,875,156196893138
7579,109,82312526852
7580,242,111640471229
7581,128,53198209282
7582,373,189726667885
7583,16,22534380123
7584,876,172792456212
7585,197,130950587280
7586,10,133726731096
7587,185,170390137160
7588,4,162939789047
7589,83,158103110224
7590,545,123349820834
7591,10,76183152164
7592,8,139786520011
7593,47,104435662348
7594,214,161835410843
7594,317,160705506957
7595,29,142006515545
7596,490,131311279688
7596,301,126803452150
7597,93,56588773618
7598,4,76460288054
7599,10,44833790883
7600,0,128737722487
7601,53,54516077106
7602,58,125555109155
7603,22,175442387108
7604,10,113094445640
7605,16,3432578000
7606,16,48208342538
7607,143,64595664763
7608,29,94000535997
7609,356,165674276735
7610,57,119924352619
7611,125,91232738555
7612,301,130621098732
7613,70,69539218240
7614,175,113950720078
7615,877,186002372962
7616,18,123969545933
7617,282,111807192874
7617,257,91078051727
7618,39,105452856835
7619,3,122411176200
7620,8,109289976698
7621,0,82345008973
7622,39,51488092009
7623,189,138946809723
7624,74,107806148586
7625,10,58668754493
7626,878,148420391350
7627,27,124030388840
7627,81,123341101525
7628,879,95931180352
7629,23,39791986078
7630,10,109795734359
7631,413,108784986801
7632,47,86629146273
7633,11,67282826083
7634,10,74977180128
7635,113,106519060493
7636,10,41466114739
7637,15,107100422855
7638,193,135541338861
7639,10,69876990981
7640,10,47323305543
7641,86,174674432787
7642,5,82948354907
7643,37,132417221111
7644,15,82236696230
7645,438,175017110254
7646,70,69445046718
7646,139,68507354400
7647,561,194025531276
7648,23,88649783604
7649,880,78443705303
7650,196,80732500143
7651,307,40179825726
7652,65,64179467366
7653,127,136648354350
7654,39,116147528548
7654,260,116147458809
7655,474,84034780949
7656,16,19413169963
7657,187,128458855199
7658,10,43377676185
7659,58,165728335476
7660,306,194451460952
7661,8,104117889317
7662,10,91466052778
7663,0,183087144317
7664,206,62216374353
7665,47,167406976975
7666,53,139509122538
7667,240,133639857093
7668,297,170015111134
7669,338,106192890874
7670,490,156624342865
7671,367,140413368751
7672,109,95389691650
7673,10,113060552354
7674,141,52157052899
7675,180,87181238413
7676,50,122095271261
7677,274,115004555855
7678,252,154279426194
7679,30,127439805993
7680,170,140386555678
7681,0,156794667599
7682,178,133575504619
7683,70,74100127775
7684,20,50445877124
7685,10,114739520149
7686,406,139425421013
7687,510,176010330715
7688,0,114396365303
7689,39,123457101346
7690,120,134848537614
7691,349,189641223969
7692,881,178571521399
7693,217,95223403624
7694,102,52714795551
7695,29,143021679819
7696,257,140316373764
7697,10,94509285535
7698,445,140876891338
7699,10,35353121782
7700,129,185139865637
7701,4,132320245798
7702,10,64277858272
7703,193,157824458477
7704,466,143583402725
7705,217,141082017542
7706,5,108155678343
7707,10,36732192758
7708,630,160564137676
7709,16,73362705518
7710,47,78636025942
7711,2,91326646310
7712,187,135288308163
7713,155,78020281371
7714,539,150854661909
7715,4,95028153516
7716,11,92177269213
7717,8,117563362155
7717,8,117563362155
7718,69,144759323794
7719,77,56710288104
7720,121,116880957497
7721,10,95784206291
7722,155,69204246794
7723,105,59545249384
7724,882,143052480013
7725,43,133912667195
7726,23,41238254145
7727,8,130945344471
7728,126,151083925936
7729,571,111477303988
7730,240,158700761426
7731,10,36289369039
7732,653,118802769971
7733,65,62981868085
7734,85,64012595179
7735,94,133038233336
7736,162,56696878240
7736,105,47658227792
7737,146,176953838534
7738,187,180231258645
7739,126,123891852936
7740,20,15124742468
7741,84,110383813758
7742,20,3208878000
7743,883,165717295849
7744,142,157659617762
7745,10,117602680441
7746,23,16741427010
7747,121,107700434029
7748,77,80562049302
7749,114,75005766622
7750,411,118263739974
7751,0,60446205574
7752,53,59759454807
7753,511,135637131314
7754,20,130437592214
7755,8,133908429821
7756,8,90590702581
7757,106,70228500469
7758,383,118173119768
7759,884,132971160593
7760,20,29825358468
7761,118,153623016850
7761,241,153622954047
7762,369,56167014682
7763,8,127338548871
7764,885,179505623248
7765,83,156693912647
7766,105,47704034512
7767,490,158872145850
7768,70,47771426987
7769,187,97220157161
7770,3,69253555426
7771,212,177338700746
7771,317,173281737485
7772,264,141501716773
7773,30,162433105731
7774,779,173743579826
7774,138,119753170410
7775,33,87257797123
7776,1,105236192003
7777,77,92789098285
7777,130,73945484553
7778,10,48004506189
7779,39,86716396971
7780,70,50696007532
7781,39,190138793767
7782,69,156977994470
7783,102,179799202576
7783,399,179799115509
7784,656,125503432379
7785,10,102545493111
7786,4,113310282826
7787,10,79217192135
7787,474,78707263811
7788,886,144442657589
7788,210,116708660708
7789,39,124420713439
7790,104,133184100581
7790,391,133183777044
7791,438,174522416473
7791,128,47862889484
7792,808,154882932353
7793,83,162333489945
7794,234,66505129117
7794,234,66505129117
7795,114,133218976807
7796,456,125090302477
7797,124,184995296188
7798,38,111532402838
7799,145,129933719894
7800,422,150519443512
7801,10,78519675340
7802,887,140805036691
7803,10,51561070821
7804,83,176233236777
7805,241,186882711365
7806,422,118266828672
7807,146,53384540866
7808,29,107331013042
7809,20,25208971042
7810,429,166520268286
7810,888,165502021467
7811,0,80410191839
7812,0,93881524894
7813,71,69381040840
7814,0,111856169823
7812,0,93881524894
7815,0,56441339535
7816,0,110141887020
7817,0,142583125852
7818,11,83778675433
7819,0,63477273491
7820,71,121912659359
7821,0,116792957110
7822,0,121814335081
7823,0,124563398343
7824,0,50117983318
7825,0,119385655824
7826,0,70653154216
7827,71,148927242610
7828,0,80538401869
7829,0,120068395566
7830,0,55853974862
7831,0,132792813211
7832,71,181290023493
7833,0,126484676384
7834,0,95485968507
7835,11,154296603666
7836,71,97352599257
7837,0,101907203164
7838,71,94291507686
7839,0,137389479441
7840,0,140626217421
7841,0,116258291702
7842,0,140725954092
7843,0,167748260249
7844,0,50944559999
7845,0,144626236984
7846,71,124054603827
7847,0,124239027831
7848,0,80420581823
7849,11,59183955853
7850,0,88470826546
7851,0,78533063388
7852,0,90953201313
7853,0,153536496764
7854,0,126304908695
7855,0,133826237672
7856,0,59461854553
7857,0,132381968175
7858,0,155743907796
7859,0,72244205087
7860,0,123715535190
7858,0,155743907796
7861,0,81625178247
7862,0,113453182518
7863,0,132458264264
7864,0,120028470417
7865,0,117748994344
7865,18,117748716236
7865,889,117748292882
7865,204,117747643772
7866,0,185827667763
7867,0,67219073569
7868,11,83879628265
7859,0,72244205087
7869,0,106092917296
7870,0,144534080731
7871,0,120442125872
7872,0,175461801016
7873,0,91810006462
7874,0,80803622754
7875,71,52879262009
7876,0,81031562015
7877,0,58062715530
7878,0,167246003098
7879,11,127708393436
7880,0,128503227998
7881,0,137009233727
7882,11,116136906219
7883,71,94309489613
7884,0,134765679601
7885,0,143645972337
7886,71,119755422874
7887,0,63955430944
7888,0,169059552497
7889,11,50105386010
7890,0,134361839941
7891,0,146079443228
7892,71,50117382904
7893,0,104814881718
7894,0,143663181249
7895,11,89753075086
7896,0,119723128217
7897,0,50188799128
7898,0,70914076236
7899,0,122600670258
7900,0,129499683672
7901,0,123184557698
7902,0,123708362282
7903,0,72658038227
7904,0,140570388191
7905,0,80424251883
7906,0,108267546833
7907,0,172963298747
7908,0,116644336559
7909,71,114644858507
7910,0,85434237690
7911,0,127435465307
7912,0,192414228807
7913,11,95172671791
7914,0,174072302302
7915,71,162093072331
7916,0,173544147985
7917,0,73956394875
7918,0,116713067983
7919,0,111579394601
7920,71,182812434044
7921,0,64342643358
7922,11,118265568346
7923,0,108426005645
7924,0,80800442697
7925,0,111861250050
7926,0,122045845452
7927,0,62427089484
7928,0,140058622542
7929,11,63305024751
7930,0,78113793266
7931,0,131128927227
7932,11,50104457888
7933,0,146246376118
7934,0,50175474596
7935,0,80956955161
7936,0,117339765029
7937,0,148573512896
7938,0,159846644285
7939,0,66163628841
7940,0,121642642170
7941,0,80758790103
7942,0,116619041783
7943,0,88922207590
7944,0,131402423242
7945,11,50106243471
7946,0,70682207973
7947,0,103288912675
7948,0,147028970311
7949,0,135136098761
7950,0,123060469228
7951,11,117658888481
7952,11,140933259076
7953,0,125377316827
7954,0,119846724102
7955,0,143962589449
7956,71,163543138690
7957,0,80622964358
7958,54,73348907889
7959,0,84776282337
7960,0,116789089762
7961,0,88387940585
7962,0,82259626980
7963,0,126755923049
7964,0,126825728833
7965,0,147821490230
7966,0,127869830518
7967,0,140904347101
7968,11,123511421878
7969,0,67896480985
7970,0,52623585548
7971,71,87053618480
7972,0,122537999589
7973,0,116717148114
7974,54,82388856932
7975,0,106079204945
7976,0,82897353948
7977,71,152048273648
7978,0,86051267638
7979,0,82137309814
7980,0,90925027954
7981,0,142289710812
7982,0,132622390739
7983,0,150641300460
7984,0,57299344608
7985,11,123645802526
7986,0,141237164974
7987,11,116796654202
7988,0,91986026701
7989,0,126379660639
7990,0,83474759872
7991,0,80335562002
7992,0,65756726160
7993,0,92991668046
7994,0,128296594760
7995,0,109122926538
7996,54,89957274843
7997,0,118527732612
7998,0,103230049645
7999,0,148145286093
8000,71,83838336856
8001,167,134015884256
8001,71,71033246415
8002,11,113322291395
8003,0,148860533272
8004,0,92081887457
8005,0,145581006118
8006,0,127787294738
8007,0,93031670454
8008,0,132202553325
8009,71,140734932623
8010,0,112754142623
8011,0,56161273191
8012,0,147900389135
8013,0,139422496114
8014,11,140986543620
8015,0,101641598086
8016,0,80835678634
8017,0,116702826960
8018,0,132609876915
8019,54,124483625440
8020,11,113868811721
8021,0,113941083987
8022,0,59339804907
8023,11,80801884990
8024,0,94745711173
8025,0,137972246809
8026,0,180644348161
8027,0,115504511021
8028,0,127712291856
8029,0,141740598541
8030,0,111694727868
8031,11,124174108883
8032,0,80799540358
8033,0,119831422357
8034,0,86052509514
8035,11,82237242083
8036,11,145331461744
8037,71,128388458443
8038,0,57523241188
8039,0,157136303000
8040,0,143408465735
8041,11,144031575458
8042,0,141274242824
8043,0,115838645575
8044,0,84292624533
8045,11,143590654214
8046,0,147811276557
8047,0,125647049862
8048,0,111465146940
8049,0,65405628215
8050,11,92981323610
8051,0,157044071373
8052,0,86712385147
8053,0,122573270529
8054,0,139342603718
8055,0,55375627495
8056,0,50608271756
8057,0,74788271326
8058,0,141190121239
8059,0,142027733302
8060,0,190514338018
8061,0,133946517916
8062,0,71103878371
8063,71,151193357384
8064,0,135299284208
8065,0,104004358824
8066,11,116806874454
8067,0,140720951752
8068,54,123363266051
8069,0,123289192675
8070,0,114917010842
8071,0,85722383849
8072,0,112928402086
8073,0,133769531842
8071,0,85722383849
8074,11,91028033745
8075,0,110320717885
8076,0,88262334404
8077,0,143946689819
8078,0,140648599722
8079,0,114462127887
8080,0,92089382299
8081,0,65552305837
8082,0,93223878683
8083,11,155329421668
8083,94,124298999215
8084,0,133145819233
8085,0,128273835174
8086,0,148866392770
8087,11,116699713330
8088,0,123481878090
8089,0,91496735261
8090,0,88483167255
8091,0,140934499517
8092,0,57202914095
8093,0,85758113068
8094,0,134463335637
8095,0,82527823827
8096,11,78540399457
8097,11,116467158181
8098,11,160022652352
8099,0,117260607501
8100,0,141650777133
8101,3,158036864255
8102,29,94152152427
8103,8,124755087896
8104,187,167607268657
8105,10,74667761466
8106,17,167810077806
8107,241,147221804358
8108,23,37724831345
8109,546,140325661760
8110,192,161833479488
8111,369,77726511392
8112,8,139790836431
8112,92,132370269943
8113,408,115670326916
8114,262,151821253459
8115,23,11028414000
8116,37,91996237692
8116,39,91995985593
8117,94,105650065102
8118,3,92709308149
8119,8,113956280579
8120,16,19547872398
8121,10,93452520202
8122,22,118184830041
8123,322,127699123551
8124,155,53908033664
8125,10,51309887341
8126,128,78881636952
8127,29,131342314270
8128,102,148659427367
8129,10,107277465439
8130,10,56953567902
8131,2,139544389985
8132,193,133994813674
8133,246,186945360265
8134,33,123970567682
8135,20,10999484000
8136,155,111971377321
8137,890,118864432561
8137,499,111613856959
8138,83,159080822652
8139,155,59750303700
8140,2,146332691175
8141,155,79991648274
8142,16,36265285816
8143,46,77099802923
8144,459,144095832439
8145,16,75920595451
8146,10,92045695777
8147,109,127584256125
8147,27,121372993961
8148,23,3021361000
8149,17,75873431311
8150,10,51207165128
8151,145,126903350233
8152,64,57367982527
8153,8,127163505721
8154,156,90932643707
8155,146,74141935863
8156,29,86396328812
8157,652,164418167802
8158,10,55656975016
8159,8,111839456662
8160,891,128198606028
8161,192,109176004631
8162,8,114202750454
8163,127,119503548619
8164,61,134444771607
8165,10,66445665902
8166,10,42468858428
8167,139,77676063692
8168,4,113514616024
8169,631,138245934267
8170,474,108912871967
8171,10,124125328400
8172,5,110237999481
8173,114,169783757092
8174,4,88558412950
8175,83,139189388117
8176,105,88962813503
8177,149,137330722739
8178,17,141194273999
8179,10,74701477458
8180,8,111850052673
8181,45,123864308891
8182,39,72560153054
8183,128,52178556797
8184,102,111694905727
8185,23,35439301300
8186,155,68439074598
8187,92,132343539536
8188,4,90568171657
8189,93,63153043698
8190,10,83694410455
8191,70,58395738489
8192,29,79819854243
8193,16,83552775282
8194,39,123519387018
8195,10,32034966267
8196,144,120316109025
8197,47,93582467165
8198,20,31430695833
8199,102,64357218807
8200,242,92419215790
8201,10,120167505069
8202,39,126570706500
8203,516,114707458294
8204,69,136606666831
8205,878,130691492526
8206,240,132779812372
8207,10,70119721063
8208,631,149552480584
8209,310,114558524118
8209,106,96421321526
8210,16,23690608894
8211,29,108622353638
8212,155,90017827576
8213,139,67477162364
8214,143,64377678604
8215,127,115424866277
8216,23,52388553987
8217,403,71441015458
8218,234,54527057282
8219,321,130538625203
8220,23,33788873422
8221,408,177251584568
8222,94,182612374324
8223,70,49529712802
8224,803,107309001610
8225,315,114128633254
8226,10,118229951157
8227,10,83540948118
8228,23,15123726753
8229,70,60472178469
8230,87,61532645543
8231,23,1361627000
8232,81,163656592829
8233,138,115583505173
8234,476,140876970952
8235,217,135361075709
8236,105,68937935582
8237,114,136465860517
8238,142,106353147029
8239,155,64337635932
8240,102,59771752786
8241,16,91847508907
8242,94,141505797181
8242,10,122324818439
8243,23,103479607863
8244,489,148439674624
8245,648,153342449731
8246,14,127755228114
8247,4,76976782859
8248,60,142720385200
8249,10,66697281697
8250,162,66665605899
8251,187,77925996887
8252,70,111740458053
8253,5,121725282719
8254,2,94617905735
8255,16,17449582346
8256,15,90532956134
8257,130,73934660070
8258,13,81502061436
8259,102,50971345894
8260,10,124397341167
8261,416,141961783373
8262,4,116443205585
8263,246,138139975312
8264,185,193186017303
8264,400,179080492403
8265,108,185650022002
8266,539,124676356457
8267,892,196826524057
8268,886,176683141082
8269,359,115413790401
8270,217,132177425555
8271,39,90808961946
8272,102,75037502647
8273,10,52678539841
8274,10,41893643145
8275,23,21589336220
8276,158,97796346509
8277,29,127243643055
8278,87,105116189373
8279,10,42836710255
8280,4,113685702906
8281,102,74058575029
8282,23,2568312000
8283,77,55821152476
8284,539,131735518654
8285,155,68951420276
8286,143,101967817304
8287,893,166321486354
8288,264,143243790197
8288,43,117758391077
8289,570,173754363168
8290,155,77734469382
8291,155,127872464436
8292,2,105320536953
8292,156,105320464307
8293,1,109395176710
8294,16,47962103070
8295,539,138157135157
8296,16,30565073076
8297,10,163898911678
8298,5,170038900590
8299,117,136832148314
8300,10,95403222398
8301,50,171991909859
8302,189,134260438448
8302,894,134260159559
8302,125,109808610592
8303,564,111869343422
8304,370,122842996141
8305,192,128134061709
8306,13,67085166231
8307,146,57338404512
8308,895,176977368992
8309,642,129460496407
8310,10,25647227296
8311,83,139463808560
8312,4,77809719292
8313,1,94077324102
8314,465,148439193562
8315,10,48421291597
8316,2,122299696471
8317,46,71384136762
8318,5,185236160824
8319,3,177270543741
8320,8,134387482078
8321,408,133820896046
8322,877,172428137659
8323,10,48721643058
8324,4,112206760690
8325,150,88612586993
8326,4,117291921362
8327,8,174084905826
8328,57,180382209815
8329,10,80974867990
8330,416,107866803751
8330,8,106934144987
8331,539,161568673986
8332,20,92285510597
8333,70,55277568124
8334,229,116023094578
8335,102,63658386459
8336,10,48827915777
8337,896,94867006473
8338,897,195318108853
8339,23,30219409472
8340,413,144878011429
8341,512,141522203344
8342,10,134164289396
8343,85,61919804855
8344,580,182562759440
8345,159,134246965688
8346,362,167714440755
8347,23,586193000
8348,10,93392233186
8349,209,138636710488
8350,4,115930801985
8351,83,140480814900
8352,3,95906641557
8353,16,4591567000
8354,264,125079191904
8355,23,38870515184
8356,496,144119538655
8357,15,72972886383
8358,898,109736887111
8359,16,48733621837
8360,13,54164460077
8361,114,110499006351
8362,8,172275615961
8363,155,52142529043
8364,245,188035316869
8365,70,58647465566
8366,10,75929752053
8367,70,70473330769
8368,734,138153861980
8369,878,129679476377
8370,155,112131201855
8371,6,113453450847
8372,88,124381926926
8373,64,60389123804
8374,69,139281741510
8375,419,84565618813
8376,23,55614730965
8376,23,55614730965
8377,191,91978054866
8378,16,15237992685
8379,10,30251329982
8380,257,124910801929
8381,145,188962155760
8382,8,125198057379
8383,94,136390473530
8384,183,190604509710
8385,23,38316752359
8386,20,78445591653
8387,20,10861964000
8388,581,133672794050
8389,10,108871050550
8389,640,108870939237
8389,274,108870856842
8389,221,108870652461
8390,621,154282039477
8391,142,163727645454
8392,106,114819163170
8393,530,124482274335
8394,8,122402565717
8395,196,93112922077
8396,10,43638382599
8397,688,120368723610
8398,274,109204465328
8399,191,121901480359
8400,33,111991801378
8401,199,125035959345
8402,4,108781874148
8403,146,72207938509
8404,8,163958533504
8405,8,129137772913
8406,57,77220913420
8407,118,142729981166
8408,57,92725734169
8409,20,418805000
8410,10,70752421727
8410,87,49314019216
8411,5,125254271930
8412,105,79200457440
8413,162,55717082726
8414,370,129493205304
8415,93,67463324820
8416,16,11314332000
8417,102,49568132864
8418,112,113245133327
8419,276,106072629731
8420,728,70462896862
8421,185,170632603534
8422,53,55417354223
8423,2,133901524818
8424,899,116757270934
8424,899,116757270934
8425,8,159316983995
8426,10,122319461785
8426,5,121780828970
8426,640,116716452048
8426,22,114723009220
8427,97,117815079561
8428,725,144355419698
8429,347,155508402012
8430,83,156192183082
8431,176,126731293406
8432,20,15727333125
8433,23,46919176352
8434,39,103946839703
8435,93,72135429847
8436,16,10873285000
8437,8,140580127939
8438,725,133710525179
8439,20,52192722275
8440,120,130455094237
8441,246,134981010171
8442,900,196540832343
8443,98,122072112871
8444,191,87778666212
8445,3,95469999669
8446,257,128481358908
8447,109,173290712862
8448,227,197046915527
8449,658,111638965000
8450,97,146170792399
8451,374,162916986291
8452,400,174612082877
8453,303,177033989160
8454,10,55101970445
8455,16,28929133047
8456,138,134082022056
8457,39,81644616587
8458,155,49738492787
8459,162,59491625691
8460,155,49161438086
8461,538,164120836569
8462,25,94227824398
8463,105,78269981231
8464,13,61863361751
8465,109,135799968457
8466,23,303655000
8467,102,63670300359
8467,139,61607850554
8468,83,159179837476
8469,87,66845327018
8470,533,132781409885
8471,20,90636253883
8472,901,112557637028
8473,1,120265652238
8474,101,161567163081
8475,105,69421732496
8476,98,123104673417
8477,145,65814954893
8478,10,102202788830
8479,234,125514889569
8480,360,128985599039
8481,177,128722883316
8482,108,187846773617
8482,92,130309711268
8482,85,113677995479
8483,139,92536452640
8484,105,69442034565
8485,10,125414912417
8486,111,103055193783
8487,105,164749486704
8488,2,155667477211
8489,22,94057958666
8490,23,22265379429
8491,150,119309963373
8492,5,139113257078
8493,860,162991194812
8494,240,153953544108
8495,217,116700524881
8495,202,115689576098
8496,10,112293572188
8497,145,117904126088
8498,26,134028563846
8499,83,153000072193
8500,902,193525054380
8501,162,61171649811
8502,10,42941809673
8503,155,93656695477
8504,903,92192876055
8505,202,95849742321
8506,33,157594856368
8507,29,92142591437
8508,43,110221143295
8509,159,165089562435
8510,4,121623944125
8511,29,109280943907
8512,23,932505000
8513,155,93531179320
8514,121,111762245340
8515,475,172851455712
8516,102,53586549368
8517,23,11311281000
8518,112,104854946930
8519,121,112984547425
8520,33,121289994430
8521,14,82358299766
8522,257,112019967789
8523,105,142644988710
8524,23,56548980073
8525,420,120342951229
8526,217,121705269780
8527,45,145999027013
8528,5,93231172132
8529,83,175017578848
8530,23,48186594899
8531,145,124300411215
8532,83,148315467882
8533,10,113436765313
8534,65,95287627853
8535,192,128916274606
8536,83,139367099840
8537,652,146855329132
8538,904,165766904409
8539,905,159882499013
8540,157,140185243782
8541,65,73026941317
8542,128,47834270400
8543,242,82349591884
8544,82,108860197458
8545,10,107542888825
8546,161,79195572002
8547,422,101792860648
8548,10,108521203357
8549,43,142386268724
8550,57,72620984692
8551,10,91433046318
8552,547,108622769808
8553,52,123823702512
8554,47,89579907731
8555,139,56248201584
8556,370,118120711257
8557,113,60360030725
8558,547,55116860199
8559,39,64437003761
8560,8,106335234410
8561,140,91292202368
8562,703,119211566063
8563,8,114010819693
8564,906,169450196351
8565,188,164831799718
8566,3,88565139545
8567,783,183670624363
8567,391,137447199252
8568,533,156809656596
8569,8,126553066258
8570,47,96184219934
8571,128,69557205007
8572,23,33111607177
8573,153,167846735105
8574,244,139101117396
8575,901,117514995656
8576,83,173299157273
8577,20,59173828734
8578,444,125122519725
8579,50,193707485447
8580,202,156542724855
8581,13,112502058305
8582,10,110416010180
8583,53,73537580652
8584,5,126142622908
8585,10,37825932814
8586,10,84050168529
8587,10,28615468118
8588,8,112653199054
8589,155,55565476790
8590,907,175127918494
8591,55,164255219979
8592,16,325472000
8593,67,78083512638
8594,10,75700089338
8595,109,157243335499
8596,51,158161609651
8597,10,96296332293
8598,10,122460888286
8599,839,122931005669
8600,70,79321152957
8601,10,15949767885
8602,10,173818346907
8603,121,121631307677
8604,4,170623117811
8605,67,108049333243
8606,146,52766233321
8607,668,178762695641
8608,37,96848323941
8609,908,130578122790
8609,775,130578087342
8610,466,122305396438
8611,10,105127928452
8612,128,48098826436
8613,1,81371909511
8614,411,167038587546
8614,762,167038301030
8615,10,69786658519
8616,152,151000494495
8617,734,136781129916
8618,10,36281282691
8619,37,127323467402
8620,378,134005960832
8621,8,124662524484
8622,10,119908194707
8623,23,33144572997
8624,272,168534613051
8625,194,104546723294
8626,16,91078064753
8627,102,69361542894
8628,193,114814424480
8629,8,144975764864
8630,43,120777631965
8631,10,87133850731
8632,10,55632365837
8633,412,139091242770
8634,317,168293053591
8635,4,80880239701
8636,33,127631483126
8637,114,110464413085
8638,33,135141815122
8639,114,146552802509
8640,16,42851566329
8641,909,84297767208
8642,33,90579717311
8643,8,123788177134
8644,4,113441911129
8645,4,129326740395
8646,4,116714523364
8647,16,87599159140
8648,853,112459129204
8649,369,57286235609
8650,128,147878569821
8651,83,140807589936
8652,81,94852694062
8653,30,161289694701
8654,82,174763776397
8655,5,155882078769
8656,39,74385957571
8657,910,157169714981
8658,10,68155440617
8659,3,164067166601
8660,2,128024429428
8661,16,67494585141
8662,221,167023126070
8663,767,159395775023
8664,23,27880987987
8665,383,137279325338
8666,1,120086583656
8667,102,138377548483
8667,911,138377125051
8668,521,179191850176
8669,8,140652097415
8670,187,75347784514
8671,23,8702715000
8672,8,106940421095
8673,175,129680952842
8674,4,77913660873
8675,92,136173940557
8676,53,123384789277
8677,70,49862701500
8678,10,52018687168
8679,7,123913337914
8680,102,146987143289
8681,155,50614811820
8682,805,172116983592
8683,102,127940995266
8684,281,177986527724
8685,10,111237635543
8686,23,19074459487
8687,755,155676989568
8687,912,140044858271
8688,70,56475454754
8689,416,138646619186
8690,102,54339964098
8691,681,164472884234
8692,125,91407222580
8693,345,189852530114
8694,106,125699645383
8695,913,194491543459
8696,4,124942495823
8697,873,149275458945
8698,317,162764115208
8699,97,138668351470
8700,10,119449500057
8701,53,78356673168
8702,8,140010575258
8703,23,82263690182
8704,15,51745609362
8705,53,62525083066
8706,10,82797646494
8707,190,124747771788
8707,155,47778506160
8708,23,26613299857
8709,33,103377213416
8710,8,174346868859
8711,97,69025257098
8712,415,133760869320
8713,105,67449801620
8714,2,131200651048
8715,23,33186091848
8716,116,137718391172
8717,15,71937090376
8718,5,125712847509
8719,93,56427881644
8720,15,51394048514
8721,106,58813362777
8722,404,155420006021
8723,128,53065923238
8724,8,177564705460
8725,155,59605743593
8726,16,61426338158
8727,69,159089881379
8728,4,97287659637
8729,83,148495765667
8730,155,80009482807
8731,53,59701159791
8732,102,59253138474
8733,16,13611824838
8734,257,135534412084
8735,2,137455164865
8736,109,84829544227
8737,29,81370669425
8738,162,93440255722
8739,144,123243330634
8740,39,71617513326
8741,99,149043227212
8742,16,42685121801
8743,33,177090837667
8744,10,168373931829
8745,83,149448834951
8746,914,163630483919
8747,23,25981952844
8748,8,183516915002
8749,10,51858492637
8750,155,134414606432
8751,88,124604182658
8752,94,86191110970
8753,10,115734145634
8754,8,123177703172
8755,97,114386451506
8756,10,104006325201
8757,2,95301381954
8758,499,122931801206
8759,16,8550536000
8760,141,55262196991
8761,10,82877693822
8762,3,87021142846
8763,101,192658219327
8764,403,55808700871
8765,23,8735310000
8766,157,134763271129
8767,23,37245250711
8768,14,46539147500
8769,325,128909282806
8770,16,15555089646
8771,184,145706570125
8772,97,93641632276
8773,102,47677854852
8774,915,133139908990
8775,108,178722029094
8776,10,38639518082
8777,155,50794937898
8778,209,106445210086
8779,505,165957987434
8780,13,59072436852
8781,916,163281095270
8782,155,68927594139
8783,105,59424900810
8784,23,40689137670
8785,379,137297200481
8786,162,67523345461
8787,106,111633580823
8788,335,155844842472
8789,23,17176282886
8790,10,113305933863
8791,88,119817063560
8792,20,93714490351
8793,203,140909719022
8794,29,128977216312
8795,10,85683196582
8796,1,120078065448
8797,917,163194391991
8798,64,123376201525
8799,65,66609144101
8800,187,127932961266
8801,10,108363234292
8802,10,125439915195
8803,61,103470834728
8804,139,56161659911
8805,226,143414713512
8806,201,169775303616
8807,267,126296210342
8808,155,53036024274
8809,8,111872506256
8810,156,62803947813
8811,10,155343687932
8812,128,74905863718
8813,102,69307703953
8814,10,30805427879
8815,1,109405220232
8816,102,174602068408
8817,435,164749963179
8818,162,73703184177
8819,139,62029415464
8819,70,56163734656
8820,157,144886712353
8821,918,130977201944
8822,264,130367505207
8823,334,169834506334
8823,93,55785845362
8824,652,120785397289
8825,193,175833767866
8826,86,170650706012
8827,14,53541870809
8828,106,104975279871
8829,2,103219574055
8830,23,72897437243
8831,20,30756761246
8832,102,63666641927
8833,2,73522193765
8834,383,188307419961
8835,5,80140988706
8836,222,94574566596
8837,561,147983863567
8838,128,48004145332
8839,16,53627600106
8840,1,107037815526
8841,919,173036731273
8842,10,70318110979
8843,121,167369069217
8844,67,109253028622
8845,920,152389201456
8846,823,168799046169
8847,16,39895921498
8848,8,146158269669
8849,10,74831010438
8850,33,123899877949
8851,494,59166165777
8852,10,119828323355
8853,47,96428531489
8854,202,102773420007
8855,8,125132950466
8856,14,112015559774
8857,16,15116045731
8858,846,158347637951
8859,13,88987414787
8860,422,151860483216
8861,37,122483704670
8862,246,119220405723
8863,87,69563384288
8864,8,111545811760
8865,2,140663298784
8866,180,105250114386
8867,175,169138249146
8868,83,146127614393
8869,57,71875784081
8870,72,72197897771
8871,144,130624247864
8871,517,130623941232
8871,144,130624247864
8871,517,130623941232
8872,282,117951666635
8873,109,77503308622
8874,39,50350232651
8875,8,130804243003
8876,10,105182541214
8877,3,106013414692
8878,20,102769627054
8879,138,171038944095
8880,128,47596070884
8881,8,107239235018
8882,2,103405660468
8883,10,118176214701
8884,5,145722391145
8885,23,46896192185
8886,281,102957437667
8887,193,127960370281
8888,10,108076424879
8889,4,91480184168
8890,846,130677484009
8891,280,126741139639
8892,330,170632633638
8892,317,170632550208
8893,146,56480361618
8894,16,31357832158
8895,20,66326612336
8896,202,105085571742
8897,555,121666131689
8898,93,66683431424
8899,8,141065270792
8900,97,136577596747
8901,10,143406460536
8902,193,141503655706
8903,192,119961848160
8904,53,77776323147
8905,217,92796059321
8906,921,71508436282
8907,29,109451372307
8908,112,117216589874
8909,243,92847234062
8909,202,92847106934
8910,112,83601984029
8911,128,53223263030
8912,10,133938996612
8913,29,81367720317
8914,70,52175344406
8915,497,59093878717
8916,542,191538931976
8917,8,112123340726
8918,193,183932192054
8919,317,180370290407
8920,20,10262308000
8921,767,89495534784
8922,106,83437588406
8923,10,38448577049
8924,109,93901377147
8925,5,180199688161
8926,16,42938322701
8927,102,75215983863
8928,1,146282802396
8929,146,106973369268
8930,10,69867877146
8931,217,120312376213
8932,318,143679569718
8933,922,147462045312
8934,611,182666817256
8935,23,40570887363
8936,10,38329389259
8937,191,114995910093
8938,2,143914576065
8939,46,149180732544
8940,145,133644203918
8941,2,114954592843
8942,10,51523690698
8943,408,142193178927
8944,539,130703421584
8945,416,116271101587
8946,385,125880263897
8947,642,141986109194
8948,10,107715460491
8949,56,139020697591
8950,47,87879200827
8951,16,12434797525
8952,10,40443458062
8953,155,58746669350
8954,47,89146390099
8955,16,120635678853
8956,23,43369267406
8957,923,123054406282
8958,188,161407077272
8959,23,19882043457
8960,29,83225038984
8961,531,194681006950
8962,461,192653030929
8963,70,142269175990
8964,52,88689162638
8965,128,69452805513
8966,23,16576601050
8967,897,194202638064
8968,63,113959105661
8969,39,117987303839
8970,10,67918118149
8971,1,105846013535
8972,775,141065718859
8973,25,127979258748
8974,224,127724973766
8975,924,177978530427
8975,924,177978530427
8976,925,129604259728
8977,926,180643797015
8977,926,180643797015
8978,23,19052542223
8979,70,53211233086
8980,18,88451342696
8981,29,85323685337
8982,649,170274185589
8983,10,113481789776
8984,57,121526915332
8985,93,65894150268
8986,53,123392970599
8986,182,111904900549
8987,10,26958135934
8988,8,114145944781
8989,125,108024995968
8990,10,88736912570
8991,366,112898683030
8992,175,132947655997
8993,67,88027901678
8994,10,109276555756
8995,106,58937657151
8996,10,114548487906
8997,97,168383382438
8998,901,114035351314
8999,704,178074031112
9000,10,30574470220
9001,460,92273807378
9002,10,77885820767
9003,69,118521260683
9004,87,87239185423
9005,10,71879015333
9006,23,13369665337
9007,3,96142909032
9008,604,156654077293
9009,128,137873821690
9010,126,113433591254
9011,29,136185578010
9012,93,55814079674
9013,23,31002021524
9014,310,106017621284
9015,279,138683516600
9016,16,55493751462
9017,64,170774872291
9018,10,131585307260
9019,53,180374244146
9020,913,189103406383
9021,10,109291739314
9022,366,113341002961
9023,94,147634741127
9024,23,11120881000
9025,29,169278129077
9026,257,138195114890
9027,126,107840569925
9028,38,109454721407
9029,927,137818953659
9030,10,51071131468
9031,669,179898968016
9031,128,60114985553
9032,903,164580627548
9033,156,133749654060
9034,10,133982132127
9035,522,135016903085
9036,155,69272896853
9037,651,190257976237
9038,146,49656598644
9039,102,79305381248
9040,112,65494811222
9041,142,126109854781
9042,29,131399628428
9043,10,84779832123
9044,102,55941918606
9045,30,123622276815
9046,18,135103914555
9047,298,164407567543
9048,23,18232865501
9049,105,62800171611
9050,23,27296597275
9051,5,186204893873
9052,20,24329656871
9053,311,144458517243
9054,202,128841423682
9055,367,140281639666
9056,563,127577183138
9057,57,142298470286
9058,805,145905387798
9058,1,142635172858
9058,4,121301848223
9059,57,62311097527
9060,102,64248728665
9061,39,113253943249
9062,53,93669233719
9063,43,142137261182
9064,564,113594373232
9065,33,145821882971
9066,10,142168808489
9067,101,141064477376
9068,16,22279099887
9068,16,22279099887
9069,58,85483133832
9070,22,120861655047
9071,128,69442689595
9072,693,167076980983
9073,209,140459145991
9074,138,120266066720
9075,403,56847572153
9076,50,138367053718
9076,8,123093610425
9077,10,61279074009
9078,4,148687834640
9079,10,81974351491
9080,105,47704404474
9081,88,131644959471
9082,70,47855273684
9083,47,92024692808
9084,10,34974760625
9085,17,72411460466
9086,564,114114449149
9087,187,143577438049
9088,47,111574205102
9089,409,182333215854
9090,8,120557017511
9091,416,124156214126
9092,10,50848309929
9093,112,103217861745
9094,29,71202002632
9095,69,118985078769
9096,4,113613906936
9097,4,120616834816
9098,29,127412868437
9099,129,188871893834
9100,13,55780065650
9101,16,92095437404
9102,109,102441286112
9103,264,123783866264
9104,8,109293518602
9105,126,129682085183
9106,10,16899424726
9107,25,111758979471
9108,155,127682998828
9109,29,187512465185
9110,33,163187745448
9111,20,8689043000
9111,20,8689043000
9112,10,130378856881
9113,428,171646722836
9114,126,106624890870
9115,10,55903952129
9116,162,57792620057
9117,109,132351510547
9118,412,142358865081
9119,125,110427110524
9120,102,49525746691
9121,755,129076028397
9122,102,116286340751
9123,70,49694641251
9124,188,146505079400
9125,13,65155409364
9126,374,160837802055
9127,22,114492454273
9128,109,81704914202
9129,187,80534527624
9130,658,115613759837
9131,4,73848631060
9132,612,126377386049
9133,257,134090749807
9134,587,149896109590
9135,293,116104943534
9136,264,107088422143
9137,10,56519802270
9138,10,159055252407
9139,8,119062049222
9140,8,115100001774
9141,578,181063931530
9142,16,106319285789
9143,10,180274104747
9144,64,60720509153
9145,928,130638911551
9146,8,110168251678
9147,10,152131545849
9148,135,135457104987
9149,10,54005763907
9150,20,70752642609
9151,4,90940196096
9152,177,118453672300
9153,47,103745886149
9154,93,66604511820
9155,60,129333703282
9156,155,54090318892
9157,161,140026687115
9158,130,58319420754
9159,8,128633617653
9160,94,167685124335
9160,296,164517547133
9161,3,137659488145
9162,526,152168006942
9163,39,142728270130
9164,39,114747893487
9165,84,113839714678
9165,518,113839400007
9166,29,89592385398
9167,22,127546433156
9168,764,158190065916
9169,47,77491316075
9170,63,121000375240
9171,10,147301518792
9172,404,120801060948
9173,369,62381093908
9174,53,136578346799
9175,10,194719901673
9175,0,194719662789
9176,10,20124984244
9177,4,147733392109
9178,518,126576123330
9179,929,133549704517
9180,23,106939449924
9181,10,66007209925
9182,23,11990353410
9183,813,189896836200
9184,2,92125589418
9185,4,93163752883
9186,104,102828196031
9187,412,158744562942
9188,25,123877990762
9188,385,122929027513
9189,33,112064186343
9190,83,140295828638
9191,194,108561220496
9192,128,69787915733
9193,105,51736585848
9194,52,111851014454
9195,672,168643250200
9196,39,108777623550
9197,384,158612927872
9198,209,93191244113
9199,369,71731407954
9200,362,137841468208
9201,10,68593283167
9202,37,123706416893
9203,257,114801987910
9204,930,197722116377
9205,112,64602278652
9206,175,74727021854
9207,47,91842818485
9208,769,174748434347
9209,14,46745223782
9210,49,93358647889
9211,10,114442144729
9212,359,116520971368
9213,473,115088733186
9214,33,113888234429
9215,510,175865672427
9216,10,112041929214
9217,817,141870416703
9218,135,121615991094
9219,1,109579980577
9220,10,52683009681
9221,39,94694719379
9222,540,178701028285
9223,10,52009975321
9224,3,101687816989
9225,559,141172897073
9226,128,90966141233
9227,20,16305534016
9228,260,96173747805
9229,77,56881796894
9230,921,76796054854
9231,4,79507614516
9232,10,115006016552
9233,234,112410379588
9234,193,120606047779
9235,227,112747207689
9236,147,87011506642
9237,53,72806080973
9238,10,112553145776
9239,202,112478352932
9240,8,124680334710
9241,125,89431717507
9242,128,55732321097
9243,533,115881599968
9244,20,36709830138
9245,805,159233973006
9246,83,141096266768
9247,227,88367959208
9248,97,145929268746
9249,121,112104486761
9250,118,122680392521
9251,23,21010163367
9252,47,107446649191
9253,10,72625238100
9254,45,129994210544
9255,10,172456630401
9256,474,117665064325
9257,221,95503513683
9257,57,91678797399
9257,24,88409410311
9258,149,128806873862
9259,127,141516233564
9260,126,87627774636
9261,347,143898672154
9262,227,183918961833
9262,273,183918522661
9263,156,66274698143
9264,83,149452286704
9265,314,151640422324
9266,191,120410339585
9267,4,135629278519
9268,221,172557031924
9269,10,30566127846
9270,209,125645921736
9271,296,105824668474
9272,152,147833647498
9273,83,144725755814
9274,10,79761757184
9275,87,85117750237
9276,8,181973454133
9277,10,92467785426
9278,29,134604011471
9279,529,147388492498
9280,29,108212211698
9281,10,48885068014
9282,412,143232136942
9283,145,114628356803
9284,156,81800498989
9285,130,144478189479
9286,70,50383055156
9287,44,124055068370
9287,20,82558635671
9288,589,63577542467
9289,931,158016358061
9290,138,124894391753
9291,522,187034973943
9292,83,175185994420
9293,8,135984186616
9294,403,66951287042
9295,162,62389565428
9296,22,148768315227
9297,10,110944997617
9298,600,127355997142
9299,8,127260864093
9300,268,116209089343
9301,93,56170955536
9302,23,53010417461
9303,10,77977423622
9304,1,151126396507
9305,932,186265021319
9306,586,109862508523
9307,10,71670478620
9308,424,118190828001
9309,443,146619251548
9310,87,63137448069
9311,129,147116411410
9312,4,140302034086
9313,10,104044486668
9314,20,71699786499
9315,130,69567217715
9316,112,110215490686
9317,25,89688043265
9318,10,134596970293
9319,192,95287248294
9320,705,131513396500
9321,10,40587359403
9322,30,131038841874
9323,191,77671507518
9323,222,75239100366
9324,128,69357302147
9325,207,117912792100
9326,81,81550882502
9327,668,180449375551
9328,458,127767872335
9329,731,131069343367
9330,16,19912290339
9331,20,40311555656
9332,227,106627073309
9333,325,167520257231
9334,800,129015470174
9335,23,64332677736
9336,808,159139499687
9337,461,173816440204
9338,102,133834406838
9339,257,93538415166
9340,296,153846781211
9341,10,143232765556
9342,84,94637003854
9343,23,12143242151
9344,177,124829237575
9345,291,110664235113
9346,109,97272132170
9347,338,139364009324
9348,209,109972687755
9349,10,34574562679
9350,23,94328877811
9351,257,125520809925
9352,4,96134022940
9353,193,130046109627
9354,23,42165057458
9355,202,142459324730
9356,98,136593091437
9357,77,56430120672
9358,29,67014802267
9359,20,113012302627
9360,525,62696253793
9361,266,111505170621
9362,170,141274629807
9363,280,87433097721
9364,43,188811936654
9365,427,168797542150
9366,149,141166900866
9367,262,137952260670
9368,10,137278081184
9369,112,55948348261
9370,10,47858459158
9371,142,116048563405
9372,3,68000440931
9373,155,127458005351
9373,77,92608745893
9374,155,49532907543
9375,85,113014742527
9376,149,138233224165
9377,897,194631098998
9378,72,81288046259
9379,162,72614514306
9380,121,118929152641
9381,10,111187284428
9382,383,132015491413
9383,16,15256459856
9384,120,129407986863
9385,131,95186152262
9386,834,162094588887
9387,625,126492151418
9388,129,183436633671
9389,2,91673416836
9390,193,109548060198
9391,2,108672149920
9392,192,128447139206
9393,458,186440607682
9394,579,80279852824
9395,378,135130207017
9395,378,135130207017
9396,155,61781745582
9397,126,108681206348
9398,16,16824377290
9399,198,169420609777
9400,16,8619516000
9401,38,144468067094
9402,106,60637766968
9403,171,59173522167
9404,8,116465643527
9405,57,85949227008
9406,10,120873585756
9407,10,75638958758
9408,545,116693348142
9409,10,65664456097
9410,143,64271012332
9411,8,142388287473
9412,102,63781203952
9413,52,109387639798
9414,187,159016040722
9415,521,135640229323
9416,8,135872933171
9417,769,166202049769
9418,408,147962311461
9419,242,103064477205
9420,206,196118670764
9421,7,156639152448
9422,4,126653969674
9423,418,126792437323
9424,508,133391674638
9425,317,168129443074
9426,33,123709530627
9427,10,142733360867
9428,85,65813692357
9429,8,111874887230
9430,10,48712426495
9431,933,173418934522
9432,53,129130191286
9432,20,17431608143
9433,10,38623775408
9434,383,130333805150
9435,147,131337662151
9436,155,163641960571
9437,347,179752594342
9438,193,110070361611
9439,376,115615119999
9439,376,115615119999
9440,10,29301018000
9441,177,120098469236
9442,66,86146335734
9443,10,104297655050
9444,23,37215000
9445,69,123215291342
9446,33,114564683497
9447,383,118277868872
9448,10,72487306440
9449,934,82223009987
9450,69,142185818374
9451,58,128551224910
9452,126,145841328495
9453,257,132947959098
9454,346,156369290572
9455,478,192228795488
9456,385,156712868872
9457,57,164006434719
9458,10,125878404309
9459,645,172538609861
9460,49,97512138914
9461,127,123741843158
9462,10,191606948928
9463,23,36177443772
9464,23,18594906648
9465,10,130465962485
9466,408,115018582078
9467,543,191931227483
9467,462,179713839514
9467,400,179713771396
9468,162,71350707979
9468,162,71350707979
9469,8,124063184843
9470,303,174604022741
9471,673,157557747355
9472,516,103558731374
9473,3,156322309560
9474,116,130123436770
9475,935,191722763822
9476,83,159291392820
9477,202,113375227054
9478,200,133211347944
9479,206,55628981068
9480,23,12862525645
9481,13,158563190912
9482,264,127937087173
9483,16,18042107599
9484,4,94575803936
9485,20,56182480397
9486,4,135745050678
9487,50,137718181810
9488,311,141041303269
9489,68,144602855809
9490,39,111619824213
9491,47,87876701432
9492,145,192498241966
9493,4,116539460592
9494,626,123132408322
9495,128,50180287556
9496,187,140212135014
9497,109,129669283308
9498,37,127901046997
9499,490,119327014021
9500,320,138051358299
9501,37,130179151590
9502,27,95719046599
9503,206,55612417449
9504,294,146859037094
9505,70,69452935925
9506,105,115490844801
9507,70,55867021510
9508,1,134780638431
9509,1,109454104230
9510,1,135744506643
9511,1,106533673876
9512,1,111549721675
9513,1,122932504152
9514,10,95462340971
9514,1,95462118902
9515,1,136436257448
9516,1,128323881272
9517,1,79142896737
9518,192,108707180385
9518,1,107994036100
9519,1,75753774991
9520,1,75045650141
9521,1,112269894932
9522,1,130048567768
9523,1,108148464192
9524,1,109469978870
9525,265,142721508174
9526,1,94087164819
9527,1,120249933955
9528,1,120117385494
9529,265,131144376420
9530,1,143674767303
9531,1,123143835755
9532,10,81344718928
9532,1,81344016722
9533,1,160797284392
9534,1,157510175013
9535,1,169653889763
9536,2,123742673156
9536,1,123742597921
9537,1,105315494750
9538,1,116354887639
9539,1,97762412229
9540,1,107033976052
9541,1,109027236066
9542,1,146863696809
9543,1,141276348226
9544,1,147881341161
9545,1,84953426996
9546,1,146549798647
9547,1,120232328500
9548,1,109433231176
9549,1,105688335525
9550,10,128917687146
9550,1,121233083150
9551,1,136670275361
9552,265,144455628924
9553,1,138785420798
9554,1,119907201193
9555,1,109167829931
9556,1,110038819326
9557,1,95957350222
9558,1,114154160828
9559,1,138028216483
9560,1,87001669870
9561,1,110096485341
9562,1,87417488457
9563,1,143766670452
9564,1,133804809025
9565,1,109389739955
9566,1,134698585158
9567,1,97314613991
9568,1,155842584224
9569,1,94529090978
9538,1,116354887639
9570,1,138348433044
9571,1,120022605891
9572,1,111170107437
9573,1,143821983023
9574,10,49255391542
9575,193,117066551669
9576,5,102622667594
9577,343,181166100220
9578,15,52934248968
9579,16,85267337695
9580,70,106507841109
9581,209,117756785542
9582,518,159960778541
9583,112,181413549036
9584,8,172307255059
9585,224,128803539019
9586,126,74966558863
9587,280,93568599685
9588,83,142829027835
9589,202,112556087888
9590,706,166309638888
9591,317,160522157785
9592,223,65235919507
9593,10,64079154262
9594,119,180735119038
9595,20,14036488621
9596,16,32131677218
9597,87,62326301506
9598,936,109365183875
9599,937,174500502431
9600,362,125349183719
9601,10,104469674100
9602,20,38539585271
9603,666,126297614713
9604,10,135216476248
9605,489,157573403295
9606,115,123513426490
9607,20,18219445331
9608,20,10810166000
9609,227,147065424142
9610,20,3736546000
9611,20,71472933106
9612,20,35837246620
9613,23,39892121693
9614,20,49016806482
9615,23,38852405198
9616,43,111164262796
9617,938,143659591968
9618,369,64850876201
9619,20,25141698581
9620,458,106499630776
9621,20,82573377121
9622,128,77410578452
9623,552,93392963324
9624,10,37487500918
9625,939,176233786822
9626,940,167542674516
9627,257,104390976103
9628,87,62108831652
9629,941,147127099979
9629,942,147127013696
9630,10,60479438101
9631,10,16834044460
9632,209,152043998348
9633,16,8389829000
9634,221,89078445522
9635,767,133917857623
9636,303,177541668844
9637,4,97484600833
9638,193,125469090942
9639,465,163277947284
9640,23,25561664883
9641,296,136258053383
9642,33,135974440789
9643,202,94271296180
9644,8,135138918020
9645,64,86028900662
9646,130,96399978981
9647,530,119309512842
9648,23,36857494841
9649,517,120087527669
9650,209,123046967446
9651,23,92281057205
9652,14,46556424580
9653,29,107831623959
9654,10,116218104551
9655,177,118627797892
9656,10,54662353382
9657,10,111027142750
9658,369,61776220819
9659,156,78546253863
9660,438,181027585624
9660,402,181027536172
9661,16,8184497000
9662,642,144807638168
9663,23,25908091884
9664,23,38197444096
9665,28,163705865128
9666,221,182790200136
9667,128,69800308824
9668,10,112852635012
9669,683,158129932186
9670,177,120347675784
9671,8,111961771801
9672,10,108443595022
9673,515,90900183171
9674,943,124044965942
9675,10,164168258243
9676,4,82003819416
9677,20,34061558772
9678,94,106592121327
9679,33,157848681484
9680,393,114650990042
9681,10,70318773348
9682,20,49061609917
9683,3,137450209980
9684,462,170513448460
9685,753,140637306487
9686,944,64771812778
9687,87,133371506776
9688,175,159498137925
9689,10,112402339033
9690,155,54592973615
9691,87,91728455630
9691,87,91728455630
9692,8,114304754865
9693,50,127944096214
9694,5,139278509212
9695,16,8636929000
9695,16,8636929000
9696,297,137004375627
9697,20,30379827474
9698,257,97094519971
9699,290,130426860892
9700,187,106352421957
9701,327,134749183166
9702,98,78836365004
9703,808,159229863725
9704,149,134433018319
9705,16,76200126085
9706,50,146691493089
9707,88,182481177150
9708,20,61910047455
9709,16,622276000
9709,16,622276000
9710,10,114989971248
9711,10,116895918211
9712,529,134174687576
9713,10,41384218074
9714,203,140909375130
9715,16,8167263000
9716,23,74129854560
9717,33,88627530855
9718,5,82064788925
9719,572,190164780412
9720,10,43378959419
9721,10,63388531221
9722,125,113765989914
9723,65,75313743382
9724,209,120348472044
9725,57,79259458877
9726,52,79202495876
9727,84,90252899571
9728,10,113495651911
9728,112,112883536555
9729,10,149626586143
9730,10,66356967685
9731,126,88000801558
9732,8,150320164364
9733,10,158437454006
9734,945,179000818505
9735,409,134845724510
9736,102,71407520711
9737,10,61188695317
9738,29,135395185620
9739,2,94603390883
9740,5,123462037565
9741,2,109299373366
9742,5,125041676205
9743,126,107210793198
9744,2,193692097446
9745,5,113887451595
9746,5,121718757317
9747,5,185317377955
9748,5,82775053381
9749,2,89261225744
9750,5,121663379653
9751,126,74393990043
9752,2,179956211003
9753,126,93626211440
9754,5,113779206767
9755,5,78966969073
9756,5,121109654258
9757,2,122465346347
9758,5,178074227392
9759,2,93450202110
9760,5,173289014029
9758,5,178074227392
9761,5,131596152189
9762,126,123708046972
9763,2,82151355208
9764,126,110238404209
9765,2,152051760670
9766,5,83285622252
9767,5,91766469516
9768,2,92801609069
9769,2,156763743038
9770,5,137882329556
9771,2,78539395544
9772,10,95113647871
9772,2,94328175631
9773,126,151209970957
9774,126,106437065005
9775,5,108166338239
9776,2,95162397175
9777,126,111166405376
9778,126,75010334255
9779,2,95647879239
9780,5,140659335818
9781,126,138125389300
9782,197,162331423100
9782,2,161036595092
9783,5,121605261261
9784,2,126847422823
9785,946,111918783212
9785,524,93041294498
9785,5,75498008227
9785,217,64626895348
9785,106,49580785303
9785,128,49580702630
9786,2,132179717980
9787,2,139006392399
9788,5,121645359759
9789,2,87710214836
9790,5,183320614023
9791,126,105405085927
9792,5,139092356315
9793,2,137009212763
9794,2,83591734684
9795,5,81218375476
9796,2,110480500381
9797,5,160531101832
9798,126,97264649006
9799,5,118331082675
9800,5,153386769752
9801,2,121631371823
9802,126,121576123676
9803,126,125532093707
9804,126,91989416918
9805,5,94859498174
9806,2,103761076659
9807,5,121718583314
9808,2,133670982654
9809,5,88467464507
9810,2,141774151915
9811,2,137270355523
9812,2,139282245005
9813,126,159299540564
9814,5,168379720774
9815,5,115336867246
9816,5,159857607748
9817,2,113359445247
9818,2,73742973517
9819,5,122847544883
9820,5,83530180862
9821,5,80835294707
9822,2,137634089053
9823,126,134168536057
9824,5,143061471906
9825,126,79895630129
9826,5,147696341397
9827,2,90599480836
9828,5,184775387772
9829,126,113772568286
9830,2,121653363195
9831,2,96687473501
9832,5,150426476165
9833,5,88570983119
9834,2,123462880632
9835,126,148329307713
9836,2,156916799394
9837,2,121929245885
9838,126,81137238254
9839,5,123642876584
9840,2,126806036975
9841,126,87193925051
9842,5,194320440103
9843,5,83467322619
9844,5,75238696380
9845,5,170169929684
9846,5,78173645805
9847,2,105163481790
9848,5,181217843610
9849,5,125462656082
9850,126,78007502573
9851,2,121666736940
9852,5,74634198145
9853,2,121582246593
9854,126,83019762125
9855,2,113081547808
9856,2,93239871401
9857,2,121631319840
9858,126,93224394477
9859,126,121905440308
9860,2,82571994026
9861,2,91824972438
9862,2,87866209484
9863,5,80153249954
9864,126,80664191461
9865,126,87425123954
9866,2,134605765249
9867,126,93032563082
9868,2,106360692693
9869,2,119817833707
9870,5,137943308893
9871,5,123451451444
9872,2,169241684458
9873,2,105624317275
9874,2,90959897904
9875,126,131830193856
9876,2,121729079507
9877,2,103668658226
9878,2,124283723487
9879,5,92175725144
9880,5,77080152663
9881,5,114412904839
9882,2,79872460082
9883,2,119895233999
9884,126,141351333384
9885,5,121760207576
9886,126,105847376511
9887,33,127245522194
9887,126,127245363295
9888,2,113940885207
9889,126,119565627480
9890,5,178420662015
9891,193,92607554679
9892,87,96576856082
9893,129,143843601998
9894,8,122423725947
9895,57,126891676041
9896,162,83970177157
9897,31,188688376801
9898,709,113564686918
9899,725,137450015341
9900,16,10874041000
9901,477,193428126943
9901,947,193427099024
9902,121,109609361116
9903,948,122518900389
9904,84,115406125126
9905,518,109650607345
9906,949,196801366674
9907,23,44764278378
9908,10,64251426331
9909,4,151474308208
9910,23,35137695572
9911,13,112633801494
9912,93,161536408900
9913,216,120194496493
9914,155,67886327572
9915,34,126738094388
9916,282,129182542313
9917,950,148957611025
9918,383,125187071091
9919,88,122174177272
9920,10,115927516705
9921,416,116876880388
9922,495,153883052508
9923,121,119359764931
9924,300,135356497205
9925,193,122160223815
9926,349,131831375150
9927,202,102177206259
9928,162,76641751260
9928,70,63037511888
9929,10,67538446358
9930,951,175719128603
9931,561,114405653214
9932,257,84575061667
9933,61,149631588372
9934,15,61429122935
9935,125,109898473368
9935,82,109898424239
9936,23,34887784492
9937,221,108331513492
9938,67,51121240151
9938,67,51121240151
9939,10,96225692490
9940,270,151959362366
9941,952,136069165322
9942,98,78891841339
9943,4,95119423433
9944,20,63241545962
9945,109,126502734567
9946,217,76773200407
9947,321,134336085526
9948,4,94682738936
9949,497,194045040555
9950,652,162858717395
9951,416,164146558215
9952,652,120285651447
9953,10,38590046107
9954,953,161521894149
9955,243,78831197541
9956,23,64116351047
9957,158,52957394195
9958,67,87088451263
9959,20,57966737048
9960,20,81027567833
9961,540,137652890443
9962,102,49416683876
9963,383,120524006020
9964,130,140476075358
9965,223,106431255729
9966,29,158598407809
9967,310,165617932218
9968,20,48788125925
9969,105,52086852968
9970,88,124417348380
9971,928,123141126753
9972,163,163784505011
9973,193,149462759655
9974,26,143696529147
9975,33,143755796811
9975,27,143755688424
9976,65,79461890218
9977,10,113075030206
9978,4,111068337544
9979,10,43205670358
9980,202,108269246533
9981,209,110299124871
9982,50,139457043018
9982,174,139456720285
9983,202,165779943712
9984,870,177876805833
9985,954,185404747733
9986,155,47693758210
9987,10,43151139288
9988,23,97502627158
9989,77,67458885283
9990,8,160765592003
9991,155,74547898953
9992,955,114877383607
9993,105,50083271285
9994,16,102616706891
9995,185,195979011563
9996,240,125532321101
9997,291,110140037858
9998,16,19061429218
9999,422,123778540006
10000,3,163651643168
10000,10,79502136622
10001,10,32037379664
10002,10,49863550212
10003,8,161288362161
10004,805,174507071229
10005,810,143497483321
10006,29,72572603340
10007,22,122510740658
10008,63,106418371301
10009,8,111617578791
10010,257,93819564815
10011,20,10781364000
10012,33,120082880225
10013,60,112472859272
10014,302,137969535294
10014,119,137730127877
10015,532,107205137087
10016,311,139417715382
10017,193,130284868144
10018,18,129148054359
10019,125,97975696793
10020,29,125794521475
10021,379,140145138668
10022,84,91230423046
10023,167,97099237965
10024,84,117985183788
10025,37,139171029585
10026,94,130367900062
10026,94,130367900062
10027,10,51564476791
10028,16,97473417479
10029,10,115547346250
10030,83,139433335588
10031,192,93209884661
10032,954,167691429329
10033,956,129235610815
10034,77,87869337263
10035,919,184640490273
10036,473,109398424429
10037,102,58144408484
10038,128,69345831476
10039,267,161371847620
10040,10,123124107909
10041,119,147581446215
10042,130,53465413506
10043,264,147443671964
10044,20,21317115413
10045,10,113327416418
10046,109,88276714072
10047,709,127356275265
10047,957,120053020977
10047,97,112218389036
10048,553,131168086897
10049,47,195236055566
10050,13,165197778029
10051,8,111854146552
10052,83,149396848953
10053,65,71624591404
10054,25,137759496635
10055,8,129684887756
10056,10,120998876201
10057,87,59577836575
10058,15,67205780383
10059,16,27826239782
10060,34,156815181537
10061,255,164146674642
10062,10,43978203350
10063,10,117074650251
10064,8,127551342034
10065,155,53048718739
10066,128,59342019034
10067,30,172426707968
10068,10,108851312553
10069,155,73849117669
10070,20,10787638000
10071,8,111812169349
10072,8,107607593996
10073,105,141690434201
10073,93,141079823016
10074,958,190773169343
10075,455,131820632517
10076,10,50192399349
10077,362,128196304524
10078,8,123539559102
10079,146,53048007316
10080,959,108685317630
10081,10,42417541495
10082,20,27941105834
10083,20,18906240580
10084,20,17812032485
10085,8,111725568423
10086,16,32384020818
10087,257,95695480513
10088,4,168199610150
10089,102,58401101866
10090,22,160803327973
10091,16,70497774824
10092,20,69532228556
10093,10,124003249299
10094,330,166612231486
10095,47,88445163287
10096,10,58675530252
10097,822,133809983781
10098,16,51225403802
10099,960,163214859151
10100,369,58510652664
10101,97,131297756521
10102,26,153261253715
10103,10,79158983615
10104,50,137341576892
10105,242,82337415604
10106,961,72204385965
10107,102,63649455192
10108,962,136068523887
10109,8,108762056093
10110,229,119818375393
10111,20,91156151020
10112,369,77055901305
10113,23,40563822004
10114,135,121616750086
10115,29,144956828004
10116,161,78687178330
10117,23,8559592000
10118,20,15294623199
10119,20,10792626000
10120,4,78867569262
10121,341,184787961390
10122,23,43854895002
10123,458,122938244246
10124,128,175371710436
10125,403,67477818636
10125,146,49521403527
10126,83,160365608248
10127,364,95310359915
10128,23,13603191061
10129,106,59329262663
10130,23,47682072040
10131,94,141337331584
10132,39,63841587920
10133,8,135115325980
10134,640,125682226201
10135,16,18303537508
10136,10,70133860518
10137,209,120427975656
10138,4,118967448470
10139,201,129225454752
10140,10,126847412552
10141,47,152659738768
10142,3,133195607709
10143,175,66507686544
10144,23,8533951000
10145,10,124193493010
10146,47,95007127247
10147,8,116712101650
10148,8,112919460755
10149,33,90088896738
10150,33,87129906850
10151,138,120265897884
10152,963,162499225286
10153,155,144866145821
10154,70,50346391785
10155,125,123913304633
10156,22,92522667272
10157,83,164848664944
10158,242,118877268677
10159,384,160636171420
10160,23,95242739481
10161,38,122744006609
10162,177,119381428011
10162,224,111537967788
10163,16,45187649436
10164,50,168568067359
10165,10,47221042008
10166,57,134583387772
10166,10,96004181388
10167,8,116879782830
10168,10,41981117268
10169,434,168693559989
10170,20,515816000
10171,102,53225763086
10172,193,135802099749
10173,8,170533506782
10174,601,192266343654
10175,943,129302077579
10176,57,121303325002
10177,630,146345336798
10178,199,85631667965
10179,20,30774438348
10180,561,113603184752
10181,530,119435221810
10182,145,91387293085
10183,964,178004346282
10184,10,106856793313
10185,495,166801749054
10186,23,8279976000
10187,10,63772967510
10188,951,161205304956
10189,796,188097250246
10190,43,186810193097
10191,94,129936440871
10192,20,16584997190
10193,16,55351985418
10194,8,111787788829
10195,57,121305232149
10196,732,129161007481
10197,62,162725491244
10198,191,88833183275
10199,39,104767737249
10200,106,58921032641
10201,965,195003145259
10201,102,117066551872
10202,4,76632282420
10203,39,130003257571
10204,130,53826763584
10205,16,17341532616
10205,16,17341532616
10206,966,113860687483
10207,10,38252798968
10208,902,190933780175
10209,155,160460988479
10210,105,53116767292
10211,29,97616592248
10212,87,115862424645
10213,10,107895208031
10214,29,121824746806
10215,246,134763236136
10216,967,167630511000
10217,112,104001920174
10218,128,85517020330
10219,130,127882008667
10220,155,69041957282
10221,58,172085719632
10222,10,93493441273
10223,155,53024658332
10224,128,111658998830
10225,10,96212403586
10226,239,49144605398
10227,968,160727951294
10228,53,49323501227
10229,157,132599473792
10230,427,157756676562
10231,755,160559006076
10232,209,125520966261
10233,10,89994022934
10234,10,95553073727
10235,969,58890853162
10236,16,12071241701
10237,10,65733836017
10238,155,69199556416
10239,23,12600168718
10240,364,146963569966
10241,193,133400953063
10242,10,159318261213
10243,369,71373139418
10244,23,39635172131
10244,23,39635172131
10245,970,131045296533
10246,208,172431365714
10247,53,97279102681
10248,87,66421802832
10249,13,57165209930
10250,22,133631181815
10251,82,171491633995
10252,16,16431270468
10253,23,75062247800
10254,147,87186204782
10255,20,40672888036
10256,16,92109082538
10257,10,69980389937
10258,23,75958063997
10259,22,127502384835
10260,240,198438695092
10261,10,78243241575
10262,177,118579013648
10263,50,146271778502
10264,10,57379616549
10265,20,8692406000
10266,3,169239087261
10267,208,141117450961
10268,64,167487985627
10269,971,188447479201
10270,23,39390689288
10271,50,138564971658
10272,10,118606475997
10273,4,86977000930
10274,155,52691767382
10275,33,87638126929
10276,158,147516573348
10277,286,145999869473
10278,18,146538953326
10279,23,8617622000
10280,242,94008997756
10281,88,133439939634
10282,106,50972083707
10283,202,181173173495
10284,141,67468958965
10285,972,118796194356
10286,77,56420984095
10287,50,134124216537
10288,400,176655478479
10289,332,183053121107
10290,10,145113698537
10291,102,50127221003
10292,155,148498883646
10293,118,133102951456
10294,261,110859448303
10295,10,41015765963
10296,32,78717023299
10297,403,59860069256
10298,3,161919895849
10299,3,120607726831
10299,274,120607633793
10300,3,125379139045
10301,3,71059541902
10302,3,95473087338
10303,3,103341513282
10304,3,102508121141
10305,3,122578171992
10306,3,73276364631
10307,3,107724886202
10308,3,105908939418
10309,3,96854109695
10310,3,95536791322
10311,3,167168160272
10312,3,126712718306
10313,3,106056534064
10314,3,166833625912
10315,3,95647179496
10316,3,140909708873
10317,3,95569464129
10318,3,95744889299
10319,3,96938682737
10320,129,181175922152
10320,3,105927704341
10321,3,95962766847
10322,3,96068954717
10323,3,124309010945
10324,3,125175329847
10325,3,95475619630
10326,3,165281858480
10327,3,178306325367
10328,3,95455619611
10329,47,91341088796
10330,82,170186193498
10331,87,57527924083
10332,973,154116475590
10333,23,75744326149
10334,402,172394175720
10335,766,145488250226
10336,83,141394940390
10337,16,369678000
10338,128,180297686054
10339,149,118260738608
10340,164,196313672222
10341,10,117395779568
10342,539,172879071234
10343,10,122139273301
10344,87,53862362470
10345,30,174981505850
10346,974,165284236204
10347,155,69383196463
10348,30,115061791579
10349,975,168777721920
10350,8,123019633711
10351,8,162155314479
10351,241,162155213120
10352,4,111239259217
10353,23,55616833129
10354,155,54411844572
10355,165,194660333161
10356,73,191214982319
10357,16,15768202062
10358,220,141848865161
10359,53,54848335390
10360,111,87279465808
10361,77,58194191597
10362,29,82650558865
10363,206,55620142994
10364,108,193374286285
10365,205,121819587429
10366,18,171564047524
10366,385,171563952550
10367,158,113203041788
10368,10,28508182879
10369,193,90195651986
10370,322,158504748548
10371,23,8548047000
10372,731,128273174016
10373,976,193525665662
10374,94,135805031897
10375,83,158349124983
10376,227,133456525901
10377,4,120687097666
10378,10,174170767608
10379,102,58660385821
10380,23,78807222611
10381,10,153514621631
10382,192,78779775272
10383,4,127671864833
10384,977,196641901941
10385,49,67201541099
10386,10,88989792749
10387,4,109289141037
10388,504,196956239784
10389,621,140975227496
10390,177,123795558698
10391,83,140208477461
10392,396,79486001459
10393,112,81362092434
10394,20,10863221000
10395,722,175026656275
10396,20,35241812028
10397,177,119835136502
10398,318,151359836477
10399,264,107158359317
10400,127,117655270121
10401,540,118761843277
10401,282,117552699741
10402,4,113533149585
10403,202,112565820817
10404,10,50915899762
10405,333,177962970915
10406,83,175288057322
10407,83,159223311147
10408,83,159391615885
10409,155,80014643703
10410,16,26771887202
10411,229,129071695654
10412,20,8359411000
10413,102,69615373910
10414,30,108911550535
10415,444,125158201256
10416,543,191807863263
10417,193,166638555838
10418,10,114099844056
10419,106,162684758231
10420,366,168906699804
10421,978,174480808258
10422,220,123504746838
10423,177,119656524696
10424,10,146322228832
10425,653,120426611655
10426,70,47616890253
10427,65,61132484454
10428,10,106474631690
10429,34,124062816371
10430,202,92692141549
10431,370,130090236211
10432,15,73215490779
10433,33,133105500955
10434,81,102617910491
10435,473,109209362112
10436,29,77053041930
10437,155,49061601486
10438,70,190582672127
10439,105,52016848501
10439,105,52016848501
10440,162,57143247082
10441,411,120261538399
10442,23,22526450663
10443,240,126416891921
10444,23,17516909200
10445,23,38518296515
10446,633,129946115656
10447,164,113743824281
10448,20,33311915618
10449,264,143838972256
10450,8,147896395789
10451,130,47774043901
10452,138,132001173469
10453,10,75570486821
10454,102,164226923637
10455,979,131733951255
10456,130,49520244192
10457,10,70243717045
10458,275,191799847522
10459,10,75037213480
10460,109,81875025988
10461,22,144164390473
10462,23,33249624775
10463,256,105453167578
10464,504,138748505088
10465,88,115240449000
10466,16,83816406219
10467,10,57452583224
10468,29,91895196099
10469,159,146070420397
10470,33,148142965013
10471,158,162094210190
10472,193,146462260406
10473,149,122936204434
10474,317,162846523819
10475,16,12765457272
10476,129,142131484575
10477,576,128999143995
10478,29,164077854227
10479,16,15114857404
10480,32,94729582301
10481,980,196092348096
10482,209,143646152108
10483,10,150919928525
10484,217,130188674879
10485,981,196404701823
10486,128,50344712492
10487,982,123204187014
10488,227,164749749167
10489,296,97259314870
10490,187,87077612895
10491,127,115416134768
10492,10,52958717560
10493,39,126621223716
10494,199,182726286359
10495,263,102652016907
10496,10,68796858160
10497,539,184577498068
10498,102,52177070985
10499,20,8551053000
10500,369,117937098564
10501,88,124621369525
10502,130,173865643393
10503,32,165090573747
10504,317,168147120946
10505,386,169835355238
10506,808,163966104345
10507,57,73952957837
10508,39,112038890863
10509,923,120756430253
10510,155,105841522044
10511,120,123438106718
10512,10,52833871355
10513,297,125200322030
10514,10,88089997951
10515,104,103669861400
10516,37,134763934190
10517,23,82258052884
10518,47,96850683426
10519,983,154392275923
10520,208,168541566272
10521,8,109383667556
10522,83,142550259647
10523,343,125500595327
10524,155,57008821241
10525,10,40012329524
10526,10,66984089844
10527,193,106080814800
10528,39,120409302063
10529,10,94494630815
10530,535,181397349125
10531,155,65724754822
10532,10,108156865992
10533,33,121379589209
10534,23,52172303356
10535,10,60540112463
10536,257,127887904765
10537,202,102788482269
10538,57,161303751938
10539,10,68210348402
10540,383,144800079372
10541,23,10274043000
10542,217,132086424826
10543,57,91131045545
10544,10,118779243632
10545,68,165202428216
10546,106,81563378516
10547,50,160510587692
10548,98,67270921157
10549,187,191288464096
10550,30,118522613712
10551,475,194197828334
10551,304,194197629515
10551,303,194197344161
10552,128,138141910951
10553,306,173903007223
10554,10,42832225374
10555,70,93046120390
10556,20,21610919299
10557,10,109390155432
10558,83,139772752757
10559,23,64012236049
10560,155,69530240101
10561,156,59661607752
10562,10,180293616266
10563,155,53864481932
10564,10,135281285319
10565,769,166931144163
10566,10,159840563858
10567,135,141001537697
10568,130,54330786984
10569,984,161747847880
10570,43,123276606751
10571,170,138077488772
10572,16,133778000
10573,58,143063410620
10574,15,54417357105
10575,29,169409379601
10576,20,17542391464
10577,141,53448498112
10578,77,87052404642
10579,962,135983845636
10580,985,171936689239
10581,473,123266683594
10582,257,160549121620
10583,973,157635871019
10584,47,161459951198
10585,46,75563165034
10586,84,110909321553
10587,316,160427599888
10588,23,84474546564
10589,10,196200986924
10590,155,52017540498
10591,10,47847411732
10592,635,134537837602
10593,102,163888048849
10594,109,141348930672
10595,20,76553801892
10596,351,50175582107
10597,105,69592840884
10598,102,69636372877
10599,598,175467483920
10600,211,135751738891
10600,779,135751641135
10601,7,145549911476
10602,33,86655158938
10603,705,131743050308
10604,53,92169837352
10605,10,74537892074
10606,87,87281078502
10607,53,120508586138
10608,4,116465843609
10609,715,46988195414
10610,39,59021664327
10611,47,107970687456
10612,4,120587494148
10613,986,113789823923
10614,10,49512383815
10615,105,95104443846
10616,53,73528662741
10617,29,81291010385
10618,83,159720788380
10619,47,105505707412
10620,87,67286805892
10621,649,141244241098
10622,26,129235445503
10623,138,120707483186
10624,67,91226399519
10625,109,141865694005
10626,872,72667197771
10626,102,69553133788
10627,20,38685395526
10628,589,65731625605
10629,20,111967846107
10630,23,10889081000
10631,987,193183925689
10632,707,156697980717
10633,15,88696385474
10634,144,125438966501
10635,257,92018837307
10636,16,56163143379
10637,16,10277265000
10638,20,66583671310
10639,16,19945753515
10640,23,36810034963
10641,988,128905459867
10642,18,142208505811
10643,10,115897136671
10644,202,123031670036
10645,20,42988818116
10646,10,136862717403
10647,13,112201802608
10648,4,91291027839
10649,989,72193722988
10650,29,124397510976
10651,102,50361962028
10652,23,36873180795
10653,369,62344818754
10654,240,128798502793
10655,87,81805594026
10656,16,22931937517
10657,223,108147622014
10658,130,73762746261
10659,303,174261019994
10660,23,3526564000
10661,146,55085198375
10662,102,47937163590
10663,518,130717474851
10664,16,33918210176
10665,412,175045650725
10666,155,69442072293
10667,240,131242341042
10668,16,25050941311
10669,384,154650281912
10669,384,154650281912
10670,649,140805077339
10671,10,143503908389
10672,23,18325838333
10673,20,11458234000
10674,20,38680888247
10675,20,22526702284
10676,20,25479281666
10677,93,66768627724
10678,121,109857841623
10679,990,140129102801
10680,189,138827894480
10681,991,196016799581
10682,23,39599000
10683,155,50633684117
10684,155,109471206420
10685,46,84217973423
10686,20,17538662762
10687,121,136094984861
10688,139,55702123226
10689,210,169427913898
10690,20,15287822116
10691,10,49050187751
10692,256,110079091503
10693,162,56137946374
10694,70,104057095513
10695,164,132909458402
10696,10,74400813393
10697,83,139349463949
10698,10,115406779140
10699,83,140646528356
10700,146,51999111432
10701,216,95580089250
10702,177,118746276148
10703,188,174089894774
10704,649,172986326402
10705,83,139949451282
10706,83,166716290017
10707,20,8554173000
10708,455,138100459812
10709,70,47907801843
10710,10,122322678247
10711,155,158651913631
10712,8,121040595879
10713,16,86989061692
10714,257,122460357790
10715,424,142644869362
10716,102,111855090767
10717,8,172091050804
10718,29,129891043513
10719,102,47581928623
10720,83,139175049171
10721,16,69484000
10722,145,109117526740
10723,499,137868831218
10724,105,59723105160
10725,84,110403030601
10726,10,81885696724
10727,4,137384189242
10728,150,107477457709
10729,17,104093324519
10730,13,92370304965
10730,13,92370304965
10731,111,109738600108
10732,297,134474930767
10733,155,127004703353
10734,304,183272747943
10735,23,3424524000
10736,83,142714710052
10737,349,141997552488
10738,474,86556012137
10739,159,65643756237
10740,495,93706118095
10741,16,12353654914
10742,7,135430817204
10743,193,122508755430
10744,130,57887794869
10745,187,150070246119
10746,102,72472185851
10747,369,77313754202
10748,992,163269248977
10749,493,136691758871
10749,15,112894883730
10750,18,163129008638
10751,8,169646382209
10752,33,118305791612
10753,128,76381825931
10754,20,15366067233
10755,10,31348165005
10756,87,130526270956
10757,8,119040441331
10758,65,71560360380
10759,22,94843554275
10760,23,49611516042
10761,993,111464665271
10762,105,48021334633
10763,105,49526526101
10764,87,53980060172
10765,8,135305686938
10766,47,88866028443
10767,29,170516086560
10768,83,149215833354
10769,155,59183511294
10770,44,73405281321
10771,991,185690203106
10772,227,106419124258
10773,10,76298274491
10774,138,130425750412
10775,29,95052144326
10776,736,92207879655
10777,436,155073091260
10777,128,155072885677
10778,130,58847722964
10779,93,56032299739
10780,87,57523032528
10781,20,9135047000
10782,437,184807180075
10783,77,62364564511
10784,66,71284102798
10785,105,51567303659
10786,109,92114885191
10787,748,155661124977
10787,327,131498556889
10788,534,104420622131
10789,155,58656142206
10790,4,105209805280
10791,108,193242160024
10792,167,92025182430
10793,155,73883637528
10794,369,72045420877
10795,22,128929001245
10796,112,107193227691
10797,366,112663237505
10798,475,193088880559
10799,4,189510366456
10800,88,116650813181
10801,8,107106466703
10802,70,50262313866
10803,564,114961923782
10804,16,37977384866
10805,30,126796815924
10806,10,129571602511
10807,272,171628537230
10808,994,79149957579
10809,341,129478746456
10810,105,49520553096
10811,611,148967208059
10812,995,150610301558
10813,422,130394112753
10814,109,83035776836
10815,15,68146709965
10816,53,75906444890
10817,16,70237884514
10818,158,113253432856
10819,155,137879032008
10820,29,110328924716
10821,10,90371634780
10822,10,80195945239
10823,241,172047830572
10824,33,92083091595
10825,128,47772320894
10826,227,193876355824
10827,4,76468288130
10828,830,106673988260
10829,210,128072274043
10830,67,91333013085
10831,30,188411903419
10832,13,65458393546
10833,4,102037786358
10834,839,72124163896
10835,155,155241862837
10836,13,65173223578
10837,74,144733563136
10838,150,163076950004
10838,746,158315846229
10839,128,53735748648
10840,99,119822335709
10841,4,111198364852
10842,23,33944550631
10843,10,80509845448
10844,529,146445519346
10845,427,140895269727
10846,109,82901835121
10847,10,146769819865
10848,229,119964464633
10849,731,125246335545
10850,276,112657257559
10851,128,50614335116
10852,790,113326114798
10853,10,25469842796
10854,227,89312394606
10855,106,117063247437
10856,158,103484138847
10857,10,26431295143
10858,39,128008477028
10859,70,58485341478
10860,4,91816435486
10861,155,51553162795
10862,996,146249365414
10863,997,140379643136
10864,139,67459141668
10865,20,9250356000
10866,147,92601495046
10867,157,196106847639
10867,10,196046587813
10868,788,173726097089
10869,8,178996489038
10870,67,93729760189
10871,20,88804922349
10872,20,61065674164
10873,202,142215500712
10874,761,65762669969
10875,681,166332737585
10876,162,55798113488
10877,322,186188644897
10877,315,136335664195
10878,23,8613023000
10879,438,177308309269
10879,436,156791706716
10879,128,146429001307
10880,306,162966863282
10881,10,112562026442
10882,61,132874656794
10883,13,112642900973
10884,10,105999939040
10885,200,186336995093
10886,340,124825438277
10887,94,114560992330
10888,20,21608331689
10889,8,126934688826
10890,20,10780518000
10891,8,113440706947
10892,23,19769577008
10893,8,111812755363
10894,239,46909833722
10895,998,151616670503
10896,68,143053796254
10896,43,142260541836
10897,999,184013100883
10898,128,69356183448
10898,128,69356183448
10899,15,78192461279
10900,914,165582483550
10900,963,160748649642
10901,43,131040805132
10902,385,151643806393
10903,246,192860811086
10904,1000,122080937788
10905,386,172027821347
10906,808,154931488373
10907,39,138906565741
10908,10,90945813785
10909,193,135626690582
10910,8,88041502293
10911,29,93936728571
10912,10,134865312229
10913,112,134795196956
10914,427,138225592264
10915,427,147723139943
10916,370,120252703450
10917,417,92636693351
10918,195,171929700603
10919,39,110744765641
10920,126,149617715067
10921,10,49690933152
10922,20,12503603027
10923,16,13195830623
10924,353,164914270154
10925,4,73465577341
10926,4,76890808213
10927,379,168766860769
10928,23,67802538271
10929,408,135875498535
10930,369,78093735786
10931,10,108509403458
10932,257,125715386645
10933,128,174582525467
10934,162,60414312666
10935,582,142382205670
10936,23,26690788617
10937,103,155690498777
10938,23,44422117254
10939,4,113364592821
10940,280,111540032527
10941,10,31367378930
10942,138,124161824275
10943,23,43984497290
10944,227,130553836983
10945,15,62684856788
10946,4,108664936618
10947,4,111263922807
10948,4,116377174477
10949,4,108537066471
10950,4,113666989293
10951,4,79630945382
10952,4,85002607003
10953,4,168790154389
10954,4,176681420326
10955,4,72657096265
10956,4,171135469392
10957,4,130420296197
10958,4,84245133170
10959,4,140725345009
10960,4,117150155641
10961,4,87922949934
10962,4,68741531987
10963,4,139013168696
10964,4,74224600894
10965,4,108566033018
10966,4,108769299343
10967,4,79612617152
10968,4,121308271147
10969,4,110953166646
10970,4,103058916004
10971,4,97716212213
10972,4,113694173953
10973,4,105484187252
10974,4,108487135781
10975,4,95028816398
10976,4,121726163404
10977,4,87589716135
10978,4,137356985784
10979,4,108318290149
10980,4,84695822416
10981,4,117544517456
10982,4,116493875071
10983,4,113617260327
10984,4,171490195615
10985,4,109316941574
10986,4,83627766855
10987,4,140216613207
10988,4,157057307015
10989,4,108342202898
10989,194,106164687044
10989,10,106164264952
10990,4,116979350920
10991,4,108839357055
10992,4,90805231200
10993,4,71026720070
10994,4,79587029227
10995,4,113688847469
10996,4,133374582405
10997,4,118946789972
10998,4,77348705504
10999,4,118868867481
11000,4,93800472734
11001,4,77207089131
11002,4,82075904512
11003,4,126714382646
11004,4,120499325461
11005,4,165784533575
11006,4,121564658246
11007,4,142453852958
11008,4,151028293146
11009,4,92427096180
11010,4,79666387610
11011,4,110931893428
11012,4,113752524131
11013,4,113651344691
11014,4,122227723698
11015,4,118440351920
11016,4,83648141718
11017,4,88814259285
11018,4,97124364627
11019,4,74289830866
11020,4,113623623217
11021,4,160114217031
11022,4,116382475733
11023,4,125517663446
11024,4,131903261744
11025,4,129573821954
11026,4,131918056513
11027,4,67218669220
11028,4,73760306861
11029,4,123199692496
11030,4,76561881518
11031,4,78086617852
11032,4,113627753832
11033,4,111847408390
11034,4,102843093315
11035,4,79471439585
11036,4,126668146756
11037,4,149567767686
11038,4,73372792197
11039,4,97517105440
11040,4,71280903532
11041,4,79141239040
11042,4,129666585400
11043,4,107018262917
11044,10,48269146457
11045,127,115672811041
11046,70,50163027999
11047,128,54615470941
11048,155,54607249015
11049,53,92698328616
11050,244,136228506559
11051,8,114442052626
11052,161,78697250556
11053,23,39028424349
11054,10,143300971699
11055,102,52683396054
11056,26,119707436871
11057,563,145898965377
11058,369,56051445677
11059,193,113099279877
11060,47,95736732905
11061,563,133049677473
11062,43,114631368613
11063,398,107835065778
11064,155,60773582373
11065,422,135387025611
11066,94,92083175661
11067,87,67456068124
11068,128,47952687629
11069,23,55625386888
11070,43,112559252489
11071,10,31945374713
11072,20,31742717245
11073,16,10782938000
11074,187,136245463704
11075,16,50463096231
11076,29,164291706836
11077,189,126905056962
11078,109,91838075213
11079,336,117833827201
11080,128,164876279921
11081,193,122448423872
11082,64,61173989754
11083,240,172883223231
11084,10,52838957790
11085,308,125032555692
11086,178,166998051776
11087,366,140233200256
11088,157,191084591386
11089,29,81781825539
11090,267,194550820856
11091,8,103289901842
11092,105,76535522150
11093,746,133217384094
11094,452,167114224883
11095,43,112828126019
11096,25,91943151621
11097,149,125495592984
11098,10,60530877569
11099,267,124059181720
11100,1001,61756723867
11101,128,49738913730
11102,39,91113221013
11103,178,126498267797
11104,152,111207671806
11105,128,60850614018
11106,193,130052879214
11107,29,81954743463
11108,958,186197788976
11109,10,69623153358
11110,10,65334766930
11110,39,60632983789
11111,112,90911674848
11112,879,150834652016
11113,10,143953144749
11114,142,115818851319
11115,102,50112701119
11116,106,106122453347
11117,8,119606730311
11118,125,90962170963
11119,149,148789100050
11120,143,64198256695
11121,10,122957016934
11122,102,50272947684
11123,70,56150348866
11124,10,49625826075
11125,23,18101924434
11126,335,158531690876
11127,10,141198205442
11128,68,170446243015
11129,53,123464376207
11130,662,135699173426
11131,49,62005355859
11132,1002,151263614865
11133,38,119889501539
11134,139,78083333553
11135,273,190006754868
11136,198,158505485822
11137,751,184832815030
11138,422,147894058426
11139,23,58060619949
11140,156,60332909771
11141,585,186126543781
11142,10,62465452084
11143,1003,134757390566
11144,508,133739966965
11145,10,79664355887
11146,70,70996848490
11147,93,80688074232
11148,666,116298704943
11149,256,149881076353
11150,146,79323544439
11150,146,79323544439
11151,192,143832469514
11152,625,137515695479
11153,25,127842853358
11154,10,95254094588
11155,49,132476520930
11156,109,90140157093
11157,47,95430257613
11158,112,110771395330
11159,94,147680571837
11160,674,85280483912
11161,10,118471242628
11162,1004,171831955161
11163,102,90733116656
11164,184,141969379764
11165,84,85455638123
11166,43,180312745845
11167,149,131766304777
11168,216,147463354881
11169,10,63644469464
11170,494,136127466021
11171,257,156996998294
11172,202,112563328396
11173,97,136227124465
11174,53,171041494534
11175,97,65819272701
11176,762,153703908872
11177,202,112659621769
11178,10,56682738111
11179,965,197489029520
11180,204,71956608193
11181,162,71396601916
11181,155,53745608822
11182,155,148591553034
11183,8,124915069389
11184,987,192317468199
11185,47,158983184051
11186,311,141348815564
11187,10,83160336582
11187,13,77760767876
11188,538,163018653750
11189,192,112406430102
11190,10,95311520151
11191,77,67807727993
11192,473,135197011409
11193,1005,133120676812
11194,10,76262855806
11195,20,55272894660
11196,10,30581705561
11197,10,114746876343
11198,8,112245517354
11199,10,128096632762
11200,1006,192057664207
11201,1007,199287981239
11202,22,92613841877
11203,49,83729064135
11204,14,85621042544
11205,22,115439891300
11206,119,133637200573
11207,10,59231652622
11208,23,47496596177
11209,134,154656187578
11210,105,67096722204
11211,10,48886117714
11212,70,95750152220
11213,102,63379825248
11214,20,10780885000
11215,187,133851990071
11216,175,143338951664
11217,39,59252714728
11218,23,26467001461
11219,658,111586515728
11220,10,78603357822
11221,16,18720568989
11222,87,127348085176
11223,691,151342592638
11223,459,137690479268
11223,1008,134177244486
11223,102,51115202264
11224,65,67127455414
11225,102,63526646608
11226,10,93912699953
11227,728,69931683834
11228,22,171383449944
11229,39,125156699567
11230,383,137198041105
11231,106,66070451155
11232,149,118117312497
11233,70,80015542419
11234,102,69647955788
11235,399,179778709933
11235,400,177788657664
11235,149,127862428845
11236,452,168900040571
11237,412,135901081635
11238,162,71534750263
11239,10,122851938966
11240,152,111133540165
11241,70,85626853575
11242,187,119472089357
11243,545,97248590535
11244,652,119829610454
11245,93,56177238936
11246,10,46307214516
11247,105,47685569007
11248,93,67454376746
11249,50,179972971343
11250,10,82647924580
11251,146,59167679688
11252,179,146367777416
11253,116,154328311345
11254,52,115695927006
11255,422,119032634395
11256,1009,174765119211
11257,16,18060850912
11258,243,73749650811
11259,155,73952353972
11260,10,122435537414
11261,16,35641716211
11262,1010,130291924796
11263,23,15899028233
11264,14,56211302375
11265,1011,167108672425
11266,10,139785930397
11267,27,95299539598
11268,20,36291529134
11269,159,94469701081
11270,26,125996744349
11271,868,132975293460
11272,84,94538133581
11273,641,186299370486
11273,494,139467806412
11273,63,108536990799
11274,105,49674753304
11275,23,93753308438
11276,112,115081923018
11277,1012,134947387754
11278,57,73625080140
11279,446,127504869755
11280,191,120684481986
11281,242,81741873157
11282,146,69283994502
11283,129,142195285539
11284,220,133725629236
11285,10,105922182925
11286,88,126942350247
11287,817,129347178185
11288,29,115423527824
11289,88,119984734182
11290,155,85383485146
11291,64,96740700521
11292,185,175151314108
11293,589,138114728216
11294,175,93900136656
11295,128,69443020279
11296,70,53728394693
11297,128,83592553492
11298,23,41864784690
11299,763,156472461113
11300,162,73838957680
11301,242,105215681690
11302,155,55288140162
11303,215,187379407609
11304,543,192216073813
11305,193,127366527527
11306,105,64697538980
11307,10,69006320674
11308,297,179887488245
11309,10,63417454519
11310,10,119894100133
11311,301,187547042197
11312,212,177985511891
11312,212,177985511891
11313,102,63483637226
11314,10,121408037787
11315,16,5752556000
11316,139,81397800877
11317,23,18632827741
11318,20,30510391733
11319,539,130089011055
11320,70,68600202287
11321,461,152825737237
11322,164,154842520778
11323,20,27714914200
11324,98,136776439306
11325,106,54263076946
11326,220,156460876811
11327,10,79657831513
11328,149,124657793871
11329,39,49141685529
11330,242,81492602840
11331,18,90283754644
11332,518,148147961629
11332,1013,148147784608
11333,139,66590530014
11334,8,112306228713
11335,1014,90996637473
11336,10,49542558589
11337,119,194208714908
11337,302,194204476807
11338,178,123301827193
11339,94,111194296548
11340,10,95539259355
11341,10,82838382943
11342,523,153353082577
11343,229,123036553983
11344,188,147731371117
11345,216,112237225908
11346,1015,196536664392
11347,620,149539090302
11348,242,76268792317
11349,146,69786643307
11350,125,97264386303
11351,10,59994199227
11352,202,155507842057
11353,57,63347028544
11354,673,158791179507
11355,102,49931568413
11356,29,162149311667
11357,440,193870831588
11358,334,194562561220
11359,297,126984671997
11360,39,112475067671
11361,10,75088627573
11362,139,72136984189
11363,39,118385210351
11364,23,10952879000
11365,23,74297483987
11366,58,109048759206
11367,578,181054580211
11368,10,37097702778
11369,20,15116677514
11370,427,190845434831
11371,105,58951325892
11372,43,144439012306
11373,611,136076131256
11374,1016,121324248303
11375,70,133051757394
11376,189,136595807523
11377,193,96677650120
11378,130,144788363308
11379,102,88200927993
11380,105,106185548001
11381,121,116221898419
11382,155,65205094075
11383,177,118454248338
11384,861,174703993155
11385,494,133157458704
11386,8,154254999315
11387,128,53045425758
11388,13,107614029909
11389,411,118454153669
11390,257,132612885401
11391,185,170576349456
11392,370,165699963707
11393,24,158986458457
11394,29,92459312121
11395,77,71364150091
11396,473,123656880894
11397,158,95363398982
11398,57,78966958991
11399,10,40505265079
11400,98,162238653134
11401,155,48227391595
11402,582,196570801045
11403,10,104013227695
11404,604,159060308329
11405,411,122883271221
11406,383,119552714379
11407,100,87354659564
11408,125,108487710928
11409,33,86985484349
11410,69,154895484718
11411,53,61230393590
11412,125,104542816675
11412,69,104516135761
11413,20,45929736342
11414,20,17942063146
11415,866,195777073328
11416,158,111533747895
11417,23,148682824439
11418,370,133058172392
11419,193,92160657755
11420,10,45503672233
11421,130,58169017058
11422,6,146422527632
11423,70,90735850265
11424,359,134793730903
11425,156,59699391396
11426,122,127352802412
11427,10,86721284206
11428,1017,94354606874
11429,1018,134403800452
11430,1019,177734285763
11431,102,49934184958
11432,1020,187894553570
11433,1021,173737187963
11434,180,105375171466
11435,105,55037197984
11436,23,35012993991
11437,1022,162858657214
11438,20,4382880000
11439,325,92194727269
11440,16,10861702000
11441,8,123001061312
11442,83,172830186556
11443,10,54919950163
11444,23,62361659199
11445,16,10267361000
11446,410,149118287319
11447,109,121819183591
11448,317,196731309227
11449,685,179952090331
11450,70,62776210358
11451,264,135363215137
11452,1023,161459073177
11453,155,64181578876
11454,1024,187220742768
11455,155,111816131694
11456,10,142658034166
11457,10,107892099547
11458,53,76021526866
11459,193,122525424721
11460,512,174110251844
11461,105,86834590805
11462,74,120171506372
11463,16,8710256000
11464,15,58040383698
11465,114,141584910450
11466,130,52075799322
11467,10,52419448036
11468,10,71726908467
11469,105,85486440658
11470,1025,163450151253
11471,306,182426837387
11472,217,142404007331
11473,64,64189230275
11474,209,94869148617
11475,8,140550470840
11476,128,59268251597
11477,162,61573353349
11478,199,111780787712
11479,10,61703709840
11480,128,57086934324
11481,125,89182578006
11482,8,129418779385
11483,156,129669688528
11484,156,62435374148
11485,8,111813281459
11486,105,137956577460
11487,10,101651813982
11488,128,54314195850
11489,53,92014887651
11490,8,93717533407
11491,8,113320670693
11492,570,177516118555
11493,134,188266036772
11494,13,103150255964
11495,202,125529192188
11496,215,149020833232
11497,67,72899005736
11498,10,61492538298
11499,943,191270087883
11500,786,178502959479
11501,94,113202015939
11502,105,48051848258
11503,202,125171726817
11504,43,122305459929
11505,1026,125464963287
11506,106,85162719239
11507,53,94971425236
11508,83,170764039698
11509,13,107457091101
11510,18,128125526390
11511,25,89426902699
11512,64,57345639353
11513,18,124327126941
11514,10,35309036344
11515,16,11034396000
11516,402,171504537483
11517,16,38182538626
11518,77,72325520153
11519,16,54151113395
11520,146,69437172519
11521,29,90701687831
11522,10,42491661203
11523,10,74311264386
11524,399,180999228692
11525,16,58609153227
11526,734,142378281686
11526,444,126472091143
11527,70,58377866110
11528,114,197060163607
11529,8,167188952294
11530,330,165810648356
11531,516,55602992902
11532,582,181083868342
11533,422,113094853945
11534,193,135973560216
11535,447,122855912399
11536,29,111640748991
11537,1027,125726443423
11538,83,141239663297
11539,105,56769294900
11540,13,66617040399
11541,209,91660144493
11542,65,62193329833
11543,70,49678186775
11544,516,50027270182
11545,121,198014145817
11546,494,132765503235
11547,57,76775173736
11548,779,160877407443
11549,23,35129434140
11550,1028,183209414645
11551,281,104851120073
11552,109,92274506171
11553,10,107096138709
11554,157,180932712841
11555,10,108761511548
11556,8,97607695869
11557,622,152411158466
11558,317,154281946716
11559,23,21414364465
11560,8,114061675992
11561,1029,186287231090
11562,142,113493253360
11563,108,179718528811
11564,85,85404747223
11565,155,62093784456
11566,978,149641857515
11567,14,70909384728
11568,146,59566583509
11569,141,54064015480
11570,10,19243104122
11571,297,140454879482
11572,385,177962237990
11573,20,31073992939
11574,29,70971925834
11575,53,73935978519
11576,475,170623351646
11577,10,106696127225
11578,162,56835111212
11579,194,124387770973
11580,10,111594083782
11581,25,136940256760
11582,102,111630056077
11583,1030,137908559724
11584,8,113500679939
11585,525,91400676483
11586,193,146361367318
11587,1031,106529697144
11588,10,63573008280
11589,411,123712446483
11590,193,122512231500
11591,8,113248042938
11592,16,15873473126
11593,231,123121697219
11594,751,123086209794
11595,23,17483530980
11596,10,49860093368
11597,102,68888721747
11598,8,171246392486
11599,626,119981220672
11600,10,31349352492
11601,16,22774843312
11602,144,123361896451
11603,10,112163729158
11604,473,122958744159
11605,16,8622835000
11606,314,151362405693
11607,102,69603848971
11608,969,60712817729
11609,214,163017270905
11610,315,96904576334
11610,315,96904576334
11611,97,106855771757
11612,10,104978508211
11613,798,84572311586
11614,159,108909518667
11615,20,67808250078
11616,10,114639094884
11617,20,67228733549
11618,14,53214308916
11619,970,130978073570
11620,762,167836176274
11621,10,49571729271
11622,20,74434960521
11623,1032,90453658969
11624,155,58850274402
11625,70,63034602357
11626,10,109171697853
11627,87,120031120485
11628,13,114019476301
11629,23,96774743305
11630,383,118442668654
11631,274,134893234368
11632,10,68326461834
11633,20,52862922623
11634,102,59783435637
11635,128,50546805832
11636,393,103659777792
11637,16,4503617000
11638,145,91617029203
11638,222,91484032185
11638,1033,91138775166
11639,495,92846319990
11640,138,115397865071
11641,412,142218493808
11642,437,179814109558
11643,257,124567077944
11644,16,71289052440
11645,436,158189809000
11646,202,110169335688
11647,216,110322028594
11648,57,133063569524
11649,10,72999026145
11650,178,133587457880
11651,29,113189356507
11652,244,136666514339
11653,57,119946215163
11654,68,174249541764
11655,322,126320730297
11656,29,79561127837
11657,221,97641046788
11658,369,76616301370
11659,10,113272225140
11660,10,122512492683
11661,177,124410538456
11662,504,141444580267
11663,870,175137245814
11663,83,140497608163
11664,257,120940360182
11665,128,50353004014
11666,106,59803353673
11667,70,58387054923
11668,83,174079993827
11669,416,124212564502
11670,29,187172143207
11671,338,132613392334
11672,83,142273537282
11673,29,151449895775
11674,385,136660094555
11674,227,136659094216
11675,53,125615224904
11676,172,130263745986
11677,70,57256032731
11677,139,57255018004
11678,127,123822403916
11679,8,179733472853
11680,10,147959574095
11681,394,87765789284
11682,1034,168901792723
11683,155,68665268506
11684,23,44066970849
11685,70,73800712800
11686,879,124070005931
11687,23,3276413000
11688,64,92526166857
11689,530,113182200393
11690,23,8389553000
11691,8,121787826069
11692,327,105396021743
11693,383,118327550786
11694,495,108619079975
11695,674,86378169557
11696,412,136058379144
11697,187,125021238126
11698,162,56571134942
11699,112,55012691654
11700,1035,129417084685
11701,23,19410564346
11702,315,136818405306
11703,16,37870710591
11704,13,74208864361
11705,10,69655927148
11706,422,118092403546
11707,130,58311910888
11708,216,165271825801
11709,44,171240316280
11710,10,106878551154
11711,10,55003174064
11712,33,115929294188
11713,87,133460488390
11714,383,119827405372
11715,94,115003360339
11716,209,125509606591
11717,10,112143822071
11718,193,136508298870
11719,221,122471292928
11720,33,86835173819
11721,389,195821103667
11722,507,123888748329
11723,34,136158692354
11724,1017,94780394468
11725,289,123338111778
11726,326,161449751822
11727,70,49857835043
11728,20,8568913000
11729,10,70917494325
11730,157,139847530142
11731,25,94696450324
11732,10,97929527935
11733,18,84993905869
11734,83,142564759595
11735,155,50752460619
11736,411,158724402987
11737,281,86054234498
11738,23,15350528495
11739,106,74085898392
11740,10,129772797530
11741,508,183871699582
11742,410,191521543212
11743,8,111873233895
11744,187,177646603686
11745,8,127092084279
11746,235,136154018214
11747,158,60546756246
11748,246,158761672732
11749,33,142316140293
11750,8,84659195972
11751,860,190400046011
11752,369,55791946913
11753,65,63674837933
11754,29,95040467802
11755,23,30333828152
11756,102,68768946853
11757,105,55213156600
11758,64,103403609018
11759,538,120467489672
11760,155,52179019703
11761,10,20214786975
11762,52,109173085986
11763,29,110379323456
11764,139,58040384523
11765,149,119820482288
11766,257,121988630443
11767,38,127777190048
11768,157,135199238161
11769,444,189027625274
11769,1036,165243831072
11770,10,88877054020
11771,559,140997495029
11771,476,114999716847
11772,47,83555285440
11773,70,49909784646
11774,53,67207106279
11775,53,127288808883
11776,106,78788277615
11777,681,165151964808
11778,10,178235105067
11779,143,68009385060
11780,15,105749030944
11781,102,74887288585
11782,139,76687724406
11783,10,108175151713
11784,29,115236667158
11785,70,68763995626
11786,475,171276025705
11787,592,131742257723
11788,83,160598765780
11789,351,70731197745
11790,155,56154907223
11791,16,35610848827
11792,500,139158921841
11793,227,129507669764
11794,23,82633946397
11795,928,132431129450
11796,83,148581443511
11797,112,118975595704
11798,439,147203944983
11799,23,61597622286
11800,149,118434413817
11801,10,128216453142
11802,102,85462696733
11803,1037,148796638338
11804,33,128122816318
11805,1038,114570295934
11805,8,114570080813
11806,8,112017210118
11807,158,112475924373
11808,20,91887021916
11809,22,149923020851
11810,234,86917316388
11811,39,153169922378
11812,105,59424180002
11813,17,119593161776
11814,10,91300695354
11815,8,108752446782
11816,33,102943761667
11817,524,102108056452
11818,396,81348662412
11819,32,78254032754
11820,20,72553519020
11821,10,109090993242
11822,10,78347302620
11823,839,71892209725
11824,23,48567815674
11825,16,45028795660
11826,20,66684757778
11827,162,56926603371
11828,84,78084637998
11829,10,153520852794
11830,87,109244365966
11831,10,166391703879
11832,134,154547642124
11833,198,159148298275
11834,963,165179260983
11835,114,101763876895
11836,44,133193359874
11837,209,120389354388
11838,47,91135858986
11839,64,57528587846
11840,106,60096724480
11841,39,132355092750
11842,8,156457955438
11843,720,161369800546
11844,149,123272872561
11845,29,81560429610
11846,315,166451754610
11846,323,166451551927
11847,488,136061490721
11848,114,171308481073
11849,322,113442516451
11850,47,166854188120
11851,652,125978267396
11852,8,134356818980
11853,210,110336926473
11854,117,146461404526
11855,10,60747401511
11856,178,138299195131
11857,68,134864166162
11858,10,32640954456
11859,10,115687543192
11860,105,50977886562
11861,10,132177380872
11862,154,196728730675
11863,955,114405389872
11864,128,69270094226
11865,83,142372901620
11866,16,48787057634
11867,127,125424898659
11868,139,55948489911
11869,747,110850982733
11870,53,83191265747
11871,10,93474226327
11872,216,110467760546
11873,310,194914607692
11874,575,163057174903
11875,127,138047132887
11876,530,121608091569
11877,125,95632855561
11878,652,119990562169
11879,10,106167202830
11880,83,139012586525
11881,149,122847861602
11882,1010,149259447005
11883,162,60827815540
11884,338,106948411356
11885,158,56329256638
11886,257,91151216744
11887,20,92945877363
11888,167,130884175824
11889,443,138770000546
11890,373,193704883350
11891,446,113481037227
11892,70,74548290512
11893,170,130916292294
11894,20,40914889120
11895,94,152159121160
11895,15,152158930840
11896,28,170808217873
11897,39,154222000549
11898,928,165892338700
11899,212,178456649712
11900,94,96138619936
11901,52,156820367799
11902,109,123654210590
11903,446,168285189379
11904,181,154032569513
11905,10,134419097621
11906,1027,128113596872
11907,8,103244477433
11908,10,38190541885
11909,10,26235471040
11910,125,103756369935
11911,669,175837600425
11912,354,196910919908
11913,274,109205958946
11914,10,116875945926
11915,216,62047786738
11916,10,94624082607
11917,146,53572142608
11918,1039,121843689115
11919,87,86999950960
11920,731,137952020786
11921,10,46053857562
11922,57,120218158368
11923,648,152116810538
11924,326,132866582206
11925,146,74220862833
11926,125,114035393198
11927,8,133993444210
11928,105,79496120761
11929,328,104673548021
11930,139,56571291030
11931,202,136335163248
11932,10,65086648479
11933,155,138240485400
11934,297,142442301581
11935,20,36615259533
11936,10,69737068691
11937,1040,163687170762
11938,23,17927957770
11939,37,124311260753
11940,10,50569241962
11941,155,112396515012
11942,114,164288227853
11943,240,105209631921
11944,262,124148716669
11945,297,126392053422
11946,106,151024225615
11947,38,190274706852
11948,187,112560714049
11949,322,119649642486
11950,8,134166007379
11951,87,69957846696
11952,97,65055909323
11953,145,121621400837
11954,172,127016803177
11955,158,63495242164
11956,10,109966895407
11957,404,126291035451
11958,105,54697387770
11959,262,157574389161
11960,23,18849387256
11961,10,40505585152
11962,257,114800865764
11962,10,111630641201
11963,130,47621630868
11964,97,62919343329
11965,33,87510224496
11966,579,59275361927
11967,69,125491452430
11968,16,20678624659
11969,332,181164582696
11970,928,165635640471
11971,297,133804458610
11972,53,80257082104
11973,8,120078685656
11974,499,105170625161
11975,518,128120476523
11976,342,151546017169
11977,297,182726384362
11978,77,62103384493
11979,333,180912091621
11980,143,63862335105
11981,161,89530880269
11982,510,174087118301
11983,109,76738616129
11983,242,76737896871
11984,10,29088487470
11985,214,161635305503
11986,230,176224152480
11987,10,116664223211
11988,422,108869179539
11989,109,124057258368
11990,106,117741255388
11991,155,50262269701
11991,155,50262269701
11992,257,129824711006
11993,53,74012384829
11994,545,94962696046
11995,70,80006210214
11996,217,155677326416
11996,217,155677326416
11997,16,28844644516
11998,14,105194302355
11999,240,163818708460
12000,70,53165881403
12001,70,53205011223
12002,20,48045606874
12002,20,48045606874
12003,30,154370830470
12003,30,154370830470
12003,30,154370830470
12004,151,192872975947
12005,157,116361202410
12006,149,119893420952
12007,690,181599300646
12008,10,50378940000
12009,285,167446453923
12009,707,154485251517
12010,47,93131550053
12011,1020,147381874721
12012,155,51148973946
12013,540,124261115102
12014,30,172992226274
12015,162,67533433426
12016,16,60545474163
12017,202,137617322904
12018,16,73420417250
12019,10,121583947624
12020,193,106947598053
12021,10,58582473050
12021,10,58582473050
12022,102,63479033692
12023,106,48485513010
12023,106,48485513010
12024,16,14664413361
12025,8,106837531260
12026,66,109976273539
12026,66,109976273539
12027,8,134533547390
12028,572,196457778928
12029,162,67878478582
12030,29,80132337807
12031,8,170002829742
12032,183,140554260583
12033,23,30416146956
12034,102,169253031512
12035,64,60657420565
12036,23,144403000
12037,1041,168056920173
12038,10,118606193202
12039,155,54657945810
12040,294,122779356156
12041,244,142199763683
12042,128,62666284828
12043,128,59337250805
12044,206,56220082314
12045,293,184189820011
12046,1042,182116743662
12047,146,68777320591
12048,111,91632210807
12049,227,93415163058
12050,22,129140226199
12051,155,52984027199
12052,1043,87744412018
12053,10,49522393725
12054,128,49511648613
12055,155,81321549936
12056,10,95477471044
12057,120,132084474625
12058,919,176675934898
12059,187,138662258279
12060,652,147406662803
12061,65,66433247238
12062,291,114223590168
12063,30,133727057452
12064,8,133775288519
12065,177,154986258427
12066,369,66614022716
12067,155,49696620168
12068,105,177113602269
12069,57,116649040859
12070,23,17710072441
12071,97,112897043450
12072,102,53328129280
12073,104,104072388236
12074,29,85083593139
12075,570,178832556516
12076,10,49171351400
12077,117,141165192559
12078,10,125959036977
12079,8,134965836112
12080,84,112823404295
12081,448,111435900440
12082,162,67803224381
12083,64,129320811589
12084,29,94937124921
12085,128,52155223277
12086,150,96701646210
12087,496,137368022779
12088,23,40335701003
12089,23,52583350921
12090,20,3104559000
12091,53,62829462227
12092,128,48282605811
12093,269,190841615061
12094,561,116200647123
12095,16,479732000
12096,114,110481227127
12097,138,124173390136
12098,16,69271279502
12099,202,109339648950
12100,97,125505176536
12101,88,125443053189
12102,102,135878403001
12103,125,109368439975
12104,10,104642994105
12105,366,113010539818
12105,812,79997537077
12106,752,108494448942
12107,10,53891729353
12108,427,146441661691
12108,427,146441661691
12109,385,183606139926
12110,10,78501323989
12111,20,41554120066
12112,15,66587429831
12113,1015,198706189784
12113,146,154033492395
12114,146,48003505165
12114,146,48003505165
12115,10,77078754736
12115,10,77078754736
12115,10,77078754736
12116,535,173556747594
12117,630,148845558848
12118,102,69456009963
12119,16,16212123857
12120,155,50459617337
12121,57,60991195688
12122,47,109698686338
12123,427,137467121838
12124,159,67723548335
12125,105,49470998874
12126,539,162414059339
12127,8,135107292073
12128,649,175992372691
12129,128,63442798863
12130,444,188710559451
12131,112,89423652589
12132,93,57093247273
12133,1044,92288857103
12134,10,117858210519
12135,10,102443423971
12135,10,102443423971
12136,130,53287614807
12137,83,142211371718
12138,145,102262190357
12139,106,59495072200
12140,52,120686801595
12141,10,19254170765
12142,111,92238290396
12143,128,142370871535
12144,14,76879439192
12145,155,69367133830
12146,8,121239653874
12147,23,17515335761
12148,8,116824703642
12149,20,57190414682
12150,23,77975282941
12151,105,53146466251
12152,189,126412660282
12153,128,74539007202
12154,16,8431939000
12155,291,104025925374
12156,222,145071306725
12157,188,178670616689
12158,618,199911496007
12159,8,123030054409
12159,8,123030054409
12160,10,113264485769
12161,871,125462354721
12162,20,27024605616
12163,99,115666751368
12164,10,48864040993
12165,50,193344719003
12166,23,25149966979
12167,20,21845068366
12168,803,184361314951
12169,39,76482117544
12170,10,38271651810
12171,257,96126627463
12172,137,90935850630
12173,20,49636569335
12174,177,119505777532
12175,77,56228299588
12176,10,38179468181
12177,297,137804992798
12178,129,194045606074
12179,23,18043370787
12180,16,35075363414
12181,10,84921859166
12182,97,146767356274
12183,23,22282295219
12184,364,119160497837
12185,676,181089170193
12186,214,160091342816
12187,37,94172529164
12188,128,48274871085
12189,73,200587582301
12190,20,50478987541
12191,157,119241143761
12192,302,132609602805
12193,30,137361082135
12194,553,125453720486
12195,10,31961451733
12196,229,179865429927
12196,675,179864337128
12197,414,114804118194
12198,16,9310115000
12199,23,97993095719
12200,383,136674423648
12201,437,180692758076
12201,402,172867582806
12201,128,131833498448
12202,1045,173829079191
12203,106,50802074456
12204,458,111499699338
12205,105,47896843656
12206,105,53228945624
12207,143,63957509664
12208,57,121309801996
12209,495,157566150129
12210,257,94535155777
12211,104,155704815883
12212,808,164505388602
12213,125,95296494729
12214,105,53316175774
12215,83,139267770757
12216,637,107455351420
12217,10,37480955932
12217,10,37480955932
12218,10,50338615342
12219,106,69436336761
12220,39,49141634421
12221,125,108088234042
12222,653,129785481949
12223,155,49697181806
12224,896,70236683327
12225,105,49572403017
12225,105,49572403017
12226,10,135290081067
12227,543,191873703076
12227,366,113059190901
12228,128,69735596055
12229,399,180572351932
4766,220,174265532056
4766,220,174265532056
12230,369,55833697186
12231,98,67133868114
12232,307,40268194296
12233,242,118594622277
12234,47,106106246433
12235,499,115493600782
12236,284,106631122422
12237,39,76605617590
12238,257,175025881989
12239,132,179163145371
12240,619,87862561343
12241,29,141228697977
12242,8,109212024599
12243,229,121611226804
12244,58,114636502276
12245,8,123735718970
12245,227,123735642671
12246,193,95855812388
12247,106,93740847982
12248,321,113454250271
12249,127,119679970829
12250,400,200762968154
12251,128,143566727013
12252,83,159637230246
12253,731,136147892091
12254,138,120371266507
12255,155,163715103976
12256,193,112668511415
12257,10,85716341894
12258,318,148344495770
12259,87,87102446593
12260,886,165605887820
12260,886,165605887820
12260,886,165605887820
12260,886,165605887820
12261,242,124053890930
12262,8,108788556404
12263,112,72564342058
12264,88,154065553008
12265,23,52173403050
12266,400,174586305236
12267,8,135433602563
12268,125,106884686507
12269,758,142191997809
12270,495,194725854590
12271,20,705710000
12272,216,115077837142
12273,1046,127253206314
12274,422,112392213173
12275,43,110651647760
12276,10,26769193374
12277,187,188683494505
12278,81,92412689562
12279,355,102672835549
12280,10,115989614390
12281,347,156945701538
12282,23,94680292478
12283,43,109211782745
12284,67,61870349094
12284,67,61870349094
12284,67,61870349094
12285,702,128941776375
12286,162,72150861891
12287,39,112650225534
12288,257,135451694956
12289,594,129703747723
12290,125,90779955566
12291,85,59613506905
12292,645,172616646486
12293,193,187513684668
12294,10,38103694884
12295,161,114698769749
12296,16,74534566772
12297,130,55771246497
12298,13,109545412575
12299,25,124980167177
12300,102,47677681166
12301,74,104293552279
12301,74,104293552279
12302,240,112156861267
12303,155,168360370304
12304,128,80000718192
12305,130,58564116765
12306,297,135517969849
12307,23,15127419508
12308,102,47620731821
12309,16,10784970000
12310,10,106087206346
12311,162,87078708606
12312,47,96946388799
12313,1047,131045161864
12314,466,123360546895
12315,105,66321269623
12316,16,30589335602
12317,261,134026122331
12317,456,134025992616
12318,553,131133985261
12319,92,145924696997
12320,65,67994381173
12321,522,124908661284
12322,8,108772530929
12323,49,68262211048
12324,94,136678833834
12325,23,66681226668
12326,142,111877635218
12327,10,133484986704
12328,257,132510993099
12329,155,49686758786
12330,155,47677291317
12331,83,139971287527
12332,10,123963997322
12333,20,15656701571
12334,70,53198984628
12335,420,122245899151
12336,156,135452801974
12337,70,105585773758
12338,83,158761601027
12339,114,138387264756
12340,1048,194759998094
12340,876,193081550477
12340,1049,193081490451
12341,87,129940454922
12342,18,146159490909
12343,129,144522958846
12344,112,67460411130
12345,385,190240154189
12346,10,78594807424
12347,10,110848989959
12348,23,12586266206
12349,16,13044548644
12350,193,125461230583
12351,29,90561020076
12352,154,177549631693
12353,10,107071181567
12354,10,47927881366
12355,69,120561250926
12356,642,169236469070
12357,201,122410284490
12357,416,122234473472
12358,128,47837308515
12359,8,134852449510
12360,155,133553264542
12361,163,165844227184
12362,10,76542364425
12363,16,94879055794
12364,10,128463128994
12365,652,163559400827
12366,146,68835817698
12367,8,161920732934
12368,373,194386204152
12369,29,107039381801
12370,146,64201405660
12371,102,68717878938
12372,1050,197146708619
12373,1051,130785582160
12374,795,120794181932
12375,155,74264321285
12376,242,95375296953
12376,81,95375172064
12377,106,52362476687
12378,29,94155706201
12379,1052,126924865128
12380,105,68867664322
12381,175,171140256706
12382,72,85716054237
12383,102,68777431125
12384,16,74392268968
12385,10,115445506458
12386,473,118591031538
12387,257,94916774676
12388,114,70220246183
12389,128,137857294878
12389,619,135617904476
12390,130,58590545088
12391,38,137027277699
12392,20,31718447329
12393,320,121029414262
12394,102,52783883123
12395,10,170461143351
12396,422,96738959960
12397,884,179954793111
12398,53,60640657819
12399,16,18813205788
12400,657,140710260545
12401,57,94829708058
12402,70,54590314439
12403,1053,141241266721
12404,23,54915818026
12405,1054,175700064496
12406,321,116455735406
12406,321,116455735406
12407,155,69355244499
12408,94,141526473442
12409,10,144458290500
12410,105,79182596063
12411,10,144297723712
12412,128,47599483543
12413,199,176211715145
12414,1016,146022379434
12415,8,124851373155
12416,83,173661525602
12417,155,48390727230
12417,155,48390727230
12418,165,187755012207
12419,16,42429418694
12420,462,170317320630
12421,373,191941496027
12422,369,55795938265
12423,112,65496142366
12424,83,145168935670
12425,244,136498471792
12426,82,106838610494
12427,121,109611003283
12428,128,147701443693
12429,315,121412095756
12430,8,158553476955
12431,106,50357714498
12432,202,141501126758
12433,29,78860996438
12434,10,30325477710
12435,197,155246010022
12436,88,123047230379
12437,112,111630429501
12438,1055,156192532674
12439,579,56049474486
12440,23,53890206451
12441,455,132100685032
12442,83,143435541533
12443,53,88349410791
12444,349,139972352738
12445,155,69553828994
12446,1056,80344420093
12447,97,69898230844
12448,53,137644329233
12449,97,120261167040
12450,53,86479254674
12451,39,87255723381
12452,135,128813769480
12453,37,92420663779
12454,16,121898119290
12455,185,170193971006
12456,355,186617026707
12457,105,73509637188
12458,105,53800954443
12459,1016,132193880002
12460,162,88044357923
12461,70,122410498561
12462,83,140327550392
12463,139,55913953456
12464,39,121490470875
12465,10,30142262486
12466,601,123100761040
12467,515,131513872211
12468,83,143232409965
12469,10,88294302262
12470,422,127342421129
12471,20,16046895346
12472,676,184085159381
12473,20,10949419000
12474,128,53222600136
12475,397,178300564405
12476,366,191883517007
12477,81,79972298875
12478,39,122401332989
12479,155,65394209247
12480,227,90008497315
12481,633,129582489536
12481,120,129582390176
12481,296,129582346432
12481,60,129582296835
12482,16,3365726000
12483,10,71378037194
12484,87,87203737793
12485,164,113613116622
12486,135,121617031579
12487,23,19425553501
12488,20,71970750603
12489,10,115512656088
12490,10,116184399859
12491,139,61047925186
12492,33,128627321874
12493,149,125528403742
12494,174,144414584427
12495,8,113606943079
12496,8,172272942420
12497,512,104304218433
12498,170,155668026473
12499,33,142961583101
12500,29,131932221483
12501,719,177867960984
12502,109,80724378930
12503,215,171490047384
12504,462,175709918638
12505,8,166939323171
12506,83,138401045110
12507,8,129704095159
12508,8,125324886320
12509,953,165009600197
12510,85,92183573968
12510,85,92183573968
12511,27,121722794876
12512,189,131241767102
12513,47,96473372477
12514,83,158181110287
12515,82,106594431626
12516,175,58723421161
12517,146,47757387344
12518,130,111357442672
12519,109,87332722012
12520,109,83168392518
12521,128,69442988947
12522,125,92797492520
12523,155,54052656960
12524,10,101798956046
12524,274,101798839903
12525,229,115840734250
12526,105,138108719430
12527,1057,186183725608
12528,8,134332674281
12529,490,117262065761
12530,16,21615522814
12531,23,93021108639
12532,146,133735684212
12533,70,51670295746
12534,50,168200143168
12535,8,187224319492
12536,130,58732545182
12537,83,140980577364
12538,8,135218578285
12539,8,122528680694
12540,416,141487571951
12541,156,113465690251
12542,408,188341190660
12543,200,158440540331
12544,6,119698198685
12544,595,119697487268
12545,1005,149536207443
12546,408,114647886590
12547,408,112821085702
12548,408,151898110181
12549,200,113775964085
12550,164,114205084545
12551,408,154628522239
12552,408,113455480214
12553,162,71982099072
12554,16,81348350357
12555,16,2480269000
12556,16,40681557401
12557,16,30323954938
12558,16,8478045000
12559,23,1032585000
12560,16,92718851970
12561,155,127755000636
12562,284,199224938867
12563,16,15753786403
12564,16,17449388347
12565,16,15164478953
12566,16,19422826988
12567,155,48546845433
12568,102,49521445950
12569,130,55287102618
12570,47,171412919061
12571,294,161199602312
12572,957,124591705149
12573,20,3392379000
12574,297,128222793421
12575,162,61266256142
12576,264,123102764861
12577,488,149391893951
12578,1058,162173940168
12579,10,109814914755
12580,67,158462263245
12581,648,152639215224
12582,10,119153837858
12583,10,40515582351
12584,372,195623181643
12585,20,51411930378
12586,23,17175358883
12587,547,53268010613
12588,58,106436592710
12589,94,113840889988
12590,240,167619421454
12591,87,163751821386
12592,16,3263073000
12593,33,130878209896
12594,155,138508571198
12595,495,158080207111
12596,83,143048664639
12597,155,49599418631
12598,264,134352230632
12598,264,134352230632
12598,264,134352230632
12599,30,142048421715
12600,10,109973069727
12601,145,149710052584
12602,320,115409688336
12603,10,146472862196
12604,611,139173084989
12605,53,73850248813
12606,10,62175472699
12607,240,108951077298
12607,240,108951077298
12608,83,139849050886
12609,94,123973455746
12610,77,67674753892
12611,202,112839928785
12612,109,88133644379
12613,149,123878061603
12614,70,85469689371
12614,70,85469689371
12615,364,119474527484
12616,130,58536255353
12617,155,73796388621
12618,37,90791324240
12619,155,63427095860
12620,193,116010710518
12621,427,147876805784
12622,128,132280838307
12623,611,156968756805
12624,227,119429606717
12625,70,49859962062
12626,25,113079270266
12627,155,59253485880
12628,23,12025818905
12629,300,124667531785
12630,221,137269006199
12631,10,56842003086
12632,495,116630914289
12633,49,104617587797
12634,89,174755345326
12635,105,80678859433
12636,23,30747418049
12637,52,102425389750
12638,15,74966537836
12639,619,196312157873
12640,985,170698179549
12641,384,163860255223
12642,162,69697813437
12643,16,26160916575
12644,10,113633097032
12645,10,91515816506
12646,10,40314973900
12647,503,131916993498
12648,23,31947550241
12649,427,163632234710
12650,8,156980744094
12650,8,156980744094
12651,363,134325396161
12652,190,113658803872
12653,217,92603275623
12654,102,53486461765
12655,8,153691103080
12656,1059,71689892158
12657,93,66330127833
12658,162,76817428326
12659,20,40264993310
12660,108,179905295243
12661,155,70755196658
12662,155,52269399416
12663,94,125870669552
12664,105,54394780386
12665,227,120098370958
12666,128,55534855751
12667,89,174402563113
12668,77,81909773482
12669,128,69356080208
12670,70,49652048906
12671,16,43034664745
12672,128,53335869303
12673,102,49939974931
12674,10,89168718682
12675,47,78189629590
12676,488,146779255874
12676,138,130101487642
12677,162,72016887370
12678,155,83142444939
12679,99,133536770118
12680,29,129594524684
12681,325,118472294291
12682,10,188407383894
12683,193,161752105913
12684,216,83042395221
12685,83,174250388653
12686,505,160544242956
12687,87,92118572205
12688,155,74347657716
12689,1020,133561132392
12690,130,78293561380
12691,240,136393363928
12692,83,140132803925
12693,1060,87091258955
12694,10,158456033359
12695,16,50865326647
12696,20,37484096718
12697,276,108949454147
12698,10,40519140211
12699,138,147755916312
12700,20,31877126161
12701,8,111878106028
12702,23,15114495504
12703,14,64735324219
12704,10,123634744518
12705,8,153938338359
12706,598,151896943075
12707,104,113230629849
12708,15,54339682720
12709,16,20543717712
12710,22,165011625467
12711,642,117506376491
12712,121,141253583558
12713,93,76606088753
12714,260,52955822891
12715,33,123879831465
12716,175,58724628350
12717,169,163783678656
12718,383,130340191166
12719,1061,198825942084
12720,16,96668335427
12721,10,62279587074
12722,276,124478516061
12723,411,120251621490
12724,47,187304621081
12725,97,105549600298
12725,216,105549498354
12726,143,64755723869
12727,10,92419904099
12728,23,28394957509
12729,369,61401336800
12730,1062,144299797714
12731,23,71446820329
12732,182,119501936605
12733,299,194801213646
12734,266,87290111242
12735,474,114299083057
12735,221,114299039540
12736,70,47707033218
12737,16,11121073000
12738,10,63745944247
12739,10,110031463834
12740,153,148728520633
12741,327,162358653366
12742,400,174550191122
12743,227,93915861412
12744,217,92146394731
12745,622,154909581168
12746,264,154119576381
12747,231,123449185692
12748,411,120307773966
12749,416,113263396121
12750,473,150509687323
12751,106,50781018798
12752,25,124393751533
12753,70,75056952261
12754,263,87872268742
12755,409,129330030569
12756,29,169080171142
12757,209,190163253201
12758,10,76162904889
12758,10,76162904889
12759,1063,186229411560
12760,274,130765819936
12761,105,72670963533
12762,489,193245395723
12763,672,161928198261
12764,102,52697959520
12765,70,69548510241
12766,63,113573235078
12767,202,164916501717
12768,257,93376497672
12769,228,134791168318
12770,272,163879184498
12771,49,134507527466
12772,16,76784825095
12773,20,13222913567
12774,234,108454336283
12775,242,82430668241
12776,574,184792149392
12777,87,65848807415
12778,177,132949722154
12779,22,94335076321
12780,23,13151718788
12781,130,59863342665
12782,577,121655639043
12783,640,129400403764
12784,257,137638305715
12785,193,139880750614
12786,653,130267448522
12787,8,193044253832
12788,155,52648458648
12789,10,50965183532
12790,105,48479248657
12791,109,95609426322
12792,10,78242126602
12792,10,78242126602
12793,125,88799122512
12794,156,60030311686
12795,226,119986156717
12796,257,102876662515
12797,105,49618219739
12798,23,10887496000
12799,579,49165743394
12800,112,55611722329
12801,88,202051716338
12802,10,48012005118
12803,790,111199687071
12804,657,139620487987
12805,102,53666994835
12806,600,127678167098
12807,10,39792643916
12808,152,158798535333
12809,23,30918744298
12810,114,148127091323
12811,458,124409536628
12812,93,72016595788
12813,87,59881500563
12814,13,123091830034
12815,47,93312202847
12816,1064,190393813981
12816,155,177030015389
12816,303,176840384465
12817,903,144818043574
12818,193,124948847722
12819,185,173599914815
12820,162,71976469739
12821,127,115759382509
12822,83,138377698077
12823,356,146501173463
12824,202,178044606778
12825,65,64201629043
12826,242,95170442349
12827,23,18582953989
12828,188,156195796585
12829,94,147176156328
12830,211,158268726060
12831,369,87300310468
12832,490,110911685870
12833,23,19420326344
12834,313,131583425374
12835,125,111082818013
12836,47,119913862169
12837,26,143591813450
12838,10,30327611618
12839,198,131738063952
12840,141,63730564207
12841,20,78905077014
12842,155,47750018388
12843,623,195846200922
12844,16,10902059000
12845,10,34297327167
12846,274,106200962826
12847,47,95758064170
12848,83,140939521191
12849,422,86989509643
12850,10,104667059871
12851,72,70918096742
12852,648,152779537403
12853,16,17720928952
12854,437,199083308011
12855,104,170978972850
12856,156,60903500012
12857,87,61920310180
12858,346,148090774305
12859,137,64195914345
12860,20,48492325463
12861,145,110436826871
12862,411,118172242440
12863,47,95537512098
12864,400,178052617455
12864,399,178052584901
12865,109,111043542504
12865,242,111043434959
12866,8,169872236439
12867,1065,121528220253
12868,46,79041135415
12869,197,123979013386
12870,29,176063093432
12871,10,82247852299
12872,1066,192506552748
12873,655,65171691391
12874,10,124818778125
12875,112,83605656204
12876,23,24079145880
12877,8,120352024483
12878,70,56138586597
12879,23,15202271614
12880,105,79349534596
12881,227,129682235483
12882,959,118869698071
12883,302,112425343158
12884,162,62129984752
12885,15,141184940161
12886,669,180991467496
12887,49,91924826824
12888,322,139191098636
12889,379,134116024620
12890,83,141234092783
12891,30,107199919841
12892,57,132317499892
12893,553,120350480447
12894,10,43885210002
12895,508,149526366286
12896,155,58923459784
12897,105,117740270819
12898,49,120774257874
12899,43,109747823188
12900,720,158182440589
12901,322,77781139720
12902,47,104609678826
12903,283,151375576241
12904,39,109207453814
12904,87,109207145107
12905,128,74635547392
12906,242,175989555032
12907,155,58390537679
12907,155,58390537679
12908,206,56155857352
12909,448,119404342288
12910,10,46905208990
12911,663,147930815333
12911,129,142223266522
12912,300,125442731112
12913,70,106166653741
12914,331,157763721875
12915,8,105573989183
12916,827,146426483032
12917,16,106881783798
12918,83,140297020589
12919,878,113838287756
12920,466,103175334880
12921,10,59334118594
12922,1044,104807603528
12922,82,104807239505
12923,395,137023193378
12924,47,104784490161
12925,10,61417875685
12926,155,52878273046
12927,10,150373440548
12928,30,195223164516
12929,10,134803433380
12930,654,144049826781
12931,10,63056792751
12932,23,122917331686
12933,67,61413428696
12934,282,109389149200
12935,877,196811448109
12936,10,91684886594
12937,20,31580035574
12938,16,27579986884
12939,400,174778025576
12939,462,170440361196
12940,10,137780071918
12941,39,54088912470
12942,39,130539467223
12943,10,128485742905
12944,15,135046669207
12945,109,199486344030
12946,52,82684868143
12947,8,170523317397
12948,161,165701149220
12949,171,103292035362
12950,155,63746621138
12951,193,135800173309
12951,229,124837471270
12952,10,201250881707
12953,1067,171694500038
12954,672,160942762032
12955,548,181355508807
12956,69,112686033140
12957,128,52861048386
12958,8,114380122613
12959,1068,191723352373
12960,193,160452519011
12961,10,102306011596
12962,60,119850477541
12963,10,134216685572
12964,16,21242194564
12965,130,111531687645
12966,564,112496268368
12967,272,189389171255
12968,155,69711561657
12969,193,104811890159
12970,43,123614442575
12971,53,77238587749
12972,47,95717484741
12973,49,173288856160
12974,619,87626543476
12975,83,139267427119
12976,540,124057195480
12977,39,92988151167
12978,10,109934485686
12979,23,12072691249
12980,322,76960578151
12981,170,147847599167
12982,214,165622357218
12983,93,67121615529
12984,83,153429145060
12985,23,55718734614
12986,88,152023221997
12986,565,152023130295
12986,526,152022831842
12987,193,175552323159
12988,315,122951472767
12989,264,147746150399
12990,88,115905897081
12991,926,109626107086
12992,57,75995979437
12993,679,143256849295
12994,192,85023285378
12995,274,198160809724
12996,77,62214943351
12997,1069,159144914461
12998,10,64220215528
12999,23,36524103516
13000,369,77592837131
13001,128,68161748221
13002,23,34141705426
13003,16,10781847000
13004,410,153123197371
13005,422,112393029619
13006,16,16279019479
13007,870,193261298187
13008,47,103298875665
13009,226,88200809557
13010,94,128058104315
13011,130,51058808173
13012,548,175950052776
13013,307,42508932071
13014,262,131922634633
13015,23,5344283000
13016,23,10346636000
13016,23,10346636000
13017,23,19621223568
13018,1070,179149163858
13019,155,188287364057
13020,102,74040837775
13021,16,57212335272
13022,604,96511648655
13023,23,72708614344
13024,7,150689843414
13025,469,135446434974
13026,7,129063572764
13026,135,129063443438
13027,69,163017816441
13028,69,123015554108
13029,240,122838479897
13030,240,123764681190
13031,731,119153870114
13032,240,121632139339
13033,240,123274629423
13034,731,151791160494
13035,499,112297118017
13036,69,101865814084
13037,69,170819703722
13038,240,127862557803
13039,240,124187748736
13040,69,123177079842
13041,731,115846262092
13042,69,158902563438
13043,731,124051432993
13044,69,127578684482
13045,69,107385528744
13046,69,111194200985
13047,731,169169373375
13048,240,134096495002
13049,240,159400564653
13050,533,130249744249
13051,69,158584670184
13052,69,119048275480
13053,8,109422855128
13054,156,61236531588
13055,87,67792724631
13056,70,59457779168
13057,10,141417757703
13058,43,188764553369
13059,119,138925668776
13060,507,180365280344
13061,104,149866270063
13062,658,128621310632
13063,193,130784295844
13064,664,172260974870
13065,422,119540060421
13066,10,102307317620
13067,134,105151978266
13068,23,15645355689
13069,494,169235133231
13070,109,130861167448
13071,10,85416545972
13072,20,17251647223
13073,112,110492307450
13074,8,200271761755
13075,508,138853540093
13076,128,47870374630
13077,1015,196752195693
13077,987,190428841226
13078,211,169435420571
13079,97,64440420380
13080,202,127791203294
13081,83,140465422635
13082,8,155160705319
13083,1058,175398344876
13084,202,190330023187
13085,17,182644670477
13086,10,25117043655
13087,611,183014581083
13088,306,194057666951
13089,1071,196334028317
13090,29,169148390823
13091,93,88186176460
13092,97,94002903572
13093,567,192931155742
13094,88,162939708093
13095,38,154332665734
13096,389,148318489124
13097,10,61414300951
13098,112,111449563540
13099,798,133649628673
13100,125,88604058094
13101,446,118947071456
13102,57,165110089447
13103,23,17628378802
13104,373,197325569155
13105,746,107723781410
13106,8,111642080343
13107,242,82314516005
13108,94,105563326839
13109,521,128365020637
13110,70,49663561216
13111,83,140116155581
13112,422,129586609270
13113,307,40255553189
13114,74,113772757836
13115,1072,129562299522
13116,20,77325749534
13117,1073,122700095490
13118,177,127014049452
13119,105,48216939444
13120,198,184972178422
13121,39,54899649867
13122,155,56700403161
13123,114,135211205078
13123,114,135211205078
13124,10,66152201646
13125,83,201127023938
13126,23,15363321742
13127,20,12503876028
13128,10,79226045239
13129,444,125004744406
13130,264,123880962681
13131,177,144888527388
13132,109,95213627915
13133,383,119847256113
13134,83,142297059161
13135,10,92179255389
13136,87,111180270759
13137,70,54012164979
13138,21,112390222756
13139,746,157613609198
13140,16,59231635785
13141,16,64104280563
13142,105,87750298354
13143,17,151035151268
13144,16,15960531327
13145,8,130774541952
13146,720,172867806146
13147,216,75548564762
13148,8,103484681177
13149,192,109270182913
13150,102,134329210454
13151,276,93049858632
13152,143,65386561846
13153,146,52631576164
13154,93,55868588216
13155,193,159557941363
13156,1074,127947752166
13157,153,159336725494
13158,162,59614046295
13159,16,10799837000
13160,97,126128124359
13160,97,126128124359
13161,16,53204148305
13162,10,129739189777
13163,92,143004246448
13164,106,78611173849
13164,106,78611173849
13165,23,25637580237
13166,137,92907095821
13167,109,91388168729
13168,10,119816941452
13169,202,170556447424
13169,155,74625866272
13170,77,57270429208
13171,139,56208828648
13172,656,119473977161
13173,376,113482471555
13174,112,74007291278
13175,102,110838905040
6627,224,73858350125
13176,10,119651626888
13177,563,147119394513
13178,8,178684247958
13179,8,111483377736
13180,8,172386797047
13181,8,111172908056
13182,8,118961877611
13183,8,163783646804
13184,8,124861732392
13185,8,129876062360
13186,8,122300557336
13187,8,142391429974
13188,8,111594944091
13189,8,138050660489
13190,8,113955440163
13191,8,122588237846
13192,8,109183751314
13193,8,109307193854
13194,8,187397914209
13195,8,177871926373
13196,8,108848262501
13197,8,127326857374
13198,8,117680804762
13199,8,134508099337
13200,8,111842162920
13201,8,102090629588
13202,43,122441560287
13202,8,117072178773
13203,8,129920266260
13204,8,135123390327
13205,8,108311833801
13206,8,108828404676
13207,8,117128632613
13208,8,188256673353
13209,8,139367613783
13210,8,129758618738
13211,8,108998030590
13212,8,130024846637
13213,8,111464355043
13214,8,84869375050
13215,8,167442650569
13216,8,116559229101
13184,8,124861732392
13217,8,129861546634
13218,8,116616531396
13219,8,176833363498
13220,8,163988583155
13221,8,113613192231
13222,8,119053446066
13223,8,185838957437
13224,8,142293552269
13225,8,143042504211
13226,8,114836748546
13227,8,180050380844
13228,8,114031680573
13229,8,126730407794
13230,8,114289406154
13231,8,111687384560
13232,8,103411418204
13233,8,162153105633
13234,8,145122783169
13235,8,126737172365
13236,8,136032015225
13237,8,158877432802
13238,8,127327007162
13239,8,174144623370
13240,8,127331699330
13241,8,129084001806
13242,8,119601963136
13238,8,127327007162
13243,8,185749273181
13244,8,128788297962
13245,8,127144714319
13246,8,116724077748
13247,8,102435584893
13248,8,174226420442
13249,8,139412221231
13250,8,118856528121
13251,8,111873381405
13252,8,108962815486
13253,8,133743604500
13254,8,134160086480
13255,8,128141998612
13256,8,113594887409
13257,8,127338423085
13258,8,106450016853
13259,8,127015414079
13260,8,160789271656
13261,29,128386233709
13261,8,128386000027
13262,8,107095534922
13263,8,112149675484
13264,8,109631847215
13265,8,134404739290
13266,8,174075204309
13267,8,114031934187
13268,8,121674183571
13269,8,109185137870
13270,8,142022724814
13271,8,129672572232
13272,8,163392206121
13273,8,114144609423
13274,8,129732880288
13275,8,120196003104
13276,8,110081568224
13277,8,124917315764
13278,8,153799384260
13279,8,111154740329
13280,8,195426380315
13281,8,105362402540
13282,8,112649608769
13283,8,172272978031
13284,8,169683819042
13285,8,117485374608
13286,8,109698103502
13287,8,114380807773
13288,8,150942298319
13289,8,125017456170
13290,8,111851330833
13291,8,124951274173
13292,8,114281465552
13293,8,108506443599
13294,8,124909646689
13295,8,140326100631
13296,8,135119380243
13297,8,111199985307
13298,8,109391485816
13299,8,135090251396
13300,8,117571917081
13301,8,105470528648
13302,8,154289034809
13303,8,87272922313
13304,8,122869567178
13305,8,169956191334
13306,8,111540484821
13307,8,93627950309
13308,8,102102770774
13309,8,181670975744
13310,8,112075983622
13311,8,108851251417
13312,8,133553776389
13313,8,102607293495
13314,8,109000314186
13315,8,128388579267
13316,8,158733614657
13317,8,111686892257
13318,8,145371485974
13319,8,169867855170
13320,8,112656950080
13321,8,127533144257
13322,8,119315836919
13323,8,119481448352
13324,8,113790164784
13325,8,114036578395
13326,8,166572239845
13327,8,107094767190
13328,8,161051624962
13329,8,97537800496
13330,8,137548249903
13331,8,113667626441
13332,8,171755185081
13333,8,109038971397
13334,8,152472679366
13335,8,116808029439
13336,8,142263312911
13337,8,129849115607
13338,8,135695592371
13339,8,84243111939
13340,8,111900724349
13341,8,112974450206
13342,8,109992017857
13343,8,114093199782
13344,8,135538435782
13345,8,134069291483
13346,8,142042865458
13347,8,145239685521
13348,8,93027901324
13349,8,109312392942
13350,8,137883140055
13351,8,109175800692
13352,8,116698000536
13353,8,114809033318
13354,8,126914064671
13355,8,125202531523
13356,8,154318353606
13357,8,111632605767
13358,8,141883566392
13359,8,111777347877
13360,8,112483193364
13361,8,129764586369
13362,8,125098685592
13363,8,127259842724
13364,957,150063580110
13365,211,121629315234
13366,105,120899366714
13367,70,53556046301
13368,155,69374340958
13369,335,162750284754
13370,155,179720333376
13370,304,179720131741
13371,38,91978770317
13372,335,157652383180
13373,567,177100309179
13374,128,110705163664
13375,177,121663788931
13376,16,19256678224
13377,125,131213808577
13378,116,158005331707
13379,29,110008748858
13380,25,93559625213
13381,925,129406447668
13382,20,15399559547
13383,44,104200364830
13384,202,202939339194
13385,1075,168119005415
13386,1076,157860357845
13387,37,127376109717
13388,92,133862508266
13389,437,193721434442
13390,16,33153962799
13391,149,118304433610
13392,369,77571299252
13393,473,111980854420
13394,202,133243387350
13395,93,72219953665
13396,149,132792458067
13397,462,169855968748
13397,462,169855968748
13398,10,60036960012
13399,10,76055351263
13400,369,60851891047
13401,70,59252854990
13401,70,59252854990
13402,83,141277283712
13403,751,136778467753
13404,582,185397331194
13405,128,69441939781
13406,193,146524663173
13407,125,112632276258
13408,70,111829115461
13409,148,177780645610
13410,495,104550205318
13411,246,131923208846
13412,156,143832356087
13413,70,50345835259
13414,530,122522411751
13415,108,188350441124
13416,28,147225173124
13417,1077,163972214838
13418,43,144638853264
13418,22,112210371107
13419,16,13371533896
13420,10,61264029638
13420,20,32586402883
13421,113,74151980116
13422,77,61921521090
13423,18,126468934833
13424,149,140556287119
13425,30,131485113960
13426,10,112142620757
13427,473,110681431732
13428,38,160934536249
13429,586,131047524932
13430,385,180391123746
13431,155,122398308398
13432,61,108328935462
13433,246,117939014447
13434,130,150070631481
13435,158,95652147196
13436,427,146600892824
13437,416,120337878939
13438,152,147827739806
13439,161,112326625765
13440,23,95572614821
13441,106,62654007471
13442,242,183751996572
13443,867,81350737633
13444,10,51302447423
13444,10,51302447423
13445,88,120080056455
13446,297,159066458258
13447,410,130116337106
13447,411,118184944999
13448,155,54683133705
13449,143,65644407371
13450,306,193587369960
13451,323,110074064201
13452,16,13359948191
13453,125,114580783739
13454,317,157515845809
13455,1078,185752546627
13456,210,170612446481
13457,105,79265616014
13458,23,8529891000
13459,18,175735238719
13460,128,69767020487
13461,114,171315025888
13462,146,51564441194
13463,261,111947219431
13464,853,112460098130
13465,121,139774386042
13466,10,46599199361
13467,426,125460039153
13468,23,10864671000
13469,108,195070185488
13470,130,51035738922
13471,102,81095713127
13472,23,8702016000
13473,128,85622415868
13474,87,119054265908
13475,53,58103605477
13476,294,147475984117
13477,138,119817579122
13478,177,128794455459
13479,775,173643396489
13480,16,8391239000
13481,105,62686226861
13482,989,72227207256
13483,264,150784297788
13484,128,53996794566
13485,61,157834123033
13486,145,166820030718
13487,10,163551681770
13488,185,170747926892
13489,1079,119801599827
13490,93,66246348414
13491,10,67232588920
13492,10,89061804333
13493,490,111587859999
13494,102,64276659321
13495,25,119132943221
13495,109,119132840836
13496,1080,115061193659
13497,128,69529782115
13498,23,97019017515
13499,155,54643510461
13500,71,202696838810
13501,221,106418120952
13502,10,109055397474
13503,10,84563743898
13504,83,160938493934
13505,102,52691883882
13506,20,113974974745
13507,155,159988368348
13508,53,62037918941
13509,150,119958620659
13510,567,201886552087
13511,10,95084930648
13512,146,116242270952
13513,20,13222724193
13514,135,116060862694
13515,264,112214780798
13516,10,90451813319
13517,326,131693281116
13518,431,175644564563
13519,138,121785687032
13520,1081,187306526335
13521,715,47003336434
13522,147,136414000953
13523,25,129563470145
13524,94,127378520702
13525,56,103508703641
13526,18,139893370816
13527,23,27547542902
13528,143,63847970113
13529,304,179259129592
13530,304,177630558666
13531,10,50280452917
13532,93,56250319961
13533,10,63161899985
13534,83,142450768313
13535,1082,188883951293
13536,102,63581480706
13537,102,63592094922
13538,530,121635348684
13539,105,90763086631
13540,10,155188821282
13541,38,159201910765
13542,1083,187454743687
13543,1084,121234900806
13544,806,50902950960
13545,57,75753660266
13546,601,122845546058
13547,10,122271276540
13548,369,55714018595
13549,1009,150839909689
13550,257,140284420302
13551,33,88447592098
13552,155,53744859339
13552,155,53744859339
13553,105,77397054807
13554,16,19372422898
13555,780,105325499283
13556,105,69379109813
13557,155,69443497299
13558,155,116791964800
13559,70,90903280501
13560,105,85330367218
13561,558,192957304394
13562,155,127687201142
13563,554,145388832287
13564,383,130567912492
13565,72,77295779388
13566,10,76653438887
13567,257,131225786581
13568,10,108348520733
13569,53,93154295407
13570,57,75645711622
13571,274,78930133765
13572,57,75759645718
13573,16,20224866590
13574,10,63908582072
13575,39,49140458219
13576,10,45109906020
13577,39,117557356775
13578,146,69272617874
13579,127,123588967564
13580,32,111468062532
13581,865,187139567399
13582,1085,142536782221
13583,579,66409465732
13584,1086,153264502130
13585,56,133301864991
13586,10,125036597007
13587,590,72025627303
13588,29,130681476088
13589,143,66687229719
13590,362,125183968015
13591,546,118780092216
13592,20,30242617679
13593,16,2865232000
13594,187,85971355882
13595,391,134862733181
13596,210,119692849813
13597,100,87627795916
13598,15,108447968988
13599,167,118612646061
13600,10,90262308597
13601,1031,109470361791
13602,274,128413894442
13603,10,103558821153
13604,105,55279842542
13605,94,147043366171
13606,84,91627858882
13607,193,120660464541
13608,20,53569516739
13609,1068,191889760886
13610,102,51517285180
13611,242,135350894335
13612,23,34972555760
13613,93,66628089883
13614,102,74907979979
13615,306,195795592244
13616,546,137463253523
13617,10,65344261749
13618,10,33847683973
13619,10,112568697630
13620,10,106088336552
13621,10,38750794400
13622,10,195148609380
13623,10,29656514764
13624,10,93478722193
13625,10,131587077490
13626,10,52790442689
13627,10,79779467876
13628,10,76213674499
13629,10,43539731310
13630,10,123569826270
13631,10,148964318049
13632,10,45712192009
13633,10,136242587741
13634,10,104883254938
13634,112,104883008542
13635,10,72840839297
13636,10,92100430853
13637,10,134334117111
13638,10,42160211565
13639,10,30229573483
13640,10,72675994156
13641,10,80881124784
13642,10,59374693650
13643,10,61530937517
13644,37,112827640692
13644,10,112826792412
13645,10,58908644652
13646,10,105587849325
13646,74,105587767580
13647,10,118327659262
13648,10,79905650424
13649,10,112014241298
13650,10,125632852407
13651,10,112494847732
13652,10,57080729853
13653,10,131952295962
13654,10,38176467761
13655,10,118869210739
13656,10,109884709060
13657,10,48306025235
13658,10,39838625192
13659,10,28216851883
13660,10,106696528137
13661,10,31975746275
13662,10,63151819947
13663,10,90687704761
13664,10,15943590174
13665,10,170965376870
13666,10,73002105028
13667,10,38253737718
13668,10,136447777414
13669,10,102801089825
13670,10,112890345264
13671,10,92782698133
13672,10,95361232513
13673,10,108140887666
13674,10,76434508633
13675,10,137951916225
13676,10,109959497014
13677,10,15948564621
13678,10,124419027965
13679,10,113255684799
13680,10,107542740921
13681,10,115599682603
13682,10,33860864485
13683,10,42429133544
13684,10,94495251397
13661,10,31975746275
13685,10,111710954093
13686,10,122185356010
13687,10,51675841144
13688,10,16286196516
13689,10,44578958600
13690,10,48862062631
13691,10,74990168716
13692,10,28324638647
13693,10,61659295097
13694,10,182657065526
13695,10,39736552788
13696,10,125163334478
13697,10,113845878883
13698,10,136303226366
13699,10,122664689067
13700,10,105427597819
13701,10,57651657377
13702,10,66671581020
13703,10,88210383795
13704,10,38784534877
13705,10,40502373751
13706,10,142089698364
13707,10,134644164207
13708,10,63332847522
13709,10,113617113083
13710,10,82148048446
13711,10,64167035897
13711,10,64167035897
13712,10,194038257310
13713,10,132192621796
13714,10,69787629101
13715,10,144791285295
13716,10,132161425679
13717,10,65652776976
13718,10,24538829551
13719,10,16255237006
13720,10,106268975420
13721,10,114719271429
13722,10,70698875364
13723,10,50208434186
13724,10,113704436170
13725,10,71544826653
13726,10,152995318269
13727,10,156815820702
13728,10,120100475194
13729,10,47843849359
13730,10,41204492215
13731,10,113462442426
13732,10,119867719193
13733,10,195081892789
13734,10,69182459693
13735,10,76551139223
13736,10,112256009792
13737,10,63612005424
13738,10,94426030883
13739,187,64182485722
13739,10,15946618081
13740,10,135751820377
13741,10,133414504586
13742,10,193680723460
13743,10,110711169108
13744,10,125283547860
13745,10,35255475361
13746,10,18065817225
13747,10,64087148287
13748,10,95208554492
13749,10,30328743102
13750,10,44232321683
13751,10,116996491500
13752,10,103747348607
13753,10,19245008348
13754,10,94455442373
13755,10,48347948101
13756,67,58762819118
13756,10,58762489414
13757,10,109808263331
13758,10,95875376890
13759,10,76545186998
13760,10,69266123192
13761,10,70146725322
13762,10,91059165858
13763,10,125382188765
13764,10,68226550693
13765,10,50078168302
13766,10,148524879157
13767,10,30997099016
13768,10,91990977069
13769,10,30337783638
13770,10,80851012151
13771,10,17054270430
13772,10,172632438207
13773,10,135137489618
13774,10,95299210083
13775,10,103564049071
13776,10,108314515273
13777,10,36691376193
13778,10,32211452250
13779,10,85052721619
13780,10,96990775343
13781,10,94364159618
13782,10,75923066105
13783,10,15949361380
13784,10,52032464500
13785,10,45231185319
13786,10,62789099464
13787,10,41155285995
13788,10,106374859945
13789,10,55209457673
13790,10,42832042332
13791,10,135296000806
13792,10,31610808991
13793,10,182392760679
13794,10,72356542154
13795,10,75184036655
13796,10,105223816985
13797,10,135601702633
13798,10,71007482464
13799,10,109873042469
13800,10,147751287394
13801,10,133424072312
13802,10,113660402388
13803,10,126653802874
13804,10,50272766285
13805,10,118832021662
13806,10,64107924909
13807,10,117932033291
13808,10,87791757728
13809,10,170096581279
13810,10,121810777220
13811,10,46492825786
13812,10,103331725857
13813,10,122309459169
13814,10,84154930100
13812,10,103331725857
13815,10,156010648969
13816,10,30219231080
13817,10,117933548497
13818,10,122495201194
13819,199,87741713254
13820,217,105236032609
13821,85,55825274875
13822,53,74463043135
13823,216,106285368311
13824,167,91599831284
13825,819,112068499982
13826,202,112455754497
13827,29,107986557789
13828,83,155598763866
13829,101,141594179667
13830,558,190979656760
13830,558,190979656760
13831,449,104607808836
13831,586,104510142030
13831,500,104033651042
13831,449,104607808836
13831,586,104510142030
13831,500,104033651042
13832,187,144800159908
13833,114,201313630931
13834,128,47866291686
13835,673,157341468199
13836,872,90134324861
13836,736,90134251282
13836,155,64180151809
13836,162,62225335197
13837,102,90727469322
13838,193,129451975126
13839,245,187907261840
13840,192,114669569755
13841,20,21060759437
13842,227,129180997119
13843,369,92695865581
13844,70,74636125973
13845,57,64165303455
13846,494,62972150458
13847,495,122310714078
13848,77,62016477062
13849,102,59509437110
13850,83,145307948929
13851,97,117584878787
13852,389,194751389384
13853,1087,154142626180
13854,379,139437984166
13855,146,155427761603
13856,105,48455785400
13857,23,10866391000
13858,88,115526001103
13859,241,142036073621
13860,45,121805792401
13861,155,48244842489
13862,1088,120072394917
13863,70,91041056714
13864,155,90719568310
13865,155,104250704142
13866,369,55733506049
13867,155,69294390218
13868,102,85630872656
13869,155,56851110964
13870,70,69359099164
13871,70,49915216025
13872,128,69455502398
13873,105,90725737843
13874,156,58315503155
13875,274,186213942447
13876,227,170002754534
13877,637,92031551317
13877,637,92031551317
13878,1089,174349637711
13879,353,128771548406
13880,20,9148222000
13881,87,91225565285
13882,23,22519011271
13883,129,144698386742
13884,1006,201480133557
13885,162,56051351326
13886,112,112139116542
13887,112,115585044158
13888,13,86309969881
13889,112,112130581385
13890,112,113879732634
13891,13,63681166577
13892,112,116617058851
13893,13,91130068096
13894,13,88908231614
13895,13,58457280142
13896,112,140883650401
13897,112,155365814532
13898,112,106236559036
13899,13,92035097012
13900,112,115666853458
13901,13,88130041923
13902,112,92108350011
13903,112,101688770399
13904,112,94703749145
13905,13,104526242070
13906,112,74873017994
13907,112,110659173797
13908,16,70656193153
13909,839,85941127615
13910,22,127076857653
13911,102,68940260530
13912,193,122442642833
13913,201,185161529145
13914,104,116199513002
13915,315,129803655728
13916,221,111194798770
13917,23,39470463928
13918,16,6620486000
13919,159,113345293929
13920,333,175202119808
13921,162,62285476368
13922,303,178252504590
13922,155,155476174916
13923,74,76833926097
13924,83,157220861649
13925,446,112119268477
13926,460,118179927317
13927,145,142184067863
13928,22,159244707085
13929,145,116314726171
13930,1090,154491079822
13931,193,92658574916
13931,193,92658574916
13932,83,178465544010
13933,220,126411167131
13934,64,145865200063
13935,23,82922227212
13936,102,53453028011
13937,384,197164763886
13937,303,197164709214
13937,475,197164481342
13937,304,197164406224
13938,16,41706050360
13939,56,119902791017
13940,128,48433143941
13941,193,130548298326
13942,570,195984848852
13943,1027,148608112755
13944,466,107696321602
13945,282,106458001051
13946,15,105264491749
13947,758,92610110203
13948,46,122259789188
13949,332,179104202325
13949,333,175660032011
13950,23,43782424415
13951,155,50722415856
13952,102,84676234566
13953,29,69638287784
13954,351,129781755993
13955,260,48969676735
13956,51,155055975170
13957,128,58724741227
13958,202,113151164524
13959,321,133379192903
13960,202,112406740320
13961,403,56163025803
13962,20,30924936865
13963,191,120111982338
13964,26,119638688564
13965,23,63581550670
13966,928,132085523219
13967,61,110602601151
13968,16,74544035375
13969,162,56254268579
13970,74,87602389997
13971,816,66422402067
13972,1091,193693413027
13973,422,122324061826
13974,787,123932001467
13975,16,94241398245
13976,314,162089793365
13977,93,56164896982
13978,143,67841990904
13979,20,62163918911
13980,155,117483960396
13981,24,136812943302
13981,24,136812943302
13982,106,55430918286
13983,85,57154695506
13984,57,76872885727
13985,109,159233131565
13986,82,128969547969
13987,102,196789095416
13988,362,196396516020
13989,16,30325774019
13990,39,120272442550
13991,493,134154205983
13992,158,126246425260
13993,53,176841921279
13994,138,156693386616
13994,526,156693145748
13994,238,156693077285
13994,230,156693007985
13995,145,85029875214
13996,302,112225098840
13997,125,86802224765
13998,142,109200706595
13999,42,160511871190
14000,2,203457978249
14001,105,69444956352
14002,45,115755319086
14003,53,90024518650
14004,1092,150825149579
14005,422,126283462748
14006,139,77624331503
14007,928,119991688635
14008,106,113253983926
14009,93,77329663197
14010,105,69365661686
14011,105,74718799568
14012,93,72241524852
14012,105,69354966200
14013,202,112983644165
14014,508,145856035773
14015,70,122773607795
14016,43,122310717380
14017,20,56181292528
14018,369,71883523084
14019,15,62448537126
14020,15,72650977161
14021,234,63396838351
14022,223,104892625290
14023,15,107918343378
14024,223,110662316725
14025,15,51673466310
14026,223,90334343136
14027,234,135574553077
14028,234,59256045369
14029,15,80922495399
14030,15,111350672168
14031,171,61412782858
14032,15,65835289132
14033,223,61096002383
14034,15,65620070652
14035,15,54418370888
14036,15,106004560749
14037,15,153688500043
14038,23,15117602266
14039,128,50978546887
14040,105,52983372766
14041,25,190049083953
14042,763,158483531491
14043,670,92713588741
14044,369,55613970486
14045,16,44296956486
14046,23,105218689309
14046,23,105218689309
14047,20,47758158816
14046,23,105218689309
14048,20,8361383000
14049,23,22478575074
14050,20,8537056000
14051,20,11999367950
14052,20,156282423121
14053,16,65640608975
14054,23,82158598530
14055,23,61255945950
14056,16,15954528585
14057,16,15774739141
14058,23,13617742951
14059,23,17184138811
14060,23,18580452584
14061,16,283927000
14062,16,21828155171
14063,23,12775716771
14064,20,45875633825
14065,23,21769529955
14066,20,8597828000
14067,23,27663531384
14068,16,92099680464
14069,20,27493903860
14070,16,40525462456
14071,20,35069300537
14072,20,20188268057
14073,23,5538313000
14074,23,15100005528
14075,23,17205337053
14076,20,13224769328
14077,16,8530167000
14078,16,37408572501
14078,16,37408572501
14079,20,94329634501
14080,23,53575125532
14081,16,1621373000
14082,16,257892000
14083,23,78416217091
14084,16,27588710522
14083,23,78416217091
14085,23,2919620000
14086,20,42252012837
14087,23,15443295764
14088,20,8637737000
14089,20,16579715710
14090,16,19242873786
14091,23,50275579450
14092,23,33250282339
14093,20,62533477844
14094,20,15175253379
14095,23,70778702030
14093,20,62533477844
14096,16,18117850089
14097,20,19415322733
14098,20,30236079540
14099,20,111290744132
14100,20,39474849410
14086,20,42252012837
14101,23,38932650461
14102,16,51881357011
14103,16,8736023000
14104,23,21241446153
14105,20,57177527339
14106,16,3251496000
14107,16,49778003065
14108,23,28406711661
14109,16,61397071033
14110,23,18054577693
14111,16,320649000
14112,16,10874153000
14113,16,94083324758
14114,23,8531338000
14115,16,66100802541
14116,23,587061000
14117,20,97281000
14117,20,97281000
14118,20,17451127526
14119,23,24255671171
14120,16,12071417156
14121,16,90786506160
14121,16,90786506160
14122,16,52699397536
14123,16,9656067000
14121,16,90786506160
14121,16,90786506160
14124,23,18725887223
14125,20,90732841619
14126,20,93810743323
14124,23,18725887223
14127,20,25245475975
14128,20,22809171178
14129,23,18195545422
14129,23,18195545422
14130,16,15863409787
14131,20,18891181742
14132,23,94105256306
14133,23,44582808314
14133,23,44582808314
14131,20,18891181742
14134,16,26942551689
14135,23,48447265953
14135,23,48447265953
14136,16,82220501911
14137,16,25566201626
14138,23,24982727555
14139,23,48004621028
14140,20,8549812000
14135,23,48447265953
14141,23,8884997000
14141,23,8884997000
14142,20,9049368000
14143,20,68852897394
14144,20,81449150256
14144,20,81449150256
14145,20,88498486637
14146,16,27929276553
14147,16,94518967914
14148,16,4460061000
14149,20,834248000
14149,20,834248000
14144,20,81449150256
14150,20,26963436672
14151,20,61551000
14152,20,19411819623
14153,20,56242866490
14154,20,56457098773
14155,23,17414089206
14156,23,319039000
14157,16,15108155292
14158,23,16048048016
14159,16,44756170900
14160,20,9247966000
14161,16,93645654812
14162,23,22600003722
14163,23,15458984189
14164,16,86134832325
14131,20,18891181742
14165,23,245447000
14132,23,94105256306
14166,16,24431913687
14167,20,93978133352
14168,20,34565078648
14169,23,55048062669
14170,20,25058843975
14171,16,348931000
14172,16,22543987769
14173,16,13282202645
14174,23,8624225000
14175,23,40428899486
14176,23,29090130996
14177,16,73616660569
14178,23,82932862426
14179,16,42680782233
14180,20,114654614930
14181,16,25482939748
14182,23,9575457000
14179,16,42680782233
14183,23,32218232472
14184,16,8410088000
14185,23,273115000
14186,524,93033679700
14186,579,51057750595
14186,53,51056667123
14186,655,51056459342
14186,20,10280826000
14187,23,44224561351
14188,23,36099802194
14189,23,22701783818
14190,23,39963170232
14191,23,18568048847
14192,16,27805764373
14193,23,11034608000
14194,20,11540657000
14141,23,8884997000
14195,23,37669012537
14196,23,40146057913
14197,20,269278000
14198,23,10861548000
14199,16,15116991753
14200,23,13284404898
14201,20,27714709024
14202,23,18636208987
14203,23,30571346956
14201,20,27714709024
14204,16,791159000
14205,16,47063105526
14206,20,63844437966
14207,16,27372798409
14208,16,25396018341
14209,23,48294582240
14210,16,63236542501
14211,23,39286885465
14212,16,91863817101
14213,23,8536021000
14214,23,38360586030
14215,23,97197879860
14216,23,104625429426
14217,23,17117443978
14218,16,27918927136
14219,16,15357988268
14220,20,84052531057
14221,16,73937440829
14222,20,42458817251
14221,16,73937440829
14223,16,11233304000
14224,23,18669740452
14225,20,15429317835
14226,23,36302655654
14227,16,34935597808
14227,16,34935597808
14228,23,42336000
14229,16,32120153812
14230,20,102922870439
14231,23,11529944000
14231,23,11529944000
14232,16,20167992350
14233,20,42988051190
14233,20,42988051190
14234,20,58326305599
14235,16,16680726443
14236,16,65065960246
14237,23,31288532002
14238,16,30330955385
14239,16,15296904469
14240,20,27972555514
14241,23,26852612714
14242,16,19656258546
14243,16,27628779283
14243,16,27628779283
14244,20,58987030975
14245,16,19440267701
14246,20,8424319000
14247,23,45881217867
14247,23,45881217867
14247,23,45881217867
14248,23,49843272587
14249,20,30844819779
14249,20,30844819779
14250,16,11340887000
14251,20,74310031963
14252,16,36534278395
14253,23,33493560879
14254,23,56435314428
14255,23,46042806962
14252,16,36534278395
14256,23,30737479172
14256,23,30737479172
14256,23,30737479172
14256,23,30737479172
14257,16,835931000
14258,23,17621987032
14246,20,8424319000
14259,23,113792343945
14260,20,60184595418
14261,16,20193051863
14262,23,13391687482
14263,23,10802984000
14264,23,20009575088
14265,23,64708281607
14266,20,8536373000
14267,20,15886498321
14264,23,20009575088
14268,23,274314000
14269,20,28247291508
14270,16,13221899135
14271,16,23127358867
14272,20,67746689667
14273,20,8391415000
14274,16,27664036236
14275,16,697314000
14276,16,28278500269
14277,20,156272359994
14278,16,18583112592
14279,20,49863298831
14280,23,30587192775
14281,16,16059418379
14282,23,9819231000
14283,23,77899447815
14284,20,6809294000
14285,16,5080972000
14286,20,70661343181
14287,20,10861853000
14260,20,60184595418
14288,20,13141732303
14289,16,38435189993
14290,23,41285966467
14291,16,33080731818
14292,97,58066210664
14293,128,60296701522
14294,83,141143937358
14295,155,74883061799
14296,39,64793643329
14297,147,105841165102
14298,29,191303894044
14299,687,145234088948
14300,130,84915030947
14301,153,154225171420
14302,17,72130451060
14303,38,171759744320
14304,199,175547173434
14305,224,111002043457
14306,38,135745980820
14307,17,95521458858
14308,38,104727572454
14309,394,128113661128
14310,38,111500377133
14311,17,90822499656
14312,38,185249462863
14313,38,143465085341
14314,199,103415853757
14315,38,72468487488
14316,38,95399714637
14317,139,55888540098
14318,155,85528117598
14319,403,87185044893
14320,162,87858251464
14321,177,126665329232
14322,146,137889381232
14323,426,129996240660
14324,253,110381255265
14324,253,110381255265
14325,162,67627461045
14326,33,86671997867
14327,18,86998263271
14328,33,88369651611
14329,33,86668646718
14330,33,121295753477
14331,33,87080266552
14332,33,124281502014
14333,33,87087060785
14334,315,115526602554
14335,162,57002731066
14336,227,132033890928
14337,264,111025168151
14338,109,108678860169
14339,187,137848770012
14340,1093,202775685217
14341,621,121357631815
14342,29,135288102940
14343,1094,184429946147
14344,1095,192425280179
14345,106,50771945485
14346,83,161529956393
14347,263,87577272929
14348,495,108526493462
14349,273,183760560041
14350,211,169774325140
14351,102,63683428977
14352,1096,72326201493
14353,34,108606365068
14354,128,112071036921
14355,153,165347636683
14356,130,73777702251
14357,193,114820782329
14358,1006,190275459537
14359,553,127767136970
14360,130,58288833701
14361,102,59335656724
14362,39,105978961110
14363,22,123669518619
14364,47,77212330181
14365,521,138491847079
14366,282,119985700670
14367,422,113396868814
14368,37,94274116738
14369,148,182806442874
14370,121,110889669018
14371,694,146800505255
14372,362,133553515343
14373,39,77856623572
14374,139,67633940083
14375,39,114986140702
14376,202,149870444043
14377,155,53729228559
14378,146,48652500750
14379,369,77435495628
14380,443,142138416676
14381,128,176178197773
14382,53,102095408441
14383,564,118266607006
14384,29,177217565551
14385,157,186905309816
14386,226,128130585203
14387,104,124056281495
14388,448,94089792297
14389,202,87233269506
14390,57,71458120313
14391,1024,168886197913
14392,201,136524122186
14393,422,131073205595
14394,70,133556214491
14395,87,87243660848
14396,403,55716320990
14397,185,170463483642
14398,22,142531041001
14399,161,144092421226
14400,22,179885508740
14401,22,93319086541
14402,161,82843907829
14403,161,116496720760
14404,22,183949564407
14405,22,130183246472
14406,22,92602491160
14407,22,92617048292
14408,22,97441749334
14409,22,191431796741
14410,22,113459893077
14411,22,114629265224
14412,161,78011629977
14413,22,127344686448
14414,22,170627067423
14415,22,145059605848
14416,621,139956326771
14417,146,94580323527
14418,83,147646077293
14419,497,194068790317
14420,143,63072315300
14421,830,77663254339
14422,25,92423487200
14423,47,83178436821
14424,691,154106392038
14425,70,184900160887
14426,77,62636266342
14427,529,157120667043
14428,93,77819266629
14429,155,89844855216
14430,663,147896796760
14431,239,121287402673
14432,211,123393042209
14433,671,183498320416
14434,53,125193491923
14435,331,156265135914
14436,84,141753984610
14437,5,199728728818
14437,273,196489398618
14438,193,94185332357
14439,720,164501884908
14440,561,116622690937
14441,413,105849710098
14442,29,157042923982
14443,130,70254366469
14443,403,56206105443
14444,155,69366791080
14445,872,135656408911
14446,196,90661368611
14447,24,183013127442
14448,25,107532457553
14449,25,118379335626
14450,512,156904808901
14451,538,123792957640
14452,25,90279261209
14453,25,88958497769
14454,512,106612875972
14454,25,91646784193
14455,25,108862940908
14456,25,89272940050
14457,25,125692373274
14458,25,123709205063
14459,25,96846202779
14460,25,160922278596
14461,512,133062060996
14462,25,90780920402
14463,25,126324333597
14464,512,106968116160
14464,25,89480156384
14465,25,101793661243
14466,25,134063565892
14467,177,184265891248
14468,102,53589359729
14469,27,143611208266
14470,27,126811404360
14471,27,90442169446
14472,27,125963185651
14473,26,124149736129
14474,56,88422661850
14475,56,124559669328
14476,102,137623065333
14477,87,141316543549
14478,302,116640001737
14479,29,174192644433
14480,162,61867356833
14481,70,85624660729
14482,202,113862815564
14483,262,130428354834
14484,102,74126679243
14485,301,128541308162
14486,227,128971174601
14487,109,79422211146
14487,322,78708822621
14488,827,140389901904
14489,780,68321167855
14490,666,184097569065
14491,146,49596556842
14492,155,68603879159
14493,1097,139949258742
14494,155,169150863698
14495,1098,203092008303
14495,487,161045807618
14496,424,118437632503
14497,43,122310636740
14498,751,123024256778
14499,139,67479271277
14500,545,113539881764
14501,422,118292397657
14502,1099,148759806268
14502,586,118067163776
14503,47,97216337255
14504,217,128145426954
14505,267,106240398069
14506,221,193182939721
14507,962,136310609084
14508,1100,200887980847
14509,103,113767378432
14510,388,204305608156
14511,162,67456739086
14512,155,52975456366
14513,29,117376983668
14514,29,188193019449
14515,29,123628835790
14516,29,144216209207
14517,29,67737301023
14518,29,96483247420
14519,29,114100848356
14520,29,114199419128
14521,29,95639170874
14522,29,71521158922
14523,29,169428097461
14524,29,70633064773
14525,29,72705608277
14526,29,131142742278
14527,29,117659964324
14528,29,114571127554
14529,29,94267527964
14530,29,187123840010
14531,29,182686425768
14532,29,133567650092
14533,29,81892515643
14534,29,84046598058
14535,29,113520662785
14536,29,142458992171
14537,29,96523692435
14538,29,81524659786
14539,29,76792050270
14540,29,126398235786
14541,29,107359606171
14542,29,119601495090
14543,29,65494809348
14544,29,84819688368
14545,29,122268581587
14546,29,105804782894
14547,29,140743828012
14548,29,82315973988
14549,29,85251219445
14550,795,200407435623
14550,29,121470603923
14551,29,155119171604
14552,139,62271666319
14553,139,61661764932
14554,124,136062735614
14555,162,77681855890
14556,786,179108719044
14557,155,134177887577
14558,93,62281537677
14559,155,85351920196
14560,139,77657269596
14560,70,69616973399
14561,146,84913526943
14562,105,85388787299
14563,128,74923747265
14564,70,80030489564
14565,128,74544631477
14566,70,51909779098
14567,202,107656149870
14568,111,106624501166
14569,658,123365484099
14570,158,55892036907
14571,242,130256734854
14572,257,120105039379
14573,77,56176436133
14573,77,56176436133
14574,174,144207167327
14575,125,115841400546
14576,152,148781512672
14577,443,162767094850
14578,85,120787421383
14579,83,154280257117
14580,30,123647829695
14581,422,164935533746
14582,434,184668399271
14583,77,67804244985
14584,87,110879465503
14585,30,107205603146
14586,30,111210851680
14587,30,112892962768
14588,30,120575970708
14589,30,125804577476
14590,426,121460807062
14591,156,92366508264
14592,128,47877776877
14593,146,78543999124
14594,130,50345153069
14595,422,113008416054
14596,226,174963065927
14597,43,122455617808
14598,822,137726614185
14599,155,51076513149
14600,1101,128217848858
14601,157,184707505159
14602,353,162601354668
14603,370,132359503000
14604,155,137017289118
14605,111,141673446207
14606,1102,75520536127
14607,37,92285254425
14608,362,127542431148
14609,83,139608868013
14610,128,138417207665
14611,105,48032928926
14612,143,65047454218
14613,102,52611535124
14614,94,139927009791
14615,229,115428127521
14616,98,119980147037
14617,279,196099672506
14618,83,144005963367
14619,77,78179050310
14620,109,156913898573
14621,83,156547688317
14622,88,128457059690
14623,322,108145471886
14624,193,125445307788
14625,866,178129883022
14626,1103,204774501021
14627,436,156723025745
14628,245,187924562003
14629,87,135329547263
14630,83,167594473601
14631,106,110839721748
14632,987,203171453145
14633,658,111954680815
14634,710,135293017202
14635,216,132689613215
14636,385,159641769816
14637,1104,162888917944
14638,135,142382633797
14639,83,148156059645
14640,128,69534499773
14641,146,111951122642
14642,216,93893885231
14643,155,111852603421
14644,517,123090738455
14645,130,169467487970
14646,87,91240356115
14647,1029,202002978705
14648,39,157519998847
14649,39,122878199999
14650,39,125373895554
14651,39,122322234930
14652,39,162922066940
14653,39,123181460218
14654,338,122760091990
14655,39,157138792904
14656,466,134887292054
14657,921,71630847101
14658,1098,204556482382
14659,1007,203632455687
14659,977,203632279645
14659,897,197827452612
14660,495,178497646019
14661,129,144278963903
14662,127,124656555460
14663,39,94965039124
14664,102,133664343839
14665,274,102376372543
14666,202,107583689556
14667,531,197921029718
14668,461,173815964217
14669,105,47524423676
14670,217,116190473503
14671,572,195436550246
14672,128,74874393020
14673,366,112564764481
14674,177,118795294229
14675,846,206767372893
14676,466,121633266378
14677,128,68591664332
14678,67,96519240124
14678,67,96519240124
14679,201,121888393714
14680,102,53226619611
14681,241,176924168800
14682,193,114568422816
14683,1105,166191423079
14684,878,143746433072
14685,1106,205637366526
14686,37,122366462938
14687,127,120431571212
14688,130,58333444638
14689,307,69189487634
14690,109,95553504419
14691,411,117848101397
14692,209,125606176726
14693,555,140207700136
14694,558,190184478511
14695,105,49608228007
14696,273,173908831255
14697,257,93837417780
14698,595,108553664851
14699,977,198159114692
14700,155,47759265660
14701,44,94742075876
14702,150,95870653274
14703,1107,207110216487
14703,1108,202076321781
14704,128,49757394757
14705,383,166264228377
14706,443,189801240857
14707,202,164829641879
14708,210,124654645893
14709,210,158534642513
14710,125,105279199246
14711,422,106685260440
14712,74,128719571419
14713,627,180212169364
14714,1017,133224354093
14715,572,201062767671
14716,402,173729935267
14716,402,173729935267
14717,155,72855299700
14718,57,105679503367
14719,257,125439556854
14720,192,113680963278
14721,216,151371548756
14722,416,110217644435
14723,94,93232687873
14724,43,141845768029
14725,43,144073952544
14726,43,118004867820
14727,43,194648513638
14728,43,163886130825
14729,43,173665171710
14730,43,163625959002
14731,43,139941159772
14732,43,105395011356
14733,43,123371695847
14734,43,104694145765
14735,43,161666823255
14736,43,143862212982
14737,43,140877128728
14738,43,149342914039
14739,43,143657683547
14740,43,123583230633
14741,43,105731069763
14742,97,58168891378
14743,194,138080964759
14744,473,111264858314
14745,444,198055917348
14746,105,47706082889
14747,273,180375159716
14748,282,137946380313
14749,146,53583869360
14750,130,53195396027
14751,264,121725552945
14752,102,59294390430
14753,39,118686714059
14754,285,166906621659
14755,45,77916101144
14756,45,118436149842
14757,44,110828716105
14758,44,110052105959
14758,84,110051930449
14759,97,70337934544
14760,141,51646341333
14761,390,153936301651
14762,8,204132496277
14763,926,178164988337
14764,143,91785347343
14765,668,179682303045
14766,221,133537453424
14767,46,76816044571
14768,1109,205519011184
14768,1109,205519011184
14769,445,155170806104
14770,47,96654271923
14771,47,140681512694
14772,47,101952096745
14773,47,107925374008
14774,47,135636119780
14775,47,108180176712
14776,47,92692349138
14777,47,111604011706
14778,47,92854037829
14779,47,94774039267
14780,47,93624728213
14781,47,93728838638
14782,47,103949081706
14783,47,111381463211
14784,47,92716349839
14785,349,170878684307
14786,543,192392584346
14786,155,180385407582
14787,1110,151040130174
14788,109,113668890597
14789,47,79251466343
14790,291,109711165810
14791,50,157399617210
14792,474,86157299424
14793,158,113256075017
14794,70,116955701202
14795,760,158449698117
14796,70,90118174581
14797,128,106168204635
14798,97,58162829541
14799,202,154803703780
14800,65,64591700603
14801,102,79997374419
14802,43,134352826806
14803,346,145044980024
14804,438,174700007222
14805,978,169593375796
14806,193,125017582999
14807,362,124935509195
14808,60,123630642497
14809,272,189651360051
14810,52,109694534551
14811,798,136263368023
14812,242,137085239080
14813,316,163686282079
14814,97,112036888699
14815,306,196018617279
14816,315,86798868956
14817,50,193453629175
14818,50,193515405528
14818,50,193515405528
14819,50,167977818788
14820,50,165959411536
14821,50,193447976539
14822,369,72123462690
14823,53,64015893573
14824,155,111813638171
14825,876,201704017547
14826,226,159031010943
14827,47,91421564480
14828,763,161278313751
14829,263,101843370060
14830,930,198101086508
14830,930,198101086508
14831,109,202620107411
14832,153,166173083732
14833,153,158014408141
14834,51,162840795058
14835,51,159394551256
14836,51,148658838473
14837,153,170532852914
14838,153,160416913286
14839,52,92598152324
14840,87,59456102902
14841,412,135732199475
14842,52,104627583305
14843,315,84138411017
14844,52,79119337497
14845,52,104795605271
14846,315,79136217101
14847,315,106010718493
14848,52,78997696357
14849,52,139876048327
14850,246,122307606791
14851,53,201199770692
14852,53,95241063297
14853,53,112088353343
14854,53,95206693683
14855,53,123628681619
14856,53,124668175799
14857,53,127425898369
14858,53,108235210630
14859,53,94193650309
14860,53,137751589792
14861,53,93313578192
14862,53,129916240487
14863,53,94323432556
14864,146,52786055292
14865,437,177001887685
14866,1111,52154805741
14867,476,135109420476
14868,108,195561896906
14868,275,195561847804
14869,71,206275837666
14869,71,206275837666
14869,71,206275837666
14870,47,83244940416
14871,192,117226319765
14872,70,49255899793
14873,130,83281463812
14874,83,161046940343
14875,130,160284735852
14876,297,162667571222
14877,383,118440798730
14878,209,137125655734
14878,113,137125461217
14879,552,59680143377
14880,155,68959219852
14881,1112,176520015060
14882,897,194208117464
14883,370,119754624625
14884,155,127618960618
14885,272,207518664042
14886,1113,181324538480
14887,273,197246689912
14888,139,72820694751
14889,589,63217396728
14890,39,74918182111
14891,257,124115740992
14892,128,111850485708
14893,105,112080520495
14894,664,157840974738
14895,192,157323393921
14896,128,54051259392
14897,1114,142462695111
14898,293,126403563786
14899,155,47932997890
14900,105,49569573224
14901,174,136429620194
14902,366,199215790668
14903,155,49590107097
14904,1115,134996671547
14905,57,75752975399
14906,57,76811089765
14907,57,77058147996
14908,57,92872515948
14909,57,97281337328
14910,57,75753158659
14911,57,120171124714
14912,57,91229271343
14913,57,121312767276
14914,57,90069628275
14915,57,132095039879
14916,57,133662296533
14917,57,77312381388
14918,57,75764949500
14919,57,120525578983
14920,58,118274033527
14921,58,114632843442
14922,58,191272609860
14923,1116,206827016360
14924,1117,158431407458
14924,1117,158431407458
14924,1117,158431407458
14925,70,56971293993
14926,217,75321161052
14927,217,66182024655
14927,239,47147903687
14928,61,116871061454
14929,495,137553653620
14930,177,120077664296
14931,67,51329374322
14932,94,138078327818
14933,1020,162419742603
14934,155,69944272291
14935,162,55809208725
14936,155,48944671937
14937,85,79661292217
14938,590,72027027272
14939,70,52867687270
14940,155,70503375010
14941,563,161202183303
14942,304,179606652485
14943,146,49515982352
14944,404,124050536592
14945,366,115662286854
14946,128,138222556480
14947,495,95033074654
14948,94,157360751629
14949,152,111080299432
14950,668,179334340074
14951,45,206819239650
14952,246,154890805822
14953,353,110101265233
14954,246,132357455160
14955,321,181788177639
14956,977,196743592979
14957,496,115506759874
14958,102,47885973006
14959,95,127178144083
14960,411,124654481283
14961,177,125529476149
14962,102,56244919690
14963,138,115669710039
14964,448,89944706055
14965,264,123525842238
14966,162,56432544452
14967,327,123734390083
14968,155,50249991656
14969,102,59510964011
14970,125,88783266659
14971,92,153600462215
14972,109,134441430788
14973,490,118280180096
14974,567,167546739692
14975,128,52795102760
14976,66,95347816975
14977,237,126961409971
14978,131,81022357711
14979,162,56164871180
14980,155,53918650412
14981,158,97806670237
14982,158,115643006622
14983,158,162511940814
14984,67,91551054343
14985,272,201065977144
14986,142,206033763812
14987,106,61086675433
14988,146,54680349275
14989,1118,74706158708
14990,68,142054464767
14991,361,173697082299
14992,496,95917264604
14993,1119,120244776594
14994,139,72245198211
14995,1025,169112130487
14996,540,113074148280
14997,146,56743117408
14998,985,171896459395
14999,70,50380320623
15000,931,112113877379
15001,70,156108920043
15002,155,177260105752
15003,202,181379752593
15003,102,169335666844
15004,105,169232060996
15005,130,174168122433
15006,102,146302461239
15007,155,175283228482
15008,155,164228814952
15009,155,160843354709
15010,155,159702078640
15011,130,169779118249
15012,155,181361343379
15013,185,171880158311
15013,487,161232209513
15013,70,148343714166
15014,130,195321450040
15015,155,150863072539
15016,155,146010864729
15017,130,165436647372
15018,130,164840084276
15019,128,186885640065
15020,128,180822995600
15021,70,200018421124
15021,186,199989998426
15022,155,163629916520
15023,105,159220370553
15024,155,201922185548
15025,139,61661878333
15026,72,85848785455
15027,72,70382783441
15028,146,52755582022
15029,385,185851146116
15030,105,59244252605
15031,145,107973296410
15032,545,205182781922
15033,448,64388740949
15034,102,49553316060
15035,88,121391670708
15036,1120,207685961162
15037,333,177164724885
15038,496,96261187627
15039,529,133730507687
15040,162,82653129828
15041,105,69656747761
15041,105,69656747761
15042,359,121302972717
15043,180,205622113916
15044,128,53375982556
15045,130,51653619258
15046,1121,172365148157
15047,1122,208134927732
15048,1003,160350545135
15049,155,56163950891
15050,227,128202757282
15051,67,74722414893
15052,114,156027101823
15053,74,117375555804
15054,74,139020274032
15055,74,109654616069
15056,74,80429587942
15057,1123,133556276795
15058,306,171579133358
15059,369,72014630457
15060,1124,201484466050
15061,246,131225618132
15062,520,150066163912
15063,97,133406058629
15064,128,47688174416
15064,128,47688174416
15064,128,47688174416
15064,128,47688174416
15065,459,134520716064
15066,369,72154693742
15067,64,58044433264
15068,76,138139440158
15069,778,140023233980
15069,778,140023233980
15069,778,140023233980
15070,476,117252116062
15071,162,87852112446
15072,369,82604157024
15073,369,93068927817
15074,93,87877088528
15075,93,81979019931
15076,403,93488171460
15076,146,69533639454
15077,162,82935827074
15078,139,81902693200
15079,162,93114377192
15080,369,88122918825
15081,558,190676274629
15081,437,180147019456
15081,438,176260637591
15082,155,111632333740
15083,320,138944474256
15084,128,59270322703
15085,221,151159228075
15086,84,121874047209
15087,209,178639637731
15088,145,120928917154
15089,77,56441081725
15090,81,79328512769
15091,94,134099333192
15092,83,141582423395
15093,293,114976169903
15094,188,206773483106
15095,202,111733561951
15096,257,93385009300
15097,496,95860968519
15098,155,53575946355
15099,155,53401328478
15100,83,174161904938
15101,83,160089181962
15102,83,155960311420
15103,83,161291103650
15104,83,193694873178
15105,83,154809670745
15106,83,160491585619
15107,83,183914270169
15108,83,155513336874
15108,83,155513336874
15109,83,177302050132
15110,204,94743503618
15111,84,83258998521
15112,84,120966410501
15113,84,91639548558
15114,146,74130018184
15115,155,49447623439
15116,1125,184444145679
15117,105,49519301429
15118,155,53885067886
15119,105,49551188567
15120,297,125774494161
15121,146,47592960660
15122,177,123957886185
15123,297,188430520812
15124,128,74715706440
15125,85,82415630263
15126,85,104400341299
15127,85,133299372650
15128,85,54766667306
15129,85,107812136218
15130,85,62448044010
15131,85,55825287564
15132,85,81525773118
15133,174,166864209810
15134,97,109690778207
15135,141,50682382954
15136,87,74560320476
15137,87,81796432813
15138,147,75824983371
15139,87,82259754091
15140,87,83975832921
15141,87,74539008040
15142,87,86742333341
15143,87,74983566079
15144,87,93292010473
15145,87,120905274688
15146,87,162588519349
15147,87,96136736807
15148,147,117408125807
15149,87,125258018744
15150,416,102798259888
15150,87,102562796373
15151,138,125437086155
15152,127,125865437800
15153,507,141357092689
15154,88,124670935090
15155,507,191985599255
15156,320,126241702630
15157,89,182274414500
15158,964,192594161286
15159,89,180144404649
15160,1126,204526846316
15161,89,206548245847
15162,89,190595323490
15163,402,187380160638
15163,438,187380110127
15163,437,187380077245
15164,525,122061808723
15165,1020,131476835742
15166,977,197130221690
15167,572,193338887186
15168,105,69532277998
15169,102,69156833272
15170,203,174336226471
15171,110,126431462671
15172,193,137102114250
15173,193,183161248896
15174,94,135663346903
15175,193,140711439668
15176,94,145237231095
15177,193,134566583640
15178,193,180168957482
15179,193,150123327142
15180,193,134083873510
15181,109,126473624893
15182,1125,186503617274
15183,193,123572073187
15184,102,68905582124
15185,128,143006719419
15186,1127,167081348440
15187,490,114627081259
15188,490,117076838150
15189,155,52855740052
15190,105,69790511670
15191,100,88827688343
15191,100,88827688343
15191,100,88827688343
15192,280,111470951281
15193,97,175055397653
15194,97,66437810840
15195,97,109357772929
15196,97,58165826739
15197,97,149198909125
15198,97,72723585679
15199,97,70150393904
15200,97,105225661549
15201,97,73858257929
15202,97,72748806232
15203,97,123102990353
15204,97,72756541628
15205,97,83439054654
15206,97,170702988905
15207,141,62113993607
15208,1011,206073075783
15209,381,96404629810
15210,209,91110253039
15211,703,119243882792
15212,100,109386077649
15213,100,167450197767
15214,128,111454484544
15215,987,207543526396
15216,446,113251922062
15217,566,65473282294
15218,162,67462497662
15219,257,122363929047
15220,109,81715056904
15221,128,47762693404
15222,83,142310249408
15223,921,73801478253
15224,1118,74708890069
15225,1118,74705803878
15226,1118,74708585951
15227,723,71272046250
15228,138,122932556286
15229,332,178570637814
15230,385,125505267653
15231,102,56153658408
15232,138,123544348043
15233,139,67462448421
15234,104,90277917049
15235,104,171207884413
15236,104,141255625080
2097,645,208134927733
1787,645,208134927733
10721,645,208134927733
8546,645,208134927733
36,645,208134927733
7723,645,208134927733
13049,645,208134927733
65,645,208134927733
3910,645,208134927733
2097,447,208134927733
1787,447,208134927733
10721,447,208134927733
3330,447,208134927733
8546,447,208134927733
36,447,208134927733
7723,447,208134927733
13049,447,208134927733
65,447,208134927733
3910,447,208134927733
2097,1047,208134927733
1787,1047,208134927733
10721,1047,208134927733
3330,1047,208134927733
8546,1047,208134927733
36,1047,208134927733
7723,1047,208134927733
13049,1047,208134927733
65,1047,208134927733
3910,1047,208134927733
2097,233,208134927733
1787,233,208134927733
10721,233,208134927733
3330,233,208134927733
8546,233,208134927733
36,233,208134927733
7723,233,208134927733
13049,233,208134927733
65,233,208134927733
3910,233,208134927733
2097,596,208134927733
1787,596,208134927733
10721,596,208134927733
3330,596,208134927733
8546,596,208134927733
36,596,208134927733
7723,596,208134927733
13049,596,208134927733
65,596,208134927733
3910,596,208134927733
2097,535,208134927733
1787,535,208134927733
10721,535,208134927733
3330,535,208134927733
8546,535,208134927733
36,535,208134927733
7723,535,208134927733
13049,535,208134927733
65,535,208134927733
3910,535,208134927733
2097,82,208134927733
1787,82,208134927733
10721,82,208134927733
3330,82,208134927733
36,82,208134927733
7723,82,208134927733
13049,82,208134927733
65,82,208134927733
3910,82,208134927733
2097,803,208134927733
1787,803,208134927733
10721,803,208134927733
3330,803,208134927733
8546,803,208134927733
36,803,208134927733
7723,803,208134927733
13049,803,208134927733
3910,803,208134927733
2097,367,208134927733
1787,367,208134927733
10721,367,208134927733
3330,367,208134927733
36,367,208134927733
7723,367,208134927733
13049,367,208134927733
65,367,208134927733
3910,367,208134927733
2097,950,208134927733
1787,950,208134927733
10721,950,208134927733
3330,950,208134927733
8546,950,208134927733
36,950,208134927733
7723,950,208134927733
13049,950,208134927733
65,950,208134927733
3910,950,208134927733
2283,442,208134927734
13209,442,208134927734
5782,442,208134927734
9088,442,208134927734
13965,442,208134927734
2461,442,208134927734
717,442,208134927734
596,442,208134927734
10098,442,208134927734
7231,442,208134927734
2283,565,208134927734
13209,565,208134927734
5782,565,208134927734
9088,565,208134927734
13965,565,208134927734
2461,565,208134927734
596,565,208134927734
10098,565,208134927734
7231,565,208134927734
2283,751,208134927734
13209,751,208134927734
5782,751,208134927734
9088,751,208134927734
13965,751,208134927734
2461,751,208134927734
717,751,208134927734
596,751,208134927734
10098,751,208134927734
7231,751,208134927734
2283,38,208134927734
13209,38,208134927734
5782,38,208134927734
9088,38,208134927734
13965,38,208134927734
2461,38,208134927734
717,38,208134927734
596,38,208134927734
10098,38,208134927734
7231,38,208134927734
2283,1086,208134927734
13209,1086,208134927734
5782,1086,208134927734
9088,1086,208134927734
13965,1086,208134927734
2461,1086,208134927734
717,1086,208134927734
596,1086,208134927734
10098,1086,208134927734
7231,1086,208134927734
2283,926,208134927734
13209,926,208134927734
5782,926,208134927734
9088,926,208134927734
13965,926,208134927734
2461,926,208134927734
717,926,208134927734
596,926,208134927734
10098,926,208134927734
7231,926,208134927734
2283,540,208134927734
13209,540,208134927734
5782,540,208134927734
9088,540,208134927734
13965,540,208134927734
2461,540,208134927734
717,540,208134927734
596,540,208134927734
10098,540,208134927734
7231,540,208134927734
2283,753,208134927734
13209,753,208134927734
5782,753,208134927734
9088,753,208134927734
13965,753,208134927734
2461,753,208134927734
717,753,208134927734
596,753,208134927734
10098,753,208134927734
7231,753,208134927734
2283,45,208134927734
13209,45,208134927734
5782,45,208134927734
9088,45,208134927734
13965,45,208134927734
2461,45,208134927734
717,45,208134927734
596,45,208134927734
10098,45,208134927734
2283,335,208134927734
13209,335,208134927734
9088,335,208134927734
13965,335,208134927734
2461,335,208134927734
717,335,208134927734
596,335,208134927734
10098,335,208134927734
13012,370,208134927735
7172,370,208134927735
6531,370,208134927735
13142,370,208134927735
10930,370,208134927735
781,370,208134927735
7806,370,208134927735
5694,370,208134927735
11075,370,208134927735
13012,456,208134927735
8802,456,208134927735
7172,456,208134927735
6531,456,208134927735
13142,456,208134927735
10930,456,208134927735
781,456,208134927735
7806,456,208134927735
5694,456,208134927735
11075,456,208134927735
13012,665,208134927735
8802,665,208134927735
7172,665,208134927735
6531,665,208134927735
13142,665,208134927735
781,665,208134927735
7806,665,208134927735
5694,665,208134927735
11075,665,208134927735
13012,737,208134927735
8802,737,208134927735
7172,737,208134927735
6531,737,208134927735
13142,737,208134927735
10930,737,208134927735
781,737,208134927735
7806,737,208134927735
5694,737,208134927735
11075,737,208134927735
13012,205,208134927735
8802,205,208134927735
7172,205,208134927735
6531,205,208134927735
13142,205,208134927735
10930,205,208134927735
781,205,208134927735
7806,205,208134927735
5694,205,208134927735
11075,205,208134927735
13012,943,208134927735
8802,943,208134927735
7172,943,208134927735
6531,943,208134927735
13142,943,208134927735
10930,943,208134927735
781,943,208134927735
5694,943,208134927735
11075,943,208134927735
13012,308,208134927735
8802,308,208134927735
7172,308,208134927735
6531,308,208134927735
13142,308,208134927735
10930,308,208134927735
781,308,208134927735
7806,308,208134927735
5694,308,208134927735
11075,308,208134927735
13012,286,208134927735
8802,286,208134927735
7172,286,208134927735
6531,286,208134927735
13142,286,208134927735
10930,286,208134927735
781,286,208134927735
7806,286,208134927735
5694,286,208134927735
11075,286,208134927735
13012,1123,208134927735
8802,1123,208134927735
7172,1123,208134927735
6531,1123,208134927735
13142,1123,208134927735
10930,1123,208134927735
781,1123,208134927735
7806,1123,208134927735
5694,1123,208134927735
11075,1123,208134927735
13012,1023,208134927735
7172,1023,208134927735
6531,1023,208134927735
13142,1023,208134927735
10930,1023,208134927735
781,1023,208134927735
7806,1023,208134927735
5694,1023,208134927735
11075,1023,208134927735
13437,658,208134927736
14393,658,208134927736
3570,658,208134927736
8879,658,208134927736
9309,658,208134927736
8723,658,208134927736
2345,658,208134927736
8735,658,208134927736
9565,658,208134927736
508,658,208134927736
13437,864,208134927736
14393,864,208134927736
3570,864,208134927736
8879,864,208134927736
9309,864,208134927736
8723,864,208134927736
2345,864,208134927736
8735,864,208134927736
9565,864,208134927736
508,864,208134927736
13437,761,208134927736
14393,761,208134927736
3570,761,208134927736
8879,761,208134927736
9309,761,208134927736
8723,761,208134927736
2345,761,208134927736
9565,761,208134927736
508,761,208134927736
13437,538,208134927736
3570,538,208134927736
8879,538,208134927736
9309,538,208134927736
8723,538,208134927736
2345,538,208134927736
8735,538,208134927736
508,538,208134927736
13437,73,208134927736
14393,73,208134927736
3570,73,208134927736
8879,73,208134927736
9309,73,208134927736
8723,73,208134927736
2345,73,208134927736
8735,73,208134927736
9565,73,208134927736
508,73,208134927736
13437,184,208134927736
14393,184,208134927736
3570,184,208134927736
8879,184,208134927736
9309,184,208134927736
8723,184,208134927736
2345,184,208134927736
8735,184,208134927736
9565,184,208134927736
508,184,208134927736
13437,839,208134927736
3570,839,208134927736
8879,839,208134927736
9309,839,208134927736
8723,839,208134927736
2345,839,208134927736
8735,839,208134927736
9565,839,208134927736
508,839,208134927736
13437,353,208134927736
14393,353,208134927736
3570,353,208134927736
8879,353,208134927736
9309,353,208134927736
8723,353,208134927736
2345,353,208134927736
8735,353,208134927736
9565,353,208134927736
508,353,208134927736
13437,9,208134927736
14393,9,208134927736
3570,9,208134927736
8879,9,208134927736
9309,9,208134927736
8723,9,208134927736
2345,9,208134927736
8735,9,208134927736
9565,9,208134927736
508,9,208134927736
13437,189,208134927736
14393,189,208134927736
3570,189,208134927736
8879,189,208134927736
9309,189,208134927736
8723,189,208134927736
2345,189,208134927736
8735,189,208134927736
9565,189,208134927736
508,189,208134927736
14407,84,208134927737
5899,84,208134927737
4849,84,208134927737
6523,84,208134927737
2754,84,208134927737
560,84,208134927737
3878,84,208134927737
5124,84,208134927737
6349,84,208134927737
11243,78,208134927737
14407,78,208134927737
5899,78,208134927737
4849,78,208134927737
6523,78,208134927737
2754,78,208134927737
560,78,208134927737
3878,78,208134927737
5124,78,208134927737
6349,78,208134927737
11243,382,208134927737
14407,382,208134927737
5899,382,208134927737
4849,382,208134927737
6523,382,208134927737
2754,382,208134927737
560,382,208134927737
3878,382,208134927737
5124,382,208134927737
14407,258,208134927737
5899,258,208134927737
4849,258,208134927737
6523,258,208134927737
2754,258,208134927737
560,258,208134927737
3878,258,208134927737
5124,258,208134927737
6349,258,208134927737
11243,283,208134927737
14407,283,208134927737
5899,283,208134927737
4849,283,208134927737
6523,283,208134927737
2754,283,208134927737
560,283,208134927737
3878,283,208134927737
5124,283,208134927737
6349,283,208134927737
11243,293,208134927737
14407,293,208134927737
5899,293,208134927737
4849,293,208134927737
6523,293,208134927737
2754,293,208134927737
560,293,208134927737
3878,293,208134927737
5124,293,208134927737
6349,293,208134927737
11243,557,208134927737
14407,557,208134927737
5899,557,208134927737
4849,557,208134927737
6523,557,208134927737
2754,557,208134927737
560,557,208134927737
3878,557,208134927737
5124,557,208134927737
6349,557,208134927737
11243,819,208134927737
14407,819,208134927737
5899,819,208134927737
4849,819,208134927737
6523,819,208134927737
2754,819,208134927737
560,819,208134927737
3878,819,208134927737
5124,819,208134927737
11243,286,208134927737
14407,286,208134927737
5899,286,208134927737
4849,286,208134927737
6523,286,208134927737
2754,286,208134927737
560,286,208134927737
3878,286,208134927737
5124,286,208134927737
6349,286,208134927737
11243,87,208134927737
14407,87,208134927737
5899,87,208134927737
4849,87,208134927737
6523,87,208134927737
2754,87,208134927737
560,87,208134927737
3878,87,208134927737
5124,87,208134927737
6349,87,208134927737
