index,user_id
0,AEMJ2EG5ODOCYUTI54NBXZHDJGSQ
1,AEEJBFZKUBEEMBZUZJV4UHFVEEBQ
2,AGSVZNZBTSGQBKZDZTQYEZHGDPCQ
3,AFDERNB6BIR3U2DOR3S2KX7KJJXQ
4,AE6P2YJ6FKX332MD56GPJFSHXNJQ
5,AFMXU7O2HQESL2TVDORFT7I4RERA
6,AFLEYMGJJMUI56ZXF532JFJKWFXA
7,AG5GIO67ESN327DMWJHWXG3EL5QA
8,AEDTXOC3YW6O7P2UPM22VNNRF77A
9,AFF7ENSBOBGYJQANUB6RZVFDE4NQ
10,AG5XF3LZRFNR5K56OOWDSJXM7NYA
11,AG4BUOZCUIKY43NIK4QUTD6374MA
12,AHKPJVZVESMLP34MSYFZFUDV5BNQ
13,AE4ZYPZMKVBHBVXNRCD7R5JNIKCQ
14,AFLLGJPI7I54MWNHW25OLQPK7V6A
15,AFCY4QBVMPNTVS5CJDWJQ56CWU4Q
16,AHJYOD56GVUHGUW6NV4US7JR6NDA
17,AH4LUJSCOI4XRLP4TEHTLRIYNPTQ
18,AG3FWB2CWUXXPB3LKMG5FPROGAKQ
19,AHPHCA7LTSU72QBEG3AAIQQDP57A
20,AHWBCULLVSL23PERUQAH7UQFGGTA
21,AFLAPQQSNRQLZQY2UOGVDNKPHOHQ
22,AH5L5W3MIS6BWFWAGJB37HHCKGWQ
23,AEB5OY77PKCKVB2O2XKHXTWCVZRQ
24,AHMKVNEAA3COWJYP5Z6IIKRWNJ4A
25,AF273HZCHBNBMV7VCKY75PIYXSEA
26,AHBBFPW25VRD5O7H3RBKCTQKI6PQ
27,AHWQI5RDKU3AHHGKAKNLB6BMQSFQ
28,AHTDREL6WJZKDE6HX5S3PYVSUXOA
29,AHXH4N23PVLRJPYDYJPQWOR4LN4A
30,AHTKWGXRYOT4YWOUZRMH43RMB2QQ
31,AGBOU4ZTPFCKK3ZIOG33RJZHYI2A
32,AFSYLSITUKYVA3B2HF22RFHGJSPQ
33,AE2YX6ZQCKCXXTFMAN73LIMO6Z4Q
34,AG2VBRYCITNPSMKEHAMTMVXYU37Q
35,AEMF2RNAUAQHTZ55AZF4KKO5AK6A
36,AF4DMBKJFEMOESKAY5CZ57ZRZZOA
37,AFMIN2AREXK6FNPO6CN3ZBCUSY3A
38,AHLAAYB3KK655TNB2RM6CBLUNPJA
39,AEHMADNDB7UFUHLIIFNJVJGSXBCQ
40,AGOOKGEVJIGBAPPGJPIVEUMTX2IA
41,AFL76DFLPXHS64262BXHTO23EWHQ
42,AF5B3N4SLXNXT3KXUGKZ3T3AJ6QA
43,AF2KD7BOJT3KQE2UAEMUTBBLUH4Q
44,AELY2UV2KWFO44FH6LHW26U6RAWQ
45,AEJ57B375ZNG22R3ZWVTSLNYKJEA
46,AHSVMFADS5Z3JNOVGVGNFBAFG7UA
47,AH52XGR4P66YXZ3SFMSUA52KNOQA
48,AGWT3HR2Q7UPSGTLHPN55ZDWZ5OA
49,AGJD7SRDILE7BF3VKDRXI6B7OOPQ
50,AFCGLPEP7KRDLCM442DGOAEVGWXA
51,AEVVYSXOU37J2NGR4246HG36O34A
52,AFQI5XYLCHRYESI6D7Y2PE6JDY5Q
53,AH4RBRJY35WTIMKNVCCMGUB555HA
54,AGHPNHF42BWAJSXENHLOL7AYPXMA
55,AH3BXW7KLIS2VAE56UXJS2NS7I5A
56,AHZUD2SC7FXVRTNVECGU5OVE3TRA
57,AGTCOOFMG6IVUPXTUCN6S2RR3TJQ
58,AHFZQ2PRHSEH6R7V2ATUCIETJURA
59,AEUKVBFUJLFEYG4GJCFM6BFSIWHQ
60,AEWBIKGVLTHMBALGAUIPQJH545YQ
61,AG3RSSVKGCR55GZXBKTUMNUNWB2Q
62,AGWHQAAQGDN6HHZV5TEMSN2BLCIQ
63,AGJRBY3K46QXQFA3A6FK65KT7YCA
64,AGZZ64TPIWVZJPV72BJVFRNRZKBA
65,AHK3F4WG3FHUZAFUBJWNFKKXBGNA
66,AHFJHHYQWNMZNQ2SRN5R3SOPP5EQ
67,AFNROKKDJJV3ALTVVMBNGESZTD6A
68,AH6ELZGKZK6PQEQASL65N5JR7PDQ
69,AFYBN556IOEJMFPEAFRCABP5EZVQ
70,AGFG4AAZ34PLHHEZKSCF3GVVCMDQ
71,AHONYHRAIIODIIOM5E6AVSQBLDPQ
72,AFCAAFZZ3NUIO44RG7DIVZXA6WFQ
73,AG446UI4GSL7LAQC4HI2NZ4CGZ3A
74,AHOOPIK56J767DSRIBQSWSYVMHDA
75,AE4ABCSAROSZWIVV5FFXQM6EV3IQ
76,AGQH6TYFHOOBLRF42HHHVLURO3CA
77,AENYZ3UZNIA5562HZLYMVZ6FVA2A
78,AGR75L3V5VLPUL7WC3NJBZPLKECA
79,AGYZAX44WAMTUKVVC47OKWN7IZDQ
80,AFWSS3G4E673GEV3OCWSXOFUTUNQ
81,AHPVI4YELTHZ7DVTYFC37WQPSRHA
82,AEHG266V3ZWNM2PZSNXZNGDMYC4A
83,AHWBWDAMWV6KL5VBZI7IG2UPNECA
84,AGQWRUQ3ERXQRD2EY3IWDEBBJZYA
85,AHPLWMNG3JHF3W4PVS6AAGW52C2A
86,AEPW2ONEQGXMXNTONR3OQ4XYNB7Q
87,AF3HNDXMRNITIA4JAZLSDPL5A6TA
88,AG7U6U6K3BFYUNY3FJDWG66SIDQA
89,AEVYSFXLY7R2ZWMLSKWO546THGMQ
90,AHAE6GIVSMB4B74IZYBWH5SATIFQ
91,AHARLYOEAIUSZRWAZ2MC36R6YAWQ
92,AHXPHSCKGZLMYPFLIVUCMBJHFKLA
93,AFAER6655SGPPORSO7ZSKK3Q6ITQ
94,AGS7IZCLGKEIKEMCD6WJ2SME6HNQ
95,AEAZU2CWMBHHJJA4VHMXBRRH5QOA
96,AEMDRVDPKSGPZ4VYULWYXICKEUVQ
97,AH7G3TRDHLQCJB7ZIUPLK2I4Z27Q
98,AFQ7US3CHGUBAZGDYMU4H67FI7GA
99,AGYSMZXUNAOMC65AGIMMR2OHZN4Q
100,AGGJLUQ2RAKLR2AXL4S2JZDCJQUQ
101,AFY5STH4LPDLNRO2GLVGVOVU5BZA
102,AG7PS5PWBINU26G56OA2PCC7JENA
103,AENQMBT7PA2BPRYE2DTYIZ5TZIGQ
104,AEFROGJ7U5MKH7L2D5JR75RPJ4EA
105,AELUC7JGXVWFJFHML3PBTSGFMN7A
106,AG3MRJUE6FTKJAJ37VJJI23AYKCA
107,AFOVYIE52TMLDSVFSRSUXMJ6DYLQ
108,AEPLGCZHAEYD5EMN5OOE34GARV2Q
109,AGFB32EDGJ2D5DIWSN45QCHJ2SDQ
110,AH5GZ5O673LE353SOPVGTNAIEQNQ
111,AGQKMRUQSFMN6THF7MPJV5B762SQ
112,AGUFZQ2FSNOAEQ3FOQ4PI5G2FCRQ
113,AG4KDK4AG7W7OTFF435XW2L6MYTQ
114,AEVPXPW662NKOPTJMJ4YOZ2VF2OQ
115,AEIBYF23CS56STYNIZQ3QJYZ3M5A
116,AEQ7WEWFPXD6ZUW32JKGYEKD6GQA
117,AE7HMEYPYNBL6TCTZ5CBII76ATEA
118,AHHCQ5XRN2E4JD3G3L6IMFNGWKCA
119,AECB2U457PICCKIINK6AQ35LXI7Q
120,AG5BEC3O3WWQ6I2OA4TIMLSXEZKQ
121,AFNSB7JQBQTHYH7GCNV63IIIQC5A
122,AHK3WGX3GEFQ3PADUJNM3GAULPYQ
123,AHWV3HBYWVIUGXEI4UBPEEJKQQBQ
124,AGYPGNNKWFZY77GEDUKQM7A7FAMA
125,AFVH5IQCWMOI4C3WHPC4AAEE72SQ
126,AH7KZU6TTV6SSB6FSR2M4LUXBCTA
127,AE7J2PGRKCWCAYT3OG4F4HTIWK2Q
128,AEJGJCIS6D7UU53NEZM7TLP6HHPA
129,AHRHKUSSZ3AUL2YEEEIIEF5RREKA
130,AFTFQ7JYZFR4GY6GP33PKEAUOFNA
131,AHBF6XA3LKEU6UA2VLJKHRCZY6UA
132,AEG7OAB5N4COZL6IGH4KVD7HICFA
133,AFVCW53D3Q7SBJCRSN4W4ILL3LBQ
134,AG2ERSTEI7WUF4LADQEGXY4LD45Q
135,AGTN65RF63DKFEYMSFMSXQNTQHOQ
136,AF2QQT6DPO7AFCXWGFYVQIP3AHYA
137,AFL7T2EPWHVDDY773ETIYMOZ3DAQ
138,AHJESIR426AXKOVE2TC22MAI7HKA
139,AEB6LYY264TDKQZUF27GXAOTJ34A
140,AENBQ2L3AUGUHRMGBYALP55OJU4A
141,AE2ZARKHEH3A5PPPZWSIVFQ3E2OA
142,AGD7BREFXTLPF5SYUQEBOARQMFNA
143,AE35BT6PDRJKN6IT2WVIISI4VWYA
144,AGFWUVVSED5L3VGDHDX4GFY2BMPQ
145,AGEW3QOUPRXNGVIJDA55BGE7YGAA
146,AEGDDEECJQVMYIXW7UR3EPARBUWA
147,AHVDQ36THEAJHWMH65WSYYX7IWUQ
148,AEFA2AWUPRAF5UITGRIDNP5UVUNA
149,AHYAKLVVLBPTAFCSNG4SRDJMPISQ
150,AHBKEG26ZR2RPFY4DROBQEU556SA
151,AHYRP6IIECIFO3ZUKC64JPI73T2A
152,AFCLMCVZYR5DCVB4VOVQ27MONPBQ
153,AGBVJKJCZ66JSQX4ZM5JEJ4MZ33A
154,AE6F2H5X2TDJIVQU2QDAVQZGEX4Q
155,AH2A2I7IZEEZOWOC7M4PNNTAFNNQ
156,AFPS7UDI3ITJRD2SALXOLOWOF7EA
157,AG46LQERB4KATR4O2CEUEGGQA72A
158,AFOXV7CIEBFSUOIGDKMA2ZLIKRRA
159,AESWXG4BVUJBQDSRWRWBOMX7VQ5A
160,AE6YDEKLST4JTNTZR3UTRYNHBZDA
161,AH6QPGMKLQPDSJ26MEMFIDP4MF4A
162,AERG76FIYPS2CRJVJ7RVQYH5U2KQ
163,AEMUYYHNNUXQMBHN7HWYXA2WEKIA
164,AHVGDWBHNUQVYEXLESBXRGCEZPCQ
165,AGNRRXSOQPDZPNX5OGL6AMZXFNTA
166,AGI6BQJ3SRPYS4GBPKV6WRP4JFJQ
167,AHDJM5J76KO7HMZSF7A6RIYHYUPQ
168,AF4L6RBPRVOLSPWQH2XQ2SRVV4IQ
169,AEZ2NQNPO6QLEXZTUIORGQDMAF3Q
170,AG74C7UAZNX4KPZ74OM53J6HREMQ
171,AGDSBYDKLBFT35YI2OH7OGCDMTLQ
172,AGMHQP4TEUV4FCYGWU4SWP6KF3BA
173,AEZODKUNWB46SN4DO56TSDPXNIOQ
174,AEQ55ILXCF4IX5IEBGQZO44BBT7A
175,AEPRGBKZYESYTHSCBJQLZC332GUQ
176,AGUOH35WSBRHAJNGT5GAKDFHFM6Q
177,AEIDXFJKO4ESY7FY25JGQSJDWKVQ
178,AFVUBBGL5QDXAMWU4PCKLTZEMRHQ
179,AEX3SCFSPNUCVM6FVRCWPBCEPX2Q
180,AGZV25IND5HDM73BHYANLJXTW6YQ
181,AEHTDV2EYFF7ERKKTC7NQ6U66C2A
182,AHVQJAA3TTFECBSHAMSWYYPXUAFQ
183,AEOGFDRVC3DLMP5L7FFT3YJNSMNA
184,AGAXNRTGI7ODZDCOQJUGUPCPLVOQ
185,AFT2GJISOCFYH7QS5E7RARWHTW6A
186,AGEZ7BX4TUUHN6UP3UIZZZ6UOF6A
187,AEHZCRE6LMASOAYD3YF5D7IC6KBA
188,AECCLCJXRO7A7FXLXNYTP46AIJBQ
189,AGBGPE2DQZ3I7E4LYVJ4BYIKL5IA
190,AHU7JWWRSHUUNTZT2KNY3J66QNOQ
191,AHBBSX2VZZXYUCYDY5UJGOGSIAIA
192,AHOFIP3DY6DXSIAIOQDZRF42LACA
193,AGIWBTWEKU33MREHHCFHRZSUCFAQ
194,AGHWDSJRRLU6SODGA6VUCW2RFKDA
195,AGUSGDVQI6KTNDRTWZUCFGIGAN4A
196,AGB6KPTCF6B2HNW43AARQNTZKQ5A
197,AEPWFIM7FJTCZEDM3FYUVBJ6WTSQ
198,AEYHBKXUITNFLBCLH67XTDZLDFHA
199,AE6LTW7TNOJC64HD4D2LF4MIBHDA
200,AGO7S3XJCIGJSHLFJKMY75HPWPTQ
201,AGQ4XRA6HXINQRUFIKFCU42SAUZQ
202,AHC5EQBXZEHJIW6HXIVBN4KSM52A
203,AFR4MQ6ZVPP2UULUQCOCZDL3NYQA
204,AHGKC32IZAQYFWGD4ABAUSJ6ASXA
205,AEDM7ET4Q42NGXITRAMDQ4GX6ZPA
206,AEU3ZAQDXUYV55WZYDMWGPBBR6EQ
207,AHHSOC5OSLPRNI7QC3L6W7UBTZPA
208,AEQWUPS5UOAPQMF244E3WO46KFEA
209,AEWGZABXEFUU3HM3Z5EZRFC2VYSQ
210,AGZF6VTM2MTAWVCD24HYRWD2XD4Q
211,AFS2SAA3YF3EUBTGULEM3H6CPHBQ
212,AEBS7WPDRUQXMJBHTP2O723YRLMA
213,AEGNZERX6QR2AKQG3JPIWYIA6URA
214,AHVG2UABHILDMIZTH4BUFNCIWKEA
215,AEOZF7UM5SUZNUP3ALUR27KEJNZQ
216,AHIKMQUMRH2RY6GHCVXBZDLOPKXQ
217,AEGA5XZZR3MYB57WSYB5PVMVP2HA
218,AEHJOX2NQAFE6AXFQ7GMT73VPHXA
219,AFPHZE7B46ZHB2J434RCFATGAEDA
220,AHEAP7Y6R3TLLL6XK7LUB75DFTCA
221,AEDYDLAMTTXXRZICRIPFWTNAZI4A
222,AFXLW73FVRIOXQ3HZT4DHASZO2AQ
223,AFW3ZKPM5GDR6YEMEDNORGY5CAKQ
224,AH47TPQU46BLJPFCE53ESFXSJO5Q
225,AGUTZC4GHLTGYHA3KBEDRF6MHB6A
226,AH3YBUD4ZHFZMP55TDVIINY5ETYA
227,AH6QKPH4YNWCBAEYEW52JQ55C3QQ
228,AECUFSSCYGME6PKSKXMBI62UNEGQ
229,AEHWECNK65HS7NQNSESM632FEUJA
230,AGYGO7K5CVGVJKAIR5JQMY3DTVCA
231,AFV4KZQZQ2CXC2AZWTEYEZFEODVA
232,AHIHLC7D7PBFWLLOG32EKUWX43OA
233,AHTAWU6OVOHI6A3QWU7ZI2VGRYXQ
234,AHBJ5HCECG5NITAMO7ONEZUZGMRQ
235,AGOLVPSZG4U32BYQPSLZMFFW5R3A
236,AH3WZL6E7YGC4KX6GYWJ2HXJNX2Q
237,AENREYWJ5GSCKLPUCFKOUZ3SDZNQ
238,AGVNIO43G2MZLPVSYPXTYSY537GQ
239,AF6GA4Z24SRXIDBMOWTCBVSCDPMQ
240,AES2RYKHJ36PKR5GOC5KC4HNAK2Q
241,AFLRZDVE2DY6CML3NMU7GVYUNSOA
242,AESVUPAU6YASATPE6KNLTPVB7EAA
243,AFWVLOIGSTCWLYYTNOU32XPTYEOA
244,AFULYVCRDTFWZVB3EKZJP6OOYIOQ
245,AEIJWYYC3ET7PWF5URCP7WDEV6IQ
246,AF3V5IBYEDXNULY34CIDUQX62F6Q
247,AHY4FDU5L5ZCEEZ672AVXN7LOKNQ
248,AGHK5UR5Q57APW6D5NC4AO6ZNA2A
249,AFPY3U3RLOLYNQUM4WSFVUY7AANA
250,AEE6P5DQBQIZS3LWK4J6Y74QC5IA
251,AFFAAEYN42XGBQ6PJYJ66QURDTGQ
252,AEBUHP2THOSQ3GM3DCIAQTFN3NAA
253,AHQBCHQZJAHCQANYQHPZ3ZN3OMBA
254,AFUIXJAUCJXIDESWBSDRXDOFQL2Q
255,AEJTGCYW5KZ4ZLR3N62QZVJQTOQQ
256,AHJDMQ5URY2APSPEM37DHEZZTJFQ
257,AGLUUYZ7W2SFTOFVWO6L6PDOQYUA
258,AGJBWWW6RDZ53R6GY4QPW4KWJTOQ
259,AEJE2Z5I5I2GBJMCGAOMF4RQ6ZBQ
260,AEV4MWM6VRBKNUCAV3ABVZPPK54Q
261,AE5MJV77237YA3TNIAAQ7UWRE7ZA
262,AF2LFSDT2SHRD2WEEC3O2ZWIWYEQ
263,AGEGR4636OYZNQ56TUAK5YQFQWLA
264,AFJZRYPLY4X5AGPJ6MDCSUFASNHQ
265,AHHL7P6SMDTIN6UJ3EMRB2JTDI7A
266,AEHX7I2PQE5IXL7QQNKCQBAGOVHQ
267,AEOGZ75DCGZKDQCFTVR2VYOLTB2A
268,AEKNRB2GP4DEGMKULL5SGK3A4YZA
269,AEYGPGWOOILVX7NQU7ZV2LQFWWZQ
270,AG5YID3HJJ3CY4BLVFCFUTWHBBXQ
271,AGYCBMXXKJ74RXTWO7O7GM6VGIEA
272,AGA2LYZP47SWT4KKJF46G5HXGQ7Q
273,AGYPTDPEMBQSEKADL5LHLEASALFQ
274,AEMYTV76HK2ECKIK65NWB274MYEA
275,AEPXKEFX75DJ2PMBZWFF5TAH4KGA
276,AHQEF2XURJMRAL2HJ7M75EYQCKWQ
277,AENPN33QP5S6PD2XUHCM77DLZDGQ
278,AFWO5YGLDUY32TQ7CM4GZWUBMKCA
279,AHYAO4LN6TBADPHW2IIYHREUCXEA
280,AF2ILLEPDOEX3T3ISNFPMNCKCTNQ
281,AGGUIVDYY4TTJ6XIG7AGTLUH4CFA
282,AEVTMJ34NUAWFLPC4VPPHNWC7MZQ
283,AH2NDVR5UFSW3JE72O5JA23RC4LA
284,AFC7BRIIFXRLEECQLEDHJT2A55VA
285,AEBUEWUFUZHUGMS27SGABZLQMPRQ
286,AGYHXXOKZO6CJP7X4Q2QBT3SLDSA
287,AG3P2O67CQLHVPRVAHKA2XUWPKRA
288,AHRTDTZ7QNTKFKAXFDH2ZSAVW4MA
289,AG4HQ4WHHCBTDL2HWUQR256SKFXQ
290,AGB5VWRK4MQSRMEZ3CN3KVKNBKFA
291,AHB3DDTE2BFTOEBF7WC7GL5JSXJA
292,AFNWJDDGHQHVZ4UICEYBENAF4T4A
293,AGFL5PU44YZUNIDFKWV7ODXO5YXA
294,AHLWYQYEMTHIQKZPJTI2KWMBJK5A
295,AFL6IOFDXPGP4FGHD5SLQIGYKHCA
296,AHKAEZSQA42JUSQ2HJR4S2BBPOWQ
297,AGKNR2FULSBHRKV2CPPIY2YGGVEQ
298,AH3FAVVFOE64KTXFOWKVBUHL77BQ
299,AHAWU43LSRML2CM22MFLWWVWZAYQ
300,AEWZSGMCRJ6PAUPZH3BPR7ULRZ6Q
301,AFF6SJCNBC755N3IKWVKJ6Y34ATQ
302,AFSKAJBADQYL7DVWMEEZMZTHHBMQ
303,AHQFXSNXCKRHSCGXZ6TM3AAQRRYQ
304,AFCBH4ZEIESIVEXKKGOMOS66L3XA
305,AGVCBJSAFHEOOX3JAGGQCK5BJYOQ
306,AHU4SFWIGHAVMUDFOHPMMG753IVA
307,AEPRG6X4MWARZC7ZYV64A5JLC2GA
308,AFREQCJK6FBUB47K5XEEZJPT2UFQ
309,AGUIU2XSM7V2Q7WM46RWLRLZQFLQ
310,AHHCZUQUHCFCP7MDCYIY2DD3G6LA
311,AGDYF44WHWT46XA5R4LR54WWQK5Q
312,AFMUFZGCCMA46RXA5PX63Y5UAIVQ
313,AEHFR7TE5TI2I46MK5H4IXZFEWBA
314,AFWJIG3VYZQN3LGDLUX64LNTAK2Q
315,AF5DREJLM4GVFQ3IN62HF4DWBXNQ
316,AGG5YY7KV3WTZVZU3F3U7NZ255OQ
317,AHODT2KOYVDFWSBBNX4NNEFQDNDA
318,AFPJAQNWQ3WCKVPRX7KIZKELE4VA
319,AH3HJ6AIB6ZQCNSHWLNI3K44K75Q
320,AFKBM4CB7GR57QIPZVI7B6CN6KZQ
321,AHOLGWNBU2HARCBWWTWBKPXGYXAA
322,AFCQ5FIIZGSTNC7PGF4X6E5NV53A
323,AEBZ4E5VA6DY6HYBUZK3UBE4H5HA
324,AEK3OPP7YVOARPJKXGM7LNL45CTQ
325,AG3K6W57DAWJGFPG2ZOUJKA5QMBA
326,AF3XY3KUUD5J7RB2NWSZMA4BBNOQ
327,AHHNISXOUOFEGVPXW4N6I55RFQSA
328,AGFMM3GLSGF2IFL3YXOOHA6VB2IQ
329,AGF5PONRFMCV5W7SVRG6N7QQ433Q
330,AHNVFY6YHWQC4PA4NAUTFXKJXUWA
331,AHBJ3ZYFYW2TVQNKE7MK45SUJHJA
332,AEURXFZMQWMITZZEUTLKCPOR3IEA
333,AG4VDLUCA3NVS3D2SQRU2SJNPJRA
334,AHRHJFT5MR6G2TIVHUDOKNBGKKOA
335,AF2CDSJEEIGQHGJUNN7PKH7SHLBA
336,AHQMYOOZWGNM4TPYMPEK64KS5TUA
337,AHEESQMG765A3JQHXLMPER3CY5SA
338,AGLS7YFKTGUIFFRYVTITTYXQY7OQ
339,AGPV5H6TELPMKYFRIVOYURSLY2NA
340,AFIILY3CME6HZTMQCNKPI65MIYSA
341,AHLQ6STVGMUKT72R2RXQFRB5MKIQ
342,AF2UPKAMJK5SKRGFQSQGSXJ4QJDQ
343,AGPCBQXI3HVYGO3LT6PWC6EUEIRQ
344,AHK3YG33DOYVOLNJBQQW22QNW6JA
345,AGUFUWOD2NVUE3WYPTVOWDFQYJTA
346,AG6OGIKQVPZZ34727XZ23UTK6TGQ
347,AF7FVZ4EQA4CTVMXAL33PQAHEFGA
348,AHXX7PECAR24Z7XKUKN4JQJXLRKQ
349,AG2IJEESBC6HB6IMF33WBCB327PA
350,AFJMEZTLNMJ6PT4AT6J2VB6LH52Q
351,AHRYSP73J7CAM5T2HVGPHL5YE2PA
352,AFAQWNSAS4W5YSS7QH54DBQFIGBQ
353,AGI6HO3BZIVRMZZ3GY24PKZWHNAQ
354,AGMY5ILV6BKWZ22ADOMCTFNSSH5Q
355,AFBPMPD2PWUSE2HJ2PUO4GBFACZQ
356,AET3MMBIIU7KA56OW6F6MEX5W2IA
357,AECSNWNEHWJ4QVM7XYYPKLPIMG2A
358,AFPDM5V4U4FPLLWVB6YFEXA3ORHQ
359,AEEQ4GJLEP2IML42HKV4FGMSMR6A
360,AGFHAEV2SV7V22FO35CV33CGXYXA
361,AGH3O5QKKBVBNPHPAP6DQ63HBYKQ
362,AHUFMSULRCYZDGQMKVPVGRSYODUQ
363,AHGE3F2CSKEKFO2RYS5WUB4KT2AQ
364,AEZ4K3OTZRHBZZPBJLYZRICCRHRA
365,AFV36MMIHKSRKH6GA3BPBPSMXCEQ
366,AGPDMKSHRN76BDFFTEHBR4O6JQ3A
367,AE6BMY6F3LHVRUU3MBWWERZTCE5A
368,AEQ3R45MMBAU3RVJ5E2M55GXLU2A
369,AGT7LBHYDSTEAJGV7PIPHNMHNRTQ
370,AGKIVBVHO7HMYPUANDHX4IQ7CGYA
371,AE5JXCHAT3USS2GRABU5I7NORDQA
372,AH7SVPCWSWQ553HGX4O2GSFDHT2Q
373,AGXYGH6FCROCSSAJ5OJ7CO2PHKEQ
374,AEMGQ3NM6X7CXFL2PQTBZKMS5PSQ
375,AH7ONWYPREQVWB3OMZT3UXFK7SAA
376,AEVKNPBWVB5HEXROS7ITA4P6Z4BQ
377,AF5C3TXYENDELDV7LTSMY2R2RKDA
378,AFQHCG5POPLULRMH66C5WZBTZNTA
379,AE7IMIY2KRQJ5PUUXAFHWN3EJKFQ
380,AG7JCEMC64AM7JPATDVGP6YZOTXA
381,AEBXJVK4HGB32EJND4US6A3RCJOQ
382,AH4OXJVE4F2T7BXF37QHTSEJXXJA
383,AFONHZD7QH37LQWREPRJQOKVE64A
384,AF34N3GRUH43D64PSMTMBKQBNLMQ
385,AHCZUDKT5RRBGQHE3LDOHPIWOZNQ
386,AG5U2LAL2CLG6KKMMXRZXEMDODXA
387,AEUSR3CBHDM4TNQTI23CBTJKSZPA
388,AF7FVPJTLQVVN2P3R5FVUAB3FSCQ
389,AEMR2HTCGWHCAYCOEA4S54QFEJRQ
390,AG66JDV3XTZRNHUT7OGTDUVBYWIA
391,AG6264SMOZHEXYX4RPPWAUH4IIEA
392,AEUVXEQNPMSHZA3XSH2BKWQ5C63Q
393,AH74PGSEVHTSU3CFT23LIFMGRCBA
394,AGNOPTL3F3J3QVWMPVJE5MFYWLFQ
395,AH4BTR7ZZPE5X7XOQS66KN5WCI5Q
396,AGYYNAE5G66CABG4IZVLRLL3SNDQ
397,AE2GQACMPJFNYSN5N2XDUJQ7NQAQ
398,AH332TEASYLKBWFGQCZTFRQBB4TQ
399,AG3VWU3VE6LEXXGSRWEAKVTEFWAA
400,AFBUDPG5W2Q4AH6EUYEQCV5EFZCQ
401,AERVEBKW2WEP3OHLWWOQGGW4EIIQ
402,AGXNVQXFORUTP4IV2MZYAK5OLGBA
403,AGN7JYZA3URZONM5Y265FZ7GDTZQ
404,AHPNUWDGMY322JQBWXHH4TKUCGOA
405,AHFYTOXGMUH5MRUM3XFXN2TQWQYQ
406,AHP2IJ5EW5O3JOKYYPRM3MSQRDGA
407,AESU3XHO7CKQFWBXBVWOJWEXLALA
408,AERCHTLKJCARHKQBJ6IU24WMCHFA
409,AH7Z5BT7H3Y6JSNYAE2ARLWYZFLA
410,AFUCBBYAAJQSD4ORQXCPIXGH44YA
411,AFVZFCKH5SHAN3VN2CMHIZESDJMA
412,AHEZYVGHBTSMH545AKJX6BFAOM5Q
413,AFFUQHVKNFTSIAHIMQV2EPJYR2HQ
414,AEE65527RT7XILWR4WM53OPR3I5Q
415,AHCM4H32TJGAFAVFHUS33R23FHVA
416,AGAHNIX4V527KCBZWWOAA2ACPR5A
417,AFR64BFQBXIOSVUTVSKTZPWGD4PQ
418,AFII3KO3O24JAJLW32JCGP252PEA
419,AG3M52VBU4OB5YJ2CIQMLSBZAOSA
420,AHLVKR3SDUB5HHSM7CGA25VTSUJA
421,AFBLWU5PGBTMXKFBKMIGDDQ6TNCA
422,AHZ6NJY6LANKEGPC563FZ2S7JEQA
423,AFDKBZJYC5VDXRC6RX44FEQLWKQQ
424,AFVFBDFIXOC4DC6XC7U5SWXWX65Q
425,AEO2EVTNH3746IG44OWVUIPPSOYA
426,AFI4KRGGRZ25RTFQNRSIPFFCOYQA
427,AGBDIUVWSSSV6QUN5TWU5DAVQ7GA
428,AGWWN6VXH6UL3Y5GAUC3QNEBXNJQ
429,AFUDD3DKL2DHQELRTT5QYQSO2FRQ
430,AH6HGAKXOS2NPUBPCK3YA4KQYNRA
431,AGEOZLPQ4ILWWA2LGSPIMNBK5ZRA
432,AHR3PBNPE3MAAVUUVGFIN32NQERQ
433,AGJRZAALCF72HZ26BXYN57B3FHFQ
434,AHO7IQYBZNPZSWJDDSL7HXYMP7DA
435,AHIXHODKOKUQD5VUAATLXPYR2GOQ
436,AFLHWY6TGH3BZ7SSSUIVYETOF5TA
437,AGBFC6R5KG7BSWDVTLKNXEV7KCMA
438,AE25K3OUYD7Q3Q5EZFFJNEMPSTLQ
439,AEL2CDM52A64POTYWJAKYCITS2PA
440,AEVDAJEFTFWJQHRJF7OC5OHDJTLA
441,AGKDRVNM365D3NLORSTNMUBN6FMQ
442,AE7MNHXAINA3VCP7BKFCUUK36XVQ
443,AERR6YOUFOCHCSSQYKINST2PEYNQ
444,AF245GJ52LYHFP7WFQCXXCI7R5SQ
445,AFZT4FLSLKM3NRILZKVVTJHZIP4Q
446,AEARL3UGFLWBK5MDRQEYSDODYSBA
447,AGAWDIGICOSNPQA7WXI57CPQFFQA
448,AG4Y4TLMZIEERTVCMVG3ZNFHBZAA
449,AG6S3PFWK5JT3XONUBSJDF3FWVGQ
450,AEWCU4DZERLJN2NFS7Q5SHTKBUTA
451,AE7KY6UUJMSMUN3N4SCFBCNR5IEQ
452,AHFSJGIBCICVVT6H3256M6TR2U3A
453,AFFFSKOYLWE77OSG4HSEGIZ63QPQ
454,AEAIJVP6GJ7UHTFZWHVOV3UA6JGQ
455,AEUEOHMCOAVDQK3RXPXRA67SUCGQ
456,AEROMOVKSY7VI3OJ7B2OJIXJ6BPA
457,AH3KEDBPWJGL24RNC6VTJOJGYXSA
458,AF732V3PW3A2RGSI435E5HI4UVBA
459,AHGX2OD5W75GQIWVVYXKQTIDIYCA
460,AHFUUM7CFGBF4KHRGGWRHULOKXJA
461,AGFMGKUMSUO4VWYYD7ZCBVG4CX7Q
462,AF7G6DMUCVSNJR7D7SITSQLUAE7A
463,AH76P4D6C4WFQUWECFP5HUFKSASQ
464,AHOKOF5UIDG5R72IJABYQTKICKGA
465,AHCRIEFVVN6UVTXL2X4RF5YI64PQ
466,AF4BCKFTPKIMMDUZPPIFM22YJTIA
467,AFSD4KPBQ6F3I3N5PYKW3SI5BAFQ
468,AE62ZHAW34MDLWX5LZKUHIK3YNKQ
469,AEBWS5VAL7UUQNZG7IOBCXON3VEQ
470,AEIFQ2M4OJBXTDQFXOUCIYOTDHEA
471,AETW7RAG623NHGB3KGZVT2GU5V4Q
472,AE44ACQCDKNDMKXYAC2I52EQEPJQ
473,AEIX3EYLXMUJQ3LABM7QHLTMJXFQ
474,AFOIUBQEAWAB73GN5LUVM37H2F7A
475,AHXIRZIRXYYBDT7A4VGWKJRV67DA
476,AFC7H34EARLQ526F6BFYUGQODGDA
477,AFSO7VN6FBUVIFZFTPSXW3BZW2KA
478,AG3CPGHMVVRA2MUIAQB6RAYII55Q
479,AG2XU426CFTYTOA3DS5QM33OFTSQ
480,AH32XLD2HVJJDCWFRP3DUSK7TREQ
481,AGVPAYEEC3JYTXTTU7MGCWMCWEAA
482,AEP3QWXNTVZJYS6YT4B2ARQBK65Q
483,AGG735PAFORMNS7Z7RCDFATFQ2PA
484,AEWFPET3EFIINQLKBTCBJPDX23ZA
485,AF5HGNTGUXTDBVRIAGB3WPIPN32Q
486,AH3M65BNH7UZP5IH5ZYKZ3DKPFAA
487,AG3XJ7QU2XGJHPTISCVAW2UZUIGQ
488,AEE2W22XBXQEU2KQU7X5AJTLVTWQ
489,AE3CCVRJRHYQLVRB72LXHOUICB6Q
490,AEIVPVXTWPHLGOXXJYYOY7XZSW4A
491,AGPCGPDLKHYQIS6R6UYS7APDBDBA
492,AFQZ2UFIAH3IPJY2UZFK33BJZZFA
493,AGCJDIFFVTYXRE32FSBTYU447K2A
494,AGMOSJBZBRVIM3256AE2LSM7SRTA
495,AGIBEAOENGXUWJAWW66I522X6T4Q
496,AG4GS6YHAVTKZZYA3S4R7XSON26Q
497,AFR7V6Z74I7QDU5CSCILOQBHCPBQ
498,AHTUKDLEEKSUCKLBCPEYHRT5BWJQ
499,AEXFEQ7QOP6EHDEZ3K6NN27MQ7KA
500,AEHJGLWSSBMRAUVD2YIOO5UDIQUA
501,AGZ5PIOFN2VGS4V74QDE7CRDP5FA
502,AEZWSXLKKTBB3EJ6ZPNX3ZPK6O3Q
503,AEEY3YVAUN2XSJHAH7XWJZBU6YKQ
504,AEQ7LHLC6UDIWN7WLZHLS5MIQLYQ
505,AGJIALSJ7QYQFZXGAED5NCJGBVBA
506,AF3QOVXRVSRP44MWNAVEJ2UDHPUA
507,AES3NVPWXM3J62ULXNHYIZXNJNGA
508,AHWVJLIB2JILY3SIYDXLJ6WFMU3A
509,AGX4FJ7KWL3YIBR3C6GUBGQHFWLA
510,AE46SQ572UM43V4L3UB3QB3KYLXQ
511,AFB66LOEHCTGAXJ5ZKJQBINSHLLA
512,AGVTTYGF7M66RB45F2IWO6KN4IDA
513,AGE7J2EYQLVT7OQCFNGLEEPBKX3Q
514,AFJXNRM66SA3UVQIVQDXX23HJOYQ
515,AGY36IKMDXNX4TXRS6Q2X777CCMA
516,AFQOBAT472GH6P2J7WSU7U25U2ZQ
517,AGLV6V5S77M4HOD2JQLFQSB557TA
518,AENCXCH6XX7RYWRQBGKMDXGK2L3A
519,AFRKX235LX3YDTM3E4BFOIQU42TQ
520,AHYAMQ3LCBSRFHJZL6BSLPPB6IJQ
521,AGN5FLOQCKD5CTCMTURWNIRCOO2A
522,AG5V3C4QEJES6U22ZHKSST7GDDVQ
523,AFFGLNXFYHMCZXHGIJXPF2CZZEKQ
524,AG4BFVSFJALDEBVTUGSK5UUTIHVA
525,AE2X72NBKZOS62LP2VFLCLI6Z4KA
526,AFMZJ2OIPOLGFEYE7XAOSAWENRVQ
527,AE6AW53IXHWM7S6LQ3PWRWXREDKQ
528,AGQ3KKYM4M5DYCZ2JQ5XU3S7QXOA
529,AEYRZHNTFOZV3GV6OXBIIXU56UTQ
530,AGTQ7POGTNAIUAMPPDBS6N4B3UPQ
531,AEF6RUXZYQ2BYAVFZOPNJQ2CT3CA
532,AHWAPMLNUHMUE53WNYFHZA7PIN5Q
533,AH5ST6D2BEDEGBK2O6FV7TXOXNTQ
534,AETOQXBB5CLYSMGBKAUHYPNGMFHA
535,AGW3VI3B3IP3XMNW6RQPIDRFJTNA
536,AGFJKHFNRZCJAZFYYYMPNSCFO3WA
537,AHIQRUL23NCKCRU57QJYRBQRE4VA
538,AG4TTRSNEXNMUTEOD37RKQS3DG3A
539,AFGIXXYX2F7QFLMA3N2VPMK6MXWQ
540,AFWER24CE3TKMMIR6OZK4IYSZH5Q
541,AHMDBLHEIT5HF75VYZKJGEGJEK4A
542,AGP37Y4WBW2VBBTKF74NJ473NPMQ
543,AH4M7SBN6RGAS7HYR5LQQTOXJP5A
544,AH24XYIBIDRK4YHBDESYTW2YW2RQ
545,AFA5O6J45FNMTWTHPHTUMPXKQJZA
546,AGTYMB2SMTYFP5ZIRCFBWAAHG2YA
547,AHJOTHRXSHEJH3UJXFJF4BZE3SWA
548,AF3NK5AHGLZFGZIZAZZBY67UR6LQ
549,AGBYXH3GQNUKMJQSYNCXGU7WLGLQ
550,AHUI7B3325OMYXSOXIZF6UQTJT6Q
551,AGQNXPY66OM77IVRDWTOJFFODMIA
552,AH32564NYD7IIY3HCP7SS37N3XXQ
553,AENJPZP5DJB5BP2OQOCRPODFZH4A
554,AFSAGFZAZC2T2XB2VLFSYJ6NZPYQ
555,AGEHWZDW7DLJEO2H2OX7HD3JUSXA
556,AFLDKCRK4ECFMXDA2JJ3CANXAKQA
557,AHBS3NYPIDNCOAGSKTIDYHXASGVA
558,AF5XNNWHCEGSPHVNQNSQNCBXHE5Q
559,AF2SNIELTN7CUXTW34F352V2B2YA
560,AE3WE6OQTFQVPGQKK76E7JCL3HPA
561,AFAAKFN2LCSCTG5D37IEDZFHDE2A
562,AHQAPJBVQPZ3HFLOTN6ONBIXWELQ
563,AGKNRVJ4NHFGHCSWUT6ZWQJLPD4A
564,AEAENCVJGSC5KSHMTWYFAUG2J3VQ
565,AFMLO4IQUOAYFLDXSR5N4RPE2TLA
566,AHBWG7MBAU6QQITOFMJZBMSM572A
567,AFZHRUFW35SQEJVKXBOSDL5PQ5ZA
568,AHQWPW6W3JN6CXENQXX5FZGL726A
569,AE73RH2UKBVEARLLX3V4CIRINAXQ
570,AH4JY2G5XOQ6CMIEMFHHPAOSX32Q
571,AH62CSWR3F232CAB7KEYUE3MU27A
572,AHN2PNSN2BWCU5COOWRWYT4A7M7A
573,AHB5TOE4DG7RZ5IOYZIEUCJRT25A
574,AGU5HJ3ZFFDJGQGJNCF2GFUCZCMA
575,AH26UGRC4MIBDWXPVEC6HIX4QFPA
576,AES4ZAQLHLFGFYFKLCLMD4FISTJA
577,AHBKQ43VHCDTYTOGOI7WSHRLZ5RQ
578,AHEZI6HHRRK7Y2RKJYSBKC7KZ5SQ
579,AEEGFVG73GEKFPQMUYD5II3HT2MA
580,AFFZZBD4NNKZC42JSRZLA2TE3K4Q
581,AENRCAUPNFPDJW7H24XZDESJXFUQ
582,AHCQYEKTW5IP7V7AAUXZGLPTRGTA
583,AHWBTR5X2H4RK7DL5YCMGI5WXFJA
584,AGAFPXVAO7QYHV7AYRJXL6OFH7SQ
585,AF3Q5CBOM7EAH3FCDH2DD4C3DDYQ
586,AHOEMNCGNZJMIS5RHBTTKMDDQU3A
587,AFNGAPKV6IR3L4PO7CDQBSIRPYTQ
588,AEMJT743EHPZ46SL76DJJPEMLK6A
589,AHTMDTLTZL644KSSTIX63PUZPAUA
590,AEHI3PEWTYSJSY5UNKVNTWGYYBTQ
591,AHI7HP22NTN4QDEYSYKHYUTHZMFQ
592,AHP2GJFBQU7QNCZZEKCTKGPWYHLA
593,AHVGP3FQCRENSZAPVJ3JGNBOFLWA
594,AFL5KBJXECSF5ZUVUDXLTUYZ45RA
595,AG3PUR5KS2W6OF32TMYYYYLDNGXQ
596,AE5ZF4NIFUKRXSDPRYCUTFREUTPQ
597,AGBQJGTOO7E2EM3KOWIC4KTVZRQQ
598,AHHGZ5IJD4BRK5ZDGFHERZ5P2IIQ
599,AH4XK4F6P7ABD66ILUL4BBEUZ5IA
600,AEGRX3VSLAGZYIARKAJLO74SA54A
601,AGHRJNUSXPDD4BWT72I6TZHTV4UA
602,AHGUPWQ3HME7IOKE2JMCG22TBLOQ
603,AERVYGQTR3N5YBNLL3EVVGAP6F7Q
604,AHLYKSENM2FNOQD6PNXZSWA72THQ
605,AF26GAPJONWH6Z6ILQ7XXLKOTLZA
606,AEGMJIM65OPXKPS4A6RKQTO4TJGA
607,AHVQ6WR5MHPTHXXWWWW7G34XWILQ
608,AFYZBYH4S3NN5NVYSJS4KRRKDLYA
609,AGFI7EAS65XWHZK6WVPN7P7UGDTA
610,AHKFQO7US7BMHGRJZR6QPPJEU6SQ
611,AHO2FEWVD2R2AWT3T2LA5NK2CFGQ
612,AF7DL7KJ2NVF6RHFFNAYOAF634HA
613,AE5T2U27PQKLGNUYWHXZ4ZQSJVSA
614,AHZKJWHQMWBOHDOT2BQI2PJYIY2Q
615,AGJTHB34O5HJOEEZXCP7U334OJLA
616,AGGBYJDFUNIQL7ZQMZEU3AZOFBZQ
617,AE4ICGA3WM65GET5QZJGODMHYFXQ
618,AHJYINOB4IONHDNGIM4ZBFBHLZEA
619,AH6JE54WOQ4PKG72U4WCM47YHEUQ
620,AHI6CCRRBTBUJOYKUPRPUAQOXQWA
621,AGA5QKNKNOQVLVFV3GMO6PAOYP4A
622,AGIUMTOQ5J2OSO3Y2WDBZQWHOYVQ
623,AGSSQ43APD2CS2ZKXWXCODNUH3RQ
624,AHSXFHHPJNLDUXENULHFV7X2RN2A
625,AECTO2C4UPUDAALP4PV54JPBKVYQ
626,AGWOPP5PVCU25ZWHXCIZTBGN7IXA
627,AGOZAFME33K5BS5XCVEYQZRHTQOQ
628,AHLU2HMWDMD7D4ASSPXDGD4QZEKQ
629,AECSA5AYLFVDX7U4MIBSHAUEQ7LQ
630,AHXZ57GCM7EPY5F2QA3LULKMEF7A
631,AEW7SJB3GPEFZGZ2JF6EZ35YLHBQ
632,AFV5H32KRXHUYMMYZFMFKBQVOD6A
633,AEV7FAVL5J5U7KTGHLKLEATBBYFA
634,AESIM6CFFFR3YF27KJCZYPPCUQ2A
635,AF5NXH4HCO6OU4FWXDYN43LUZNMA
636,AGEXLQUTMZSDOWXYWJHL3EGLSYBQ
637,AH5FFKVRYFXMLOBGQ5AHAGFCWN3Q
638,AEOCVDTTQKTTQM4GGE3ZQNWWXULA
639,AEVVYJDDLGSG7OK35DREMBIWOMRA
640,AHPFDKAINP5IKLBH37ZRCX723AGA
641,AGC6BKQ2TR6SZAB4YMPA7FINKBXQ
642,AHG4NSH4YSOWSEKLAR5AHMUAQHYQ
643,AHFOL2TJ5S3GAC2OY36TS6BJV2PQ
644,AGINU45HXIWLZAGRHBUJVQJSFLAQ
645,AHVVSHDCSHLT5WT4MSIZXXZYDWNQ
646,AHMFO3HUJGX4NAH4QJ2CRFYO6GRQ
647,AFXA6CALBIGBXGNGFPEY2KNJSMUQ
648,AFM3VKDIT5UBIWVYCYUVAOA74IRQ
649,AH3HAZBRZPO7D5KZZPZBRSBRJCHA
650,AHXTJIIB3NELSR6XH7JO4UESMYGA
651,AFSVP3JNP7UFF3XNNIQSAG6ZRKOQ
652,AEYEMZWHSAX2BTZ74YXRNXYZJVPQ
653,AGWKAGLYUN66MKN5RO5N5RVQK62Q
654,AEJP4H5NDURBMLRGSQ5RWZGZZFBA
655,AGTFUGDWSM6SRFLCUZCFRDUVUTMA
656,AGGS4WNPQZRH4FM7VZJQRQOWKBAA
657,AHRLA3X6VCUK74KMK4PAWX2R5UWA
658,AGNNTQUIJN6PYGBYSXC7VFZNPJLA
659,AFZSGJVJEHHY6SFWUC4PYYPKWUGQ
660,AHLRFWXQDM4JYQX5IEKE7PZQZL3A
661,AH3C3MQNV4HMV2LT7GJSUP4CSERQ
662,AEP2GRDHGRSCDPXV5LS2M5EJMFLA
663,AFN2BGPXK4BCTGSAWZMSXYMKTHZA
664,AE5KXQRM52DPDGVS6B4OKAXPIUYA
665,AGPUVA34ONLRQEGLHJ5W3MMENUCQ
666,AHXQBZW3MJTBHCPBVF33JL323G7Q
667,AFWM2VGETXFVDQESYLOFO5NNUTBQ
668,AEKKFXU7EVZFNNYN3RFDCSXGMYDQ
669,AHZ7PTR7D4FNBIO6QTNPPO3RDLQA
670,AHFJ5NI57LSTWQ5PXOU53TPXPGVA
671,AGV3JTRBTECUQU7HMUICCVME7T4Q
672,AH6ZWLDXLRORU3EKIUC7LHQ2RLNA
673,AELBMFZMKSBFGTVHVJJ77RL3GRZQ
674,AEJBBI23J4RKWNAQZVT7ZPD46TTA
675,AG7NDB7B5DG5I267B6JJW4GYL5JQ
676,AFNIDOGGUX64GOJULM2NS3QOCCHQ
677,AF6OH26IFN6V7GGXKI3W7CL2OETQ
678,AEOFYBDB7VI33DMT2FXSRKKLVQEQ
679,AG7J3L7WFRS56TSO6T4Z2YLMTX2A
680,AGUZTOMZTOM2D4BA4CN6ZMJWMB6Q
681,AGFZSISH6VBO4YC53FCDNX5ZELAQ
682,AEFBPIIIG4O6BV23R6V5BBDRIRQQ
683,AGUOAP23PB36D42CSHKYWKUYRCAA
684,AHUS4PM76WAFY3V6UNG4AUAMYR6Q
685,AH3GSIADZNCIHGSU5EIUQSK4F3BQ
686,AEPFLLTCYMYHREYGPQCYXFZSSILA
687,AGVLEGGO5OF75JXUDPCK53TN5ROA
688,AEPSYQWQBWH7EP73POLVDYIRVOTQ
689,AE4PEDUGMESZC2MHH6PLYEBZJPOQ
690,AFEPS34XGQFH7IQRDHPQGOCFLH2Q
691,AEI7LZCDTU7CHNVG5RLKCM6RNGNA
692,AE7FTUSPRLMXGLPGLERXYQ3BD3XQ
693,AFMJOAW6ZFNVIZJVDNTWG2SN7XEQ
694,AHGUFJW7DPU73G4MHTCVODT2XEOQ
695,AHORWHQCWRUR3L2SUNPMIMJUGSCA
696,AEHWBZGY65754SGXZ5U4LDX3CIDQ
697,AE546P3K2V4VMUB2R6TDWS3NBOKQ
698,AFEWXPOEGNY74N7EASX4TB7RCC7A
699,AGOOZXEXX3OH5KQL4ENO2LBMRKTQ
700,AEV4QUVT4HED7SSTOODCZGWGNJRA
701,AEUXEZ3JDATQJV32UG6JJ6FPQO3Q
702,AH7SYCMKOK7T2KEINJ2BKDWLIP6Q
703,AH5776H7QYQKDEEVD6T75RFMVQPA
704,AGXAAA2VNWQSC7UGMDE5AI3WAVAQ
705,AFOS7IS4NOCYPCG4MUX6AE4HIV2A
706,AEYO2UVVJNCPFXWGJJ5B3SJT2NSA
707,AFSB7K4GPHRF4G6MZYN4QSCQGOHA
708,AHWC3UDZLPG5EUHXWEU2AWHOMV3Q
709,AHXSMTY2B2FJES5UCJSNTRVKL3VQ
710,AFKJVCKZLTVYOHFXU5G6YTDKMF6Q
711,AE37Y6L4BCDSNJAVX76BKWPM2TSQ
712,AH64YKTYLIWZ2RMY6ZKHM7JYD54A
713,AFUWE3X2QX2D7DUF45Q24XUJUWUA
714,AEPIQHDJOXQLM4XVLE34XH7XJVUQ
715,AEVU6SDLELWK346WHTKHKV3ASDSA
716,AE3XUN4M73XCCGCHFV56OBQECCEQ
717,AE3O6KBRKPPL4VLA5FFOCWRLTT5Q
718,AH54TELM225OIYLS2VHOF7WTU7KA
719,AHGSD2R4YN7DZAS34SEM3CEDVKXA
720,AETYKYERM3UZAEDO5AARJOSHSEUQ
721,AEEPJRJULCOOVQB7C77RBEQ7B4YQ
722,AFL326GH4APH5QLJN4MYJL3IDTWA
723,AGYTWWUPV7G637CECPASGFAGCZNQ
724,AERWX7Z32UGNIJA3XFKZYKLX3RRA
725,AFWGBQ7NTBGPMFIYIOHMU6OHM25A
726,AEI2F5MMSJ47W3NLJRKPNLUG32LQ
727,AG5HDCJTITR3CI76QFUATWIMKKNA
728,AFHMWNH5V6KPHYX5EF2KNAJI5ZZA
729,AHVADEKG7Y2AWI3STQC6UO26TMAQ
730,AG7LHA7ARD6XJZ4FL7PA6VODWLRA
731,AFLDHT2PEYW6DJHOKED32XLRXURA
732,AFY4ZTQEWAUJD4XF6NNCQ3NLRWXA
733,AGA4SAJRSPYXZ3VA7Q6TNKS2MIRA
734,AEIID3I3BE7K54AIN44ZGHOPCBNQ
735,AFFH4OB5WQUWE2IVRZ3PN3QHUHEQ
736,AEZ445SFQEXK3X6FLUXLS3J4MGRA
737,AEUURNDULQU2P5XVY26HI3KKU6LA
738,AHA2IOHPKVG6G6OACT4WXNJ5MSPA
739,AHI2QHZG6H6V6G3AWFYJ27PXIK7Q
740,AEDHHJXMM6EVJFSH4LS3EAYU54WQ
741,AG3LNG35R3Q6AZWHBB2MN57WPLGA
742,AFRMM73EN7EVNUGFCLOG4SAKMSEQ
743,AFTG4XQ6PSFJOMXIDR3VHANW4ONQ
744,AF4PWGLCRD3EODJYK23PU5AR5CSA
745,AGOBVZFVW5OBWZSKAREW3ZOO4N6Q
746,AHQROORWR2HQBQQPLOF37HPRNCDA
747,AHMOQYEP7IUD5RLGXOJOQDEG6HNA
748,AGNIBTJHI5U3YV7P3TNRCFYQBOHQ
749,AG2PBC5BPMK57H7F64JTJRNUC6CQ
750,AHMQRKJ7ZPZ5VH2JY3RVGFT26RCA
751,AHIQK23N546JE5ITYJHXZ7OZKXSA
752,AGXTHBMGTA3OGDQAKZ7M3ELW363A
753,AGGVBFBBU4KABEAVSTMA5CU4HP4Q
754,AFSXBZ57CV67AEDGKQPRQY5QJVFQ
755,AE3Y2KM7LK2SFCANQB5DXHPOOXKQ
756,AFZK6HUBA6OZKNSUYU6JDQZMUFXQ
757,AEO6MJIKE5KKVDVXBS62Y6LVTHIA
758,AHBUPZ3I4QYVE6W7EHE7K3FKFXIQ
759,AFL44LLPGYENLWPDP4HHZYCMR42A
760,AHUFFVIEXGE55I7MVKT5IS5TFVZQ
761,AGMEWZX76QRCL6NIQYSXPTPMYY2A
762,AEWLBJPG4OOB22RKZWCGMPIMIXKQ
763,AGYRFR2KJUWUOFCW5NUKGOQSOAFA
764,AEXNXI4MXEYSB62OGWRVEGUAEHVQ
765,AFHYAAFNSIBJGGWBJLLY6FRG5V6Q
766,AH3JXNAPND5J5CZRO4SO5IJUGWOQ
767,AG7UTTMCOURJXMJF5VQER7E272FQ
768,AELFXDLB7FX3DLH524XED5MBVEHQ
769,AG424P6J23GZUQEOYS2LWH25OIJA
770,AGE3DQAZYYE72HUQNGV57QW5VLLA
771,AH5P42R2KOPQUGSUSVNVXZ4B3E4A
772,AHTFFGQRMAAF6L4DRUATYJFDMKMA
773,AGABSP4OQNIZPE3GMNVSVLV4KPXA
774,AEXSMYCKCIRO7T72NOTZPJVERVIA
775,AFUU5E2YG6DN57UEDC6RGF4BDRUA
776,AE5S34QVMCMVWBJVMK3TGI2DMOUQ
777,AFEC2QTUF5P325ZVFMWBQKQNAQUQ
778,AFSGNKEXCELSQ47FLAE7UAQJY2JQ
779,AFZ77ZFGOFHKFHOGNVHPBTE3EQPQ
780,AH2T3LHPZBMPQBA6WS6O4UNK7DGQ
781,AG2YXC3L2VZTZRAZMM5ESUQFTDOQ
782,AEAL5BSS4ZVIC3EOE6LK4RUGGKLQ
783,AHNCE4ABOPYP7XERBBFZDM73G77A
784,AHWGW3JZP6WDMYI7NCXFNGZJUX6Q
785,AEUXRNMZWZ47OQRBFVN52SXPOIDA
786,AELGSNLAWAOC5ARPZU4ATLWEMQ2Q
787,AELIOL7Q2OVFNUAIWSOSR7PKIH2Q
788,AHDATXKI4EBRWW5B7WPSQTCE7FDQ
789,AHX5Y7DMC2WDWGX64EFBF7OOMOJQ
790,AFVIZWLSRFUWN65MI4VT4JATJZIA
791,AG5W5MZVIRM3GZYE264AQZN5UJLQ
792,AEAP5CBTGXO4IK62HB6MGIR6XBZQ
793,AETR6OWY5SW525GCYBGEIGZX25YA
794,AHUYQZVDVFBKZFUFOLM64GBQ5MTA
795,AFEKZKEJ4IR2FFS6SEDLIEYFVGQQ
796,AFZOMSVEDR6QXB5DJYVUBCPHLERA
797,AGS3NIDCHEHSBVEWQCFWCC3FPYMA
798,AFXULO4OM76VZPMGALEXISOMRU5Q
799,AEYRZUV6FMVPPTBQ5NUUZ2CPKA3A
800,AFC5D3CNOY5L2S2XB4GZZI6SPITA
801,AFVSSH74T5D6XW56CFTFJDWA4DMA
802,AFZJ42R3KAH2PEUHGPADMWBZ6GTQ
803,AHPT62BAM5VHXZRS7W5HMEPFRNEQ
804,AEHVAMO6UAJ27L5T5THJQQF6OKKA
805,AFHEFRFNYVAHQQC5EQPYYADL5XPA
806,AEVUB2XF3EXZG4QR4XSWOXMWZTYA
807,AH3AI6DZU7AOJNNHD3GA4RVLRMOQ
808,AEXTFXKHKZFGEE32FP7D3UCISUUA
809,AFQ32GJ4AIKJYIIDEGDOEDCHE3BA
810,AHVSJFOE5P4SV2KQJPL57LFCAPGQ
811,AESZJWCT3PVIHTRSWR3FQFAA4BHA
812,AFOKI7ERZD2GHHIB3LDQO2XDSWTA
813,AEG4OVHDCOZCEUT3JOTOLJPOPFUA
814,AEF4N7QRT7DIWNQ3BSYA7EQ4A4BQ
815,AFTAXVM64HGI4QEKNXUEJ2F4KSIQ
816,AHDEQMEBZTVRDMS34BL3E4KHJ7NQ
817,AFOC5UQCCKYW44DGWGIFVOKSIZFA
818,AFFWVQRZL757GTDFIZKD3VKCWLOA
819,AFNDU6QY3PZVL2ADLDL7HQMI3HOA
820,AEEGTWNAOS2W5QNSXGAGB3LGKDYQ
821,AEMDLDO43EH4CZVO55DKRHBYM5IA
822,AEIKRZXAFOOFBIB4XYQIESDFVB2Q
823,AFZNU5ROXJST23EMY2YU2USP4H3A
824,AEPTN6NJNHBET2FBESMHJXE4PIVA
825,AEUQECCS5LK24YSBAY37TEBTPLLA
826,AG5JEUQDREFPLPRT4HVBIH2BL7EA
827,AHAJGKEWQISTNTXEE4FLO2KSAFVQ
828,AHCEKO57KFRAUVXLXOS3PLGJQBBQ
829,AGNEC3BAYRE2FNLURHJP7W4MPQMQ
830,AHF3P4KYFQ4WSZFLMTVFF5RSOC6A
831,AG3AZK74AUZ7V7VQABLFV44BFTBA
832,AFM5YIEROVUT6FO73ODVUYF67OMQ
833,AHHQ5FACQXFMLC4356KUQTOZS4WA
834,AH4T777XI2YOLSAPYZZ2NJHCDPGA
835,AH647SJH7USOJTEJTR6PFCIJPBDQ
836,AFCHAOVL45MFMRWBH6XOEO2PALJA
837,AGRJ7Z4WYZ5WQZZPIN7QBNNKPLHA
838,AEJIY4YYFMG3QW7LWV3WNCV7N4CQ
839,AH6U2XVLH3IRALNU3RVV2DWVDUAQ
840,AH7AEPRIK7MUDNOZYENILLPP3O2Q
841,AEC4KNMD7FXY4KVYYF5OZ4YOT57Q
842,AHQ73HPXMYP7YRDHNC5SPIAJKQ5A
843,AE42RJKFLCVVZQT5OPNZV7N5BRLA
844,AECP5K2XBOMQA6WXJZDVJPXFU2JQ
845,AHFKQZVO7VGQFFKRMEFVBB4J2TBQ
846,AE5GM2YVLAHCT7IQMY34I3SVESTA
847,AEBWVNGEL7T22WRVKJGKFQ5KWU2A
848,AG6ON7ZVEY2PNPY5HS7P2KXQZV2Q
849,AHI7ASJG6VFRV27X76ITCWYAQY5Q
850,AG64275PKPCXMKM5VIFEQTGREQMQ
851,AEBIXUVI5SYFJJKXX4K2SKSB5MCQ
852,AFO6JEQAVVEGZ42VCO3CB6647JCA
853,AF3NLMVW2A5FB4REYD4G4GZKSKKQ
854,AE456JTAXLTBOYT4AUU24OJ4T4AA
855,AE2W3Q2EMSPL7GHFTIQ3TJKHCY6A
856,AFAAJOUTIIP4A3KNBK2NBTP2GFCQ
857,AGHUIUUOTKX7Z4EXFOQJNWELT7HQ
858,AFS2B5ES4TWBUIXNAENE6NEJWZOQ
859,AEFM2UQTBQVEGS3JWMZABNU3QAZQ
860,AH2PQR7RQJUENGC2Q2ADGOM7XPFA
861,AGW4CDXAEO2KDCAQB7DKW6IQMJ4A
862,AH6PKGSGF7B7SOPDZSEIRMR6P7RQ
863,AGFNS5QPENLQSUKU4LVOXPBOVWHA
864,AGSC2RCE2CDFP7L3PQ5MHNCUHDCQ
865,AHBOTD2TJS6YZN3V7GIKZEATHFMQ
866,AH3UBUFCPV3BWHOJVR4ZQAKS7IBA
867,AEKAYMIRMC3P6T4K2B7GOYCOYJ5Q
868,AEKSJ5OVSJ535E2EBWC3WXSOFAIQ
869,AFU4BWZHWLNFOLDLEPGBJZ7L72IQ
870,AHLYF5467QJ3UTAE7RM3EODPPFFQ
871,AHFSMZR7TMSRM4N7S2IU7MLT7SFA
872,AFK7UQKYTJ3QZEN2VBS5BGD6GLCA
873,AGGUG3A2I63ODKHWYXSVEVSGF4RQ
874,AFOIGUO2YJGLSKCABR5GOKAT6AVA
875,AH3GCRKNRGU4P5EWL6S3O7WH5MIQ
876,AEE7ZLAVYEEAOXCVNXROZUFFEX6A
877,AEUQYPWYUMJOC7HQC7PXNQFWR7PQ
878,AH3EAQD5F22BEJ3Y5K7VL44WFCSQ
879,AFRPFGO6SVU3TYQTHBYDHCHQ5G4Q
880,AHKUIERMOHTKHL5E2PLRB7CSQ3EA
881,AHO4RCRORHGDXMVDSSSHUR7SIP2Q
882,AG6UTXCLPSLPHOI2UZGMNQ2PVP3Q
883,AGIEQNVH22SYGDLUCG47OTTZM2NQ
884,AH3P3QVAIRXLJI5PCIFO5Z3BTICA
885,AFXASL3KMDKOYTEXRIKLQ337RL3A
886,AHBCORMC6PUPEU2KVC4GV3YXKU2Q
887,AEABVR6Y7AE6QAAF3HZZ2TDFFH3Q
888,AE3DYVXFXVALUNB5GNTTGSMI5NZQ
889,AEUYMAZN33HDCD3Y5ZKEN3ABY73A
890,AGYXNANVHPHBZE74RCOHZ4BPOMJQ
891,AF423DCHH3PLDDMLQ5V5UYQTZ5RQ
892,AGLZ5YNCYUDGKPPTAJAKUNIG6E3Q
893,AHAJTTSGWRZEZFR7WCGALQ473CSQ
894,AEUPY6JBAR3HQYIYOETHLCKZ3IQA
895,AF4QLWVCJ7FITAEHIVNDPKTGU4RQ
896,AEMH3RO744ZJAWMFJVRITBTH2LZQ
897,AG4YS77N54FFY5LJEG3T4MSGMVAA
898,AGQIECRT4IQTC46AG7AOMYKLOY3Q
899,AFZLNMWPR4NOV3USM2KISFGHBJXQ
900,AGILTWPZMXBXAYSDGMUVCLFFL4TQ
901,AE7BNZK2VFJVGHA7LYQJQAIK4VOQ
902,AEM5FI2QFSPW7EO542WX6YQDH7AA
903,AFJ76HHRRYYJG5EHTQOAZTGCQOAQ
904,AFDVIJEEJDZUCI4RXDZG7TW26PSQ
905,AFZI7U52SIQOOFBFFF72J3I73FFQ
906,AFNTLW5XCPHEL2GJ56QPQV6KRRXA
907,AGWGJ4ZBY7ALHPG4WVHW5M57WUZQ
908,AEHJPY2XE7J7EUKIKVLZLLVF5RTA
909,AEWSFSPC5OFHT3XXKANMTITSNQPA
910,AGAYFWM7KSLR2AQMHGE6ASWUYRQQ
911,AFTQ6HDKWG545FTNFAOPN3WI4RPA
912,AFZD3EZXMSDHI2HH7DHH5MTJQ4GA
913,AGS4GDTNRZBHAQBKJYHAADHIWLVA
914,AHN76IM2RGJ2MLN54XH6F4Y6VKQA
915,AFEBOSWWXFZCS7M6WARMFPEUH6UQ
916,AHPTIENMU2UMBLVB5UBWBRF7TTCA
917,AGJZ2D4GOUW7ZLRRLMPHQ6EZV3AQ
918,AESS7SWI2CNQK3VHBPWF3IV26EEA
919,AE63WDO4NAE6UP3CUWKNZSW7GIZA
920,AHGR64B35B4FBB5C7CNQ47BWJARQ
921,AH4UKQET35EKYLD6BU2CBPMLMSYQ
922,AFP7WV7CYQZHJZRCZ3KLARQH666A
923,AFDHZXDCYNXFIITVFWKXMDALNMKA
924,AEHMP5OY6IDM7TR3QXEM4H4RT4YA
925,AG3J3I2L64JNO2DOA3SPOQYNSBAA
926,AEUK73LJSRJOTGMKYNAC3CYHOX2Q
927,AFO6SFKCN6CZT5LAU32ZTT7YY2TQ
928,AEXE5QRZ3UQJILKILGMY4ZYVMQGA
929,AH2XTH3V2CG3WXNJXDPBQJZKHIIA
930,AH333BXBCH22N2HHEUOA26IQBUTQ
931,AFFECFS2H3H5UYTIQAISHLNQP3OA
932,AF3PLRRBOC3PHWTFPQOJTZPXM5RA
933,AGTF6OHTL2TFHVYL66GFSZHC33PA
934,AE4VOHRPWU7O655FBN4IAHZZP5EA
935,AFLQ3YGHHX37DNEVTUZXSL72AFMA
936,AGYEKSRLW27YNFALE44JDV525BVQ
937,AHWI674DGSFQ5B5552SWMDMGUPIQ
938,AENKYZJNUZFFVL7ONC2XUPZRMYSQ
939,AH3NW57OTOXTFZRSIXQX34XGRHDA
940,AFJ7SYBX24DY6K5KZKWFBYAYB4HQ
941,AGEFKP5CWEWHCKTTGH5ME3MXOMEQ
942,AFTA2SOS3X7HH456YMBTPR7A7V4Q
943,AEMKSRZZ4SR6LGU37ZHG3SSL5YDA
944,AHSGPABIRR3TX6QXAEZ2O4TRGLTA
945,AFBK6IXMRR2TKP2ZPWSJ77OD3CMQ
946,AGJXCWQDDQBAZU3LVSXV3XUIVTMQ
947,AGYJAXTSHUF5YTCQBI6466BPLEEA
948,AGBLE4F2UPZD5OBSMAAAIXXUY54A
949,AHE6WS3ZJMMZV7WGFW4MY6QW2QWQ
950,AHPDRBTADB5ZDQEVQHGNKS7U4JCA
951,AHKTDUAITR52MUS6D3VUUDQN2VLA
952,AGWXK222ZPK64IJ2INSJPARDPPKA
953,AFTRTCLHGL5VXYY4WTZAYUK4DPKQ
954,AGNC6QXC5SQVWOTBPULLZTQ466FQ
955,AGLQULW5QVTLSQPPMIQ5KX7UCDMA
956,AEVM3U44XYJE2EUSCKYOQKZOX2MQ
957,AE57CDM3AC5RWLVQTVWIHVI3RT6A
958,AGIXEVACHKJBPPFUWFNNE33IU6EQ
959,AESQWYQWCDMM2ZURBKIMACERTYTA
960,AFZYTKYVBFEXVUWZNLIIPMLR3RBA
961,AEFD5UUH7EARRMDTT5Y6LAKJCKJA
962,AFEVOQKAYRHDW3K44JAWK7FLPZVA
963,AF4V5MTLA6W6RTPYFM4BTDRQHOYA
964,AFSUUF3PMPSG5UCQWDGA2IF4PMFQ
965,AHQUTNOHUA2YROYK7LFTEWJJRV7A
966,AGZB3XYIA55YF77XKK43ELY2M54A
967,AERMSIWKFWJZZBO7BCH5F2JDJ25A
968,AH33UMBOA67LGKYS2NXOH2UJDVDQ
969,AE454GZ47B2QEXI5HZ5P4D5XHVZQ
970,AG3ZPVQKO7NJKWO6VUKYOU5LHSSA
971,AEGWMCKOPMYKFCBJGYG4O24USIWQ
972,AF3END6XFDJL5PNRM4BGWQF62LAQ
973,AEAB6JG3Y3DCOYH54PALGDBYBIBA
974,AG3TUDH36DI3YQN64JOMQ7QC4R5A
975,AGZ74XCOTCNDW2LDHZU2HYQ2LFRQ
976,AEJRNR3EIOW4PZOCHFA5VHRD3IBQ
977,AHMG42EMKFHGDBGEUNLVDH4B6WKQ
978,AFBUIW2ZUF426TJLKG4OZ5WF2ZVA
979,AF4G4ZJLZC5RWXBGAVYT74Y4774Q
980,AHULNS7OBKZCEDIUIXYNSYUJJSAA
981,AFDU5TX25UVR45N4IK75Y7L5ZVVA
982,AHUUFA244YNEYMURIFXXZ7OCDXTQ
983,AEN55C5USWEXDSL6YHUTRXTJO37Q
984,AGPXT3XUHYPBRJWC752CUEM3DOFQ
985,AGU4ZHAHKZWXRNRD3G6AYNBDA67A
986,AEV66BCQPD37BBQOR6RGLOTK2VOQ
987,AEWHYGIIZFDASJ2HNQWIVMTF24TQ
988,AGAQ5AFDN6CD2IDSPNUP2IICO7YA
989,AGDT5FN3QKNQ53EFMLRR2WVKXSJQ
990,AEDMBZDWFQ6B2AQ7QJUKJ3RCUHMQ
991,AF4TFRZVN4MIK7V6VW55MRU5H74Q
992,AF5A4PMX7OKOJUCCYMPT4QPKVWCQ
993,AGCSHQRXX6N4TA2ZNC5BZHQ6PQYA
994,AEK2QRBH2TGUTTDOG2EXHR7VUR6Q
995,AGWQKKLO3Y5YL5JI2K5YXNL2IN2Q
996,AFLL2JJGISEDLTFPBPE55DYOWZCQ
997,AGIZIH4WMBJKGAEOGHZOMPKHYEWQ
998,AGGXM4RCTQFOR6NZQDAHDVVZ2S4A
999,AFW35IYT4OECW3GVTW5FBTXDDZIQ
1000,AH7WILCJLVJQO3ZR7UYFELK6HUEQ
1001,AETUOFTSCYTHBL65KFVW7FYFM5LQ
1002,AGVZ45MBAKWUG6QCXR7DS5VSTVEA
1003,AGBPCI7ECQ3UFSNOOEH7NTCAJEOQ
1004,AGG2Y35GMCL5WCNTZQC7ST5JPCWA
1005,AHFP3XLEEU2YFWHQRSKGTTRXJ72Q
1006,AE77QB6X6OC5MNTOK4UGKNNEOJZQ
1007,AGCY7NQCMMVF44UUMD4AT5EL3A2Q
1008,AHGF7SXB56RMBYJLCI24QRWJR4HQ
1009,AGDLCAOF55463GYZT62WDCIEHQ7Q
1010,AEUUPKNEDZ7ZJQJH75EBTOFHCXMA
1011,AGOVLQP7CZVBZDBDBAQ6W7CSUARQ
1012,AELQSVXKLNFA6WTG2JX46324YZHA
1013,AGEQQYPZ6SKNJOVIIN63DWNKJO2Q
1014,AGDLZNDI5K6YALFU3NP3O4FURLIA
1015,AFMRBUIQFJ3WMJTESHIA64TGUOQQ
1016,AHIKS4M2RGNUQXDZ3FRFES4PHECA
1017,AFA6WTOV35KRLUKNH3NLZ2WR5RJA
1018,AFQEOO2SWK6QGQEZ6WS6QOJ5L5QQ
1019,AHUHAIZZBKNVUQ6UV5QQMXZ6QSXQ
1020,AGFEPJFKTGG6YUK4RXWCF5NNECDQ
1021,AFYKBP5R5PBKQ4UTHZYTFAD2FGKQ
1022,AFB7QEGNKQRMCBJ3E4YB2CJCIHZA
1023,AFN6AIQ3AV25CJWKQTO7PZAYKJDQ
1024,AEJTLJKUHKTOUNSSPBZXUQ55NE4A
1025,AGKOLB6H6PYQ7W3XEGVALZXRVWAQ
1026,AE6B3L2FGKKUTMBQUPICY4XNQSJA
1027,AEU3YF6EYWO3TVREIMRN35NXG33Q
1028,AHMYGO3NECQRG2JJ3CVINQBIJYNA
1029,AFQS3P7ES2D7Y5PR3SAP6VGGQ4BQ
1030,AFFRY4IHKYY2R5U7SYKMJRYN523A
1031,AERLH2SC37EKSALOLZMZGBEJTGTQ
1032,AG4VFGB4DOSXTP3LOJKBNYE7GO4A
1033,AFE2D5OUWTUUDYII5ZKFWT5KRTIA
1034,AGLWMTL3Y3APL4FPLXJKZ6NSU3LA
1035,AHTJCGCTKYUOWAR6PCR7S342I6KA
1036,AHVIVJ6C3CFX7NR67P345DBUM4LQ
1037,AE6WMI63MD2X4ATGF5WXI3TKNI2Q
1038,AG7GKKHZZXQ7SZ55YA7BNZZBM2AQ
1039,AE5BPPA46TSRIHEX7VWDOMCX2Q7Q
1040,AGN67DTJKCGOJANUVQTZBLDJLIFA
1041,AHFVJSNHMXU2MHXAAS6AAXT7ERYA
1042,AF57CWLTFOB2ZQQXJRFCP7Q5XOIA
1043,AFTL672GJVIMJY2DLI44PB2KMEAQ
1044,AFBYR52WROHHKG27BD5JK7RXVNDQ
1045,AH2VCFHNVBX4JVQLAOB5YAIEWTWQ
1046,AGZXEYY46TLSAJSH3CU427CWDZLQ
1047,AEAS5NCJH2YGMQNZHO4VOR32KSFQ
1048,AEAJRXNEJRSA23UPP5JMYBX3MO2A
1049,AECZSW6BEHM3GUQR5AHJN7ZGONEQ
1050,AGHFZHM4MATVR3PI6L5FDHGGBFGQ
1051,AFNVZMP57XMQWMRB55VQMQD54AXQ
1052,AEEOKJ267PQJXABNCW6UA5ZOXYKQ
1053,AH6JOAVDLO2PKGESVMI2XIX34MZQ
1054,AHFO3U2HJYEPMRV6UXNLVEAWHLAA
1055,AE4XJYGTAA5XFEGYSWLOEHAP2ROQ
1056,AHWR7U4LEDM2M5IWKSESANWKN6KA
1057,AE7PK47ZALKHMYAHOKPE6JZXD5ZA
1058,AHZRSMFMH64FT32MYTTRKGD2526A
1059,AG6FGCKNV3ZIQWDCXY6Y62VIG4GA
1060,AHMJDN27DC26Q7YZ7TABYAXLZCLQ
1061,AGO6BURPOUZJZZW52QDJ2DBI6DCA
1062,AFPIZJ4R5VP5UU4WIT2GVWE3N3OA
1063,AHD3ANISFX2VG27SR752KYCJ5LLQ
1064,AFJHTNM32WMAMTRPHHAB2NNSHXXQ
1065,AGKGYF2VQMMLKEHNTEM423ZUCKDA
1066,AGBX7VJME4SCNKPPC2SNHJAZMGHA
1067,AHX5DCISWBDIQCKDX7HCUUHFSADQ
1068,AEUT77K5Y4O7JGSQBPUIGAFIQTWQ
1069,AHVJIJ7RORTOTAF2DAFE64C5VMYQ
1070,AGMSNBC3BQZ5UMV24S4ZJQD6RBXQ
1071,AFI2KWBJ4M2HDMV2GGEQSIVTMCQQ
1072,AG3UZ3PSKJNHJYZWRPRK4XQ3TNNA
1073,AFZ3SZ6DBKA7Z5ECJS5V5C5I6DJA
1074,AEYGLJ3AKBCWAEC62YU3C56YCL3A
1075,AFGONPCBAR3YFHOOAC3H2AX3JWZQ
1076,AFCNCK5XWKMKL4G7S2YZZXPTXY3A
1077,AHO7NQ4VVQUWBMAPYICFLQ656NNA
1078,AHSVYUXQWUCDGLNHSNB5SQ4RDCVA
1079,AG3UUJT65D6SJRJETE2KXQR5KPSQ
1080,AFHOULCFKV3MSH6QCOKTGMT7QSHQ
1081,AFMBWZVHCWMXW35N2VXJS6XVPXVA
1082,AG3SNM5C66W4LG4EQVMUMD7WI2SA
1083,AFPGWQCKDWGTCIH5IF3IMI7AWXHQ
1084,AEZNJRR4C7UHWXF3CWOIS7SZBHLA
1085,AETYV5XRAPNFIJQE6AZZZZWU7PNA
1086,AFBRDL3G63M6E4CUABXGKH5II3GA
1087,AHXO7MEQ7P2VIIYA4IRSZFWV6ECQ
1088,AHGUROD4UIIRIDPFY5DSDPLU6USQ
1089,AEP4MXVJEFW6MWPKGKTHBWYM32HQ
1090,AE7FHBCDF453T5NLZO4EHUOFS3JA
1091,AFOQ2LL2Q27I6DKVPGEF5XO54RGQ
1092,AFTAMZBE5Z4OPERZV5R4ZY7WWDNQ
1093,AHZOBZXOQTAIJ7PDVNUP22R44GLA
1094,AEGMCPQNZGW5F7SFIIZBHA4GUHDA
1095,AFGLVO6GCIM64BCYHINB56ESYPGA
1096,AHJRRZUWVBHWR4XZW5LIGEPS6D2A
1097,AGOHSWW7UDHWUB4DCEPMGV4CINSQ
1098,AEZI247EW633U5KGHMA5IBC7TIOQ
1099,AHZ6SSISBAJCGGN3ZY3AAJIPWS5Q
1100,AEBEZQK2F72QS4RQW5C3CONJPLPQ
1101,AGVINVN4GYYMPSA2SADV3ULMKLYA
1102,AFIJH3GN462UNVMWDKSDPAITERUQ
1103,AHKGOJCTFHEEE7YW5S56OKVAKVWA
1104,AFF3TOMTEV72VMP6WNEFILMAWCGQ
1105,AH2WQM75QJOO7XPFQG4D4F2DPQCQ
1106,AHNHUKKA75EUV6JQLUJVHHNASSHQ
1107,AEGN74AVZ6QOY4MDSNKJJXDSV6PQ
1108,AGSUGL2OZQGC6JGBK75XW5RLPKVQ
1109,AEHNNUCQHESX55QZ2W462J72HOFQ
1110,AHTWDN4PJNCPBDDDBYP77V7APNYQ
1111,AHJ3TF5GTXE5OPYZUGXIJQWEFV7A
1112,AGKO5QREADF2QHBYSDHVNX4B6L6A
1113,AFE2ICGH7CHLPFSV2UCRO3IJRSAQ
1114,AGHJXCVFUDGP2ACRCWMZDNMB532Q
1115,AFNCO6LDEDPBIDVBWH3XQJIPCVNQ
1116,AEI3ZFSR3U2GY3Y7ZV73LJE7QCDA
1117,AGFZWH6OXMQEPP2CUY4WKYTBFMTQ
1118,AEA7EUCRUR7ENLJ42CFV6XZRXWGQ
1119,AFWXP6RRYIPZ3EAM53VOUH3UDTCA
1120,AHMQQ25Q2LO3C5EU6B5DA6PA5H5Q
1121,AF4VGAEIEW3BNNU3DTYTUA3BD4IQ
1122,AFPCPTB2SUT6T2SNIS6CJ6VX5IDQ
1123,AF6ZRCWM644AXXTFOEWBVFAJ3NCQ
1124,AEYMPAR5GZVH67YOJT36T75BV7OQ
1125,AHQ6HLBLEIYMOIDBPBLJQZJSXWDQ
1126,AHL7PKC4ZJHX7EZRHPKZXLCQACVA
1127,AGBLK3IHWXQUD427AXEGB2CC4FWA
1128,AEOEOKIAD3DUP3BFD23BCEAG5OAQ
1129,AFFQVH26TFGWQJFIS2ILQWIM7DEA
1130,AGMVJEK7UIBTJXMSJ422JCZNQRQA
1131,AFWW7CCLFG2SGXINTBYGWHA3BHVQ
1132,AHFL2V5WVBVULG4SYILII5A2DEYA
1133,AEPPS7UOAIER6FXOFEQNWO3INXBA
1134,AH6CZK2ENZOADAGE7CUDUM36ZXBQ
1135,AF54VPEL4WUWRMPT2FTSBWZSPDQQ
1136,AEYRMMYKYPHH7LO4WKQIAJS3JP4Q
1137,AE46BI67Z47F2BP5EDVQXVYLNMIA
1138,AEDEBWGE5HBZNXKUTGA6KKC7LKHQ
1139,AFJZBUHPJNLPEVBBN7VQ5LROYAWA
1140,AGXKGJS2RCVR35RXKXU7WWDXWYPA
1141,AEKCCQXQB2MLDCV6DUFIRVSTQGLA
1142,AF4SLCYM2SINF55VGV6V7BIDZAFA
1143,AGB7SMTRAX7NIPJKSLYLGP3QLYAA
1144,AGPPI3BX2KRLWRUH5Z3OO7MB6GHA
1145,AGFNVU2DPCV7QH5CJJYUNC5X4CVQ
1146,AHPWFLVO6JB3KR6PKXQVCXGDTTDQ
1147,AHX2DT3I4FBUIZPAO63IWS7HGYMA
1148,AEPYHGHWYEZOKFYK2IYFYHJK6GYA
1149,AFHTMJLDTSBIBORR5GW4K6ITIEFA
1150,AETMMJEWWZZ4PEUWSXNSDLS7G52Q
1151,AFP3WVGETHQNUIXG5RYTOQOMTVVA
1152,AHQDA5BMDRM4Y5CENANFFQBMTYRA
1153,AGVODN55PNNL7ADBSO7QEGWZPXAQ
1154,AEXTURLGAH7COHODDYIYVXWBIKXA
1155,AHY5ISJGPTCK22YIQOMEFEUAGNKQ
1156,AFEHZFYPJBTBV7KYFKF3VQAWGUPQ
1157,AHC766N6VNM5F6VYYNPHGUVS3FNQ
1158,AGL6E3FQEGTHE7OLUJQO4ZGCDWBQ
1159,AG6D5RDB7C3EQ2CSWXNIV2T2RPWQ
1160,AFD4EE3GYEDGISDKLOK2XCAQY6SQ
1161,AHIBYO2Z3OVNQKWCNPS52CRSX5BQ
1162,AG4QMSVMKYBN7KMNYDJNSD42SZTQ
1163,AH5PJVP6ECVV7ZA5CMUO5EJ2D23A
1164,AHBC42HH5YVEYRCTZ5ANVMFIDZIQ
1165,AEFO7UY6BOCPO2X66PT5E7EIHJOA
1166,AGP63BYKVRCZSVIWHGTUCU2JS7HQ
1167,AEKABMAF4CIVNV66QVT4YB355JOQ
1168,AHUGW7ICGASA5W2CTOMTMHUQQEBA
1169,AFGOHN5SF7YB23F2VAAT6J5RDT6Q
1170,AFW4GOVTTE77CMQEIGI6GNSTPAPQ
1171,AETYSFLFBNI2QLM2TYO4IDXMQ2LQ
1172,AEQQ3RFIT4LQH4IHVWU7WCPVY35Q
1173,AH3Z7T2ETFT7EEQKKZBSRYZSJLZA
1174,AH572G5BYS6ZMMVSKNQAPLJGSPOA
1175,AGIJBTRGX6ZCXJO3LLJADT4FZW7Q
1176,AFEH3AAM3LP57YBDTTCOL7DIEKHQ
1177,AH4YGHGJI54RKD4WOE3U2JQDISRA
1178,AETWN667O7GRGIWIHYYBNTOWSRUQ
1179,AG3TOMMBIVRE55RT4ACAIEVC544Q
1180,AEBP7WQ4B7NBNSLVWOLVAWUTJOQQ
1181,AHEUWOZLN6MMPJ3YN36ZXFF2BLFQ
1182,AGS7JPUOU6ZBEYD5VLYIXYSWKSJQ
1183,AHY3W6EXMLMKV7JWYY3G3A6U2K3Q
1184,AHEV63WJTEGWC5QWCOQSG3GTGBEQ
1185,AHTP5A6E4WC3V6EIBSGR3RZGLVTA
1186,AHINH2BGQB2SIIH5XZOSG4HV2SGA
1187,AH3ALO76IPIVWQ25AYIZ2NVQL77A
1188,AHVHVRUYUTJBAHIA7GAIHM7BZPGA
1189,AEOTVPYGTCZTFIZUPIUQ65GVPSSQ
1190,AGVVIY2ZXB5R2RU7GPMFYNWQLYBQ
1191,AGNT5PMMRZQ3V54PVDB7K4UD4O5Q
1192,AGNOVC6Z4NNNQPU6HDUBGGU3DPJQ
1193,AHCCBOZ7PETHNJSBJECYIQNZQRIQ
1194,AENVZYJX73JMFAJE5FKDWDY46P4A
1195,AF4I7UVMEP6J4T2GYJDXICHNZTSQ
1196,AEIGGXILRZMZW4ARCVYXJCWWXZWQ
1197,AETKDUNLEA2K6FSQI4KFCO6OOGHA
1198,AGIBGU64P7PPEYE4E5NA3WMFCJIA
1199,AFQFDI6NK2AK5GG42YEYE4IRKOMA
1200,AFKOAGRXUI3DYBUPNQF2NT3JME6Q
1201,AE2BZ4WFWNJETM2WZYCCRQMA3ZFQ
1202,AE4A56CBHTS6WJ4PWDH5HMGBWOSA
1203,AGUYFU3JAVNR6KNKZY2PTK3NRQDA
1204,AGQRIRSDWGYN36DIUDU5H2OVZPNQ
1205,AHNX6OOWXUGXRX7TE2QC4PLYYWLA
1206,AELZFPJNCIO4NI7N26LQDHHQOEIA
1207,AFKPS7ZE5SWMMGJFTZTAS476KMGA
1208,AE5GDLPV6PLMD3O5PBEHD56QUB6A
1209,AFTW4ZDJJ32ZXQSUI4Y7GEHGEG2Q
1210,AHUUOKPGIHHHYO75YWV4CMGKEQJQ
1211,AHXHR6TPBP5TOHZXEGUE5DWNEUPA
1212,AHVF5OOGTUTLG4GWK6AIKVVRMQMA
1213,AGMYKDO433C5VAZBCP3H6XIZFALQ
1214,AFGUP47CK2BORCTG6FBCCW436NMA
1215,AGDNZA4CDKNDYQZ6XTMU6PJ5TV2A
1216,AEKBCPBH6FYJC3B2BQGDPKRGL5UQ
1217,AFZSJ7BK67K5WXTZXEOBDP6NAMWQ
1218,AGBKTGWHJHMZSLHSSFGJP2ESDC6A
1219,AH7IKJ4GUZQHVZVPFQGXTJYKNTQA
1220,AF4X5CPBBHI72HXX2USCFALZEP4A
1221,AGLJQ2SLP4UTADUOKFU2SKFXLQIQ
1222,AEI2ACIF6LQ67YRLGVMTF2ELRR5A
1223,AGNF5YO2MOB6D7AH67MN46ZF5LGA
1224,AFH2LHUH6FZLHS5IOL2DOMUT7NAA
1225,AHAIRXLSA4ZF6EHFEMQQGJWYOWFA
1226,AEGLXNAULK6ISKQ5336WOGK5CAQQ
1227,AG4HAHNZXAWL36V6AANXQ2BVHJGQ
1228,AFIF2KCZVSHUYB6CCHMRODESFUGA
1229,AFGU5Y3BP7BGNHRY4DVVPV76WJCQ
1230,AFBZ5XHEKIRLBOYN4KQRLZZR255A
1231,AHFXDCSKXXKOFPKRJKBYCYIUOXKQ
1232,AFH32US4ORDL62DNEBAAIKYL7GTA
1233,AGYV5DNS3DHC4TMRWIH2JA5XBB4Q
1234,AHSZWWW3NNSS2IG3FLCSVUBX5UMQ
1235,AEZAXXJN7JF5DKBD6K3LZXUX6TNA
1236,AHLX6VKDENYZHXSEZH455FS62TOQ
1237,AEQQOVDIIUGNLQWCSV6RGHY75SHQ
1238,AEDZYKF2OEDSXR7ITPXBZ2LAC4JA
1239,AHKU6FOVM5AVOB7OAY2ZEILTNXHA
1240,AHYLOAB2XAHIFMLDWXTCYAG4VVPA
1241,AEDVTJKXZJUEBPVCQKELTG5R6CLA
1242,AEUDEBOVXXSSFMUXSDBI2YXZTAWA
1243,AFYRL47OQKQKVVYWT4XP7672GKNA
1244,AFCCBWDX7DFPOY7INX5YTM4GV7IA
1245,AHOPAIVL2537SB45UQMYFRAS35IQ
1246,AHEKRNZ3VPP63YKWQBRCASRWDT7A
1247,AHE6W7FDGBQ2BQSF3JXOBXEX6I5Q
1248,AGKICLQ45JCIO6VO27DTQ6OSPWCA
1249,AGBXU67ZV6NJSMSDQ4IE5CU5H4AA
1250,AGVYHJZZQZVZTOLICOK4DJBQCLRA
1251,AHBWJLJC7NP7JFEV6YGX7FA32RBA
1252,AGGXDZVZHDP52GEPIFEUPJYJN4YA
1253,AHMPXAURT2RP3C7ZGW2KTBKOQWRQ
1254,AGGNLBLVJAUJE2RHNOCFNVJXJQ4A
1255,AEJ5PHEAZUGIO6MIYUAR5GI4XCZQ
1256,AGEYIQSNQ2SHAB6RAGZLNRGXHW4A
1257,AFTSPEZC3RYARN6SVKDRCQWNWBTA
1258,AFYLGQWK4K6T6OHKQU4IKK2B65NA
1259,AGGVXJZKMMTEXNY2XO3CDIK4YEYA
1260,AEGQM2USL2JD4K5HWUBPBXSFIVXQ
1261,AGT5BQUPZSL5JLPAJLJIOS7VE7TQ
1262,AGX5QXGZFJIW2IBU7YO6OMS2NE2A
1263,AH2B4VA7YNINLBNOU2SHOBYP4YAA
1264,AGRY7M4TRQGEZ7U5VAYXEAAFMGKA
1265,AFSQ2P5BKSJXSIZ6DGH66L6AYI2Q
1266,AFGMNJZEJ5L4PNYJT4UYINDIJ6BQ
1267,AEPR5HAWWZNS64I2MT76BUNIQJ2A
1268,AHWV43PCZXJ5IQCYKSJWDBEP4GMA
1269,AGKPGEXPFWZRUUBCNBZ33RS3HBWQ
1270,AGGJFUGMFSNAK6LUJYIUHKPGKQEA
1271,AGA6OW7HJMGBQJLF5ER4Z3ENHYAA
1272,AH2ON66R6WX4VVRXLL7PTZWEUZPA
1273,AE3MUMBUJSJ76MUNTLI3CMADPDYA
1274,AEXRB7UWB3QGFGCGPBJYWXERGXRA
1275,AGD4ZV633UFX4J7DNXJTM3IAOX5A
1276,AHPUGNEFY22BFEHBYCTKVCPHQM2Q
1277,AGKX3XP2FFFA4NCTDUEJRF7YITBQ
1278,AGBFPWDAGP7ZNRTHUR6CHX3EKIUQ
1279,AHKAM37UCQENZCFT3X4X6GOQNBSQ
1280,AH4CK6HEHM6TBYFQKFMMEZKW27TA
1281,AEPYGPZLC5TTUGY2PA6KW67P2GNA
1282,AEVQPBS4LWXCAF5A2YFN63KABANQ
1283,AEPXYXM3F33SXP6U4GSXHCBLBWXQ
1284,AG72WCBX57FR2J5LWUT55I7KFZMQ
1285,AF66ENJHDB5KLF2NMN4TLIMAR2BQ
1286,AE3TGQWQXIJL7NI75VF2UOIRGE2A
1287,AEKBCZNETD3ZBF3ZESVOJ4HKCOCA
1288,AGQ4Y4FFKJCH3C7YHNSIOITVICPQ
1289,AHKWLKE4EU2YF3CKWXELN3KFH2WQ
1290,AH3G2R77WPSARRO25BLZMTXD2QFA
1291,AHYZ6X7VMULSN3UMJYFC6JMEXQ3Q
1292,AHZGRJI26OU5OJOLJHJ2DS4PFY4A
1293,AFF66WR5FZI47RZK4SDFIMGYNH7Q
1294,AFTMRR7FWHQG36DEY5NEU2R5UYQQ
1295,AE5BJLTT364AQ4PIR7OAKESYSMFQ
1296,AF6OCCJQGZ6UO7SQ4PNVQ33KRNEQ
1297,AFRNXRXVKT6IWH77I6LHJG4MK4EA
1298,AHBKWCH6QXMGWFNZXBX6FCU6T4PQ
1299,AGFF4BQRVGWPXMWUAM5CJJAWDX6Q
1300,AECUE2ZCUJMAQ5RBN2NM7HDVVJ7Q
1301,AFE3ZDQ2NKUOG6DJXDWP7LUKDCWA
1302,AF6TK62HMQUZR7KO54EM2UDEWD3Q
1303,AHNZ4XJJFINI3UL3A4GCE52HWPXQ
1304,AH3R32XH5MSWCLQPLPTIXZ2JEVUA
1305,AGBBBUJGQJ2EMT2QQ2LEEMVKRVAA
1306,AEBSFJ2C5JFXYU4FNRAM52UEXGDQ
1307,AGVTUL6ULVWTADHMRNXG6E7AFWCA
1308,AFIEMTOVK2566XGAWBKJSIIPTCJQ
1309,AFZI2HR43CRADKA4VP24AFOKB3VA
1310,AFBWY6BYGKSAM5LCCIWDZBPVSVHA
1311,AGG6TMLJFVP3XYJKBJ5CYJ2PYK6Q
1312,AHTY6XTDPM5W2765GHNDM2ZL3K6A
1313,AGBYOQWGIC7GDFWTRIB6QDFJCQHQ
1314,AEYYPY5UDTCNIQ44NOUC3TDGFW7Q
1315,AEQOLCT4LFHIVJZYLB7NXBZEJUVA
1316,AHTW6HSWDEEA6OOWKVCWQZJSKFFQ
1317,AFA5HAVYYYXE6UENKCPNCC4MUTGA
1318,AHQ7PEXJP4CDJGCLWBRYPN2BPLIQ
1319,AHK7WYKB5EKPUCIHS5756O6F3B2Q
1320,AEZF6H5GK4NPJT3YXEYFODNT5O7Q
1321,AEVLO2M3BEQJKEUYBWSWLSIGOLDQ
1322,AEOYUEAYYHSAV6KZVL6OIWR24QQQ
1323,AERSQ7RMZ2AUYYHDSIRW6L75EEHA
1324,AE6IN63A3V7SKPH7JI4F2VSHTKWA
1325,AEKX6G4T4P2ODJ6ES6ZJOQLVF53Q
1326,AFJZ4HJ3T333EWUUPAPY43NRLOKA
1327,AGQUKFMAWTU2XQEACP26D7WHMJ4Q
1328,AE62ZU2B3TJ4LXUBVCXJUFPCT4IQ
1329,AGKQ2TRLUWJJIAYYIVXTZTYUWZGA
1330,AH2FY7EOKO3AZD7FU2ZZVUCRIQRQ
1331,AHSKGKPXSVS4GLPG5PVDEWO2DH7A
1332,AFWFD7Y7JMCIX6SADUNV2M6STMGA
1333,AHA2PQ6LYALSTFKGNTRVU2G4CO5Q
1334,AFEDVAAUMO4OTJTF2WA5OFZ3ECVA
1335,AGOOCKWHPI6FEKXNXXWYOJ3U3OFA
1336,AFLCBD3KAATRJZX27Q7JGU2NHCSQ
1337,AFPBOUK3U3ZY2TCRWVMDDVPMZ5TQ
1338,AGWOEHGVFWMCM7YWMEUK7BK32IIA
1339,AEKTY2AUW5WYJ5MSEBXTFQFHXKAA
1340,AEIFTWMZXBYHSTMWZXNYS3RKFMCA
1341,AHGHLYEYIYR6XPAMVYVOX5IZQPJQ
1342,AFHSOFB2OQTMX64FKUO42V5KTO6A
1343,AG56OJBG3LR6Z2J7TB2TO257GNEQ
1344,AEAKS7LSH36HL3C4TAL5XTI7DHNA
1345,AHPBCFHDUWUSKCDNLBAGYKXZEPCA
1346,AGMYB3ZNHT575WJJFJ5QM755YKYA
1347,AH6V5VTGV34KLUIHNVMPSXZUU2TQ
1348,AECPZWP56EN2QPPOQFQLXI3CWGFQ
1349,AH3S3OXONXNYPE5LHXWRFCHHRZYQ
1350,AF3LRX24JCMCP5FSV3CKXKQBDPWA
1351,AGSPHZRMIPGOQVXOR5MHXONROU3Q
1352,AGI3AUQF5VJ2OBEQT6KEFNVHA57Q
1353,AG3PQZ6VKCE3HOAUNHTFQMGSQKWQ
1354,AGMCRWXJI2KSKWATSV3WJ23GTB2A
1355,AGCABHFDRWO622F3BJLZV6QWGBRA
1356,AF6HRBPWXXNELVIU4RPUZ4LH3GPQ
1357,AFTXPXXCLWNY6JT2NMDGZC2CC47Q
1358,AHHUOQLKNYWSP2QFGFW5APTPSVMQ
1359,AFSBU65AT2JCLRCCVB3KZNJAHJFQ
1360,AFVZCRFLKKEIREHL3AB6CRZVA7GA
1361,AFGW3NFFRNYOA65WJ27OFLAU3EWQ
1362,AFE6GT3FTFQR3III4HUTZY5FBYSQ
1363,AGRQ56WAI2QSHOYEOCICOQSA7ZBQ
1364,AG3QPT6XXHWPA6BFADE5XSVAVYOA
1365,AHP5SPHEZBTTAKSOCFTPR3O5DMFA
1366,AFETP4CS4HYWSETX2WKSLBXNEQLA
1367,AEGR7RBOXTQTJ5HXPC65RFGRHACA
1368,AEQOCY6IIG73FQ7WBQLHTU7K457A
1369,AFPTUED3SC7DBQTBW4QBWYMB2M3Q
1370,AHWHPOQC4UKETTN5ETZETUKHRFBQ
1371,AFVWGF4RGOP3A7VO6OHITUMEOLXA
1372,AHNGTESE2NB2BMFZPRIKSBH4WJHA
1373,AEGNTAER3LO2RPYYVHZD3XMKP2GA
1374,AFE7FCAJBYOACYLZ6WQQCQVFAGFA
1375,AHJPBWGKMUZ76D7GX2653FXYYBMA
1376,AE5DH5Z5KFQVOQEYXWIT2UM2BIZQ
1377,AF2IWDE4STUFTPALPRND55M7WEIQ
1378,AHEADQPS6XHZ7JREOMCF6JPF4N2Q
1379,AGLI4SG7DPOMIOJ5FJV6NJSCM43A
1380,AFZL7YTRCA6UILKK2LOLRYYFEJOQ
1381,AENAU2PKPRZ5VRVQHBJF7U66GMOA
1382,AH2KDCK2UMAFSXASMIO2MZ7LVMDA
1383,AHV3OD6SRRHOYON2HQQVFMN5HQIQ
1384,AE7LXJR26A3Z5NHLHLMIT35AUBCA
1385,AH2CZEXE2KEIR426HD4X3FCNKU4A
1386,AFWYGS3PFCQRL7BM2RT2EMNDVMFA
1387,AEIXHXUBYFOJ4FU3IS4GF4SKDDVQ
1388,AHBSJXHYXH5UXCHPCYNBRH3LZ5OA
1389,AFQSZ6353RGXQOPFQTYKIFJD5M6A
1390,AH32OHKRWLO64WKKXMMJ6HXBOWHA
1391,AHSJXUPP4ASZWV5SJNEKCW545NPA
1392,AFKCYYOEYVVXW7G6N7QZJYGPSKHQ
1393,AHBNIHGUWS4NMVXKV4TAAUOFUB6Q
1394,AGUEXNREWDBR4VOM7P4I7A732W5A
1395,AG3L5BBL37MNXMKTVRR6JSGZKAPA
1396,AGEC6MQ3BSMANKJT7OJDD5XU3C3Q
1397,AHFN5WRKVLTG2BIQ55GCFBCRBMOQ
1398,AF7ISGN5DLKGD7KCR32AXBMIJKMA
1399,AGAPSLJIV5Y6FFO73M6WYWGQUVDQ
1400,AGUYS77ZVIYZRDW7OKWQAMMIBORA
1401,AFTZOWRBNRA5LGLRTO3GTNDXVGGQ
1402,AHISNDC5Y3LCKXINUYVHOMPUYU7A
1403,AG3ZTWATV6B6UNYFH2F6L76UKVQQ
1404,AF7N5UIBDHG3L7R5BKCA5Z7XRR3A
1405,AFUJXXNF4JIFMXVPAZCBCK4GSA7Q
1406,AFXENFTN22SF3GYZNHKKE3TG63ZQ
1407,AE536CDDWUDDELKRZBUOIHSFK5QQ
1408,AHJRBLWLABVN7E6QO6LVG7WEXECA
1409,AH7ISKRZOVE6CQ3YHTNTROKNJ3SA
1410,AHQJGJBLXJ7ZSUSWSAFTWFBINB3A
1411,AFXCOQLBO3E6UH4TWNNTYPAMF3EA
1412,AHNNFBRTZNZRTLND3NKO2K4FYHYA
1413,AFM2FFWIJPUVETOINWNQCURDVAKA
1414,AH3JZCQDOPG2RWJ4TFE3VF4YD5XQ
1415,AEUOFYXXMLRLU5AYPDYOT6EZ5UHA
1416,AHF6YSPIS4K77AEFZWBVBECOJQ5Q
1417,AHS3W7HS4U5LZ5WUFZ7BUHPCLUXA
1418,AHD4JRO7SVXFPGHCPHUPNVPADOGA
1419,AGDAZ37JEXOMGEL2DE4QKKI7KT7Q
1420,AGOZ7PIG5DKOROFVWV3HVM4UNUZQ
1421,AFJDKB6ME4LALBBMH5DXP3WQJRCQ
1422,AGAPDLV3K2BYWZQFQ5QXCDXL3DEA
1423,AHUWNSZGQB5SQDAPYNMUVCT4I5PA
1424,AFIRY2MPIYHG2ECV5R33ZBU35GUQ
1425,AFA5XZ462ULIHJWFN3YKQM54AO5A
1426,AFCVJK6YNM45CHGKXH3PABOPWO7Q
1427,AGPA2ZQUJYLWYO3SN4ZODHXXDW2A
1428,AHTGV76N4POGUMOX5QEFBTP22XKA
1429,AF4AKOPLX6RRBYMYVIZMEIAYVYGQ
1430,AFEQT2LJU7XB7AH7PVDGCR2FPQEA
1431,AFTVEGGKMVWNAFDIMKUMAEEE2ENA
1432,AFV5L4YTSZOZ6ZGU3DVAM3544MIA
1433,AEKPEIOZEJQT2CADDKALGDEPS5BA
1434,AFDCKWYBAHEQU73DTDQBPVYA2KBQ
1435,AHFPTUZQ7A7BQ56UH5S5A4UD7R5Q
1436,AGWEGVY6O73OEWBRGG3QFZ6DHOPQ
1437,AH3RFHDQ3VNJ2QDVYWVB4EXY3U2A
1438,AFWD3DMD65MO6TNQ3L5FIHRNOKQQ
1439,AGCBH6NGW32FKNCA7SYHS7A5GO5Q
1440,AEJALJ7HUFMQHIU66JNVJYB7WCQA
1441,AENSDIZQR4I7X7KMBF7YPX2RZRBQ
1442,AF3PM2Y63LCI3JPYFEJMZDWIS52Q
1443,AG7ELMD6RBTRROUC77U3GZAJF24A
1444,AHCS2FO4HKOJ6NBTGXONHDSZ7PHQ
1445,AHHBL6SRBAJVXCK5QKW7MF2SPOSA
1446,AER7W3CMC7FOQRNVV7LKHNAIN2MA
1447,AF7M2GU335UTSPSTFU25F4IZAJIA
1448,AEIUKABZ5XXBKRC4J43SLULSRAMQ
1449,AGLRDNRB6XDZ4WJUPJQ6RIYFXLFQ
1450,AGE6MQQPAV67LMM25IZEMDVEH3YA
1451,AF4RQSQY5IIP4SKF5QGWQ6YENPJA
1452,AGNDSKGDI2SENYAXUYEPUUFIZYVA
1453,AGMCVK7OJ6LSZN5AH6KB2U6276JA
1454,AGWYMMLIILX57W52FRV6KOASIPEQ
1455,AH7CUQKRCM7RFBI2R5KBLDDVTCWA
1456,AETDQTZH7BESW7BB5DPMU2JAKJQA
1457,AFXF6V5G5WNYHMA7IDFENAZTTORQ
1458,AEARP7U5S5WRPGTWQHUYFARV3SJA
1459,AHNYNFST7SXRSHVKUAMX5JLQL7WQ
1460,AFE7QH6G6O25KY6NIK2FKAW4TX2Q
1461,AE5UHBRECEQSJDQA4MMVAHQVVMMA
1462,AGGJJSDPF3IJVWEXDZOBJZ7OBHNA
1463,AFMYL3BIECWDG46UJS4HLE6SOYRA
1464,AF6THB3Q2YAWJISMCAXGQR7R4E5Q
1465,AFIR4YRPUZ2ZYW3L6JOPB3B4TRWA
1466,AEESFN2DVNGOD4U7ZPR2ANEJMSSA
1467,AF4XMJRUYWXJ7Y3UOFZTDGHCLK3Q
1468,AEJSRQXOZVARXUEG524PBXZ26B2A
1469,AGRENQZAQFZ75Z4HD7M63TDYF7AQ
1470,AHZK73CI3XPBXBBBUQITFMCSEX2Q
1471,AGF3TK4DDLBFOYMETS2JS33RH7LQ
1472,AHBWYN4U4MQWN65I34ZJMRC44G5A
1473,AGNJVCWNU62KHYWABGVBMQA3ZJ3Q
1474,AGY32VWZZA7JHJNHKIEA6TWTSD7Q
1475,AG6TVLCZMHEXBREYORQWM6T6TETA
1476,AHX2K6F4WOAJRUQZNR5CTFPRZPUQ
1477,AFLF5DGS4SEN67LIAXZPPMSSORYQ
1478,AFIH7PTVPHLHQWGZFMPOVZJAVQNQ
1479,AGZ2P5VXK2C4TVW4EPRS7MNI6RAQ
1480,AFBTYY7JZ5CS67N4G3L7RKIKWOCQ
1481,AGC4KW6ZNVMJJYRZO4I7FPKTSKGQ
1482,AFEEXMYLWAFWYBXXIFTWFA4BZVZA
1483,AG2LC76ZZ5ETNNS33NJO6IZG2VZA
1484,AF5IN6JAN7RJGDOGAYXVRACIRRIA
1485,AFMZL2Q7HPFGHJG6MS3PYTYNHSCQ
1486,AHU7MAAKWVRWIXRYIG25E2OIKDVQ
1487,AE5QA2MVSRTXMAGRVGWCW34O26AA
1488,AHWWJKNHEZHBEAAD7MOZMCHGNU2Q
1489,AGLZ3P2RZ6L7LKDHSMWKSCZDKHPQ
1490,AFKPWW7BTFR2JZ7XUJ6UHOLBEKDA
1491,AFHZN74FKPIASMISP7HE7XR4BPDA
1492,AE7TVDBSJ7IMES5BVDX5Z7QDM5OA
1493,AHCWE5UNOOSEKLETKNHJJHT4N5UA
1494,AGVNUIFDMIE5BMOAHJZI3ODOR3RQ
1495,AECV2FFGPWWWOHLIEB4IMUXDHX7Q
1496,AHUC7HUU3GVZJXBRWBOEARUWWMVQ
1497,AHBXU5ZGZN6P67XIYLPIWGEZKEOQ
1498,AH7ZRLLFRFL7FM7Z62AXWJYMM3KA
1499,AEL2BOXAC6N6XXDWUMXZ6HAOPLBQ
1500,AHEAIPDK5GSAJYUHXCX2QOUXNURA
1501,AHC6EPLMMGM6SAMEZYR5YTQ33VPQ
1502,AG2G2KRNISEHNH4BHNFKEPXEB7VQ
1503,AHONXNPEL5IRBB5GW3JX7GAPMBSQ
1504,AHZCG7CLKZ6365NPO3ZZOPAWSLVA
1505,AGHULSXQBX4BR4DDN4JA3FPMXGEA
1506,AEVY7ONMGQOMKJMH4SDFWGXOKPGA
1507,AFWMGRV6O2L5VC7PSN35FVO2WPNQ
1508,AEGXENTXMSMD4NYI3OBSBJPERVFA
1509,AE5P7FXNNJG3SUQ6B7ES4DNLJ35A
1510,AGHYLADAHAQEJZHAUJM6W6CS4DGA
1511,AHZ3D7R677BSWCMB4JH4LMWRY55Q
1512,AFX4ZD3CAY4T4PDAWPYHO45JJGZQ
1513,AHW47UDG3VOE676Z73PH3AFT6UDQ
1514,AGPF3JQ5567LDHCGN3H2Z4A2T55Q
1515,AHBBZ2E2UGD3QKU4K2UULT2J2CMA
1516,AGAJI67K2P7CCDRADLBJEOLBQWOA
1517,AFFGDLXAXIDDUQ3UFRPFQ76IMWIQ
1518,AHLMNEFIJ7KESTCYCT6IMMIYUMPQ
1519,AF6AXGGWA36QK7H3EC7WV5QLPQ6Q
1520,AHO4VDU6BTZDEPV2GBLOCHUMH5UQ
1521,AFJVZ6I4OQRRGFZSFZVPXHKUF5WA
1522,AFZQJHCPBRSFHRL4N3H4BEXUMCDA
1523,AHUFR5WUU5MNB7Y5VTVMVRBDIUTA
1524,AE2FU7N6P3S2VACPCTPEBXST32GA
1525,AHPRCDIRL4LGX2IW2TGADKU22TMA
1526,AFVPNH3OGOURD5XNVUYPERLBAB2Q
1527,AGVMRX7NIUJ3DZ3OHUNZ2WZ7DYEQ
1528,AEATZ4MMRAYFTXNMOLIUNIAVH33A
1529,AF3WL7UWYAVOGQD42SBTLXZF6HBA
1530,AGK55WV6AWJCCMHTWJLI2LBOG4IA
1531,AH2MQ55KLBNLUW45NJIZ5THUR7OA
1532,AE4TT2F4CAGD7VQUIDZONPNBET2Q
1533,AFXQT2G7BUXKY5GYTEPXDY35VCWA
1534,AHSDR45WVTHNSNLJH7ZZC7EOWQYQ
1535,AFDLIMETRVNVXFPTJ7MPQSLYAZ6Q
1536,AEL2RVLQ3H54I4YA7TFL5IBOEOXQ
1537,AHB4OJOK4FHSM3AHO3ARVJWSMB4A
1538,AGVLBV7LOSV353RYKVJQLBCTQPEQ
1539,AEV6EXAEOEO5HK2ZE4P7SZGXIW3Q
1540,AHPOK233VTZB4ELB2NQ3S7PIRHPA
1541,AECNUFQVYBB6ND3BUXTJREC4ZXXQ
1542,AERE2VD5UHWF3G7E754HDDP6MEGA
1543,AESNDCTXW2ZCBVZ3UPJOZUHLRHFQ
1544,AHPAONLDMFPXSUFEE3WTQNCJXBAQ
1545,AF2DB4ERWDVHTACWCXGYEFWC2MSQ
1546,AG52KDFZUP4623KD5P6LGKLN7MEA
1547,AEN3L5AKZLEQVL3TPHND2CYGV3UQ
1548,AEVN4WTHBYAMZFBQLX7GF5XRIKCQ
1549,AEC4JPVWKQYO2RSX6O6DPMXCARMQ
1550,AGWE4J3W6WTUWCNIANIAQSSLSGLQ
1551,AGMTNDTKPHE52HMQPESRYRBS3ENA
1552,AEVG64CTKMU2FTS3NSS73PLDETTQ
1553,AHJYAF7DW6TRXQ7RZ2DLAXILRH4Q
1554,AHMC4QMTFQXBKJQH5M65JJGNOH2Q
1555,AFIOYTCHHMKSZ5M6ZKZQPJ6RSZNA
1556,AEXU5ZQI5F4Q3IYNE3E63OSFCRDA
1557,AF7XMXTA4BOA5WIENQSEMTOBNZXQ
1558,AGYH7UCNNG3JKAW5ZZOJUZYD2QBQ
1559,AFCENJZDD4AST4OLVYPVJUQMZJSA
1560,AF4AKODNBJW7MMIUADE6HX7O2Y5A
1561,AHBOGGLR7ZVKSJB2ZXT5JR6O6NYA
1562,AEQIQIWNP2QT3OYHQNXRZTTGQFMQ
1563,AEDSOQEQ3MFUOPTIOWFABK26JMPQ
1564,AGDMZVTLXTSSI6NRROEW5O3NU5CQ
1565,AEG5VXJLCO6Z25F4NCJ6JQEXABFA
1566,AGHVZ7RNGNJ3X5F2WZSO7DFZX3LQ
1567,AGYECF47GBFAKS6CLSW7IGO53PLA
1568,AGG7JBEBSMGCU42UHCCO23E3ROZQ
1569,AELKSYCNQTXATEOSX5ZDHXNKN5ZQ
1570,AFD3GQWUA6CHWKW4BUIFTQTCRW6Q
1571,AEL3B4QWKMJDZZVE665NRVGECYIA
1572,AH262VEM7URAM6E6LRK33RK5AY7Q
1573,AEZDRKPF452XWNV6XJZUJGUBUUSA
1574,AH7QMMK45HRDNDVFZVLNBCAC6IOQ
1575,AEQTVXUPKI7IX3UHVJWECKDWZQKQ
1576,AHDSPAKYUE34JTE2KMLSEXKYSTCQ
1577,AGSXI33QCQWXU7O7S46QV2WC74YQ
1578,AFTU4CCQBANDDK2MCCAMGVZZQDTQ
1579,AE2Q5HLCJS6FIIYSPON2NPZPENHQ
1580,AEEP5OBECNKE5QYK2LBZNZJPCATQ
1581,AGP5ROEQG7CZQSBJ6G65BK2QSD7Q
1582,AFB72LB25AUV2SYJSODZYSDGZQSQ
1583,AFIH7XCNWOVM65TX6AGJOPAOONJA
1584,AFZU44F6KYRF7373VMXOHSRX63KQ
1585,AFVZ4V6GI4DNPQJ6ZSPQLC3AJNEQ
1586,AER42NVKEFEP6IVYNX6D7OZJSVOA
1587,AHLOZGHBRZAFVI7IKH724I46TZKQ
1588,AEZHOB3C7NEZRTOC6WH5PJZAZDHQ
1589,AH5GFGYYXUJRIZP3WCSX54DS6EKA
1590,AHOFLKGUQEP2GIHDZHXIHZMVB7NA
1591,AFU4TAEHVBIYLZ4E2WUE5VN2SPBA
1592,AEWC4OZJWTRQ2MFYJI6TGSZWO5ZQ
1593,AF6E23DWMDAFAM7EH4NJHL4ZNLVA
1594,AEN7QMRVAXGCEMDGSWEYMTIIUE4A
1595,AFRNTUIQQDZKIAU2I3GJY4JOEJYQ
1596,AE4QOUPPPN7TEDLPC44V5X7GQWEA
1597,AHVCVZYV3WVCE5RT2YUHBEF5GNHA
1598,AHSM76NL37E5EXWXUO7DFGLFYT3Q
1599,AE3UTWL7EI2BK6UKTOS5GHW73YGA
1600,AH5FN6J4YNLZMOM6MC6GKHXQCD7Q
1601,AFZMTFZX33FELSORGEH6SL4LJQAQ
1602,AHSP5XRRT77JSP7LLKYWNBMOQARA
1603,AEPNAJLV4UK5JZQI33NRIU2VPDIA
1604,AH6VC2DJJJFTKNWOOMRXU22TMNSA
1605,AF65P2EBWXEECBSBHQGJMNRUUBVQ
1606,AFY6JVM4L52IVLZ45ATRWOOZMBOQ
1607,AHV5JM6EWCDZGXJRHXMO4KEEMLPA
1608,AGKF3JLAW35YLP2OKQIJXKZWSURA
1609,AHZXZKO433HFXYBBUF4BY3CNU6GQ
1610,AE63LBNEXNRMHPRWVHLZ2NVHXXNQ
1611,AGJPWFC6F3OLC7NZU43NHW6L7IHQ
1612,AHIEU7LGOY336RM2NJOZMUEBFRZA
1613,AFYX2AW5OPWCW7ERIMHMYXV2QJQA
1614,AFAOLRTHKC36JVPANVADVOWZDW2Q
1615,AFAD7OL4DSJ5RHX7OOLSHTBIN4ZQ
1616,AHKQGUUZQ52MC455O55VPQC2Q2UQ
1617,AEIGB7R6LBTJBQANPG7BDDOVOUCQ
1618,AHUKRKWMQ4JKCFJFSJQKZ55HJSLQ
1619,AEE2LNNWVTOUWIIVCP7FRIGWRVAA
1620,AG27KQNBDHOFL2IDDWLSHKSRFWIQ
1621,AF5PSME4CPOWDDPLP5EBKAVDIBCQ
1622,AGOWJGQ4VZRYY5Y2NCDG3VWL7JTQ
1623,AH44WUF5ENBA2HVYDQUUFFVW3UPQ
1624,AGRY76VJCHUHOKMG76AQDVEUPGVA
1625,AEW5AO4TYJWHBZBKGSMJDBSN2ALQ
1626,AHIOVW2TU3HH6CBRURYYHY3FEJJA
1627,AEBCRUCREDVQMQUZ67PMWN5Z65PQ
1628,AEVHB7ZGED7NXJXDQ7ZDCYK3Q7KQ
1629,AGR426V5OTHMQHX23XGVKF6JGPLA
1630,AFIW3GNVMNUP6T2S3GHKVVTILJPQ
1631,AGP4VQKXL6IRMEAN2NPXHORKMQPQ
1632,AGNYDQPIHPLXVQM6FQG6NRDII4UQ
1633,AGWXPWUCSYLEYMDEFY7FO7BO3PXA
1634,AENG2ISGFXV4ZBSMMJW6XLU5W4EA
1635,AH4ZOVKDPWXRJNMAWCNEVTJIGRGQ
1636,AE3LAXR62XSC7SSNRNKWY5U5VIPQ
1637,AEALAO46NYAO3ZPIL4RDW52G2O3Q
1638,AFMXM6BH5VM4SRSCFKFA3NJV3OWA
1639,AFEESSYOJW43RU2B3WMHHLKHWAXQ
1640,AHFPV23RIGP3F4E6BZ5SYCB7QF7Q
1641,AHJQUC76AJBMQQ75Q4YPNNC67HHA
1642,AGIBVGDEJBNBKKAFWVSCJCSJPD2Q
1643,AFPNCAKMOMLXQXUDWIFNXDRY6HKA
1644,AG3ITHAM3SMU36CDHFJFYOFCOXVA
1645,AFJJMTN4WCJPUI24UQT6CO3QFLLA
1646,AG4UWE66FHNJFCRV5FVBT4C3YXOA
1647,AFAU3ZXW64UM4T7XA7V3EZF2XMFA
1648,AF7GLJ7YBXAQOXVUKFPZ5Y5PTLEQ
1649,AFKJHDQ4NEDAIUS6AR2RRFKS6LXA
1650,AEJ7PRYZT6X6BHMXR7IZZY2PJT2A
1651,AHEVZFSJKWEYY33QCSSYXBXIETMA
1652,AEUD4QIWG3I2RNC76KWD4K5GH4BA
1653,AHQGHBDY33YFHZ74RBQ5B2SBVROQ
1654,AHODTCAWECGK3FSB5N2IWME7ZLHQ
1655,AFKYGYGOZXVIYINH7TBTRF5I5JMA
1656,AFWQTYPB33E4UTBX56T53FGFKKVQ
1657,AGURWDB7TGKG6YOAI2X4GOLLJBZA
1658,AE4O2VZERVKGRSH4NKOBBIHMMH2Q
1659,AEQCUCC7ZNRJDYM4OIAZFOUMYV3Q
1660,AFUFMLJG2XTYLG34EOKIWQ25ICVA
1661,AH7IIFA2DSXHKJYHEHGFNS6MSZ4Q
1662,AE6Q67452KGXTNMNZZEPHVZOYNKA
1663,AHRQL47JSSFUXAUOXHOIPOKWNKRQ
1664,AG2O7DWFY5SLOLNEL7HAVLMW6O6A
1665,AGRIESV2KHMENA6OBWFV6QE37BRA
1666,AGQW6QJCMWGDOQ6TH7DAY2I63BFA
1667,AH7O7T7AP2E6GIQXKJJF2ECVNAIA
1668,AG6A2E5ZHI7TQQFNZM5UOTDTPMBA
1669,AGVI2U3GU2E67KITPFGXIEZD4XBA
1670,AGKBBOMF46RGCSQJ3XHL6WDPROEA
1671,AGNOTCGAKPMS4EQNDIF27DCIFBZQ
1672,AFX6YHEUIAXE75EUAJ2JWKNVTOOQ
1673,AERCBDKHL7ETFHR2K527AG75DBUQ
1674,AGOM5TC7CXC5VYKQEBGONBKEVPLQ
1675,AHZNDROR5YN3PEXPTASLYPDV6BHA
1676,AHEWZIHXHGECNSTD6RD2JXV733AQ
1677,AEFM4WGATCLWNJA5MCCS5AXIU5CA
1678,AEYNASNLQAEDCDFCSYC7PBCGVXQA
1679,AHQJ4E66JUPXZOFBUIM2LHILXD6A
1680,AGRWKGLD4IP6GU36WRWE7EZBZV2Q
1681,AHKZ6FUC5SJMQGHCXSPYDMSA4ZDA
1682,AFWQNDMRRQSU4ABYTSZ2GIAV7RPA
1683,AFHCEUZXAWR5TPRGUQPKM63T7ZQA
1684,AEJYE7PZTKTSM72BW3XEPYZHJJ3A
1685,AGKSPVJAP5ULJFCLB6YZYM2OLBTQ
1686,AGN44LJJL7NFNR4NWVQ46GAU2BPA
1687,AGVILIA2ZHI6VXOBHC676X266UFA
1688,AFKXXKKKNN7SLEZKYFIYW7QGHRAA
1689,AGKCCSGTRL5DJTNWOSI3ZO62K23A
1690,AFZDZ5YNFQOBJ6NKK3URV55SOHOA
1691,AE2YP6IXDET6MH3CZV6ISHI7JDOQ
1692,AH3BHYL3K3234G7V352HDBEID5WQ
1693,AG5QEWDE6YM2J7ESMJGRUAGHYE2Q
1694,AGDWMLPA4E6R2S7VCVC7WMG3R7VA
1695,AFZKGLYZBROF7BPF3WCMT2TUKAUA
1696,AE75VU7DB4Z2AWWHKYBKE3HEJI2Q
1697,AF65COURSLLRF6Z5M2ISKRZE6O4Q
1698,AETAL5XAUULGJWPUL6B3KMCZSH4A
1699,AHB72NSKQ6SIF653DOOIDJ56I3EQ
1700,AE3JVLQEMWBYF5IICMXFEKLEMYKA
1701,AHUFIDTECD6R7IH5H2UJ7FNXFPZQ
1702,AFIDMCGHZZ2AQ7RKWIQQ7OQ55UHA
1703,AHHBYPQBPHIRGDBDDWZBB2R7VGOA
1704,AERB5G44ABKITV54JPVXRMR3I5OA
1705,AG5VGLMFBXZK4OCTNTA7EOQ6HLRQ
1706,AG6LWYZSK4KABFPS3SFOUWQ54BEQ
1707,AHFGEDNBLHAVLX4QC7V2O4EHI73Q
1708,AHP6GQFXHJAOUNRDC7UF7N66NXBQ
1709,AHV3P6Z3KPGVJJFXBMQ2N7CTYUUA
1710,AEBHJ2RWBJIVA4CUWVNIVK2JRW3Q
1711,AGPWFSBRBFIVJ2RPXXSMIFJOU45Q
1712,AFUADTEXZIWHKDC5WHZRHDCCK3CA
1713,AFS7CWAX2KNS4ARRDVQ572B7JKMA
1714,AF3U5SJQNXXTUE4HQSG7ZYR7XEZQ
1715,AGODTEIXF5B4Y3HTEXJM7QVWGKWA
1716,AFY6TJSBDSRDUQVHRDTIYR5OVLFQ
1717,AEWJ3GLFAGZA7WR2HVANQETSOLNQ
1718,AHHN5OXH6DEHWQGJSYXAE2AQ3ZMA
1719,AHECAJN5ORYMSZRVXWRTB4XZ5PXA
1720,AFM6HO7FF4655PMXN7TUUKEIJ6UQ
1721,AEN74QNVAM6LG627OGFTLP4SWCGA
1722,AEXZ72HAQM2RVFCQ636DSJS6X3AQ
1723,AEED6OCBVLPNZ2AEAFEY455XPTZQ
1724,AF3J6IUIKJBMOH5BAR2E6SEZPFHA
1725,AHZHUOOCRPGQ3EPJGSVRAFYZ6RDA
1726,AHY2QYMGST5MDZC5TMKPVVS324MQ
1727,AFSDAPN34KIAHQHEXOQJZPIYMORQ
1728,AGRTZ6PUXPTEZZIPYZ3NLYYQWMRA
1729,AFDPGVKTHCQE6XH7RZ6CFRBEUIUA
1730,AEZT7C7MTBLEURBJMZVLAAP47YOA
1731,AHWN5L4YH3V4ILIUT6TR7DXYDCMA
1732,AEQXTQLSBJFLPBI34TWU2NVE5YSA
1733,AGF5IGCYMMU4Y5BA4GRFIBF65ZWA
1734,AGAZZWPHL2PMQF3WZ6OJAPQIY7RQ
1735,AG6RU5372QMELQEGS3RBKK5O2EEA
1736,AFOVRS7Q2DCVZPEVUB2UDYZJPFWQ
1737,AHZEBXDGM5PHTZ2APPLQOUSSLJHA
1738,AFRZ2FU4JN5FBVE6P6N3TWLVA2WQ
1739,AHVTTQ6LFV2M3HUBXVN7KJT2JQAA
1740,AFMP57IRX566AQLFU2JT5MAWTVYQ
1741,AHUCLIZLADU46FH2CGVCELM3F26Q
1742,AEQXPKNRDBWGWGK3QBVZPN4IW7CA
1743,AGGASYFXUKIKKMSMDRJB64R65PLA
1744,AGRG32B5RGUP3EI3BBHK4Z7H7BCA
1745,AHJHADGHZWXAZ6Q7IJ3KKTCOFUIA
1746,AHVRTLO5A44ULZESN73A45QXT74Q
1747,AG6KE6VGT5BS3UOYMW6XP7ULTLGQ
1748,AFAY2IZZUWJXIIB4KRQMYABSZQRA
1749,AHB6GYGSF6MDSFGDD6B4JEX54KOQ
1750,AEPUGYMOPZLPKMDM6ZSPSZ24UFMA
1751,AFEIGW6GAYX6WCYCOS4Y3IBHE7TA
1752,AGITUPE6D6DMIDD53VM5FTW53LSA
1753,AGOKTSQFIGYVHDZPMG7R5JAP3HAQ
1754,AEBQADSOIHVFEETULQO2HVOE4UKQ
1755,AGGSET7HD7YYRSMPVSFXOKDD3V4Q
1756,AGIJVYZUT7ADFZKJ7FHNMVHXP75A
1757,AFZCSPLJN6YM62I2RGKUQTBJP3NA
1758,AHAU3UXPX5SJYFV4KS3SKUPJFMFA
1759,AFAQLKYUNI2GC4LEIBATMLCLMMIQ
1760,AEP7QSV7AMZ2YX2RXUUQUAE4RYPA
1761,AEMYAGGWJHMLRFDLAKI3GXYOKDUQ
1762,AECDSSIRKO7NCCP4JHE7HERTHCOQ
1763,AHS5UFP5JFQJOXJMDYJIRB7R6UMA
1764,AFXGJQQ5FXJ5ZIMCOIPXDTT3RYHA
1765,AFWJFDGDQNLPNM6IGHMXRMY4A73A
1766,AGKPAMUMKEG6K5JQML4XUBKYNM4A
1767,AF4Q7ZYIR7C2EN2NRB2WMB6IRJRQ
1768,AEM7OINISUGDOXZHPA3IW7GOTFUQ
1769,AFEE662EV4TMBW7YFNK43SCUEVUQ
1770,AEYUUXAT5ZWI6G5A3HUX6BI7DJDQ
1771,AF5LRTDVDCSELJTNLK6HHWG3XVPQ
1772,AGQEJOBVXDRDBWJ422CJ5D3ZJLBQ
1773,AFEHWOMDIYZPV6OD64AGYSH44ESQ
1774,AHRZ4WQBJAYEVVARZ7POYZW6J7VA
1775,AGSWO76USLYYUN3EZIXDC3BPWFDQ
1776,AFTVZIS5YECMQ4DWEUNJ7A76UA6A
1777,AF2SGGLKS3ZG62MHIXOZPUPHY6XA
1778,AF2XESPMQCVNHJLYFJFFODJQ3ZMQ
1779,AFV5ZPJOZMDJLTVECALMQQZUISPQ
1780,AHRYNYPUX7FX7HLIEFYQMAWUWFAQ
1781,AG7IR2NO2R67MJJHYZOYK7HQD33Q
1782,AG6DHB3KD6IY7AWMJOBEEZ7HDQMA
1783,AFGMRVTP4EV7F4SZ3SK3L2753EMQ
1784,AHNALMJY65V366TFWPHJ5MNPQJTA
1785,AFKJXE673S4P5JB2JMHPXYQKXYWQ
1786,AECG6UGCBYMUZ6TV6CQVCOLJ46UQ
1787,AGJ7JEXARB3HJXTQBCHITZB6ZBRA
1788,AF3VKCIB7SWPEG6NF2UJCLALEIJA
1789,AEEYQYU5OQ5DYEGITPYYWSMQBIFA
1790,AEBCAV3EX7VQFG4PYWXUDP2Q4XKA
1791,AFK6KTJCHTBYQDLAZXU5LLQZFBAA
1792,AGO25YOWNPNVGXE53Y3OKRK7U37Q
1793,AFUP5BWFLLP7VJZRDHSBVKUJCN7Q
1794,AFA4E75UZXOXQJCLDFHBOJ5W53PA
1795,AHJQ62N7NNVEBHSCYV577BKACC2A
1796,AGXCCYPD4DSGKB2RSWFVSATU6UCA
1797,AG7IWP3VA7T4RMISUX5FPIQ5LC2Q
1798,AFXYO52C5V2CSJA4S2ZBXET656JA
1799,AE42AJP63JJSARDORMFMUZMX26MA
1800,AE535ZYRU46HUVRKRBYVFSVHTZZA
1801,AEWXDOLZW626FXSPUTKBANQZDSPA
1802,AHC6BZKJ46R4S2CNODB3WNI3PQFQ
1803,AFAEFEIZK3B5MXZD3PVH4YHK6Y7A
1804,AFET3EHDZFLJWMJYSYQJBFDA4ACA
1805,AECX4TOVVQPVJKLTOB4ZTFDSWURA
1806,AGM2HVILGCCPSTT6NOAKJUZLM5UA
1807,AE5GFYCCHNQA5G36II2NRMGB5T6Q
1808,AFCGY4N5WUZOPM22EIEPN7WCIO3Q
1809,AEWMYW4SKO6JG22KMFM4ZM7O4Z7A
1810,AG7N5PEZ6BHG6Q74UVXTWY35WM6A
1811,AEEHOGR2BJAGCCL6GJLC7SGVWIIQ
1812,AHEUOGH6YQERDEHLBUJXMQZP4OVQ
1813,AH6PGV2TVYOQJUQE6ZCU3P3QFSDQ
1814,AFFFOA6KTXUIGLWSDCKYDJNYVV4A
1815,AE7T3S3WDGFN4RZ5ZKNHEL4BP6XA
1816,AEHOHRD4CE2YKIH5DMECBFHGD7UQ
1817,AGLK3M527WAMRPHUGBZB5MJVP7QQ
1818,AER47QMICBL47WYHZSL3RCCVJIMQ
1819,AGLY6HKVJRCP3O75AEJFE7JWRDGA
1820,AHT3AP6QMMPOCI3BNSY4VWN5S6FQ
1821,AFMW77T5ORFWHWRUIJOZ6ANLMQZA
1822,AHGGV374WVD6VZEWD75TNI5E6FTQ
1823,AHWUQAYYID3YVW2OWLFAF5524JEQ
1824,AEF7JCFBPRGPDO723EHE6GUGU5JQ
1825,AE6XP2B3Z4YPHPUSNMKGOPSWHJGQ
1826,AFTOF5Y23IETI4CESKETIU2ISF4Q
1827,AHU46HPKRFAHX5IN6QODU2LWLSPQ
1828,AGBRJU2CIPPZBRX3N2QJBIOM6QEQ
1829,AFRKINEEPFCFBHC2WIDOAMNOQ64Q
1830,AH76W2JPWAUUK7YY7SULYKUIWRTA
1831,AEOSCCZGMD4GWAFCHEJDJQ5A2GXA
1832,AHBSACOYXS6IV7P5XSOXWGZIA3TA
1833,AERAUA2UWPE2XBNROQLBHQ6BSIEQ
1834,AEV23UJBNXH3RECOOHLKKMYVYK7Q
1835,AGFLHE6GCS6EOBBUHAQKPDPQHGRQ
1836,AFRHTNIL42L3RNOIXVAI3E4KHFBA
1837,AGVUH4XMX3EQ5B566HXEMD57ZPHQ
1838,AGKRBM3SDVCL6LBSS5CUU23A4FUA
1839,AHCNR4NU3QKPOHRSLOE37B5LO5QA
1840,AHIJNJZXVZII5TBXYQZ3LRCDESAA
1841,AE4WZUABWEBIXEZMCT6IY2NBGX2Q
1842,AFSGOZRPI4AW6TBABT3MAKA5AI5A
1843,AG3NPIDKNTRWQPYZ24UKYVNQE3XA
1844,AHFITVCEPN4MAPYS4LYMF7VGM6HQ
1845,AF75ZK3T3MR36UN547CV5S5UJGUQ
1846,AFZSNNL6WFRNRV426ILQA5I75T7Q
1847,AEN5VZAHJST2WLEAUHOJLFEJIQUA
1848,AH5KBAP3IZYAYVG4RMIFMTGSCVAQ
1849,AHHK3HKJAJYWIEX4ZR64JS6Z7ZBA
1850,AERTMKP55IESELY6P5DTE7322O3Q
1851,AEYUFV6LXRYFXW7BQ5IKQC7DCYWA
1852,AGM6KPERESQHUU6IDDMUUHDG34SA
1853,AELPFGSJZXCKL5OOCP2OFZR73TEA
1854,AGJDZEUSZX7H2XF3UH4HO63OT7ZQ
1855,AH3F4UBW5J7AOKVKEIQHCUOEKL3A
1856,AHWP3KAWQWL3C2AK2DRXM2T3E6GA
1857,AFTLFEANFS74AB7CGRVZYXG3CMWA
1858,AFF4KOUC72B472D6CZXF2P52J4ZQ
1859,AE7L6LZR2WO6EP3IBPVUVESBNWFA
1860,AF3C2LCNGH35OK6HLCMX7RTG3HEA
1861,AFLWFRQXFU73XROQZVLKYK7IHO3Q
1862,AH7LNSDP5JRR3NS42YID6JLE3KNQ
1863,AF2SIDAEKL46KFASPDUOHGF5LAGQ
1864,AEWEFAPKGEBPRKGPWX45AMR2QM7Q
1865,AGVIIOMU7RCGKDXBH737G2FFEJDA
1866,AHCRO4OTXLUSOYLRIQGW7VI4YBRA
1867,AEA3QAALP5QQG53VPOVTH2X4TVGQ
1868,AEWN5OLRHB52KS63OBDVFY6AOTIA
1869,AGQAQ4WNBOQG7Q4GMPGQRIILM66Q
1870,AE4SB3DWY7YH7M4MKNEEIQ6UH4VQ
1871,AGYDRSA26I5ARV3FFSCEOIIR4COA
1872,AH26AFR3L2KA3OW26OF37ZUJKZ6A
1873,AG26YDSFM2L3S5O5PHV7MQ22LLGQ
1874,AG24ZIFFR7LPCH2JYTHYEXCKKN4A
1875,AES6XBRKRY7RYMXDBRAJTLT2DU5A
1876,AEXWJST2YBFOAG2XA4IG3CNCJQMQ
1877,AFPWMEXQRPOW4O5BZOI3QORDSXOQ
1878,AHVXZBUCVLXGKULAYDVNA3QNXIQQ
1879,AE4ZW775BRMDJIYNUKOPX6R5JLTA
1880,AH3Y4TGYESJJX3KXFFNRMTLKDI7A
1881,AHEIL5GBZQ2272X24JLSUDF6MNRA
1882,AGUERA2UFHF5JQW6PPHTOQMVN26Q
1883,AED7A32YQAPX55DKKZTFQPL2C7LQ
1884,AFU6TQ6LMZ2JTGWXLCAOI256QZPA
1885,AF6IFFA4LVWIETLCUDHFR4IYD5CQ
1886,AHHZWPJZP6X4U4CTBTF5O3JOJPQA
1887,AGZZULUZCI4X7V4HLBQEY3M2PPNQ
1888,AEAMKISOL5XBWDXJCUMO2AFE6BDA
1889,AFJQMBECYDELJCHYL7SWKFBXPRBQ
1890,AFLFADNYLG7HYLANHHADGJHFET6A
1891,AF7ZSE2IFFNKMYAT55SI7C56G2XQ
1892,AEPJ4ALQHTWKPYZZ6JLHKYCKGYPQ
1893,AERKA7BS66BOBGK2ZHURNGN5RXJQ
1894,AFPIMSICDKZO66Y3YCHCZS2I7T4Q
1895,AG725JKZ3QGR3DS7X264DB3TQVUA
1896,AE55JBMRW6S42CBNP6P2C3KSQGUQ
1897,AFTUWVMHOWYFIIJ2OHMSB6S7KYTA
1898,AGW7PKKN67ZIWU3HXDNVAVD4S2XA
1899,AFTV7Q2Y6KBNHJK6XWB2ZXRNTXNA
1900,AGHXBFI55GDOFXYH7CTWXQA5QBPQ
1901,AHPNOQAP7MIR3YYKT2KTDAD3SNVQ
1902,AEBMEGWFUXZB4TNKPZTXOTJ4RV2Q
1903,AECLVUKHT7ZSI47BUFIENCMSYWZQ
1904,AG46TMY25LUGOLKMNMXYQBKSHUPA
1905,AES7TCQJ46DOKYWAUAXLXIZ5SE3A
1906,AHN72WMB5VSVMTJWQAS4UJWK6QZQ
1907,AFHR23PTVSHUQMAHDXKWEEGOC2QA
1908,AEPVUIHNTKPSS6A2XRSU772D3D5A
1909,AFWT3ABRYDICVGZYJDY64GTPPH5Q
1910,AEYLHOV6RXR35EXONJSXWR2FO4FA
1911,AFOIASAOYWBCCX7J42INNRR7ZUTA
1912,AH7EI5EJ3K46ZBLBY276CJKCEI6A
1913,AG2Z566CPSDX673246Z2WNPALQQA
1914,AH6ISIBLWNAUXK5QQRHTGCT427LQ
1915,AFROGFMPWNA5QA4RO4MTWU3TSOMQ
1916,AFL7KSBROHMWNW3N4RAJGKLHDTMA
1917,AFYFU43J5556CVBQ7EH5XAQUHN2Q
1918,AG6QG2FUMXZRPKP2GLJHBFFK5H6A
1919,AHLQV7KTZ55PEN6ZSNDJV5TBKBLA
1920,AENOHUCSYTEX4ILE54IIZVQ4OMKQ
1921,AFTHHIZDOGY6BFNDIO7GE3GOAFTQ
1922,AENU5VDBZJ7TX55IRIZBAO2UDCOA
1923,AEDFSKI274SZ5WW4WGBHCUZZ6SPQ
1924,AEEXPUGYXZSIXUTMJ2T7ZNCXE6IQ
1925,AE7WT2U3SEOBYKIQB6GAVCC2APVA
1926,AFWMIHF4UAEHHI4K2AKI2GTGLB7A
1927,AH7QJM534LXXLXOZKSZKJN2HQS4A
1928,AHQWXPNDV4LKOUGSMQCCQPCHNIZA
1929,AF7CMSFZDXH3GH77ZC2WZ4PXL6FQ
1930,AG4BONJDM4EQJ56UPZOFIIJFGFVA
1931,AESYL2QQNPP4W3V6RS34FMLLYLNQ
1932,AH3ZCPW5ISDMHAMG6TLJJK22GSXQ
1933,AF2G4XQ7LACMUHOQKYT7A7QWPNYA
1934,AG6HQXUCVTX2D5OXLDTRGCC7IEEQ
1935,AFG63PZHVGKKX6HT4ICEVRUVDRLQ
1936,AFIA54QQMAULC5KP64FR4YJDZRJA
1937,AHOZNTWMCPQFGCRXV3CRTHGP5ODQ
1938,AE75RWGSSDCDWPIT27GHP7CLJWUA
1939,AE7JCKYLSIK5UFS4R6Z2P552GRLA
1940,AFQ3CWQI45XKC2FSOVTOIVOMWZLQ
1941,AFET3XQ2I2QXCR37JGI5ILSUP5UQ
1942,AH7L3LEXU53QUEFMMSGWT7U25RJA
1943,AHTHLMDKFW5W66L4QS7MS7IY5ODQ
1944,AFKHA6NETVC7VPXTIDTJ2YQSWDTA
1945,AGGJCOEITQ2BCM37LWM6AKG5PMJQ
1946,AGCMVUJCLKF3BRMOXXYA4ZA7QQNQ
1947,AHJRFNMI5BAO26M2YCKW2QOPZ7RA
1948,AHIRDMOE5PT2UVXCCSE6M7NPQN7A
1949,AE4QPELHQEDUBHRJ7Y5IXRZHLJXA
1950,AFOMFC3P2P6X2DFSEPILO3SQEBGQ
1951,AHZOBJNDUDSKVS7D7374QI7IYX4A
1952,AHFBVFA3QJZFCPDJQUW2OLMEQSUQ
1953,AF62DUXEZS73PBFPOO2YALDU7XRQ
1954,AEFRB7X65F7QEIU7LXNLYMUVDJAA
1955,AG43TPYOYQNPRYRFVLO4UYIJJCBQ
1956,AEC5JNWIXQL6OPQTZDC7GQLEPDXQ
1957,AGCXDQSJDCFFDLWRYB4KUOEPYSZQ
1958,AHA55VSGKYXCYBG4B2EDXHM3DSPA
1959,AH3IYAIPXWEU35DE26WC5WVKTV7Q
1960,AGASOKNXWTWVUB6F3TPQVHECX7LQ
1961,AGQK42TFXFCYBLVUY3WRSO5OMN6Q
1962,AE277WIUJGH3H4I7DIFZYDAYM7RQ
1963,AEVV3YWS6OIJKB6HYH2JMVRN5FAA
1964,AECFELWNFA5O3N66VPJ4PDUGOYRQ
1965,AGOUBD2OIEWKQFIA33TVFWMNUAAQ
1966,AFMPUEEWOH4WXFCB5BVTOZDBUD3A
1967,AHER2CWZY2GQFDHUEFR4U47C75HA
1968,AGTZ6SC3OPZIRB53DECWPGIH5MQA
1969,AHWRD7VX5DBXD5Y7CZZHLYTXGSUA
1970,AGTA4TPRDIFDVMG2CK76X4RONHZA
1971,AH33R2JENFDYQWHAVN24ZGZDYUDA
1972,AFORDPV6JJ3VX66Y6KMAPRHAM76Q
1973,AH7V6FCQXHWBPU6DULFYYFFTMK6A
1974,AGDTHHEEJXO7UXDT3IC7P2HC5LEQ
1975,AFJA7GEQCVLFOZ5BOFSTT7753RLQ
1976,AFZO37BRH3JMG72E2YDN7VBXQUWA
1977,AEN3OCSDT4UUP53DOT2PJZP23NUA
1978,AGYAUXAN7OJAW2TXQVM6KHDTOKDQ
1979,AETBPHAQSCW7IF5KDADJ67QPDL7Q
1980,AGF5KPW4DGP4UII6YQ345CCVB4WQ
1981,AGVHQGU57XEY76DROFFB5SBNLZEQ
1982,AFOTZHIXGMPC4B2HAPWXD4ZPD3CQ
1983,AGDNVTZG56KFKXXO5N33M46SD6IQ
1984,AFYIVAWMIV5J22D4O4QUAHNCMAXQ
1985,AFMFKG2DDX7LITDAZVGDT6KTDMHQ
1986,AGDI2RF4Z4WKJ73RLR362LU466AA
1987,AFKQEM2TUQBATJO4YNH4SJVRKQGQ
1988,AHTMASCXO75NIX2DBKZ75KFVUIQA
1989,AEH6ZE3YXOE2EXN7RGQ52KM7KI3A
1990,AEKONLCLFAOLWFYN2CNPH75QOMTQ
1991,AE5HUFNTZTBPYRT2W3QMYUGGFPPA
1992,AEFR6E4TZLEJPI3IWDY5UBLRHTPQ
1993,AFKC4GTSJ6KGCDUIE4FSNB62CF3Q
1994,AGVJZLWJUX7NJBUQHEJUVA4D4G7Q
1995,AEJJHLFVYS32WGLZMV5RGIDEYNYA
1996,AGFP4UL2EYCIHNNU6U4A4EAGM7JQ
1997,AHLWO2SKLD36ATGZASNG37GLKR2Q
1998,AFRAJYI4EWJ6HYCFH54EK6BW6MWQ
1999,AGW7M3RUD3N7IC2ZFQPGSXFLSMSQ
2000,AGY4RPYHVZD4R22C2UHM2C6RXU7Q
2001,AHRIEDL7CJZ26ZRDVT6FD6HNWXXQ
2002,AH5LKQHAFVUP74YQ7DHTJKVECJDA
2003,AEHPJENUZ6OIWMYSN27JAEKPHBVA
2004,AHZM76RGTWCMQVKDVHBN2WD3MZWQ
2005,AGORE74YOJQNWHDMEB7THVWU3QJA
2006,AFRFCLOP5UNVOX5OX4EEJTTG2QLA
2007,AHGRZJJYKMTRHKGPCKDJBYDTNJOQ
2008,AFHIHUNG2BAJV7F4BDS7ALPM5J4A
2009,AFSFM3DIZLK37373TSTBKXGGCZ2A
2010,AHM7UG4ZPKMGQDU73E56SL2I6MUA
2011,AG4COOBUZZQ5FDE2U5XWU6ZUCDUA
2012,AFY4UMHOR3FZB43VLQXB67X4JLEQ
2013,AHGWOO6M4YJGDDTONXGP3RSWT36A
2014,AE7ESHGQEFKDTSUF4GWU32GAZSQA
2015,AHD2SC7DFJGQ7F6UC2WDRSUYENMA
2016,AHSF5E7MXU5VTOVIX5PINCRNVPUA
2017,AG3W2JWW2KP6WGTR75MD7IZHQCYA
2018,AHPY7SOJHVG26HDX7HZTTAG46NGQ
2019,AGTU4Q6J2TVXVB5W77MG7NMRA6MA
2020,AHQKQLUDGI3Z2ZU7HVRYQC7EU3WQ
2021,AG7LMSKKHH5OTNRR2A5Y4HTSFVMQ
2022,AEIHZ2CBTQ6EI4HPDDLJCPBHU4LQ
2023,AGWQUC2EOBGVTYU3R6UHPIPELHWQ
2024,AFLQVXFHRXHMZUQ2QM537XIQDEVQ
2025,AGBEENM2JZ2Y3J5ZQT4LSBJNLVNA
2026,AGP4NUOL6RJM2XSHPTY5IXYZ6YYA
2027,AGM57IE5MIOKERYPLNENVGKJA27Q
2028,AEO572X4Q7RK2FPWM6KJ2R6K6NRA
2029,AFGJSTGL7PDEM4OXUOYOZ267VVUQ
2030,AHKU2ZEFULXBSPMRQY64JYV77WDA
2031,AHM4O6BDN7SZPY2CX3C73MTGC3LQ
2032,AHJDSF4EOQZ75OZ73JGPTJ23433Q
2033,AFPDK7GVTNOOVIDST564KSVXNS5Q
2034,AHWTOL4KIK5WGZMHR5KWRCCV365Q
2035,AHZSWREBBLVND5JZZYW7ZNSX6FHA
2036,AHUFFAEXEPED6XWKZCVZYGYKPKNQ
2037,AFZNMMYCGQ7RLUEO23WHSKQHDK7A
2038,AGBKFMYDNRXPD4HV5CJD3KNDS3KA
2039,AGPF65QOBEDJS5EZ4YLMDMVFWA7Q
2040,AG3NVRMF4LJ2BBKKDNWF4SZ2TCTQ
2041,AF22MCSYZ6XDWJ2X4Z6LHH4GRVIA
2042,AH6MM4XL7NR2OEYS5VCQBDS2QX6A
2043,AFQZXLJPVANV7ASKIVOGNWNXSINQ
2044,AGRGAUD5TNRR3F6P3G6E7NYAFUEA
2045,AG3WEF5ZCRCAV55AGURD3CYT5AKA
2046,AFJS2VXGH6UIJYAYGLYGR4OKLDAA
2047,AGOAIXXDOVZIN7QBNZKV7NYWVV6A
2048,AGCELHQHNH2YZZTTVZTLURWRECRQ
2049,AHNC5E5D6LT7MQU2XB36P4DKYEYA
2050,AEXUBCV4YXQM5GZX5AENK55H6JDA
2051,AG2I627PTQFIMSOAT2X46GU7MPTQ
2052,AHAPZCQS3ABATPKLGTTPU2SCQ6FQ
2053,AEQMO2TQBPMPSAIBQSAS3VIPRMYQ
2054,AHT5UEZ55PCW3R63X7JVQAPUOCCQ
2055,AHE2JJN6DK2QUF5KUHEOVAMYJ7YA
2056,AFBRRVDNELXNIEA7NF7Z2XHLCMTQ
2057,AEBMPS42EZJE5T6NPGIAAFLT4T5Q
2058,AFAN2GRRSHQ3TQECNSYPT2NGTEKA
2059,AGPKGHAAG4KMTYUHU32CJKHBR7VQ
2060,AE7G7UGU2KVQNFCVRJURXSNR4GBQ
2061,AFHQVA7RMIJ6ER6RLZYV3IIRD34Q
2062,AGL3UYJXD5S3642RM7NQ75YBKPOQ
2063,AEFJSVMP24NCMAKGA4WVTLW5O6YQ
2064,AHDEDTLY43UZGH4KVDIYYMMOZ4BQ
2065,AFZDL7SQZVXXS2M4RBK4G3W4P7BQ
2066,AHSEILTXHS6NALAPPQ5AZA77FH4Q
2067,AFN3AZZMD64L33D36LBDLWT3SBSA
2068,AFKYVICVJTY2DLKXFCD5653R6KDA
2069,AHYVI75J6RCEXO43WWUJCRI7Y5AQ
2070,AFLS7EAD3TGBOGSB57U46NGTD4CQ
2071,AH3KHSCSO542VDMRPLHWIOUXDX4A
2072,AFQ3ZADVJARDGLLGUOXIB6BS7JBA
2073,AEKUDH42B2X2DB4QMF37KCH43UQA
2074,AH2OL4NZZHVCPDDJEOT3VYW2PRSQ
2075,AHQNO7Y6AK6B4DU7VLOILKNNOKCQ
2076,AH744PBCGFGWJCFQC7LY4C3LET4A
2077,AEGVVVON5I4RNRJ276DADSTLNT5A
2078,AHY2TBXXEV3V42NK4O227Y6T3ZZQ
2079,AGCTRC33N5B7LI4MPQGBKBKB55SQ
2080,AHYQYW4PTMYTH4BZDIYQ3FVF6PDQ
2081,AEXH27VP3XAYNZC4VMTE3F7ZSRYA
2082,AEL2WQPFB6UXBIMNSBDZXZ22MUZA
2083,AFM53POFIQK44WWQKF7LZ67V46DQ
2084,AH2O3JO56DPVNYHLYGY655JKU5VQ
2085,AGMSMVLYUNMTJ3XF3JZBZLHR4RQA
2086,AGAZWDQZIZ7U4MRF7BNZY7U5DAHQ
2087,AHRL2YILMYHO6IL5NRZ6YBXUJKVQ
2088,AHIY463LJM7RH2QX2QMCOB4NRCAQ
2089,AGZ7V3U6YUEBV5EARESFTI226SQQ
2090,AHNKT7YP4RIRQBPAVFPVGJOAWORQ
2091,AGOZEYLQM5SDH6CEAOGRPR4NPQKA
2092,AFZ3S4LCAMYZCHMUNC2KRT5DU4OQ
2093,AFC3DOIYZJRXSGAVN6PAOK76WVSQ
2094,AFUX3CL7GL2D3AQVYIKQT4ECJFXA
2095,AGGYOZZ2Q5LE25KPIXWUGYUJB4TA
2096,AH5FHHELOW2OU2QKPJHDCHMXGKIQ
2097,AHA3ZXAFFCY4EDLB7BBVURKSOWIQ
2098,AF75SABOSVXELYBONZC74PFBTEGQ
2099,AGZ3JRHDTISJVQOYP2WZUKOTGNIQ
2100,AHPQGCTTGK4VNS33XWKLKL565ZFQ
2101,AFTCNYIXCJ3S233GGTSHJU5JAF2A
2102,AHSXCAZZD6OCLPXDTFE74IH6E62A
2103,AE7O54XQD7WVG26EC27MMSFKEONA
2104,AF2GQE2IV4OPW45Q6QFJVUEQF7WA
2105,AGDOOUGY2ABGS4X55P6X3VOW2RRA
2106,AF66SPKO75A6YIBPMJUVJB5AT3DQ
2107,AHROHW26WEZFLZKRVZJWFFN6JTMQ
2108,AH5KSLDOUHWXXAL2G5H2CWADXPBQ
2109,AE4MPWJIDMB7PUT6RNXBCAO2ZCTQ
2110,AGXS2SUYWSKVZWJMSOUSK27Z2ACQ
2111,AHQJHU4ILI2O2KGJQ5QYRELFZD6Q
2112,AE2MR6RJCFXC2Z2ICX3OEMS3G4KQ
2113,AGKHY7KWWNRCZWQMAL3XSSV67O7A
2114,AFW2D5NMMC4Z6S2XHSBQDLPOOARQ
2115,AECJYEMEEKRIWIPDI6N3ZETQHSSA
2116,AESK3FNTEICEWSJR53XROZU6LSPQ
2117,AEWX63Y6MCYZEVGN4HYUSMJGLI4A
2118,AHJKG54Y6HXAJCX45OI5JDPM6XYA
2119,AF5QIDWYRBDY7C6LGK2VPUT6WPOA
2120,AEPBONWUFKMWSCYSES75MR2G6K7A
2121,AGENSKESKE6EAKAKC6YHOW4WTHIA
2122,AHKRRFYWCQNNTVKGDV3ZOIWF7IIA
2123,AESFVPRGBSZ4IUYSECRQSLVZQCEQ
2124,AGNBQIIVAS565IJMNT5FUYU7CZ5A
2125,AFWYMXKQ3C6UKFVXFH3FND4OGRKQ
2126,AF443MXIMQ7PNARLCBR3LUBTKQFA
2127,AEYSS5ZAV2VBT2X2G7VMP2OUGNUQ
2128,AHIA7HSCLSRQ5QK2BZ3BL2I6FLVA
2129,AE3S4PEPBZRPFGM6U7D4ESX6LIKA
2130,AFJMJLRZBDQJLA7EKY4474HHIJOA
2131,AE3ACQCKRFEDS3OTSUBMPCTHPRNA
2132,AG3PZMRPOPOU62E2FZELNIY2LZOQ
2133,AFQ2EX7FQNJJ35HGYRSS6QGD2ZJQ
2134,AFAUBVLIA5PIBZ6ISEJAD4NEBJ3A
2135,AE3ALFUG7PKDOMKAB7R7SFMTSGVA
2136,AEXX57NYMELOHTG4TWFN2KWWJRWA
2137,AFHRSVBOHGB47PI6IX4FHPGEVUVQ
2138,AGAAT4KCS2W3EUSGXAJI36GVGQ3A
2139,AGNZ2DDBDW7AJJAIRXNWSL4GXBKQ
2140,AH54L6Z55EQYS2EER2F4O54767OQ
2141,AHN23O6DFMDUAAFBNIWGZJFJQIJQ
2142,AHN7N2YCAXIZJMQWI4UKCKRU57IQ
2143,AH2SSWYK6UPKIW4EAMXOTFTMV6QA
2144,AG7JH6GDIEIP3OOAGI7K7VO3CQSA
2145,AFJXQJWK7EP7Q5P4OVI3LAKAOGYQ
2146,AGVXLIKJSGFRYTDMRES7ZN5UWCSQ
2147,AFJUDHLOVVOFNSK4ITBLZH4Y5AWA
2148,AF4Z53SOBTKTTKSMJSSCFIJFJSQA
2149,AELUS2ALWCBU5LVD3AOBXRBCOPAQ
2150,AGOM2CIRMQEF4LMHJAGXZEEY3R2Q
2151,AGTEWUC4ZV23BEIYAJ7JJS37AMAQ
2152,AGONAUSP6DCUS73QNPKLMUFSRRSQ
2153,AHNNWB7HZWLMN34QSUKDXEJRRFXA
2154,AFJKJ2ZEPO6CE6JZVC4IP47I3RTA
2155,AG2ZBMKZ6LGZJJH2HGKQAXYFLIGQ
2156,AHCSSAQETDXZKD2FSWRHFYY63YZA
2157,AHMEYNK5VJG6VBH7FEE6K37WEQHA
2158,AGHGUTMGI6N3G5CX433LLAEPAZZA
2159,AELOJQK4U7RMM6AQS2OWYLZDZKGA
2160,AHNDGZBU76FWKTBC6LGEAZD5AR2A
2161,AHXG2CWQOAZPWI4EMU2ASTVQ5WHQ
2162,AGMCHGFDW37FJD6PDBVG6CH4SQJQ
2163,AESDBN7OEIP3GCKTU3Q7G222EUCA
2164,AFEDNQBYA4T7CIX3XP24VL5N3YEA
2165,AHC7SAIDSLTXIJ2DPF55JEIO3BHA
2166,AEV3D2ZWTRIRJBLEGHOHKUZNNBDQ
2167,AGDVAICAAJJUURRCH4HWY5RS2VPA
2168,AGZCTMM4JMGCGXZJOILG3WCPU6FQ
2169,AHMF4C75PSWOT3S4653UXDZORKJA
2170,AFC7S7UUQKGQXWRV5UKOAHNCH3WA
2171,AHRBZVMH4CRUG57U3JNFN2TC6WHQ
2172,AEGNRFYZ75NHPXCUIBNTCO2KEN5Q
2173,AFEM3VOYZ3TAOR7ACUBOORVNAV3Q
2174,AEHKYU4KPJDKXNGJTDOEEYM547NQ
2175,AG4FZYI64YX2XSVVR2OV3ATMCLFA
2176,AHQ5SOEETHOJ7DZY3P5U5MS5HVPQ
2177,AEJNXCCSZWA27OIYT3KQTJHMTWPA
2178,AFPFVNUWNASK6ZVDR3JSRWYBMHUQ
2179,AFSEUFBCB5UXUYBZ3LUFRLZ7B6LA
2180,AGK2U3TVZNQJCLN4TOQOIAHGGPTA
2181,AELWYJ6CKWKE2AJN346IMCIL3XQA
2182,AGUYKA5Y3YDUCAB6LIN6ADCPSSRQ
2183,AFC47ZK3Z2BFXSQPRI5DNSQCY2BQ
2184,AFEQBTV5ZHPNZSXTBDXP6IFIFF3Q
2185,AEM7GGM643K3ZV6XUL46QG5U5KAQ
2186,AFXJB3FOTW4JZGYARNHEO3BNPTOA
2187,AHDUOMQK52BLHRDS77JCZ35OL3ZA
2188,AFN7J5BXT4WCDL2HCNBBJG6O66MA
2189,AGGI7ODU26CBM777HHZZWJ5CXVMA
2190,AGCU5YMXR6EAIW66EQVZLJV4CMOQ
2191,AHGZKRSG7GSBOGTHUOPJTV2ZNJMA
2192,AEMZZYYQI6CNR4P6NR2LXYZJJ7LQ
2193,AGDITK4HF5DKFPPM27NASYUCTLMA
2194,AGMB6NW46HHPKD3Q7CGISDNX3DFQ
2195,AGGP4ZADJUFGIUCYR4TDBZNJAHYQ
2196,AHLOSATPU5ULZHWZDCKVFSHP64LA
2197,AG6FKJD4G4COFPHTFXKXFNFNRCVQ
2198,AG2APC765KQ2FLGJPBMMXSSK2UPA
2199,AF4X46XEY6EHAXVTEXYEE4ATTHPA
2200,AHGM7NS5ATQKQJAWYKLK3TU6NGVQ
2201,AFQYQOK32WYGGQDWIYFXNNXHNQHA
2202,AE7CABRMYHXNQX2CQRBN73TKOEFA
2203,AF2FVZVFDMVQVUA35VZT3YWKUQ3A
2204,AEIQMG6L4MJPAFYQSVID6SJWNMWQ
2205,AFFLXJTI6WKGDORCX745GR7JHXKA
2206,AGC5RZ34G25ZUZAHCC7GZ2ENSCYQ
2207,AGJQGN2OYXXN4TC6J3CAWUZSKQAQ
2208,AFYCAX6OU3QZWZSAXT7TYZEJINEQ
2209,AGAXOUACE3K5SG3FAKCMZLTSQDJQ
2210,AHZHNDACMBQV37ZACYV5DBMZHPEQ
2211,AEOA5VDDJBZ7W52FJRIX65RTI7ZA
2212,AGYCS4LOJTA5Y4Q2CVROMFCRD2WA
2213,AG23H4MFXLLJQAMQLFX7TB54RZ7Q
2214,AGLBVWZEXT2VEKNGGDABKK6THMYQ
2215,AH4CBINFRJXY2CHPGZIVLTG6K7SA
2216,AGVGF7L5VWYUCS5CB5LQPIR4ZNJA
2217,AHGIL7NBO244JY4QMVMSGDVOSFJQ
2218,AHFCCD4EMORIOYFGMSGH6JCEXUNA
2219,AGT4FADURNYCAJHGBK6JAKXJM72A
2220,AEKSRO4ATLWOMN7OIJK7ES3CYX6A
2221,AGSMP6EWHEPEIEXIB3VB5JYJZR6A
2222,AGRCANJOJICADJE463IP3ATIF4LA
2223,AHXUETOS4X7RSTICKVZPJSQM5XUA
2224,AEQ7PZL3I3PJKRNTX7VVSTCA7HXA
2225,AGO6TUEAYWZXNMBKTXPHBTZUL77A
2226,AEKKZZVIAIMUP7WIWKDFHLX5NVBQ
2227,AFHYKFWKQPA25XIASESEL4X4POKQ
2228,AH6ZSP43WJ55TVIRZSBXJ4R6ZRLA
2229,AENNOATXXE6OHOD4KG4CPU2KMI3A
2230,AECLVZUO4FOLD6O4XOQ3AU5MEHAQ
2231,AFDIMHPZ54OA47EK2BUE7VT3JLRA
2232,AFEP2I33O5ZCXE7MOPAM4B7TUBGQ
2233,AHEE3EOID475RB45R2H4237TO67A
2234,AH2CV64EDT376TAJPTKHKVXN52NQ
2235,AHA4LCGNUNBGZZYEHRU7PUDOCIMQ
2236,AHFTVO3S6QY44ORLHO6FT5GUJHXA
2237,AGSZFDPQKKVEDQYMJK54GQGKKTUA
2238,AHC4KFY335L4X7UZEF73HA2RS4BQ
2239,AEIAJMUT7ULW25ESULQU4AOXDMCA
2240,AF6MJ6PILZWISAF534H2C6EMK3HQ
2241,AFDIWLJA4RP4Y654JYFWTML5OZ4A
2242,AH4NHGADMITJAZY4YKC2A62ETLGQ
2243,AFOVRINXRXUPDOKEM2RTEYGBHZ6A
2244,AGGHZJ4R6SKTE5GXDEOTI76UGYIQ
2245,AF6CLD4R2R2IVEXLGPUUYC2IVCNQ
2246,AGMEAZGJ6NDRM3OGHCINZF3DQ7SA
2247,AHVDQVJGVO3SAUL7G4RTPLQZQHCA
2248,AHTZMIGP7TNUCH73VCWAGTHLRJRQ
2249,AES3X53HE3GGNQVZWELUG5PBL7SQ
2250,AGYGP7YHQ5E2LKEVXHTOZKL6RNPA
2251,AGY3LQGQRGP6WELVJBUOBJZBIPHA
2252,AECNOIE4NYK4ESAE5SKGCXHYSHBQ
2253,AFB4IOPAJ23PUYLL3H6KMYFER54Q
2254,AHLLSHNPOPI65R27VRT3WRKJ2BVQ
2255,AFHAJTASYT4H2OEOPEE4IFYSQCAA
2256,AF23JIJLMCNTVNCZEO4WDPMTJRZQ
2257,AEFEUFRWZ2P32V7TTQCKEGAI3SUA
2258,AGHLKC472ENEHDXOVUM3C66LHHMQ
2259,AE6HEYORXUB4W53O5C3ATE7XRABQ
2260,AHG3UA2LJT5GIZZVB7TFR2CKDFUQ
2261,AEWPFNW3UI5RGV52HPC6HBNZ5J3A
2262,AGVZKWOCIHXMWTGDZVVCX6WZALTA
2263,AGXJIVM7TGTHMSF35KRG4QF5HPPA
2264,AED6NQ2UA4UYJ2BQNGOXIMXSWE3A
2265,AEG3FS2AVVOZSTG2MSFW55MVGGOA
2266,AG2ODI2NJJVXSSCC7WCBWM6K5VTA
2267,AFSVZPPX36FIAJTLPQ2ATXHX2U2Q
2268,AHAKU3APM72JFJJIWWC5E2JVCYVA
2269,AGTVBJOGBEYEYAS4YP6EVMCGH6EA
2270,AGYARQC6BZJZ3ZRRUF2YII2E3GLA
2271,AFVYGYRIDLK7XUZLGCYXU4IQ7D3A
2272,AEH22FJV6VSOQXXHY72AJKNZPO6A
2273,AFO5YWKVTE53GW26LXWDXYJLEPUQ
2274,AFO4UEJW6HDNEBVA752KMFT4WAXQ
2275,AH437RZJ53KUJFVZOW74OFJTWZHQ
2276,AH2CD72YCEHJO2KCJ2FYR2AXG3NA
2277,AEWOO3BMX7RAL4UG7YM5TUQ3EMHQ
2278,AHVYAVXAXDJ6HQAPWOHMM73Z5O6Q
2279,AG4P5EBS4KT4BYZDU3LKQ5JPIR2A
2280,AG2F7QBPTYCIYKTGOA5DP53PKVOQ
2281,AHAOR5CAPA74X3VCEIV2JIQJGRKA
2282,AECHNXWUQ6TPMVFHIS7RVQNBKGEQ
2283,AG652RGZBSQJQY6EEA4R6JF2FMRQ
2284,AEEZF4LSG4XUBFGWXCHFLMDRWYIA
2285,AF6AIEIZCSEAPNVR6WM6LGFW5AFA
2286,AE6VS46B4OGSN2M6725PEYDR2Q5Q
2287,AGBPYMKRQ34JWDV7DUNYF625EIEQ
2288,AFYV3IFSDE3IOOYEH73W7PL2XH7Q
2289,AHPV2GFK7K5UTOXQ5LGONSTKHWIA
2290,AGJYP4RIJE3TOD2372TNEASHMLBA
2291,AEMR3NNWYS2ZVLUITB5FWHR66PAQ
2292,AFCSUS55O7XYXQAEX4HYDU6NZ3SQ
2293,AFKEEGBQ2UHDVHCXNC4ZKZE3AY7Q
2294,AG4SAYBXUVAGUK435SWPHAVB4MSA
2295,AHQDWVC4UOUVPQ5VQ2BGVZJYHXUQ
2296,AE75I7556Y5FKDVEXWG5W3QPKBDQ
2297,AFPA2NORNXGKVA6NRHXUYWDDC4OQ
2298,AHMKEJRAUKZAA5PHMYSQGUYEYT5A
2299,AFG76CAKDV7FSULCJ35FAH4IKI5Q
2300,AGGI6JY6EIDTOP4DSSCDEELTZUOQ
2301,AFLNRVV2LDBDSDFPXY2DITHPLLDA
2302,AELTK24MOBKFH6MG6OMGXKPYKQIQ
2303,AEYU54RXDXNJGC2XTZM5CMDAV6CQ
2304,AG72PUQAPHJZ7MW62KGIMSWZWYVQ
2305,AH6RJYVHUFLELUWSBFI7DWHOEP5A
2306,AE7SATOYXU3JKS6OHWNCP2V2YT3Q
2307,AHHCW3EJOBBFGTSINN6C62PMXHTA
2308,AGB7FZAP6O4MPOGEH6TYRBXDZ6ZA
2309,AFEDQMNDZA5DVWW6GKL4OJWVV3KA
2310,AFDHLWI4ZRWUPX4T2QOMGHDG725Q
2311,AHF7U2KJ55U4ZSPBSSYHY5R26QCA
2312,AHWMSU4XO7BHEHRJDFAA3O3COCFA
2313,AFIZVQBE5MYXSJYZ56EOCYEE7BKA
2314,AHVZDEF6TZ2OMTHT4XFU3SNZJWOA
2315,AELFCKWCG6H2HT73HDGKYFGGQKFQ
2316,AFEMLIEZKHKTAWBZMKB3NQGMHXTQ
2317,AEXY2SIUEBB3MEM5V6ZSYJT3XA6Q
2318,AF55FY32ODRPMBTXJSBOPYGXPMZQ
2319,AHYF4PC737YUIF3NEJPIBV2NEYDQ
2320,AHPN7WHPDFK4BVOCWCT3SZST2JAQ
2321,AGBLTDYHBKKOUZ3CXQ52NLSG6XRQ
2322,AF443JNBTFI5QTQOSJTTMGD7PBYQ
2323,AEMT5GQJV2FBGNGENG56WGEGO2NQ
2324,AFXNILYKWCO5YNUQ2C7VLFDJ7NWQ
2325,AEBEBWRNL5S5MDGIKDRHQNP4RDPQ
2326,AFVX2ORMW7XUFXMQHUOJ5ZEIL4ZQ
2327,AEGPIWVG6TVAWCNHKCTF5DDEYDSQ
2328,AEZH6SXLY3AS4ZO5M3T4TDJPPFAA
2329,AEGY775SCICQE4LCLVPMD4GCFR6A
2330,AGI54MCKUIHUNR2KXXOHEKGKRMLA
2331,AGDBCR7XXRWT24YCXO6WEUYZCUHA
2332,AECEWGHCR3N2DVH6ZYBKD6TAEQGA
2333,AEY5MNORDSZ27TZX3A5LZYKABUPA
2334,AESX4BELYCXWKZY54FAHDZINOQTQ
2335,AEGXPSBZQ26ANHQHPADJAGCBVN4A
2336,AHURUW4SIJLOS4NMNTBQPULXZAPA
2337,AHWIMNKRBUU7LYP7OWPBAYZRIAZA
2338,AFDYNFCI74N35R25XMYGGSPUTMFA
2339,AGHQDLALHP4KGDDY7Y25EPMHQO4A
2340,AGCYPXBQSJTKLEKE2SAO6JM63YFQ
2341,AEJO6KAN2N2FYP77WNH25VLWKTFQ
2342,AFRB3W7MT6RUG3XTGP2CJHRV5YHA
2343,AHAYNQGKIQQRBMV3YLL5NRJQB2VQ
2344,AEUUDS7SCVJMH4LV7YYCKR52RGVQ
2345,AG6UC2O32IX5E4HX5SMZ7C532VXA
2346,AGQKOQTECHNB7OJV525UDPRVSQMQ
2347,AGNQZ7MTLZGMZZB7VBID3J7QNPBQ
2348,AFQP6PPFM7IXX3LUQF7ZOAFVZJBQ
2349,AEZTUXPN6TOPLJT7U4QK4RTRWBZQ
2350,AEKS2FIXGHQDQJRMVUPSZ65ZRKTA
2351,AGUDD7UOJTLE6TWN7SKYNGN7B7HQ
2352,AEFOOQQ3KRTKNZNA4P33W63G2BHQ
2353,AGDHM55JN5FQUMSD5ZROHBXKGUFA
2354,AFFLHHFCAJ23ERN4YQYDTE6QW2ZQ
2355,AEAFZVF7TED7GKLUF5X2DZFU4DDQ
2356,AFXFWOYVL3EPUIIR7E5LJUQEKDWQ
2357,AE6DU4IUPHBQ4IBFCT7AXL5HGVZQ
2358,AG7QTXR4GAKCQDYKHDJIFRQOYLUQ
2359,AENFDGQEZCQHVWNGNWSIIAMWUBGA
2360,AEB3GXGG62UPURDHBIAVHPQXESUA
2361,AGL32ZL6BR6LK7N3EGVYCYZ3S4QA
2362,AGHDUKV3Y5KN6IPNL5M2IRAMBQEQ
2363,AFHX67YD7TC7HZIBNG5EVYQW73BQ
2364,AETEJCOD6BTK4FT56GAWICIDTPAA
2365,AGT5FSMNZD2NFMLN2S7UIGKPFMEA
2366,AFFROSL6ICLBD2KS7L7LUPLDI2LA
2367,AHD2LUA4I7AUNU37MGAQN3EC26AA
2368,AHJ6D4FS6WSEXJLDV37GG247GB5Q
2369,AHQPVIWWTRZDYAN4H6AYB6VXSMPQ
2370,AEYD5CLOGY6ITIMK7YFAIYOLLCAQ
2371,AFNTCTHYE5BKXSYLZEOJPNC4PT2A
2372,AH64ZHF5DKCKMIWKMBGQZSARWDVA
2373,AGZ7BTOP5DFUI42Z3JVHHN5LS3LQ
2374,AEBCEPDM4LQQYJVOSZ6UUCFUILEA
2375,AGPRMGJTUJ6XTACKXMURJ5FT47UA
2376,AGZSJKQWXVZMXIDBS7GRED62RPZA
2377,AGG3YLPNWMXXTW5G234OGVUGXZEA
2378,AHK2BQ4SWFK4FZYR4P2VIFALDKLA
2379,AEMGIL3J2CIUSZ4RML66AOR2SLMA
2380,AGVJ3LCCACCTYD67GEORTDEDH7CA
2381,AGXUBCKT3SWUCHQ4BMOXD6YIA42A
2382,AF2GF3W72OCZGABP47Z2GV65UISQ
2383,AFGC4GB3KCL7CTVBWULIWDLVXL3Q
2384,AEORQKICBPF4Y4OIJ7FIIP2GPCJQ
2385,AGEINXNP3IHMJX5Y24VKVTQASLPQ
2386,AGMUL67Y7ET77H4JVFKRUOV74AXA
2387,AFUVAU2XAPGBLXMT2VTKBH7QUQXA
2388,AHIQ5RZ7A6HHNGO6JKBJWQ3LE6NQ
2389,AGHCTOIM46IRHQWJ2ARXQH4RFSWQ
2390,AGU6QFLSEQJBP3HBOUFUCL2H6P6A
2391,AFHW274T3PKAP67NXBQKJI2JPQHA
2392,AG267YVEIVLO5MLPPAEKHL62SURQ
2393,AFBCWPFJSQZKTMWFAJCRSZ35GJ5A
2394,AF5SKJO4IZC2IPHH6WKLT33VURKA
2395,AFE2744SSBGJIF37RIRFWLMXQJOQ
2396,AHI65LET2E7KAELZZALDXJZTSZFA
2397,AGUYJRP645KD72GTGFLRZAIIDXAQ
2398,AE2HJV2GYQCYKHZQUYWZ4W6NYXDQ
2399,AEABVECRN3KEAUAZLPOMDFSGMV6A
2400,AER3Y52L37TPRPCNKRY3YRR64DWA
2401,AFP4PYMHY32QPHQEUNVZDF5JMZHA
2402,AHAK7QSHKPHZ23B5SJU7APBIU7QA
2403,AHDYG7DDJPFMFIOCBSF64O4JQGSQ
2404,AHS7E7XTA6CPKJEYZNFZLNILJYWQ
2405,AFKIB7XBPIRJ4G2AX3RZHF5XIVCQ
2406,AETBRX4AXUH4YGQDJH73GWD6TRQA
2407,AGZ3OJKR3TPIMAWMPUA75JHM3XFQ
2408,AE45H577AHF5JUPLMXNY3URQC5GA
2409,AHCTEJE52CHAXMEEKJDRDYYKE3OA
2410,AHF3VG6WOCJL42KCGOWZTJ54IVWA
2411,AHQP2CXKKMRVX2FFPBDROFRNH2BQ
2412,AGZRI4QPDVC65PJZBZHO6ESWI5VA
2413,AF72DUXE37TMTGWYYOTNHPBVOCLQ
2414,AHMD3AQ7IDQENVUCOAHSAF5TJAVA
2415,AEU5WDJCWUPRWF4WMZTQQWO6H5CA
2416,AFUDKSIALYW5YC4KB7U5G53EBOSQ
2417,AFR36J64QMQXKTX36Y7HGM7O6JVQ
2418,AGF6ENWLY7DHXFWWVCDZ7YLUXC4Q
2419,AFXLKGAK3RH3F4PCERUB2WULYORQ
2420,AEJ4ITHWUSE7AU7TPLEESBBWRFBQ
2421,AEBAMCLOH2JXEVLPLKLUCOA6D7EQ
2422,AETLV26FHEIBNUZ3MARNSIKCQEDA
2423,AFOVDFLVYLGS5LW5R6URASMOXMTQ
2424,AEDZ24SOBFWX5OZU3QQZYMJFNAGQ
2425,AHLE4HASO2EMPNGVJL3ITJ5IKESA
2426,AGEX5SM72KV4PQP6HEODIVXPQQNQ
2427,AFRDQTWPH5OAROIN2R2XUKQWUEYA
2428,AGKLWRKHTTK72X5OATQZPZOTGCQA
2429,AFWFHZ4CCW67VVT6CEFWBVG24XZQ
2430,AFF273FKBBV76RYQ7CQS2VQJE4TQ
2431,AEBSTJMFSLDV6WTLCWL7EIZDBUFQ
2432,AH34GSNV5V3W5GOY7CXI5RISKPDQ
2433,AG6LTDQQIPWZZEWOK7RZIWI2V53Q
2434,AFPZKDBWQS442KNP6XD5USTNBL5A
2435,AES6Z7Q7DKMPTIBJGLWDE7JNJ3BA
2436,AE5VYZZRUBLMWLQNY7G443ZWX3WQ
2437,AGDVSQR73TP57VHWUACAIKV5JTGA
2438,AFENPQQB6JHLHQK5JDY5PKZONCFQ
2439,AFKJ7KQUKPCKQ4ULWL6VQ5YFPTHA
2440,AG2BB6SE7TZBNKBUFYVBGNVTYLFA
2441,AF3TBWUGCJPFZWI7OEDJD6QHUJDA
2442,AGGSTWZBA7EWURKYORVZUOK752JQ
2443,AGJBWCYYIVK4S2ZZMJEUUP5IZOAA
2444,AELAOSD3ZPCAWWJ7D3JXSKNQU4KA
2445,AGYYVY2S4DJ4FFF3C3QOCHFMWIAA
2446,AGKTDYN5QJT5SN5B5GYMRFBYFPXQ
2447,AH5SSK73EWJ37GZZW4IAMP6JW4UA
2448,AFEWHWPK7SW755QPP3M2D7BR324Q
2449,AGCXQ4RXUYDNPSWBA3OZRPWELYMA
2450,AFJ426OXY3HQIKUCNGA42NSIQ7EQ
2451,AGRI7WZOGRDIO7BAJX4TWTU325FQ
2452,AHDAL67OF4X3LUI3MPH4VUWNFXZA
2453,AHJRMJPKIJCI3QQNKLZFWUATRV5A
2454,AFVTUN2NX7FDPV6D446TNT332WJA
2455,AEZRPACMJDGIL6G3VVSHOPJKZCPQ
2456,AG3PNIXRG7HUGFZQEJHFB2BLHDGA
2457,AHG7MW3UX32MIB3EGWO455LLGMGA
2458,AHFOJ6UUFQX5SUVPODAXYSSM3JVA
2459,AEJQY2XDOWK5QWTIXRCELDGOYWOQ
2460,AH4K3UMONX24CRSA6DXJPNI6G5SQ
2461,AEJYTUZ6O64C2B2K2UATTUQXB3SA
2462,AFAG5UTTZNGXDOCHVN42OS5LUAMA
2463,AHFS4ECPSSWDUX5YK4XTCD4IKMAA
2464,AFH76RD4L5RHCYBKRZ35J7JSKFEA
2465,AFERIGJVOW3CUPUX5SUMXVYU3WPQ
2466,AFFEJCBLSMVYNUXTX32Z6XDXE7RQ
2467,AGZKCQ4PIGISXSMDQ6SS5YZKJ5PQ
2468,AEIVRLTM6SFLFHSRFL6HPJWDV6OA
2469,AFPFBD2PQ6BVLXQ57MR2M6PVIU6A
2470,AGIB3MRCA4YUYP2I5VNSVZGAA5GA
2471,AFOOK5NGVLWZ7AOUEBZ6FKPYFD2Q
2472,AGCKIPTOAFK5HWXOZNZ44IDRFCKQ
2473,AHG5LQXFK3DID4LT45IGASCA6XMQ
2474,AHPYKZF3PRF4HLKZRXT36RRMXBYQ
2475,AG7LPSYAI26QJEZJIHX5RSNH27RA
2476,AFYV27J6LJUBACAUSKQIHCLJ6QJQ
2477,AHDGWAQFF2MYRDBPIJNKHWCAMRJA
2478,AEQDYMX6EUG5WPOIZ46GER6MQ3CQ
2479,AF33OTEQV2PRK7J652AJRD7T6BKA
2480,AHBL7MZR32CI5EPJA4IWDRMCRK4A
2481,AHN3THZD524PMP5TYL3IQBLK7ZYQ
2482,AHNOFLUGZOAORP75TJ3K3TDFW6XA
2483,AEAJTZNIASSY5Y2TIKM5OMHTWGSA
2484,AEFEJWX7RM3QTME2EP5BRIGCZCPQ
2485,AHTW22ZAF7IGS4ZWH56CMXMUEIUA
2486,AHNS4NCO5LB6F6VJ7YDPIPOBODCA
2487,AFLONY5OFIBUIQZLERCVPV3BUIXA
2488,AG7UL3L7XIUBTSCEYWMT736VPKDA
2489,AERQZF4JQHMBIMUGJJ6JQTRM3Q3Q
2490,AHGC4IXX4OJN4LMMXKTOEQCIGE6Q
2491,AE2SSHAHSUP77HZV2H7YNJO3ZISA
2492,AEYAO4ZBQP43DWGY74QJFRUDCRZA
2493,AGG7YJ7MLVFXYOHJEY7FBB3ZPU7A
2494,AESZJJ3WYJ3H45R7PBSQCVSFMSAQ
2495,AFLJ7OJIWIYIFHAXAN4IPFYJZJWA
2496,AGQM2X5MZZ5NZQPVSV5H3KMSTUTQ
2497,AE4ETTDAEBMOVK6ZWPRSLKZFHIBQ
2498,AGGDCO2Y5W7F2GA3GW4JO7FBS2CQ
2499,AGULNWAKGQY7SAPDJONYIQDGAPPA
2500,AGSYFMITQ6GZXMBD2AGRI3EIBJPQ
2501,AEXIBBC5E3QUZF7YAXPLQTEZ3SWQ
2502,AFUGG3K2FR6Q2DPZFGKHLBILIKZQ
2503,AEFFUQQK2HIVAEPCLDKIVAMLT25A
2504,AHDDA6MMRTE4QN7D7QV57CNEIGXQ
2505,AHN24C5Z4IBPGU7SKHIXPYS3KV7Q
2506,AF2VBPEEAOSIM5UYTAHFVPID2OCQ
2507,AGAHDJQMHUF4U7UT3UP4DMA2F37Q
2508,AGGSOTR6ZPSD26YUDEU6EXYHFXVQ
2509,AEX6FRYMTZ3TO4I52ZDX7SLXMA6A
2510,AHWP5HHYCWW6NN5KQBRCM4H5PM2A
2511,AHATJLYU6NNKMAYTK4FRTJVHSPYQ
2512,AEDYLUFJFBJND6EUG7OUY72YU6FA
2513,AH7OLPRE3YYFLQ62XCEYEWMZBYPQ
2514,AGF7JIQE5SNI5JJUTKPBVZCEY37Q
2515,AE65AK6F4YFGA2KUFAEIRQU7EYXA
2516,AG44RJUJDAJQAX3B4MWJZ2D6QR7Q
2517,AFC2OECW44SVOLC7Q22ZOIDW2XIA
2518,AECWIRL7NJCSXE44OK4J7QEHJ4CQ
2519,AHCPZDAXDHQJEYW3O7VZMOCAIREA
2520,AGHCREJS6U4QZ2HD5QQYB56URXTA
2521,AHUYM4ZGRQ2ANX3CJ5G2BRN4PQ5Q
2522,AGEW4LW7FZ2WSY4VY7BHYML35UPQ
2523,AGZNSXDDFSILZOXJUPSGBHQOTVGA
2524,AGJA47UPKZTEQMO4R7CAJL7RQMUQ
2525,AGHF33J37MJ4RRFAPDO3JEUAMVJQ
2526,AGDRVPLU6UGM7K26BELG4QLFJJOA
2527,AFF55YIR6BGBMKTQ32J3C5DK4WMQ
2528,AEH66HUWSO5XQY7FIEWSHB2YIX2A
2529,AGP7QW6ABC7WRBJQ5ABOZUCEGYDQ
2530,AGMP2XEAFADPI4VVIUCVIYU42OXQ
2531,AHS37KO4K53Y3AKJYRL2LLD4OE7Q
2532,AH425R5VB2FXOBYSXKOXDLXJKICQ
2533,AFMT7EH2CCHA5DUMD2WNF7WGWVNA
2534,AE26NRBLSGNO4R5XDEM3L54MZVVQ
2535,AHPTWBKTFME7EUPDFF7DSUCST23Q
2536,AFT222GVTHQ2X6TWYVQYCZ7HIVPQ
2537,AFWH4FJGTWYXAHUCKYRRN6XBFYMQ
2538,AGUE3SC3DDSHFY5SA3BYGVAVUFGA
2539,AELTPUQCQSYHCSDC5F4ET4OLOOUA
2540,AHDNGIISQPRZ3ADFDEVG6UZ47XFA
2541,AERI6O75RV7KS4Q5AAIYYFF45CRA
2542,AH3KEOQESPGPNGRSDE3SMFBB6B7A
2543,AHZYDJANAC2VYIWVIDZ2CPTWNOOA
2544,AHHG2HFVMVBLPOUVXODH2CVLFXNA
2545,AEFL24THWNR5KNQAWGBJ7CHHPYQA
2546,AGNE36CCAHPZ4ZDH6JNJ7C6JNM7Q
2547,AFPVKWMPCZ4PAZLAWA3EZJ6OEE2Q
2548,AFQAOV6XCLNZTBKQKFUTTXLLG3NA
2549,AGYORVMLWMFVKXZRNFL5F72WM5NA
2550,AEPGMY65HNH5GI4IYFVTE4YXR6UQ
2551,AFZW5YBKXYCUWKUCVWAQJYADLUXA
2552,AHB4HXF5AU4APVON5YDIOK7VTLLA
2553,AGZ2OXF6PMXHC2N2SUKABMETBZEA
2554,AGN73IDIE5OWG5MYDTJA4NBCJH5Q
2555,AGS5VMM7BALA6KJA6QJUNQQNFUYQ
2556,AFX53DC3NWQPM2RA77FBWQMACTGA
2557,AFJD7DLPCGBB5JOAPKOWVQIR4SPA
2558,AEM5K6ZZVRG4A5WHGFQV2QVHI5KQ
2559,AEADI7HJHCXVBGKGO4DURIFHVOBA
2560,AE6Q3GFK7HCLHI3XUL4EPE2K6Y5Q
2561,AFM247ZVYYS65TAB4PVCCLB4HOZQ
2562,AEE3GQ2NBNLRADC66CXYSYPYJK3A
2563,AE3NJKMEL3IA3UVKVGAJKT6VBQ6A
2564,AFFKES2WFZDYL3UVSEIQZQAV3XSQ
2565,AEX7DPMMNOPHVWZSKEJUJ6HWZPVA
2566,AFD4FSGAR64EQLPC23NENRWTMR7A
2567,AH7LIT35LHLICSA5YKX4G36NMNZQ
2568,AHOLRWROVQZE7CBJMPJBV3UOQZBA
2569,AH2JHSP6OETI3PC7DTEHOJJDBFOQ
2570,AGDYVIBCH2W5BJII4C5O3CBCMJVQ
2571,AEOSEKWTQTPN3ZOQ2FH4MZOMLNTQ
2572,AEAPAVZE65UIEGBZLG3DUMIPKKYQ
2573,AEJT5G4VF5S2RYAV2M23BOYVIYRA
2574,AGVB6R4IPIRQDAQNVFFTYJAD5G5A
2575,AEMBN76ZQDK44E7UAM4AY6JFEDUQ
2576,AHSXG7ZDE5JFJDY7BKPNWAFNZWAQ
2577,AFXNTGLFXRFHK5YOSFCNH3IXT2MA
2578,AFNWFUCUU2KOXOOUHIFZSCDRQI3Q
2579,AGVBC2VB7KS6CZGO7OOKXNRYXKYA
2580,AHHWTTAXGUJ4LLDUXPJOCUHKLBSA
2581,AH6TEBVRJVHRGXK42TKQJFHIVTDA
2582,AH6XPHMKR2MCGK3KDUEVE6MWBG6Q
2583,AETX5DDG6CBLYEOPISGZEJE474YQ
2584,AHQGOMLOLUFMAFOCDFA5PPJOGWZQ
2585,AHB5KBZAG7NZ27KJBZPPJ4PH4GTA
2586,AEX4SCVESO7AYJ5YHSJ43OKRQMSQ
2587,AHLHFHCUQKW6LHURYJOXTUZLLLLA
2588,AFJGLCYGTQXIEK7V5Z4EUI4FPAYA
2589,AHKKHJOD3LQRE2AFVDIZSGN3JEDQ
2590,AGOJNLCK32V4WJTE5V4IP755FGZQ
2591,AHMDCNVHXIUWYRM6IHQPIWG2AESQ
2592,AH4YQPUYYVQZ4A3Y67R32J4OMVSA
2593,AE44ARNX57SI6PHA7AQQAWCMXHBQ
2594,AHXTIK5AGY6SSMUC6HSDIU627WQA
2595,AFF43ZHKH3NXL5O3MTKRED454YMQ
2596,AG2LR3W3CTW23KA76UL7MM3T4WEQ
2597,AGDQE77BHULOSIKDWBKNEI6B3ROQ
2598,AGCPIKZU7FON7U6W5I4J3IVK35UQ
2599,AGOEGNBLLHRWM2DUXSDW4LCGCQUA
2600,AG22M4QMUCDD3BPL2LOK46EKRVYA
2601,AEUHKISMNFCMFMUZOPHK6MHAZ6HA
2602,AFAA5AWTWVRN46DLJ4WLRZ523NCQ
2603,AFFCRN6F6NEDMY6DMTZY6Y6C37EQ
2604,AFEIASWAVLLZVEZ6SRLNXGYQMLYA
2605,AHWIK7DCF5YLCSMVUYTLRIJFWY4Q
2606,AGBE4RRX5WTS2UFP7VX437XOCTRA
2607,AGPCR2MPLWA6WTKDGMR5XYGWC66A
2608,AGCUNOHRGSVOXC3JYSNLZ3N3ZVBQ
2609,AH57E3UGXM4YC2PQDUHVENIGWAXQ
2610,AF4ZXHJ67PTD5TMY3EH4DRT5BYWQ
2611,AF4XAI2WLQJANLYPILXBZPSSNNSQ
2612,AHODR5CURCE2UG4MLVSYY64PFWLA
2613,AFMABKEHY2OXL3TPAGWY3OCDWG3A
2614,AFBOXL4C5NFEVVY5CUJEM724OYSA
2615,AHG4GALFD34WNZREKVC2CQF6ZDPA
2616,AH56X3OG2H7SNRFART4WR6DXRJCA
2617,AF5IQKEAYNEA65DLT24M64AU25FQ
2618,AE4ZXBEMBWLUK7NNJ5INLB3N22VQ
2619,AG4GQF2K5JIHLDJFG4SUYPNKHPTQ
2620,AH5W2FG6B6L2RSUKUCGPLFICKAXQ
2621,AGXTFV7HHBNTYI7MA45OQWTYL42A
2622,AHKQNOJ2MKGAHYJK5BLSVP6JHX4A
2623,AFRKAFNY2EXDXOIMD4AMOA2IQ3AQ
2624,AHF7JJVX75GQ5PZAY3OUA43EEFZQ
2625,AG4JCDLRVHQR4JN2ENLGWBE4NZHQ
2626,AEZ6GIDPKTKLAESPDUPDVYWXG67A
2627,AHSNGB3DMIYT6YRGI6WVJNVGWYLA
2628,AFTT456MVIAOESP7H2KSHNUTB2UQ
2629,AHAKQT6ZE5O4T6DKXR3D54JE6HCQ
2630,AFQGGTROUEEI6R2SOMJNTLUXXQ3A
2631,AETIJNBBQC7NXGIRNNAMI5UMSI4A
2632,AGHKVPRNMWANZDTSMX2OT44TN3XA
2633,AF2E35267EGWBJQKELPNO3ZFCZRQ
2634,AHLQAQYQYOWO5XCQ53BSRZANH2YQ
2635,AFSNXUIVP5GZO5MT74Y6AJ5ED55A
2636,AHKSPYHBSZVCCRGAOD3MW3YB6Q6Q
2637,AE55KBPMEJWP3ETB32PFQJSTV6WA
2638,AEAN3WHQW5TLG4TIAPUHJGTMYHSA
2639,AH7YZCGAV6R2WA2KNXW3L6EI6CCQ
2640,AEM3KEZXM32KRBI64HAPDSM5RO6A
2641,AFIGOQKXQOG7VPO2KWOYVV6Y3L5A
2642,AF7XNF5Y22WADFXZRZ4JWXTERENQ
2643,AFPAFN6RINSBMJOPNHONWNYZY5EQ
2644,AFQAGPKHTEFR54ODRRTHUC2TFB4Q
2645,AGSQ4CNM4LRDNZNTBWJ3CALS5NLQ
2646,AHQMKVCYTRFT2CRNLRR3BX5GMFBQ
2647,AGLW5HXVIF33NS3HO74QNQ7OPW7A
2648,AFQRRC2MVJHRF25XSULZSZXFB7BA
2649,AFWTDXINXEZR5FRJNWIGL4CPSQ3A
2650,AFQNOZJS3WQZUCWMGIRYWWBTE3YQ
2651,AGE7D6ZIML4GAP5ZTMQK5D2XPGOA
2652,AGER3VWEORTGAURDGBEFDYC2IUJQ
2653,AFCRSXLAE2NP465JL42WZGOUYJ5Q
2654,AF7JC7HGUJ6R2N6H46IZAU65RYHQ
2655,AGXDGTIC5IT3R5Q35EARKDPL2EXQ
2656,AHQFD7FX7EM44LXCVIP4TLYLL7QQ
2657,AFOTIJ6YK3NJJ4ZWK45JRIBFH6VA
2658,AEWUFM6UF6GVKAEMQUPERJAYDLYA
2659,AH2IBYHDVODCK3MHD2O4ILVDZGRQ
2660,AG76YYT2G4JP3Q2N4TUMF25LT4ZQ
2661,AELWJTHQ42AKLFLR4YKN7K3CLQWQ
2662,AFBJU36IIKULA4RK57PPGHZOJL2A
2663,AE5TD2KA25ZQWKUIIGT2IBNJ7AGQ
2664,AFCSPWWCOKDLSUH4FGGZGR7QNHYA
2665,AGJAESP5R2KQDWISBC2A7B6CKANQ
2666,AEICNWX4DMOMOFJPSRQR6YYYTEZA
2667,AHYNNHIZRAWUS4UOX4DFARP2NJGQ
2668,AGZWGYNHSD6DUNM7HJVBNJUOSX7Q
2669,AGBSCESKZOPK4L3R6QINK4THAKVA
2670,AFIQEKBXBCGCE6WEH75ZJBVER6AQ
2671,AENEW7ZLPI5J4E4ESD62K3EMMUHQ
2672,AHSGAC2QYPOCWXVUEBK3YH3DR44Q
2673,AGDCRRM7R6I3RFIBLGAT37IZKDFA
2674,AGQLD7O3RA4P545HYEFLLZEASZTA
2675,AEIASCGRWVO3D6C7S5UIZAY2JXRA
2676,AHCFBBDOXOFUXSYSULJF5DZKJPDA
2677,AFIZOTJPZW2WLZTNKXCJ4G4OSLPA
2678,AHTJZQ7T3PKUZ2CFFAP4W7QHGZHQ
2679,AGLVKLPYBZ5RJT6HADQ6JRIQCUDQ
2680,AHKQGK356DO2KHL3MXADC2HC7ZVA
2681,AFBGVKZJKFVK4J53UFQLPIS353TA
2682,AFEBST3GNVV3VKDCUVFVRIPP6EHA
2683,AFNKJRHFF3RVORWSE72LDQAJBZOA
2684,AEF7IRJOS35EYX5TTST5CPMA2RZA
2685,AEHFWUXESQHVD2DVEG65VUTSNKKA
2686,AFPWAGHTNEPD7DXVJ5MWFCXGXSXA
2687,AHY3ZFV35IJVVTVIZ443PW3F7H3Q
2688,AHRGCPCIBERLOAMRLLEB4RDHLVCQ
2689,AHT4AJC7C4SBKAARFD24VGMMV3VQ
2690,AG2LGUDOJCCBMHNHJQ2QUKTKCFFA
2691,AGLZKAEVIBG57X3CKJU6UEVEXLKA
2692,AECUOUT62OBU7MVBLPP5PP3CQQEA
2693,AFXRFTBAM2NQXTIAI44L6DOJDRTQ
2694,AFLTSNUT6GCXYUYWXFKJ6IJDPENA
2695,AEUYH7SMQPHF2JKWQACFYX6FDV5A
2696,AGFVZZKNDVJS7KF5DZWLAQ7PVB4Q
2697,AH23LNZGIVHUDRGNE5M4IQEQUEYA
2698,AFJIWZSCMG4ZUXDLYOARDED6NAVA
2699,AGYY3LKCAUAZ6JBRDV2V7NFY5YNA
2700,AGLM7ZWWKVBXLFJ2TKFJ3ITLMEKQ
2701,AERNDQNTNI262KPR64QDHAT36YKQ
2702,AGM577R6C3MM24235V7TYBJWGHRA
2703,AFKY5SX5VDH3MQNXBHU4N7I57KAQ
2704,AFFBMDSZI4OMY4MYLKVHPYVSYEJA
2705,AGVHM3CZMH3CEWWYZMHOYATBOZ4Q
2706,AHEW2C7QVDO5J2C3QFDL5Q5I32MA
2707,AHZDPTK7IPHKZ4BH6WPEEG3MYCRA
2708,AFVGY2WA6V52ASUYEEW7UGXD6QTQ
2709,AGBTPX7S4AQEWR7DLVJO23E3YIYQ
2710,AHWM5TMF6V2RS6I2ZJYRKYOWMQSA
2711,AFTL3SUJ5VEJSKF32GQPF5J3P7IQ
2712,AG2MLSEMTX6TQAREVCZDUOYSNY4A
2713,AEATLUETQPV5IADORE7CWKOLYR2Q
2714,AGJ3L57I7SJFY2TCBLKTHV4WZOEA
2715,AEOAY6ZVXOARUGIAQDBJYSSLWHSA
2716,AFFK24HT7PALGQUFPTR4RXWCHCAQ
2717,AEEOIZPEZ5L33CQG2FLTNTQQWP2Q
2718,AH2MR6Z6PZJMQUFNFQUTXPVALG3Q
2719,AFSXUGDLE6LLTFZ67CADG72BEDRQ
2720,AFQBFD6PGGDW5UKKADOJGF6I6QTQ
2721,AFEWBU2X2AWEUAJBLK6ONZV2NJBA
2722,AFI7L5LDMJZWU4J6UOCKPLTZL3RA
2723,AFWPTZVTZWTGDW6RDYCEXNF35KBA
2724,AFLUG3PAJW5LCQOXKHK2N4RSV6WQ
2725,AGB2JLWFGSEQZI2DWFQ3HMSNQ3ZA
2726,AEJRAJTJNDAZ6U3UWXJZJH26YAQA
2727,AFY4YTO2W4VXHGOXZGHPUYG54OQQ
2728,AF3QYNC2TRI7TX4GAI2DCOKT5JCA
2729,AHRODY4TGMOQHFPINCMBEDGKDDRA
2730,AEZCOBO6N33AKOCAECN6W6VJMRUA
2731,AGR3MIRNUIALZJA34O32KCF2IY3A
2732,AEKWG5X5RRJ5IQJED3DCE5K27JRA
2733,AGA2EBXPLOEWNKGVVVS3RQGSU6HQ
2734,AGHLSOW6HZNOD3I4JZTCZZH2H4QQ
2735,AHSTIVQLVQF5G22L4E6454EPMOIQ
2736,AEE6CZ2NFPSUPJC7KP6RBF7ZKFFA
2737,AGLZWMLRGSQUEBI7O4RZNPYDARHA
2738,AFFRUJWAQQCB54JEBE4OIUWYOE4Q
2739,AGEC3FBWZNVFHELB4BUQ4M266KEQ
2740,AHVPHWCXXNM26ODBFRFQEVK6SW3Q
2741,AHNBW2HHP2VIAFDZ6Y6AQDF6WCOQ
2742,AGZ3YZW4NOYJHGRN2RJ5O7C2LN4A
2743,AGB6W6V7IBYR7JHXGCM7MM5ETF6A
2744,AFJHSSUBNOWLO5EU4DLZNICFSWSQ
2745,AERCUM4MUXRXRNZMJPAIATECKBIQ
2746,AGCU2CRFQCIVG724UWLUIWQPS5WQ
2747,AG4JSWKMQ5YET6RIU2VA372U6GRA
2748,AER3JFNDVIA2QKGR5CLPZTC6MWHA
2749,AF3QM6WMSG36KVCLTJXM4UT7ZSXA
2750,AGX6GGLJX7NBLVQFOFODXQLDXZUA
2751,AH76CCJWVJKONTQEGKDVN2SVZ4KQ
2752,AEM3QWUK6GSI5FGNKS2JTRKBZSHA
2753,AF77PYQKEG6O4E7ZKK5J2J3OJIVA
2754,AHUNDGUPUE3AKAK3PSDPSQPDXFPQ
2755,AGY6SNMFKHCQJISS3QIHNAKSVPSA
2756,AEUYEGR756JTY5MFH3PJ6XSGJ6BA
2757,AFWLQPIQRDIQMN3DYFROB7OKO3DA
2758,AHLY7AO5UYEEV5PZJUILUZTDZDBQ
2759,AF53EMZ7U2NA3TFAFFO6R7EIY3YA
2760,AHUFTBUGZBNG623YAUN3P4AE25IA
2761,AGV2YXAE7ZKMS6NAOMFESOAB3REA
2762,AFYWHZNUFRALJQAHXOJGL7IIU4GQ
2763,AH4VP2X6RIXXIAGDXPXYAZT2JXDQ
2764,AFVYWWFSTBVBFQAOMNO5LSW3P7AQ
2765,AGI7HXK72DTNLAM4AQWMIUN2WOYQ
2766,AEFE3KLZLEVQXBKQWTLLNT6K4JMQ
2767,AGIJAGOUH6MOKPZZ5KHOYIC2RO6A
2768,AHYGFAFV25XVUOTTN6A4ZXK4QYCA
2769,AG2FFL4C4X7TKHYBBG6QAF4ZWZ7Q
2770,AG3IAA7RCSCFPNDL3ZNYIPJ22SEQ
2771,AHZLUI5L6GY52XBNJRA4PCAB4TWQ
2772,AESSBTM3HOYKHXIC63KAZN6U7P7A
2773,AG7J2NYBLTPXAECKMP2NTPCUJ32A
2774,AEKRITNIJ6OXX62TDPAY4I6GDH6A
2775,AGXH3EMEL27KCODPL3OJS5FT4UIA
2776,AH6YNZSJ2BPD5M5KU6KJARBXV57Q
2777,AGRBFSKLYV5H7MME2Q4UGBGDE6DQ
2778,AEND3AZ7Q7L4VNZSBNJR5QS25GQQ
2779,AERDINYKHP4LCB3RXEIJOH6E5JHQ
2780,AGQFIAML7RTP3DSL2A67RZRAYMQQ
2781,AEATITS2SCPJFDLYRWKVCFJUP3BA
2782,AGXF7G47O22QDPHXKJXYQCEKPDSQ
2783,AH4BZNOPG4LBYQSBJPMXTKNYTU2Q
2784,AE3FQOJJLSBBPAV7RFZYIWC7ELPA
2785,AFIYNELQMXJQJW5H72FA6SGMMNKQ
2786,AFWJQEIOSLW6O656MUIQHKYRPGZA
2787,AGXXYOWR5AKZNOTWBJXRYP55EPPA
2788,AFUKXPI3QLYU267T56SP7TNKIS3Q
2789,AEZJNPULL773WORL6HNZ4J6YSLAA
2790,AGARV7HK3SE64JEXTG7QJL4EJTDQ
2791,AE2USY5HMYYUOTCNOBREDDY3THMA
2792,AFJHJDXXSM3CAWPPQKCF57OL3G7A
2793,AHSM5CVMIAG36VDERPNJ43ISDZRA
2794,AG7DERRDBL6JBXQAXH5EV7TPD6EQ
2795,AENYPUEU7AH37U6NIFLVZQBCKQ3A
2796,AGDFMJ46V5EHIZO5PSUOH4DFRGVQ
2797,AGK2FRNFGEGXCDX655K6NNABE2UQ
2798,AEBUR6XQRUJ74NCFK2ZQRDHSK72A
2799,AGPJERL5KAOICMH3INNRYHMLF74Q
2800,AEOTFWFWTMNBOAQXPE23NXLDR2TQ
2801,AGS3KJD6X5ZZBI6NFBRUKXPLLFHA
2802,AFK7G7IYG56IMIOTTFXEWCTZNWZA
2803,AH2YKAQSF7E7ICQFYUNPH4BAKBVA
2804,AEWPNZKJWJUNSRGDXERCOZ37GDIQ
2805,AHX37S4XJ4LJMRGVO4ZPPFAWIQSQ
2806,AG5AAT6XHIMSYKZ6MP2KWTTW6LWA
2807,AFG3P6JAI55ZDNZFCJ6YS2ERR3YA
2808,AHMFLSB5MREDO4KRAYB5BRNVLJ4A
2809,AGDZHAOVPZ7VHSRS57TDYVU7N4NA
2810,AFDEFGU5QGE6DWW3VRJI6TRA6K4Q
2811,AFUFI2YOCFTJIML2WWVI5OPVQEWQ
2812,AGAPDTIQHCK7AFAAL2AXMIJ3CRAQ
2813,AG62YZ5O52IGMFJYCOYVPPGQ46MQ
2814,AENW6HELRDRLQJPZBC3BIXOKWGLQ
2815,AFNJFYGGG26ZHMDXFTOE74EUS35A
2816,AEWBT4EZHFEUUVNWX2FQ7IRHJZHQ
2817,AHPGBVKLEMFURQZRDS4CBQW4YE4A
2818,AHWBDAABWNXWJFCMIIQW3VJCD3GA
2819,AE2UIZRHDK7Y23EB5UDVEN3HEUQQ
2820,AEHDUFGQYKGKRBAUZIOFGHIIL5ZA
2821,AE6BOPHQRBCEXHKBNWTBRER5BEUQ
2822,AEWJ5WZ57XMIAK3LO5U7C7SI6DVQ
2823,AFY3JOMRUVU7GKHSJEOHCROZ7ZWQ
2824,AEHUGYLO4KTV3HDYYYUZGT2ISFOA
2825,AGFO6DDNAJUJVYXYXLGBPIT65C4Q
2826,AFG27MLIAB7Z4ERBN64AEXOHRTOA
2827,AEGI23TDSX4E7TEDQLGZZS6FGLXA
2828,AH6WEHNJKLNFUZ2PKJ3TJX56X5OA
2829,AEWKQFIULYIEDDMDBTCEV6WDW25A
2830,AGAXJBHVWUWXMAABIQY5ZC7Z4DAA
2831,AGQD7ETUITLXLTS7Q2JARVNTASFA
2832,AGO2H3ZBCO7Z74UE4TSAPJZESRMQ
2833,AE3D4BUT4XZ3H7ZUPYQCGOJURE7A
2834,AE7FDA6YSCBHAHHYMRG6KIBGPDIA
2835,AHQ5J72PDIWA56A7GFWJNY4TDCHA
2836,AE7VO6C2YRF2UZICFFXKAP2KBFVA
2837,AHABPMH4W64ZVYE6HWUYPAXPQIDA
2838,AGOYOYVQ5TXLTVDH2Z5RE2Y7K2VA
2839,AGW4JIOKQDHI42WEI4NDNXGAW2PA
2840,AE6MCWBIR3UDPAOCK4UWQLSXC53Q
2841,AHRXYVCXRVNF6UV2JAFP4YG7YKVQ
2842,AGMUIG7HOXX5YZ7OAEOVOB23I65A
2843,AEZQE57KDUHNKCDMVX4FRPARR3AA
2844,AGMCQSQHCNRN2IW6SSGAK4RASTNA
2845,AFJOUVSZ7QFNEFQNEFK3HCH6YR4A
2846,AH46EAT2S5XIK2EAYXKOHYNKDYUA
2847,AGEZRXOW7FSD5U4G7TKDGOQ3EAUQ
2848,AFORZF44W65TVVH6FMTBNUCXM44Q
2849,AFPFWUFQNZGNGSEOQNS5F4TVPQQQ
2850,AFZMM2P6CII4EKCQBGNZKUGODEPA
2851,AHCLB76K5DVSEM5QUW55XXQU375Q
2852,AHHFIKRIKQJJCZMYIOJYYEEA4B4A
2853,AH5HJAJPXVWMJ2SQPQ3Y4PIUEG3Q
2854,AGQNLT3WB54BFZ4FP4BYBAIP5PKA
2855,AH5UNGGJHTZ6CYGY57KEKFRAU44A
2856,AHF7EMJUXM4HUYUOB3IX5TVXIWAA
2857,AHOZ5DTFLHOL6IL5ZVMWZVPN23JA
2858,AFJWKEECIB5SIK3TIRFUAL5KLF3A
2859,AHNJEWZN6EFLS2XBHFRIGEV63CMA
2860,AGOBKHWDYRAZMH4WDU4NQKVW2GAQ
2861,AERG3GRGEBDIZR76XQSCSMNPQV6Q
2862,AHUYM2UENW7QZGIIXIGDOSNSHXUQ
2863,AEMF5UMRCEBQ6IQCEMROGSAIV4XA
2864,AENR5DQ5KUDNO7YHQAGTCAFXMC5A
2865,AFLACRP7DMSW5VDJAXXVUVRET2OA
2866,AF5EUEQNQKBIN6G3UDRJIC4LPJ3Q
2867,AHDNDUBDXWCO6NMHXQBDOXCTEJYQ
2868,AGPP2YATCPTEPKDWEEYRJGWQFQJA
2869,AGOLWTIFDLLSIRHI3I2H2UF4HAAQ
2870,AFKCUNXWA344V3CXY7ZI6BOHHKRA
2871,AHQLYETE54ZCD2AMEBEZN2N5IF4Q
2872,AFZ2GCJSLLCHJ422NSYUXQUKSQIQ
2873,AFEYHQ4INHNYVLIVLFXI26CT22PA
2874,AELE6LXD5T3XTGHNBKJZEWFAPQTA
2875,AFGR3KBRNVVKO7N5DI3MUFS5EOHQ
2876,AEGBSJ5RBJT3NF34L3M5M5O5MRYQ
2877,AHCLEYFIUNDF44644EGKA3BRG2GQ
2878,AF7HHUFRLFQS35WVVNTDBYRZVVWA
2879,AHXAWBOFVNHL4Z5KFNU5CO3C6IFQ
2880,AF5VSGBUSAKFSQYGCV5SSEXQT55A
2881,AHKFORZ5VN6JFQWHUXNXDT6WRKEA
2882,AF6FFX3I7X7KHY7ZPUBJSNXSBJ5Q
2883,AHKKKNPF4WHRIDRD2I4E3YUMBCJQ
2884,AGXLKWJMC2642PIYRAHTY4N23VHQ
2885,AGFCLA3IF4IJDNDR2WYFJ5IXJFPQ
2886,AEHH4OFFHFY3CNOJFW6KUUPT2AJA
2887,AGVVNNBW72L3UCF4UDJSFQCQY4CQ
2888,AFGPOBSS37ZK2Q3XN26HDQWLS6FQ
2889,AFZEWWGP3TM2MRIDKIVZBQELW67Q
2890,AFKCDMB4EL7B5S6PJAQ7ZDAZQRDQ
2891,AFNY4XVZP6ALT7PWGVQXAMB5DLNQ
2892,AH7YB5M2B6IECP53HVZXEOT7YTTQ
2893,AEVQU6LDRFWCFW56IDGVU2UDRH5Q
2894,AHLGZZQUYLJXGG57KWQAVTE3ZB7A
2895,AFPVLY2X2KGMTKHB7WTBF27OXJIA
2896,AGJ7LKVTDAFN5WYCQYYR7ASAXHBQ
2897,AH745DW53LDRWOQFGKJJGCHLJAWQ
2898,AEVPYNWJCSU642PUMTAPPUZG53EA
2899,AH2W6VDM6Q3OMD6NZURQAHHOM5KA
2900,AHVE2HJNY6FM2MCPR2W4PDTYIS4A
2901,AGSYLZVR5XAFVX24YQ6OF4WGXP5A
2902,AFU3WTZ5332BODFUD6VY4OL4MNQQ
2903,AHKA4QRV4NAPZWTA5R6C4O4BQ6MA
2904,AHJFVD5LJLSRP2YP52Y6UZUYOGFA
2905,AG4F2KV5OZT3N4C64HQ6N7JZPVPQ
2906,AGCEWBPRIMJRQNOIHSSD2TVFQLMA
2907,AFIZ6Z2FVQQY5WYUMZHFA3OD75JA
2908,AGFWXNWGTIQW7XWW2IZUMT6P2G5Q
2909,AFIBQ7LV7ALYN2N6DSJANHJRH6OA
2910,AE442NROSZZA2OLGGL5EMZNDGJXQ
2911,AG3MIHDWHYQYE3NGJ4MXMPVKPT2Q
2912,AHNPLK2XCNJZJ5UO6IB5ZA4SYJJA
2913,AHAVST4J57MFYAH3LU5YZFOZTPBQ
2914,AE44MCYFAB6O7YFHO23SZ4OXYAIQ
2915,AFRF6TKWE6SDHVDWYCE5TAUMVJSQ
2916,AGZWYJ7UMJBS5L7QPU2FLBFTOFFQ
2917,AF35FG6GFFXS2LYHJ5E65KU6OVEQ
2918,AFLQXMHDWTQXDQJCW4H5MOQDGGIA
2919,AGBGC4F4DCAZDNM2EVUNUFMTPNIA
2920,AHXRNXFXFPGXO2RNSPS3SP5TTPJQ
2921,AGJD3QGUXEUIEJLL4MX6YCEDOXRA
2922,AHA7LAYT3HRE2JXDXLYAZFNCCLVA
2923,AH53T7PC6XTCICKMMLLILMEKR52Q
2924,AFSO55DP3A7MY3HTPU7ZYIN5YEOQ
2925,AFYAEFCL6EMG6JOQENB6TGMCFKFQ
2926,AFZPEN2W7BUNMCWIX55WI5BUWHXA
2927,AGNLIJFZZPCIHY46LRMIFMLH44LQ
2928,AFWRWPN3JZFGFZQLG6XDXLVYM4WA
2929,AF6LK3BPY2A526ARAW636QYF254Q
2930,AHPXAWF4JTENMIJNZOD2X5GEQZKA
2931,AHKJ5LSAVVNAK6XGM3HOZC67VB4A
2932,AGMA7OJEAHHB2AOIGRMWAVX7ZTZA
2933,AEJCXMPW2SLJV2XBBJNB52JMUYEQ
2934,AGVS6X7P5V4NRABR3UWPBJMDQKQA
2935,AE6NDK7KI4HMAO7FN7BBYOFY7VJQ
2936,AH2TYLQSJE4VTN3TG4UZ75JWSWIQ
2937,AEGHMSPRWGEKDOKTT3AT3QRQUFSA
2938,AEAOM2ZQCR6UZH67O57UCAA4APCQ
2939,AEFTBUBJLMHKTLPDJDMBXEPCX7YQ
2940,AE52TMKN6TDQLNAFG5WOGKMPGJ5A
2941,AEFSLYAVANYHQF6LJ32D55ZKVCTA
2942,AF724ZISNQKXVILNLMWSKQXBGODQ
2943,AFI7LAVVH3SNN5MLIM5MEGOLGK5A
2944,AFOFQMJ5NUH7JRKXV43USLOTYDPA
2945,AHOYK7MRZ73V6HHKTFR7P4GUFHBA
2946,AHPIQUWDT72VRFY7CA7MRRAPD6EQ
2947,AFZCCCJXWGXSV42ZY6J6FBW26O7Q
2948,AFDFHTDDHTJ3CFBXDUUUBEGI2ZEQ
2949,AE5WTILA4L7H4LAJWLEVKCB47ZEA
2950,AHHLGRTTZB6GY57KZDO4KUYLH2GQ
2951,AGKR27IAR2ZKUKFFOYI2ULQRYNOQ
2952,AEPYKFACB7MHSP2G7MXYCAHCYTUA
2953,AHIMH2EHF46XSYHN55CD6SM2VQHA
2954,AFF4KQKXF5DYX33UZKGDKNHLQLCQ
2955,AETRGREMLP7FUXZCQJTIFVS3Q5HA
2956,AGCGUWEPGPDF7PMAZWOA3BLQ2KVA
2957,AGX2OW5TEY4YIB7U6CWGI5LFOW5Q
2958,AHUPHWLCMFKX4M3WRW4CI7P34MYA
2959,AGXWUYUXWCIC7QZVP6PRKUXEJBEQ
2960,AHPH4BI7QFFOXQVR3IZ2ITDE4IRQ
2961,AFDDNUL7OYZFXGLPFXVNUNYVVTMA
2962,AGSEPX7USP4P3RRGNNM537XQEWJA
2963,AE6NSBTXDPYMQHGMWYGKKIPHPNLA
2964,AFUSF2NBN43UGNIBQCRJG47W6HPA
2965,AEYPZ2WZNVAVXJYZRXLLLNY7PSWQ
2966,AFMI2LEOUHFTFZQNU5UJQKL5V3MA
2967,AFWYTFTHVUTA63IZ33YUS56KLAVA
2968,AGSPA7KCGS3MD2FWHRWMNCT5TDMA
2969,AHHQ7K3NBQVMHLXDMSVAH76LQ7DQ
2970,AF7WEY4QLSI7KZIBK4SXIFQBO4NQ
2971,AEIVMNKNIJBJCPR47GL2ZSPALW3Q
2972,AGXIRGEKGXPSXCK4LWXW5UAOYD4Q
2973,AGX5RYLHQZVZ6RJSONRG4HKMX3HQ
2974,AE3HWLCIG6PFCL7WOGSEXCMWCKKQ
2975,AGNZFJDVAOCJD2PU7GZQKLIJ733Q
2976,AENZ6DOLYDQDDN5PZ7DODVY3UR2Q
2977,AGOUW2QCUM23PTMLMZWX7HY6IGXQ
2978,AEWEATFEGF6CGELQELY7MATFDLEQ
2979,AGMM5BZW3T36776GX64M7WTUM6WA
2980,AF4LOZZCU4ED2AE5A6UXSQF5XXUQ
2981,AG33A6SLXLQHWIR4D3FHIGTEUAGQ
2982,AGZ56YDANU3LLUEHCIGBGUEX3FFQ
2983,AGO5M5UXRD37SJAJI65QMXWN3SWA
2984,AFYD2KXZNH4PQLJDNJACN2QA64YQ
2985,AEHIPLGIBIMJDXUIFJX5XGGCMZDA
2986,AEFQXNRYWVLWTEKOQVBWLTFG3JGA
2987,AGHUP66KU2YHV22HOKXBZUVPWJXQ
2988,AF465IUUIMK4FYCLNF7FPNCDOV2Q
2989,AFIKDUWYTVDGBVEW6E4MSUU3IVRQ
2990,AEKMU26EPMDCFIBUTTNIOVNVCRPQ
2991,AH34QUEOEBCS6ZKB5JOERRHSX2OQ
2992,AFBPASFODM2LFBM2OECIDNCNAJXA
2993,AGVZIMLZF6IPL4QDV357EQ62KGTA
2994,AG22ZQG3SRG4CHD4P5GSGGD3VR5A
2995,AFUF2AYCTJPOTP7HM2N3EEQZNW6A
2996,AFBAIEGZM5WGG33EKIHALA5RGTBQ
2997,AEYKXWGHBM23UYBERXDUGQCBMRWQ
2998,AEY7L5DNRXVYYR7OXCS22SP5HVZQ
2999,AH7IEURDN6OEAZPXUAQN6CRJHWRA
3000,AG5CFOR4XIQZXZHADBHECAYUA3QQ
3001,AEJRIB3DXUMZ4LIOIOR363VEKNOA
3002,AHSPLDN264PHL5KHVKC4TLDC7KSQ
3003,AE7A4Z76HWZXC3X3ICT5WMPCFRVA
3004,AFWWXCH3JJ4F5Y77IJLC4W4ESY4Q
3005,AFOLLFOZ3JAKBQOKFDLA3XIIFVTA
3006,AHSYOKXGFWOAW7JQP7PIDM5VXBUA
3007,AGR4I6T72E6QOEPQFCXWKWWRGOFQ
3008,AHSCPDDVCU2Y42AFAVK66LJQLLEQ
3009,AGISZG6RPTL7OPNOHVE6VWS3FHIQ
3010,AEULWKGOB6INYVPZK6PNPFDO4VUQ
3011,AGSFTLEHNFWHDJOM3ZVDNUPQZCHQ
3012,AHGM2UOEIXMVPKXOCMOZ5YFRVGDQ
3013,AGFHS6QLLW6PT3RRBW5R2JUAQEFQ
3014,AGECXIXRTNRNA6GW6DQAC2MTA7KQ
3015,AG2GSG4I2XMX62LCUC6PDXVGZB5Q
3016,AGXS7RGGET4BK6R42SO2D4LWCHRQ
3017,AHE4WRZZEQU6CLII4TEVLAXUQ3IQ
3018,AGXOUBPHCLPOURONDLVDBXGVCUYA
3019,AFXIXC26MFZB4XTMDDGTPDXMPKDA
3020,AFCIFMK2P3I3FGENKQEXDCPUXQXQ
3021,AGM5PDGCERBJAAEXDBWKWB6YDCLQ
3022,AFPZFNBU4OJZ47OQ6ITQ7NTGIPDA
3023,AHVJWQQGKNVXRQWOSQTZP2KDMZZA
3024,AFQMBEJO5FTZJFQIAKBT5YL5BYVA
3025,AFVNGGPXUT3Z2HDSU2OCFFAI55OA
3026,AFZ6ZE5AANQWQZSV2N2QSHQ5BJYA
3027,AHWDDZEJMB5JCRCCE3VN3LMO25HQ
3028,AGXIB7U4JI3WVDJH7K4PQXMQRXGA
3029,AFGMU5H3LANOLHOFK63BJOJOSKCA
3030,AHTLFXSQGXDQ5BNHAQ3JCBV6MSSA
3031,AEZU7GXPJLHORNHHRVBZE2UZGEJQ
3032,AFQ7AOT3ENDOMXEO37G3KZLJUEAA
3033,AHT37B54KP36GTWWLNJOPPOLTCBQ
3034,AEEO3XLKH2H6AZ7JMILIVKJQ6QVA
3035,AEO75T6ZBFC6YA3EGO3KRR4IEWBQ
3036,AGWXYEFKHDNTSFME2AEWSP4LWIRA
3037,AG5RCYMF3PJPMGURK2TJAOZGDSMQ
3038,AGVEH6OMTX5OUR3FDDBU2DVV7H4Q
3039,AHUDDLAEFYMHRJQ3A3B6RTWAHLMA
3040,AHOQFLSQIY2T5XZCIDBRTV63ZO6A
3041,AGC52XVTVZBJ57QBRRK4WPZ77V4A
3042,AGPMPQU4D2B5VNPWYTR623DMX4UA
3043,AFKWVSLUUUWYIIUHUY2GAQ7UOSGQ
3044,AEO6PFU4DFGONY632CA5ADBXYA7A
3045,AE66X2RSCGDO7O2WQ6QQJLRGF4GQ
3046,AGJEVZDD2SWQJKAGN2RY5FBSYPTQ
3047,AGYRXAAZU4QXGH5E3TM5FBJZD6KQ
3048,AHBV342MXL367AGLORINR3JKL7RA
3049,AGIK72YADXXSRHVDH6DD3NOTDBSQ
3050,AFGUP4STW67LR4ZWTUSX3QTM3TXQ
3051,AGCWW4WP4PSV3SHBK6JSTJVFNNYA
3052,AFAGSETDDT2Q2KAPDPXVAIP56YAQ
3053,AF7MDFLRLSNBM3YOQ7QE6WDEKBIA
3054,AHGXOKK7ORJIUEPCGNPFOTLTPWSQ
3055,AFFD734YX7YGUTXKA4Q4JCRYOX7A
3056,AGTV2JIM35G5CSRCSEQI73Y7KVIA
3057,AFZSXVYGCQR54ACX7MIWW32HWVVQ
3058,AG2MAZKG62GH3XMBHS2LJWOZCKEQ
3059,AFHOABE4OTNTJ2J7OJ36T2JQ5HUA
3060,AFV2OYDBN5XCN556XQK6ND42L2SQ
3061,AH6PIX3ZCA3CH7JWLK3W7A2X3PZA
3062,AFQXTB33L3EYJWUL43FO2Z4KSUXA
3063,AFUGVE5BHCRJ7J7WH5ZMRRGN3J4A
3064,AGZ4MR3RRMQSEWR7QOG3QRS76ZHA
3065,AFXJNNSUA2ECTYPAINYEU57QHSWQ
3066,AHJNRTE4MNS3SBWQMH23DQNZOKBQ
3067,AHH3PMWAFM6GH7HREDYGBJWR4F5A
3068,AHBKSXPFMFI36EQU7HWGPNZQJWUA
3069,AG726NW4KFJFPOLZHIA74PB6RQLA
3070,AGIK6N52B7WMYZWM5GLJIRUPOYMQ
3071,AF5YPUMEHS6D5NIEA5DRDO4VRVYQ
3072,AGDPNQ3WWO4IEYMRTBURIWHYTA4A
3073,AG2NAAXGM6T62UNOEOBHK2XWF3FA
3074,AFHOAYLOARPHNQE22ESNAADH5GJA
3075,AHP3OCRUU5SP2VBPFWHRIMST2VNQ
3076,AHESZLHVXX4F3TTR2AE5DCTEDY5Q
3077,AFVLJCIOCNC7ATF6JXT57G77INFQ
3078,AEVS47IKC5ZTAZB3CNRMYMBU24MA
3079,AEWKAK25NVR66VZRXMICPQAKZY4Q
3080,AHWIXPD5I22CFCCP7XGEMP4IIHCA
3081,AGQSS4Q52WSGZCB3UP47QMCU5CXQ
3082,AECRZP62H6NDN5XGII37WSJAGN5Q
3083,AE7IENUCEWZBN4ABJCSCMEXCGIKQ
3084,AHYS2AOTINSXWJ57F5Q4DQ626K4Q
3085,AG5K7EIRWIVBUDFZ4REUXYMUPBIA
3086,AE4MSUOY7PQKOLURZP2ODRJB5CDA
3087,AHCUZ5AQV6USHA3YENXOHOQTYDSQ
3088,AFEIG2LPSOSIOFZNRUOEGYF7G4TQ
3089,AHJXWUXPVGW4PBWRXMHMDCXVJGWA
3090,AGUOTC4GFUSVKQAQ5A6K2A5S5QJQ
3091,AHHIXHVRRTG3DGV36QM5ZAEFVZZA
3092,AEYQA67CRCU65XNQILQ5WTO6CCLA
3093,AEUH4LBZ3ES3EJLH2MJIE3SZER4Q
3094,AGMSK3GVA547NBOEL4OSGAS5A3MQ
3095,AHGMD4VOGGXZ2UQYCWBWNCRNYQKQ
3096,AHLDZCALKCHQ55Y4TZF62AUS5VRA
3097,AFD3N66RITYYOC3DGEOWGQBH4M6Q
3098,AG5XXA567MO3D3FUGZ6TMZ3FD76Q
3099,AGZ3HRP7BR63LMAD4YH3OGZEQLKA
3100,AE64VB45MIEWUXEJCHONPSRQC6GQ
3101,AHWD2CYCY7XWCVFTNFRTGAQ4H22A
3102,AGJDGV2TRF5CA3QTQKSOTCDMUSXA
3103,AEUUCO5PTKZFBBP727R7LJUERUXQ
3104,AF7WE4I3DLZPXS3C2PH5SNIQ76ZA
3105,AH2CMM2GUQC3NHLS7BNOAADKSL3A
3106,AHEYMOEQB64XSHG2D5LFOGEVX3NA
3107,AFXWYTR5WYAONPFIIM2PATXNGBIA
3108,AHCP6TSH5UEMBILUOJIQFYQG67AQ
3109,AHCSCXAIGDJPTOTHRVIVX5BFFPEQ
3110,AGEXHBEXRSSHX7LKREZ4VJO662PQ
3111,AHPGL2LTQ3KXYYP65C4J7CDW57OA
3112,AELQ3H4FYKW2TSRRAEEOPFX6JXTQ
3113,AF4WXTL77NVYRUPWQHWFHI2VOIMQ
3114,AEVY2TNMYPWAAQM3R2DB3HK5XJJQ
3115,AHSIEFRO2KGTBTDURFU3VXCYIYKQ
3116,AER2ZEBXZX6ZOGWY75JJ3NKLY6ZQ
3117,AHY5KOCMRCPI3JJ2VBCMAYXXTL4A
3118,AFODUUH5I5ZQHSHIV3HRLF6K2XBQ
3119,AE5WAEVUEPEP3M33RUZOU6LOMIPQ
3120,AE4LTDFN6VGGEUMBO6KQOBJK4L6A
3121,AFM6GBNCIMGBCMLEWIEZVBSZGVVA
3122,AHLZW25POVH54DVEG7ROGUJCLX3A
3123,AGYLFPD5IZGC37DNQ3JCEWF5QLTQ
3124,AELEJFOZRKN2P2GMFOE4ZZXPNCIA
3125,AG6DK7P4F6AGE6KTRMUHUMCNVCPQ
3126,AHCYPMRAKLTEZRINF2BSHWRAVF7A
3127,AHDZYJSWJITJPUFCZZBTUAPWNDSQ
3128,AGRCWRIYJ3FBCR3EN3CGLZBCALIA
3129,AE7TPHRGVYTZVN5NPR3HFBFJMUFA
3130,AE3ACNH7BJMQYUJ4BFHA3KBVIQAQ
3131,AH73G7N33WDL27UVJGXSSAZCQXXQ
3132,AECDGU7TTVURWPCYZCLC4NK26H6A
3133,AGN2GBB47PVRNOJ5JG4BPMFIRVIQ
3134,AEBV5GQYZ2BVKCTQD4WBGNIA4EAQ
3135,AGZYJEUIQVRPDXXNWAANJYLO4TJQ
3136,AHYADR73RAIRTHJCNIESX45GIM5A
3137,AFU656B6GYW74IOLG2YO2CPCPKZQ
3138,AEMJZ6BQURWREGSWX3SNANWC7UJQ
3139,AFKCWZWEFJLTEN7D3OJZQ7IAQJGA
3140,AGZFV4HXH2QUXZTWGBGTJ5G5OBPQ
3141,AHLJGG6KENIDR3HKTGEJPHSTHI3Q
3142,AGKLDMF653V4JF4T7DU6VGJLPNRQ
3143,AHVOI7FKST653GXKLO4BAQD3ZL4Q
3144,AHIHEEYJRUEXM7XDS4ERKGY7SR5A
3145,AFSCWXHVNXHZPRTFQ5HEEYBWL2XQ
3146,AF7C4PCTNP2H3TR3B2RS6Y32LVMA
3147,AED5CSEMKKUQSZVJRAQBHDL2D5CQ
3148,AE6YSYK3MIDTGTCRAGELF4SGYYWA
3149,AH7DRDIR6JHEPIIPGV63IAWRSVZQ
3150,AH4A6F6ONATPVETCE4J5NJ2XWXUA
3151,AHWEMLZ3HH5KMTYE227LQ5R6FXAQ
3152,AHJO24NAIC2U7YKQNI5MEXYQX34A
3153,AFLGUFFSRCG4RZRXRZOE4CCXB4WA
3154,AHEQRNDXC4YA3UD6E2CUR6M3BECA
3155,AEPS3SCOQMRTUM45VSWTCIDTQ6GA
3156,AGXSWCMG2ELBF2XMWPGAW754AZSQ
3157,AEFMIFF4SU457VUIEUQFJCWGYNDQ
3158,AEXNZLNHO54NCSMNBSAEXPGGKXBA
3159,AF3AR4IKUSTGYEMNBIIPIK7IWQMQ
3160,AGXWSBHW36U6M7DAPARABAGU6X4A
3161,AF6EZPIVKSOLV23VZLAE4JERLYDA
3162,AEBLOB4KZJSGZ5JOFZWE65I7EJFA
3163,AE42MRI6CZIMU6DLUCLUVZC7QXOA
3164,AGN3JUS5VQK3OV3GCJ3Q6FGG4YHQ
3165,AF3CEQEFC4VWHZMQGMEWKNNVSPIA
3166,AFXZRKUF2WRXD5ZRSFZIYYIDYBTA
3167,AE4QU2FXFIE3H4FQM4VH4N4E3MGQ
3168,AEU54BLTRURL7IWA5ELDAE2SPTLA
3169,AGVXZYFPCDXAUQP6OE4G4UX5Y3EQ
3170,AESAQQBHLITPH4ECAT7JYVZCQ2FA
3171,AEQUAZUYAC7I2UZLIPRYHCYIONZA
3172,AHVZPIZGZDR62YSIESZPAIMGHSAQ
3173,AHMOOO5YQE5J3SFYEXXOMNHPPK3A
3174,AHOB2V7JFWWHCTQUK7WFRLIUKXYA
3175,AEKF4NAZNADHGTFUU7CD6F4CDZYA
3176,AE22X3BPYSQ7TSSIPRZY6TOHIAUA
3177,AGUH2ZJ6CIQDKGUFSVWL52OMWQ7Q
3178,AGLI3HG4CVDYNI6Q4FPSPJQYD3QA
3179,AERZSCFNHBF5AAOIPPBASU4YQITA
3180,AGCDBHNJGHWQWY2C2V2AEUDIY2KA
3181,AEWRW5CBAGOBABUQO2QXNLAZ44FA
3182,AG5S4TDZ6TVYYI35CNQB3E4JDHOA
3183,AE6L7XGWS2CIIO6Z5MCMYAM6Q3DQ
3184,AG4L244MWVC6RLH4MMZVW5VW6A7A
3185,AEHN2OJNJRLQGQD46KGOON3X3LPQ
3186,AESDMOHFISOH4NC7NLRXG6IY4BFA
3187,AG3G3H6LLN7X7UYMWAMOR6PWSQLQ
3188,AEALNH76USW2KOBAPZFD6T7DYVIQ
3189,AHF23HS43BWZAYYNABNSKS6BLPIA
3190,AHIEUSVUBZD62OQQWWQWM6AYXTIA
3191,AGWKVUH6YHVB2424LN7G5A5SAK2A
3192,AGGUG6ALG6SMS6TLAYFI234QRCNA
3193,AGMLJIKKGXQBXSMGN6P5ZDIUAPGQ
3194,AFQATNZYQTARQD2Y7264AGZOTKPA
3195,AGCS4SDWQGKJQUMDCWUXAIUWN4FA
3196,AG5P7BX3TROR7ZWT27ZWUJQ2RUNA
3197,AHIGFEVHO22OVLUDYSVNPYAX3QDQ
3198,AFVOW77XJBAEM3M4NJLFOE4F6M6A
3199,AGR46MQPTKIEIC3ZSKDUGS4W5HCQ
3200,AGQZG2X3SMRX75QJ2LEZKWOWRTDA
3201,AGQJTYZFHZ33WDNEAAASWYLVIMZQ
3202,AF6PWQZTJ2B4WIZ5R5S64Z342ZHQ
3203,AGFYBWA6REUMSN4EZX2MBLJXZHIA
3204,AEOV4PEFUTRNDJXBAH6SRYFX3HBA
3205,AEWTOA3ATTU7NZBNAPQR7MIVRWHA
3206,AHAR4SMKZXFXXF2RUQKNSJUB275A
3207,AFGFKCIYGGFCZPYCJHPJPKSX66EQ
3208,AFBG33FJK3FO6NOFQYPQF5EGODDQ
3209,AEMO4SWQUPXE4C2AU5BGTMTOGTTA
3210,AFSCDZNDZHUWUM5MFAWBJBPI6LUQ
3211,AFO2EE2ZJRDCHLO6PTFACI272XXA
3212,AENZ6V4PE6GSPGNZ5UQD3CKBDN7Q
3213,AH43F3WELGQOZJHLVIONUCMP2C7A
3214,AFVT62PZVZJBYOSXHIETFDO5NQMQ
3215,AETXA4ONK7LXBKHXZONPCPVRSD3Q
3216,AHFPCQSEM36437KCJLQBME5XXGSA
3217,AEUJ6CVAPV3AO3ZC7D2WQ44CNTLA
3218,AFVMQEL2ADZJ74QJAUO7FIWAIOKQ
3219,AGUCXZLIWODPWT2DQ2WJZYY4BTLQ
3220,AHUWHU6RDJEO3EMHYDTOQKP5IM6Q
3221,AFP43KL2EI5O5B2V2DUQE4H7JB2Q
3222,AEV7W2AP3NUZWKH5F2PE2V4GMA5A
3223,AGRO6HNGHYULMUSKLURJUDAVAVVQ
3224,AFCOZJ664UPLDHFUIOG25ZOBGR5Q
3225,AEWGHFFFMDYGH3JUJXQ73O6L7SCQ
3226,AFUQEJDRYEGNDIKCTXPLOWPL5U5Q
3227,AH3ABWPMEGSIWJD3WFGNYNVHNHKA
3228,AHWCMHYBWVE3JILH52BGQ4TU6AGA
3229,AHP72PLSJ7C3RUBNOWBEP6OUCGKQ
3230,AEGOT5U2GDDDPJHQORHNYM67N6EA
3231,AHS3BEDOWZHZ7JFCQLJF6TGZAIOA
3232,AHKGEJPCYGLSXCARVFRY37FUF5WA
3233,AFJI4L4OVEZBD7JLQN3C6X2WVQRA
3234,AGJOCDBAPCLU5W2YJXBGBZ6IQ5WQ
3235,AFFTOWPKBMJS5GM3RMIDE5W7UDPA
3236,AERF4KMW4GWDM3FRRSOZSEY6W7CQ
3237,AG6NT6ITDBVFYI2VJ6FJLMRBWXYA
3238,AGP7FC65LAHDRBZ3SAK4F3CTS4OA
3239,AE5N56DUAMFKK3RYAL3IBKV2LQ2Q
3240,AGMXVGNONVC6PMODCSPBFDW36GYQ
3241,AGVUCG67UUKIPJDUGEELWEECLQ3A
3242,AHDA23T6PMHEVYDC4W6DBGWAGEXQ
3243,AFO7OLB663MGAKVIE6TIOZSTIARQ
3244,AFCJRRQAO3UBQHG74APKKKP2V4UA
3245,AF2GI76YNAC4UAKZSCBHBW4GHHWA
3246,AE7KKYQBLRS42EEKUY2HOAFAOI6Q
3247,AFOMUL2RN4NOQDBBTHDO3SLAOMUA
3248,AHTYB3T2LJUBM3J3PWIGEVXZJH6Q
3249,AFS76AWAZWJBK2DWJ2QDCVV5I4SQ
3250,AEUG76O6XFOH7SF3TGHIVXYAZW3Q
3251,AE4E5ROPIRJDZ6OOAZAXCFHRIKJQ
3252,AFONUZ2ILOV3QYBOX2VM67GWVHZQ
3253,AHXUVXCTHKB67JIVK2UN5IZUATBA
3254,AE75D75LOCH6P34W5NHZJ2IWD3ZQ
3255,AFYTRSOL6XYIXQIM3YFHNCAKMXIA
3256,AHJZP5IPTTQAQJSE4MATLACZZ6MA
3257,AGQEC5J44ZVNRGW24ZS4NKIZCLQQ
3258,AHUYUGBHTOM5I7C23LMQGLQEH5KA
3259,AEOOB7R4LGMYNTJ2RY3HZOVNHWDQ
3260,AG6BY5TUSBL2W7DXD4O6TM7VQL2Q
3261,AETHG332QIZDZ36CAFTMDOGC35OA
3262,AHMKY65EGWMYT4OLSBSN7BH6NR3Q
3263,AGS5OV2WJIZDCN34AQVGMQNQYE6A
3264,AH5DQZ2GNKT6LZFGJCJMRAGRVDWQ
3265,AFETWL27KPS3JE2QFOKHD2NJ3EAQ
3266,AES234ESBJFO4SENFDE6V2ZTPGKQ
3267,AGGC2RV3ZNXQBIN5FI4TGPOZ4X4Q
3268,AGGNPYL5NGVTKIRQ7RUJKXUTBKFQ
3269,AEOHPRJ5NVZRHUZJY5WV2FSHMZVQ
3270,AGX7SSVOBVXP6B7QSB2ERMOB2LYQ
3271,AFF5AKVMG3FJA2KJDP36TERE54QA
3272,AHY6B26UWREMMDDDFTMLJZ4KYWQA
3273,AHP4QX6LYNKVCCAZWGAG76LL7KKQ
3274,AGUCXXETYSB32T3NUTJXMUOVHXTQ
3275,AHV6NMXOAENZLA57K26LF2HBVIVQ
3276,AH27KKIXGNV2LQJNWT722QHG4B7A
3277,AFEGMNSR4WERGGP3CCYO6UEXQOCA
3278,AEQVEHUED6Z6B2BLCSWBQ54OUZBA
3279,AGGNDAMB3DOILB34RO4OLQ6ACJHQ
3280,AECAAEJFSL3KKJVJ6LIOLW63W6YA
3281,AEAHGXDI24ITSUUKPML664IECDSA
3282,AHQ6VIIEOHOEEZSX65NJYF6ICIQQ
3283,AGTWBANMSAGJ5MCUU2WEHA35MXNQ
3284,AHOYHZG57UEDDDSY35KUA6AH2OJA
3285,AENDQZ2DAOKLMHSTMTDSOVNWIUTQ
3286,AE6ESJGBBYHO4HD45PGKVWW5GOKQ
3287,AFG5S7AB2KUI6HEYILO5P64XHZSQ
3288,AGKDZV74CFFYMFUUHBU2YGFANLPQ
3289,AFSBBJHHCTFCLJVZPJA6RTGSUAHA
3290,AHMTF63F5Q5QM4XUI7QQGP56VLUA
3291,AF3EOBNPZYOLK7TODZXTWQW4NOEA
3292,AGFTKXKSMMUZ466PE566EMH5YYYA
3293,AFEQ6TMFHHMU27QTB4N3KM2K6A3A
3294,AFW4JMDPORKA2655DLS2D6K5R2JA
3295,AFT7M2EIQ2KNXBLKBOPQSZTZQ4LA
3296,AHRGPN2DCMIZ466XCWXKASNFQQYA
3297,AHTJHYG2FRNW32A7QKL57PKCGKNA
3298,AHUVJI7QQJWOGKZKTXBOLVD5GVUQ
3299,AFEKQ2TQMOZXF3MPOYFZYU2HYO6A
3300,AHU2UAMNI4L6GOB4FRABA4W4RE6Q
3301,AHOBJ7POZQDCZ3R32RQ27HCZULWA
3302,AHDUFFAISC23HFYG35EMRRJQH4GQ
3303,AEF2PZ4EPKKLSWUGRBFN5WY4FARQ
3304,AHQBXNR5CK2P26XPOCHZR2RRLGTA
3305,AHCM2PBACOIIEW5MDCVOFVPZUN6A
3306,AFDR6YIDQEV2SC54ZFS4ETMCDQ5A
3307,AGITNZI22W62B5QHUJHV6NNMSWHQ
3308,AEIVD7WFOQXORE7AASAFVRKFJLMQ
3309,AE3BZ6TTIT2S5URKD6IZKVCRD4QQ
3310,AFQBH53R2HGT3DVMEL7GHESNUHJA
3311,AHOK3LPWV7P3QLALE7WKPO32JH7Q
3312,AEFOXK5G5GIKRCRHF6WR5TACYX3Q
3313,AEXAX6G5LMYPMNC56ZF7GVXMASUQ
3314,AG37TQWTLBBWA7OZNXW24J6UZH4A
3315,AGF7GEEQMNCSGDTKHBB67ZQKSK4A
3316,AHUUOYV7Q5RRTYH6NORBU52UN6IQ
3317,AEZDJTOKNIR6HA3RWU5QKXKVQLQQ
3318,AEWTZOUIZYXFQX5LTD6TYUDFO6OA
3319,AF3O2IFKJZZEXME6FL5PXPYH3LJQ
3320,AF6SK2C7ZVGF365ZDJZKRB63BF7A
3321,AGXDQ22GTRJRG4AVZXVF3MK3ROFQ
3322,AHCSOU7YOLRHWYIMHVSTMDUCPJOA
3323,AH6TAQ7FPBSSZ6VSAJC7R7WMWTHQ
3324,AGKU7T3S2SHMCXO2H4Y5QZ2ZQB6Q
3325,AHBFRTRESXTNCQPHG7AXQBIXKKPQ
3326,AHMNQHICZ2RPRMQOFAGBDANGS3XA
3327,AFQ67X6ZHPPDCZLONOVM5R23JYKQ
3328,AEOX5Q5BYGSNMI2H3MWBLHFFF7CA
3329,AGXAQXHSX2DKSD2QCDPD2BS43BQQ
3330,AHYABMHWHWOAUWLJQ7C5BEHQNK7A
3331,AF56YXFDMMA4VAD3IKEU4AZ7CWPA
3332,AHPPWSFBGX3UC2TAM3BINIJ5V7EA
3333,AHOLMEHPJTDFWXPER3BFXWOCME6Q
3334,AEADZPOEPS4YP5PREH3HKIEECIJA
3335,AEVHU4VV53OXFMDUJDMIOFB7VA7Q
3336,AFJYOHQRXN4JSCIF67A7YL3DXIQQ
3337,AFY24KXNEEDOSR6SUBCO6BBIAC4A
3338,AFZL3W4GJ2HKFHXZJ3DZSZYA4D7Q
3339,AF3HJOUOUHQLFK6CP7TOHKBRM56A
3340,AF6UHYKFIHBNQOGRTX7ERPSHQ22Q
3341,AGIJHS422ESU3EIGH62A7AAILEGA
3342,AGO6OOUNCFS6N7PS56BOMATB37XA
3343,AFCBHE7Q3QYLMZCW64NX5LDS7DUQ
3344,AFQ3YQNWUTN2BFECMTAFCFMLO6OQ
3345,AEOYYNL2UHAXPZPNZ7ASBNIRZSYQ
3346,AGCPMOF62WUSHCC277DVL5ODUNEA
3347,AHNVJFRXJZALG77G7TOGIIQIH7ZQ
3348,AHD6CTWIRWJOSPD3X7OIIYTFPIWQ
3349,AEQRJXPXP7HXZQBYIA2KR2JIDEGA
3350,AGRYXK2V7U6JE3DI4UQ7GTAYAKBA
3351,AG5LUSJOS4CCLBZHZXWIZATSIEBA
3352,AFRQ7ZS22FJIT45VIEF3XGJI44ZQ
3353,AG5XG5LD6DAQVVKRTFA6E7NS2PUQ
3354,AH4MC5KWZJCOQVDRBXUEF3JFVLZQ
3355,AGGIJRNGDVPJJ3WBWDP227KUNQNA
3356,AETFA4FEJMAHJ333675CS4CGSNJA
3357,AHIAMKOTBK35EJJTR6NSM2S35GXQ
3358,AFHOF7URZCMK2ZNVVRMLPHJ7UCRA
3359,AETOEFQLM6BT5IAWQ4L7FZM3IYTQ
3360,AHBHRMXRGQAS3BA6AECFYPPCQEMQ
3361,AG5FYGDBSGEMW7HWIVE4O6MNBSFA
3362,AGM2QLZ4TICLMHC3EW5WR7GJJRLA
3363,AFF5WOWK4DBVINHMLYRY7K5OX3FQ
3364,AEZULWGEZCQJV2DFEDZAGEEKIZZQ
3365,AGP5PEMRUE77IX4TD5LQIOHYSNNA
3366,AHAJLQGTZVBRTDDRD7NKDFFXK6SA
3367,AHVVOEM4Y4EL7GHSZQ7YLPXVFCQA
3368,AEFMAVDGAK5SDXYMNBV2WE5BTJUQ
3369,AHV7XSA3X6NET2RJJXUL2LX5JYLA
3370,AHIDQCCKS2MDMQWKLJGLOTAXCERQ
3371,AHMLKIYPAJIF3IKS7QP4FKTY2I5A
3372,AF7F3EKQADKL7EGLH5XBXHV52UWA
3373,AETLKDGXWWEQ5NJPKQAFUXAF5LYQ
3374,AGVLXEJYZBIHPGY3Z6UY3NPTTDNA
3375,AHHVIGKUGL4XGGFC3JT7MGP6RTIQ
3376,AEM5K72W7WSSSUXHF2PGOCE6VOBQ
3377,AHVMYYGTEE4OPBDHXTKTP65VDUHA
3378,AF43EWD3RQXQXJKIAZGTCIQVWGXQ
3379,AEFTJMPWDERZBFWCQJOOF5PVTIUA
3380,AFJ3DJU6P6X6BINCCCGGI64IAXNA
3381,AFAKWMGY23263VV2O6PVJXDTS6LA
3382,AFR3IHBQUS772KRSHS6HWRTNRQ5Q
3383,AE7QJXINZHLAUVUUM5VS3T6LJ5ZA
3384,AG6ELM7HMPJIICCT5TL2LSJNOCLA
3385,AFPABMN2557IXXINOXFJNXNLVTZQ
3386,AFS2G53SSUT7AMXY6OVW7ICCHE6Q
3387,AHJRG76SFNO23TN5FBLGJB4H7JTA
3388,AEOBFOQSJREVRNWV6CUX2UNKTOLA
3389,AE62VF7AOY2R6ACLQXOX5KQDG5DQ
3390,AGEHJ2VDVSSPXJXZ2UQG3R5EYWZA
3391,AHIPUJ2NPFK7LZEFEDZTY3CQA6VQ
3392,AHBBAVLS6FLMVJQMU3L4UPKTZOUQ
3393,AHHRALM6KWGNGXA7FJO2BYRQB23Q
3394,AHSFYIMO347CSPSUSZSV6IFFRKUQ
3395,AFONOBKZWDTON5GY5EUC74SM2JJQ
3396,AFD57KGEMDPGTXZTMBB77AFRH5RQ
3397,AGSS7K6WTCAIZZSCOADJ4HDVYI7Q
3398,AF4CC7LJOVFLXXN62JGFIMUMF5EA
3399,AFHOLRO7QAXSGJ3XN3VGAXLO5OSA
3400,AEAY2TV7M7LXWMK3LZOZPTBE7W5A
3401,AFBKMSDAWF7UJKF5N5RHRQDGLOYQ
3402,AEOUMDKXL2ZR24GSL6ZZ7OHLNWCQ
3403,AGOU4FS77A6NBZXRGRNA2GXC5LTQ
3404,AFD5W3JTUYKKBTMCNW3V73U7EC5Q
3405,AETBL7Z7HDVYQHQ7YLJHRPSQTNGQ
3406,AGADNTSR62U5GQJKV2BOPBULJN6A
3407,AGTLGVGNUSXQTIDGNLJMPHRB4E2A
3408,AFTXOH4Y23MTZH7HNSG4IWELGT6Q
3409,AF2KOLSH5RLX5FRWYLGEVADTPKRQ
3410,AFNSNPATZBF5X4PSO4GKUZGBNC2Q
3411,AGGZOQFK5UI3SG5EWOXM5F3JHEFQ
3412,AH7KRVICL3GW3RF4OSG44USWWPDA
3413,AG4CLHWDHIYYCGJW2N7DUNJ3N2PQ
3414,AH47ZX3RCFHYIE3JKSZOE3OGYDMQ
3415,AEMQOP77JOS4LFT5NFMYVZ7K6YLA
3416,AGP5K3RNKE65B3UD4C5VHQLIDKYA
3417,AGYHO75M5YYZUUSURV6TZRLJG2NA
3418,AGLXEDYQKOYCPXOGGWLLADXRAXIA
3419,AFTGRQEDRST6TJ6D4J6MOMU37FFA
3420,AHPXJA7VF3E22JS5SA4F7LW4YT7Q
3421,AEHD6XWHK7CIAZ2X6UXAJAWVPQ6A
3422,AF3SAH3K5X7JHALHWMK2Y2TJ5C2A
3423,AG3ADEV6UG3MOGITLBF3YUWRCROA
3424,AEIVF643KVBWZX74KCELMM7QQUMA
3425,AGKKNGUU4NASCRYHUJOKONZNU5NA
3426,AEXTWSQXS4WOCRUX3JXVADFRD6IA
3427,AENRFAWYZ45WD4JNRBGFES7CUEAA
3428,AHYK7BSOOLDHBNTOOULRXGFVPBFA
3429,AFYIW2BXB2356UOTMXGODM2ENZTA
3430,AGM3AVFICEPKIDN4RBF6PKHPN4SQ
3431,AHFWZTMM5OLV3R6TZJDS5DT5RAYQ
3432,AHD3IHT3F2Y34E7YUVO3T3WETRUQ
3433,AFANTSUILYEZF7WULJPGYBEFFSNA
3434,AEMTKK75KVBRDFC5AWUQKR3WWKQQ
3435,AE6PZMLKXAQIPQNJ6LSGEAVFCIBA
3436,AEKEDM7DOX5PW565RSUX5IXGKAJQ
3437,AF3FXRRMKPKXJINEJ3RG35HE6EBQ
3438,AE6SCPG4YY4RHE7GIVHYF576QVCQ
3439,AET2SFK7FU6QQHRY44JQTB5XE24Q
3440,AHV577J2TZMQOVIZEV6W5B36JWAQ
3441,AESMTKLJWKUQFNBJANPQITOSMV6Q
3442,AGNTQNM74BCT6RHPPDBAIUVUU3PA
3443,AHIY2KUTIKECEYFK4FV7IB2FXJZA
3444,AFUXWA5SUNIPKYEM6IYNE4RFF4PA
3445,AFMFXU3H2QPCTTSFISPASEJ4Y74A
3446,AFIYAC4OVNIK4HS2HFVPCCO7JH2Q
3447,AGJA4OO6U7X2GZCPXYEZZIZMPSTQ
3448,AHHOPUVHNYYMTNJZI3ILB6Y3S7HA
3449,AG74DVCVAX5E45UQAJNKRFG33WYA
3450,AEIJG3BAMF65NSTHC2RAWGPLR2ZA
3451,AECPAHGYYGPFZ6SJKLKOWPZO2GDQ
3452,AGQDWVFYA76D3WLV2KWELJWYVFYA
3453,AEMGBPHHU3JX5N3NR5Y6VK66YU4A
3454,AHQJV4V5NJVA5QOR5DB37TMLGORA
3455,AHGPPCXIBLRCMO7SZ74AZAMKRBZA
3456,AGQSJOTYHNY7UKF6QGI5ML34RIYA
3457,AEBVHSRWY4FX74GX3I6ASJWWYWWQ
3458,AHPLTFJ43Z24DTTWRJG3JWSV3YBA
3459,AE6JV4ZQXU5HIYEYQX6GZLXZOGPQ
3460,AH5CG7ODLOAGTVRPIIF4MKUBZ4OA
3461,AEPPXDRFGEVGBKHTXS2RPIFTX7ZA
3462,AH2X37RHGTELEA57P4Z57F64EFTQ
3463,AFU26N6YSLZHLIMSUF25CAY5I6FQ
3464,AHH5YAA3LJ6MILYMQRAPDAOLUCJQ
3465,AFQMQFZEPWOFZQGAILMERXRMZUMA
3466,AGMGYU3CWPOWIVS2SA4RZMEBI4SA
3467,AEW4O3O6N7CUB54PRQNUEGU27Y7A
3468,AE5OHABQ63U4DA5BMAQQFQBJRVWQ
3469,AEJAOBPEMXH56MYQWBN7U6O2PSDA
3470,AEQ5NUYR4B25ZSTRMGRVP4MN6CWA
3471,AF67GHU6PPWC5ZSDQAZDGMD6DXHA
3472,AF3SXGSRUV4RWSJB5WLOYIHTUYUQ
3473,AFVISSXS2RZMIIMM32NCBIHMK63Q
3474,AFPQRPI45S6YTUVA32V4PYTR7PIA
3475,AHB4ZH22QOU6GEB4XDTVOGR7FGQA
3476,AEZ6VQIOVINTC7V6N3K45HLOUIFA
3477,AGPCIU54QAYZLFNEEBAO5Z2TYAYA
3478,AH2RWBDGYGTCLR5QNSI5NP7CSDMA
3479,AE7DMVOOGWX3PKWYFYYBPQMMUSZQ
3480,AGOQFV4F5AJ27BB63FAGKKT5D23A
3481,AEDOJ5QFZA57Z5YLKWEUKNNY4RGQ
3482,AHUVNMCZH3TUO3YFUFKKUV3UETNQ
3483,AETYPF6HWYAWZ5SDFAXQ4BZUPBXA
3484,AETSH4MV4VRJ4HE4IP3Q4MONBU6A
3485,AECPOHSVZO5XSV7TOQUIQQ2DGAPQ
3486,AEV5SYJG4TRDZMEXSBS2LFDZ3NGA
3487,AF7DLYBYUCMBOUTMLWMESOKY3E4Q
3488,AEMQZ64NC56PAV6ZK6USNE545P3Q
3489,AH5DLRT53GUF654APBPQDBSTSD6Q
3490,AFCASHQ5IIPSPJG4EEZBP7NQXFYA
3491,AFNHAW3TUJ3FDBAR3DWLQ5XNHQZQ
3492,AGZKHZZU4SWPJLCNTQIQ3CCLU27A
3493,AFCERCBNJ5YLDO47FHYAWVYWMURQ
3494,AG37SNCZYZ4ZV63I5LJ462J7CIFQ
3495,AG4P6MDWHXXOS24A2NOUOFYWSBCQ
3496,AFDC3AJLCUX54Z6U5TRWN2RLAYTA
3497,AEMETFDI2H4MZD6GK5ROBWBAUQZA
3498,AGTQ6GUPMFQN3BXLWIFJU7OYQIOQ
3499,AEV5KPH7GZIPPSOWO2R4ZBS5R2ZQ
3500,AG2L6OPMUPSWZ3JUO5RDMA7VI7IA
3501,AG4MOFTIZCT6IYCTU2V4VXIULI7A
3502,AFNSSWCBXO2GUDXQKDPFBUVZAQ3Q
3503,AGYK3UM3MWAXI74QHVIJVVMDOINA
3504,AFS3UV6WECP2KQPFLCRTGYY3EWJA
3505,AERZPVW6B2BTIQK5IST6EYS2CW5Q
3506,AEAQO3BNXWZKGG67KIN2DLXCNIDQ
3507,AEXYNOSJVPP72M5DN35GK3CVCAIQ
3508,AEK7OJSYQTQ4RH4ZFQK5GZH4CXZQ
3509,AER3BYSEUGIZZV6GYKRRI7HF33SA
3510,AFV75G4XIJY7NQJIURVO2MAFS34Q
3511,AH3TPCPYHHJPXTOXGCGFBPQ5QBTA
3512,AE6JZ7CMWRRX6UWSOYFE3QB25K6Q
3513,AEIERGL3JELH6X5WZKB23FMJGH6Q
3514,AEHNZTSONGHG3RBDOPTCMPS47YHA
3515,AEHCC6VMBAQEAICLLNZJ4KJOIKUA
3516,AHF3EYY4GHN6R7SA5MRRJG6PMXWQ
3517,AEAQ64RUMVCY4FRPNUTX4SGJ5H7Q
3518,AHMVFQKOKRG5YRHLX2OQCGXUUP6A
3519,AFZIHN5Q6ERYFNJKBOETABCPXHVA
3520,AHFGJ6HUNNP3WY7LIDIXESDXVPVA
3521,AE4PPYYMLDC6XJ7E2MWWJ4SMIWIQ
3522,AHVU5DWA72YD2A6M7XVZICDLUGKA
3523,AHDVUXMAH4U6WRCSC3R3FF32UCOA
3524,AFL5O5VKHW6KVAP73SEDMZCJ2JNA
3525,AHGYMHPBPJNHNZEOZJLJIYGVSPIA
3526,AGC4BI2XPN3X6J2GM2FBDYHZSLFQ
3527,AEZTUCZE35Q3KSK6VH2C2YD2J64A
3528,AGM4YKAE3OR2ZEQEQVK6PEHEKCTA
3529,AHVNKEXMKVMHRJLJBGZ2M25RLONA
3530,AHSF2UNYYS2QKFAWCIMY32HIMA4Q
3531,AFHQKF2FNGLZUVNCZEJ4NOVLTQFQ
3532,AGB2PPVOLRU4C3MXCT2JX3E5TAGA
3533,AESXUBYTCR6J4SLCQP5MKP6NSPPQ
3534,AE5PQG2NZEMEEJBYTPSJP27TKX5A
3535,AHVVB7OXKSYOB4S3253QGM2DWLAQ
3536,AHNGPDCUWZXUTT5Q7YGD6DIZHIAQ
3537,AHE76QO5O5ZVY2G5OSGZSDBHCUKQ
3538,AFRS6WRH73YXBVCZJV3OYMTQJULQ
3539,AEO3Z5JQWHD7TJ4ISQH737DUK7RQ
3540,AGGWQ445ZV4NDOS2IDX7S2EHE5AA
3541,AFLJ2SIUKTQSW5HPHTSNNANTXIGQ
3542,AHQ75LOVFBPF45UUCSWLS5M325BA
3543,AGFY5ZYWFFRXGDR2EW6ILSZZPXCA
3544,AECOD6MDJ2STYWHYILJJT375CW6Q
3545,AFDBPX3JGUBTMWDTHP2BPAMY64CA
3546,AE7VCYPCNMJVBEPO4XOQF6W22MAA
3547,AFJT47EWBRZ4JZQAAFT2POZ54VXA
3548,AF54NUDZHIKBARQZIP7ZSZST3YQA
3549,AEY3MPDMNQERHEE6YZTC4GRFU5SA
3550,AHYR3FRYSRG4VGIZVR5TTXAUB4WQ
3551,AGXO7P425RGDHALVFS4FTCOGLNZA
3552,AEGDSRIKVARQWKREGBF2WTFSIB3A
3553,AEP24WQG53L6U3OX3BUHPKOJPXCQ
3554,AHW6B3U4T5MXETQXTDMJRZDJPOUA
3555,AHMAW2VIDR2VGGLTEDV44XB7EFWA
3556,AHKBJTT32D33FPVS6WCSWKZSK34A
3557,AGCCHJXSKM6AG32UQMQ7RZODDMVA
3558,AHO5VEPOXZWTSECV3AITB33QJ35A
3559,AF6MEYOP4CKWN4USY6GKSQFP5XYQ
3560,AFBMUIA3QLEITVPDMIX2ZSGAZM4A
3561,AESKOL7U2Z4MWSSJGEDO6GUUXTJA
3562,AH5ML7SXNGDNMUQTV67TGUG6U2TQ
3563,AHI5O3BVYON4PGX7B27NREMOQD4A
3564,AHZ6MSBTT7WCO7MPCYSQRGHLFDWA
3565,AGZWZWP2HJDGVJ4HBQ6BLTMTLKXA
3566,AGVAAOA6GJA4W4VEVUFN6L6NXVEQ
3567,AEJ672XRJYRACD5LYDXX2UO6QV4Q
3568,AEP6SZOVTNDFLRWLVBXYAO7FWXKA
3569,AGCRDHR6NXBGEHPO7GASPHPYFQ2A
3570,AFFPFBDKSVFRLTQ3ONO4WE3DJ4AQ
3571,AHUXKFWPBXNSDC3GYEIZJHZPETHA
3572,AHGMTURJY2OJQSFCAQCUFHM27XGA
3573,AH63AN3V4YMYALIWRCOMJ2DNQSRA
3574,AGYTSOCMSOAY7HIBABAJDGQJB3RA
3575,AHHIQXBFWEZBPWEUNLKHBAGX52ZQ
3576,AFFJUEDCZTPACVXQZXDSD7JWNNJA
3577,AEAMKFOEWU2PRRSKNUCHRWHDUXLQ
3578,AEN6L2H33UPA25EDFCWDUOFMZGKA
3579,AGLI2ZX7RU3QEYHKERDHEDDRH7NA
3580,AHQMJMHX53RCD6I6PMJZOLDYYUKA
3581,AEC6OMW7DZSZOPKOGK6OPWWOAASQ
3582,AFOC7M7WPM7PTDPTKEJHHFLKFIKQ
3583,AEOHLBOZPERDA5K6C5VVTVKM2ZNA
3584,AFDIHXPDQVGXR3GGE2ADQOFP7EOA
3585,AHXXO6GNN6JJAM74U52UAHE7V5XQ
3586,AEW6XD5DXBGMJEK5B4QV2XZJBFEA
3587,AGWZYWGR6QZIIKVJHPIWX75GN3SA
3588,AHQKNHJ3TX7SKUGDVZQAXZRRJPQA
3589,AGYWE4MWFP3S74YDLKFJAYVZAA7A
3590,AFUH6YKIAAFK3HWOLPVL624QYAGQ
3591,AEDUPM5WOQHZOBA5BKAEISTCKWDQ
3592,AGZZ37HMJUZWM4NZ7JLV7MDXZBOQ
3593,AH624R7YSHOHUJBXW4HN3GQ5HZ5A
3594,AGED46RPN5FAQNVCLLSSJRBI5I3A
3595,AG2HFALUVQRV4MEIJSNTIUGF4OKA
3596,AFEJKPMUWC7JGS2VRYIEJJ7NPBQA
3597,AGNMILI6FHVPDV55H62WNBJLLXVQ
3598,AFZ3YAVSYJIJMUGMD2XRRVHBI3HQ
3599,AE2UKJH5X7ZO63T4LJNEKSO6ARAA
3600,AHMAZ2DOJ7R4HMFO243MZCHUJGOQ
3601,AE6MXE433KSUNWCOXEAY4UNJCYMA
3602,AHEZXCBNZH27BIHSM2HGTEONJC2Q
3603,AGSFQRQU3QCQIXUYDWSSSNFMQBFA
3604,AGYCEMMTTXERXGBS4K6ZHGCTU7QA
3605,AHE3YAM5YOQ254BXF6PTH6C67C7Q
3606,AFUQAPHQUR6V4CN2GAWQUTQD3DLQ
3607,AFYMMU53BLSLDKYNOMAD5KPBL6MA
3608,AHXBAF4UX6N26IXTKRKHGZBYTRRA
3609,AGJFKGQSBPUYJOAKTA4L2TJZ75TQ
3610,AEKXUQONYOD52TOUSXN7B46KSNYQ
3611,AFTYQUIED4WPDJT4QWPUV3ZPVUUA
3612,AHMMHRO55S5WYIVIYVWYZDTOBNSQ
3613,AGWRC4EB4ORSXFZ5ECSNZDF2NUWA
3614,AHTZSQBVV6ADPLW4SR3LIBR5L7TQ
3615,AGFVRIQN4LI6XDH26GOVKARA7IJA
3616,AGS5E2EYXVC53S2CAN2JSZVF6B4A
3617,AEBEUKZLGMS6NBARZCFJ4WGV4QAQ
3618,AEQFOB3WIVK3OOOF5IWYPP4KYZGQ
3619,AHUVEASSICWLKCOV2VNX62JP6NMA
3620,AHEIDVKQTVDLN63CCDA5A4V36M5A
3621,AEM6TV7G2IPMLVD5OTM7CG3JNFOQ
3622,AG2QA2B6HMFJZYV3QMRRJY4A62TQ
3623,AFGECDJMZWWVG2CGLF4B4DSXVX2Q
3624,AGPFKTUXFJV2OWS6NW6UDKVDNIRA
3625,AGV2OPPCGN2RAUPBQCTHBQBKK7UA
3626,AFTPFY6VLMI3LAMVAZUNPWYCDVKQ
3627,AE3H5VYXN5U3VTKFUWUEVSCA6AAQ
3628,AG4GPBRKT4RDRL7NAEOOJUY4AZEA
3629,AHUD7WFHRCUI7GE3DEAHFGYWSKDQ
3630,AFMPGOQ3MDGMZ6L5NM3ALSOMAFIA
3631,AGXVO4TRSPE3PJZTOJMWURORTPUA
3632,AHOUVWHFOR56C6KDHPXPAZDDKBFA
3633,AED6VVXHC2MRABTIFRDRC6SNEOOA
3634,AGOFI6O63YRUKE7V47FFGONBXORA
3635,AEQZ3SFABCMETZ2QJJXT3APYNJQA
3636,AEYXVMFRYKQ7VIGL5H4ZRNTX73CQ
3637,AEU6FR3PHPHUQO3ZT6UI6IZBEDFA
3638,AHF2BOLJ4HMODRGWRY3EEISWP4XQ
3639,AG4JAJGSYGBOJM6RB5KJE4EXIDUQ
3640,AGTLYN55OBH3YZXNC7RA5NXSVPCA
3641,AHSYHMK2PYB3VYC6KEFEJW3KOPUQ
3642,AFWX2KNPM5MEIZPSZNEB3TITGTNQ
3643,AG3CIOPZAG3TGAUT74MOAXQNHBGQ
3644,AEJEZDQGHJXBB3JRJVHALMC6UY5Q
3645,AGZTAHHRMT36LHEG5TP2ZAHS5JYA
3646,AGYGAA7SRQOMACEHA73PW2HVWGBA
3647,AHTN46EXTFZEX3M5ELROQ4PZH24A
3648,AHRHVDXP7C4Z53CBVWJOWVUPDR2A
3649,AEXPWLFVALNFASMGXAYMFWSTRE2Q
3650,AH4PFXY6GLEUFVKIIOXGM3LZIH2Q
3651,AFCN2QUKE2W6BDKGK6ZHYIH4VLKA
3652,AGVMCQIKOYI4MZVLVSAFQZTNTJNA
3653,AF6ETFEOZLTGDQ7CHKB7KHDOS6EQ
3654,AHGI5HSZHJYC3LTEJI42FJ7KWDIQ
3655,AG53YS5BAALLNSFXBTI6UGKCQNIQ
3656,AFFXBU4VY4IVYXV27PRBKG4EJRYQ
3657,AHTMETLCTY633A6GG5OM4OYPMRAQ
3658,AGQYWSKPNMVD45G33LYEVILIIQQA
3659,AE5DCYI72UIAOJQWYU6KPE5IS6NQ
3660,AFLYDKZEGYHYAKVS4WVACVQKMYZQ
3661,AFVEJSI5TDA6IU6DRXWQHHRFFR3A
3662,AFYRPQAR5GPH4776YNVHW7226HUA
3663,AF5GEJSRP44WVCOCSZHK42PCTOFQ
3664,AEUGJA6PBO2AMY3R3SOREE52BMWQ
3665,AHMJYMN3HGGG36BTXS3BBEBRRJDQ
3666,AHZMIPRWSNFNXLHIQCKQR57QQRJA
3667,AEXWZNYNA7A3SRSVZBYJEM6EG5LA
3668,AEX5PSZOKXECMP5GAIVI4ACPDHPA
3669,AEF273Q5AIER4CSOFISO5A5LQOEA
3670,AECIZGAHGB7AXCODBD2DI7YU4TAQ
3671,AFG67DRPAKLAGXLFE2TA5DDCAZQQ
3672,AHP4STSMXLZ5ZIV6NBDUJ36SWJIA
3673,AGNJBLNLT3OJBNOGWJ2EUGIMFOBA
3674,AFMZYOBKKY7D45DLDHKH6ZKWT6ZA
3675,AGFNYLXW6M6DKQPISI5E76I4WK4A
3676,AFDQHKGAX66YRP2KZR277MZLEFDQ
3677,AHQ6E5WBNXY76D7BDPCN4UKNEAOA
3678,AHM5P5ABRIN7A4ZEDIR6ODKVABUQ
3679,AGXDAODXI2TLGWRW66PDKMZN6EXA
3680,AHFHOEIUGDT4M2CGT2O7GW2JURRA
3681,AFSFCWD7IVRYOEW2GPSLSBNRLBMA
3682,AE5SMRBDADJZHUXWT5I4TS7K5VMQ
3683,AHTGQTNMLULZHKYZ3GXO3I3PGY4A
3684,AGPUVMULMCYNQ2EJ6NANRDAD7TPA
3685,AFBMM2SRAARCGAYZKLV3EC6LBEIA
3686,AGYQND2OKBCH2UQN75YZGRQANAHQ
3687,AFJT6GT6WHF2Z6RY3K4UWTLP446A
3688,AGXWZI54XHT5V4N4DT66G53IWLLQ
3689,AE3NGQZUZZ37ZKC75HMKWYJFOQOA
3690,AH63UCZXB2JBQKYYRYJWBOLFQM3A
3691,AEYYY5UMIULKTVK4QTQILWHVX73Q
3692,AGJKNMQG7SQ6XRWMSDANIMB5GFQQ
3693,AF3Q6XHPIXGTUNLNVDAPO2ERUV3A
3694,AHOCKIZQ3BQT5IVQCMRF3YMDOI4A
3695,AFBB3JPVOPEEM76EGO2YIPUGAMGQ
3696,AGBXXOFJVIGGOQRRC2ERJNWTEFDQ
3697,AFGOT6F5PEP4L556IHBJJ4XP6XSQ
3698,AFOHLTHLQA6LNHUJMSIONREWT5QA
3699,AEEYEPQVWDPKWL7Z6VKY2GLIXPQQ
3700,AHG5DMEF4LUHSHL5EQAPR25RVVMQ
3701,AF3THDJ6CJUOXTS63AND6JSEYEZA
3702,AEXEOG3HHB24VOXFIVKNO5RPREIA
3703,AFV4EOAYBHOT7DQENQH5ZWV2QBUQ
3704,AF4537NSAIQF32Y4XQOOADLOE5OQ
3705,AFNSAEE5RIOW4BOLFZFPNSM6SZOA
3706,AGZYJZBGJTXSNAVWLGAMIVF4LWOQ
3707,AFHAB4RIWN746VMTAEYUG6LJZW5Q
3708,AHE6CWUKTBODKQGUTKJDWKCGJWOA
3709,AEACPOACNKHIJHPRIGVF4XR55IVA
3710,AHOBSPG64H5HHT46OM3FD6UE7VCA
3711,AG274F6XTFLCJLCC5DWRIWKZCAGQ
3712,AGJOTETSJVFTDKFHOSJ5D3FA463Q
3713,AEAGUDH2P3JJWGFISOIFN4LDA5BA
3714,AH77UHECDIGEHYC4PPKTAITRCL7A
3715,AF6PNMS3E5BG2XUXRNW3Q3I56UIA
3716,AHWIPHXQDJ3HT22QUIRUQLQOWXPA
3717,AFACJVDBB2WERQJJZUU7N6FWYBRQ
3718,AFPD2YMRA5KAQDBCOQA4HQ2IICDQ
3719,AHULA2DHFHXAAOF4VIYJJ7J22TBQ
3720,AGB7W7JVZV5LWO2EW3NW6VAZ62CA
3721,AEEUD4DMGPUTSODWOMXWFUVSM5FQ
3722,AGTL3WOVL23LODXT65KRBOD2XK3Q
3723,AEHULCIXOUBAQCQCGNYFDJV3XUTQ
3724,AEQCCHZDILWW3I5KW7A4YQ4BLGXQ
3725,AFSENXM5ZCXF2HS3BBQFKQDVOK5A
3726,AEHSANL7UGUYB7LLHC463VJN26XA
3727,AGR3PWO7V7RYVS6PF2HZMJRIJKYA
3728,AFPJVLTOOTB4R5WBO7XDVIDZ5F2A
3729,AE55FLCAB34RYO67S3G46TTANV2Q
3730,AFV3DXBZOVEZPV2ZMBIUL2X4GDMQ
3731,AFV5CU6VDVR5H64VSRN5NGQSN7VA
3732,AGPBIWRGR5TSYLXZIHB6FVFXFQKA
3733,AFKOQOBODM2L5SIGLAEX4B6BDQTQ
3734,AGYSKIYE7I7AFLFAEBAIRW5POY2Q
3735,AHRWKLOS3GWDQ3G2SDJ22E7E6GUA
3736,AHJHDNB27WLOVAUXA3Q5W67JGZXQ
3737,AGE2HDJ345OTDRCNG7LUIVZQBNGA
3738,AGMRDFGG6FO3D5NFDXJYQJSJSHAQ
3739,AHN2GWCM5NM6JTVPZOITUNMURYJA
3740,AEXMNTIEBK6PRQBJ7AH3C3Z3VIDQ
3741,AGXIOXSI77VOWTTDFSYTYPFO4AFQ
3742,AH2UI4I4E75V2WEQBJQ7NJVUTHKA
3743,AGQKRYLWKHBZH2TMILU3CRIGSX3Q
3744,AGYSTALQFXNNXW23EWVM6VRHRFSA
3745,AG5RYEGLGVDURQWDDKFN6FKNB4AQ
3746,AFN7L6RDDNI5A56P4KCRCB2TCB6Q
3747,AF6DIIOBVKVFLX5EQR5XKQXLGUSQ
3748,AGKQBUAJZYJGAH55C2G27JMQ4EYA
3749,AFXBYUAE6R2O2CMBJXJ7KFPSWMAA
3750,AFENP2JWYJI5TYD4VVSFRO644DTA
3751,AFWB7FIQMZ6EGQDHYSVGJK27FGYA
3752,AHQGSFRUHEEU5CZWB3M546VQSIYA
3753,AHMBLAH55NVIQQVTZI6PE5U3EMLA
3754,AGITZ6SKFWJSHZWDQI72F5CBHDLQ
3755,AEPECEPMJZ7YHS7IPAFKE7ZKQIOQ
3756,AEK542OJZH6VAG3KIFQQOHYVMSQA
3757,AE5ABXSMFIQYSR52PBI4Y4T4K7EQ
3758,AFX53D66QMTHWK4EQWEXYJJ7R2OA
3759,AHG4TCCO2PXXT4FPESCQX66VZZMA
3760,AHE5XAIGC5OTGCXPQHXKL2FL6REA
3761,AHHGYFGASB4QI4DMT6XQVPGJYCVA
3762,AGQMIMMSCRWY7EF5DA6LPALMKRMA
3763,AEHVK2WRHLWPAHBNBU3LEFKKQTIQ
3764,AGPX7ACIDWK62XRHZX4O76KE25YQ
3765,AGWQ3AKAE263L42JI27DF3S56YAA
3766,AGHATKXAR32TPM6GPENE6PK7SFIQ
3767,AGLGPQKBRRQD74SJZM2A7CS4ZXDQ
3768,AFLOA4PPYAGWH2ND3MM4F7VABT5Q
3769,AGCYCTCJNPXZW6RDHBRH6653QWHA
3770,AHKXN5I6CFI746EH5DSS5RBX3QEA
3771,AFVDPCWZNLDBJAKFJ2HUNIGLBE6A
3772,AHXDBJU5DCOZWHJLLC5CAIGQJMVA
3773,AH4CKLUWAQLY6SAA5U6FDL3OJYMQ
3774,AE6U5EQ7EJJHSJNUXQZQTNZGC4CA
3775,AFDQX2PWQSIXJHZQT2SANQJEVPRA
3776,AGZJ2IXHJOFWLROLDEJC2E4IWELQ
3777,AHS6HT7LIULPZZTUWMGOMLJ2XAZQ
3778,AHSSWG4L3P54WJ35VA5TK2KTLMLA
3779,AEDW3DFP37QNRTTS2Y4MJ2CAW7QA
3780,AE64KINCOEPY4A3TEXZCDIRL2IAA
3781,AFUUZNGNQIZJY5BYGPVC2JMIPN4A
3782,AELCJMZM7XOXUDAYRW66AF5YBH4A
3783,AFU37QMKQQA33RSMLGMHIG5REBSQ
3784,AE2SDL4IB4EZPQAMV3DPIDIHMNFQ
3785,AEITPJPA73YLYLZOUEGHVXL4CDLA
3786,AFC3UWQBPSN6NW4YTLOOFKINILEA
3787,AG6V7ZDHNQQCMHDQLRJP7Q22WJ2Q
3788,AEHU4RAT6O5HLP5AW6FLXYSIHQJQ
3789,AF5KVFUSTVBWFFUZL64QVDD2LZZA
3790,AGY3WGEVEG67RKZVD6LLJ2PTH73Q
3791,AHIPH62JCFJXDPZV7HBJ3R4YHYMQ
3792,AGEHXFP6N7B5NQBXGD6PP2LULCQA
3793,AEHXZJ6LAHQKKTAJMZNPLDQV3A4Q
3794,AHIZHFJNCVVYWKNTUDLTQCS22ETQ
3795,AFK4X2TF6QAVLQGHWNO6QIU3RXLQ
3796,AFUD4OATI4EJA646W4YLI4W7OCZA
3797,AE7S7B3SSRLNVMWPHEA57OUXKK3A
3798,AFCSDZCTWDUJQO5CTS6VTD5RIUNQ
3799,AEQNDIOSTW77FIQCW23UE2QDYCNQ
3800,AETPKXAGRRXHRLVJR3N5J5KMKTJQ
3801,AH6G7I2JQARADENI26NA4IYV4SBA
3802,AGQCM23ZA5BGUUCK7LK4TEHXCTGA
3803,AFAP6FNWKFGAPX3I6F2CVRI7T7VQ
3804,AESWNIIUQEY6STECQV2OLKFL6ENQ
3805,AFDQVL2NIRZQRNI23WY7IJJ5RSMA
3806,AHL5EKEQ2WZW2RMDCNZ2TJBVHCRQ
3807,AFAV5A5RYYSGFPF3EZT47VQC3CRQ
3808,AEFXFLCKHAA27CBIA2VS47GHBMKQ
3809,AH5GUYSNIBNO6MTHIX4ARZ5QJXKA
3810,AHUC5WWB4JU2Z26FJJY6WR343H3A
3811,AHZ3JK6XRJ2SY5GVFQR5S3FNHTUQ
3812,AHGLDZX7JDEY2UHAADLYXTFSWIGQ
3813,AFULTUEXLD2R5XUUMDYOARCWHIOA
3814,AFW6BFA7JZOMYHTL7YZY6XJH7W2A
3815,AFH4DZQ666CKZLGRQCNT4EWVBDNA
3816,AEK2IGCGQ54H4ANIVHRBV4KFPBWQ
3817,AEKJNVLNNNINQVRMGNPLN663PGLA
3818,AH7OZJA5UMJ2FEHZIPTRZAI43KMA
3819,AFVG6WI3YSAFFWPX4VO7X5X3D73Q
3820,AFXIAKJPCUCCHTPJZRQFOLHYJF5A
3821,AE4Q5KWG565OWJM6PEBT4O7HGYTA
3822,AFXIPYXNA4SVN44COSZAWRJWWGNQ
3823,AHVV57CM6DFT7MNGU7MPXH6Q2ASA
3824,AEMFWP4L33IZ7XPC6UKNC2S2M7GQ
3825,AH2CND6MD5BHN2AFRW7BSQV356GA
3826,AFK2H5B5OBKXCJQ27QMWPIPZ2ENA
3827,AHDGQ64L2ENK6ZSN4IG3JFT6KCDA
3828,AGJYDCHZFH46AH5WEO75X4ACDAFA
3829,AHAPQGTEXDNWTMB2CCCMC7Y56VFA
3830,AHUX5BIDRSY4DR4S2USGNBHEGMEA
3831,AG3WEFDTOSLUVS4FSSKORSYCQJDA
3832,AF45XNRUV7B5DUFNIZ37EP7FZDRA
3833,AF63SNSLACZ3Z64RYDN4WY3A2MTQ
3834,AET7Y6XEDDY3FM6QPGCC5CYV5FPQ
3835,AHO3575QNKBXPUVTJ3A3VXR2EGFA
3836,AFEQHPCZ7T3BHVHPJPVDQVUJW34Q
3837,AESYO7SKABO3JGDI46PC6GF25P3A
3838,AEGCHLX2PZYY6XMKW6DN6CXKN5MA
3839,AHNPUJGM52CYQBDRMWBWINMMA4WA
3840,AHGESJALM2HOCSSJVZL52KS2VJUA
3841,AENC27OLPEWDWRWI5OM55OMDD3CA
3842,AEVVZLXOLJOYXKVHFDSQDIKUEW3Q
3843,AE35FRJTZOBFBJHBVDKHY7LTZKUA
3844,AFZPTLOSRFRC6D7HLNYITLWA7DUQ
3845,AEPHOEVK2G3C5YBAQBGK5VBUNARQ
3846,AHO7ONWNBJD3PCHSOGZ7B7LME2WA
3847,AFN5M4VD3R5KVHMUOBHMCT2JOIVQ
3848,AGEFBQ2JSAFRGFFQYJVKRXSVOKPA
3849,AFFAQODPFEAVU3CWGI6HMRC2ZXGA
3850,AFBWH65R6NNZYLKGZSXCO6UUVDFA
3851,AHJR2WHH3MBFN3UIYTT3XVJQBARQ
3852,AHFBETGP7WKSPDHNYBR47AHT2EEA
3853,AEPMXNWPOYG3QEMQ2BUUTNHHI44A
3854,AFVP5NXRTFGYY3O25QXMAEWYTX7A
3855,AGQLK5HPCF2NB7V2JI65AYCRYSQA
3856,AHRMIOSRLCU65TU2A6DYIL7MGKOA
3857,AETDXTAA4M5F5EFW3DBJITIQ2BIA
3858,AGDSNFKIVF3WLTSAN5IBYIMFU6OQ
3859,AGRGYL53IYYUXBFZGZDREEXILHJQ
3860,AFDCK35KVUOTER6WID3GVNPRLQNQ
3861,AGXQE2SKUNQS32PIHYA76ODWJ55A
3862,AE526FBCSZEWQBFCHQ6TJMJDTFGQ
3863,AEVCLCOQOMP2IURHTS4V3AG4R63A
3864,AF26XZUIUWRAUWD3QF3T3M5SYNQQ
3865,AE5FU7K6WM5Z4366A6FFZWNJ5B5A
3866,AFHJKHVRZIQSGVRP26N5WV3HUZZQ
3867,AHVNHYA6RDOH6LSGZSWTQYD2EBVQ
3868,AGNVJOLG6BEJWVHA7DZ2W6KVD3IA
3869,AH6PAIGJ32R6F5U2KFE6HO7TX73Q
3870,AEUHRFXQFHZQBE5ZKWDGN273ESSA
3871,AERG3IOHJ2LSTHKDC4A727GESBHQ
3872,AGFBBOBCEJBGUGKYKPBESUJSAJ4A
3873,AGSSZTRJU4NW6GLJXLOABUWDWESA
3874,AH6HETJ2JHI5QQMLYTC7LY4TXQNA
3875,AHUR7BKMZNLP7PMWYG2BQAAWB24A
3876,AHDZ6VA5UFTASMBCJDDGSEB753TQ
3877,AFRDWTXHZHMCBCT6N2EBUHB43T6A
3878,AFCZLTCAORTYW4AUEZ3Y5WF6LP5A
3879,AEMEFPPFBJVYZ7CWELVFMAS2JBNA
3880,AFFJ4CKE5WT5HMLZU55RM73O6U2Q
3881,AFXX5ZNXBO2MBJ4XYQ3PXOPAIVXA
3882,AEVSQ6CHLRZVJLSQCHQ2HVDZVNXQ
3883,AGUWIQTQ5OQTSP6BOKMS2K7CQORQ
3884,AFM7OQ7AF5UUV4KHZPRBBWNYGZKQ
3885,AGXWFUN4POT4NKG5DRPMJAK6GSCA
3886,AEM27KZECXL7MNJLH4EB5H4FAQCQ
3887,AH4C5BHNDCNMO3MBX3PIPAUBI4UQ
3888,AHPS3WAEEQWX5U7DLTVBFJF6P6KA
3889,AGMT5TVLWDJWGNBVLXMATO26NEYA
3890,AF4DE42MVU5YKZIQODR3762CALRQ
3891,AHRURVMNLVJH7OVEGV2ZHK6UFDXA
3892,AGGHCIBHEOFPMIMQHXUWZSHZUHSQ
3893,AG66A3QOIFI2STZTRDGGIP2C47WA
3894,AG7AXRRAKLEZXOG5Z64NRCUGGPMA
3895,AGLV53Z7NT4BYLS2IHPOAINHK52Q
3896,AE7CSZ3ECBDJKBTATCLAVX2SRBFQ
3897,AHELPQJWX5AFMEC2BA4M4KVWCYLA
3898,AFMFFAJFRJYKXDDPMHMQF5IMJYVQ
3899,AFLFUCKUWGI4LGENI6WLACS4E3UA
3900,AFT6CH7G7KXXQSYA7Y7CMBOGH7YA
3901,AHYCWJXDM5V4W3P4PCRGQGD3SWHA
3902,AFJ6UXGXAFOFN5V7LF67PQULSEGQ
3903,AH3KGNUP2GXAKCVMLXCLTEJHJ3BA
3904,AHWYV76XQ6UQKLY6FQURZP5XX2MA
3905,AFJKLHBTRALUD7U4X6AXQSCFKCZQ
3906,AGVAZP4SOLK6APZZXVPMDRPYYTCA
3907,AGSGDXZ6TKMSCCUW7TGCHOTG7DLA
3908,AHQ3OR5S2RCPLE2XVEWZ7HZFTMPQ
3909,AG2UWR5YPA3YTJ5AIUMCMCMWJQJQ
3910,AHFYXGOGGYJTVLCLABR2NBRUEQGA
3911,AGK7CCDMEAEZ2VDMNN5K3ZB76UAA
3912,AG7SBG2WNHZNPOKDAPQCE62WZDUA
3913,AEJTKMMJ75P5PJ2AXRU7G77QHANA
3914,AERTTREB46ZSW5JRLUCVXMORRYHQ
3915,AE7GQO4PPM73VQJMXTRJIXV2ZQWQ
3916,AHARX3PPTTBEHZJX6H3LAFON4PZA
3917,AGDOYGEJSKHDYID5JLWKZYR3ZAEA
3918,AFAA7LDR2RLE45TJ3TYKSVDFDAVQ
3919,AF42QM5HPDZG42KYTVLONPZC4CTA
3920,AGXT7MT24GR7V5AVJVC73HZVKJPQ
3921,AF6BEDSURLRMPMZU7DZFGWODJGCQ
3922,AGU5KUL7VXMIBF7IBZDWAUDJXPSQ
3923,AGDZVMMLQFRDSLV462NMMCPSTS4Q
3924,AG6VXXKKIDESXLA6YDQMBUAFCCJQ
3925,AHUG24RZVD3KZLZ453YHYWVIROBA
3926,AED5SRHLPFPZDZU5FE3PF3DWETBA
3927,AGMRQXJYLGP4DIH4KUZPXL5C4IFA
3928,AFN5SRY7PGH524ORN5PZDZFED6GA
3929,AG3GH6E53K4VHLMB7Y744XII3AQA
3930,AGF3YGBCKZE4ERKQ7C3PQN6EOOSA
3931,AEBHKDILD4TGEPYGOKATUHH7H2QA
3932,AGAH4KJSIQTIJ7NPTFO7F52SH3JQ
3933,AGBD6R3NP44IUD422H6ZND7GYZ3Q
3934,AFSYAJ2PE7UOQ7EKT3Q6A2UVEULA
3935,AFC2GLNMS7574IELSBFV525NSX5A
3936,AHMJS4BMEP27ZMC73Z376RFGZUCQ
3937,AG2ERWBJMQUYZSKHP6NCJZTRWIRQ
3938,AE2JI5ZHUVFCK2DJ7NEEY3IY6KRA
3939,AH3G2RAZC3364DJA7HFSCSUYAKWQ
3940,AGP5PW4RS5R3OEON2UDTN6GOQISQ
3941,AFZY3ZVRK3QWQFLQLVVBW6INEUXA
3942,AE2E7G63EGZR6MJZVSW3OJUH4WXA
3943,AEXER4QDYRNRQKW7YD6J6SB34TXA
3944,AEBZ6LMFOC6RMOHRW4OKBPYSCWPA
3945,AGYZUA6QNAUANPHPJ6W6XFUVRHQQ
3946,AGHDD7JZ7W5ZUGI5L4IMQW5JXUEQ
3947,AEHMVGONI5U4TBKJHW5ARJIO3U5A
3948,AGCVOBNFU6NL64ZVLWGAMZRN4WBA
3949,AHBDOKHU4E5NFUIYZPJAZRLV24ZQ
3950,AFGA7HVJS6JH62UC3MQKR4DKBFZA
3951,AHBQLZVAQ2TXURP2QJCKLM67SE2A
3952,AHI4XONAMZ2KUHA3OWVEVE6ICCAA
3953,AGVNYFBMNW5OFJCGVPSHB64DLJMA
3954,AG4LHNFHKXYDQUPDL6KUGD6AAU5Q
3955,AFUDFFW3PAJCIQUVTBAIPFDBTAKA
3956,AEVHKGEDCUIDXJEXOEZELXLJNSNQ
3957,AGUOZZ7ISA36AUXVUE72RQ3IYSRQ
3958,AEJGGFNBBAQ57K5O3EJMIS4PNX4A
3959,AHZFPE4Z5WUWZLDNCEAFLCU2XV4Q
3960,AEPJHQO4RI3BNQLERDMB6K2XKHKQ
3961,AHZGVRGI245QUJ7BOIXL532RL4VQ
3962,AF4ASNLX3CS2PBZNFWVYO4XEKDRA
3963,AHQKQDJXBHLTGTZD7DPNJBGJUAWQ
3964,AH4RUBZ5D4TZZGX34PY5ZUDF4XUA
3965,AHLGRMK3QNFSGZMEWYH7NK4LK6NA
3966,AHGOBS757WNRAZXJFDMWUHURZFMQ
3967,AF5ATBWXUWF5FVBMMNEJOIODTXZA
3968,AGMPPF6HOKP5FVWUU7LAISN4OKOA
3969,AEOCFAYTPWGKG5U5Y7I6A65ZYW7A
3970,AHGRWAVKGAD35GECBA43M56B3H2A
3971,AHGRRJ4EBDE42ZE4NGTDTM4MWSAA
3972,AH7WZIMFZJVMVPP4NTFG7NYQ4O7Q
3973,AHSACZO6D3SFJURS62W2YSD7ATOQ
3974,AGSWHUTRZO6NCBNW5PT2KO5EDGEA
3975,AGZDIWTDIFRIMNONAXHXHI3EV7MA
3976,AGCSMX4XH5W35EYB4Y5RBRWV3YNA
3977,AFLBHGCQQZ6KFU5BAON4P7O6NCVQ
3978,AG3J6GEHFDQHHHW472EC3FGYUM7A
3979,AEI56S7FPZ4HIISXQ6U5PE6FXK5A
3980,AGH4IKYUQSOWNVUQWBHLPZKZWIWQ
3981,AGKWXUL4AKRA4ZJCM36GRUT2XZOA
3982,AFBZI2QTSGTP2MYMUZTYEY4FZQ5Q
3983,AHQVKVV7HUGT4UV3AGPBCHUU3C6Q
3984,AFXDXRRT2FAXXLGNWWC6VIUU23HQ
3985,AGHAWEJ33GFPUCWJKBREGOEX6X5A
3986,AHJ3J3JCI6Q4YRFTIRSHOBYZTLXA
3987,AFEPWWHH6GF27HXPBTRSLZIXB6RQ
3988,AGFM5R4ZKJRLUNGOVAWMH5FIEAHQ
3989,AHO2C52EYY6DNQERCC3W3SXETRMQ
3990,AFJRMBAOACEPRMADWCJMXQZM7QXQ
3991,AEV6DUEDOMGRAF6TEESQQO7MIPQQ
3992,AG7QE2XQTBJFGF2227VEEFKIVHXQ
3993,AH5XWE6HRIHPCEAXVCU3SZ5NHBDA
3994,AHD34X7OP7APNWE253VTITYL7U2Q
3995,AFT3ZBCPOPEWSEM4XUN5GEFDTRGQ
3996,AGHC4ZHQ2OWKSIGULGPZSNBXGJMQ
3997,AGEZN7EY7NY6A646RXVY7UNMM7BQ
3998,AFNIBFHR5GYFHJGBDSEJHDWRVL4Q
3999,AHXIQ76MNR3O6GK66CMSIF27K4QQ
4000,AHD2DOGDRXBRP3XBA434QK2LKVEA
4001,AE7FTFNAMIDE6OUGFKWBCO6MJCKQ
4002,AFXOHFCC5W2A6JUOC42JBNZJ2JUA
4003,AHTOTCXVL4Q5NOLXFWBWJTE6VYDQ
4004,AHKTEQ7NRHSNAQ24QZ6R46FSKLOA
4005,AEHONOKW47B7XQACJB5O2PHDTJFQ
4006,AFZ5DLZKMBPPQG7E5MXJXMHDT6SA
4007,AHZHFMKPGEF62KNSCH52VPXKAADA
4008,AE4DHZXHYXHP2WN6RDY4RY6ZFCDQ
4009,AH64XZOKNUYR6I3X2UROREVCRDRA
4010,AEAYAEPQ7ZUNLZGV5F3M3YK2IB7A
4011,AFIL6FA7V2B3VYLKGWCP7P3HKYMA
4012,AHDGIBL7HHXSXWZJGLIUMLXNB34Q
4013,AFC4MIGII5QZOEMCLVOPTXZYM7SQ
4014,AGEBRYRS5OQELHHLE4E3XPV6E67A
4015,AGT6UBLGLMKCNYX5YAYMNR4FYLSQ
4016,AG2ZECWJ7XG5TJOM7SZBP5NVAWOA
4017,AHOAWIQ4PITDJ2FDDNW5L4RGSLLQ
4018,AGM2ZQIMJKJYMRGURSKTJVJE5YHQ
4019,AH32PRZNYEZZGOG67HFGQI5URKFA
4020,AFFSQT6IDOZKRNNSJGYJHJOIIXYA
4021,AG6CYSGYY2SOE65CKEWP7ICBBUGA
4022,AFVGQ33QAYSBBXHOY3ZSIVADPE6A
4023,AHRMLMUZJHLZNICAO6OSHHLY53YA
4024,AFSCLNDBYOVQBXNBPRRIVAQ22DAA
4025,AEEMA3ANHKWKHJQC5F6343YTX46Q
4026,AHOAG5ZSPDYD57ZOUIKUGYSUUIYA
4027,AEPZEOUWMP6FJQFU75HI6L4YS64A
4028,AGRLXKMESVMEEP7S3C2SGUZWOYHA
4029,AGAMREKESLUPAAXGIK3BKWIDPFZA
4030,AGW7FJZ4TSWIUNODPJW5ZAOQD2JQ
4031,AHFPCYZ6LTRIF5G2ORLF23SKQARA
4032,AFBF6V7UMHOZMEG7ADCFXYP3GTDA
4033,AGCWZYXKVRHVYH2E3DV2CDXYNZXA
4034,AH7OAO44DRNFJLT4NLCJI7JEHDCQ
4035,AHGAGRKRITKKAX2LSTGXDCA2LJ6Q
4036,AGI4WYNNRR723MZR4PXSBKXDXBOQ
4037,AENBCQWZBMZKONCE7V3WTCJFNU4A
4038,AF5I7T7B5H5DYAKZ7GTV2QGW6YCA
4039,AG2GMGF3BT2TFNUHY7VRBTZIAZOQ
4040,AEAA2DGKKHYZDN535G7E6VKTTFGA
4041,AFA4SJSJQDRS5PI6Y7TYSVI54UYQ
4042,AFN77OSNILFMTWWZ23LWNJCHMJSQ
4043,AHAYLHGJWVKKIC6LYMEVKR5JPC3A
4044,AFUJNVUUXRAZ2EAFC6QJNNDHAWWA
4045,AFROG4WBNTJ3MIAQZNGKGGLI73EA
4046,AHFHYP5PFSY62IPZ7UZ6TH56UMOQ
4047,AHKY6DP63QSPHR5RK3FMKLZQB3BQ
4048,AHEZBZVYRPVGK3MQNFWDMGU5LHCQ
4049,AFWUMGUD55VISA6GSDWZU3LY3MEQ
4050,AFD5LHC5OJUKR5ZMIH4GIZAGHPPA
4051,AGTK3D6PYELZSVJJUKAF2UIF3VBA
4052,AFZQUBEW2UVM7RSJQY6N4GPTMKXQ
4053,AFCJ4ZXMEOTF76GRYKBMV5Z6EXPQ
4054,AFX72YLQGPL23DY7MV5MEMGTY4ZQ
4055,AGXN7ISWHH6GQVWD2MZJR2QVOTIA
4056,AGYZXTDXFYPVOWMUFJPAZJ4I4B7A
4057,AG2PLDS67DPI746V2AZL75FC4JGQ
4058,AFLXQW5IFNF4CEEBTK4MXWHXGRFQ
4059,AGURGHXQLNSZT3EF4OEH6DOS743A
4060,AGIJY6FN6HUTBKACT6KT2OJ4AXQQ
4061,AFE273U44CW2TR2DSJGJNEDQ3GNA
4062,AFOOTECIYPC2NAUKET6UHASSTXSA
4063,AG3HBBKDVJRT6XUVKAUVVF6XKGTQ
4064,AEO4A5CMUBHKWYO5577Y4WHP6LGA
4065,AHDEXC4GVLV5JSH3ZCDVP3TWLGKA
4066,AGVCLHFGZIZ74LPMH7DBPHJQ5WRA
4067,AFS2Y4HPMHOXDKZJELO6QE2OU2TA
4068,AEWNAZUA6MKZNQVM5SV3OCPJUUKQ
4069,AGEEDGMFACJMZDANSNSXCLONSMGQ
4070,AGTDCDT2366WHNZDPQJMJ2I2E46A
4071,AEZ44SZGTOCOCFB4YRNEFJ57I26A
4072,AESVOQOUXMWBSZVIGFUM4LXRUDCQ
4073,AGQ3LAFS6JLHI2X6RIKER4GALVZQ
4074,AHBDSYWZQML3726YVMCVER365UUA
4075,AF2TVLM26BJYPI5N6ODEF7FEHJXQ
4076,AGPZRMCSGDWHXPS3S5WMB27Y5IOQ
4077,AEU7M3VOX6RA65ZT5WRNIDN3GA4A
4078,AEKFPAKSSF4BVDIWQRZZTZOOVIIQ
4079,AFSD5GCLP2C6B2YPEA2B7V5TSM6Q
4080,AETOPMAOH5X7PGRHO4BBB5DOQ2TQ
4081,AFIVXALZE3Y5RX6IZ2OW4MB5FHIA
4082,AFBA5PLHWDNTDP7GBU5D5R2IPM4A
4083,AGZNEQWZRNK5A7HVAIJL3EEVCWMQ
4084,AGH2XQFGKT2O44M7DTGM3UXA7KPQ
4085,AHNW452O2ZOJKK4FJVAEMFQKMVVQ
4086,AGYKYAKPJP5BOE4PGJFWHKAKW77A
4087,AEKTXD3EU4OUI36KIMFYBPWP5A5Q
4088,AHF275JB6JOV26ZXBP4KXQI465OA
4089,AGQGL2GGVWOJMVWCDNENE2PYGJ2Q
4090,AE4MFQ4VE4HNLHC67EQH7ZVFUOSQ
4091,AEYVFAVLZMK5UWCOAAND4V5ACF2A
4092,AEGEIY7E6QOXKJ5GQXUEDFNWNIUQ
4093,AELLZXBJ6442SKMLMIRO3UR5ZLZA
4094,AG44D5FTDZ5IZ3OPWJOUP3L2LCFQ
4095,AGXNQANXYTOCWBTEJFDH2TRDJPUA
4096,AHBG35N4H4TJFRFYD46S2UNJVS6Q
4097,AGJOZYQWGXTXC5TL4EG4XRZUB7TQ
4098,AEJMEAC5DRVMIQEKU2M64AUCWRGA
4099,AHROUP2NRQDCQFOEMW2IPEHFQW5Q
4100,AECWY4LEVEPD2SCQ6WKAQG5UGH7Q
4101,AE76YYGEQTVE3JLTE36VMBEWAISQ
4102,AH46RIBOKMNWW2NP5OVHEFTABRNQ
4103,AGBJTKIFK774AITWHRWIJ2YNJFLA
4104,AGQBFXA7YPGN4U7GHS5QSEXRZEHQ
4105,AFBYG3LRPWB3DRA3QGYTABYDD3MA
4106,AH7FBN45RUTG6ILWGC27GHZQLOAQ
4107,AEK32QMMEMLLA7GFCFTUZDZUZVJQ
4108,AFBRN7BSFNK5DGLAT6EZFLOPZBPA
4109,AGQRWOLL64MJS4YELQAY527NEHBQ
4110,AEVBZHQ7UHKAZKK4MNVTDKGEJBJA
4111,AFEKF2JQCXV2EKDGNEWCU74QCW7Q
4112,AGGUOQNPXHVBWMJWKCA2IJEAFR2Q
4113,AFH3IJ2LGY22DDGOE5PH5ZP5SPKQ
4114,AGI6SVCXPPD2PELPKUA7OUZXXKJA
4115,AHUDLDOT7BKG7VMKPWS2QRTUDOAQ
4116,AGGZKGQ2HM4T4ASA7LUXEVCWSFTA
4117,AFII6MWLP3STBBIK6OFC6MV3FS4A
4118,AGLEECQTBP6DFYF357BN425SMMOQ
4119,AGJSG7KTPTJNPNI7GZJV2MFGP7AQ
4120,AGEW2SQOPR5ZMQI22V6ZEAB5FXXA
4121,AESUT3WQP2EJDQ4NAYZXO6IKSFZA
4122,AG3JO7REOSOBQNA7UKD7JADHYRMQ
4123,AHTTEHXCUFFL23Y742SJZK3VLT2Q
4124,AEKH7JAGGGLDPLAT4U4BBRZIWNTA
4125,AGW2HULVZ7JD5WLWUOHPNO2S4MTA
4126,AFE3ONCRIYR4LPH6YINKD6EQVSFA
4127,AG5BTWE5KMIY5HYTM3H6UCMNE3EA
4128,AGQUAIEJKXN5K377RVOJ7YTINTMQ
4129,AGXEVNRTAMS2G6RFQ2HORXGV6F2A
4130,AG2RJHV6NAXF37RCBYCA4S6SMPQQ
4131,AHVFQJTZ3D4UXHXNP6TPEHXSSVUQ
4132,AGD4RO63CSRY3MWRQX6SV7UO6SKQ
4133,AFCWI7RB3KINDMIY3XEQIWH3P3BQ
4134,AEXGLP22HG642HN5XCWHAWFYM4XA
4135,AHAUCEBXCL6RDJVAMZ37GDSTP2JA
4136,AEZ23BYXTAGDO7X24TYXTTQJJWTQ
4137,AHJSSAXEVV7XXOFLZFGHWDLEEKHA
4138,AG73GQIFNHXMNL5DGZWJJN23DJZA
4139,AFXDMT72DRLMNGUMFXQMLLPXWVQQ
4140,AFEZSTUBMSCRXPLHAYBCTXTK5VAA
4141,AGYJDUUPS7YJAYBVQKXVF26CW3BQ
4142,AGCK62BY4FKX3REAFBYDKKNS2C3A
4143,AGIU5NOWB42F7WV37BNX2KN43JSQ
4144,AF5YYBSTPTKLAHJLYKJIS7VJSIUA
4145,AHIWEP4BZTGNVZKHR6FD4KRT6CUA
4146,AEDYHGQINJ7ZWGJC3SKEJWCQD5NQ
4147,AEZFOI6EAPOJJ4R7S4CFYJL6QM4Q
4148,AG7DFUPQV3F7V52C5QPAN2QTJMBQ
4149,AGU5GSPN4SSA5K4TKLV3CUF7F4FA
4150,AGE6SALZJXSKPG45QUY5RCJUKMBA
4151,AHGXIIVE5PANS62LCDASUGCUC24Q
4152,AGUZ37TQN7JJRTSZVVK5WKGCGXPQ
4153,AECWX4DVGTSNOSU64RXUJUEJZHZA
4154,AHHXDK2ZV2GVY6MKJGXKUSQ5HPDA
4155,AFZHC32LDGSGZ5ZD4YRJWHD5Q5YQ
4156,AEUBYRJLNWVWQ5BSKYNQGS77HEMA
4157,AHCYH53ZLCXSUSQM74LIWEAARCPQ
4158,AHMN2J4AQCWHKCKIFCNH3HXPPB7Q
4159,AHBILZAJABGMUYOGDBZDI3K4QFZQ
4160,AEXLU6YEKTWRBK4ARNW4WYLB2AYA
4161,AFW3UGQ6LIWXZ2VVVEEIZDJOD53A
4162,AGDQH3G3DIR2MEJNV43LHLADS4MA
4163,AE7A6JJAP2N2IZNYMADFGQTY5YCA
4164,AFYWFCDYMLIVGGTBVESO3AGVCX4Q
4165,AHBNE22SJ2TI6L6DKV5WM7EZSGLQ
4166,AFVANWQ2IIXXTZZ5PY4IWGKQD7PQ
4167,AEQ7YL5BMZ4HZXFUVRFTJNE6YRPA
4168,AFYRM5ICS7QN52HSFJVKS5344P3Q
4169,AFRG6JE4JQ45VUKCOWBT2N5D4PHQ
4170,AHONFR6I7EREOLLXQRMAUIEF42EA
4171,AGUHQZA62ZIKDQIQFJR6QIJBFVSQ
4172,AF3PQF5L4TIXXVWCSFZCA67M5ERQ
4173,AGGHVXFTVWRBHMBTEFW2U72PXZFA
4174,AEFLIRGCU5GOFLKELXTORPR4AV7Q
4175,AHXXSV55N426N5LWMLN7YRXENEAA
4176,AFJHR4XCCWMYN6RJGF5UVE6CDOAQ
4177,AE7PEAMTNQGSIW7EBXNGL3HZ4AOQ
4178,AFNUHITEWJXEY6BZ3COQNQG7SNTA
4179,AHFWEXUDDHH6LVTAEESWUHBTXNDA
4180,AGCX6JXODFCGFFEJXA6IPOIIWMYA
4181,AEVV5YHDPF6GB3CR6COYIVD75Y3A
4182,AH6GQKHNAQM6FTXP3PKFRSQUB6NA
4183,AESLDSKRCQAWC6GBSG4YEBC2EDSQ
4184,AEIJSXRIHYJHP4R47VD6QLC735YA
4185,AFQEPKBLQ6XGSSCS2CCDXBHYINFQ
4186,AFNRWM56NE3OVONX3DRPEOTNG27Q
4187,AHO2WQSTBW7AZFIAJXX6C3ZUMH2A
4188,AETTZNH4ASERGITRXJJHN5WVRU3Q
4189,AHHRQ7NWFAHC37STXVH6C7GY6AMQ
4190,AFFZ663F3RSWDEBANLP63K5XOTFQ
4191,AEPVMTJRR5BF6NZXOJQ4HWBFLXZQ
4192,AGHJYBBX5X4W53QRORCIEUARVVGQ
4193,AF3KQAYD74NQBQRDKR2NYHNTYLRA
4194,AG5UT6B7WA6YO2D5LDKFFQNSIGLQ
4195,AGKDRKMNYKQBP2ZL33YE73ABBBSQ
4196,AE4MUVUII7URI5EM5HAMHCYP2VZA
4197,AGVS7TAZAHIUQLICNIG7TCSPN4CA
4198,AGB2LQMQ3EUOIWKP2QSUCXVOCHBA
4199,AH4AINPZW45HVAA25CCXOZAI7OLQ
4200,AG2RCPSLG6YPV2TZT3MCCVFH4PFQ
4201,AF6MPDMUEJRYSG2BW66EDMAEU3ZA
4202,AGXDAGMQG7IM2QLT6PC4GJTR56NA
4203,AHEDA54V6YTR3C6CDKLBZUCXO7CA
4204,AFYJ4LSSQ7GTP24IODQ7QIFZUQIA
4205,AGBBYI2W3KGD54UITKF6OI3YE3JA
4206,AHZ3FWHR7I775JI6B3WBPQOSDMBA
4207,AGU7QCYKX5V5SP62W2KDRLCYX3UA
4208,AG5LKEH3EQS5XM2UDWLXMISMTVKQ
4209,AHGYQGFYLVIREAS22HZR4O2347HA
4210,AEZGAZDNKNMQQQN3OQCPULOSTRVA
4211,AFPOFL5WJROJAIXQ55GVNCXSCA2A
4212,AEBFQOJ7QHOLUD7VEXULROKCMKGA
4213,AFYO6VYCZ5AVT464S7KBY27FAMQA
4214,AFKQ4UOLTDEWK33MWNLIDUI2HWPA
4215,AFVH63QBAZKAZVA36RZK662RXRCQ
4216,AF7IHK2FVQSLXXCLZQGHEP33Q4FA
4217,AE3YI7V5ROOPYUEJV45JYEZEF7CA
4218,AEC7IIDCSBXRP4EKL6T4U4X3MRVQ
4219,AHKOCIB4JUQXZGFQTJIRYGFKTO5A
4220,AEAYIYNTBDDOZYTL6QQ7D677ZURA
4221,AGG654OM65IJYSMPH3S5WZHTFHEA
4222,AE3XQZ62XDIL5FTWLCMOXECJSLIQ
4223,AED3IJ3VYQWL65OLVEKGS7TOZIDA
4224,AHSQ7EAR445WLSJZI5C3YCO45LMQ
4225,AEMF7AA4Z7TST2IL3QCXH42THVEA
4226,AEE7ZP2UTGFA2337B2UQSVMN75VQ
4227,AGUPOSALS5KGB7AXHWXXQ4RPBWXQ
4228,AGYX36PXU66BOET5P77UWKUMUQLQ
4229,AGFCX42P5HUSXX3EZEIT5YLVWBLA
4230,AHMWHWMJMCRAGLPSNW7RXFWGETAA
4231,AFNJBNZQN3KSPAN3J4MDT5HWUJEQ
4232,AFYGXR4KRKKWIHJKNX2AR6KTNAKQ
4233,AG3RFYOC45JAEDT5QCIIH3KWNTXA
4234,AERASFK57WHRJ5KBUMR7HSEX5JOA
4235,AFSXV53HOGNB5PU5DGFGPJEYDYZA
4236,AHO64Q3TVYRCJSKJZF2KH4NLAB2Q
4237,AEEJKCKP4CQDV6OYCGTQD6RY5FQA
4238,AHNEWZB4OIMK3WSPV6DSHQ3MSUZQ
4239,AGMCJU52CBKOOMSOQH7Z7HARDLJQ
4240,AFUXH3FGXSFBVOKRFS6BBGJP6OKQ
4241,AEN2ZFPKQXKGMTSGGCUYUWPD2R5A
4242,AGRYFNFW6JFKGAZTGKWTYJP5KU3A
4243,AFSR55TRO3RITWGREHQ53S7UZEDA
4244,AFIQVOXY23DGMO5YNEV23T3LRGSQ
4245,AG2B6JK4ZGO5PJWNHHCDMSX4U5UA
4246,AECIKW7TN2DOQ3SVK4POBHZ4A6BA
4247,AGX4ZT6WQSEJPHLMR2V3GP6NLUOA
4248,AEYQ5NID4P5E44XFMAIJWSWK2ELA
4249,AHJEFJY7UNLCAEMMZ3NUZ7ZRYZHA
4250,AENXRQNVIVYMW7Q2ME6RDYIUDYXA
4251,AFNCTRU4B3O2DJQ4V5JL5LYE7XGA
4252,AGTC6OGFHYXRHSCHRPETBUZ7OBRQ
4253,AEG5YRRR6YHIAC7JOAETUZ5Y2LCA
4254,AGDAGD4CTLZZI3L5OBSAXAUSQLIQ
4255,AEEIEKFVCHWQ76SMDNG3W2PNEV2A
4256,AEGHPW5NAUXP3CMVGOUTCMXIIBAA
4257,AFYV7ASEL33AO3HCS4ILO4MV2ODQ
4258,AG5RX6SIBOS7OLSYAPYKCWOJSVLQ
4259,AF4FPPZKSMQFGGN32Z6YYKWJ253A
4260,AHQESKONESRPZQMCMD5ZHDIQLRGQ
4261,AEJ2PKOQFLHFUQAHHBIC34IO5PNQ
4262,AEOWZQXJJTXTIN6AQBFYVOGTK6ZQ
4263,AHRMH2AZTJ5RAOIDBTN4LNOCHXWQ
4264,AEQWP4PJUTD5ONIYXCS7Z5VZJXYQ
4265,AHDIFON54K7LLRM5JZSVFZLX7EEA
4266,AERCWUWWU4I2DYR663K2FKIVUC2A
4267,AFCJSV5QDOZFMH7UFM34ADW6CIUQ
4268,AGHPYATSG7YWKS64MOHSAZONGMNQ
4269,AH6ZJUZYLNKST5SCVTZA242LCKCA
4270,AFQEN3LGLPJJQPNATJMFW4ROBALQ
4271,AEU6KFO3BWEWV5HQFOVSORJ2ENMA
4272,AH532BDTLQ4YAIJTGR63UJ6AYMDA
4273,AH5TOUVN27AZXPAKAARDFTWUAZ5A
4274,AEXCVHXE5NICPZPVVVCCNM2NQ6HQ
4275,AFHWXLH33HXHFPA54FDTA6XC64TA
4276,AFJ7HTVDW675IXWBFOZ7YN6ZWKNA
4277,AFB3TQX5HU6B4AXS3YLPIZAHS7CA
4278,AFFF5USMRON34VMFG6J6MBMCZUPQ
4279,AFIQ2NXWJMWOIQXNRVQJ6CA4SWWA
4280,AF6ABFKCEDMWWQML3AP6GTW2QZHQ
4281,AEGZIZX4QOZBVLU7QOX6RVRKTM2Q
4282,AEZUC5GX5RQY4E5EKNMOK5NBUGWA
4283,AEYVYE7TQOTRKACQ3XJQTO5DYVWA
4284,AHURYMO3BNCBTQ337R5WIVU2PMNA
4285,AGBTZBJFHJWIJVQZY6RMQYGCOMFA
4286,AGVJKCXMXW7R5RHOYPC6552RG7CA
4287,AFK2LOTLWJHRNIDMFZUD6XGT7KMA
4288,AE2D7DTNTKMUJ7KY324JT4AOQUYA
4289,AGUEWLGMASGJTXRFUWMREM35QF3Q
4290,AEZ3VN55WV6RYV4LXTOWYCPU7LMA
4291,AG3UJCWJVWUL3KTFCG3LZJTYOU3A
4292,AGPTUFKCB3LM444QBAXLWXYT6MEA
4293,AGCYZP3UXKVV2XOMQSDT6RD3M34Q
4294,AFGJ7OGUZ7TVBVVOJNV6CWLZR7OQ
4295,AESF52V5KMILQXLMUWP4UGYSP7MQ
4296,AFWBTTTGP6ARTJNBZ25KMU3WH2UQ
4297,AG2C3RF6BEWK7DQQHFUCQZTU6EAA
4298,AHTMLR2UVQQEWXWJJ44J6WBDDVYA
4299,AF2DDJ4SWOHZX2VUE55QRN4JK6TA
4300,AGHKYATNPECIOQBYWSXK7BDXLM4Q
4301,AEBQLMR5Q3563O7FVMLLQFW2COBQ
4302,AF5XYQ6YGTVP4B7Q7RWRLYZQ7BNA
4303,AHQQLAUV6MGQT3G4YLAKJ4HUXDCQ
4304,AGVQMGS7QSSPKZZEFDTIQ6246W6A
4305,AHU4BKZRC7QXBTO22YKENJVEKU4A
4306,AEW7G2GXTGT4RJE4RRUMMJGCCFJQ
4307,AFOC4U4I4IGQOISWZOXYXQQBUZ6Q
4308,AFNWJZKB7TGCMN7GF6LERCVG3GTA
4309,AF3VTRQCWRXN2D2OGVSJYSHAD5JA
4310,AH34MZAJJXNUAZMC4ZDAWA5ZPFCQ
4311,AGI2XSMCPGBYQTCWOCKKIXKCPMXA
4312,AH5LCJKYGJZXWRTCMC3CUYE4LURA
4313,AHXBNVSVO7GVBZFU5SNG2IRHH2GA
4314,AFUNZSBZCC4FMXG7K7NLVSHPUELQ
4315,AGBOD6NQLAUBOQZ7S7IEV6IWXGFQ
4316,AHGICLGJRAQUWXY5CAE3ZCX4RGIA
4317,AGUD324GSCBUJBZITXV6QDHTMQLA
4318,AEPAATKRSDWI73H4MERR2Q36UOXA
4319,AFSHKWJCAT7W5ABMJHLZ326CAESA
4320,AFO4NE5ONKI2WQGCBVQ2CMAFBZDA
4321,AHQLXSQJ4DU7YK3Q4KGNOFBIYPFA
4322,AFCHVS4KCPWZHAWCDFFUVE3NEEYA
4323,AEPIKBOFV4EI62QHZZDLD7G34BAQ
4324,AEACZF27YPIQXL4QPEOYSDMIUD6Q
4325,AF6VS7UYWDRCV7T3BBXD7RTXIPBA
4326,AGOUBRVQ5CR6IUYKY4ZYRDSFVVUA
4327,AEMYROMMRL5PR2ZHOCW7TNLLKKUQ
4328,AG7SFNHSM3BYXQ2DVTGKZ6N4WYFA
4329,AHRL4UKGL3VMZLQZM4BVCATZLUCQ
4330,AEZVKCFGKFWMXJ3W5UWXHT7A3U5A
4331,AHFWHDDBFETAWZQY4OJBVMEGZMRQ
4332,AHMKRVNFR3TROJEAWGPNRRK76PGA
4333,AH7VCMNOHEW4Y34GTAJ5K2BOWCBQ
4334,AGOFZ6SCTLU67X35C7GUC4R6XZRQ
4335,AF5LYTLNODGUN7W6BNJNDUTC6MMQ
4336,AFQ2HGIKQHY3BPXCN5M3QB7KFKXA
4337,AF2A5JCIHJ7V65U5C4MBHN76V2RQ
4338,AGXXVSEMM7Z26AOMM2OQGZZU5SXQ
4339,AEXVOY2ZLHFZYYD4Q3QONJTFT7FQ
4340,AH5NXVMYFXT5LCGUTRCMZMOS6RKQ
4341,AGNDOAFH3C24HEJGNTKHKX2X4FAA
4342,AESZWGTGN4XIWDJSY7OI2NPJWVMQ
4343,AGUHL6GN4AQGSFMJSILUAE7FX6BQ
4344,AHHKTFSFCMK3WIWMCSQMCFBEIQ5A
4345,AH4U4OD3BXYGO4AWQEA7QUWOVLOA
4346,AHHLAATLXLTAHQLZLPKLOEXS5O6Q
4347,AGF64RFLEZUI7AKHPXIGF5T5RYYA
4348,AGULXSNUGRAPQ7WH3KFO2NWZYWAQ
4349,AECG62Q6ZL6CQ3E4OVB3SU3575YA
4350,AEPN6TKAD4X75UCF42FBU7HBIBEA
4351,AEYDDBTJRY62OFTGWAX2TN5WB7EQ
4352,AESRBMELMK7JQOFBCCJOTU7EAYDQ
4353,AEJKPSHXNUOTY4H6SQ3DAD6QCNKA
4354,AEQZL4NQJ6E6VZFVT6EAKLHLDPIQ
4355,AFM66VFD2BVPEGNKF7TX5HBUSGKQ
4356,AHKFXPXLPANNT76ERUZ7HEKAEFCA
4357,AGNSNSBNB45ZMMRG4CXNKOSUOYGQ
4358,AGWAKHS3YR6XTXVAXPM5NTC76FPA
4359,AFNX5HGRGPFGDLI5PEMRXCQKM4WQ
4360,AEIBPIDB5K2QNS3PRJOL7PMB2SAA
4361,AE4RCXSANXEHCQRDQZ6JKMDZ3J5Q
4362,AFA7IYQAW2FYVBMLVRZ56IC7E77Q
4363,AEOTG32NX2CBURKMF65IAHAIF3SQ
4364,AHPCBMEBOPKLTNGAVTOWV67KDLWA
4365,AFTZQD75YGP5IDG7D62SFEWGNLJQ
4366,AEOZUMGTZ7CFDW7UD66WWVRHWGDQ
4367,AEQPFABAJTLERQZFMILIOZQMDM2Q
4368,AHJODNY7JDLJTWMG7BDWWDVJMRQA
4369,AFYNA3SNAEZW42RAREFTDT45TU4A
4370,AEKZFCXA5C6DMWGKM7PPGRRPOB3A
4371,AHYG4MFZSKH6HNN6SDTRV6CEIPCQ
4372,AEI7UOSTQSJI4INQAZEC3VD5C47Q
4373,AFM6DEIHVXGBWU4KTFLHXFFLNUZQ
4374,AGHTACFKC3MEHQ6F4D6VATBQLGRQ
4375,AFIYI7SAEI6JCPQGT45W47GZOJKA
4376,AHPU4NGY3UMUL5MU5WTTVESUXUSA
4377,AH5XKTR4JEHSAHTHIKM2XTU32DSA
4378,AEQCFLA6JZNNJ7GJ5DOBSNZ4AAOQ
4379,AHPRJWNBNF6PLWA5C2FQPHOV2DLQ
4380,AHE44H33O47MIKABMGHDDQWNKZGQ
4381,AEFAHGDLLHU7S5UN3ABX6ZJ635WA
4382,AHQKUG42WXT6HYGJ7HGC7P6JP7QQ
4383,AG3OYUNWRZFAYMAXMAO3WQBUEP6Q
4384,AFPCYICGPZUH3CF72Z4VPHBIGCVA
4385,AHW2IOL3CTJUE37I3T66HQDRSPWQ
4386,AEDLHLUKXRL5MYL55OUIQCTMEJLA
4387,AF2XRVCJWX7ZWPHOCBRQMN5PC2JQ
4388,AHV2LNZZ67C27EAGBOGDOCDEDIGQ
4389,AHDRUFGEFJ6NKFWIUMRRBAVBGDXA
4390,AHWH6SSWFJ2EDXGFO7JFJIQ76FFA
4391,AEZ5P2E6LPR7GY3ZRNAL6HXEJ6VA
4392,AGBS2M7SI5PUF5GVEM5JXD733C7A
4393,AGRXF6XX2NODOBCDLOHI4H4LFCDQ
4394,AGBWYDFTUMKVBNHAWK3N243KCTAA
4395,AFH2I2PQNB27YONSK6AMVDHW45GQ
4396,AETK63RWSEH7YDFEHHTTJKHW2IEA
4397,AFBDTZHRTXPXBI56RXKDE6NZ2V7A
4398,AE2YCPUVOFP6J4MZU2SYBO6ZVMWA
4399,AGGBFFVZA637ITRYBNG6SZIEUKSA
4400,AHCSIG4N4Z5KBZ4JJJUOCZZQ5USQ
4401,AGD477XV4AIDA327UEEZVB6LOBIA
4402,AHILUMPYRC7BWTTBUFCHOP7RMVIQ
4403,AEJK47WWBZ5QKGA6ZQXGPDPEAS4Q
4404,AGTIAY5SWBZOABZGY7ZIECHLYK6Q
4405,AHR4KMQ42RWUJP55F73EUSKCGJ3Q
4406,AH6CLJZLQKCHX4O5XFYA7ECVNDAA
4407,AH37MY3NJR5GORPFE27VPN44CE5Q
4408,AEIUT3N5HCLAKLTJ5ZE4KOYXVBKQ
4409,AEVUAG2T3NA5GLRY75WZRCOW7G6A
4410,AHG7QWG6NR5QAV54IBZQMKINIJ4Q
4411,AEGFOEX3HKTQF6OYB2LHOUUMXZLA
4412,AFEE2WA4Z6LGXZM2B66ZALQUSHIQ
4413,AFWZU4N7PVKR6KB4DKKBHMVBD3MQ
4414,AHKMGJXTXZAWKZSFFJ3QELXO3YXQ
4415,AGTS4QON3DTFA5WQURXOENZ4SIZA
4416,AHGRC7TKRMYH7UHFKFOZJLKWKE5A
4417,AGJZEKW4JPVFZQPZP2STJ2PY5HEA
4418,AGZ32O3GM5VHB2JCUF66CEYP335A
4419,AF5EXPWM4TPVJ7Z2PLGRMFY3CSWA
4420,AF3UWOINBGP4KSNVJERYG6A257CQ
4421,AEHNDP7TSWNNWERIGJ2NY2OR3BTQ
4422,AFX7MWIKELH5SNZLYPVPAOI4WMYQ
4423,AEXFWMK6QRWUVKGHM2YR5ETVMZPA
4424,AHUWRRW76UA4AMCGRH5TD7CPNG6A
4425,AHUJX2KSPVGM5FQ6BXMS5PQ4PXXQ
4426,AGKJTPLAJQKH2DXAV2L7NWE2YDLA
4427,AEWEIAWPJ3CZZL2RFS4MDV6NCOUQ
4428,AHCV4K4Z74YJZL6Y6JJZLMKAZLBA
4429,AFZ2LSK32HKUNNJQHSU4D74UOFWA
4430,AGQGSSNUIDYIOZ2VC4YG36OGDFLQ
4431,AHWALCNGDLZL7EAGKAXN6EPIXBPQ
4432,AGJB5D6ARUNYVIULQT3Z6XVS6YZQ
4433,AE3U3KEYWLOCD3YTNU4N4NA56O7A
4434,AHAA2YRMJFR3EILPGB3ALGUCEA2Q
4435,AHCLS2UDDCN5QN3QMPWWJ6244YIQ
4436,AGALLJLD6JK5HJJFRT6MEQLJC6NA
4437,AEQIBP3BKOKIEMDHB3EXDDVJ2ESQ
4438,AHEUJ2R7I7NRQLRJPSFENMXYTMZQ
4439,AHCWNX5U4I2X3JRSGJCRUBVLDGMA
4440,AE5ICFQVHLLP23BINUWNOD3IQVYQ
4441,AHFUZPY263KQYFQ4777I7YNPBLHA
4442,AHQJBI7E4DCYQNCZMJIW7PD5EHPQ
4443,AEOGLFPNJO6KPUTJDFI6FQIAWGVA
4444,AFJNZ6SYR6IN3RXZA72DRTAQ7Z2Q
4445,AEGDL7CZ44Y4VARUDWE2AHOTWO3Q
4446,AHV5CHPSREAWJNUFYOPOA64LY63A
4447,AG7TDIC7K4B75TLZ7KVUIBWBZILQ
4448,AH5NOJQWGKLRWQYYXQ6ZG4P2MYIA
4449,AERWNCEEO5EZGWK6VKBK3ZAGBDDA
4450,AHURR357TLWY2332BDOFHTQYMB3Q
4451,AEYMNQJEW5WQTTRVPPKOJAC3KJBQ
4452,AF62MTXY35PX4DND4Y7L742UJU4A
4453,AGRHDM4RDUA74ZX3A4PB5Y6A7NRA
4454,AGUAJWEKXPGIOWBED2SKRZYJ7YZQ
4455,AHJ24F56NJZJKU374HS2SL4SJOVA
4456,AFEN425MUSJBW4K4KEZ654C6CRNA
4457,AFXYBMADU3NVCOROPAAHHAI5CKBA
4458,AE6OETIQVVEPD73FMAUXZRN4JSAQ
4459,AGKB5DHEK3JUSI64O4LR43U4VPDA
4460,AHR56PSRZ27SGJW5DVHWVZGNTJDQ
4461,AFUE6PE7X2QJJDT2DK362U2H4LGQ
4462,AHOBKI7ZCVJ6XTUQGEHHJ3SWTICQ
4463,AE6NSD5RVRJ6PB5JBZEFXSWJQILA
4464,AGLPFJOM7AB3FXHRJGONXL646NEA
4465,AHHMN4FGHS2MB27FHTPPL6LM5LCQ
4466,AERD3ZB6D3ZTRZ77CPR435TENOLQ
4467,AELWDRDU6POOLN5UY2IR33IJZEMA
4468,AFNNYNCOIH6LBDA2EAOUBAKE2QIQ
4469,AEWP673WUI4QHYCNGEHSD7ZRCMPA
4470,AGEQWTOOMBZRGEYPSWRXME2CDBDA
4471,AFZQ3LP4W3W3XSIB4J22MLPIY5VQ
4472,AELIUGUDVSSNFAVO3MQ4TJRRQ4UA
4473,AEEDUHLVIM5ZDXR7KIBGGMVWWBAA
4474,AEVXAOYHNU3PX37TISMMHD4F3WJA
4475,AHG6ASNTE7LHF374PSWR6TLHBEVA
4476,AHPI4FDTCOD72DG7GVIGDYEQ6H7Q
4477,AFXWF5F7K65W57QHAK24RZB2MVFQ
4478,AGQSVU2KTJVP5GYZDEOWR2H4H6UA
4479,AE7HTHG3RSTZ6SHDUFFWFUJO665A
4480,AHZWLHYBSLS4HGB64GQWHLTGCQLQ
4481,AGP3OG5T5UHEMCFVQ4WUXWP5AN2A
4482,AFT35ESRRSX4DQM4EOPJ3KQLDXIQ
4483,AHWCBX4AWKW7GIQC7WAOUUTZAWAQ
4484,AFBJVBMG3ZYGMABA63LZLV3LAGOA
4485,AHVG57RCWINUAFEHVNL5DJ45H3YA
4486,AHXU5L7JQT6PSTZK5IBIHR5IEQ4Q
4487,AEBSL4KA6YJXSX2L2SGXRCG4TS3Q
4488,AHQHBE3CXXMU53V36HTXFWT3J5IA
4489,AEU3SEYPL2XEW6D3KWNJIQC3NRBA
4490,AFT7FQOU6VTV7LAL5E3PV65KQEPQ
4491,AGASJTUFUFFEPB224XTITYOOMV7A
4492,AF724JFQHBV4NXJKMSFPXMS4NB2Q
4493,AETGIDDA3KAYDCOYIJQUPF5TNTKQ
4494,AFQKXR6QQJ5EMWJJY52R2M5MAKVA
4495,AHHFA33UGV6SKV36MINTNP5YD7MQ
4496,AHK7YG5UPAWSLJYEHJAWC6VSCGOQ
4497,AFSYD7QJQXDFGBFTV5PCQIT4PAQA
4498,AH6XSO6LKH2N54D3Y5RFVQWAOS5Q
4499,AH7MX6VXOH7ZOCO6MIBW47J2RGRQ
4500,AEZRRIOTAILNT7D6MZADB5GZ6GZA
4501,AEQSM2P6P7GXRPTNRT2X2IQXBKFQ
4502,AEVYBXDGPT6ODSDO4AWHP6EXSHBA
4503,AGOTXHCG3FOJGR46CN67CR3BU3ZQ
4504,AFLVKAZIWGINPMLY34N6YBGINHNA
4505,AE742ZS6V6H4EM3E6NJLNTSQDUIA
4506,AGZV3LON2TBUWSA7MKNK7YCZ2YGA
4507,AGP6YME6C5LTUFULYHTTZIP6S5WQ
4508,AF4BR6MJNJZGXUFFOCYA3QSCRSOA
4509,AEHRAUNRS63WNUUY5TEOMIZ5KM4A
4510,AGMZKGEGXE3RMOCN33VRHDCQZZBQ
4511,AHBAA2QX2KG2S2A6AX3JQWCPWHLQ
4512,AG5ADF5UKCWFEIWYXUQYF7GMT2XA
4513,AFQFKNS3AK3VJBBGEW56ULCUPLAQ
4514,AGJMIMOG4JX2I6L5ECOJF5Z55G3Q
4515,AGPTZQDQIAULAKO7ZAVWYFS3OSLA
4516,AFD27RA7SYGO3P7AVBF6JKE7U53A
4517,AHTLFC3AEPMPTJEAH6RNNWIG2HNA
4518,AEGCGWQFE2SNUMK4KVBMVU5I3YGQ
4519,AHO4MJ5UQKWT7EVOO75YURGF7C7A
4520,AGV4EKAI4XFFOH5BFHPMDMWSXOQA
4521,AGMT62EOLSUJ5O6PNWHO47UTRMXQ
4522,AEWXLCIAM72R47QPNWRWYRM5CBSQ
4523,AGKIBGZEJSUT46SGWGBRMQXTH6VA
4524,AHC2J2OJ54MDOAIPYNRPUIOV26JA
4525,AFRHQEMG55TL4MC7CC67LIEAJUBQ
4526,AGBCMOG7XCL7HFWJ2WNLUSL7OOVQ
4527,AHFWUFAV2HPUFYAUOQVROPSEVF7A
4528,AGDP55MVYYZPQYSO6DQMQYJZ5RZA
4529,AH2X3OOM3KZ36DB476LAWUNBF4LA
4530,AG6UKYOLDH42773D3F5CPQWDBFZA
4531,AFAB7OL5UGQBQXISDK6JUBOFPBJA
4532,AGWBRZNQSISEMAEO22S4TXL43X6A
4533,AEWBAVHOXS26LKQSGUPRSBCFY6XQ
4534,AGVVZJCH2GPULBSD6A2TJIK2XUPA
4535,AHNPUN5PKYAGQW7GDPNXJ4YT623Q
4536,AEFRY7CU7X4WFTXHN476TPSMNUGA
4537,AEYUOCNAMZLLXZ7GM7QQT4YIVP3A
4538,AGYJOIEU2FER4W6MLC3HXZZN4LYQ
4539,AH5N7P3ZAI2BY555IPYXJTYYZUHQ
4540,AEFQIK7GKW437J3FQRT33PHCNSSQ
4541,AGTZXAKWMH45PU5LZW6DAWQKTBRQ
4542,AHN3OYQ4DD7BGQCQ7MMIF2ZVOWMQ
4543,AFMWTKQPUA5MXWRHC4IXR26TWFOA
4544,AG5YJH7VTPZEN5DNBLSHIQJJBC5A
4545,AH4LRVJKIH4YXH4DSMAQ2RZTK2NA
4546,AHFT62QFXCC6WQBL3PR2ENMFM6MQ
4547,AGJXLH2AHGRU54HHBVRBJAUZRL7A
4548,AHZJ6HZTHTCPIY3GU43ODIG6JS3A
4549,AGQST4NBJKQWISPGPCWD6LMRP4HQ
4550,AEPI7ISAF4W3MOCG6AIHAROLTKHA
4551,AH63WRS7DWQWAWF2YGXIBDJ46OMQ
4552,AEQAAMCR5TETQBKJPVPMEVUKJYQQ
4553,AHFOJSSATWGLXS75IKAK6AGVBN5Q
4554,AEW2ZINMMRGKWZ24IDHPAXO73V3Q
4555,AFDW6BGKTHGJSMZ6P3UN64RHO7ZA
4556,AG2ILVPLWADGKC2HK3MC62PW43KQ
4557,AE4J3VAKESTW7DZKF5AMCHMCNYFA
4558,AEYULFWQTT7ZRTP6CJJTMHP56E6Q
4559,AG7CI2JFZB6U5WG7NKUNQ5LEFXBQ
4560,AH6CENMD6H6T5SSELEIPHWY2FOQQ
4561,AEXUOEVIO4BCM7BSOMB2VJ2DXFWQ
4562,AHH2B6FYS2WTLC6JCSUR6T6AIAWQ
4563,AFM6MUDXVSVBC24RT5636RAODJEA
4564,AEEHEW6I65F42JW73XBOU4P5NYNA
4565,AH3WENRJTFZWLIOXY67D5RCN3HSQ
4566,AHNUVCV2MJV6WFGS2HMXVL7MXTSA
4567,AHFLG5ULBA4CZED3VQWAZDU5P3TA
4568,AFQVQXJHHDOYBUGKNMGBOWNOWKNQ
4569,AHFXLJWRGO7MDIVYR6ZDKG6JENEQ
4570,AHQHQNKLXCKFT4FRY66XFW36C5UA
4571,AGO5W2WSJDDEGGIKG2IYYMZKSFHA
4572,AENAXSH7VIHKDK3JRKP5IDMXIDLA
4573,AETH25RWJR5DLLLP52KTAYTPSYQQ
4574,AHRVWFSTB4YXRQIN6G5PTCY3XUGA
4575,AGCY4JUKLKQHPORL3GUQ5CNWRGQA
4576,AGXI7TLU42D57I6NX3EA74BTQXDA
4577,AF7KHWAH7OYLX2YWXHDYSIGBRFPA
4578,AGKMCIIMMM76ERJMATASU2TNC7KQ
4579,AGW33EI57NMBU6BP4GP4ATCLK5LQ
4580,AHGW4ZRF52TJP5JDM574OVY2KDAA
4581,AFW7UYEBCX7NVLDDJ674H3YB45WQ
4582,AFXTZF2EBSLURDRAKWPBJQU4UX5A
4583,AFBHS3SUZ4445VKM7CU5AOBNAEBQ
4584,AE56YGAV6H6IKTUYL7RU5V4JHXXA
4585,AFEYLERUG76VNLJO4CM3OXTFMTWA
4586,AE2YOBGXEHWNEFQRQ5C4VV3WM4KA
4587,AHACZM3VL7UARNTM4J4AFVWT3NNQ
4588,AHFC5AIPTE4WKJJHQZINNG6QYRNA
4589,AH33OIKKOPPMOJIYBUSW22TPIQJQ
4590,AFUM55HZ2FUUTXGOM5EOIED4EW4A
4591,AHRIDWPADOZT2MWBEMSEWM3EQFXQ
4592,AHLX3RHBMQFS3QUWEZEIMJ5RP7TQ
4593,AFCBKGPQ756ID4NMKTSG5NSTFF4A
4594,AG4PJPJD6I2ZPLIOXORVAV25EPBQ
4595,AG46CYUYUN6BSEAM2UQASRHKH4SA
4596,AESJLXGQ2YWIZPEL6EERIAXNSH3A
4597,AELWX72SWLIZLBV6NFG2UTTBMIEA
4598,AGPYTXAQ7GAWUMDMC4OMWJGJ7DPA
4599,AF6FRT4K6NMBQ6YDMPULVI7PKGVQ
4600,AH3XGC6FVVSSJWNJ7E3ZX7FUTX7A
4601,AHNUWB2S5FEJBJ4Y77I2AGCREO5Q
4602,AF4B4DKPC6D2P73XZ3BHDSY2AUCQ
4603,AFVKLVOHJGAKFTCEH6QF4NVDPJEQ
4604,AHLOJE5WN7THRFQM6RHIRIHRZP6A
4605,AGNMJWYXXAL3HFFODZBAY7HJH3IA
4606,AE24J6VPKBJDGOMHLDMAVVDGBBPA
4607,AH4M3QYVUCEBODS6SXVKAS3KJQBQ
4608,AHVALD6LBXOHM37CM2KLNCVFRAFA
4609,AGZS73FNNFSDKXDDH35BUX2FI2WQ
4610,AEZEAU4XSDJQU7WG4XVQTUUNXTUQ
4611,AHL4DYBTYP7XSQP6JDU5EDJ2HATQ
4612,AGNF2RFCS3TFD66EBNP2JMHK3ZYQ
4613,AGZ4Q5CEACRDIBAUZHM4H6EPYVOA
4614,AFBRAOS6BMMOXXL5OTBBMIRBKV7A
4615,AEYVAINADTP3WPJGV7OIEFRNXIXA
4616,AG2TH6R5TYSB5DTQ36LMRGGCVXTQ
4617,AE7G5NQWRZB7CRCPCJDP34GAIVWA
4618,AFSBWYE4PG3YL6WGWYQAULRND7VA
4619,AHDE2JJW4ACB7AA7F4AN54MDWALQ
4620,AG7F25GCOKZIPK4SSTTYASGGV6YQ
4621,AHSD3YUTOYX6XSZYMHS235YU4TAA
4622,AENBYQREMFRPXVUGI4EQPKSOC3OQ
4623,AG6ECRTAKTKFF6QAICGEARA3HFBA
4624,AHUSQQZNGM4PSRVTCQRGDNZMYOAA
4625,AEUNZFTGAZ2TZGLPWOKSAKLSO7IQ
4626,AGUBMXHTUF6QGUZV662EWOCUEIHQ
4627,AGUGF2VMHE5II7ZELZ3NP7NO7BNQ
4628,AEZUDO6Q7X2OVMUTNA4USGAXTANQ
4629,AFAFKY4H3WF4M4USLWUCF5XQPFOQ
4630,AFNCU5FZOFK6OFPPDT4OO25GCFHA
4631,AFS2WBERABVDNB5KIXJ6EBSNRYVA
4632,AF3A5ZOSDJXIPOZGFJXUB5JXUPNA
4633,AHZAJ2VHFH5JTSALYQZ4SHH3UUSQ
4634,AHKJMYBKC6MG4KJDKFBOGGHQBX2Q
4635,AHMFX2ASVD4AILKMTBWSXMFVEJJA
4636,AFQ7ZL6KGBMR66EKDH5RQV32RFQA
4637,AFABW6RBPIVWHGBWF3OLY6J5SJTQ
4638,AHK2Y3T6LTDBMNRFUPMO3EFLEQZQ
4639,AH3ZQDBZ7BMVL3BSP4YGVIQBRYAQ
4640,AEH657CCJ2QJXDNC4UOL2DYUUQZA
4641,AEN57QUDHSKM4X3J3V34SOCFGKEA
4642,AESO7BW5PYJY37EDTLS3WVBY7NIQ
4643,AELNYJHO3SFXPBSDFIY7MHDODUBA
4644,AGY7F5YD3C5PBWYLIVR56JOCKLCQ
4645,AFIX5N33524FSP5EAXQ7HQWWZDWQ
4646,AEDTRHMSJCVWSFAB5CC4ZYFBMKIA
4647,AFAC4OIUT23OIRW7EEYIKAUAEURQ
4648,AGTT5IJIVMUPSDU74FPI2B3PZBOA
4649,AE2TGETBU6K25LLOZIIWHQMZOXWA
4650,AFRAI6JZ4NPSK5C7DY67IHN2HIVA
4651,AGRQMLJ4PXBJBNOEIZV3KOEKHYSA
4652,AFUUOCID7CXPQV5HSETR4VRIGPXQ
4653,AGXVVZYQP3CV23S3QVF7CRR7HCXQ
4654,AFZ5RXVWVQAOCIPTOQQHZSH6NOOQ
4655,AHGABMKLCHWGIBSRIKTKPTMGZY5Q
4656,AEGOAVX62G3LTOV5GJL2MA7KARIA
4657,AEHIC7QYUFXJRUAEFEDTJZXYS6AA
4658,AEYQSVAJ5T2TN55R7Z6XJBFMK5AQ
4659,AGDTXCX3N276FLM4YV6UPKKNXR7Q
4660,AF4BGMSUWN5DLXKXWQ2AOXZUGR3Q
4661,AGNAX34E2Q55OV3LXYXRSONBIV3Q
4662,AG5OG5K3DKCBA3SNMEZ4YUGT3D4A
4663,AERWJV5XNQRP6OWA34GCVOFVLOBQ
4664,AEGJGF2WD2V6VABJFWBQIPQKD4WQ
4665,AHIPJBJRPQB3ALNVK7MWR3ET5OWA
4666,AHFEGDR6ESUKPANMFZNUULF6EU3A
4667,AHMZKI5DR6YVRY56C3HP6XTOFF6A
4668,AFC4OFHF3KELTYS4CQB2M4LLW5ZQ
4669,AGQNSMVN4GJGBKZXCYAYVVT2DCGQ
4670,AH2KE3NQNTLCPQ6UJMSHNRCBBVUA
4671,AE3T2PGPCMQL2GDJA4LH6PM762BA
4672,AHY3DQ3JOXHA3FAOKVFOTDQ6VZNA
4673,AENHXTSPK7V6FOQ64NZ4JUENHNIA
4674,AGG6NINI4XSA4D6NCH7XHJR2P4UQ
4675,AE5Z3JDP3M6BEWUPZI373S3VYOFA
4676,AHNIMVU7UIYW43F7UBTDUTRUREPA
4677,AEYJTEEEI7BWX35CMXCBQQNVGFUQ
4678,AH5KWSSUMNKZSVU3XLGWMGUNIYFQ
4679,AH6BVRG7ZN7F55ZL3MKZNR4XZ7TQ
4680,AENRV453AIPRMJJARRYRUKDOXE7Q
4681,AFHI7PWCWBP5JXL6ONYKBEEGMIUQ
4682,AEKKKXZQ4Z7XI3QUJKJUPY5GI2TQ
4683,AECJJ6TNYH3JRY445X32VNYWZX7Q
4684,AEDJC2EWFVUMAFCJ4D7LYNX4VMLA
4685,AHGVGHCXVD44UUKN6YUXL4KHMCPQ
4686,AGMYENP3QM2REECGR7EDASUKX6SA
4687,AHHANBH2ESMVSCG6HID2OELQ4IMA
4688,AFOWDXOTYX2WNDGLPPINRH2AXZHA
4689,AHCZMW3NBJ5J7KGSHO2KCKXUSNEA
4690,AF7DP66YSBHBPZAFSHWFBNKMCBBQ
4691,AERTLIEIJCCPH6UVD343IR6TWTGQ
4692,AGOZIHZY3XOSS46HJMBQ76UNRPSA
4693,AGFJWWN3J4SFSIOG73EVJO3HQAPA
4694,AG2GFWFH7TW762C2CU74IPALQEAQ
4695,AGDJ4A4PCMORLAHTKNXBCSWNA4XA
4696,AGZ36PKYTMRW64LRHDZHJDEEQNFQ
4697,AEG6TMKVX2CCPBCZBLJFRSBS3IAQ
4698,AGFVLWDT3GS6PIWOZTNVXO7J2R3Q
4699,AHACDZ2J56YHMINMKF5YTQCLIWDA
4700,AHOFNZUYSAX2ELLTXUHFVSDYY5FQ
4701,AGQZWA4Z7LSNA77HMKWDIBLSSIBQ
4702,AHFJA2W6FRXEJ5ZOH5NOTAXVNYNQ
4703,AFPBYBHKBWUAAVNULGUFRFY6UDZA
4704,AHNSVUYHUVLLYX44UG4RD74FLUHA
4705,AHYM52ROILRZAPJJTM5YMPL2UY5Q
4706,AHEVAVN2GO5CZFU2LJ5V3CCELTAA
4707,AGTU4WYO7SR34QMKYBMRS4Z57J4A
4708,AFPDNRK7WW4DRTEJU6XOBTONEPIQ
4709,AGUSJ4ITFIXT7ORWWN4BHILNEORQ
4710,AEVETLEEJEMPZQXSWJFZRXER3O7Q
4711,AGXROBUT4VIQS7RAFYCXN36SJKEA
4712,AG7ULDR6HJDWZ2IHDIETTPID5XYQ
4713,AHAOZDDCJZOWTH7L6E7BNTAJ5U4Q
4714,AHSITCRV5HZO7UJTYYV24VOY3LPQ
4715,AEIUK7PHFR3COTBIJADCTLV3EE6Q
4716,AGR6XBNUD5HL7ESOCKUP4HKOF6NQ
4717,AGXTBZIAGW3QPTMF3ER745AANGJA
4718,AH53OPQMHR6QS3B57CQXPE2IN5ZA
4719,AE4M2D6533WRKS3K57LBYW7IZIAQ
4720,AEUOM6JNQAWE5WBKEJLER5ULWNJQ
4721,AF7EKUQQ6LBSM7ECZF64FRMUUEZQ
4722,AGF5XPUUETAIQWCTY3NNDVL2BONA
4723,AFQ5NQBBNC2C2UPCJBL4IOMP4NAA
4724,AHLSOFLBOFAL65STSRTDJQWWEG6A
4725,AHCINPRGDD3GPTS6DCLROKYCAI7A
4726,AFZZYMAZ5UIMMTU7SB4TRS77CWFQ
4727,AGUXWATLJJNKFSM27P6DIHB3RLZQ
4728,AEYBIWNSCHCUVGTEHQ6IWUANY4ZQ
4729,AH7F6QNJ7MY63BTPGK6POKKQPZKA
4730,AENR5S74RCEP3ZKAJDLFI22AWEIA
4731,AHZDRNFJJQ2QPQ6YTTLWOPAL63EQ
4732,AF4E3X2C5PKBNR3JMMEDPLOULEFA
4733,AE2RM7VKRZVV5WGFBMMMCDOKRTLA
4734,AHKFQMY7HDIB67WLXGRDWKIU65QQ
4735,AGMVVDX6V2HR55W6SWPKYW4HNPZA
4736,AGAMZVLI7I7PHXU7YVN2DUTPCBJA
4737,AEV665QFYAIDFO457ZWLOKOBLQVA
4738,AFGI64IFNLKYRAIEVYGYUSADIQQA
4739,AG4UL27U7EVTFN5U6W73DEGWPU3Q
4740,AGYT435GTFAAXNCQBZJL3KXSUFOQ
4741,AEMJF6EPU4UON22INKS7E7KAGTJQ
4742,AGDYKEI3ZAUMLY4BZTER5JJIGESA
4743,AFAF7SCGAGONGPUADRASCY2X7ELQ
4744,AHH72O4ESHPBRKJIOEVEXJOBKFDQ
4745,AF5BYAA2L5X7CSXUWJDTO7C77BGQ
4746,AES5FKQSUPV5JNKH6DHKDQOZE56Q
4747,AETTMCWFRRAYUZ7Q5V6NM6SQQJ2A
4748,AFUJ5DMJGOS3XJUEURO4STLXIXVQ
4749,AFLWTEAQTIZ2E3G5CKFOUXBUOWJQ
4750,AEB4SC5EGTZZQ22JJT67RAGV6QUQ
4751,AGR4XJOFJ7JTPSCI5URGBFBPIWCQ
4752,AHHKNZN5HAXJH66PE6KSCKB7L7EQ
4753,AFPJROIUWJWP4SEE7GG7BDM4E5ZQ
4754,AHZK6FGGNVVYPNHAS7UOFHYNBADA
4755,AFBYBTVPBLPHAPWMBTZGXNZ4S3MQ
4756,AEPVIXOSC2KZTMTBSRZSQXZ3THZA
4757,AERRWYU2TFQ3Z2INNXKAXZFZUBTQ
4758,AFUKDYFAULTND6VTIFJZYM62BM5Q
4759,AFW373BQ7S5JTCI37O2TFDKAAEDQ
4760,AFBZG4FNZWOTROTRV37JZBPPVE3Q
4761,AE6PFGAUIE3NUNMOVBTRJF2OS6GQ
4762,AENOSABAE4FN5HIC6X4Y27BNYLOA
4763,AHTUWP3XF5OW4DBTJV5YZWYYUIEQ
4764,AEYSFDPY6XL53FOCCPXBQB7HL46A
4765,AERGQ6U7YCR6JZ54FFKYPUM7PFDQ
4766,AFKZESU3PTCQ2UVDBDSFVFTXBFNQ_1
4767,AFQHWRHONW5QBT5QJJQHFEPZXVFQ
4768,AGXAUHYGH6UZT3MVJW6U5DLO2SLA
4769,AFJ6LJXPJU5P7YOSJALZ2YWJGH2A
4770,AFB5L26ZMR3M5IXB3TR7NBTIFEYA
4771,AG73GP7WDJJA52LMOCHOU2JIJWYA
4772,AEE3JY7DYRGCDVKLNPZJ5OADLKKQ
4773,AEOWCSHJASLMADHZ75NFRX2WATKA
4774,AEJJPONRO64WYIHI4G2ZBKRB2LGA
4775,AFOM5PH5TAXST3MXZYD5BFCND3HQ
4776,AFYPDTTTQ35YFK5W3UVFMYHV5O3Q
4777,AGTBH2UDUXVWKNDYBCEVRSBBUOAA
4778,AHOPGCLYQIUTFS4VM342BP6SUZOA
4779,AGXH2SGJROEUKX6SP7BL2N3YQLGA
4780,AGY3B463AJCPZBXTDGRCIJPOMD7Q
4781,AGV5ZEI3UZ6RNDDDQ2AD4OUUX2NQ
4782,AFW7ISN4K6BV7IBCPWZ4S7LEKMAQ
4783,AGZKSWORR3L3H47V2DFPGI23ALEQ
4784,AF6J72EYSCSA5KZRBRNS2TJ445MA
4785,AE7H3GOR3KXSX2JUGBCPSYB2UKYQ
4786,AEYGG77IEJ4TJAWP7MLPBN2KMDPQ
4787,AEHJRI5HJTB2VJHQYQ53QIUGGAAA
4788,AHKOLGCG4PR2VC66SVY24NNLB4UA
4789,AFEXLIVOB4HV2RE7FARQAVWIHLOA
4790,AGFNQCCORS2MQB5ZWPYNK4CNLK6A
4791,AGCXWBUYJI34JMUBJD7SU6BYVWJQ
4792,AFAGYMLEK6TWXQGYUFXN72WWZEOA
4793,AHESVXH2FFK54UG7HOQBPHMPISSQ
4794,AGEJPDR2NTSRJSFSFT2ZEO6OFWCQ
4795,AGCBOS5ZYYI62H4DUMGJKEQWEZ3A
4796,AH3RSTQ3AVP7FOQ64LXUT2GVXXFA
4797,AE4DMIIXLG3JTZNUIBWWI2B4CJHA
4798,AE6ZBNDST5XRAL6CQFJ6EJZKG7QA
4799,AFN4PLFNP6EEBJ7FIK46B6AUVEAQ
4800,AGB7RGBCQUK4F3NMXEKXWFCBJD5A
4801,AFNPJLMRGXCNDVVQVTPBVP336RTQ
4802,AEPT2F5PYYMUK7ZSLUVYQ3PHXADQ
4803,AHL6ITWFWAMDZKDRPA62ODLE5VZQ
4804,AFWHX46FMQKSNQJQ7SJNBKJA2HWQ
4805,AEQQEHSEBMUDL5MPCTUMKXLTENXA
4806,AENAPLM4HWEEOHLDWFY4FN7TA3PA
4807,AFWKPOJDX7YIBVLWQ6NS5T7SCELQ
4808,AFIJYLKGNVS4ATFVWENEOFWA6JDQ
4809,AFZG6FY5SAEP5S2PKEXT7KFBPLHA
4810,AFEML7JOZAFDHFELBW4MZS2QTSZA
4811,AHLQHNQIT3ZBAYUQ6PVYOSWKRREQ
4812,AHE7MN2WZHNVDAHZXZWFWRN6KIHA
4813,AGFLNOHFOBEKXDXQQSDIESZT3WSQ
4814,AESWMA2JLMZCZNFPHARSEMYAHEDQ
4815,AGKFZJYSRVKIL32IASAXNG7UKDKQ
4816,AEP4XKVGFBMQP3S6YZIXZAKMDMCA
4817,AHV6TL3FIFXBDYOWETKCKCMJS5TQ
4818,AFQOJYESL2O4KYB267ZGLH4BFMYA
4819,AHX2Y3V5EMCYQ6DWGBWVXYWHGIQA
4820,AFHSKLONCBK2CQOF7SGFDV2KOQQA
4821,AFFHYV5KMPJIMIU76WH2ISWP45LQ
4822,AGFTCKTO2ITFOQMD6FOQRWKAWAFQ
4823,AEAYOQCAGLACOW7MIH7BYUL7RFRA
4824,AFCUGZTYTORYXBXXQHICKX2EEERA
4825,AEIZHVQHNHK7YH3GUBK6RSUNAYTQ
4826,AEOXWDXGZI3UDUC4R4NE7HPG23SQ
4827,AEMN7CA7G7GLQ3YA6IR6XSDZNNNQ
4828,AFOYSQ6XKRWFEU6PRPS36TVGWT5Q
4829,AGWSV2SEOY675KMXXEA3POACXFCQ
4830,AF2ABWWL3RFKVZ4DHRI36SHVB42A
4831,AH32FPRPWSUVUEDYTU3MZ463LJ6A
4832,AGHCHTWF4CSQM7MVD72ZB6GKET7Q
4833,AEUW7XKM4KDIZTFHHE6LLI377VNA
4834,AFPUKVECGVRZD5WFOHN3EQRX2Q7Q
4835,AFHON6B3CAVW2UMGJDQKSCVL6RYQ
4836,AFZUD7TR3CNRFWQKONVDJDZCHJEQ
4837,AEV4VSGU3CVJZE2S6AEQ5XICGTPA
4838,AH5BPBJAC27474AZCBVYQZ3AEJUA
4839,AHJIR76MFGCQ25ETPE6S2DXSXGRQ
4840,AEQ6VTKX5BS3NEUNLINJLDBA47LA
4841,AHMG5BQNEUTVOED6O24CSM2FM5MA
4842,AEYFLXXCVIODFS2ZT7B6YG3KPAPQ
4843,AEBOIBYH62R5JIMOUYO2ZICP4ZRA
4844,AGOINL4NJDR3VIT7URYFIIAOXP2A
4845,AEWMIAY5UX27XRT3SOWHHPQLZJXQ
4846,AF4QW7ZTJIBKVFDWBCSSZKJHZPRQ
4847,AFVS6E4QTGESWCU2JAIIYXJSQ5CQ
4848,AFUIPT2NDDFYQL7DZEZDIMATA4DA
4849,AGXEJ4LFMO2Z46TOXU3727GI5NRA
4850,AELK4J6BIXPMIENFDF2I724EP6WQ
4851,AEI5AGM5TOYND7ZJDQSM5OAJIFLQ
4852,AGXIG6K35TO2SG42TKGEZDMOHJSA
4853,AFIZZF6EAKHX3ASL67K6MURBCE2A
4854,AGV3HXC3QLT2XDXSKTDB3ND5ZG2A
4855,AH7UEKEWN3QMAPI5Y4IQISTH542Q
4856,AHJ32VEIPK3TI6MFWN5PJIYVBLGQ
4857,AG7SL2M4F7TKSB3SB4FUCQLM7YJQ
4858,AEOW3IZHJZEMRVWBLNXIQLAIPSCQ
4859,AG3JJ7QTTWX4P2KPRAGB7V72TP2Q
4860,AFBM443QDVPNDRNBB7QYEVQTCBQQ
4861,AEQ5SMKXK7LXC5RWSLME6VG6IXKQ
4862,AHT24XTW2VZFPV662YWRPHWQM6QA
4863,AHVGM25SCHTRQVQ4NKLQIPYQ47WA
4864,AG5NG4QLJQY3DRT4DXW4HRCBOWZQ
4865,AGPMU563VR74HIF5S6DVW2WD4TGQ
4866,AFJ3Y6XBCAALXIAZI3RV5DGT5NOA
4867,AHFSHEFHNNV3NLRQUSD35EJ56KOA
4868,AFIA63QHQHU5RKOJZGEO3WKKUUHA
4869,AHW3IPPFUW2BS5OLT4J67VO6SVZA
4870,AEILWFXS5XWD5WQSFTH3XMTP6BQQ
4871,AF32HBUIUJ3M7KYL5JBXQVQPCIFQ
4872,AFJ32EFQLN2T47HFIP4UIQAOI7IQ
4873,AEJRLQFAL3ITNN226OLLQEEJJMZA
4874,AEV5XBMQ3RNOANNSTWCMSQ3EEJDA
4875,AHKFOOAMUJ7OJGVC6ONTVJTZ6ZVA
4876,AELKHM42JODL5QSJIXUUATNPENAA
4877,AEJIWMEA7LSPQIKQTV2KAI7HNWXA
4878,AE5JKAN2GPAQMIWOXSLV7ESFPTKA
4879,AHMVMSHN7EXZY2ZW2RWL7ACIVSGQ
4880,AH53CT6YAMDS7A4GISVIDN3QADTQ
4881,AE6UJQPNDKAFTHSVEVHW3OJQSZKA
4882,AE5ZFYXNJQNTWU4YHV2RK4GJN5PA
4883,AH2OH2YE5BZTT3B75E23EPJEYDQQ
4884,AEGB2OV6GIVHVU6WQWJVS6JWBSWQ
4885,AEWY7AQE443CEV7FWVWPMY4ULEOQ
4886,AF62PE2XOZ7Q4SCT4IGNZNGWM7ZA
4887,AFV6RC6IIRZDYJAVPHFAZYG2MYUQ
4888,AHESB2XAH7O6HDH72YVLT72MZKVA
4889,AFQQCEIJ45G6VQ45CJ77RBWCZYMA
4890,AFD7NYKWHMXHVPYZPKU6E6ZLCBHA
4891,AGBRE7PYTRUQR7GCEYLQ2JN4MGAQ
4892,AECUVX3GAKOJZ5QSVCQIPOLMCMRQ
4893,AG2RQS34ATDO3EVUSYVQFOXOV2RA
4894,AEZA53AIVG4NPYF4CDZEGMLZH5QA
4895,AHO3IA6C26AN6BYQS7Z5X2OFA4DA
4896,AHVJG3O7ODOI7WVTF45QNC7JLQJA
4897,AFUDXRYYI4FLCIM7W7FMU4QNWHPQ
4898,AHIQVZ42UG2RRWQNMX3EFHL7ZTLA
4899,AFEEWMO5W6UJ3MQZZ6XT7JJ3F6EA
4900,AFD5IBTIAJGL2FJCU2AE4KWZQTHQ
4901,AGTPGLF5UWBFHHJAVW4FILCYZMOA
4902,AESBBFLKPC7D5BNQPDIOYU77GXWQ
4903,AETPA6CCJWH5UHAQMRN4SNKJZNCA
4904,AGJ6W57PHZDRZXR4O4GXHXKMZBEQ
4905,AFRG2LB64KAMAYWPT44SOLQP26HA
4906,AGJR4OY3AFC6DAIP3SLANJPTPR2A
4907,AFH6CHATYYN4RWPP5FKSETESKYDQ
4908,AGKGB7D2EVF27FKC6FWL7OU3XWUA
4909,AFOS7XNT44GUSJBUODUGTD5XB7ZQ
4910,AHPNJC4HHWK43MKNIA3LCBEMTZVQ
4911,AEY6WCSNMIUK46XFI6CZPVEWG2XQ
4912,AFKVBF7EQ77GUJSEC6D4UR6EPZFA
4913,AGSU3QMQCZTXRPNFJDBM27CXUPSA
4914,AHRUQR77KTSUFRFKUCHQF6TQIJPA
4915,AGURLJK4ZTUMCQTAR2HOIU2H4JDA
4916,AHWP57BWRY7N45KMLRJVKRWYYPCQ
4917,AF5JH74FHC5YAOVKR6ICUFKJRRLQ
4918,AGSXUDT4M4KCBRVOP5M5LZWFR5LA
4919,AEBYMWDPTIY35CO246ZTEWQDKAGQ
4920,AH6BRVSXTZANRROEODEZFJX4G6FA
4921,AFWDCOXYR3FSWEO7773FIW5WH3UA
4922,AEUC7HQXB4R3LQGO3GTW6CLAUWTA
4923,AEENRJVF7BQLN7ETF5YB6KKJMCKA
4924,AH6AIEMY3Q36RI4GPEVTV2CXMYLQ
4925,AF475XF3OEDYW2VMPOTYEG3HO5OQ
4926,AFMABYPSTUMPV5235HVSMPS77P5A
4927,AFC2XL3CCED3DFCEOUZODDKF5SOQ
4928,AHLW47NBCRXPTDFWEP6OWKUMP36A
4929,AHKJ4FIQ3YG7WOWT746GOTJR7EIA
4930,AFOH3IIVU6WXR4GBCJWI73N2RSKQ
4931,AFLOAD2YFJXISF4JN2TDPGZD36UQ
4932,AHD6O7UTHG5B73YGXO23UJUKW5GA
4933,AFCUVMF6IZUG7I5VTFRWSDUC7N5A
4934,AE3NAOIV4QOOC6SMJWFKFMUEF6ZQ
4935,AFSTAE5DO2S7RRDHSSF253XVN6VA
4936,AHYFPU2HANQMAYFWZZZMMUQXHLAQ
4937,AEXDVBCJQNAQJTMOWKHYUT2LXYXA
4938,AGKFNLANEOFP62BMLJYHGFSJYRIA
4939,AGJW7B6RPT6MKAKSSPMQJOFI4DOQ
4940,AGPWY4KVIKMPGVW3C2N7EMF36YUQ
4941,AHQIKYMWJHI4HQJOPXUCZQIGFKWQ
4942,AGFGP4LCNVBENCE25E3G4SOEA53A
4943,AF3LZBVEBDCN4AQBC7ZNADJJRXZQ
4944,AG3I6U2CORZW4SN4LMEFXBROVFFA
4945,AHMJXSQP4V44RUIKBIOYZYMQKLWQ
4946,AET6EO63SAR6VIJZ5M7XY7KCK2CA
4947,AGEBJY77IXG5SOZFK3VZBLINLVBQ
4948,AGLO22TBI7DGMMDWKXZNJITQOJ3Q
4949,AE224HI2GTJDDOBC3RN3O5SDBNOA
4950,AG5O7KK4XW5RJEQ2KYRM5TQIMLRA
4951,AGCPDN2OGQ6UMZWFZYPNRAWUMYXA
4952,AEJY6G3KWS7LNZFU5VDZEJYIZMCA
4953,AGHEWP3DDMXATIZHX2RYMJSY3OVA
4954,AHNJTDIDR3OAUVUQFIUICVEZH7BQ
4955,AEYTZXECPZD2ZRA6QIF3TA54ABOA
4956,AGU4YFVR4WBC6WRFPSPXTYD2GCLQ
4957,AEQBGR6LCUBMQ3ZLGK3URE7ACUQQ
4958,AEF6P6VCBX3LV76VBMSPJLMGXCYQ
4959,AEKVTY6RKLB4IYZKZXOZNEFGZLZQ
4960,AHIMY7FNIAFKOWCVI5SDTTD3OH7Q
4961,AFSE7N7OMUONHWFWHQXJRMZGHZOA
4962,AFDCGZIVYAJU5WYQXBWSC2V6Q32Q
4963,AGVJGV7D2ZWI2K7TOVAAAIMMI45Q
4964,AHIH7KXPNCP6AX5ZKANI2ROM4NYA
4965,AGD4ZCMEDV2KCEZCI63IEPDNEWMQ
4966,AHZPFVPZG7AOTW4EJ5ZWVNADCDIA
4967,AHPD25EO2ITJNU2SZK3FCICMYDFA
4968,AGCS27SKVLJZELVVMDW4TLY675YA
4969,AEWGOR36B3CMA7DMOI6U77QFCLGQ
4970,AFI53XES24D4UGQKUCWL2F2XDLCQ
4971,AHRTOCZJPA75TMBNOG3IFQDIRP2A
4972,AFJJUWSFAHFYQ6F5LJWFCY5YB32Q
4973,AGPWDTIUZF3ZWSQXYW3IUKOFH7GA
4974,AEKNT7N3B23LK6YIHPOZZ6IGFCEA
4975,AGF6GJCP4LAESBIKRMJWMW36OP2Q
4976,AERCPITCW3NITBJA7467TFSPK2KA
4977,AFELTYZTZU27DOROH36CC6NQ6UOA
4978,AGAMWBOKITZJVZ3IUYP7IPURJ3RA
4979,AHRDNEEWGDMQA7D4SG263NIOXPOA
4980,AFEUUO42X2ASNYSN6BJOQT2MWFRQ
4981,AHZGB2GOI6KEFAEJ57MXJTPEZBXQ
4982,AGSNNS6PWXSYI4CXQLUDHWAPGFBA
4983,AGH34PHLS6THUOAQ7UYZCH23S4SQ
4984,AGVVJ7SAEKWCTFGUGZ7F6L2XJZ6Q
4985,AHWUVUCC5KWBI3FWP2CRR3C3XKTA
4986,AHN6G2R2ALO2HYCERUUOEHB5PMOQ
4987,AFJWPKH5NJL3HHCONPACIEOGQM7A
4988,AHJ6SFONJZU6C3JUD3LHZ7ICB4ZA
4989,AEGUFR7JX6EM76S44IZ7LOIJJMNA
4990,AFDJQMILNAG5XYESHYCMZQO2TXWQ
4991,AHSSHM2YEGR2AMODFTR3DEPUV7AA
4992,AH6MYOYC3EYHYDWQSI2WEC27LYUQ
4993,AF6MJ2XTBBRFRD7ECIAD6JJH4CGQ
4994,AHXGZ37R6M44UHT3XAY3ZGCKPEQA
4995,AFWFIWJ6B2AM247VKVCH5Y3DY5LQ
4996,AGUD35BQ2MYRACM4TSL36LVAPNFQ
4997,AETINMH2ZWAWSP22YN2M7LXH5P2A
4998,AGTC5Q25F6IKIKGCZSL5AV2DBZFA
4999,AG3Y77IKZKQF7ZIQD3PAEG2UVVSQ
5000,AFJXFCRXAIAEKUEEOAJFCG3D56KQ
5001,AG6IK256H7VXYXXP6NCOA77PBQNQ
5002,AGLBM3O2GEFK3S67HUCJHPUCTZPQ
5003,AGWQSWBYJGRFLOF37RXD7MIIHPYQ
5004,AGYLZETK35BDIOJLOHWLMFPPBFWA
5005,AFV43VDJX6G5K5NBDDJ2I6TBCVTA
5006,AH2TNOFNWPXRJ5VJ7PPNVT5HHLJA
5007,AEKVKCDECILMA5HJL5OMGU3G772Q
5008,AEKZRF6LYZ2ONAGLJBPQIL4MLZ4A
5009,AFE2QZX74ZGIHIQONRXB6QEWCZRQ
5010,AF5H7RTNEV4ZCXM2M3A2U7RJ7YDQ
5011,AHHENQH6QTHOLQH2JC364BUG26HQ
5012,AE6IY3UDENQ55QIRMVVALQ5P3JAA
5013,AGURLIDDIFASEPLDQ26KCPOSP6YA
5014,AECXGNDECOY4UGA7PGHTBIUA2FLQ
5015,AH6K5F5U3NLR4ST25T46NZ3AOFHQ
5016,AFJYJSSHM5YGYO4LH5WYALVHSX5Q
5017,AHHZXEXDNGDXWLK5C7MWIMPNAU4A
5018,AGOC5XVVTRAOXSRNEHKCSKBQSSMA
5019,AG55NYOX3TSTS6W6STDGLK72WR4A
5020,AHJNRJFIIS3QMVDCEEQ5SKGL73YA
5021,AEWEE2V6CN4VHT5JXTCSMRRZ2UKQ
5022,AHMXEKCXOLH2GGTNAZZVH724YS7A
5023,AFHNBZRK35NUDBLDLCPDU3KSPZPQ
5024,AGG5ZH7P2ACTD6HQRVJ3YGUXKXDA
5025,AHJK6HBK3XSOESABER25OKKVWPDQ
5026,AGOLPIU65XBU4KPW342B2ALEKO3A
5027,AGMOOL7ULUJ5EO3MUG557V4LIHGA
5028,AHAXQFLBNH3WBXYNSOKXEKB6CQXQ
5029,AF4OQ2UDNFIVRXM2TGBYWQWHMG3A
5030,AE6I5SUCTODV44U5L4ALKHIMSNYQ
5031,AEUVWMYPXEOTXWNH7SOAJQLOAGQQ
5032,AHWQ6VFXSXARW6667P52FF225CGQ
5033,AGASFCY7G34L36KN34EZXR23CE6A
5034,AEMWHEZPEEDMH62MT2O644WVH3SA
5035,AGCD4VSBCHYIWXOIK426PMIHCBGQ
5036,AFLKTHXPTQ2IM2SFEHWXIR56YH4Q
5037,AG5TLPDTOEGVWUDQBKSS7NPHSNGQ
5038,AE36D3GBHIUF2AIKJVPXAXBGVI7A
5039,AHGE44PVEDQVNCLAE7ZWGIKJ4LUA
5040,AHYPHYKWRVEKWFF2XQCUGS6CFGUQ
5041,AGMW52DJB2IMLXZPYXU2KCXUM24A
5042,AFSY3MACG52YCEKV3MM6V4QYI7IQ
5043,AHZLEZEXA5QXETD32AS5PRNJAOBA
5044,AG635CRS5KQAREPZLOBDPRGMVA3A
5045,AG55YUO5OJMVWE6LMNCQCGFLES5A
5046,AEAXUDARLZDAOWZTCAC3RM3LM4DA
5047,AGD5AP3YPW2RHI4MEMB6NHPNWD3Q
5048,AGIKRP77RQZDMFMMLE2MZKMWY5LA
5049,AHOPSZ4CHGL23R35YGTNWBOK63BQ
5050,AE4RM5ELKWJ7TH7YLPMRSSJRBCMQ
5051,AGPK3YV27PBMW62USAUAPF4ECWDA
5052,AFIA3FC3GM4QHMN5QVSXWKGSCRFQ
5053,AE7VJB6EU3WWZZVSEO2ZEWL6L75A
5054,AFQZYLS2K3LSIZP5LTYVWRVTZRGQ
5055,AG6MJBWFVC66GHT3QQEMPQYKA64A
5056,AHU5AURWBIDOG44QH3QZRTVXP5XA
5057,AG2XVOHZMW4IAT6O7Z2OSRZQK4EQ
5058,AEKXXE5X3C7ESM7HUELCWBQOEMCA
5059,AE7OWK3TBO2W2KAIDDHYCTO67YWQ
5060,AFMTD7Y5HZYLI3EPDQGIVRORVVCQ
5061,AG5Y3RZIHRKR75PRPG2G3S4M5IHA
5062,AHHN6OTAPVXE4PZYBQG3U6TS7VZA
5063,AGUCGZ7PDOIXWU7A33S4QNBXZEKA
5064,AHA3SWQHKHDZK4C4GM5V6B2IB2SA
5065,AGVEXNDXUKMPB3SEMAJ3UHIOU5LQ
5066,AEZ363Q7HBVCG2E3M6LHIKRAMRUQ
5067,AFW5EPRENOJSJFOEMNMPXRYQ3A5A
5068,AF2MK3GHNOU3YALJYMIUJ3DEWICA
5069,AGM64ZV6Y6NEJZHSPQVZUQ2SHM2Q
5070,AFEQIR4XRTKYXDCF2RH5BGFZ5IEA
5071,AHX6SHTHHGSHXW2PMWWLZP6IW7RA
5072,AG4GKMREZVO6IGZHDTTZQ7TZRRKA
5073,AG2AMFUDVOC2NUPRNSKSTYJT53ZQ
5074,AFRIS7PGKR74XWFKHLUPETISMCLA
5075,AFCJWUSZKB4FRCVDUHN2S2A7H7QA
5076,AHB4YDZ2NVFYGAXSHJ2MZCIDAZKQ
5077,AHIUXQJWGTD6JJS2KA3QBNQHES7Q
5078,AETNSPDROUGRRHMI2DRKEF3I27RA
5079,AEWBSZ6THHGGPU7VV5VBA6AKN7AQ
5080,AGAEQBFVQ3OFTBYME3DOZPM7Q47A
5081,AE76C4Z3G7LUCTQVVGLQO56LL63Q
5082,AHCDPHLRKYOYV5HBXU23RKEUVYDQ
5083,AGWSUKUBC5PHKEDCDU2E6VZO6MMQ
5084,AHJJ5Q32YYVC27I5VS25IY2SMVKA
5085,AETDPNRZ6MB5644QPVOTIBI3S7VA
5086,AH7UXF3GVIY22WAOZGPEHYUKAK3A
5087,AF22F5ISMUP4EFQLITLMU74IRTVQ
5088,AERLFJNYUKD35KZIZP7TKZPH6KJA
5089,AF6TS5N62JNM5KVH5VKFW7WD6LHA
5090,AHSMNK635QHSC4VHM4RAV36SWA2A
5091,AGMDUDIXUBVJ64O65NGCLI2EZCGQ
5092,AF7YS6JBSVTGNA7M3TS7Y4U32JWQ
5093,AGN646PMYKA37WNZ7FFJ3J5Q7HRQ
5094,AGHFEIBVZTV2IFS42UTIVFACSPZQ
5095,AG732CRWYPARPLSZNFWVRSDDFWDQ
5096,AGWZ5REKHXPOZFH43VEE7ZXGQ7DQ
5097,AEY6WIDA5G7VPAPJS5TOV52CZO4A
5098,AEBDD45TVB2RKCD7YEHZ46KEVWLQ
5099,AFCYOHNK2KBYKXAJTNQXKKSQ72NQ
5100,AGO2H7WCEZSXUTL3J4KIJRRO3ARA
5101,AEYVXPWLLFMWL6QA3VPE3VSKW3EQ
5102,AFJTPVMKSTFAJ5YHAKTFYFDLTOKQ
5103,AHOV2RJTJTDY34NYJZHIJPLHQ4RQ
5104,AFZZ4RYBGX7NBRMBTXIYGATGCPNQ
5105,AG7L4QZE36BL66LEWMS36W3RSONA
5106,AF3SCG45UT6OT4O5GUFZ4LZ4IQWA
5107,AHHAOJS6A2AJ6MR527IJREDQBHUA
5108,AEUEZE7CKCXSCNLT667RYCAYFWZQ
5109,AHYHJZ3CZY4JCU4N2EEUD72POZQQ
5110,AECX434Y253H6AXBC6UBPP3OJONA
5111,AG252NN2NBX57RHNREIWJJH32UYA
5112,AGWC6DUNQCTOZVPK5KDGP32QDDQQ
5113,AHQFLQGBAXCKCDSDSXKSZVGGT2ZQ
5114,AHCPFTM6E5YAOF3RQJECOSHYWYOA
5115,AHI5QMTEUDFVHGM36FS4JGU4RMUQ
5116,AFNOCLRJ6J7UOIUZRFNQURMNTBZA
5117,AH6JQJXQCGYEP2MTJMAQSPX63NZA
5118,AGCPWYMSHBP4TH6B5LGLURU37KZQ
5119,AG36P6G5FYBWH2GZO7NS5SEC7RRQ
5120,AHJT6S5W5ECRZCYZUNCA3W4GX2QQ
5121,AHUL7VO5IUFNLV4P6YELA5ROPQXQ
5122,AFZHGV7YE5YVVPGT6LPFBUJFK76A
5123,AFQSWB7D2YZZVDNXQXKDGRXMC6SA
5124,AH46CKP22JIHGCZZ2OC2ZN5QTYUA
5125,AFY66IZVVHZZ3ZBZ4LJUYV3XGAJQ
5126,AH3EBZXUCE7YPADR22OYAZFXIPLQ
5127,AGRI4QOOUPBUOP37I4RGHXJNVDJQ
5128,AHQSR5JUFLNEMNUHT4AB6B5IN25Q
5129,AELDFNFPMWCCOMAAWDIWVPRJIMIA
5130,AEFSHNYAPEZVQ45VTRKLLZ42WV5A
5131,AFZWH4CF4MGYU2PNQCLNN2HGEMRQ
5132,AEKOMPME2YHDLHDAAG24EDH4HWUA
5133,AEAFQV4L55REOTGIU5AUG27GDX7A
5134,AHRGVWNFDLZI4JITQGYLKPYACAJA
5135,AHM2D64S6FT5GY3P7FL6I4KGBKZQ
5136,AGCANT62GRXQP2TEMZHBGFCMMIQA
5137,AGXXDRHNAOABTUAQLLEPEWPVE24Q
5138,AF5I4MDL35HK3LTB55YIR3O6KQ2Q
5139,AGLSB5DQXM5AWKRQ6CCYGGMAOOTA
5140,AFZDQABJGVJJPWIAXNA6ISJCHOPA
5141,AH7YCRWH5IOFZGIOAOVUNKKUZI3A
5142,AHOSESJ77KQ37FBBXZVKRYSXRZ2A
5143,AE67ND7YISLBP26RGQIPRW3SYP3A
5144,AFQEVZTBPSVKRVOFK52ZFDFVXM5A
5145,AGIP3KMD3K4E4NREFBNJ6FLIIGQQ
5146,AELINLSQ6KVZ35HR6HEUJJ5CTHOA
5147,AGUKOEZZHWJAD4PUD42LHGWWGVVQ
5148,AHO3HR2GL773PRWNVJ6DFG3T33QA
5149,AFXX3MQZOIJSHRXUDT5GVONLVB3A
5150,AHUCAOGEHB72FUKS6AAXI2LP6Y7A
5151,AE2ONZNPUMKDZXGSGBF5CV3QRIJQ
5152,AH5H4VJ6DXYYDYHFD3M5MWXRW57A
5153,AHG2PHRZNAQRK44F6VMY526FORAA
5154,AG7JXSJO3SIXA6TB4IMZWZSLL4ZQ
5155,AE5ZPZWOF7LSKMDTQQ35AJHWNWUA
5156,AEPJ6SI3JBO6VG2OXMT4AFKC3VLQ
5157,AHOKVYSL6ROKELAM52F26QKQI3NQ
5158,AHTIWRZXT2GL6RTNN6S3SHPVOMQQ
5159,AEHI7U6OOUPGSMUK4EHS3ECGPBAA
5160,AEFGDS2LV4PRD2IR6SSARRD6AA2Q
5161,AG4KFPZWLIKARDJNIASEPO73LIGQ
5162,AHI2URY2W5SNFDLMYQM4GLIWN4UQ
5163,AFYVG2SLUXVSS7OSHMOQ72F4Y2HQ
5164,AG3CNWMM4LSP4YQT2LGV4PA4XEDQ
5165,AH324NZWT4QCA6L6LHLQF4HVPGYA
5166,AEK5VLY5HOSRE5YNFHKFQ7VE6IAA
5167,AEREVAW5PZLE4AYQFEI6EVT4K6PQ
5168,AGGXKFYXXJVRKQNZ6XD3LVMIDZFQ
5169,AHF4WYGA25GAD5VZOE4L2ALIIOFA
5170,AHGRCA35KLLN5RTAQIYFI7Z6IOAQ
5171,AFXE5N4IGY6P5BXU3PYR2EA6JK6Q
5172,AFQTRFM4BGBXCT7R3YQUWWOVQ47Q
5173,AG4ODDF5ASA4JMJSTYYUC55ZWGFQ
5174,AHXOKSF5OPBRHJAE4OO6K7HNGKNQ
5175,AF2UHTZU3O3NEHUTPT7X3ILPPMGA
5176,AG6KHKG46L2PVNRPDKNYYGHHG7WQ
5177,AHGIWIWTIH5WJ2OQQ57J74CZSCFA
5178,AEQDSSO7J5YQMAQVWPH2JGPF2ZDA
5179,AHKBGQZYCBDQ53SB5QC6UW5PCYKA
5180,AG72B2XTYH7NLEZZR7GMCYK45ELA
5181,AHNA2PZ4ZI4RRVMM6KR2U7Q7MW6Q
5182,AHNUB6RZ4VF6TXUDRZG5LEU6TEYQ
5183,AF5AO3QESHDXKDIGPPY75J2NPKVA
5184,AFNTBUUCGA3MOJJPTMDDTDIJBNWA
5185,AFDLACY3D3KUBEO7SM2KE5GZYXDQ
5186,AGNGCUT6Y4TBDX2BQYWLZHPZR5HA
5187,AGVGKPR7676UT5R3LOPV3TEYUHEQ
5188,AG74377OEDU25PMVY6JYESL6NQJA
5189,AEYK6LTVHCDLRQ3NPMKA2JJABGDQ
5190,AGDJAP7343F3P7MQIK2LVXLBPLGQ
5191,AE2FW2OTNWA6AW5K4OZ7DNPED3YA
5192,AHB5KUPK5G3TCAYG5FVU6FZTZNXA
5193,AHVJUFK2IDOHWD5K3RNBNX7WOG5A
5194,AG3MRIUGKSN37IAMVV3ML74FWBXA
5195,AEMICHYJ5OK5AD5IQPU7EQMYCXJA
5196,AEUXNP3JJQORTGTAV6PO5FEHXX5A
5197,AEDW5KBOB7XIBH2GFJ4NKPHGFSDA
5198,AGGUPIWVWQL37HYSKBKJ6G2SWHRQ
5199,AHLISZKYUWOLQILJ6H5O3XRA6MMQ
5200,AGGZTPKDUNTYYZFO6ENDJ27FAKYQ
5201,AFAQZ6OQXVBMFZMGEPPWTLE5HUEQ
5202,AESOOKNHYEW72ULWPXORESZEZACQ
5203,AEICP5PCT66V2X5CPLTJGOYJCGYA
5204,AH7OXYQVIINIP2XPMZIDMKVXYWUQ
5205,AFM47RIS7A523BY2BHLT6HB4FWRA
5206,AFEHCFNGR5ENWBIJMLDRGKKT4FFQ
5207,AF4STVQM32HOVRCTGJ4GOZ2XY2IA
5208,AF2NW5W6MKN3RSUQ5JE6J5Q5JDOA
5209,AEEU43NCO3PBMUFTZQMUDHO3MBNQ
5210,AFGRUBXXTT3M3ZXY3YFMCVCBD6IQ
5211,AHU7RJXO6JUSEKQXWPRZQVWZIIWA
5212,AGFQ73WKBNMADCQCM4E5LAFDMZCA
5213,AFYSWP4MPCTT5SAXSRS2LZMYJTAA
5214,AGMZSQ2JR6CPXE6LUSEN7S6OWJXA
5215,AEBSVBI3GJ5NSDNMAHOVMNTJX4SQ
5216,AFGI6RRNSQV6DXEUNGJIHXOMFKSQ
5217,AFKX23VWYM6RIUWJD65WDD422ERQ
5218,AG3JJLI4BDO55Q2U2UCQJ7HTBQ2Q
5219,AGGCIQB73EMMJWGEF7GEZAHDQZUA
5220,AEINMJ2BZ5O6ETJK6R4PUK4JP4XQ
5221,AENFMUBXGNOMMH6HMELLNCM6FT5A
5222,AHKS6AFSK6QGCFGVHETUUZ7MG43Q
5223,AGWWYLRG5DYUGNIAWRV6IK4VNUGQ
5224,AHYBOBT6WCHZ6XDPTVCR4AGUS6MQ
5225,AGOLDJAOSVUSJRFARPXUGB2ZMY3A
5226,AEPG7FGEEEI4E5SMGZV224DQWANA
5227,AGOUGUASMMIN337ZSMFLKKR5GZTQ
5228,AEHOMHKYBSLL33PHEEQWEPZM4DCA
5229,AEPWGGD5COVO3SPTE6LBHV4XC2KA
5230,AEQ7BVBV3AEJRJ72XUFWJRU7YTZQ
5231,AGIU2TBNTHVXU5NTGJLPKSIGDOVA
5232,AGM3F7J7ZTHTHV2OTVN4KAOBNISQ
5233,AGEZKOMIQKL35C3J36DR5BFWPGIQ
5234,AENFG4UFWMR327PL4QNWCIAYAHDQ
5235,AEUGJN7NI24WVMC5SUEECXYR7F7A
5236,AH7K34NQNOIERJDJARHECOALMNEA
5237,AEV4IWVV32Q6YPC7QZTOARKA6CPQ
5238,AGXOG33PZ23Z65OGC2TBOS7ESFDQ
5239,AHLAGBNXZX2O23CSONPFO4PA4IVQ
5240,AF2T7BC62B63EYLGLAIHCRROCWKA
5241,AHRADQTCOUCLPCX4RHMZOYWIBJKQ
5242,AHM7PSXPGK25BGQ4VPT3OSRDRDVA
5243,AFGBTZWI47LGCZLQHI67JQHOGBDA
5244,AHNGYAL2GEAASC6H5BWNQHPBOG7A
5245,AEXNN32YQMJOY5W7LJNJNIF7ELTQ
5246,AFV3ZVU62JFEGNTITDGSU6VLPX6A
5247,AHVQDU42TQSPB4TSCEZIEJFM2SWQ
5248,AEFTOSFPQQ5G35K2YTDLW622JL3A
5249,AER3F3H4GGDYFJRAARVCMXCHXOXA
5250,AHGWDTZ75E4IIPI4US4DFVSDBNJQ
5251,AGH756GDKKJGN342P644FP2XITSA
5252,AHMNVAJ2LJTLH4U6375GLXHI5HGA
5253,AG2FT4GXV6PTWI3BTWAWNIFWEIZQ
5254,AHTMSVQQH5XM2EQLFXDZFXOBMBMQ
5255,AHBODVC2XRXHUZFTRROCOB25FQPQ
5256,AH7QYYA6OX7CU7QGY7LP52FPBDJQ
5257,AFNSY7FHT4XNJW5TADFHAY6KZYUA
5258,AFEZSFNZO4OOWSFFLGO44W5ZTT6Q
5259,AEGFN6ZGGEZF4X7M4EKYXNGJCVTQ
5260,AG7SITAK72Q5HIVRBQNRWA2DFVLA
5261,AETRDRAOVXS3A6BLEEKNPKMMPA3Q
5262,AFHUXTQXUJNHA7US4FS2U6VZZDIQ
5263,AFXGFWVWNEIZZR7TJKJ3GUNPSIKQ
5264,AFBXPY2YDYTLAEFTYMDLCDCGOAMA
5265,AED7EVNCRVGKZVTJMNYIBHVTKU3Q
5266,AF3S4IISBDJ6TXENOZ7ENQOPZM2A
5267,AH5DJWMOQBK7PJ47YXENWKYHOXQA
5268,AH4VFTPBIRW7UKVEYUD4PWY3UBEQ
5269,AELN6BTBFWQIXJIZJMBYNR5CJNFA
5270,AFGR2F2CP2XAR2NHMRWSMUH3ORPQ
5271,AGPGTZGCREXK47Q4SKXNWS6MNGIA
5272,AH6XA32PBCMJIWD3LCGIOIVOWRAQ
5273,AGTMTS4EC7GIU4W7DVK3WMWGOOYQ
5274,AHL2RYS5UMIKW4YNMRYENE2ZRT3A
5275,AHPSOZJQRM54EEZSHNKW63Q22RYA
5276,AE4WESNW6AWFVA2HMOVML7OIQEZA
5277,AGQ5RZ5KEYSXWZIDP5SGGFTJZIEQ
5278,AFPSZMYBBQHHB7Z6JA5MIN6RC37Q
5279,AFLIH7XODTCBLUIQLMU2CYWDYY7Q
5280,AHELNVCFEKIOWBITZIE3NW2R3QMA
5281,AH7OWHUODREU6T4JORE22DV4ZAIQ
5282,AFRAZFVYYE2OURS5G5GNITVERBSA
5283,AGV2J2435XELOP5KXPSYQUMHCLHA
5284,AHSWGYDAKZLHK7SJEQRL46REXLUQ
5285,AEPQMBJS3ONRURIM2VCMXIY5KHPA
5286,AGKHF3UZNDOU5KA7G2JIQ5BQLGOQ
5287,AHF3V42EEPN4PSWBMW6QZBXL3H5Q
5288,AHZFZPD27NCMITLHSXLBW6V2WQMA
5289,AGHLWK3LXY4JY3QJK2IWD7JRDOTA
5290,AEQFHORMQKBWW4LV4YM4U34PEXHA
5291,AFUT4IBY5XIXWPYWQRHGZUDAW7CA
5292,AEQIWRDKUXGMFSNXII3LK42DAEFA
5293,AH4BV3HRV5RN74JZCUNV52FH2H3Q
5294,AHXXU3JDRLH5GKY6REJZQ2NOC25Q
5295,AHOITNII5NKO3FKKOI57AZL2YS2Q
5296,AFCY6AWNQK5V5ESKDEYKTSVQI4KQ
5297,AEUVHM3AE6UBZQZ3B56EILKB3BWQ
5298,AHWQX32LCKD7B3WULNRRA3ZPRLCQ
5299,AF7E2P6L5WY7EGQ7WFIPJEH43BCQ
5300,AH2NH5A6CWDLWB6L5KQLET6T6BJQ
5301,AGEMLK4JZAJIUVWA7T3AZNWYQVWQ
5302,AHV22SIHU2NPH4ZAOWNMPGMOAMUA
5303,AEJRWZVJLE5HSOVWNJ2OHHAFP7OA
5304,AHNWE5GBT3UMKCBL44H24V43INWQ
5305,AGTIB37ZZHC5GGW6CJB4DPRRRX2Q
5306,AGXZYW5PAWLS63J3STMRG56FMKMA
5307,AHVWBDOYPAXIMO6MEWR6HEH2ZDRQ
5308,AHIQVIYPEYAKWRUQEF3KOT7XMSIA
5309,AEOO2ISG2LS52QHVYJB365UAXLKQ
5310,AHUECWY66PFOVPDJRIE6PFS4WZUQ
5311,AHSTCAGUOGKITWYSSEROIUL6A5EQ
5312,AH4NOS6NIFZ5PSDDVICIESKFDMCA
5313,AFBHOK3U2LR4U72HASP7RSFQC2DQ
5314,AFMJIFTJH44S4VJTUMTHMHFOOTUQ
5315,AEX2D27Y4BB4QWJWFBH2EG4HKDDA
5316,AF2NDRDGMIMOAJRNTUNXVEJX7F5Q
5317,AHZSIQ5XUBCR7DKXRH7H2DNN6NFA
5318,AHKGNNS44XFRTIAUWKAY54PQBFTA
5319,AFDAN5Q7IE3XKQ2MNSV5AYPBDBFQ
5320,AFPCQ6OWPKXXZ4XOOHSFO6F2GHWQ
5321,AGCYNAF2TGCW7UFK374T73TYRZ7Q
5322,AFSNEOY7UN42AGW7WMTEVW6ZQZWQ
5323,AEEV7R4CRXCX2TTEQHCJVG45KF6A
5324,AEFEDOYSYKWSNFFDV4V2MNRAW6UQ
5325,AE36XYG3XF7OQHOKWCA7RECPP6PQ
5326,AGGXLCZFO2OAAHZZ6JZEGHFJQYSQ
5327,AHTXKWI5WN3DNLDZY2UQXOO3EEBQ
5328,AEFN2TROJUDQ3TDKBFZMJV5RVVYQ
5329,AHRFI7HVHF6M2TPPRIJGOEIKAECA
5330,AG2DREYA56XJHNZXUWBAQACP4CYA
5331,AFXJYEL5KTB4CRZCHVY3WJZ44VCQ
5332,AHVYBYZKV5FQNJWJAJQGLX2MIHGA
5333,AGFONK2X2DAWG6NQQ6UDNVZNBKFQ
5334,AHK237XHBHHTYFQM4Y5CVJQAZCVA
5335,AGT7CWHQO5BJOQQHOUXU7XXW2BOA
5336,AFDSUZGZVFK3HHIRL4DQ5THTFBIA
5337,AHHXTCBAUODFMPA7QRVHELUKC5VQ
5338,AEQYPGJFIWPHOGQBJ63ACVBAHSXA
5339,AGBKJGYV42BW3SYKBYJKE2Z2XEQQ
5340,AFKHBUFEPWYI2JL2XUWHHVRIIBVQ
5341,AF4AG5GVBELAERDMZGD7RBCWQA6A
5342,AFGZY5ZRYUGEQWGJYCSORTVZJYPQ
5343,AG6TGW4NUQBKOX7DB2UK7XR4MHAQ
5344,AEWJ2GCUW5XPIALEPFYS74XKTLGQ
5345,AEJZYAVV3NIL2ICMRA3TTS7IE3NA
5346,AFV73NZST2O6VHBVW5GZTNNM36CA
5347,AHTI3DVEC6G6DYZCNIKTNM2VDRQQ
5348,AH7RT2EGCNF527JZJQZE7REZ4CCA
5349,AHBCDPKVW2XYVJEGDLBGH3EVLARQ
5350,AHFSZYEVQCPVMIKD2LC4A2K3MUIA
5351,AHLRD6QPDN4CFUSRNCH7MKNPANCQ
5352,AEKZXXMYIJ2ULXXMVBK7EUXRU5PQ
5353,AHX5VWKRKEEHOO7BQ37UQECMK7HA
5354,AF4Y5WNO7TXGUFRYEECITGHJLICA
5355,AFMHPEWROH46WAOOXFTQRY3NUS5Q
5356,AEXENSJQB6PDZAQP6NFFZK252QPA
5357,AHYE23V5OGHHLYNZUNQ3TZQAIODQ
5358,AHE77B6Y65T5T3YNGBW7OXELWZGQ
5359,AFWGCOSC3DSA44B4CN7F4VSANJYA
5360,AEKL6H2S2YYGUASWTOTH7X42AB4A
5361,AHCCEIJ554ODRI2DHDKCUPCN4IUQ
5362,AH3JXG2PFLUNEEZESTAKMN4HJIAQ
5363,AEV55LY2GJTBSDOIDJQ4FIZVNPNQ
5364,AEAEX62IMWPMQ3KQAH362EINABRA
5365,AH5OTJLS7YHSSXJ5CQRX5QH2EH2Q
5366,AFFXCL7ERCP75GEZ6HQUHYMJYJHA
5367,AFSTK5QIH6FLX2Z6AQIVDGLNMVAQ
5368,AFXYG4GJWN7MBPIB3MMW225WSI2A
5369,AEKNOLEM4TQVYROWRB5YNSEHXX6A
5370,AEWXHDXOFJLHTSUMNNYL34QLNANQ
5371,AGYZDFPE6EZLRZXSVAN6DT6GDGIQ
5372,AEAM7BGHVEFXCLA7G4RTVQURUJBQ
5373,AGZZUDKOCXBXVP5JS7FGGCJILAFQ
5374,AGNKLUO7KUNG7CBAFC7GGXMLJIZA
5375,AE63HJZ525XNQEPNIHUCXP6SPQNQ
5376,AFB4WJDLK6LXPMKBTHXF6CD4TA7Q
5377,AH34AKVGJIH5T5UZLQZG5RC7ZL2A
5378,AEZSZKLJTQIKXDCBLBUIDF5RHZ4Q
5379,AESOSNEDEYVU6IW3NORVKBTTD6RA
5380,AGPSSACIQP2AGNX2FJKPRVALWD6Q
5381,AGZ7ZKSOWJNYGCWVUKVCZI3VF2AQ
5382,AHRPRCZN7SX6NNO6ZLJETSIV52YA
5383,AFXSGG4UD5RV42YDL7STCDKQ75XA
5384,AGV73AWANO7D3Z77MPSTAIFJAGLQ
5385,AHM5HOYPVPIXMMGR3C47IECHCD5A
5386,AGO3KOFRMSEOUY6EXCOQAJWIID3Q
5387,AGQJ2RZ77RRDSVJTYLCNHDAU2HEQ
5388,AGAKCKHQUOBNFG5FS4IG7XRJDBVQ
5389,AGN45WM4KFOJBDG6ZVOR6INCU7TQ
5390,AFOCFKRUMFJBX3SS7IXCPKO6WO2A
5391,AGFSK2PTUKIGDHM7JI5YH7CF3RRA
5392,AEAD3SLZXVDO3GKOOBSTVNJKH5EA
5393,AF7SYBBQ6AVHULIF6Z4YZIR3D2EA
5394,AHRTWT5HM43A7V66Q6YSNUL4QLRQ
5395,AHFMXLR6UKF73AAUL5FKCNQTEC2Q
5396,AFQ7E6Q5NDDO3Y2LERIIP75453VQ
5397,AHZPBXEQ2R6OOJ2KZ6FGIBHLFCOA
5398,AFEVB5BS4645IOULJEO2EYEQFIHA
5399,AH3CNUQE2L7Z67CO32BC7JO5U5LQ
5400,AEGHAOKOD7FKPHG4LT6LYGPL22PQ
5401,AG6AM4JMGZNZHJCYUW45NL6B7XOA
5402,AFGTJYLVINS5VFRGGKDVOOQVTDPQ
5403,AHZV4ZB674UEO3TTCWHM6BOP4PUA
5404,AH7FSE6HL3RCYXQGVGUHQQAYVJWQ
5405,AFIWB3OEOTHMGO5H5ZP4M4O37T6A
5406,AGN7X3SC5WFIND2ALTK5ZJZAT4UA
5407,AH4J2SBYFGCRMWQQ4FBE5AZL4EGA
5408,AG5DNBGRHZMLVEN6YUJKN6JEL5BQ
5409,AEICLBNSDUTZHADQ6CFGHDRFQKDA
5410,AEJBOQJZ2YZETKG3TD7IZ3JVX2BA
5411,AEEUUFRPYT5MQPKCIIFMQVJYVEZA
5412,AHVO545DNHSNV4SWH46XTXGVRGZA
5413,AGWZTCXB5CX37RLQ6PSGMA3ZPXOQ
5414,AFQ5I7EGN5NPT2AWFU44HGECRMGA
5415,AHOOIK3ESQE4DJXJDYTUWJX7ZCDQ
5416,AESQKDBCZYKBGGB2RBJCY36Y43EA
5417,AFDY2RONSPQA2HX6DYT76ITTQUOQ
5418,AGQVGNN2SBWGOXOF5LJUTRS5DECA
5419,AHUNECRFGNCIGIPVN423AJV6WPHA
5420,AFRFJYXCY4MO5M2R6QSWB62DT4NQ
5421,AGVEBCYKLKDIFK4UCEJR3OLSD4QQ
5422,AHUNI75V2PBCYCPYF6IDX2SJ56SA
5423,AFJBVINVYSKCSUTOY5CWZ7D4YZ4Q
5424,AF2P334LGRTKXAJAMGBPYPB3RCZA
5425,AEAWEGRWKOESFL73K5RZMDFASQYA
5426,AE2F5LF4AGH5P4UHNN7UHLEMDF7Q
5427,AEFE2HVSBNPP5CMM7SNZ2YANLASA
5428,AG3MRRVN3HR5MCZ6GDHRHQXZRKVQ
5429,AEITYDSEAUO7EC5CVYTWLOMT6LMQ
5430,AHAEH33G4TXUZYWSDDZLERWHJPXQ
5431,AFX7F4R7S5SP5CLFJZ7FXYOQCYXA
5432,AE4JQH5MXVFQNRLKDLF2EVBFNTUQ
5433,AG5U3I5QUOPGMINR7GODTFGIQG7A
5434,AFOCUZZJ2S44LDIFL3HJFQTHUZSA
5435,AE6FRM34AYJHQN7VDO6K6ICV3SJA
5436,AH37JT6OF4JVF7CQMZOLFUGEA2FQ
5437,AHL7K4X5SEW72H4EDZ7UC3ODWFBQ
5438,AGVLUUUBZHAJEEPV3UZMSPYTLBSA
5439,AGRIJEGHDFI5V2U5YKAVP2REX6TQ
5440,AF2FOAAALFQYJWTIE32RKP43S6DA
5441,AEI56LKAW7ECJPCLODGCRMZ2VZOQ
5442,AHYE5CNYBUS23UZUMPJJSHYUFXQA
5443,AGZC62TX5TMR4FRE4N54WA2CII4A
5444,AGL4L2XPER4QIXZLFLJ2XJMMJSZQ
5445,AGCYEFSQH6WXQICVD6TEWXC7PF3A
5446,AGKNR7XDU6FKLQWKK7FVM6M64TEA
5447,AFZL4I55JJ62TNNQLJDLUCD4H7DQ
5448,AFEFZC4R64SAKWVCQAWSSUUWKXVQ
5449,AHHALBSMIG4DMCUU5AJBHC5ANQWA
5450,AG7BREU6S6GIZM3LUONVHRJ3TFUQ
5451,AF4H6HQC3AN2ESKO3VZHQMZ64JFA
5452,AHXFJ5A5622NUU7Y2LPCHHMJRX5A
5453,AGJJQZCE4T47LI3EMA6OM2WLUMMA
5454,AE36FWROM7HZAFUGXOSEJ4UZ5C3Q
5455,AGY7L2KSMAU2WJCDFYKRY62WBHVQ
5456,AE2GVEKOJIZO7JANE4K3N4P5EF3Q
5457,AF2DYRUMERCDUM3Z5XGTNBUHDTCA
5458,AGYN7B6NOOUO6MEZY3PWELSTRVYQ
5459,AEQ7OEVDQZI2PU7IMIZVIJRW76DQ
5460,AHUQ3QE2XFOL6UUPEUPDIOD46QHQ
5461,AEQC75L6VUMAMMUVDZEVL4XSO2YA
5462,AHNORT7EZCX7KGOZLPEPUGUE7M3Q
5463,AHCJFCDBY4UDFVM6IN4EBJDAMQ2Q
5464,AH7737KWLE33MALH2O3U72YQVEWA
5465,AFSHD3IUMXOVIYTUJ3JW3D57FBHA
5466,AF4Q6JWUY2YDCCY5TDQFQTK3J42Q
5467,AERZU2U4D2XUPQK75TQ64ICN5C5A
5468,AH2EIVZUJ5LI7KTY2UXH5KJRE5SQ
5469,AGHYWKWOYSQUOALUN7G5TDIQ44AA
5470,AHGX6XWLZI643ZCIC6WLAIPJ4MMA
5471,AFIG5VSK7U7SQ5LD3GJMKRC27DTQ
5472,AHM4RB2EFZ2B3PACFY6VYPFNUUVA
5473,AGIOWJ4F4SA4XUDL2HEJMPSLLFMA
5474,AFDBQKEIMQVVQ22E42I47A5PENBQ
5475,AETULTDC22JRFWPXP75MT35SME5Q
5476,AG2X56AAOUQFWBPFP34YQUY5J7OA
5477,AEL5MYLWDDOP6UIWU33SOB6YL6IQ
5478,AFXZN6YM56YRM5IQXB6BDLUZOQNA
5479,AF7YHPEHVBATAWOZSBAV2NW5SUJA
5480,AGUBLAP5WIGFUTHLNTJO7LLFCNHQ
5481,AGXIBCD4ITLN3V6R6QBVQJHNXX2A
5482,AEVN7FRBIQY7R4NFUIV3ABUGRQNA
5483,AGEEZBKZP6XEM2AI2MVTAFBB647A
5484,AEON52LW55PICJIUXNDRK63KKGOA
5485,AFLLLPPJNO5OZTEC526KGV7EA5FA
5486,AGWGWSKWAIAJZXT52JWELAB4S2RQ
5487,AEESKPECOWLED4CWWAXMCE7SUANQ
5488,AEF5WQRWZ6H7FS3HSFE425DDZN7Q
5489,AFPB2IF4C2OUQBSQOYTI2FXT3ZCQ
5490,AFJHEX53U2LFPY26IJPLCG3A4JEA
5491,AF2R7JUCAQLSG6WW4QT6K3AMUKZQ
5492,AGUPEUVJYT25RJYDQVJN5LIFLNKA
5493,AFBCDA4SX2KD7ADJVU2GM36IDJZA
5494,AFP22JTRFO7EKAGBW6MBT3ATPEMQ
5495,AF24FNFZ4DMMJA4ZA5IRLFTHYSSA
5496,AEXUAYCS7SEH5U7IKMCIF3KC3O5Q
5497,AFRFM7FZCFUPLNXC3XWJBWYSSNZQ
5498,AGYFY6WVE5EIKCJGA22R36UYTV6Q
5499,AHL5HONZX7TYLLCPELXS7AX7MW3A
5500,AF2YLMY2FWP4UPAOYMTTQORALVFA
5501,AFMZBWTBIX5W5NEMPFKYFAKEFUSQ
5502,AHTB5AJTN3CQEG3UYTQGGR72MJQA
5503,AHOBXQXI5NO3Y7MCCH3GP37462YQ
5504,AEGZUIFZQUXNQHJP6ZUWN35RXLFQ
5505,AE5JYVR5VDS3JYE55KG3WL3HMKHA
5506,AHCLGMKYZHBUP5E5K25Z5OZACIJQ
5507,AGICRVSXOLIA3FQFYJPGLWKWUPQA
5508,AFXG3KKJORXKRLTVBTSD4H3ICYJA
5509,AECY2Z3DKGNZD7RILF7CNIB2YBCA
5510,AEMFUMWVCQZM4XZWG6LKB2XD672Q
5511,AHZPA7IXZJKDIU3N6LKN5AJYF3ZQ
5512,AGX363STJQMLSR6L6Q6BZYZAREVQ
5513,AFMQOGHSWBUB2DM4BFJRPXEJ62BQ
5514,AH7UKUWOZNLTBKNY5VU6CPQRZNSQ
5515,AE6RGRHS6YDLAABHAY6IB55DNSEQ
5516,AFLJQK2UBRETL4PEEBRRVTTXEK3Q
5517,AGBN7QWXQCYMIRGRCZ4OI45UGQBA
5518,AGNAGDYJ36HYUGUZLIKKYSBMF7VQ
5519,AFFKK4HEAN54FZHO6VVILECB5PEA
5520,AFFOVOKAOZX2LZC47BL3IBQS52OQ
5521,AET6WIF2F6ZAUE356AWHELUG5B5A
5522,AFCEWLPFIISDRPJKYDAI7X6F4H3A
5523,AEXRLZM3HVTKZH7A7TFSF57TDZMA
5524,AELU64PTG4TJPMZLXOXDPNXWKG2A
5525,AGHPM2UL5EQ6ZJMAYAG2VNUAP7CQ
5526,AFBJXIOADL4EVJW5DUKJ6RREYDSQ
5527,AF44CF4DGR5NGXY2W6TX4JJQHK3A
5528,AGJ7FCB4IFDCKYKN54UX2NWGZ7VA
5529,AH3L4JVL2OAZHZDSODYGTC7XL2OQ
5530,AHELJODZABNYYGA7JUAO67DKDQKA
5531,AEYRTJUE5E3VROLWCN6UOZVIQTOA
5532,AFIIV4WMBDIB52P2BN5IU7TQEM7Q
5533,AEAHC635DPOTR522JW3NTTOX7LJA
5534,AELDNWUJYK2CTL47R5OJABPIGTDA
5535,AG5GULJU6PIG7AGO5AMBRRKDOROQ
5536,AFR4FNFXUXAVJEYPMDXSYNYTVQEA
5537,AHYSIGHCBUBVIMEGT5N2G7LKYAAQ
5538,AGRFI2RJE6GR2KXC5CU6VGJNCKJA
5539,AHIWJYBPK6HQC3M5JXZLM2USTX5Q
5540,AE6PX6GR6EHARWHPYKWPPUU5TNLQ
5541,AGLUC5KOJGKRR2GJZVK3NJ6Z3HPA
5542,AFX6OVIR5MVEG7HC5BPVCMQP3LFA
5543,AENR35I2CC3IGKKOER4VDVZS2BJA
5544,AHYITC4GF55AQFDCHC4DKPW5GCPQ
5545,AFELUYAJESX7ZWCEYQJTNI3BPEPQ
5546,AEJAIE3NICHLDEICT77JIA26NT6Q
5547,AEI35XRM3MAQSEC4U2C4M6GSRTHQ
5548,AFF5QCGJNINE3ZZO3GEO6XPWCIQQ
5549,AGCHUBU4ACV72WPK4Z7ACMFAQ5YA
5550,AEVL7HXPLDY2MERPGTCBTD4YX7TA
5551,AFYCSJBFDGU4SWY3TT3DCNVUC2BA
5552,AHSIJDLRLSP5RLRI2B73BAE7QUVA
5553,AG4SV64EGGRO22FMETWGJ4C3LPFQ
5554,AFAJ3T76M5E25HITD2VN2G7HTYCA
5555,AFSZGDBSWWIXH252SFGQCZOYKVXQ
5556,AHWW3MLXM6K5ZQTO3JEIHESG43DA
5557,AG3SJKCDPRSEH7GO6HSKUEVU45OQ
5558,AGMNJXRNYJG6VY4HZAOTMHTZBYTQ
5559,AHXRSYUP6AYCWG5MWSAUA2YDYEJA
5560,AEI5RCULFM3XVSLATGLTCR7ICMAA
5561,AFSYGI7SPPEJ57ZGGXZW5UZ4SGYQ
5562,AHOU3UV5E3QZRBZSUMJ5TJC5EEKA
5563,AHJTBVJZNBKLOM37AC2CY7KDE6MQ
5564,AFERPOWXVTPSWUWU2OKEJ4MZ5J4A
5565,AFITFHX7MMOWWXFENOCNNFRVDNXA
5566,AGV2JG2NPPMUTD4ZK4MU3EWSDOYA
5567,AEKXIGQG54HEZTPF7LCO3IEAADOA
5568,AEITZYZKTN2HGOSWHFOUUBXFW62Q
5569,AEIOZDCUR57NX2VJVVAINMKEPYWA
5570,AHOQFG6KHD6SJPJR5B35DB56FGOA
5571,AGQUFOR2P62GVUOSIFXDOKHN67PQ
5572,AGG7ABSV3THEZKXLOE2IXIFVJKCA
5573,AG3KEIDSB43SGIJKL4LX64QLJO2Q
5574,AGDFMR3S3QB2IF5EZTNAVYNWBBNQ
5575,AHQM6U4WT4ZBT3UDH4JBYT7G3CKQ
5576,AELFXJLX3FVVU35464TMZFUQRVWQ
5577,AG3754IDKKBVCL6QE2T2XQ4HCDUA
5578,AGZ6VEUNYKYZ2F37G6QVCC2LSLNQ
5579,AG4IX2EAJXKJCHAOWP4JIMU6KKVA
5580,AFWRCD3U7A4YOUSJPCVNOHK7RN4A
5581,AFB7IJEWBZWWCLTNT3QOHZFTIR3A
5582,AGR6PGGMOT7OEPUXEJY3HOHUZBSQ
5583,AEIWGOG5PF2HICGFUBB4HYUTDVAQ
5584,AENQIJZ3F57SVBRWXFVTUXRRKISA
5585,AHFWK2M7NNW7JWKGFZ4ENPLVL4KA
5586,AH7N7VKGKUKLZQRDS6LJG36QW3GA
5587,AHKCTAD3GPBYQ6YA6U24IHMJBMCA
5588,AHAZRWHOEALMAVWZGM5NON4GSFGA
5589,AETBSP43WOHODWTORXMQN26QX2OA
5590,AEUAVCFBB2TI6Y7BXJCMYUC3OSPA
5591,AG4X444DCGSV7XM7ECWZXUD33MBA
5592,AHBFV2UKWZJK6S52FMWAYQXFCF2Q
5593,AHGYCCPPFYCZVQRZHZVZWACFGOSQ
5594,AEDLSNVCLGUXWE4XFQXYJPCWM25A
5595,AFQSZWCAAIXISRJRDZD64FUGRSKQ
5596,AGRGJOTNT57KQ36I22N6ZO2YGVDA
5597,AEM2762Z4ANVELFYQ2WBLGCKFI3A
5598,AECBZU3E3EUMWP27HKZ7EBBNF2QA
5599,AHEXK7GBAJGQBKGSTIEDU3472DRQ
5600,AGVFUJHWTPDQJBLNVYDU62NIPQ6Q
5601,AFEMSSYPEWLYUTKSPLCFEEPPCUOQ
5602,AHMAPROUEKVG3PBUBBNE2S4XQPBQ
5603,AF2HCUEQYTB2AMANLXD6GG2IMNMQ
5604,AH2YVDME2G6UPEVISFOB7PIGNDVA
5605,AEKDGQLGV2INJV4X3MEHXICFKVJA
5606,AEYYIVCPKZ6PCLJPHKID3EBYH2PA
5607,AFU5FUP4UX4MNYQ3BN4N7EBC6JYA
5608,AG2YNUPOD3TYWCSS5UO4G3FIS5RA
5609,AHOX5A3UGXPTBDGOFV7FOJPKCU5Q
5610,AGP4HI7SDENZRTT3B63LLXJYUZDA
5611,AGSACXC2EUCFLFBWSGT7TZYD55JA
5612,AGOAV7PRN22RNIXRAYNAY3O7ZVSQ
5613,AFHNMCCCJUTXBFRVEICYUXIZX7SQ
5614,AGDWO4DWZ6PA6UD6BC2ZLAEUIWMA
5615,AFKUIKIGWDEVMW4SGD5IZURYSK6Q
5616,AGLSGKGHZRG2FMGJHUCH63GI3ABQ
5617,AHLRORQJBPRMLVZKSLGHT6VCU3IQ
5618,AEBUCLFXA4VV5RWUOLKRHZTUBJXQ
5619,AFTOCIRLXPYDJ735OXVHA3QELRSQ
5620,AHYTLQ4UYAL5NOHSVR4EI447FYZA
5621,AFGPL74Q7WV5OOKZP45WYBFECFDA
5622,AE42GCVFHOQJSE6WJHJZOHYZKFMA
5623,AGETK3ZDABWZM3HC5SCCRYISPY7A
5624,AEKRR42YOFOSLT6X3UW26SAVZMMA
5625,AF5EYGXQM527J7MGZBHECZOMGQYQ
5626,AHTCU46JOR6DBA2JRO5VFENIQINQ
5627,AEUT5I4KAL5Z3TQR35EDTNXYCYSQ
5628,AH4BQN5YKI3U27HDXGYCTJ77GM2Q
5629,AGM527XLXLQ5HBVVRJP66NTJE7EA
5630,AEVAJ52TYTWVEMLNHMXUNFKEBWLQ
5631,AEJJLJ2QOYWRSBDEMVSEHRQ4JGSA
5632,AGB6JYDKVXJAWNRBD5ZU5J6M3JOQ
5633,AHLHRJ2U2WBLCSDBKLCMCDMVY4CQ
5634,AEKQIPKY36T5ZAAB63LNRL7BRXAA
5635,AHC7ICFQKY76BOLYT3DS7TOOKQAQ
5636,AE2H6ICQE5QZQTLZ3PUVORU5JXNQ
5637,AFED3O6C3NVHPHJMW7TFIZKL4JLA
5638,AEYEBOU7RY5HFYG26YXA2TU5OOQQ
5639,AEAHTVPQUOWCGXC4NCN2KRM2ZWDA
5640,AHY2WN2D7XWFARKNL27IDINI6PBQ
5641,AHVUA5YZVQSIDXS6STSSFACDS4TA
5642,AHTZU5NNW3Y65PUUXXNLP4RAUXLA
5643,AF7VCDGSS4DPNZA3HJSTI66HFALQ
5644,AEBRIMVSGHND2I4MORGXQQLLLUZQ
5645,AENUWPZ6FNWR6A5PZRVEKZLWNJSA
5646,AGR5EQQ7B5I2FYWFIALKINKRX5BA
5647,AHNA5MO3Z4GW5VH34H2U22TS5QBA
5648,AGXEGRQUYQMLY42SEJ6TWERNJIPQ
5649,AGBWIOKQQQ3GKN3AU4FDSCVI456A
5650,AEJMNS552LYNGF6CDD7UIQDSAP6A
5651,AEX65AEY6SHAIPOPTY4XYPPKX23A
5652,AFWECTQBFOOZIEXEHFLQHR6SJPNA
5653,AGAQVHK2KZV5IR7N5AQPG5ZFUEUA
5654,AEWLA4OTZWATFZKVBD6YPILOV2NQ
5655,AEHM3CYELNIKCKE7SU7C7KNIF4BQ
5656,AHVVLHJVPLKO6NICUOCFGOTEVUPQ
5657,AGW6IDX5QUG2VAQT66OWFQXR7I7Q
5658,AGWVEJM6L56PTJDQKHXJ7NNYSKYA
5659,AEBDEADMAPWMHJLS2XINON7WW7MQ
5660,AG23PL2RVSKDAEIGMQZ4PVHJGCBA
5661,AF234IK25SAQHZDTUXBRGWAZZANA
5662,AGHJPGP3TM72O7JR7TM62OJOOFIA
5663,AEVSHIU5T6RZXDNGTRUH3KB475HA
5664,AHM54GBTTAJ4S3FQD5MYMCUSHGWQ
5665,AGUT6KBDQFUUKZ7XGTPX6S2V32MA
5666,AGSWPHTXUG62UIEZJIAPU27IOXKA
5667,AE7PSHH6Y6EDFFVGNVETVZWHVC3Q
5668,AGGQDY6IWEGCWUP4NLCXW72UWJNA
5669,AFYOR4GGK3CTQHSANR6D73Z5BZXQ
5670,AEQHKNJSZHELIQS2GIDPLSBF6XGQ
5671,AHLEBLJWGFZJ5X4KRZSWRK6IPZZA
5672,AGC5RG5GLA2NRJTCYUQGQ3JTZOIQ
5673,AE443RVSRP3DWAXWZ3IU7MFT2ACA
5674,AFBX7JGPM4VTZELWPGLL3I4GXYRA
5675,AGUKKJO45UX6EA4DUKFREIHTVY4A
5676,AHTFP4XDQYJFXGQMIUXEZKQGSLLA
5677,AEAKGNIBKIR7W2WRGXLH53NIK4UQ
5678,AFDY2I2EJDWXJJYU52XP2X3FMZKQ
5679,AHDOGJOW5Z5YO6FQ2PXZ3WO3YMZA
5680,AGU2A5XJO5S5TSOFTSMK6ABT6UXA
5681,AE63XJ54LQEYQ3FW523E7C4VYTCA
5682,AH6OOKTQZFM7R6SCSX74YBKP3Z6Q
5683,AHYXYFELC7NSVIXXW2AWXZ6TVNMQ
5684,AHEAN4JABABKD4TMFW5NXJUI2VSQ
5685,AFAC43EOTVT6QGTCOFAZQE4GYK3Q
5686,AFE42HT2NYI6HTDHDY2UVH22VPNA
5687,AF2V4W4O25CPA3MRG4W7DHDHUKNQ
5688,AGDCXVKU2CSVZPAEMCE4PEALQNNQ
5689,AHJCVPM32XZVVKBN6RRBFXYCDCDA
5690,AHZTM5LLBXOK2BA6JKQD5ZKHHJLA
5691,AF2QZYSMA3GRUTKNBDFZPAVUAERQ
5692,AF35B3LC5QMXNKJFRAN3TYSINDTQ
5693,AFUAEKDCXYMV4FSBLHXT2HJGMT6Q
5694,AGM3URUM6YMMWSRMRTFH6MWQYRCQ
5695,AFZMFKQNNOXTHSEM5ZNWCCKRJHEA
5696,AGTHEFXS2OKUQYCPDENGXGIX7M7Q
5697,AFQFDX4SXSI2VE47NQIN4WO6ZGSA
5698,AH5CHBBGYK7XXOAEMTONNFOXHMQQ
5699,AHAVOFU7Y4NOC326VXJN4JNQNZFQ
5700,AFOKGHP5M7CQARJTIB5SXRPDEVHQ
5701,AGG54PLMM3V2PWT6VQIPKYRSNLJA
5702,AH4WLKJQYW4ASN4OX4PUVPHWXLIA
5703,AF3YBSGNF6KT6FY7RHVO4THHTOSA
5704,AF4ZFVN6S2SPK65B5Z7SJPUIVEJA
5705,AF7RUEWIUZ4HFLD4R5NEJKXF7OSA
5706,AF7BL2FMHM3ZIB63PQUUE6ITTZPQ
5707,AFJUYASRSL7OO47YQFH6EUTWV2MA
5708,AE6G5LHYN4K6ANSCLEMD4ZMLWP7A
5709,AFIL3KYYHMCEA27QFUWHWF2G6E3Q
5710,AEW74AHJ2E76KC4D4RIRVT25LQTQ
5711,AGPMWV6YRD3LOIHCH62R6H2YIUIQ
5712,AGZDCO64MTCQM6VRBWLPB4L4YL5Q
5713,AHV2RIT3NJKUKWCI7MV4Q44T6M7A
5714,AHBAQXMHKNA2KYHGDA3ZK57PMX2Q
5715,AFUQIFXOSPLHAGMVNR6HTWPY5EUQ
5716,AF4KVERRHTPTH34ZAK2X6BXYM7UQ
5717,AE3NKVPA4MQGEML2PGUCL75WLR5Q
5718,AECHRE6B3E536DDSY2IAIDQRJPSA
5719,AFNELSB6IWMCGH2NJQPHFA564FQQ
5720,AGUFNHMTOOEFB5DWDD7RSUTSZCFA
5721,AHP5YOSEK5AGRRE4JNZOPIZ5FDSA
5722,AHBNCUFQUT7XGN6FA3QORSE2ESKA
5723,AF6HEPD4EIMS5LEGUYPINTBSFPKQ
5724,AES7O3PGYBV7FVRIWS2V3STUZCBA
5725,AEFK6EWBATMFSFLROBJ3RKKKSTAA
5726,AERKGGKUWL7VY5DWDAFBKE7KZWCA
5727,AGUQLZQPKFRBCKN25QF74UZR637Q
5728,AHFV4JN53OCJUFJ3CYWDHESF2O7Q
5729,AHLYCUG5CYS6QNW235UX5S3GX6TQ
5730,AEEEP6KNKRGKI7DZKNRYAWSUFZZA
5731,AFPGVDWVJIW3AICFIZZCUSB3HLJQ
5732,AGZVCM5NZB7ZN7FX3M5SREPMOECA
5733,AGEAP2NEYDSRI4RMITIJEPLX76RA
5734,AEABMJ5NFYQ4ZIPAGNYD7XJ6HF3A
5735,AHRENSVWZRHMRXRMF2TGMONHDLGQ
5736,AFXI4QJZVOSY47AV5PEB33PTOIXQ
5737,AGE4CGPTHT3YWQH7RGKVT55S5XBQ
5738,AHKAYNOXOSA4QNYM22FWP4QMGX4Q
5739,AH2V7KQWO4QE3GVPC3DC7X5U7P2Q
5740,AEIRTPA53YUT2THG6T7ICIZF3JYQ
5741,AFO7TZYOC7M2GNGHZKZMPOGQYFEQ
5742,AFFRY6JRD24EAGAS5ANQVC36AUGQ
5743,AEMMBPZHPE6YKGAMWEOTMXYDGPJQ
5744,AF4TFIGL6R3DX7DKF2R56FPS7PKA
5745,AGYYCXMSLK57IO4Q3C7O5VSIR3RA
5746,AFXJTXRKEVHOFGZQRH3IGNWVTZ3Q
5747,AFJSRYP5OABS2GVZSCML2BBTYOUQ
5748,AEFRFTRRI3ECQHZXRD5HI2VTXE5Q
5749,AGAK57GYX5FNK2UPLLDLDMCHQ5SQ
5750,AFY2Q77FU7QVNVSPPHP55SF6MDZQ
5751,AECEWO5GGQRN45ZG542POJLV4UNA
5752,AG6CJYCMH2PZNDYCFFX2T3MHXL2Q
5753,AEY6GEBL6XEG6VZHVHXVAP46HOBA
5754,AGZK4XQUTOE5DWL65RQQI7WJKJWQ
5755,AH6UX4J6QAIO3UGMFX7IA6FIKNPA
5756,AEFRL35VPO5EUCKPNOCJZ4Z4S4GQ
5757,AERY3M6OK7HPIITG7ARNV77UZPDQ
5758,AE5KHNIX7HST3VWW2B34WUHO3TUA
5759,AHKYSEQN4IJ5P57RQJN3EGGPQI3Q
5760,AGBZJEUNPJISE5HJARDOYYK4P6KQ
5761,AFMXVZMLWOE5NMGDNOTG2ITPB62A
5762,AF3J4QYZDPEHJVG74PEJYYTIBSLQ
5763,AFXTCYAZXOHBPABUPRACOSIIOWMQ
5764,AERR4TCINAGU45INSLATTPKEQOFA
5765,AH537Z6IGRJ2J2LQKEDGMUVSDUZQ
5766,AEH6ERVKD4UOY2D77QXKYNRGYEGQ
5767,AHIBIBENSCB6EHMQFXJH7J5XVL4Q
5768,AFQFVOB42ZGBGEWEUEJBU7N6S3FA
5769,AH5H7M2GOIE4BMPXLP557I4P7WCA
5770,AHP4SNPIXQC3EWZG6HUSDR2GNZNQ
5771,AEQ77JVUIZQCPV74ERHCH5XIP63Q
5772,AH7XRZVFGAQXRQXTB4ASIIP56Z4Q
5773,AGC2RHAISUQZ4C4NYLH6J5IPTOLQ
5774,AENYEBZBGYCKRNOAXR7PVCAUQQ6A
5775,AGBQ226K4VVBK6JFCBOL6FJU7NEQ
5776,AHMVUOVXDZJJLCEHKAYVVN3ZXBCQ
5777,AHJUC3UTRBFG4A335FAXWVO6YIMA
5778,AEKLQPSL7FTFKELA35TOQ47JWHHA
5779,AGXSIR7JLDAJHSV6WTPBQTIRKQHQ
5780,AEQXO3XG3AYAZPWAS5L47ILPSN7A
5781,AFK53OJO27GT5H5DMG3GESFLCFQA
5782,AGXMPZW2JHNR3RYJSZSTUGZBFQWQ
5783,AGDBHQTXCVA3Q4SYNTGK2E6BRLWQ
5784,AEAKJJHUDMTDPOF4VALAE3BD5GHQ
5785,AGYG27YOKR3336S4UDFACZ4PPZJA
5786,AEVIE6GX6QDTBDTLX2NVHEGGC4JA
5787,AH6APGYT4NJIEPQD755FR74YPQVA
5788,AFDF65ICTW5XR7OXEPAETBAHR35A
5789,AEM5DCWGCLFPHXEZYORX5VOHEX6A
5790,AHFYCGWSCQM4NR6MU3MLB2HA2OBQ
5791,AF2ZMDX2ORLJTU2NX36XQQLXT6BQ
5792,AFEQJYOE6KIIOUBMXDTKROFDZLFA
5793,AFDNL2KQRQFUUXOHJF77GKOSFCCA
5794,AFZYZZ33VJBTDFPMVPY57LFW5J5Q
5795,AFETWNPV3KVMXOQ3QRASI4AQ4BVA
5796,AHQFGPCQBWLRPGNCS3RCSGPEFXOQ
5797,AFPIPQ664CP7FQ4YZ557UJ7UM2OQ
5798,AHXIG5PDWQQBS22FXYJMTTOGNBWQ
5799,AFJQIH3GT25RYH5PQIVLGPDO543Q
5800,AE2ELU37CYQGQT6W37EVFNY5BO6A
5801,AGTLOZ5NQDGRMNKB6I6SL2XW5POA
5802,AG3MCU5QJPZ7GOOXPMN3AW2OGPHA
5803,AHSH52O5LBQBJSOJFXXFRVQGFO5A
5804,AHPGI4RFHPVBO3JTIFHVNHDF3BJQ
5805,AHAQXYFNGNGABAGLH7IJZBMNZGGQ
5806,AFH35K5P6ZC4L7GTXX5ACXY7J5KA
5807,AHX2BLLSKQITLQT6SR2KMO624COA
5808,AGBAGW3LZTWQTNNGW72DN5ACZ6DA
5809,AFOFMCWUKLGVAQPQJUZSIVIDVFGA
5810,AFK3IMCPZEIP4MB2TFINJJJBKXAA
5811,AELNPQLSGJYXSXTJWKSBHZCWS4GQ
5812,AHH4YDD7CB2JFKS6WRY3VJFQIJWQ
5813,AFNFJBCEMLDO73UXYI34RN54YK4Q
5814,AERJCFA22KONWLYK6QXU6ZQWY4GA
5815,AGOK34TWZ6Q6BP23V6Z4YI4HTCLQ
5816,AH4AS5NWP2YWPP25WCWI3K5FPYDQ
5817,AF4OWD4Q3PFJQFYCJFPKQQIKPRRQ
5818,AFNP7JKBTQWM775E7BKVGHMMBFPQ
5819,AGEP7FG3SM7KVFFNNNSTNJ4CBW2A
5820,AF2FJJOVXAGI2SJMDLHQRP7JZKLA
5821,AF4YTN7KKQ4AXK57MVK4NIM7FFAQ
5822,AGRFRCHQMS7NHU4547B5JTHFUAXQ
5823,AGLNP637DN6TJLI2PXT5HJNCOQ3A
5824,AGJKCZE2QS6Z4YAVJ5CTBPCEULVA
5825,AGAYAZBGKNEJTTXRTPJ5FOE4EWCQ
5826,AGCP4QDXSPELQQKADK3SNP5BTUBQ
5827,AHUBP7BUW6NGOK3VTXWPH6USJ24Q
5828,AE6RUCG3OS57YPPJVA6IGWM26WAQ
5829,AECYWQ5MN5VXT5ON6BDFUM6MMXQA
5830,AGSFDEXIBKTSP3VHXJNSFZ5SGDYA
5831,AFTUUNIG22ERFMADJLB3SQRHKS6A
5832,AHOQTCGZZPK2BTJ4L2EKULS75ZAA
5833,AEZV63HU5EVEZAJUABB2GDMTILSQ
5834,AESDCEJIAXC6ADONAUOEGXQSQX7A
5835,AHF6JFR23BGH7HJMU2PRAYO7KL6Q
5836,AGIDDZY4ZDTUYADCT3V5TPWWOCMQ
5837,AEAOD4K4WAPCZVE52OXDOPU63QEA
5838,AGYJ7GZE763MC3IUBBX7RY73BJOQ
5839,AGY73BHON4MMUYNFIGU4YLS5UEZQ
5840,AEKSHWMJU6DXB7V4CC76CDGXZALA
5841,AEH5EXCIXJ7AMX6DJNB3CCNCRJ7A
5842,AH6QYINZAWTMAUGDYYFOX6L23GHQ
5843,AG3SVTYTSKGDV35JA5Y4TGLNQHHQ
5844,AHEH5PHOGQCCWUQC4N7HCTNYFG2A
5845,AF3WY5ZQYCWFEEOY7OP5SJ4ONM7Q
5846,AFX6FL7CUIQJO4SLB4KZRWCESFMA
5847,AEFIPH5T7PDCVGUWBTUA3S5YBMXQ
5848,AFF7PGCBYFXLAZIJMWD3K26N4JVA
5849,AEDZ6OTPOD4YXV6GVOMB47NMZSCA
5850,AGA2MVS3SL4H6BIYATPOIWBABZCA
5851,AHL3W24EAKEUFHAFFG726KZAAFMQ
5852,AGAPZK33IJCWIYHHBHHJWYZX6REA
5853,AFAT4T6R3SRVMIGB6NZTBQ4WGRMA
5854,AFPZYQTY7RY4TNCARFKVMVB5NTQA
5855,AGO5ZTMP6J7Q5XQEHSAULKIIVIHA
5856,AEMU5U5OVRGWCREVBL6ETPZAKRUQ
5857,AGFSGER2YYFDJ5CELYLGQVKLZ3ZQ
5858,AEAGXZ5DGZLM5LHH5ZCSSJ4XQT7A
5859,AF3UREYUAZQZK5KQS6NMN2XCRZDA
5860,AHBGUFXHPTRBOXL4GHW567I2QVXQ
5861,AH7DL4UZMY2CP2V3DKSCNYKEGEOQ
5862,AF2FJQSMVZMI5SO6XNA3ZMHH2LPQ
5863,AFMSPRJEXCYPGI4N25SHF2RRC2JQ
5864,AEODRSSELXXCSXPREWW4MN26JWZQ
5865,AGKVWUEVWLD7Q3IQ4QTTH4MARDIA
5866,AH6XOT7MJBBPQLXJNW6O6PWUZTCQ
5867,AEUDXPU7CECCEAAVML4WOLRVJBGA
5868,AFZ42YYY4CK4DFIBB2UFDSJXFE5Q
5869,AE55H3JEDBQB23M4CTI2AZCPDXUA
5870,AFM6Q3A4DB5IQE6DSKEXUC3HQXTQ
5871,AGNIZO7IDQHA5JZV32USOPC72B3Q
5872,AHZP5N6N2TRQQ2HCDVMHX4PR35UA
5873,AFOG66757LRP4H5KRHFNJK5WTPGA
5874,AGSNQH7VQBCIEIMFYKR25VSKGBHA
5875,AGHR43FAFTWMFBCWYEIOHINANDQA
5876,AE5BSSL6IEQLNOZTDHPBDPLGH4NQ
5877,AH273KJZ5XYSH5GW65VK6LZ4YQWQ
5878,AED3SJ7YBPC6EBDKOCMV5F5EN62Q
5879,AHHU24XXCBJ6Z2ETZYTTXXMDFLHQ
5880,AFBEBOAGR2QAOOAJWE2EYNJCSYLQ
5881,AEFIOSSCLIWFK7DZMYQ2VESAA2TQ
5882,AFVUJ3H3UFS6HI66YQ4BU5AYIQXA
5883,AEBXJQBH65QWVHMX5CFLVHDYCUAA
5884,AERPH3IKWYEGPGSTBPKDSEJJGHQA
5885,AEC6YFTVNIUXUCHXMDYPL7KH7CRQ
5886,AGUTM35D3T73Z42OJACNWBGVBDYQ
5887,AGKPL3PQLTOOBRXSVIQK7RGEYDBA
5888,AGJQE6BZ72LSPI4EJPUPB4VMY6EA
5889,AFMBKBZCX3TKSDPIUEJEAOC737SA
5890,AEQIKUIFWFWLB3FUUJ6LZC6AUVFA
5891,AGWOENV7LW7OTYHE75VYXLK7YYRA
5892,AGEPCPXIT5VMITBHTCRL3GLI3DNQ
5893,AFESAW5AUO3LDZVK2DIAWPQRPXMQ
5894,AEHMGAWAZ33JVKJ6EZZAYU74OGBQ
5895,AG2BYPSTN3QDSBA3KED3MHTZPURQ
5896,AGGECIIVDMDA6POIBGBUL45DXCPA
5897,AG25CASFE3L3LOVVMTT6BNWL6O3Q
5898,AHEJBML2RTWMR4ZUC46NVIERRZGQ
5899,AGKINDTH5QAQKZCOZFLDHO4WAVHQ
5900,AE6TIUKPTVABNMS6J7AWAE7TWUIQ
5901,AFJ6N7QPKCZJHDX5IOAECA4VCH3Q
5902,AHTKYWY3EEPSBQZ5BK5IC6IYPQAQ
5903,AHQSDY5KAHLZJE6ZMFCYEGXBQ2PQ
5904,AGXEXM2EPATKNMH7HAZQ4RPDWRBQ
5905,AE44LDTACPOXAR7XW7YG3HSNXKIQ
5906,AGE76AMXBF5EVE3JYDBJOF5HB4KA
5907,AF4GXAPGQR2QHDWO6AM72FJAQG6Q
5908,AEI6I6SOJPFV6C3VTUE7SX5SWDWQ
5909,AHQZFFD4WVBKBRQ7XKAKNSGAVBUQ
5910,AHOADCKSM5JLADS67WHVZNU42AWQ
5911,AE7V3OE7C7UCE27ZAVLQ7TK5IUPA
5912,AHONHX3CY45ZBAZAYNKBLBXC4HSA
5913,AEMZXYXQVFBPBXTO3QWT2KOKGXPQ
5914,AHBCAGVXRFKNBE4BTKMKUJE3BLLA
5915,AET3JEEVC4ZBGQKIEOD7PNUFT2LA
5916,AE4Y6OHEOGZK5HBE4Z6UHCTWKL6A
5917,AHVU4H7CWPDY7TGJUGJMGYGYQHJA
5918,AG7P6LWKO5DQ6ARYW4XZWJXP6C7A
5919,AHV563ANKB2T2Y2MYRN5OZRREVKQ
5920,AE7TKXEYVAUMGUOZRUBDFVPZGW7Q
5921,AFLL7ECWRXDYYVLGTAGWWLEBYFUA
5922,AED4AB7KNICKO7FG4Z5E2ZNW4FDQ
5923,AEYSY3LO7HVZQWW4HQFFZMQC66ZA
5924,AELQPAKFTA2BNLYQZEIYAINNAHHQ
5925,AHEQGKDVENFLWBKE4YSF3CFAFNIA
5926,AFIXPUVY7W3HZJ2R4RXP7SJYZZFQ
5927,AGZ2JXXBNCG324J77MXO62PFXYPA
5928,AFWVCGH23QH5F3ZUMTE567UBODIA
5929,AGKBTK5A3PFNGPLX5YSEZLRN3JWQ
5930,AGZGDT6XNYAOWAD6RQFXUY5LVJVQ
5931,AEICPEREI7DQQRQ2E6P3FED26C3A
5932,AFQZEHDJPEACI7OLX2X3JTL24ZDA
5933,AEKWH2YQ5QXDGETWGOX6LHICS6LQ
5934,AGKQ2GCMLEV6COI5ZZ3R7RLBPSUQ
5935,AEDDUDMXG7TTLH3JJYMVEJAUDCJQ
5936,AFMQ2WJ663TA6UOFAY2OUAD4BKWQ
5937,AFBKPQ6WKV666QGSSQKW4RDZTXPQ
5938,AFXWATT7DQZOW6YVOHWKZIQGR2UQ
5939,AFE2HGZT3RQHO2U57YDJ744WNQFA
5940,AGUN3WRJ2TNCVGXDBDNHOIIGNU3A
5941,AE7RMSMTXZTP4IZMNCFQ5TEVVXZQ
5942,AHDR53VX76UPUG5LULQJEO6HCJJQ
5943,AET6VSKSUMFM4IBJJGHTJR3Q4GVA
5944,AEDSDVJA2YSIAJDXERS4XABLIG4Q
5945,AEMXMMO3HJOSTTFKCGNY5TH4RCOQ
5946,AH7CEOLDQR6JVLHOWJKLBF42FHUQ
5947,AEYUNTK3PPCI5GPBAZ5L7FZJMX3A
5948,AHFBSZSZHACTNM7NKBLE7BHCL2FA
5949,AH75XZ62WM5KJEMIK545MXZCMHLA
5950,AEFLHCJWMDEFPPGZ6ZNWWXUPIHCQ
5951,AEHHZMRQQBGILHWHTTTW3IIBJM6Q
5952,AG626R536GEJJG5ZWDQD7DYX52XQ
5953,AFPMG6ECW3H6CSYWMNXBU4T2FSXQ
5954,AH2ZL7BWPTA2NJIGBIOLGYHL52LA
5955,AH2KB4BMKFNAUC3Q6VMG7EITTSWQ
5956,AH45MR6F537HJOHM5Q5KAC4PC3JQ
5957,AGDFKK6BLQRGTQ65UWZVBFLGJXHA
5958,AHXT6553NAFQOS4CQFSGI623FGWQ
5959,AEZXQ366JEY4N7IGZ4YCIFXZBYZA
5960,AGAUM3Y5AQFNERVFDIAWGSWBBFYA
5961,AHJCTYB2QBYHYMKCTY7QUPMVV5WA
5962,AGZ2K5RG35GM3AHVNYMSKHYG5MMQ
5963,AGAOJRNMRGW4SZX75CNK3Y3DDZVA
5964,AE2OOBVX7XDLGFWTU2TQO3CNZVOA
5965,AENRRVO5VAVR4667EVEITQ6PA6YA
5966,AE7E36GVDMCN6CZV3W4BTMOKTJPA
5967,AFK54TKC5ZZTJR2YXRH2VW5DOMKQ
5968,AG43FV5PPASTVWFIFC5KQ4K6SBRQ
5969,AHFHMEWHGNAVWERG7G3CW7VODKNA
5970,AHVW3EMQF3AJVQKH4PNORBAMVDNQ
5971,AFOMDNTNIFNSXZCKUSPO5QDFDPQQ
5972,AFTMNOIENXYGN6DQMJDISCKACSKQ
5973,AGBRHGKEDLI6NEXBCEKIZ4J3URYA
5974,AGLY5QB35O64DXX3VWOEHBHAN2OQ
5975,AHJCJLMDMS6KCIDT6UUUK6W4I6WQ
5976,AHMEMCUKLMWBDKHQC7LHR7MFWS5A
5977,AEXTZUSMDO553BMMJDYTC2QTKQVQ
5978,AHBCMO2EQ62ZKDCD2MNRNW75RIYA
5979,AEWJUXDHV3IWS4AOYKYJHPZTMF6Q
5980,AGQ2GDII22WOO2GG4ZBWPUKQSXXQ
5981,AF7VMNYERHCGWVOFO2M625QXLB2Q
5982,AFX7PLJEE3R3L5GMMILMU4FWSB2A
5983,AEAG5SWUPKHNZP3SP57OK6KEQUFA
5984,AHKGLICMY6NFYWK4R5KCQR2742GQ
5985,AEL5OMNYP4QJG52KGLC6VQ5IVCLA
5986,AFPSAT6JZYOZSPA25W6LPKWTEBVQ
5987,AHXHEFNOWBNNVK56XGX7O6NT3SPQ
5988,AEDNHGN2CWSPXQX5XHHE2LM5NWKQ
5989,AEAKRPUD3DTCEHAURZPXODSSZ5BQ
5990,AFSW6VJZRELCGKSIOHWJYWU44TTA
5991,AGX2AAIAA2DK5CBVLAYEOMXHU2TQ
5992,AG3WFHZZV4V62TBTI42WPFDEGG5A
5993,AEL4PWT3RG6FVJYNECVMKB3Q7XVQ
5994,AEHE3QXKTLT4CD756DSEJ7C74T7Q
5995,AGFURYRBYFMNBKOU7VQVZVECHKRQ
5996,AHHTXNSOXMRPW5L3RHJG5KNMIBZQ
5997,AEGHSX5RYSXRSV4D4S3OXSR24FJA
5998,AEJSC3ZMDNEOUDAEQQG5UCV6PBJA
5999,AH6TVLYHVEZ6Y6JYQ5S352U34SRA
6000,AFXG3EPZZYDSIX5XYHNQDS33X6PQ
6001,AGWJ5N47265HLJ4ORPODYLMIOJ7A
6002,AEHHZ4OA7DBD2M23KMV2G3XFY5OQ
6003,AGQFISU4FZYRYTJXWZ4NETKPRYLA
6004,AH3XKEAZNSPUPRMIQ37BL6NR6CEQ
6005,AF5PM3RHRCWK6KXS7BBSSYGKWZJA
6006,AHMWZJF6QTIRLZEVV6P35QXOU2TQ
6007,AG2LW45Q53Y4BFJABQOZZTXUIS6A
6008,AG44V3RCFNW4WHUAQNBTFMASZFKA
6009,AFEQVBCFFAJTDIIAPESOVSUMM45Q
6010,AHHGHDFNOKZXVKIABHBMWO247QUA
6011,AGA4UF25NFOPPUFGHF5PDOZWOP7A
6012,AGSPGNP5RVGJV6UGFWLHMQETWJLQ
6013,AHSKFNM2TZR4NAQJZI7AR7CLD6YA
6014,AGF4B4IT2O7AB4RE3MYILY2JU7XA
6015,AFVNAVDRT4DUXSHN4EWIPLTTX54Q
6016,AEKHA6AOJA3I4AYH2JU3JUAIATXA
6017,AEFMIQDALSNJYHXUNKS3PI4WHA3Q
6018,AE4GUWN2PQ2RDTMCKGHFO5BVFY4A
6019,AFKOFAHGVGHNOLMT6UGZLGYQZOLA
6020,AEI3NW564WJNX67V5CPGUM65FHHA
6021,AG7UXLOVOJLFQ57V44WGPJHTYMBQ
6022,AEDKT7MWLYMUG4MFJJKHJHP37I3Q
6023,AFEVRNJ6ZTI5MIWFOHUK3HM4VPUQ
6024,AEHQFIKRYOHBPND4VUZJZYLTCIUA
6025,AHVN7VF4IP3XLAIPNBJIYXVPRMCQ
6026,AFILBPH75VUXXJHWIFY2SALRWSOA
6027,AFDSIFED54DZGNNFLM7VNSCLNXNA
6028,AE5BZA7SETQBJ6YIZW6DNLDUFSQA
6029,AHR7XS36B6QGVPJYQ64CPLGC4L5A
6030,AFMV5QECEICY3234CZSIDUUVEEIA
6031,AG5AKJWFJFQFJSS44NKKH4JK62RQ
6032,AFWSLP32QAESAXXFUCXWLLDPND6A
6033,AHAGHVYOAQ3IQK5LWL6YQ6KNWEWA
6034,AFBHLKEYFLBFSVNI52R6VTNEDESA
6035,AGGVVX3XGZB62T3R25E5KX4ZT5XA
6036,AEPI5RWUJV2TOK72IZQ7BDTVHXZA
6037,AHVEFPZHNLA3UFGVHH6CFDOT772A
6038,AFNUUBP7KFQ6Y26LZHU43L5C3PTA
6039,AEZM2HDE2FYK7SSMBT2BWYBIZ5XA
6040,AH7MVOZVVZZMKBSDG3EP2ME335HA
6041,AFYOE74WGG2MQZOIV7EVJ4VVXMGA
6042,AFQ7BR4E2SEN6B5JE2KXULQ7Q3QA
6043,AHJGRNOLKUO7ZUJLK6X6R75HTYVA
6044,AHDDO53WFVGDENAZDKDD7TEJ6KIA
6045,AFEU4Q2KJKKBDZDM6HJC7VPJB66A
6046,AHZERNQDOENCM3KJNODO22NLMWAQ
6047,AFQ6P4WFSPB5VKHODD2W5RSIQEHA
6048,AFFSLCEZ6QSVXIUW7AWHQ2PB6EHA
6049,AHYSS5SP57C2FBVKLYNARZ3X3H6A
6050,AF2B6OT7Q2Z623ECBGTHWXWG7JAA
6051,AECMCFKRR7XNIUNYIGCTWZBSZ6ZA
6052,AEZNP4OPUDYPJMYOLAHA67LJKBHQ
6053,AFYDJTPUXNMLAZ4Q6EVHJVFCTOZA
6054,AENZFGJZI5OBN35JZJRMREQHX5QQ
6055,AFUZBWPZTFHIYFDUSS7MTZMGQZLA
6056,AEPRG5REMEXWAMOM72NDAP3T7GNA
6057,AFWHSII4C7NFHFFEW4DKXQKJRABQ
6058,AHLJ4XQITH43WJP4QBXW45LPWIAQ
6059,AE33ELX3ZXOY2SQUBOS6REZ32GWQ
6060,AGL35E6UDHR4N3LR5FOGMRSP4WUQ
6061,AEMGREK4OW6MVTBJ5DYQSOF5ZFPA
6062,AGDU77IP43WB5UKLKGDJRCP4GVOA
6063,AE6QYHTBSHMK7V4DQFEFHYC6EITQ
6064,AEZTKD4736ZETKCAMYIK7UU36HZQ
6065,AGES7RBFS7QAZVPCLE7E67FN2SPA
6066,AGIFGYNMA3INJTRLSEEON5FF5P3Q
6067,AFNZIESVBG3REVF24Y3DNCDM3LIA
6068,AH6EDK7VDR3P4IGP2IX3MNIWVLYQ
6069,AHXVUGRRGD6RPAQ3XJAUTTH2EXAQ
6070,AGDOJIY2TLJ2VSOBBK6DLABOSC4A
6071,AF2AKANEWGQLC6XY4FMZYQZHPTWA
6072,AEDNXDPZHPJGNEWX3LOWNK5QUIOQ
6073,AGQUKWAPNFUZWZJ5Z5P2NXJYM7RA
6074,AFQRQIEYWWE3WPE4OWQ2DMZOMQMA
6075,AH46KQX2O5N7VYVGXUCSCODOW5RA
6076,AEAUK5VW3QL7VIYGHVJE3Y3P23GQ
6077,AGFKWM32ALNPQZIJV5AD4MEUJH2Q
6078,AHUWRC54UOWRVD3BVWM56UUKZEJA
6079,AHOTMERXGI44NOL55CHZNM4PSLMQ
6080,AEH3E6RL7QZSHO7SGSVF7EY2V3WQ
6081,AG6IUTC2ELP7CPUXWDKFSRLSI37A
6082,AEB6ZDQGP5D2QEHZBEUGYUYOSBGA
6083,AEH3QZ4AISJEJ2CQASL747XZ2WUA
6084,AGV27BEZAII2BG5RV2JP6RPZWQDQ
6085,AGQAXFPGF55MLAGGX2N2S4JTA5KA
6086,AECFR4ZVUOXURTKHARFU6IPTI5CQ
6087,AFC24OOJNN52BNKH7ZB4AUHWKDVA
6088,AFFQTUZMZQBSZOAGBSCFUMQWKTLQ
6089,AHO3SE2KJAW4DUIK37LXFG4X5NHA
6090,AHOTHGO7VSMPWAHZPLQG66JDPXHA
6091,AHBRYIBCSF2ZDW7LSHAHLVTVIC7A
6092,AHVYVCMGMRCZYAEUXCKGDO5VLDIA
6093,AHUHRJINNYN6QFJRRCPPUPXFMGHA
6094,AFFS52RE3TJ4USA6MQBA7JIEUHDQ
6095,AGZRGWM3SH7SG3FJE5NBBUH5LTQA
6096,AFHBGR3O6MAB6UTAAVH7Y53ZU57Q
6097,AG4HDH2K4IW3ANZLALOVVZIKZ5ZA
6098,AFBNX562XOQFOS2MHH3OZ3DTFM7Q
6099,AEJBNEW4HJ73XFFIVAXQVFCQ5QNA
6100,AG4FCJGU7NOFS6MQLCQOWDDN2NWQ
6101,AGXLNPXX2V7PAHVYOLYWKLHCBFRA
6102,AFDNEC2QH3NTC67GTBXPPXLKHFDQ
6103,AFESTYMJLOSIEV45MKPAIP26WFIA
6104,AFJSL5LWZEGMFMQGZFTCUVUG3LJA
6105,AE5FMQ24HAIEE7XCY4OTDKI63SXA
6106,AFXURQHDTG4YIDKQFRZ2BI2KUBEA
6107,AERGOJOWPRRF536X3SNQLVJ2GOTA
6108,AESCRPMVUDJZWDMDAIJYQWFZAX5Q
6109,AHRIWKB4QRAZPQFBTMAAXHR6AZ4A
6110,AHLG4IHBMDZUBQH4YNBUJET4HYEA
6111,AHQZ2RO6YMPM3I5Z27DZ4KDGWNHA
6112,AGMGBDF5K3ZPDRGNRC5S4FAITKHQ
6113,AEREMFBPKS6MOJNNNUSILMRK2FOA
6114,AE5IS7I2YUTZKHETBWC3IV4QFAKQ
6115,AFVRW2HSKNQJ6DQUMY5AWYDFK5OA
6116,AGNDQHA4YRX5OSCVAPIJDKZGPHLA
6117,AFXEREDUPXRS5S27RRSCQHEN6LSA
6118,AHO4QSOM6E7RF6A4KS3U2UXTEQDA
6119,AEW6IC5JZTMJI4YPVTD5M3KWF76A
6120,AHB525KNKO3AGAZBPXASFJ4ZFOEQ
6121,AGJLEFJDY27ZJXXXDTGC7XU4M53Q
6122,AFQTZZVF4P2VOQONIDEIFF5N6STA
6123,AGCKT7IF4MQYEV6PXBQNWNMQCXPQ
6124,AGKUJARC76NZ6BIQRUX656YEO33A
6125,AFVQ4IQGHAXC5G5OS3Y3KG3A3SJQ
6126,AHW646KVB5QBV3M3PT7UQFT72YBA
6127,AHGEVYD4XVPUXKZXRXDDY7NVTAUQ
6128,AHQTCIYFYHP23EUINOTIIDSXHL2Q
6129,AEKDVAOBMPU7Y5MS6PFD65YOXFIA
6130,AEF3S67BAE5DRDKCEXZZETTN6EZA
6131,AGJ4QSRBQIV5M2X3QN3NEEJEETHA
6132,AF6NMGRBCRMSUIXSG3ELHKA6OOEA
6133,AH45QEASXNJ3GCDTDT2CXB7XKGRA
6134,AG6PE6753OLRR3QRABOJBVLVGBPA
6135,AEKMJVJCRHQF333FOJGHGL33ZPWA
6136,AHZH7BLS5DLWUITVSKHMGL5ONGAQ
6137,AHXKKC2EMS3HXLYNKJ36DCSKME3A
6138,AFDYG2OIH5ZDOHJGZZRULPVF2ZAA
6139,AGOK65GNKYRZRGRYWGL74BIITVQA
6140,AFGO542M6VR6H25OPCFPF7S7UKAQ
6141,AG7GFE6CWWVY7LSXZJPK45X2Y3UQ
6142,AFYWCTZEVCBQWSGLXHWCQLPWCQSQ
6143,AFK6672K22DSP2VTEG5ZGE44DGBA
6144,AHSN2KH4E3RHHAUMXLCKOWX2LYNQ
6145,AFAU772IPRDTG4DDZF7WNHF4AGGA
6146,AH6VGP7CKG45UZIPQUJJA3A2VPUA
6147,AEWUG56GY6DQTMJDAF5CF7UM3VNQ
6148,AEQZISXJSUGT2M6MHO5AZ65TCBZQ
6149,AFGHAP26CXAD42ADEFEEIJGIARCA
6150,AGMIBPGHCMDEIJUZ22346MPPR5KA
6151,AHRG5TIEX5LT4FYIZZGGADJOUEMQ
6152,AETNGTVI2LQVUN3GDNHJR224EMZQ
6153,AG47YVWBY7R6IKWTXJVU73FFG4LA
6154,AEBLYGQ4IIQNFTJCHDW2DSBHZKDQ
6155,AHPNICYGARCKCLORNCMUTSHW4HEA
6156,AGCWD6ITNAI65YBJ2GOGYT6ZUKHA
6157,AGBAL2KGE66UUYGFHUNB6CYF47HQ
6158,AGZFQVFQPIDZRRTAKGDOQNNYYNUA
6159,AHVCMCEK5OLY2RQLLUUEJUCHMHNQ
6160,AGV3UPJCXUQUIZ32XD6Y7SJ4GSOQ
6161,AF4LZET6T3MV2X2CAK37Y3XPZXDA
6162,AE2C34NGBJ5VGDSTQ5MX6ITI2PXA
6163,AGTAAX4YWTVSGEWMGLAFO7JS2GHQ
6164,AELWXAIVKSXTHLWOPEFTMZ2XMM3Q
6165,AGUGMDQQIJC44BVGAJMAICBWFZEA
6166,AHPVMRWAG75PBPMOPTBXT2DJMNMQ
6167,AHQS6ACEWDCJMZXH6A5KD5RDUC3A
6168,AFEME2TCMHO3DAYIYQR6BF27LWTQ
6169,AEQCRP7DHAOWXTBWIMCUJ7BPK3FA
6170,AEEF24C6XHCSRDPKOFLFHCXLLD7Q
6171,AG4PWMHMSGKHIOAXIXL5TTU2F2DA
6172,AF3MDYOE7BDGXSWQB55ROSYABUAQ
6173,AFU2E3ZWPIIVTEOFISRU7XTE6XFA
6174,AHJED6XOPUMPJUTJ5CXUPFVZ2HRQ
6175,AFAJYE44WK2RFDXXWGR65KJM5RNA
6176,AEAV4VKWW3DVNECQ7I53IN2TXTMQ
6177,AEJ7CSRCCZNMTGM3VXIEAGDWB2DA
6178,AHEMKHNM2MRHWTZ445KYOLNF4KVQ
6179,AGALG4OOUWN44MF6ZAIGSCNFQOCQ
6180,AFESAQV5TKHSIK5MU7PM7PQGKPIQ
6181,AHPNR4AUOYZMTQBU62QZCKOVPHWA
6182,AGWHXCL42F4DUKNKZHSXK34P27KQ
6183,AF3Z3JYALERL3CXU3V6IJK6AALMQ
6184,AGS4KU7N7EBKLNYS3ZJ5MN2ICMXA
6185,AF56VJRM7USFGWCYJY2LOTJMHQSQ
6186,AFVZWTSW5XE5VSHBOF2BGOV7HERA
6187,AFK2OAYKM2CQQGYZYO53XQPHNDDQ
6188,AGYSL2L4ERPG2I3BQ4C5ZIE7TZXA
6189,AGADGJQI6PMNFGLY6KNKHRVMMPJA
6190,AHCTCMZ4RL3KSMMCUS4DWAGZXUXQ
6191,AHPS6C4AHRUZ7XTH6LTVRLBK6J2Q
6192,AGAES5KDL2X5YHNMWOS37FAVW7ZQ
6193,AE2TXUYVET6ITM7QZFMSHJQMVGSQ
6194,AGA3FEAFUNEQBIOVMWI5CSGOCJIA
6195,AE22YVO4OJM7C3SSKBHXSFFE6LQQ
6196,AGV576TLFPG6BN2WNMY3TEWZV2PA
6197,AFSHBFOWSFQLMCX4CJ6VTO7C5VIA
6198,AEJCFVESISGL4ZKJDMZMDI5Y7O7A
6199,AG2ZGARSIGYVB66KMDTTCODX2BNQ
6200,AFJASBKST5IN7IKHV27JJNIJQIJA
6201,AFWJPSFECRV6YBYSQTHZ2VL66CYA
6202,AGLRRYBINRVO6BLYV7ABVCPL6ALA
6203,AHZOKJON4B3VCMZ7YGUGTGUQNI3Q
6204,AHCBESSA7GGTXEHUTZLU2HQDR25Q
6205,AEGXX7SW3HUE5JQHM26SEGLLBZJQ
6206,AFAVYAGGBELW2UV464CN6LVC7I7A
6207,AHV33RVHTJI2KON5TN6VRZJ7BVSQ
6208,AG52MKK6H2DHUEI6WWUBQ64NJXNA
6209,AFQERDNVNVINWFEQTGXCIIGRWPYQ
6210,AHKTLKWFJINBYIWRFDFZYZ6IQ2KQ
6211,AFNMO6WQWDNGDIRJBP2OJTZW2VAA
6212,AEG5BXSLTBQF7VVFUUS4FA2SW4RQ
6213,AFFPEFQNNMW2MJYFMIUO734CTSTQ
6214,AFBMHY6VEPH3SXCCNGDL3LMH5ZHQ
6215,AHNJ2GRJUDD3H4QH4Y7AD7KZMKMA
6216,AEJCMR3RS7GBPCCYB5IPXXUW257Q
6217,AE47YH7WOL2JY45B6K7743GD7TDQ
6218,AGBGWF5HGOKIHGOE7KHMYH3EHA4A
6219,AGQYJITUL33MBPRGFNHAHH5VTYLA
6220,AFXNDEKTLQA24GZ7GJC2YMIGTENQ
6221,AHKZBQJOTPQSLVTU3RNSJBDZC6SA
6222,AGD5GFWCYWTBLGFFFJVH72T2LZKQ
6223,AH6ZTW4DZ4ODLF2WQCIN7DMGG6AQ
6224,AGQI5MFWM3SB7KA4UFIUOS4XI2UQ
6225,AEQWMODUPQ7M3D4HVJ7GF3KGR3SA
6226,AEEFROSWL6FJM27UCHNRMSLBUJ5A
6227,AEWHOUQE4FFH4DDD4LYEZORBFPTQ
6228,AHJGPBOUFR62BS5U53EACUN5BWXQ
6229,AFDIEDMSRNCZ47RELP3OZCZTFKJQ
6230,AH62C64M2XI4LBX6VH4LOPSXNSAQ
6231,AE2QEBOTO62SWQLNQTQXQFW4QMMQ
6232,AGJ3W6EIHEBWILRMFXRDF3HSF3BQ
6233,AGMGDNYJE6BR2HYSQBR7SNQGCW2A
6234,AGBPPJ6Z4TWEOGNVNDJHH62LNVEA
6235,AE463JDXBFRX5UAPWGR2F2XTOOSA
6236,AEO7RJQYPIYS7QG5EUPLYATBO62A
6237,AGLLTSNKWAZUYYPGULSSDW3PYVYQ
6238,AGSVWCXV4CWKDGPQB2LHI66FTR2A
6239,AHVKTTDLCJPNOVIKN5YDM5ZJNIKA
6240,AF4EHSEE2FPCC4H6NDQGMEVLHLKA
6241,AG6VIWHM6UPLUO2Z2AFWHKRZ4H3A
6242,AHSDOCNZDB5GHJKIWVAXVIPMGRXQ
6243,AGNJEXHCGTV2SFFPJ42KSKS7DCBA
6244,AFWVLI6PAPC5YTUKHSUHQ25KAOQA
6245,AEWTBPTAQUWXNQHRSOTFBA4VKSUQ
6246,AE374UGKYTKVFI4Z4DFSLQSXSI7A
6247,AF7UPRCSU4AGUEZ76AG4JLFEFI2Q
6248,AHYNDWQ2NTKDJSGPOXKYYNVC65NA
6249,AFW2DU7CV42AOIVYUKFQVDDB2SCQ
6250,AEV4KVKE343I3IGYTT2KGU6UVA3A
6251,AFGQMXRH6MD3EUXYAWVDLHBY36FQ
6252,AGIKLKQTLU7GJIAMZCL3D52RCTMQ
6253,AES2VTQSYYY43VFCDZPSRRKWGXYA
6254,AH554EXFQPZZXQ6264WMBD5TNVRA
6255,AEDKXBTRYNZIM53P4UJFAD6I52CQ
6256,AHIBMIZCAVXNRVUJI4U7HFJTCNFQ
6257,AHMKHUZDHEAE6SBLKFKUOW7A3EQA
6258,AF5ZVMZ5ZE3PDDGCI5CCTCODAX3A
6259,AGPBOU77ZVUI34WW5CVBTAZL4BRA
6260,AE5UXYRB42KI3AMABAOQMBS4ZOQQ
6261,AFX6YEUKYWSUQXKCRLWUC4SAIXZA
6262,AGWVJ5M2NXOP3P7MF6HPNM4K736A
6263,AHKD5K4RNPRVRFJO5PGCDPDC4Y7Q
6264,AHJSUXS5PQ47BZME22ZMXKHFXLTQ
6265,AHHWXGSFKRZX7A4RC43WMRGMN4OQ
6266,AHL42NRIOGJZIUDVBUPLFDFPLYMQ
6267,AH7UTWPAOSD2JDH43LUSSJMKJZGQ
6268,AFUR5UYVX3P5VOQAZXK7NED5SHPQ
6269,AETQK3MFDRCCVSLPVDSPULPUIHLQ
6270,AG36VZWQDTK473UJCVGUCGFWPTSA
6271,AENP227JQ5ZMHM5DJ3WGVBDZ4BVQ
6272,AHHOLT7SAZAMOJMXGICJHMDY26BA
6273,AGWSSEG3UP3QFVAGAV3BOOD4UI7Q
6274,AENXJJAXPLELVYLUGPRO5BTDN5WQ
6275,AGFZKW5JXTDF35KBTXURA235L7CQ
6276,AFZKCFAPQZ6HGGMO23KYBGYXLVUA
6277,AFHDTGQEAP5G2RRFN43ROFKGDTEA
6278,AFV3YYVUERV64GF3U2TZQ2VUEKUQ
6279,AEVGETLCOFVZVW7MYYGSE2JO64PA
6280,AEJEQDVTFP7WOLY2SWNUCXQKWAQQ
6281,AHVLVDPXV5SUNPZ5RXCBFVZZ6MPQ
6282,AFUFL4AP6K5VDEZ6CN2C36HJALTQ
6283,AEF2V5CC6E4QFUSYLXA56BXY6WOA
6284,AHW4LFPVXQJCFLEKIPA3AAEA2JYA
6285,AH2ELWKEATQAWITTH6OS66ZG5WJA
6286,AG2EVHKFPVSU4K3X4ISRH3AVFW6A
6287,AEYLOM4BUPT2YFJVL572S4MTLLEQ
6288,AHS5XATXSMKE63MAQQUTGXI5ESQQ
6289,AFUDRY5TW64OPAOVZUMKVFQI2WHA
6290,AELUPD75BMNRGCWIBOPZNRC7ON6Q
6291,AHYBTRSZA25JU32QDZ3QT2HT3YKA
6292,AFCL4YVR5KEKRZXF7VXNJPBQKRUQ
6293,AFHLSRGT2MUNM3RAGRLSBMUBJNIA
6294,AEX5IQCJRWLFCKXSG4VITZJK3O6A
6295,AEDIWWZINRUE2N2X5UD3OU6JTROQ
6296,AGZLALALQ6XPJVQ7W4FTYXNJ65LA
6297,AHTNKPQNO4GEF3IS7CABT6F2VFRQ
6298,AGZQUPPUOLWMIPDJ5JNF2GKK224Q
6299,AEP4VHOB7LJTWZBTSV6WRBRNZBQQ
6300,AGDMXKFIG3ANAKDAOOBA6EZTJE2Q
6301,AG5BJ7DSGYQR7FZUVBMJZIQBA2GQ
6302,AEMQMTXUC7VEXLENJED2IMEGJR5A
6303,AG6O3WYWD43W7CVWFR72J2456NZA
6304,AGKFD52MGTKSPVZLPNVI7RJEV7JQ
6305,AE7GZS5LRUNMZDT6NE5ZHQE5NDVA
6306,AGTOSVMTLDJIDKWAAMRRO7RKRHDQ
6307,AHDGCQ53ASDNYF76D4M3WCQ3Y6AA
6308,AFVF4GR5V5EPLT74FBPDEIL7VTPQ
6309,AEZMB52H5DSM67RCTHMFNUZIV7LQ
6310,AEAVDUATIS5AB5FI3CZEVV5XMXMA
6311,AEPKQUDIMIJ5QZSAI3WV5WVIO6PQ
6312,AHS3VJ2WM3HDB7XHVX6RM75JDD4A
6313,AHDATXYNG6IM5YWRTW5TBAFZZHXA
6314,AHENYNZQXG5MOUAPOIKTIDTUTQKQ
6315,AG2LFB7RFOXLIFZ45OO2ZDAF2TTQ
6316,AG6NXERUZ7JXSPOEYZMJAKLNFTCQ
6317,AH2P5DF74UR5M2SXSZ4CTU7YW6NQ
6318,AFD3UZNJHMRM4XWKBVCC25ZVJFJA
6319,AFEAJSZR7CNVWYWNCJBMYGTMG4RA
6320,AE5SZXRVCGCPH5KSH6FPSN3R63SQ
6321,AG7ABPVTN5V4Z3KSFP33AZXINPZA
6322,AGEM35YWTWY4XKYCSJR5GFS5UXRA
6323,AET2UM2D4ZBRXJY7KPRL5I5X4TWQ
6324,AHA77E7C6O2HVKJUSMREBEPZITUA
6325,AG3FNN3VBO2E3DZY4LXMYRCVVBVA
6326,AE42WII33XTEWC7INAEMRTLHV55Q
6327,AH5EMQHUKLA235GXIIHN5DZZWPWQ
6328,AGTK4N6GVMVC7WJIKEKFIJYBQLNA
6329,AHRRAGG545UPHXHTDSKIMDQXJEHQ
6330,AG24HESABLSYEJ2TXPU3ZVZ52QQA
6331,AHXXIHVMYY4APC23H6QLZFX7MLRA
6332,AESE2WYFS4BIZW2TD5H6GPB36VOQ
6333,AHD7CWAHNW22CHFNXSOF7FTRPVOA
6334,AERPU66GJ6PYFKEBKJMYZT474KPA
6335,AHAZMZVJSXPO52GUOSBNSJKBXS2A
6336,AGLEU7JD72NEQ2UOHC3YMOCJWR4Q
6337,AHJQVCVUO6HMANCEMTJ2OPOS5UCA
6338,AE6SE3CAXFVI7L25J7FCEO3AGK5A
6339,AFOV6SCZRWIQJ4JUV5M2HSFORP5Q
6340,AF2R5X2P7ZFJNZ2JETPKNB65YT3Q
6341,AH5ZPMSNOFG7ADYGIHYPGCTXPQBQ
6342,AEDRCLTIJPZWMUIYTW4T4DYPAVYA
6343,AFN3O4BQJFLAZN7S6KVGUUPVWWIQ
6344,AFINTMECFP3IZ47CMZTMAJZSVQGA
6345,AGRJQQP46GWMUF33TSRWOW6AKGAQ
6346,AHP53AVQBMAPUK2CEEK3G5AOIABA
6347,AFHLT6KNNGZAWSFF3HXOCMZNKDVQ
6348,AHVBZ6DXUNL23PWRGDO2MDH3RNUA
6349,AHLMVRECIOR4B3GJWLCBGAZVMJXQ
6350,AHLWJFQZK7DGHVFBERWVSG4AU4IQ
6351,AH2XAMLUEE33J36MKKALVI7PIIUA
6352,AFVZGKDSPALG3FINFI253R6C2AQQ
6353,AGNRPYQVXONWOYDS5TWSKHQTNQBQ
6354,AEIISCEVGOGFM3IOQY3LDX43YEWA
6355,AEDYO34Q2PO3EIGBTTJJ7FZWBMOQ
6356,AHTLGH3KYBPJIHPO3CTLGROBFX6A
6357,AHQFUTKUVT6737UYLCMKBRMGWCCQ
6358,AHHVZS3R4ZCAOMYZ3ISU7MJQ4Y3A
6359,AGL34EPJ2BJVSNYK7HMYECPILESQ
6360,AHKW4ODDJKCXKRWRWD4Q5G7HKH3A
6361,AET3WOVAMZ2JRBY6OZ74S7W6KM4Q
6362,AEE5LJ3L36WCA2X644X5KG7M7GEQ
6363,AF5DXFSMTNABIFJQOPNRM65GBSDQ
6364,AHZSU5EC5HG26Z2L2FL7AGZGCR5Q
6365,AGYMCUOJZ34F5B7HVQQIXI6QIICQ
6366,AFP6LZMHJHSEES542S645IOP4QVQ
6367,AHDG5BM3G5MCVW5CXOLOXLIMHSYA
6368,AEINYEU2SAXTVGJNOXRSSWCWMOIA
6369,AEON7JQZ7FJKHI46UPGPXG2VHACA
6370,AHFBWFVA7ZMQEYY3ZMULDQSB4NHQ
6371,AFQF5NB22TW3XDZ56WT36EF3I2CQ
6372,AHK7HCSBIXF4RTRDQQKAXWHFPHAA
6373,AEBZ4I6TBN3ZHOM4U3CPEDIWUB7A
6374,AHAIORGSKAZP5FW5TAWMHUFDRZWA
6375,AHP477KCDUDXOR44CVEECI5GH3KA
6376,AEGALAIB6EYMQULYNYZRFD56HR4A
6377,AGWTZN5EOLVEYLB4NLJUSTZTQXHQ
6378,AESQF757JJFDSQI5TBOSRWQPG3FA
6379,AEPBX5LH53IQ7VQYCPJ3TY5WJFEQ
6380,AFOSJHQQLXFKPRLYRZPCOEHYAJ6A
6381,AHV3UNO3S43XMD2LQVRJ6FVNIAKA
6382,AGZM37DZDYKUTAQUJVQWXAVJAH5Q
6383,AGOXZJB6JPIWERMMHQT2BVUQ7A6Q
6384,AH2W24LBQBH5ZWY5PXUR5JUOGE2A
6385,AGRBL3P4CH4RE6PQNO3X4BFR5NXQ
6386,AFW244S7XP6IMS6Y6VZWBM3KQ2SA
6387,AHBCGWXDPNEFAM5BXHOKPDXRDMSQ
6388,AEAUFDZZH5QL65ZKIOVKX6NDYDVA
6389,AELINTOYA6USRZLTQGL7PYQMOWQQ
6390,AFPU6725C6G3VQHGLT7BZNIDSBGQ
6391,AGQT3MFIXSQYTWIZ47E6ZYVGMTXA
6392,AE5AJOZGWNXFUI2I2BA6FRTTWW5Q
6393,AETCN5IIJKEUTQDIXFYTIHK52STA
6394,AGZ3FJINOT5WNBEHQ64IJJ3S6QOA
6395,AH3GKVMKEFN2P5OAFL2LSIG6BUUQ
6396,AEWFCWG2HH6BX2ZRFIOTI57MIMSQ
6397,AFW243TF73EU772QGGOXYH5GVS2A
6398,AF7QCMMQFQK5SY6MAUIWBFH3JG5A
6399,AESP32OMLGTTRV6ZELR7MKTDX7FQ
6400,AGCUONNZQHPD45BM5BB2IIJA4JLQ
6401,AEFDWA6IFCX22G6FQCVX5DXRPCAQ
6402,AGDQXL2UPX6CVX577QBCU7XHFOSA
6403,AGTGZ56PTUYO6QRRVDIYN5NDKPRQ
6404,AGAYQ4FZNMYLDB7PUD4265FUIS4A
6405,AFOR3DHT2AF7UDRPGSURLH2BTPVQ
6406,AFLBH7NYOY2KO6JJ5IM6JQTSUTLA
6407,AGZ5WLXHCVHVN5VQFD6CJZBQWVSA
6408,AGO66K5PXRG6GETCOUTO2MIHYVTA
6409,AEP5FURB6DWS525M2NQOKTCWGCMQ
6410,AE752FKBSMB6YC4RCOJOYU7P6R2Q
6411,AG6DA6WWNHNJX5R6GWKQAOQDDJPQ
6412,AG6CYRED4UPRMN4UBQFBRES5Z7UA
6413,AEAFCN4EXPJ7WNPESSRV2ZNL7Q7Q
6414,AFF6HXT4C2BGKQ3PZL3ACAE7JE4Q
6415,AF7BRACQ3ZFDLXVQ4C6VTQCG36BA
6416,AGKD445SCD6SCZVR3HWMJEL5ZXRQ
6417,AEG4QZ4VGICHNAEVAUXA7SALKBKQ
6418,AG3OQTUEEG47OHUCOAW3GHL5UCFQ
6419,AEEUNWNZ7RJPT5HA6WIA73VEMIMA
6420,AGZWZFBSRF3WOOKSGYR6JCBEOO6A
6421,AFBXL4N5AQVMRSLMJ5BJNHOFV3PA
6422,AGFR46FZN6DQPF3ZXZN6L4TOWL7Q
6423,AE3FHKSS2VVKZKL5632YXTHOPW2Q
6424,AEE5AJ7UC7XHL5X3XAJB24ALO4YA
6425,AHXS3RP57O47Z2R5AGTCUQK5PE6A
6426,AG2CZVHBAIOGAWFYJKGFTTW3WVNA
6427,AE3JO657KRDMTST3FAVH4O2XOKCA
6428,AEC5KSCJ4W3XWS2YQBZRJPPSUSBQ
6429,AEYOPXXWTAF36YIFGUHBG6F5V2UQ
6430,AGVP5HVJPMCI2Y2HFYOJ6VEEIJHQ
6431,AEAXPTZCEAVUT3MOGH6PEADIQGFQ
6432,AHNLSGWIPXTE5JVPTZT5WCLFD7MQ
6433,AG34FBTWWD7IPQFELDOXTKSMG5MQ
6434,AENSVHZSF66V3J7WZ2OLIGBM6WOA
6435,AF2VWOY2BEH2PAXPPFH76TXABKTA
6436,AFYXGJFQTZR25AHY3A5F762BHIDQ
6437,AEKYHPMPYZJTPKTLCPIBXIF7N2EQ
6438,AFJGQR4TW4AQXH2JALSLE6I7722Q
6439,AGE7AJHXZEJPPIG5NBKSL7VFSQIQ
6440,AGKY3U6YMET2OQPFR5ANJZHWZ6TA
6441,AFZGRKMHML5UWMQCMNDVJCLAKJNA
6442,AEPL4QSW42VHAPCN4PCXZTWM5NJA
6443,AHQIT4S6W4MUO3XDC74LFN47SW6Q
6444,AEIIYW4J66E422CWCLHZRMFFCVMQ
6445,AEMD6KWSCE3FZGTEYYVRRT4ITM2Q
6446,AGL346D5OWCWOE55SQM35TG7HVXQ
6447,AELWGQ5PEQS67SALNSZAVJW5VTQQ
6448,AGLBQV3MR3JZHS5FCBNWK2FAHAFQ
6449,AFML6B2XATO7LYCS324KPLCBS6HQ
6450,AH2MJYAVGU3S5FPBLLK6QUSBQ2EQ
6451,AGTF72YGSEFB5T4ICWXNBON53TKQ
6452,AECSWVXQLCILRHYFXFJEFXISFKQQ
6453,AHJLNRDVOQIDQCWBQKUJQWU6QTFQ
6454,AE7YKMHIDTHFVGAV5PQXQOBVEKSA
6455,AHAYOGRQ2EZUXHHGPHH6SKFO7GVQ
6456,AGUOSK4LNEBN5YTM4Z6WDRG2NMMA
6457,AE7OAMVCTF2URCLNDZIAH4MJSZHA
6458,AHGAHKITZ7JQS2D7MD5U26IRBFAQ
6459,AEYNX6I6HARKB6GAAULBGPYU6JSA
6460,AHKBU7LZ63TX2UDYXFDOKA52X7ZA
6461,AE5JBQNW4BGXF6G2DFJJOIC4N6AQ
6462,AGZHNGKIULL23HFMQZFOIWNYOI6Q
6463,AFF5ITZIHMRTBB4Y6BN6KSLAA7XA
6464,AHWNMGI6UXNRWY3TRVQIRWICRWGA
6465,AE2TUCUCOPGCFZAT4QDTI3XVZTOQ
6466,AGYSLHQ4RMKETL7HU6U35V276EGA
6467,AHLSSTXJKEUL3NQUJNMEG4JGWM3A
6468,AH35JNZ6F5WLKMJXDZ5EVXL5G2EA
6469,AHMMU4LZFNYRJUQLB7SO7KIYY2VA
6470,AELKH5NU3D7YIIQDU34LJBV4Y4IA
6471,AESIXXEYK54GXBHWMJSAZSOYE5OA
6472,AFSOAOYRG2ME3KYT6JPBTJYZYC3Q
6473,AFS2C62P42NJLORNCLHGCNM5LJRQ
6474,AGKNHEIYH6N4IG54D5TX3CTIA64Q
6475,AHTZDXOYPUAW3D77CWV5H5III24A
6476,AE7QIRI6S5MFZUAORBYY7G4FYR3A
6477,AEDDL3LGFWTRF3JA67DKI2VBA2DA
6478,AEIVKZGWZCD52PZUV55XE3N7YOXA
6479,AFYDP6IDGGLHCZSLQK4JL3W7VZYQ
6480,AGCUJWNUEDSLMCU2A5U2EW4X5K7A
6481,AFFHMJZYHL2IAIGNRPGE4SWUIEVA
6482,AEXMY3NK3W6EYKRRG6QZ74XI346Q
6483,AGH2UKALNYIMJHVMVXSTT7K3GDTQ
6484,AGCRKELBUYVBDIY4TGAFITTWQNWA
6485,AGAK6C6II3ANHWDH7VUWB6I4KJ7Q
6486,AFO2DKQA2VB47Z7FYHBFRGEC4X5A
6487,AEK3JQ7BUQN5ZCP3BMV7ZYB567EQ
6488,AHUKURHB4FUU3C5OAPUMXCJO3BYQ
6489,AHQVESYA2SVGJEVJ73AHCK64VCZA
6490,AEUOJGEPL47ZCGMKSNT42QERML7Q
6491,AGXMXJPONRH6YXUZOYNS3CTKTAHA
6492,AHCENXXWF67BBI5CKH4YNMJQY3GA
6493,AGCFQWUO472FJO5U6U4WA3334ZVQ
6494,AF4GE6NPPY5OVZR6G53SYKCXGAQA
6495,AFVD3VNBYENTI4US7EUNFEETAHAQ
6496,AGGWJQ3LPFSRT6LDK24ERMP274JQ
6497,AECEVMJN5Z2SPITQDJ5BBOAMP4LQ
6498,AHNZHABBNXWMVOD6NRNJSZNU3VVA
6499,AGG6VRKVJWHG57TQDE63ELD55LSA
6500,AE2OIU7B7CTNBWWN7DVJUZWLAV6Q
6501,AEJUUNV7OCX22PRYNU2TIE6PFNQQ
6502,AGZ2XN2XK4XLULBSBJ3MVGCVVL6Q
6503,AH4KAIAMAU5T73PODJ56G22EFCOQ
6504,AGVFNIQ2ZMGG4XFC3EMHCFVC5VKA
6505,AEHI2FBVT3HQVRTIOJ4NPQ77Y5TA
6506,AELGXHSZCQKLPWOBEWWQIZ5HTMWQ
6507,AGO5CBPQ3SWDEILYFJJYQJY6HIDA
6508,AHOTVT6YAHQKOPR4LPAYH6QPQSYQ
6509,AFG5LGWFVXZ2WIWHEYZUW5GVTYDA
6510,AERCJVHV4R33PAERCDPP6WLVYYPQ
6511,AFBCBUANCXYBJOG7JK2ZP7HZOPXQ
6512,AFJDWAVZYY5GC4R5WZ3LFKQCZAEA
6513,AELKAULAVVZFE5MELQS3BJ3W3WZA
6514,AE3BCEAP7MI6X6IQLTS6WUMCPQJA
6515,AGB3GI4BTQCLQ7IB6JZZPS7QHKBQ
6516,AGLXABNZVOQXUHYZDWUWCRZWJF3Q
6517,AGI6RSKY4AURJN4S4IHPZQ7TWW7Q
6518,AHUSOQN6VKQLC7J33KBJVF43WEAA
6519,AF2Z77XEPP2OLY73Z7ZJ5I63SIUA
6520,AFEQXLQMPSGSEUZEWJUPOWO2OX2Q
6521,AFU7MVRMFBYCWEVHKFJ5OACVRRMA
6522,AERN5MWD763EN376G7KNA7JDMOQQ
6523,AFUHV5X5A4S6TZYF5R3UXXB27UFA
6524,AGVXZPGFSZ4A3NEMCUBQJDTWIYMQ
6525,AHQKGBHW75SHKHQCOO2OYAGS7C6Q
6526,AFJXK4QVFK5WPAQLA3PLAHBJMSSA
6527,AHHVWIDMQWWPUUA4AIPHXM6PJ5DA
6528,AHSM5F6PMHK6PETU3TVGBKTJKY6A
6529,AFGARH7D57P6QKAIZQVNYQK3YJ6A
6530,AFJOKIG7RW5ZPMVTQEKGVN3774YA
6531,AE4X6UVE4EAKRWKC7EU5JQ27JAJQ
6532,AGHODHDSTK4THPB4VB2W5RWMLOPA
6533,AFBEO2YCFSW6MKY342GYTK3ZE3IA
6534,AGP5LVTCB42PFJSUZVFJ5446FLWQ
6535,AGZIUAKKQYIKG5ZME2GXIQH6GBNQ
6536,AGB563SEUKTUENBZ5FSSFFG2F3OQ
6537,AEERMUGGW5HZBAVPGARGAISMI3YQ
6538,AHHRNWEAY5K7MUXFPTT4AAZNUABA
6539,AGEEEBPUQP6YBQUOOT4XKKTLACHA
6540,AFK66ID6WKOU6PZOSOJ5KTABCOYQ
6541,AGS65QLPGPASUH4IZ5UW6BKJOHHA
6542,AFJLR5TO64INSZLOOP3ASZEKOWWQ
6543,AHBZJQOUAEI6JVTHNUUSGDFNGQGA
6544,AEHM25JRN47FZKQTO4FU2OZ6KMRQ
6545,AEHK56PK6L7NGWYL3WD2XKA6FROQ
6546,AF7R2NTOGCEPED556SVYEPIGIVNA
6547,AE5F4WU7HVDOKOX2Z66TYZ5C7YWA
6548,AETIZPBQ2BCYFT6HGQWNOEK2VIWA
6549,AGXZJN4IUI5M5KRL4XNXOHLSQH3A
6550,AFENHIVD3MBWOVHZQ7WXNKZD53FA
6551,AGBD7PU32JUP3NQDVX3TAJZZVSZA
6552,AEQIXPS4S7Q6ZCC5WQ4F6GROFBIA
6553,AEXQSP23E2S5Z5EBTUBJNVY4CABA
6554,AHF6PTIHFEE5VGWJ2PKEMT2ONASA
6555,AGGDHKTMX5VCCTOK7UD4CY3UYVSQ
6556,AHFEEKU3FVBCC3J7URZCXRQD6HYA
6557,AFYQLWGFNZSV54EJ3ZHJTKPXJNRQ
6558,AHCNCUHP5CWDM75IKWQTLUKORC6A
6559,AFGBTCCBCIP3BZQV2FR7MTOPVPJQ
6560,AEN5PGDTHNHSRJ3G2BROVIPKRVHA
6561,AHHBKDVYRIDQNNUJF2XPIQM53RRQ
6562,AGYAQKEU6ZHYW2K6J4ILJMHOVHYQ
6563,AHEQ42TCWGVUBPFCMHUF54P7QPZA
6564,AH4VDKCM7AZNBXUALRLWSTJ2G4JA
6565,AEGNLK7MVNHIJ43AMM3DZ7KEK36A
6566,AG2A74SKXIJQWECS54TFIDNUWSAA
6567,AGGYJQPIM7OIAADMWHW446FVZ3YA
6568,AFRJWMXHAFXHH3YLUAZNMLBSA5HQ
6569,AGSEOL4GUTEUATN5H5D6WFTSBKNA
6570,AF4MY4UBY4SQXL3P64N2SAKXKHGQ
6571,AF2FILMK26S32LJI4KIYEHBYI4PA
6572,AHMQPRFTGKTYGHVD33HSO7M7AMZA
6573,AGURVZT6YERME3C7OTQ6IGYHJBTQ
6574,AFVHTAKVZP54MFXHEDOU3OG7BHXA
6575,AGNKXC3EHBFWG4LHINORUNT4ERRQ
6576,AF2BL2SYVLQMJG2HKCJYM7PZPQCQ
6577,AGUCMDFZVOZIAMDHZUN7VGSNV4OQ
6578,AFTRSLUFHXJC64YMT5CWVFKAPBXA
6579,AHCFXLLZ7M7AHXFYBXGD3K2DKHFA
6580,AFOAVLCZMGESGJ2KOEY2NPTC6JOQ
6581,AFMF4VHYM7CV735HQ3CHGU7KLZKQ
6582,AGBBFNTPFZQ22MBXWICPLNKHOFKQ
6583,AEEXJ2N6NLQIDOKZLOIJWVCGKWSA
6584,AFMCJQ44E77A5MGZV47H6KIYJBMA
6585,AHSQJTVMJLXDOJ2W235WJYCGHEVQ
6586,AFEMFCGPKQIDH4P6NKBXFVJHAUGA
6587,AHJHU4K6VSVICNUTFSH333GSSSDA
6588,AFR7ILHKP6CRH37SW3YOKWMPAUCA
6589,AF4KRAUBZIAIOYEXBM6RUFXYN6ZQ
6590,AGIBRYPYPP3CWKIUDURJBHLJCMRA
6591,AG4HNFA6S4D4YHEHNECGCFB4EBOQ
6592,AF365CLRJME52YROBSONDDMOA2FA
6593,AEC6MD3E45H3FYERJX5ANNA3HYNA
6594,AEHDPJMEZCNPOXIDFUAP3CHU5LYA
6595,AFVYOUECHUANYIP464LMVI2IRFFQ
6596,AEUVGG7WNCEYQRPCOK34UGDKJ5XA
6597,AF3JPMD5NZ7GZKSRQ4ZQSNONQ2BA
6598,AFEF546QTP3Q5JDIZMNPWX4WM7UQ
6599,AF7JY6CDPCHN5U7ETFM6MLRJQ3BQ
6600,AHQIMPTYUWZXQ5FICRNW47FZQORQ
6601,AE6QXSUX62SOOSGS2Y5ZNDYPCIIA
6602,AGI2ZBKTBWAZ5WIAVON6WB4VJTMQ
6603,AERU7GWTUJIE6FGR265ZQGBDS5AA
6604,AFINMMSJ2COWGDJUYANMSOOVQ77Q
6605,AENCZKGOSHYXN5QXHELJOWOKHELA
6606,AFIO5M33HK3HK3T4QA3ANFSPZGHQ
6607,AFSIFYQZGKMKRJYD6KHYAI2ISBJQ
6608,AF6PDTYZ4WOLXTBEMZRAZ3OECWQA
6609,AFWOIFSL2NIFZYN2FQVQKQXWL3DQ
6610,AEUZBNRCHRNZFUECRVCJEDV6USZQ
6611,AEY5UB75VIZ7N7DTZYZGAGOLSGZQ
6612,AEI7N4ZTBJOQNSSBSXIPZZKTOLKQ
6613,AFYRUIEV56GG4WEU4JLKBJ4XQNRA
6614,AGR6C2MYMOALC42OE2GDMUTKR3NA
6615,AEZN2J5UU64BDMB6O3WYJHZRALXA
6616,AHW5GKXA6Z62X6KQLB66CLKUU27A
6617,AEAW2I6C7BCWKN6QI2HFYUPZNOBQ
6618,AHBEQQPBRQGYPWLPXVJ47S2PQNFA
6619,AH6HCCGE27PX4RMOPLWPDML5NX7A
6620,AESIUZ5IAC2VHV42TONN7QJEO4LA
6621,AFWMKLJ2VZT3OGHMCX2ZIAZM4GAQ
6622,AHNGKWQ2IMTLWQ72DNTZXLIMSWXA
6623,AESG44GHUZ3SBSWHDEFGEQ4OBXDQ
6624,AF4PW3CNSB6GZ3QUOPF6YXEPNTGQ
6625,AGAQFL3RIVI2JDO3ZCNZLSZZSZ5Q
6626,AF7B7Y5AOT5YU23PC2QHKGULSYGQ
6627,AFFZE7XXMYYHJJPZ7OMCBUHA6WDQ
6628,AFWM25KHXASAOXFJCW5UINLJGM2Q
6629,AETUDR352T6IAXD4TYLYQELW7HXA
6630,AHJT6VH6QE52JG4E5JTRKN5A6CIQ
6631,AHXQHKQCPYYNB3Q4JZHR6YPKR5MQ
6632,AGCXC6Q42YKVXT5Y5S6DCXH5DIPA
6633,AFRMNLK7OHPGT72KGGT5HIZ2WSAA
6634,AEOV6VTN5YUYKKLFZBZLQG54YT4A
6635,AFJCRGLPE5Z72AFNSUCQHQ3W3ZWQ
6636,AHSLEHHC4VPAAS25TEOXYNIIPLYA
6637,AEJOX5DUU6Q3CZWYATEGBBZO5WPA
6638,AGVXFGLZKKU44T5QH7QFZA7KWJPQ
6639,AGXMWOCWVMYZGV6WG3FKYKGOU3ZQ
6640,AG2C2UT7VK5X6CHB42RCJ4JGGA2A
6641,AGQFJ5BGF25L3KA2TBBV2R2NPKXA
6642,AF35YGVGQEAU6PAFZUIBLWRBETUQ
6643,AFH2I6MEW2EKJXKE5OCBSW3YD5VQ
6644,AHHHQNUDXCPGWPISPQX7HEEBEZ5A
6645,AEICFBBRBM6UCPG3NEWC76VYQSXA
6646,AESQNJZ3YASBQLSZA5VE2WIAVPXQ
6647,AGVU3BNY6OAIWHZFXFOBSCJPTCQA
6648,AFUZ2NOYZN5QVODNGEXPGNDTDMTQ
6649,AGMM75MVRRBMCBRTPK5QW25LK2AQ
6650,AE2P2TEFIUJ5KDX22VFCJDBKYCRQ
6651,AFQWSOPXWM35FJE6MSHMJKLZ4K5A
6652,AE5EUY46HYD7WEIA7V7VZA6GG6WQ
6653,AHV72SDPV33RMPSPGGMDVYSKWJ5Q
6654,AEY47UNK6UOL4PKAK2S646IAYIZA
6655,AHBAJHWK3JCKQXHUDWRPYT6GQVMA
6656,AGNUUASSY3MH6JPNQTGMVMWT4AKA
6657,AG5UKW2YNRGZDR3ECAVISG5KRY5Q
6658,AHK7UBQSAVNWNEAZ73MW4N5KTNXQ
6659,AGZENNAHFB374XRDDV6EKMCKRICQ
6660,AHPQ6FAMUY7MSDSDWRPSQYAI4DHA
6661,AGYATE774APJTTM5PHWQA4OHU3RQ
6662,AH5OLOA3U43UWOM7VD6USZ3NAGOQ
6663,AEH7XLFGZT2DNMSKP6VHAZYUVXBQ
6664,AGM6SXKDYB6KQWTE2FV6RTEZWCQA
6665,AG7UDBPUZ7XWDOA5VEULJHRL6LHQ
6666,AGLIW6FYTYKFQ53BMDJPCPRZJBQQ
6667,AEKEDU2PJKIJMCLCEPPNIF4C4CEA
6668,AGFWAIXZDZBLC6FOGIPREAPKSF5A
6669,AGJDHIVIVL2M6NIL5AHYUGY4R2MQ
6670,AGP6QP7OUDO7HDYMXS4M45OSCJIQ
6671,AEV5CHFXOKE6VXDQAK7EZGCXRIYA
6672,AEA2EATYXURZ6TQBYLTCYHR3YPKQ
6673,AGJK45S6362AOPMXVS6GCPE5AOYA
6674,AGDLRJY3OROCRJBE33UY3WIA5KAA
6675,AHZW42LJHE3KNP2JSBUWBXVAG2JA
6676,AHX2VMIYITF55V7CUCQ77PP2G4RQ
6677,AEHNDBTOEYVKQXRBXZL3DZVN4FUA
6678,AHQXBEPD3QYCVS27OPETSUN6MIZA
6679,AELJNAU5PPVNNKZ4ZUW4GQOJFATA
6680,AG6RAGBHFC2BZRKYPUP6DO5MWYPQ
6681,AGZIHYVPZPFONPWNPZUMQPVIKPXQ
6682,AFMH5ES33SAWUDJMTA437MGKIEPQ
6683,AFEAQE4HTYK47D3O4A4YLNSPSOIA
6684,AFSJOX62ORDB74CLOIRZP7AF7P3A
6685,AHH4AIHNF2LKR66MIZWDLTZM7KKQ
6686,AH6NHPAPC2TBQVY5AMF6AHRZTZ7Q
6687,AENTR3X57TMA2PN6O6IDFA5CXUMQ
6688,AG6F3C774FFL7A63CAGKGGVUHZVA
6689,AETMNPVRGXMSQ54BTZTH7RC2NHPA
6690,AGHURYKGX3GGJMVISVR4DHQVCWQA
6691,AH6JHSDUYYBEWOZSSXXB3ZFTNASQ
6692,AGDORAGVW4AX3PWPJ7TS3GGN52LA
6693,AHG4V25VOUWLN7O4WI3OPRTCXQ6Q
6694,AEAZLEKYLN6CZNUJEI2DLST6L2HQ
6695,AFZPNUTH2BNMXYEMWDDOGMPTB42A
6696,AEMMGAAAJFSQRVATGCLJDBQ6JGBQ
6697,AGMSAV654ZBJNSFVYHPIHG3EQW2Q
6698,AGBAD3YZIT5HCXIPCKMD7QWYWZJA
6699,AHENMH3JU363SUVZLDFKM5O6AV4Q
6700,AFERXUR5BYWGCWA2QT6APAA37YFA
6701,AHXH7F27DS452A7HPTWLFUHVIEVA
6702,AHASE3BEUUNQ7ONSQVFBJSPK7C4Q
6703,AFG2ERYVEFCIH4DA4VHOCVP2HZPA
6704,AGEHZ3Y53H7T6CGWVNEDLRBJRJSA
6705,AEAJGYWCC5U7UR6MZ7A5LIKK3ZCA
6706,AFOFPSJGEULBR3GOQM6U2Z4LTXSA
6707,AFZFKCXZDL4K3TKI7P3A4MJLXIHA
6708,AERGI354RNSS33GBNSVUMZ5ESNWQ
6709,AFFSL653JN36LHKBKSRUTVQFGFMA
6710,AEFEBSEV6V6VIWWHU53RFL2Z5WRQ
6711,AEUMNL5JKIDCRJQ5KKD2WOWV3YPQ
6712,AHTRLT2KI4WYWQRWMWPIHOWEANWA
6713,AGCMCKFJWAMTGNFGIXUVEBSYRJ5A
6714,AEYWNJGTCKT4P3U4DSQZJX2JXRAA
6715,AHTTJEVTW7ITWVXL3ZBMOHDV3SVQ
6716,AGPGI3MTTYYGXHBNBZZVF4NVQ7FA
6717,AGLYUJN3IPGXRCGJNT6OMR7PI2QA
6718,AFSE3SVANVML64WXV7B42KE2HIFA
6719,AFMKQHNEXKAXBJU6MDMILGQIMYDA
6720,AHSFSUW2KV5TZSHOLVZUMH7JQQKQ
6721,AHOMTYBTA5J234XLCOBPCEPSPTOA
6722,AEQCXA7IMCBUNTY73AVZGSZLQ2XA
6723,AFDLDXJR6M42P6IYT6WKBC2A4PYQ
6724,AHZEAMZNGIVZT6H4Y7HY44OYVPBQ
6725,AE4JPVUDKV7WWSQE7TY7TXP2LJYA
6726,AGMWLJQVRSOPNS4TYYTD46U3RARQ
6727,AHX6PSSDELAXCLLVXRQYVHZEKUPA
6728,AHOL3YUJ2M7CRHKH7N5DX5FMNRMQ
6729,AHHCNUKNI6ZHW5Z6ABTGYGXESYCQ
6730,AF2Q76FQRLYQSYS5XI46TEAPBMTA
6731,AHQ3KSGFBRYQR3WHM2ENSQYOJHKQ
6732,AFMIJAEZFAHDPUMNSODRWFG6OCCQ
6733,AHV3ADDXTLAYCTGQ6CGETMSLPXXQ
6734,AF7ZOAUK3V7ZVRJSLAR3ZCCVFRZA
6735,AGXD5VEZYV2UHF52N33JNYHBUI5Q
6736,AEQFOCLXHVVZRRCNMHGCCDXSCACA
6737,AGVY7W4JUI3TTSNRUGEJMVYFVTTQ
6738,AHQ2YRAAGKPULD422NAEI3CANDSQ
6739,AHO42HVI53MKRJR65JGLFFMWRMKQ
6740,AE4ZS6EFHJI3NQXXPFIKYW3WWV6Q
6741,AHOJYXAGECEO55EE52B2CAQKUX5Q
6742,AE4ADERQ73EW62YDFZJLCZLOR53A
6743,AELMTUI42MKGFQWYKW7H5JJWM5YQ
6744,AHJFT3IHSSMKGMVRBHVG6URKVB2Q
6745,AG5TKPG4RE2IYLVHVJSBVNKWBTEA
6746,AHXCJN3LKAUX7V7WJLFNEATDUGMQ
6747,AECDOF3OFNUELTNYPMF5BXQFKISA
6748,AHZUULLDK7ROZPJEW766GVJQ7ZVA
6749,AFXWH2WPALK4BURZ5SWF5G77QBGQ
6750,AHRFBIBVNHHB4X2PHTLAYIRUY5HA
6751,AHPRD2CMJ57FFWFZ7RVLDTCXD2NQ
6752,AHQKIDSVZSSX5PYTVP3ENO32WCPQ
6753,AFBNIHPWYOI2JMWIDVQOB2OPWZWA
6754,AGPIAROII76QWC5QTSVUAH3FY3JA
6755,AGF2GQ7Q47LC3R46EHLG3MPIDNMQ
6756,AGEEUIGZNNMHNSWDRQ4FHKKNO2SA
6757,AFYPHISXLTDUZFSLHKPFF4Z23NWQ
6758,AF3V3HWYEK2NGS4VXLJ2U6N3FKWQ
6759,AGFB4X32FS6O5PIVBIA2GSR2WN5A
6760,AHP2U7SC6WS7SY6XO3JKVE5BYDMA
6761,AFG6IZBYR2BN5YEUBX4TYX2RIZCQ
6762,AF5N3JUAU3FD3VNNTAS2G3FQZ6TQ
6763,AF54RPT343LPG3N5VB64DFT4CV4A
6764,AGNAR3ZBINVU2YVIEGWJ3GIXMNRQ
6765,AEBHGRHCV4GK4GEJT2IJGX2G2T3A
6766,AHWI5O3O2P7TDBWRKGMHC73DWEMA
6767,AGMEJ4YZC25K3M7U2TKMWXLRZX7Q
6768,AHWAF42TCMI4ELHQEKOSFWI7JZSA
6769,AHPCACG3GUTCWEJIAY633LUMH75Q
6770,AH3MRLYEUSK4MUXUJGEKSJXWUOIA
6771,AGDHXWN5EUIDANFSEXWDIN6SHKWQ
6772,AET2SO4T5UUNGZUBDCGSZ2UZ6NAA
6773,AHBZK4ISBWVZI7BU3GKSFPQZTBEA
6774,AHTQHKBU56OLRUR6PN4EXLLB4H2A
6775,AEVQIF7S73O6OO7VZY3GRJ7RQC7A
6776,AH7QGF4C46FJZAGZ7C5O3RFXCMYA
6777,AEXOWWCGDMXFK4POWFBLMKD5AY6Q
6778,AHL2M4VLTBT3MH7UQTZP2QQHPXKQ
6779,AFCEPYCDF5CZSOJSDMDOUV46IWPA
6780,AEZ55NKBGSUB324PPCXAQEXESNZQ
6781,AHFFGT4IWFDIHNPA5H252MCWUJPA
6782,AFSNC42XBGN5EJ4JACGYNV37UEXA
6783,AH3MH56I7ENOEJODW62U4WNOO5LA
6784,AFSNC35YD3YWB6AIFJPO5AWTF2MQ
6785,AED5I4ICMS3XHAZLTPU5IPPSNNTA
6786,AHSOC5SRUYFI2AI547FTNW3SYBMQ
6787,AHFVBK24AY74ZLMRCMRRZSI25S5A
6788,AGT6GKXEZAMGBDUXKMGUOUGSKTOA
6789,AFWHGUFTBLHUKD7SQC6LPLWBTW5Q
6790,AEI2FIWRCFBU2TBWSNCWCRVXTRBQ
6791,AGDKWDNGNGOXLSYMOZ5KFLWBDN4A
6792,AG6KQUQOPP7GSJYP2CYZESJDTKKQ
6793,AFWPKQQ6PLCCGXMDTOXTZIDI6QVQ
6794,AF44XJMUDQNBQGRZJHUVHWDGVV3Q
6795,AENKDBAN2PNCJRBI4HMGV6POE2RA
6796,AHQPROADL6HQQAT2CIJEQRQRQD3Q
6797,AE7NHKJK2SNUQO2X5EA6WRCPGOLA
6798,AFTX2IIATUTIBK4J24M2366S6FHQ
6799,AFHUSXQWY42EN2CNXMPBPNRVUDAQ
6800,AHHUDLMMQJIVCE6BVBPEWZQBLDFQ
6801,AEBN54CR7WCMHMUS66VCTG6JELDA
6802,AGAUJIMBVR7N4GY3P7ZTMSXYY5CQ
6803,AH5CJVIRN75CB3SGJIMGCLMIH5RA
6804,AGQCWDMRDNZOUFC3HISCCHILOZCA
6805,AFPFMIN6R6KHDL7XK24BPI2UO3MQ
6806,AEINWU643RSNECAZFRF3QHUIUBGQ
6807,AE4HKV4MRI5VQLPTS6J5OJCFZDTQ
6808,AECGCI577Y4UPQ7NHYJ522XG2DSQ
6809,AE7QZGG2AGXBQ2LMHPUBWXJBNCNA
6810,AH4DSMMKYKGZC2Y7ERGUHPIDGHNQ
6811,AET35XFOAXVH3T6E5BMTBNARVV2Q
6812,AHWDINYS4KWJSYQTLKABBWUKWROQ
6813,AG5XKHE3LE5AK5FFXQGVXUYXHKUQ
6814,AHGCXLEM5TFWDF3NLFSCCY2JAO5A
6815,AHLUPR7HPUSFJYT3TNKMJA36HWRA
6816,AHW3Y7G4D23T43RFUGTN4S526K6Q
6817,AGTOFUNFU4UHCKHBXWDAA3YKQJFQ
6818,AEIN66YDEROBJFCVMGU7QW5VQB4Q
6819,AGZUQAM3NKABSMSHWMT6DGFDZ2FA
6820,AFTVFNPMIFS3KZF64RNBLBOE3BMQ
6821,AFKUGOPFRDOTDZJNHZ37UJALZEFA
6822,AEK4ZJYZLYVTEUGRRG2W3QHDO7PA
6823,AFA5V4GY7RC6FE7PVLU3IEZ27I7A
6824,AGBTIKTLUW5VWIAKLTF4P4QNJHWA
6825,AHOS53LMLLNNDDOYNCIETM2LGGKA
6826,AFNDFYSARPMFF3Z56ALKN5GQCW4Q
6827,AGY3IKDI4BMVIWFORKJDOREWNCAA
6828,AFPHLXJK73KOQTDR6NDNYUHBYFWA
6829,AFPPXT7FF4OECMRYVJPS6S6LGM4A
6830,AEXGVW3LY53JI4ZQ4PDO5G56DREA
6831,AHT3MYIDWJ3H5P4XBBVFMWVA3NDQ
6832,AHAHI6HW27L75T75RAGHORCERZUQ
6833,AGCU3NLETEBPNN7CXCLDPENSKG6Q
6834,AFN3N2NGYWACTR4TT4KV7BXDKLUQ
6835,AFNTQ2H4QCOCZOTV5JRW2FMIDLBA
6836,AHZ7KCU6BWRW5ZV5T4MSYVJAETHQ
6837,AGUBPNGJAVIZAFQYBGQJ2NOOSZVA
6838,AHMR76TGVW6J3WBMREP6Y5MDWPPA
6839,AE5RXPPMMETF4XMUGHLBG7AH42NQ
6840,AHHPZ2SQFI7ACRB5AWIKRHKTN3PQ
6841,AFCZLDGGWFBJ7KNOSJARORRLDEFA
6842,AFS3JWVIUHXB5ZNPRIB6RZBIK6PQ
6843,AG6N2KRGEFDJ2ACBCKRYRJIHP4GA
6844,AFZF7UEGIORQZYTQRR4JKCV5BXSA
6845,AGVLGZK6VPTJGWGTVKLINSV3LWPQ
6846,AFW73EAKJLH2MVMDMNFY2NU4HMLA
6847,AHPNWTX6UP6OF2RQ53U62U76R2DQ
6848,AHY6CQWYPI6BET2MV33SRLHJKSSQ
6849,AHCHHPU7T464QMMXAC6WIXOZT2EQ
6850,AEL3DSO4TEW4WIX4UMEP6M5GZN4A
6851,AH6JEUSZYDM5XLKRKJF772HLQCOQ
6852,AHCZ3SUI2BCFCE22CMZZI7ALF56Q
6853,AHIAAV2CRNMCHWD44HOSTTRGTNOQ
6854,AFDCTEOTZP4NDC5CYFJADDDJUOLA
6855,AEHCIONFZPIJUO6QV2WKPXNHDG4Q
6856,AEHFPMPMTGCXNUP2TWXIOJCPMTDA
6857,AG75JHC5ZTOC7GLYKGC764HMONFA
6858,AFM2F6GYQJDWIJNIPHZTTCQHGD2A
6859,AEQO377UKPYOVFDI4TRVAYNGX5SQ
6860,AFW7FVDA3X7P6IGNMX5U6DBSWRHQ
6861,AGG4EYHHZVU6SPXVZJYSOZBGAJCQ
6862,AHLMA2KCWEP546T4LI2X2N2U3ACQ
6863,AE464UZHHWVCT4FYZO5ZBX5NVKTA
6864,AHRRNFRZTMG2GGAEE7DSO3N3PGVA
6865,AFEKXADFB7EW5YVAU23WGXBXYYZA
6866,AEQSNTJSSZGSWFEL7GCZERENJ2FA
6867,AGNXZG6KNVFTMBVNL7G7Y7T7NGRQ
6868,AHIBSUWLUMVQLNFBJHCURJJEEIUQ
6869,AESSKXPNFIQZZBCY5O7QI6T4IK6A
6870,AEK7R7FVA4UWRCUKODVUYEJR6V6A
6871,AHTPQBLQPF3WSLMLSXXA7BZ3GE7Q
6872,AG7XF4W7XE2CW5T4REBBGP2QU2CA
6873,AGEFIY4M3JNQWDS7XN7R4JCOKOEQ
6874,AFX6BAPR7QGY2OGJHYS6MF47L5JA
6875,AGHKXIIA2GF6URPWSCTJNY5PYUNA
6876,AFUO6672QA6QTYRZOTDFYMG4D6EQ
6877,AGXS23YXK2FPYFWALSY7QLXGENVQ
6878,AEJGTC6WYDJRLU2N2I6GV63NIYAQ
6879,AEJCFWJPEURTENDFMOZH4QJM2BDA
6880,AE77MPXCYF5I6DXISEFYUSDF7Q6Q
6881,AFRK4U5FZWGGVPBG4USYRIIBL25A
6882,AFGGE6R4JZ7BTE7UI6YHRC646UXA
6883,AFX2FAEVDJ3Y4UF6ESRN27QLXB7A
6884,AG3OLWQNCFJU5OWGZNDHSTS3OMVA
6885,AEKP5PKEJG5SEIS5RQ6HIEVM3NMQ
6886,AHACT3OJMLPBULI2NV72Q2YJJBRA
6887,AGJGJYISAXTB7DF5UG7F4ETR3WHQ
6888,AHEMCRDNBJF4JYCHIVU4AVDS4HLQ
6889,AGARNZYHZLXLQ3TRJDFBVM2HZWOA
6890,AF2TK5F3GA6EPB4IG77USITCX7GQ
6891,AEXI3DNP6NDV46A7MKHDQRLQ5BWQ
6892,AFYWTXDHYKAWRU3VTXK6HY32BFRA
6893,AG7XC22DSGH5U3V3S3E543GQPP3A
6894,AEM37LWDBIDGYYFJFXX5BILRNNTA
6895,AH36BSW455EPIYB5IRLEOQQQ5UEQ
6896,AF6S4HLVVE5AIUBBF6EQFW6QPNZA
6897,AGIKWWBRCZSC6IN2ZGOK7MSIUYWQ
6898,AGYIQN4RSUI2RXQD53OFFFKNTAAA
6899,AEGQHT6375CHOIXWNLUFT3COFZMQ
6900,AHHMQ5IB4WTTWX5FT37TBU7HYVDA
6901,AEWQQHUFVFUSKGIUJ7LNZ3RWGQCA
6902,AHLX5UNAVOQVRXUZR5FUL7OD7MFQ
6903,AGUFHNWL5YNVUDXZJHPLGBONERVQ
6904,AGVZ4GH6V75CCHLQ52P2QNNC67WQ
6905,AEJEC5NZFKGDEGJJPFWOFLKNPT2Q
6906,AHTBTFNBIBKKMYYHI3UL2I77NRZQ
6907,AGPEK3HAVHJXIA4VHAQ45IVOCBUA
6908,AHDBBRS5LLPUMU32ZT7WQELYMZTA
6909,AEYPWH2C3JKKGI4FIPNZWVSJF4WA
6910,AFSFH2GY2HTOJX733MNHBMKFSNOQ
6911,AFR7NFKCZYW7VC3JEMXM44VMDSTA
6912,AGUF2ZWNWRAEYWOC4W6CB7H5LINA
6913,AEE6UTDEPE6NSNIJQQUA74IFRY2A
6914,AHLRJIYGMNJGEUUSLDTO6NFTUNMA
6915,AEHI6IWK3V6BDE56U6WH2OKABP4A
6916,AERCK52O3WVL34HHJWNA3LXJPMYQ
6917,AFDN5YX4FFE6TLQ7LID2MNPU6HBQ
6918,AE5UADZLEAIMJZCGN32TWRGWNKHA
6919,AEIRQU4YMMHC3BDIY57KGRHJP3IA
6920,AGWXTPWZ4GQ5T54DTDNIAUJZ5JTA
6921,AGG5CRUSMCLBWPXRHKBEVOSBVTTQ
6922,AEXKMVXCLH2UQQ5E6RIEZZXHKMPQ
6923,AFXGBBXM64YKEZO7CNEOS7EBMXNQ
6924,AEKIO7YQD3WPNLCHD52X4AWISSDQ
6925,AHVLXSKQN5L32IYTBBMSXZ3U2LXQ
6926,AHM7XM7DHCIK5MWN2K4X2NYOZE3A
6927,AF5AKJXMSP7ELTZ2XHJ2TOO3M5HA
6928,AGVXGHK6RTIPMVPTKRH5KHDRINUA
6929,AEJE4NLNMCDRXWKPM7Y65KUIWTZA
6930,AG4RTALBEDX26OMY26MVNY3N252Q
6931,AHWJBT75EOLGVCDXCZA4AVBL4MXA
6932,AEVKIWCZWM6YTHV2VR3X4WM66E5Q
6933,AHCINPVCETSKCSWQ25YDAU4EIFZA
6934,AEILLGUJK5X67D5ULKCFGON555AQ
6935,AHTREB7JEPM7BLXCNXY5TWW563MA
6936,AEE44UB5KPBTUT4X5TKJN3JRHLCQ
6937,AF2OOQE2UKXUTHTMXWN7YJE3KOMQ
6938,AGH4L7ZNPUNOBVVJSBHX2HIVB4NA
6939,AH62X45VDBV7L2RKTRFFIEO5VTGQ
6940,AFYLOJVOH6USDQHUDAWMMPHMHKYQ
6941,AE3JIQG5OAL37FZCY5XAIB2NRYKA
6942,AG4U3M6UBYOYB3H7PYCZLULMWH4Q
6943,AG5NHUTJPTKGJFZVWMK5JG7CMK2A
6944,AGVWQ4WDWXAPFKSK5A33AIR7A54Q
6945,AF25WWX4IOUMACPEMJJF24RALTFA
6946,AGN7XL5FGE5Y6D65OLZNFOKJB3TA
6947,AH2R3GXLAJHMODXE7DMTU3OMCA6A
6948,AF3HTV6WJBHJSX3HKXU7EMUOQBVA
6949,AGJBO27R3TIQHQQJET7WRYVBINUA
6950,AFTB6LZEE3CT3NV2N7CQTT7I3FQQ
6951,AFAOIJ2GCN7DQC5UPGN47U6KLGQQ
6952,AE5BYA7Z4C4BYQDEAJZQYV5LSQ5Q
6953,AF5OSIUTVIF5Q46BIQMDSQI6TYUQ
6954,AFAF5EQQGFAGUGTVZ4YBBJLNVRBQ
6955,AFBQJLZXJD5M3C5NPR2P2IUDSKRA
6956,AEKGUXPXN7DLITYM2EEY74V4IE2A
6957,AHL53P2REN4XUMODGZJHGMFVFHJQ
6958,AGNDIAZZOFLXS43QFKTYRVPGMF6A
6959,AFSCYRG2HWYIPQ2FWCECKYIQULLA
6960,AGD7COG7OK36VBNWWO5X4F53JJXQ
6961,AF25BVRFMQP7QC2M5WDAWI3PIDXQ
6962,AGLCKC3QKUKSOI3ZZ5MJUM2ZISLA
6963,AEU24RUKONRA7A5EGGZXFUG3ENOA
6964,AFX2QDGKGT26D4LROE3MKNPUBEGQ
6965,AGTTIXMW5WMYRSHASPZZH76DOIUQ
6966,AFGWXJEBTKMWXU5GMDGSWQ3HFVIA
6967,AFHOB3T4HV3QXMKWZYMLG2UGILGQ
6968,AGBFRKTMGXPFXUBOS4T6RXK5HBXA
6969,AGFSL2ALYKQFAOPV6QV2EC6CS7DA
6970,AEOGVQAJS6CQQ6NYINRBNU7YKPJQ
6971,AG3AYIKBT2GQPRM3ON3OO5OCD5EA
6972,AHKFXNACIERVPAGAE4S225I42PKA
6973,AG4ZUUMKL3AQVUZJCPJ2AGT2SPTQ
6974,AFHZJRYXPGWTKWYW7O3DFQGVW73A
6975,AHWCMU3DARYIQLC3V2SRPF2BYE3Q
6976,AEQ5LHWVMBQ423TMZCMCCD7CFCMQ
6977,AEODTG6L3LFVPHKTVTYEL5RENSUQ
6978,AF7M3LFVHDN5HE2U7WDQVDW5R7YA
6979,AGCSBILDGHGVGL7ME2KJDUYG62FA
6980,AFPQZ3SW72PB724JKCSLMFUVUQCA
6981,AFDRMQYBYZSIUDTWHQL33QCGROKQ
6982,AFG2FCVZM6MJGEY3DY6IRCQREW3A
6983,AH7PEOUIQGFQ45IUUHJNOPV3J5KA
6984,AFSNEB3YJEZILXIQACMKVQEB6EUA
6985,AGPNNION72YER65XJSR44YFAPKPQ
6986,AFA47BNJL3FP3Q7DK46LJLY4YGNQ
6987,AHXX2TPJFIW24R5ZG5CP5AK5CYGA
6988,AHXB76WXFNYMZM3XPSBTSRADYLEA
6989,AETPVT5HCQOOGGRVSZOJYYALSXJQ
6990,AGMXFLYQSFHF2HSIXKX5EELLQFIA
6991,AFMAD72AVN4HKKAJ3UC5PYZKXIUQ
6992,AH57Q2YA67H5KGR5IXGJL2UYIF6A
6993,AH7D3OB65BOK5PBE5KSMSY6PDFAQ
6994,AHSUORANDGKNEKNPN5G4KHHTQGBA
6995,AHECKHUJLGADNF6ZHDZ2BYYY5M7Q
6996,AGINDGTRSJQVVSNNGHLOKX5L3RHA
6997,AFU7WZHJM6IOPEZEIM4F2TBGYVLA
6998,AE3KZ5LROVXGBKIANGKVY3SVBWSA
6999,AHXN5WCRTVBDS5LTE4ES3NBXH6VQ
7000,AG7MRAVKTFQ3ZW6E5POZIRR7EYHQ
7001,AFSC7DPGN624KE7CDRNAP7KA2Y5A
7002,AFT7CRVHKNYCMMFZJIA5BJRXVKNA
7003,AHP7EP4IU22EHKUCRP4AR3VVRUSQ
7004,AHPU2SXO3LVBYGETOKAPDQFCEF5A
7005,AFU7ADLE33D4NOVXHQ2ZYROIP37A
7006,AGLUMFUBQPQ3DUUE25CAAVS7OQTA
7007,AHJGLJQC25QDGSEFEAWRT2HJFXOA
7008,AE3V2UTKFEDELPYYVVALRLJ3RHDA
7009,AFHHXP5GAEJQFVN2RQUILL3LMU6Q
7010,AFGKI2AKF6XXEPRNAHFIHRHB2FBQ
7011,AEDKN7CAR45U3PGP7UWT2OUXLYUQ
7012,AGLEDACUJI2FQ7ZNG7PYVZCS6D2A
7013,AFXECXMKON6T2OFK7EO2QVRE3HYQ
7014,AG735SMCLFDOU5CVM2WWPUYSGUNA
7015,AFEM3M3ZTPQTH5OLYRXNPQ5XJAWA
7016,AEKJIDBUEYQ33LBI2EMUSH26GDHA
7017,AFAZLV3UFC44ZO76MANJAOCLNCSA
7018,AGUFYJK2R2OLH2FKCCP462VCC2IA
7019,AG53M5LC67MX7TKNUTV2IN3FHI4A
7020,AEU6OOSEMKZ6C3T6GZVNZOE3OXEQ
7021,AHMGHLQCQ7H4MCPTEYHEVAQDWUBQ
7022,AHP74ASLENUOSIKYWGCLIMZEXOHQ
7023,AHOIMQR6LX3JUYGFZDMWBXN3WKDA
7024,AEO75RZX7CIHHN276X5GLZZNXUKA
7025,AEYN5JGNIXWBPTQLOI3AJIP7LG4Q
7026,AE7FQXFVMDN2PHLAPWU7EAE2UJPQ
7027,AHOMKC6GJQVJYIUNHFPTBLJXMQ5Q
7028,AF6OTE3G7THUUL3OHXGC44EDKO2A
7029,AHSOLOFN6T6HOGUDEECWN3AXRL3A
7030,AGFTAWZ22323HMXG44O4HMUKXNQQ
7031,AHRVSAY3SYXZCTYJXAY6JGP35ADQ
7032,AF4LBXXRUII3CVJJ2QVDO2H25V2Q
7033,AHUCTVUN2LXHC5FFRYMRSARFZFZQ
7034,AGLI7U7XJLWMRXMYN3P2K7TPTDBA
7035,AEQTYRFJEM7W5YGTKYSQL7C7625A
7036,AGZ53BXVJBZC6XOVOTVDH5NVK2NA
7037,AEG6G3MYJPHA2W25AC6EZ3N62LEA
7038,AEQPH6IQSGEKRHNPBCOMF5VKGXRQ
7039,AFBP5DDM72FLZEXPOF6BU5TJJLAA
7040,AE6PGVKWWV2PFXKLAPRWO47E75TA
7041,AEMYD6GXBTGJB6DPVDXQ7H7L4TAA
7042,AGS7NONZ4YWW4KQ4XIAXCRYZT2YQ
7043,AHNIBHP52XINVBGZHWP6C45QUOVQ
7044,AFRUXO6I7I7MSIUFOAGL6TSFR2KA
7045,AF2T7AMZRQHGXP4PN5QRQ5I3GQFA
7046,AG4LTHJV2I2JTGSGCZO5VW3DCX6Q
7047,AH2INGEC4VTH66A2EOXKCUMHSIQQ
7048,AFRWIML7ZRMXPEZUPFLAHJU7NOAQ
7049,AEMUWF2R6GPER4XLN2NJ5RGGHQ2A
7050,AFIINCQ4WYM522HQURBIM47XRR5A
7051,AEQL534OWTNATFZ2URCJEUF376AQ
7052,AGBTRWT2BFS2DKZS4S72J7DXIITQ
7053,AGE35U5GF6AFTHEMFFQSQCQU5WKQ
7054,AHJUZ7JB2IISGIUQPTLECL36QLDQ
7055,AE4LYGXJU32DZB24EAM4GIIXQ6PA
7056,AF2CR7ZL6QG4AK63HCGWFWFDDJYQ
7057,AGMXWSNB6R2GWBVF5TXJSQMALFSQ
7058,AELRO73AHFZFMKPC4JLOF2TTU2HQ
7059,AF7FWNXGPU3ERIWV5WLONJIZ74YA
7060,AGZMF64JKEBIPARIAYR7GXVEWDOA
7061,AF5AELOHJNCRXZNO2ZPNA7Z7TEIQ
7062,AFTDQRIMVXCEJZQ5MDZU3A6YZFTQ
7063,AGW3XWFLZMQPJ2YEMQKXOBHKJX5Q
7064,AH66KEU77AWSSXOZXPSQIQARYPKQ
7065,AEQET7RZPYCOWWENZCESYUPUMYFA
7066,AH2QZR2MK4755QEX2RRUXJVUVFJQ
7067,AFPRDNSAI5Y6HS4ZZYHIXBNIDDLA
7068,AFRYOMDIEYOC533NH6Q5TZVHH5EQ
7069,AEZU2PQ3FLPWVMZTZRT347QW7SKA
7070,AHCLCY3QWETACJAASPRTXHS6QAWQ
7071,AHAW5G6N4OEV6YNNRDIHZJOOGLSQ
7072,AFHUBTBJF3WKYQAWNVKUSQDAPGDA
7073,AFUE572Z2ZXPBCARBT5PF2CJZALA
7074,AEZGSR72QV3GG4IVKXLP4BDXUFFQ
7075,AHC22P5P7NP6LPANC2PWPIZS5PFA
7076,AF3LC2357EYPYUDKLOUW2G55S75Q
7077,AHXCKWATNJDXL7QSFF3SZ4BCWMLA
7078,AHSIMXP44BKACCMECNIKYBHUX5CA
7079,AFKESRBL73ZWWBKZZ4DXQUR4FQAA
7080,AFU7DVANJQZEMB64MBFOEQADCVZQ
7081,AHYJYDDOOA7EZF4MVF73UCJMHHJQ
7082,AFLFMTWVSKF324E373H44QYOPXTQ
7083,AHQIAJHUSI3YMIIY4VRQ4QNYFXJQ
7084,AG6PEQEMML2K6NI2FI7MR5UK7CJA
7085,AF5IE7UCEW27VP3UK5OI3GVQUK3A
7086,AGKFMNTJNBCWC7ZPI4QQA7F6XJDQ
7087,AENEBRZGLQ6NUHA57IVFTHLXIVMA
7088,AEIEKDEUXSJIN53WYTVC7UZE533A
7089,AHZLTDCNKTTJUTQB4M2TLBKOUBFQ
7090,AHPG4MK2ZWTTDEDBF4UZPXIM2WCQ
7091,AH54U43H6BZFD6LVRFI4LTXKB43Q
7092,AFQFFII3IRJ45XN3J5LS3JN2C7ZQ
7093,AFH2EK5JK3P2AUXESOWL73L56C3Q
7094,AGADDUXFFXUWTSPC34L7SN3GPIDA
7095,AFT3TBMJGYIJ4IUMPAICJYCDBUTQ
7096,AGQLYLJK7H2ALE672THV5QGXXY5A
7097,AEUW64T2NSCJV3BXQ37G4PEV3JFA
7098,AHEQXG3HSQDADL4OLFLF4RN2BNSQ
7099,AELY5GFSO3KWIJZTCBEVF5WGUN6A
7100,AHX2XBRUV3O2GLEVOOR5PT4V7YDQ
7101,AFZIAOYRVGG2HC6HROS7XPFJKAHA
7102,AFRIGBN3E3NDBEJQM2OZV6I2K72Q
7103,AGYRKQLOE3JL7AKTD36XJXIXBIFA
7104,AGYOGWFJFTRTWTFK23WHEEZUL44Q
7105,AER67DRCF7LVLMMUL3UTNSLAXYRQ
7106,AFOJEXGACRQYMCTTJE4VTFOGLSAA
7107,AE3TIJP3BHAIVVUDZ46OVIFTSKOA
7108,AFGXX75G6D4PVLH4VUGOS2DRINGA
7109,AGELWNVBA3WRO4KXXPCD2MG3BNRA
7110,AGTTJJWQBD2S5PGBWEXUAM7NCRJQ
7111,AHHPIDN3ME5EUG4UVQVKQGEKLCJA
7112,AGAHIJ25RMSCGJ5VLQF2YDXUSWEA
7113,AGIVHJHOXWITAHU7L5XPMB6ZDXOQ
7114,AF2D5OVW2YGGBYI42HDJ52PMDAYA
7115,AGLIMMJGIS7FQ45JX6EGXT533GVA
7116,AFMKJ3EFNBSNFHKLM4TLGGMXJ22Q
7117,AEBJTTMFKCZ2P5IH55TM24PTNLNQ
7118,AGSNJP4IF72HQQV2FYC5BP2J3IQQ
7119,AESE7L4ERA4EHJDRZB7ROSO3MJ5A
7120,AGRSWN2P7ZUQFQ7XCOBMOKUCSBVA
7121,AFOCTFKAIV2FMWHRBOJLTW4K7JJA
7122,AGYQ25JARGKOSZVHDWBXPOHWUFTA
7123,AFENK3CZBWIZ5MTSXXNNMOXXZ6DA
7124,AHMBCMKTC2XDP6WX74CZTS6GKHDA
7125,AGFUMENTCZWDU76D44NMYANGGWFQ
7126,AGCFAUV437NA5YR3PWEBME7NQWXA
7127,AFE4FUDSPZH4LR3TQUWK2UANKZDQ
7128,AF62MKHHVDE72UPEOZDLBSAVCPVQ
7129,AE7OLUWHP3UUFE3S7KYV76WWCEAQ
7130,AFVQ72I4QX4XBK6UOS3PZRPDVD6Q
7131,AFNTZRGROUUNFHBDVGNIQ776H7CA
7132,AEDWPPT5QD7TBUV4HOAN5HB2TJNA
7133,AG6NTAPFEDVD53XKRW5EYBU3WVQQ
7134,AHAJH46HSS4IIQBWZDL4QSUO37WA
7135,AEREPTLTJW7NISGK2PBK6ADOEJHQ
7136,AFFDIOGSPZR7W4S5MYOVTB5MUQMQ
7137,AGUWFIRYSSJKBWD36GP3FKLFGHZQ
7138,AEFDXJ542CUK5YC3FCMOFN3GLRTQ
7139,AE2CRFVSDY77U3Y4LGMMABZ3UG5A
7140,AF7P4SDEVBLDNYVACXKTRUI2E4DQ
7141,AHFP7NAOYZKMMY3VDK25GZNWXBRA
7142,AF7VNCVGEADSJHSVF4PMHA544AEQ
7143,AE77273WEQ6BFQQQEBONRCAXMXXA
7144,AGFMGSQFOC3RBL7QI6HFFEN5F6NA
7145,AHZQS3BFREWEHUHGE52EAJXYSUGQ
7146,AHJG3UI44CNMWKRA4QVVJLOSXDJA
7147,AFZXZCVCSXIVVXQE6DZUEI5TTXZA
7148,AG2GVJ7PD44CE6X7QRAHKPME5PFA
7149,AFPBMQHEKRXCNVCYZL7MLKBHAVUQ
7150,AGIF3EYF2R5KYOBDTH7LRWFHMZYQ
7151,AEEYABEAHAOMDNUDD7NQ4GGFCG5Q
7152,AEOQ2PD3JHHVYV6SO54NGVACITLA
7153,AFA6ZA5CCQQNZPAWZYHCGCZ3CZGQ
7154,AH65OIKVEE5B5PGUTSLJT3I5OMRQ
7155,AHKAJCOGIU4ANEVTDOMGBZREMKCA
7156,AF36VGTDWVBON4ABGZ3KIZNCKHDA
7157,AEBK2ATHRFONLKPATKRVNGLEFUAQ
7158,AFVOS56SNXCS7A64DBS6DAJOZNFA
7159,AFUD35JTMNSJZFJJ3CSTP4RVN6BQ
7160,AGBDMWNZ4ENKXJXMER4GOUI6AVUA
7161,AFQCJXUTZ6ZC6M3757ERBEAM6WXQ
7162,AHH3HZV5COARKZN4UU2PJJV34TRA
7163,AHW6VTQEKHBAXQISTRV2DHIROFHA
7164,AFXCQHRHNRQCDGPKRIOV42AI7CMQ
7165,AFVZWZFDBW6MXIXX7ZLDWSYLYJFA
7166,AFGMPNDUNVYLFBUBYZQQ4L6NRBZA
7167,AGAPR3NDA7QEHMXHEMELMLQJORRQ
7168,AE6ZKQOZNV7DYNH4BCLZ3MV6OOBQ
7169,AFHIU6NFHC2EDA5BMQQPAMCEHPCA
7170,AFKL4ZVZLQEVLXPFMDMVMERSFFGQ
7171,AHSYCOTSOCZG6E7F32I4WDPWSNZA
7172,AHNPDGJPWLBQ2R73YT6FF2PMUE3A
7173,AFKUVAJ3ELURJVZMLLJTCJWBBYQA
7174,AEK6RVPSQ3RBQLCDNQZY6PZM4MZA
7175,AEPQOBBB3WOMSYY6AQFI4CV253FQ
7176,AEPYNLVTUDMEAIXVJXYMCMUT46TA
7177,AFGH7IH5JGHY2GUFD2GBKYJYKXMA
7178,AGBTHAEWIMGDVJGGL2WX7PYLE7JQ
7179,AEYBADQIP774HIAK7JGLA5WX674Q
7180,AHBFV5CRD2VTZSY7F4MI3SI6KUCA
7181,AGPJWFNCXVIOEZMENAQLEL5DRCSA
7182,AHTEEHG7HMCV3CTZJ5QDYXI4OQFA
7183,AFLOOYGIWEDOJMBN23E35NGB2K5A
7184,AFFHS4SQGSXSY4O4Y3ODO3FB4DFA
7185,AHWWV35ZTXXF2AJBSUSGPJOIINYQ
7186,AFP2ZGQBQTEM3DTDZ2P3CIQMF7EA
7187,AHZMGKAICSVPOZCHSOKWBHZG654A
7188,AHVUI2465NUEHWW3XGDQCW55V45A
7189,AF7R7R6YRUKYAMMIEEZE4FZ4KSVQ
7190,AFXNM63Z555MQFFAS2R6NRHFUYAQ
7191,AGMIT5SALWJLBZXDQCGQWJOJCGIA
7192,AHA3X54TX6JZIBUYMGNF2NUWQBMQ
7193,AESAOOOKS3AUG2YRZTBBB5ZPZXAA
7194,AGO65YFRWM5HB3CRTXQ2XOT7XIVA
7195,AHWNQ3FMOV7GL24JDKCJH2ZJA7GQ
7196,AFV2YHYMHFZXMGZEVGOOCFFJRNRA
7197,AHR4PJPMLIUA4LDSGJ2J5Z5DWQMQ
7198,AHOAMLOXRZXQWD7MAYIPRDECQHVQ
7199,AEGEIDCKBHVVZH67XZ6GE3GO5BEA
7200,AHBXV2Z2WGL6EWSXJTNUGWS2UXDQ
7201,AEE3AFIJ6FNKXGHMZ5PYZKXV5REQ
7202,AHL6DRGVQYJXIZ372GQANE2IMONA
7203,AFISM6DXVBTAJWNWKR3AW5ZKPCWA
7204,AFPXZNHTTSYAZFF5OJWP6BJ2BBPQ
7205,AHJAN6GTM7RZ7AKMPTWZOLZVAIMA
7206,AH33IBAVJOX5MGD56VQM2QJ7EQFQ
7207,AFSPMA7GYCIX33622LR4P5YMSIBQ
7208,AGJCRZWVFKRRQUU7Q6YALFX5HXOQ
7209,AE465FAAHH3V4DW2JAPNKKZSYHTA
7210,AGX2OS266W3K7NYA3DNC3AOTSTKQ
7211,AEJJLOUADB2H5BSE3ERTWGH5W5DA
7212,AEQNBD3HF5DZAIMTUAPR7M4VYVWQ
7213,AEMYAEJMRY4222Z5DIJKZFB67JKA
7214,AGGRJN7AVZB2U7LQUXBU7HJHBFIQ
7215,AGGVLU6KXPZ6EY67X7JN6MG7ZLTQ
7216,AHQWJQ2QP4E6XENTJUHQEOJH5QAA
7217,AEIXEUG5QRQAZCEIQYXAO4NVHR2A
7218,AF3OPRWJ5A2HHIHLMQRLXU5JGJIQ
7219,AF7LPHDH6WE6EZWRBZXS7KGYSM3Q
7220,AE4JOGFXGUD5PWZDDPNISE4GVXNA
7221,AF2ECVTWTDYBGSQRD45VA3WDRN6Q
7222,AHVUIHI36VTYKYKDAIG7C6UHDS5Q
7223,AGPNDGZXMU6UZ7MYNNOU74WZPSVQ
7224,AGM52WBX6OPVZHEXVRCSGF6RJLTQ
7225,AFGCPEJGW5DLNOTTQ2NSUAR6DSMQ
7226,AHWKVID2QUAFP4VSCPJZ4R3VEBNQ
7227,AGMXAMWRBXTX2MP3GDGVWJJFKCGA
7228,AGHKGEOFIP2MZ3MY7OPH2AOWDCAQ
7229,AEBQTEHNWP2MWYWUG7EHUKMVDQMQ
7230,AEXZGP7Y27XGKOF7BE5NR33KXZPQ
7231,AEONBZCK5M665A2NKP3HMHD6X6WQ
7232,AE4UTKAUL37SCCUSG4O4CISKOPLA
7233,AGAJVS3KANE3TS6YTN77GQOLYIMA
7234,AHLDY4G4HFQUIZSPHCSWA7N4GJ6Q
7235,AHJQAFNCASAF2LBXJZYGOMD7ND3A
7236,AHOWD4WFCYU2SARZL7QQNWQLQAHQ
7237,AHJMXWL53OTQZOAAX44J2S5NUD4A
7238,AGGGUKKBVWCVFX676ZXSQADAM47Q
7239,AHBJB2RNIAHLRI3IH4LZALZ2N5JA
7240,AGAZ6JETBXR3VZXADPNBXM2HBFIQ
7241,AHGWO5Z2W7MX44O2TK3I6ZCPNRCQ
7242,AFCRZM6PFPHMMSALJUMD65D2ZJIA
7243,AH5ESHUB3Q7MXHMTFTNMQHXDDBHQ
7244,AFBTMPJ5UFZVPSOPM57WIN5UEOVQ
7245,AE6J55JEI3QUT744LCVZ3MTCQ72A
7246,AG2WNZMIOW4OO5MS4Y4IXLOLEH3Q
7247,AGTI5MKY2EY35F2JZW25BA4C62VA
7248,AHLGLY7UAJMG65XLYDPUKNQECUHQ
7249,AFM6LBMYKWWWPARGYIVESRGGPRDQ
7250,AGP5FEMNYUCKAANVXKXZRLBOVY2Q
7251,AGNWTPHSB2ON6OEXNZ2MHUI4G6XA
7252,AERYMAFML4XEGKBIIUB47QX5RXLQ
7253,AGPBUKHKVEMFBZFXLGWSHFIWVIAQ
7254,AEIWEFSCKDLAWVYWCOMD7CPV7SKA
7255,AHZ2HPVF44IHQLVXFWNQJXRX3L4A
7256,AH33TWCYPNZN3MNKR4ZXR3PKDMFA
7257,AH3GD4PMP7OSJGS3ZSSAHWBEWSCA
7258,AEQXA7NNVEXVPCHKB767LDTXQM5Q
7259,AEDBY2MGOSAU4JNH22T66WJX7EYQ
7260,AHKGLEZJL6CADEN5M3IORJ7M6IYA
7261,AGYUJ2VJ3OUPEBTENDCDHAKPIYLQ
7262,AGBOCWT262M77Z54QEB5LAGUKMMA
7263,AFDZ7BMEHME2DFNP2V7E5YVYMGNQ
7264,AGVSQPFIV644J5HAR2WWRG6HGYAA
7265,AGSTZZYRS543LI7GJT6RDCYYM2LQ
7266,AG6GF6SNKWZ3UKUI4BB3H74Q4MFA
7267,AHKCX3A44E3Z7RYQ726A3OUQLXSQ
7268,AGQKJHYIHRXXKQT2OZBQQYGFIOYQ
7269,AHQR2UCKSYO543KY6UKILNSEWYPQ
7270,AFH72E7GOUFLCSQ32PYZ7ULIC6TA
7271,AF3XZNUXPOLLO736MAGZMVOO7PEA
7272,AHY7NXWUT4E72JYJC2Q2ZBAF3TCQ
7273,AGYSY7INMWZJYDZPBC2UML33SPGA
7274,AE4HU6ENCP766XF7ERC5PJXZHYCA
7275,AFFXPC4MG3DXT64INV6ZWWD5HFSA
7276,AGXXVPEXKMKGOGB5KTOLC5HGY4YA
7277,AHYJFRNMMIIYO5M7RG22ZNZH6DFA
7278,AEE533UZHDRUEB6T2SCOS65FEYLA
7279,AFEST5REWBHMEFOPSJEK7J2TZVHQ
7280,AHW6L6SEEAWQAMLXUFDJ3HW6RYTA
7281,AGJFHMVFRI4EBKXVZ7LFVWGKQPCA
7282,AEAEJM6FC4LGFSFNVJSG4SCPKNQA
7283,AHC4C7OJLX2HNU4WR2FDGE42HCCA
7284,AFGVGF67NIUS2UACLVLR6UXOX3DQ
7285,AFDXRNGMFEN4G2F3QFHS63PMZTGQ
7286,AFMXDAGH267K7FQIWQMPBDMIESZQ
7287,AEF4KOCJCYVZNZVMWOYK35FAKY3Q
7288,AEXHWUE6IUG2LCX3IN6PTT53LOTA
7289,AFZCVEGTAMSEE74AKWZ7ZGZOCWDA
7290,AECWENKU4GZDIHLCT52HCSVSG3SQ
7291,AFSUNJ4V7HG7JMORZLEK3WJG6R5Q
7292,AFZFBO4RVGO34MQCEH7C7CHW3TRQ
7293,AFCBKMYKQPWCOHY4YHZNCN4J6DDA
7294,AGZD6DFHNGMUUFXTFPA4NOSIALSQ
7295,AFHEFSEYCA6RRXOCF64ZCQYXK54Q
7296,AGCTOU6UCWE4B5OBOHIZ3GN6ZHKA
7297,AEHPMYPES463RKWCHMKJEJUHDUDA
7298,AH2ZC3SN5KZ4FMNQF6R6AEH7A5IQ
7299,AGQOM4GFPYPBGDLAAX4ZAYMLRLOA
7300,AGBGVQBIKIN6Y422WQAQESB5RIAQ
7301,AGXS5IP4TROM2QIGPWX7EGC6FPAA
7302,AE3NFXVTOYAKBRQMRNYWSCXTXP4Q
7303,AHCQ73XZHMYUYXQ3GWHGWNNVRZUQ
7304,AGIBAVUR2JMG4GUCWVLAN4YB7KIQ
7305,AG5SJPB6QGI525QLTT4M6EBNJPVQ
7306,AF6B75LLPKHSZW5V65RORS27I56Q
7307,AES2X4EBQEPSU4ROIDUZGPQC53BQ
7308,AEJAQI4D3YVL6PMIUGGZ7H7TGMRA
7309,AG6Z24RSSG455T2EXBQUEWEEU6FA
7310,AGKNLNBQBBPPAMDRI445DYNHXN3Q
7311,AFU3NOXFLA7N47KSTJMPPL7D3ISA
7312,AHTGWNVXLZRZ362WXVEXPQRD3KYA
7313,AFOJ2TYYJB5FJE65GRR5EXMP2UEQ
7314,AFTYYPK2IOXIHEEFZPO7QZNRIRTQ
7315,AGEGLAOFAXCGAQ6IXOAYAGVXGMLA
7316,AHK4LZQBZVYGDXE2NAG7M3LRXHFQ
7317,AF25XPRGIIOL3PYW5OLA2MWH2ZQQ
7318,AGKKLEIOYBB2NIFYNPTCNQAY5OMA
7319,AEHAVFQCVEMGTOJJTPCNRTICSCZA
7320,AHZ3OTDRYD72NBYZK2L6OZ6NATKQ
7321,AG7GQ5S5E4C23LX5WTGW33LEIAAQ
7322,AGKFQJKL4CZMU5NDEQHTYKVWJX6A
7323,AFL6IXEIB667IFHNJ7QTV5QXDKWQ
7324,AH23BSO32C2WXY5LBNBQCR5W6ANA
7325,AELQK3ZKK2N66CQJPJS25E5MG3JQ
7326,AHDE2DTXTAUISYCBJ26A7D75PZCA
7327,AG3ZU7EYMZ7MS23SEJ6A6BNCMTNA
7328,AECFAJUCVASGZFQQNPYUZPDHXICA
7329,AF3VKXT77LZHL5CHFUSI6VPGS25Q
7330,AHSJA4TBW4MKZITBSGTJNZDPINZA
7331,AF5BK5P7IWVHGNPYUPJGEAU5R5RQ
7332,AGMCABGHCQKOEDYXGY3DD57IKISA
7333,AE3NFPFCXKMDO5AXGR4KWG44LURQ
7334,AG2V2M3RXMORIJJ2CTEXKANC3AWQ
7335,AESA5TTVZS7LJ2QDULBWSF45LEXQ
7336,AHPCY4SBTKPJVLE6R4BYUEA3WIOQ
7337,AFSIHZM5GR574RETJDOGITSUPZWQ
7338,AEPQYU6WGD4RPUMHSZ4YXQE3IQ4A
7339,AGP6B7YDDIGGCFVROSXQEG2WCQSA
7340,AG2ZHTMCFSJM3UHWBXIIOXJN3ZFA
7341,AE6VFUYSGEQJSP5MPYEUHOHD4DGQ
7342,AFZA5VO4HHRA4OBTISULFA4TUYEQ
7343,AFEI3H5456GT4AHAW6DFRNZBPK2A
7344,AHPQYPKFWLQQISCYQ2WUVIYVKWLA
7345,AERFGABWQVLN5BNKIDTJJIFCV4PQ
7346,AGVNM24UCML6WHXL6QYKUHO32XRA
7347,AFQTOVJ5AW2IBNQ5LYRCYY6G2D6Q
7348,AGNFKMHIOVRAXNCLJ7FWAYEUJ6HQ
7349,AER2CZIUHEHVXTGP56NGDW6GMD7A
7350,AFE37FHZFVORWK56S5JQIBMA5H6A
7351,AFBTHFMZQA2VAAXER57XNBAD4ROA
7352,AG5S6LX7GWCLLVF7WL7UY2WHEQXA
7353,AH7XX6UKZRINP2E6CGIJ4XTHGUWA
7354,AHI5ZIYCEH7VD2GBRKRW2YOYTREA
7355,AHDIKWJRAPJRHGNZJD27MC632BRQ
7356,AGCCP2CL7KKANQGG4SQF5CE7J5YQ
7357,AFILLXJMUZXWLPCFOGAOL3FCRWRQ
7358,AGY4NNVHRTIHN4DTS4CU26FYFOCQ
7359,AFGFKEZIDIX3URQFWX7XLAVJZSSA
7360,AEC7UJCAPODINOI3ZXITH2IHS7EQ
7361,AFVLDUAXQR3OHSJ6DIXA2JLXHZKA
7362,AEWIQ5JFVURAENOOMFX25RORRXAA
7363,AEWDINILVXK62P4WYWRXTVRCPBTA
7364,AHATVIAF56MDRBDMLOXS5QTZ3RTQ
7365,AH5BQN3WDH3OHLT5ORYO5E4CSGBQ
7366,AG6M4JRW5PW3UOFDD7WX5NICIBFQ
7367,AGZIYV5TKCWBYHVSB65GPBEDJKFQ
7368,AHVIEVOTWC5LOIPGYEXETHHWZSBA
7369,AEPUUAFBRKVT5TG6XY4CKJFMY4HQ
7370,AEN5LJIGMXMGMO7K7HXS2RQD2LFQ
7371,AGCNCSWDSFP7HUJ2TJYZFEJ2UGUQ
7372,AELREDLJAY3JXNAGT5DXMRNDCDBQ
7373,AGUUBG3UBZSVUAYWKTRXIOFBFZQQ
7374,AH3XJRLG6CC22VONYLGEAIVGCCZA
7375,AGEXYS6OXFEW6BVIQHVMDLWS3JWA
7376,AGR2M6BFCGICUAEPKTULE3RUGY4A
7377,AF6YG465FP6UXJDPOZ5CDJGVY5IA
7378,AGQXQPNX6JWDMEGOIGTDGAHBYXUQ
7379,AFHS4KV4NNZOA3AKMT23NGA4KYFQ
7380,AEQYIJ7MLITDCE4HBFPPNUCUZE4A
7381,AEN2RDYHQ4FEERQSHL4ZM2RXAKQA
7382,AH6NLYVDQH7JAIDXLMF5N452FVZA
7383,AGYUSTK7SO6WTJO74NSVA42VCXEA
7384,AGTGGHXEQ4RV46B3YATPBZRD7B7Q
7385,AGDBTJWUGJRHVBBTQNWPWG7XGTJA
7386,AEGT7ZD4IXBCVC62GDHHBYLOEDIQ
7387,AHY4ERNTDLAISZ524MYJZOAUAECA
7388,AGOU2HXBAR6T4AWHUHI5LYPUO5BQ
7389,AHLZRFSBQYRESK5VZ4LSDAXM4C5Q
7390,AELKUSMPLCDVL5OP56527SOFVF4Q
7391,AFRXJCCBVLSWQU4WTFASSPOEFAUA
7392,AHO5XZJ4D2KHRSMOP4AEVVLZGLQQ
7393,AGEQ2ASM6DTKQ6VA2TITGFVZBSAQ
7394,AHGYSZZAAEWRJLRKGLPEVEQBYNTQ
7395,AHWGG34LDBI3ZVHA6DUU4ZFMRCDA
7396,AG6VPYXOLOD766CLYFVEJ6LEFTUA
7397,AHH3RQQ65SOSFZNHI5WRYKVK73LQ
7398,AF6RGTAI2G5BQRIKRFHLLZAR2PCQ
7399,AG4CHOEGKKPX3LZT3VGJ5DUX22DA
7400,AHKI7HKN3FJ7HPELQW7WBG3RI2YQ
7401,AGFSBRIXUMXIFEAGRRKXFLM6CICQ
7402,AFPTEOK7PTIITO4HLQTBOUCZ45NA
7403,AESRC34CMPDSX7X7EYGR34ZU4Q7A
7404,AEFKQZVNPPH7UCJUT5UXCUPG4GRQ
7405,AG5KPBBCTGOVYX64A2YDOACEHYXA
7406,AGFIOVZTH4QBGFNVVTJJVZ45CJQA
7407,AEMQHX4ZWJIYCIOT3PVOABU62QKQ
7408,AFLX42YJSMVDOLHFYD2ASYUFRLUA
7409,AF4COMXRM4VDLLHCOCT5EVGQBIRA
7410,AFYMPENUD6PEDZ7WLK4KIORCSODA
7411,AENB2GSXLK7PWI3FQRGSEH3M4PRA
7412,AFTZ33GPCOBHBPGAPRMMH2E53NQQ
7413,AHMEFY37GHEXD6TOUJSBU2WF6JZQ
7414,AE53MMK3SOWRP4GPAI5NLX5BNNLQ
7415,AHJYBT35TZFCLZPAH6Z5IKGGPXVQ
7416,AEPL5Z7P4HMN5QI4SCU6PIBTHMXA
7417,AF5PZ5524BF4DCJRZACQW23QHCJA
7418,AGGRBFTRTGFAZHPWHUXZERWJNZ3Q
7419,AF77EC7PRTUWNQUIP7IR7JMJY65A
7420,AGZL35Y67AFDHAV6RHS63WTGO4XA
7421,AGZVTA35O5ED5JP2QXIPJC3HONGA
7422,AERYLJEGZKIV7FWUGL75XV64FG3Q
7423,AGSF2MZGLDI4T7UDRYBDFUHXBYBA
7424,AFVMYKPZFTTD6J6IF63LKNI3ARXQ
7425,AEI3UKCYL5GSST3GAUYWSZ7A3FIQ
7426,AG7QDHMWZ6UFUBHVHRJCHJWS5RQQ
7427,AEH3POC2I2CUNLY7AB5H3U5VE5TA
7428,AFB5HWP6MVR4CF7QSWXKZTC7AL6A
7429,AE4K6Z5PBF7F6YV4DLUYCVQPIZUQ
7430,AEUQILWB454DU3GH7VRAGRVPMV5Q
7431,AEW2BBTTCS7MH2W6JROHOPWLSVZA
7432,AEVGFKEGCRUDMW5ZHYF3QJUDKWNQ
7433,AGZD3OMAQQHYWWQFBFVYGRP3EVTA
7434,AEGMK7YB5XGCRRN3EXY6CNAVFL5A
7435,AGEZJ73PHXXQBMIQX5276D4RLDBA
7436,AFWJPODMK7KXD5M3XC36KXSLE2JQ
7437,AE7EZV2TQZU2K7MHVCSZNB2UEMEQ
7438,AE4YXESZXWRM5JXHWXJS7KPU7ZSQ
7439,AFPA3A2B5IJUAF7U24TVHZWYZHXQ
7440,AGJWITRXBJ7WF3IZTTXI46OE6C6Q
7441,AGD6ELTKHPDCW3R32ZC3WI6UFV6A
7442,AENXENH4WWNDOAQQJCCOEMPT3RIA
7443,AHPBVI73JOHEMN3O2ACBFZASWU4Q
7444,AEMOAAGWIKNIDF2KMVHZ6Z2HO5NA
7445,AHVNAL6AV6QMJ4I2SDRXRQZAV37A
7446,AGNZ3ALT2LYSV26MJNGCV5BZDOAQ
7447,AEB2AN2G3PPEO66N5RDNMZVE3VFQ
7448,AGMIEMDWVFRJRDJJZH63DTO4GOXQ
7449,AE5UTQ7QIN7YQHKYOBAH6ANWVO3A
7450,AFJDQADLFYAP4L7UAZVVXITMCEYA
7451,AECBONDZ2NJQQBATS7UNNMDC6RLQ
7452,AGUQM2GMGCUJOAPBCW6WHHOHKE3Q
7453,AGYW7SCYJ3MJYMTBD7EF54IZ4IYQ
7454,AEZ7DQ5BPRV4QO5RG2QFTY5X7BKQ
7455,AGXBVVOLJ4JUWRLSRIZVLQYZWEUQ
7456,AG7SCWJYYWHMKAHSZKMFHLARAVWA
7457,AFVY5XK6J3WCZENERMG3FTSLJUUA
7458,AH3VGJKKGLAETPV4DZY4TVBITOJA
7459,AHTVUJLAOCVZF665AFYMWNBRC55A
7460,AFUVOIMBDE5VG4VQZQ7MSVY5AKGA
7461,AH4CSU5N6SDCX4J57M3546YKFBMQ
7462,AFHMQSWVQPSIIDYD3BDG6RCWIN6A
7463,AGUSTLDFYVGW6KLGQ3FZ42M6T2DA
7464,AEAUN7WWMNRJGUUCVYDE2AFY35YA
7465,AG2YFAVEZSNFDWKJGHKCYEHM376A
7466,AHLCDDXI5ICYOHWCQPMKTHFWYIOA
7467,AGJKVIHEM2SCD4FE2NG2MTME6BLA
7468,AFRA5ZG25AH63TK6WRODDOCZMWGA
7469,AEX327CY2PJW5DHVYGUK76KM362Q
7470,AGRCQVZ3NQF63E3UTNK7DU5TMK5A
7471,AHGKA4ESCKZX7RDG5S2SDR7YEQSQ
7472,AGI4FWMYXDRGKSGNBIWW376EXV4Q
7473,AHX5653RIY24Z6FHJ5VLGFZYCICQ
7474,AHEVDBAGUIJ7WOQYUU6UHTM7DU4Q
7475,AFRHIKJVLXN3BIPPH4FVLDX3PP6Q
7476,AHLGA3VKWHPLJWVWGUEQGYAUBC7A
7477,AF4P3DPTTVYVQPXI3M2JLL76KTAA
7478,AF2UWVJOLDLB6CEXYAPEB3PLVJWA
7479,AFQNOJEBDMCL2W2QEMTTNWFOODKQ
7480,AGJATCLVJQTDRMWP25VLMZ73YGNQ
7481,AHE6Q465RYHDWWEF4FPHZ55LS37Q
7482,AGENQOU72YK2USJL6WQIKEGQGCVA
7483,AE2ERGWKHK2RNEWA3H6H6M7MQMSA
7484,AHKMHZW6Q35PQDQ24BFYXIH7WP6Q
7485,AEXMDPH6O2NCFQVRO6X7XHE2GU7A
7486,AH37FWGQFJD2RJHEPRM7IKHQ55MA
7487,AG25EHGTTMI4CXTNTLHTCD4BASHA
7488,AEXAHADS5ZNP2I776P3D57STGWQA
7489,AEQRDN6FDA6CQLTVU4VTFSQM2XXA
7490,AFCYUICMRQRVBSKA7UL5CM4FQKWQ
7491,AFBZO6YUPX4CDJK44JLAX4BHOUOQ
7492,AGPHLLNC6Y5N7GLBAU3XMVLVH32A
7493,AGSKBZF4FSIUKWJHPVO5JYV4LRBQ
7494,AGDDWRDLQD2KD4YSPTOPMMVZVYZQ
7495,AGBMDJBFTLYQK2I5FWC45Y7OJSAA
7496,AFN6ICHMY57NBW34DSW6Y3DKLB4Q
7497,AHFGOU4U5UZV35HMLSOJEDO3GXUQ
7498,AHHJZPGEDOVB7L75YKZF44NIU6QQ
7499,AELGSEHZFW3UP3LY7LDCEG5XIJZQ
7500,AGN2GTRV5B6PKZSVW3JUJKOXVT4Q
7501,AGZZ6WN3QXQNRI76NVASSUZ4QK2Q
7502,AEOA2B3PSUFW5RZVUET5RXTCXPMA
7503,AE6XWBE3HOZ4WDL7NUGB5NXSJL2Q
7504,AFEQNMZW5AI5UCHOXHQCTFANDYUA
7505,AGWG2JYPCY7Y2LBK5V4KMGD6PV7A
7506,AFWKTZAVI2SWX5BGZI23D77D7MUQ
7507,AG4XET4WZFVQZIQNN6UWOEGX6GHA
7508,AEY35LJS2S7ZIGSRR3YSQO3AD6BA
7509,AG5PR4H2BQEHXBGDN364OOQHVAVQ
7510,AECV6UNNOYCD2IRNCGCHNEYGFOSQ
7511,AGFA6MT67KIJBCSOWEDJVAXAXXFQ
7512,AHCL7FEPSUJPUI56D7TDKI7WW2BQ
7513,AGZ3A2HVB6EPQJTWR6HZ3SR6KVUQ
7514,AGGUQXSWDW4OHEBY42NYD6X5QEUQ
7515,AE25F6AZE4T5WRKUDKH52HHABVPA
7516,AHB2HARFXDMYAF23AQY7B5DA7RVA
7517,AEP6HD4WL37VIZ6XNEWV3NAINBHA
7518,AE2QTDVFI44ZIMWKOVGE4QV2RORQ
7519,AFR6HSJ6PHS43LTI6KI66VYJRFIA
7520,AHO3MWA227TPQ5XHJAUHGQIXNKZA
7521,AHJ7YYGB7H5RP7WKQFQ6ZRAWEYRQ
7522,AF233FYGTUATQS5T3NGIOW7UDQRA
7523,AHK22VBBW7EJTWSLGTWHLZMNF6HA
7524,AEORPKC2QSEFM6YOF5FNHIT2DQ6Q
7525,AGGXNNE36GREQAUMBZBWWHLUGEAA
7526,AG5XIE6DB3OMJM5NM2GHO6GNH7TA
7527,AFWZOXLUOALZ3L4LWSCV62X5QDCA
7528,AG2EUC7P3YT3QTN6XXP53RXXKIFA
7529,AG2GUY2VYEBWRVEO6I3WCOSPTFBA
7530,AE434P5GRKCLUSXTOAQ3IN2BCTWQ
7531,AGXZ33RSNYRYJPNPMOESYAJNG37A
7532,AEW7RSTSZIN2SYRX4SCRHKQY6WUQ
7533,AEZUL3R34WWAORYARPTJG2X6KC5Q_1
7534,AHWS53URMAMYGNSMKLIOJXJSXWUQ
7535,AEDAVSV7ALJSNZHQLPUEZKTEWUYQ
7536,AHANOWIULK5MUOD2DVNC44IMRCHQ
7537,AG4FRXJPO7LVNINNYVKNZFXOTMZA
7538,AEODPJAKLNLWYL2JO7QEU46NC4TA
7539,AEFHQXFISQUVNZRQE3W5FJBLCTDQ
7540,AFHUSMMQZ6MNJI3RWDSM762WMRFA
7541,AECTOQUQAZRTR7U4KHHUDKLC3RYA
7542,AGR7J6FHJZGNQ7IOLKEG5FUGX2HA
7543,AF4IG4GLBHY3PUOMFB6BLBNLW6IA
7544,AEFVJBPLM24KAQ4JKYA3QHUH7IEA
7545,AGMAKMTWZ46MHVMKOOUPOOOOISJQ
7546,AEWZGPXCTJK33MNX3LYVY6ZPYWKQ
7547,AHXDTCWBLQDRITD2ADNNS4IJX74A
7548,AFMQ4VB3WPJFKXX7CVO5Y5BRPNUQ
7549,AG6GFVXKUMPDQLE5IDJ323D5IUBA
7550,AGL44EYZDXEENSORQNRJAWVGBQCQ
7551,AGPFAXG5FI4MNT5BCS7T337XT62A
7552,AFK76GLW4MLLGY6JCJYC7M6UOGEA
7553,AFKTII2IMBCMZNEIROQFVWGJZ4MQ
7554,AEEG3BBBTWCTUZQLCKFU3JQFEPBQ
7555,AHHSQ4LYYNDX7A5F4PSIZZR3OWVA
7556,AE7Y2BNTDRWYAX7I4HSDNVNJDJIA
7557,AHNKILQGAGYUXBPJ5WYEDBHKK4XA
7558,AESYYK5MBUG2X4HZ5UU245ITU32A
7559,AHS2BITSVOGFJZU7QEE4GSFUNLFA
7560,AFLARXIRZBMHO4KUBZBXCG3KQXQA
7561,AF25ZB7YV34FLDKHCEGTZKCJHGFA
7562,AFA2W77PGJ2KBQIVMOO4DM35CW6A
7563,AH5NACPJO7SWZBEGJZ5GSLUTCNXQ
7564,AE4ULFAIA2SNVAD6RM3KVBHYTPMA
7565,AHE6JLUD4EG7V676DM25EDSCEI4Q
7566,AFPJJZQKIQP32VFGJA6LSDR4IM6A
7567,AHMF4LKLP6K5SRAB3DFBHNL3Q7JQ
7568,AGQNKRJ66G5KBAYNJ726MJKCW7DQ
7569,AELTX2FWXKD6LTOQGAWDYSALCT3A
7570,AHZISUOHFCGRFFYRQMM4LVTPIAOQ
7571,AGVRLYBIDFQA42OYWMFRGO5F6E7Q
7572,AGB5Z7H6ZLT6YBRWVKPYPZKID4XA
7573,AGS5RT63BNG3H2XUDTULX3QB3S6A
7574,AF6HMLSKKMH7O5U2MCFHBCJCDBDQ
7575,AGOG5L4SW2VVX2CPSKA2NNYBVLOQ
7576,AEN35VZLJP5V4GIIPO6KFQFII3FA
7577,AFW3XBSXGOZZXTB3BD4NAJAAHL5Q
7578,AEABU3VCFML4ZASO6NFHXGMURN2Q
7579,AG5E3AMLPOK7644VLNYC3YJYNXPA
7580,AFGZI4GUWEJ6X5IBNNGDTM45X6DQ
7581,AHLNL6B3G6RQPLWVZ2YJ3AHZC3VA
7582,AE4CEXCFJ567NU3QY3AIB4K5UMUQ
7583,AEJGWMMCMMX5J2VLTJ52CAG2OP2Q
7584,AF37LL2YHFTEN7DBCQ7GAZNENAHA
7585,AHYQ35WNWZJPOXVUXE4K5IPPPVXQ
7586,AG64PZN2SLAF5VAUSIVJK2XZQRSQ
7587,AFPK326V7RJ6TP4FEDK3JBC67BCA
7588,AEKPHY6C33FBO67EMU2T4QVMBKRA
7589,AHVC5R22HGKQZRZ7FTDCZJV63V7Q
7590,AE2RWH6JJRZDJTC2QRWK3YM7LHDA
7591,AHYXYVXSJOUU5H5GQ6HCT576TBXA
7592,AEHWKP25OV2XBK75XX2TIZ25YR5A
7593,AENE5PNVT34XX6QHEDV6V4OUKHKA
7594,AG5BU46GPTHDPTCAFCDN7HJKUGHA
7595,AHKR635RN6E5NUF2OYYD6PZMI64A
7596,AHTN7LMOO7KWNJGIH7H5BJEOB3VQ
7597,AHL4ZKLPACEBAQTF2NGYCSER3ZGQ
7598,AETBPB5IFL7C3UQF7V7VGHSSUBCQ
7599,AEHFEAIGFSUVL3KOY6B74GWFVUBQ
7600,AFL32G6OI4MDJB7ZWK6DDYDUDNLQ
7601,AE762X3EKUYZV2UUVXHBO522IVHA
7602,AHG5ZABTPZFA74N5Q24PJ4WTOKZQ
7603,AHQGRSPJINHEUG7HXAZUZTJADNRA
7604,AEDB5E5ZDBD5T5BJYNVR7HMAGZNQ
7605,AEUSTB6NNTAAZNJA45UBCXTXVVQA
7606,AHMKH4IZJOVV6JFDHT4UXV7KW6SQ
7607,AFKMOKLL6LLN2A5QYFHLLVNFOG6Q
7608,AGZZQOM3QJGKBSMJPNV4EUP6VOFA
7609,AEHOSGOVMCR6AOYUV3DQ52AY6JHA
7610,AEYY3IHAMUKC4VLX47FMM2NTGWGQ
7611,AEKMPDEXFZY6L2S4M4V424W5WL3A
7612,AHHZFLNYRVJP7LECZ4GZDBTBVJDQ
7613,AES5H72AVBF5O6GNBG5E644L7SFA
7614,AHTTAJBXURLZ7U2HDZE6DMFCNU6Q
7615,AGKGTICOLICJQPTGD442D3PHD23Q
7616,AFNOKAM2LCN6MRUKVIGF2RSP2MOQ
7617,AEZHIRVQJ4XGLVDPH2KK3AIJ4MRA
7618,AEHAAQO7Q3S7JPGYE6OVDVXEIOLQ
7619,AECF2BEPAFFJ6D4DNMP2KGTZBSEQ
7620,AGWTLH4POKR7DOM33LYEQJWTGGHA
7621,AHZLPR7GA4UWHI3XSTPBRHTSSFJQ
7622,AF6K54KMONSGZ74JIRYM4PUL6DEA
7623,AEQFMBP36H63H22FAEG6DUXNBDVA
7624,AGGRXKWQ7TORJ6PRZIINCSJMVPJQ
7625,AFK33IWMTQHZC2S6TMXXMVGYSINQ
7626,AHG2PK7YNQMGP3KW6KLMR4XBDXUQ
7627,AEPZCYKQZKVNWWWLKSNQBO6YGKGQ
7628,AEJWSXUIPVLFZLVMHLRMB2JG434Q
7629,AE5UHEK7TGF3ZLPDCRJDKP2X6BBA
7630,AGAO74NWCB6Z2MOKSOAW67DRXGAQ
7631,AEK4Q4QHLVZLPBOT2HLYCHKRHSXA
7632,AECSJFXWNZZYS34MCBP5ULNN4DDQ
7633,AFMSMLKB6R363ES7R5JSGCF2ACHA
7634,AGTSPXSFARLCX2Z3JYAOYEOQTBEQ
7635,AFGVNELBG63NW5VL5QGAPTTGCXGQ
7636,AFBKJURXH3D5IMABE765POUQD7NA
7637,AEAO2J4EMRPGISKREY6ZUFTKD64Q
7638,AE623FTDGF3E4QMTFE7DPMKK7ZWA
7639,AEFBRCHV54UE72F4VQUZC4LF6UTQ
7640,AHB5RPN4RBNOI5IB27G3RVD724HQ
7641,AHG2HFUTDX5U62ROTX2TNJXR7M7Q
7642,AEAXKG2GTTNWB52KWPBV4GCAMEKQ
7643,AFPMHSAZRM2YGMJFKF5GZ6I5TWSQ
7644,AFXEQVNHPDUGRSWUOWTA4DTHR7TA
7645,AHLZT4ONNKJ62NEBRYRGRQDCYX3A
7646,AGFQV72G54FI23IE4ZTP5BJTOYWA
7647,AG2KI3S7WDTYSHTUAUMUPZXU4AXA
7648,AHRJP7ZT6CJP67ZGWV6LOVOS46FA
7649,AE2DB26ERDBMUATDVXHMDSE52LNQ
7650,AFGHAMTCS7LQVHC5NJLAO7ZFZL4Q
7651,AE54CU3522ZHMFWLVYF45M7DYBXA
7652,AGWNDTVIF7J6CGWCUKY4GW3TNFCA
7653,AGYQT3QXTXDUIXRWWLCSTXUTJA3Q
7654,AE6AMSL5RSTQ4XJUH2V4L5YB7OLA
7655,AERWW33KKKMWJYGFBX7DPMORAGAQ
7656,AEFPPFH4TK5ZASCOGZO2MODERPIA
7657,AHVO2NSMVEW44NZSX5YCKWXKOKCQ
7658,AEZGP6NLEBXSR3GRJKLEAGF22WAQ
7659,AFY67QUSLYQ3LFUODDFJZ3OTH3AA
7660,AHGDIS7LFSIZU6DAQRQASKTNQ2CA
7661,AG3RBF57C6FCXZK2P2KBNQQ5QVBQ
7662,AFNUPPGS7BDWQFM6ATUIMLDZWYGA
7663,AFL22YAXSBFGCOF2HBSUG7EHJJ2Q
7664,AGXMDWSELDVGYOMZWF4E33MGI7PQ
7665,AGWAES3W7ZKPNNW4K2UFTA4FHSVA
7666,AGN4TOEEXSLLB3WJ6HNJFD6WEDHA
7667,AHEDYNUCWPTX6UTVTEFS2TKQVVYA
7668,AE7WEAKEICJEQBCX5BO7UT54W6OA
7669,AFPNIXNJUGB2UBYHDYY2WOVXWDOQ
7670,AGJOSV3NKRXKUKSXTQ2EIRYIGKTQ
7671,AEACXDJOIH2KRFRCXFPDCUSUPNTA
7672,AFFYQMKYCCYAW7QXRAGBAGWPGJNQ
7673,AEK3W6I4Y2453YXNUNPW3UB3PROQ
7674,AGABKF7ZOSNQGYTQRJHAEAIABOVA
7675,AEMPZJQON5UN27F7O4JW2366NHWQ
7676,AE63ZNHFFVXW4Y5QVTDU5UZAUUYQ
7677,AGX4NQMAU5SCDHNMVJAS64S3FDKQ
7678,AFTGQMH2DEXZLSJ3ZIXFFUDQQD6Q
7679,AE3S5QB2ZFA5JEPNCUJLGKTKT6MQ
7680,AFFCADH6LNLH63GS7O6BMQPTLGDQ
7681,AGGAWRHZLBZGRP5KWBMR32HUIZLQ
7682,AHBVE7THPN3ZYTU5CCRW4WG5NJJA
7683,AFONMG352RKMD3SLVD2RAFIJAJUQ
7684,AHAO57FVCD3UH6YHTDXLQWM5TR6Q
7685,AHVOJ6XEUQBUWJF2J35U5JT3CEOA
7686,AFWRDFYSGUJS2MAK5GZACF4BYOOA
7687,AH3M3HZ4QIBFTAXUUWPWJMGP44WA
7688,AFLVRAQAEOM5MXYTMMTNRJJMC5PQ
7689,AGCNRVGU5R7JJWC5YHRR7QEUUS6Q
7690,AHWOKBJVFFB2GLSSRTJFU2GXMKHQ
7691,AGBCD4AGR3D5KP6VQJMC5WOKGXTQ
7692,AFUQJRVQGTUV4MWQHAHY6IFOBLTA
7693,AE3N7KYA6HJSJPEV7YLNWJDYYYPA
7694,AFWVEON4PGD7DBOSJINLUWJ2JNFQ
7695,AGCQ5B7HHGBWWHIZ6HNL7WOGMGKA
7696,AEHFJHINVA3NFLKXGUW7SKWMMOLA
7697,AH646HBSPCFPSJEORI55YMWVNPWQ
7698,AEJIUECDFXXA27TKQRFB7DLAA43A
7699,AEIEXU43BRLW4JRTRXSVJK6TRMCQ
7700,AGQBMR3APOQWODJQNZTAOGGUGPZQ
7701,AFH5P6WNGEEDE6GEXM3IN26JC6ZQ
7702,AENLKGEEGA4PFELZUO4WV647WA6Q
7703,AGLBDFBEJKZ5RNOICHZNPIPR3MSQ
7704,AHZRND4HZTSWTCNMX7AHQL3N2VDQ
7705,AF2IO2DWYOSTKMANJV7NBTIZMTSA
7706,AFTA2SGPD5Q6CDDORMWDSYFHZVTA
7707,AFJ3LZUI72ULTPHBS6MK5N26IIPA
7708,AHXQNJYVSZLXZYMO2LPZ4UL6XR4Q
7709,AFNBZUG46TAL5NVTMYIYGNWUEVPA
7710,AGPK6S6OSR7OPTWOQTOF6DLW63OA
7711,AFOKE7TPASQI26AOJAFNDRRD3BDA
7712,AEJI63JMKWBD6WLK5F7533TL4DGQ
7713,AG4GXLLPLKC42IUY6OQL2KQZVOOA
7714,AEDJJQ5ERQNRF3NCTQSQBMLQ6HNQ
7715,AFS43ZFIA2FECQ72BBIO3NX4YBSQ
7716,AGRNMDULQZERCFEQXFRBZVZMOMNQ
7717,AHBTRCNBL67B7SUUDJQ67OY5WXEA
7718,AEMXX75ZEASBBABNK25LGFL3NQ6A
7719,AE7TXVF5D4YH7F6FKS2OJZSTGZBA
7720,AFOEMYVOVVWXCE2JG5VNQYUJURUA
7721,AGFKBEWVF3NJ4RKHAWTJRJPBVTPA
7722,AGWF3PTXL6EAARSBVAGFU2YUPRCA
7723,AERZJZWSBXHOJKCI75DFAXTY337A
7724,AHNJLRJX6XPBXC55L7DNSCTLP5XA
7725,AGUHXX6G2EHBCEE6UGAVOTKEXELQ
7726,AEVOU7UVVSSZ6WPHIS7QQCI6R3SA
7727,AFODCMT3AQXLJVNG5U3BYFLVOLUA
7728,AHZ4YKJ6U2RS2FKR7OFZ5RZECZDA
7729,AF3UJGLXODLGV5QWQNECIQJY2LOA
7730,AGIAXQEDVNWIUGQKYLM2ADVHPW2Q
7731,AEBFV4OWAOUGHV7QPKNDGZA7NTBQ
7732,AG5INKMSGJH32IJHKQVWWI22T62A
7733,AEILVJOPGU3HWOAPRZOH4ANKWDCA
7734,AHHHTIJWWSKK7JEL4RPUNXZ3V2IA
7735,AFJKPKROCF7WWLQ7R6VRRGB7NTPA
7736,AGX3ADT5LE4ZCGRZGOSRFT6SX4CQ
7737,AF4UMB3TLTSFJATATHG2PLSUGUZA
7738,AGGMDE3ENXJ2Q2ODLU4DPAWZGHIQ
7739,AGYVHZLE25BSIUGUACKV5WD45M6A
7740,AFQDAJRRY5NSECCEXZ3KLP2MRAMQ
7741,AEDCR4JUQQVPY2B2NR4CSFCTCMWA
7742,AFRFYIXZZDL2XC7QO76EG5O56YQQ
7743,AFZ7VMHTJAMPZCTYVAI7PZ7KAL6Q
7744,AFR3MAYZI2OZEO7CQ2NJVE2UXGHQ
7745,AG3RWUF4ON42X7IVLKS7AHPFX2MA
7746,AGSLH3Q2TIUTGC7EVR3MUYE267ZQ
7747,AFSJV7NMULEESL6YZGN3VUT3HO5Q
7748,AFTL46G7HDTTD55GTQCI4JU5JZTQ
7749,AGTL6ZOIVPBXUOAMNFPOZLYVH4QQ
7750,AELVFG556G5SKFBIP3KQ3MSBRIBQ
7751,AEPT2ZE2P5M44PP2HHYACYH2GR4A
7752,AHNHW2NST3ECQVCYUFJEFMWWFI6Q
7753,AEMJYOVJZ7L54KER7BO7GUMZYR7Q
7754,AHYOAZ3K7MPJFIQ4HP5CBXOOQYNA
7755,AGB7CNBWMY65AVFQ4EUHYXRELKLQ
7756,AHZIRGUPG5HUN5HK25RPG2WKK3AA
7757,AGSLWNFVUGDYKTFNHDOBGU4ABGMQ
7758,AGOMJYDGHUWZVA7USTOKMPYP7IXQ
7759,AG2FJRAKUVLGDWCZFNSZTG7W7RGA
7760,AHALL4DP7WQS4C27XVAHNBBKOU2Q
7761,AEUQO5GBV5HHOEYG5EFB2WN5JUYA
7762,AGVPZP62Y5SPULUYJV25G2AW43CQ
7763,AG7C2FLAMFIE2H7VBYRLR5FVZYXA
7764,AHDVUAIPM4XPIRPN74US5CGKQU2A
7765,AEFGDWBLXQW5URNXUOTUQPWOTCHQ
7766,AHPIXGMEXLTNR4CJ337622UOM22A
7767,AHOJBTU5O4KMSXWPFB3B2NE6UV4A
7768,AGGKYSNTQD44PQCUFRLJNTNX4YOQ
7769,AGH54262YWEHBZSSF7LISREOJL5Q
7770,AHIF7S7YJZTAE4LVMCPM7DPDD7LQ
7771,AHHNVUVO5N36ERSX7RX2DZUT6KYA
7772,AEQMVG6HLENKVKDJFA2FOSJGCNMQ
7773,AG4OI3VA5XCTOXEPEMGDJIDCCW7Q
7774,AH7X44NDCR44CGABRFWPGFRXTFFA
7775,AEWTYROCSVO3NZFI4II5K6FNXG5Q
7776,AHS5KRTLOT3CWDEKXUWPLJILFEZA
7777,AEYEROTIULQHH7POVJJ2DKB5TW7A
7778,AF5MFB2IMC45RYYFPAX7MDAMELAQ
7779,AG5ZAF7PBQ2ZIYXQZUNA3G7UIIKQ
7780,AEGPQ4KR5UFT5X6K6UMFJZETWFWA
7781,AFNNSNXKTSUXA3HCE6XD7XMDYMUQ
7782,AG5JNHOYDRIWQ435RRUS2GWWGDFQ
7783,AFNUON2YO2JA67Q55JWSV7TI2MKQ
7784,AGZYN53TPU6B2ZXVVTDV3YODEUMA
7785,AGCE3NBDYKHXTBVWHPLGKTPXBOZQ
7786,AHD56XP6MLWYZNXJTZR4ZUCEZDFA
7787,AFENLYYLVFEZ67DFKJ6J7QKDUMJQ
7788,AHX6CNB4DLS7YVXE2UU34F32A2DQ
7789,AGBEXWVEKIMPMXRBFNXHCWGGIAHA
7790,AHTM5WNMPDD35Y4T7UAKGLQYJAYQ
7791,AE4C3EFUQWUCXR4F755HDOEPOS5Q
7792,AHGG3XG3ZBGXIHZ4L3AKR27R7MNA
7793,AG4NLEFPH6ICXGJ3Z3GGNTHS7OYQ
7794,AHTCQ35C5FPJHZT5OVNWRA4LEAYQ
7795,AHP2THJXVSLV3ZS3LXMREEMCI6QQ
7796,AGEJZ5AI2HX4EGHGTKZV5DAKHG6A
7797,AFU6QTUO4YANZ7BK4Y56ZWRJX26Q
7798,AH4GND3OPQQEG37H42KNV57XXL2Q
7799,AEAKB2JYWCA3TI7WKFEY77KLDRPA
7800,AHNUHK4T5RM35MQZORCQZADMK7BA
7801,AGZCFV4XTJRMO7WG7OIACOWOCEPQ
7802,AE72N74LQ4EMBKMT62V3JRR4TC2Q
7803,AFLL4BAOHTLQGFTETLFWH3FTCJAA
7804,AHTEELTXXWYJWMJ4AAJEAG3WZBYQ
7805,AGJG7RKCGWKFZQG54G7FPC364N3Q
7806,AFF5S5V7PES5M5LMOD5APG5GL6OQ
7807,AGHFLO3O2IWEVNFHE4ZE24UK3JKA
7808,AHT73MS4YJTU4P6OMQCK3EL4KQXA
7809,AE6RQDYEKYASRRZJOA3PNZRUTIUQ
7810,AHHMPKFMZZEZABTANEN73EENL4DQ
7811,AEKYOINIT4YMZDYVBMD3UIS73RDQ
7812,AG5363WJV4XIHCJZRESAA4WW55LQ
7813,AF5I2D4D4U2ZDW2C7NM3GZCERRQA
7814,AGRGP44GXFGVWSCLA4YSCIKGSJAQ
7815,AGXP5BMLLT2YKCQFEC34V5CB7ROA
7816,AEZDZHZW5GG4TYTVZ4WFQS47W4NQ
7817,AH4RXS7MOZ2DRJME2N7MGPSBW2CQ
7818,AFBXAMEBXPYAMGDGH7IHDV7CUC4Q
7819,AHJ4XCXPJYDOOPA73IKV4UXWWUFQ
7820,AHOZWITQ6ZT3J5JBR4OZZRQ7PHBQ
7821,AHKMPIHQMCOQG4F2TPOWRE3UGQWQ
7822,AEOAMEPMSNVJKRZVEUBMKNBQ7DJQ
7823,AG4Z4NAIPFVFCMKSAOZ65GLXKZCA
7824,AGCD4TFX32LXNBKIHYGN3WL5WU4A
7825,AHJSMOE2KUBB3TNH3USSHRGSDI3A
7826,AFPXQZ2UBGMSSINTPBNHWHCIIAMA
7827,AG3ITYQI3FRVMX6U7MA7EH5IRZQQ
7828,AE2SBCPBL34MDMED4WFG3GRGMLQA
7829,AE74337T23KTMLFXT3QS24OAESHQ
7830,AGQNQTOOHHXUOZMUDLBT53ZTIHHQ
7831,AE6HEKF3LSPFP33R57L6VJLROVIQ
7832,AHALGPM6SSE2QEPMCWAX4Y7W3QBQ
7833,AGJ56YRS64SKBEWQ3O4JRPKXZEYQ
7834,AHVLZFIBVALE2DE3HDUYT2MU3J3Q
7835,AHUQEN5YFBWS3DI24DQAQEN36YIQ
7836,AGVKRASG2GPEGL2HEHB33X4T2CYQ
7837,AHCULMICGL2RN33URITLRXLQUF7A
7838,AGD4XTNXADBWSAJYMDHDIF3EZ7YA
7839,AEF2P7O5LNQE7FOPWFUJOSZOO3IA
7840,AFQ6Q2NZLJUI57IICGLEMIX7EFFQ
7841,AHYJFVTCINZG2J6OL6SYIFQZGMIQ
7842,AE65M423NONL4DQHSTU3CHPUWGJQ
7843,AHS4CLHYQ6375B3ZYEDYKZOCCHDA
7844,AFRVIC65YT5C5BLPNJI7B6JMWBPA
7845,AGGR3ATNW37LE4XMUC7QSP2CEE6Q
7846,AEG76JHRJSC4MJ2UVBO3QUTBGBIA
7847,AFG2CXDTI6JU5DV6BWFZIBIF27KQ
7848,AF5JHYWEBCV4DNBCIKAZUISVBFEQ
7849,AFAHKV27Q73AZSEUHL5GAM3W5MPQ
7850,AE6KCD2CA4PEOT7HS475PHLNU4DQ
7851,AH5D2PJKF7H6645OEJ237VMPGOJA
7852,AHJVHR37UBTLPUVYWM5I47GJ656Q
7853,AGOV2SFEKPXMAA7JH7TFJJVYCFLA
7854,AHEY5EH6HG3RRKTHBGKEXPSURFBQ
7855,AFK333DS4MULTD3GC35F2JFBNICA
7856,AF5D2W5HX7CZNP4GV5PAI2T5ZVLQ
7857,AHW5QZSBQPUTYPE3X645FFPLZXVA
7858,AF7CJDCF36AUGOCK56QIBW3XZQLQ
7859,AGEYBHZI3YFRQ4XROC52GBQFU3WA
7860,AHJ4SWJT5E5JL4UHATHI6RGR2KHQ
7861,AGRW3RCKTQNK4P2W3MAVJXZQ7GYA
7862,AGSNQAOMDDXZGTL7GRLXO5DBQR5A
7863,AF4FMI6CLXBLUB3FYD4GF7U723KQ
7864,AFSN7MM2KBG33QXCUCKVYFG64DDQ
7865,AEGJRR2IUG2U4QFXL5G2NI7ORUBA
7866,AFFWH3LDG7QTWA22FS3JTVF6VZQA
7867,AFDNHRAKVHRADHVNRFAJRUAUAXLA
7868,AHO5Y6TUC5CROSTSCKDQXRZANMIA
7869,AGHXFN25IJFJTDTOSZH6KP5L6NHA
7870,AHXCLYJCULJR2LQGZRQLWVKEAS7A
7871,AFQLWFQEX4REGXBGEMHXRUQWNKJA
7872,AHFNMKVR3D7J66MB36QCJGSEXOUQ
7873,AH7VJWH4NLFPBQMF4J2O6KVSKDKA
7874,AEAYZFHR7BWK3HDR42D4O2EC7UMA
7875,AFHYP5U4J3X3K7WDSJJU3ZUG2XLA
7876,AEFHF332OI357YYESC6CCN5JMW7Q
7877,AGRGNSGKNGDYFAY4WWHJUATDW5JQ
7878,AHIH67YSK2VCR4QOB33L26RGTRGQ
7879,AFQAASLHXRXA2ULFNNPFPZTWAK4Q
7880,AEVUMMR2WGJET2TG3JW6KTPEWW6Q
7881,AHJDCBSTOGU2DL6CTUN7I7P244FQ
7882,AF7YQOL67IRCIACBUXFGJXEIMTSA
7883,AE4NYSPUO5BV224PBQ5ZBAG6XHEA
7884,AE37FC7YBUWDBW5TDKYLGLY6YPUA
7885,AED4UNVA3G2TNH3VNQ66AUSUBGZA
7886,AEZVTSONWMVYF6EG3K2SRZRDEGWA
7887,AGSH3R3QLKHZLCXVTUNZGQLISXIQ
7888,AGKOVZIM4QNHQO4N6OFYCZKYVRSQ
7889,AEC7HBDXCBPWCQUEBMPDBAB45BNA
7890,AFNUO6D2HRVDQO72TCUK666LQL5A
7891,AEADVRCFXX5Q6IJO77SFOI24YNRA
7892,AENYZ36AHXTRYHN4OON2RVKJNDYQ
7893,AFRKSMUZAXA6GCPYXTNTSKLBFASA
7894,AEVOZKTATMCMNWTAZ37EKRR73UQA
7895,AGMN7G6HJUWSL6NFNH3AN5FVSIIA
7896,AHK4UQZMGH2LKVJ3SHPEJ5ZIUGTQ
7897,AEWUP7OYRZ566M7PZTFNCIUQ62LA
7898,AHHIPJQ7Q2BSQOGA4TGS7QHS3MYA
7899,AEXLY2RRB4HQPICE7PCVKKPJTIWQ
7900,AEMQANJXSYVPNUTM2PBKJXWOTRHA
7901,AGNMM6HKOGHG6AUZA2XYDRYUW7QA
7902,AECWSAYLRIILBPXQLHHF37Z4J6JQ
7903,AHB2PAYYKZU5ZPOKE247ELYP3GZQ
7904,AEGBH27FLWOC7JAQFVEXK7XQTMBQ
7905,AHQXSVEFX75DEQ7RSHH5WAD7NRKQ
7906,AHGVSC2QL54R4Z774P2DPU47U7FQ
7907,AECHKF5R4V62MC43HYGHIHK7NWSA
7908,AFAE36KPF33VWMKV4RATIAUMW7ZA
7909,AG7NCZ27MVCJN7JPZ6CGFIRGRFBQ
7910,AHT3KGNWYVC7CNDYNS4OPDDRIV5Q
7911,AHTC7AYDC6YHHIRBVRCZQWGBHIGQ
7912,AGLCG5N2IBZG35DBJMZQDGOQ7UUA
7913,AGVLBDYKPQQYNDDCYSZKBSRUCJNQ
7914,AEUUDOMKLOGNOPZX4HXGY4DDV3IQ
7915,AGHFEHXRUW5BGYSJKRAW6MCZN67A
7916,AF4QRYLZ62IMV7CV2V4T3Z3MEHSQ
7917,AHFUTDJLDWM5TVBE74T5ZNBP2IKA
7918,AGK6WOYHFPXKZIG427E2WM5D4HYQ
7919,AEQRDS7GKOGPJWXJ355THJRFG4UQ
7920,AFC7IV7MQAQA4CXSQDJTBPCPDK2A
7921,AGFV5ZE7ZS67L4REIHXH2QUXNC5Q
7922,AH4C7QG7CS5MF6YEIRIP2MOFNRWA
7923,AHLHTKQJJJQL3TPCZ6RUPEPJ2SAQ
7924,AGC3S4MFWNYXZXV4HAHWO4VJESEQ
7925,AEBAV74ANO3YSZJQSZJAJXH5CSNA
7926,AG77IYGXGMLFYBDEQ364V5KFMHFQ
7927,AGM3SU5AZRVCPJGCAADQD6ODRDDQ
7928,AECXX7Z66MCEHX656VU46UOZ4C4A
7929,AFBDBD7IC37LXA6ORWUWPDF3KPGQ
7930,AGT63B5C6BJLFOLJMKGYWEZYO6MA
7931,AGAK243NDK6FGXSNGI4WA5JTMAVA
7932,AEUCFIZOXVKT656CQRP5P6AM7RWQ
7933,AFDT2QJ4HBKO3U4J7G773TDV5U5Q
7934,AGXEXKCAUK32LFWMULQH354NZF7Q
7935,AFNPDU2HPHZPOTPBTWDC65HFBOMA
7936,AHVR7UQQUYLXLRYLG7E27HANCDSQ
7937,AGQPGUCISOYNW5TDLYJTHBXD4RDA
7938,AGWLA52L47CHZ4B3F5XFPFWD2E3Q
7939,AHDLRP4QRREJ3QYP6MJMYPEAMWWA
7940,AFWQKYT6JDIWYXE6BHD3NY5GTZGQ
7941,AEM4P25IG5LN7SEK5YFQ4KOJQ4GQ
7942,AHIZ3D557WEHTFEUM53HER7SEXSA
7943,AENWUHDAHXQ7HCBM66PVZ27SF74A
7944,AEBXP5JW7PVXUYRY2GD55IKCOLNA
7945,AEHTGYFRT3FPQVZZX23I3ODA6RRQ
7946,AGTZYLQZFFBJ6EN5ICLO2VMUIQHQ
7947,AFO74FVRRMZZC5UK2R2TWSCHZ4HQ
7948,AFF6PKP22SWD6QJ3Q2FP7PKLS26Q
7949,AG5WOFMC5V6H3JAK7SM2EKU47YRA
7950,AG4G7XHPREMDRRTRUYTMDQ32HKCQ
7951,AGMUVUD6L32IS6FD4YUZEJCT3RRA
7952,AHLCQ7UWHMUVS56NTWGPNX33EZFQ
7953,AGILZE5NHC5TSCS7UAEFWD3IXZHA
7954,AEQ4PGMWJBPSIMCLVM6HCXKND27A
7955,AFQIDHF3X7YB73C2KTEHSM4MXOLQ
7956,AG2HPUWVOR3ZAGPFP7IRUDFYRHZA
7957,AFGN2XMH72JWDHHR3DUBLNPZJ36A
7958,AE37E7WX6M4TFKCZT5BAGBDRO2CQ
7959,AFZ6SNZWKJZ6FU3WKPJM2KSUNHKA
7960,AGDLPN2F6HFFOLSMFB4CDCSO4ABA
7961,AHW42JPC45EZYT6ZBZSHKFPV5KIA
7962,AHJZNREWDPIGC3UCYBTOR6FL22BA
7963,AHAYVREHX5BEQPN3WFQEEBAPJG4Q
7964,AEW4W2G5KYTJOTC633JJLSG6QSAA
7965,AHHW3F4KRYYOUI3OV7A5WWDU5JRA
7966,AETRPRIHKMBDOKBN2QEJ4JIZFT5Q
7967,AELTRXIJJZHSPGGIISJYICGAWU7A
7968,AERQKSETLXD6TS33KMM5UK3LPDDA
7969,AH6YWM4OME3IWJDYHXBV2IC54GNQ
7970,AHSMVFLWOAXEM3HSINWIZVMFA72Q
7971,AF6IKAOR5XUQ7F34Y77L4PFCOODQ
7972,AFO3DAB4RQC523VDSH3CU6VCRZZA
7973,AH7XOMUICHWXQ4DIEIPVV7B4LYBQ
7974,AFMJCLNLJ7FGTEZ7XJ7JHO4Y2S2A
7975,AGD2C4JUCYPCZFAB6TF3WLHZC5ZQ
7976,AHU7KSG532GGXVO4LPRJDGFUFR7A
7977,AF565IG4IFKRRTODEQQ7FL2A7KJA
7978,AFQGINVBBXDC4BFI545OWDZRDJDA
7979,AH5UEWCDTMEE2TZ3TTDSP33T3K5Q
7980,AGFVYV2FCSJP74AIK6SBVOQLATXQ
7981,AGJFTHV5HW3OYYQAK4XOYOTNNTNA
7982,AHLKDNPMZVZNBMPEZYIJS76D7CCQ
7983,AE7KXRLJU6GMJRJMFSESG7GIYHCA
7984,AHDZDEQG6DNI5VZQOWAY3ZUK7F4A
7985,AGCXS2YBSVSDZSK7K6WGP4FB35TA
7986,AH6QDBWBYYZHWM4BOU5P33XFP4KQ
7987,AH5XLKJGUX22ILWWSVR7QVBFOZ6A
7988,AF63T3QZ2INUWQV5CVTYLFSRLOYA
7989,AEEUUPKZGRMO5DV6PIEF6RZKGUOQ
7990,AGF2VVTMUO66Y6WSQBCGB2X7OJTQ
7991,AHZARVON3UJY3WYB4PJM23JOFLQQ
7992,AEOUPBVVMRJQJ47JG5YOQQIY4HUQ
7993,AEJZ5UP2U52QKPWLSGZFB24RQZ4A
7994,AECM5HZQG4YSYYTNOMZQ4EAHHO3A
7995,AFBU6L6YC2CMGZPZM4YDOTXZMEHQ
7996,AF3GMQPGH5BME6WJKROEBHBGASZQ
7997,AHHWLFPOGDNHSEPSSU5VATUWBJ7A
7998,AGBAY56LWOGEXLZBCI4FHDC3JW3Q
7999,AFSVWIUJWUW344T6KYZIHPACVA3Q
8000,AGFSUYPGISTPENZFYSW3HQVKF5CA
8001,AFLHTDZKT4RJ3P2JTXRZQ6MFHTWQ
8002,AGELUIWRXU2T7A2F25TICO76ASBQ
8003,AEKDPKKSEJUXRSGOBZ3V4E6KDA7A
8004,AHUVCUEDWPDST2EIY7CMSLFNEEQA
8005,AENUMR6AG3DBALMAE3P5VTKEJ33Q
8006,AHFKZUDPXWZNOSGYK7MUVB7YWBPQ
8007,AHXTT3WR7Z6UE3ZUYLQ6RPNS46UA
8008,AEBVMU6ZQSU5EZLCHQIFLG7J4FUQ
8009,AGQRZPKX44JSW2T2GKH3S3ZRMYYA
8010,AEPXOO33WR67HNI3CEZ7PU2MAJ2A
8011,AH6FUUAETQ7BJKCXEI26H5BBFAFA
8012,AGXYQDYQ5M2IYXDRMT6TGQDUQQOQ
8013,AETUTC6IJTFNF2CXFM6GUQSCNFQQ
8014,AHPZVCMHQQL726RDCMM3C235Z2FA
8015,AFNSIPD6VLV7T5AO4VQHR5VWT22A
8016,AGDCSD7GJHEE4KGZWLRX2BT4YDCA
8017,AGKI6ANVKSKEUBQNBCBGRZ5HEBWQ
8018,AHIL4VGFUVUPPSSI7GBILBHBODIQ
8019,AFTGBYAAG5AHWVDYTQHHR2MJEQQQ
8020,AH4ZSYC7CXSFO4ZJIAJUVBFDXHRA
8021,AF2Z3AI3YF5WDLFDUQKLOO3VVOSA
8022,AFRUUWAL4OLFVCQ2JRIII2VIINCQ
8023,AGWN7HCATSGSNC7QQGV4SP7KHW2Q
8024,AHK2DBAOUMMD5WSVFAOW3KLGXCEA
8025,AHWTDP2K3N52SEPLQI6ALQBRLZAQ
8026,AFK36Z44MXEJXQRSZCYM4CEKMNLA
8027,AEGCKUKTAL4LOUUV6G2M3QXHLVIA
8028,AHG7MQMQVLR3PXX5ZIT324TZHGDA
8029,AFUMX3GKH3TT7EXOPGBA6XAQYMLA
8030,AHOF3KWMOBMMUM47CTOLBNGZM4RA
8031,AFKXBZXO3SJKQVIHLRLG2PNTD7FQ
8032,AEKJH5JSWE7WGPMXNYHNYMW24YTQ
8033,AEDV26LR727ZDNNT7OYFYUJ2S2AQ
8034,AHFKFEN5U65TBIBR6Y4BKYHR4COA
8035,AHWM2MXCEHJZCHIIPXJVXBDMEIDA
8036,AFWNZ57ZHIMT5YFS63IVQFKAVX6Q
8037,AHJ45DLSYUJZYP6HWMPZDW7CT5NQ
8038,AHRA4TYQJU53WAH2OD6UAKP2SZCA
8039,AHCUEAKGTXG4PN7M7RPGCV2P3E4Q
8040,AFSA7CVUDUVN7OFTN3S3ORNGX57A
8041,AGD3P7EH4G4G42DRYWMLMVTXJKQQ
8042,AEUQNIIAQOJYPJBQFUQRAX6TGZRA
8043,AHLIDPYE6MFEYJRHNSCIPJRAQOCQ
8044,AFA4H57GXO77JOZ4NOAENBV6NB4Q
8045,AFWXXGSGF4NY2ZHINJFXIZZ3FDEQ
8046,AH6A5W3L75RFWLVF3HB3J6KVHGCQ
8047,AE2PB4VGQS3DX5YHDREZNYSFRL5A
8048,AHQKHSNQ53VEO26OWYL7NITQRRXA
8049,AGBHLRJ7QH5AY6ZEO6OUDVND25JA
8050,AG4PK2VVLNPPWDXK7LOHDSSJTFOA
8051,AEX2SNQT2527LHJKGQFMM247SKVA
8052,AEABO4HQWPN7VEYHL6AJTOONUYUQ
8053,AHQGWVKA5DJHHSH4FPNWWWQHSAYA
8054,AHH7IYL7MMLJJUVMTZR2MGMOQO4Q
8055,AG7TR23L74453XKPICK5SG5MSASQ
8056,AFN5VL35JNDJQDQ4RWVVIFLPOFPA
8057,AG7E2FFCZXMN5A5B2PT34LEZYBMA
8058,AEWT3HRAOHBHDF26EDPJRP66YPMQ
8059,AGLK63N3PFA7FHI5WHKSRTNW4G5Q
8060,AHT3U2XKD2QFIYTNVD6LSY6CNQFQ
8061,AHDVZTYVLPELRJ22EOA5FPAPLWOQ
8062,AE4RBRCD5TT4O2LZTQNAQWAPFKOQ
8063,AHSHTBM5UUDOU74WGLQ754OTZNFQ
8064,AGZ76I2XLRXMTRISB4ORFLJVVSRA
8065,AF6W4NCC2HVZM5YAAGREVLSCGICA
8066,AGGEJPQUTBEVL5MRM7VLEIB74IBQ
8067,AHXJ7OZXPR2T7OY7V4OETJMPJUKQ
8068,AGVTCKCRTDYYUWPZHABDX5PA64CQ
8069,AHXDXKEHOA2B7QXA42JYJX33OXUA
8070,AEVX76V3CSF5ENCS33ZUKDWBT5XA
8071,AEYCJ47KHD2IPE4HNUS3CR5366YQ
8072,AETTITX7ASWBKMHNWOBPSNCENE7A
8073,AEHDYOHUCA273HNWOZRVBGCFU4OQ
8074,AHAREGNAZ5OOHKGFBRZLYMC4H4TQ
8075,AGGWEO3WD7VJQG42IMXIHLDIV5YA
8076,AHW7ZUGK24QJRRXB7UMS3UK7KQFA
8077,AGN5PXP5W4YOLJD3ELHNRM3ARWTQ
8078,AFGVLNGLNUQRG46PZPOLPE2PYQKA
8079,AGXTEWOJHNILNAVD2JQLZM5KWXXA
8080,AGKBWV77FNTVBHVBHCPGOJ66MEDQ
8081,AFAGIMMULY5WJ5OJAIT3TQMDEUMQ
8082,AFVVKZTJ6TMYTLLK5X6HI2ULL2MA
8083,AEX5ES34Z2N5KBWZGMUS7PMSYKXA
8084,AF3FI3EG3FIBYVWHDJIPFKPKNM5A
8085,AHHR5SVRUMYASKBP7S4E4VAMK2RA
8086,AFVXYHTHW7YQ6AKCO7E3XHBLX3ZA
8087,AG4XQGY7FV4YUE6OZ3EBEOTUD2HQ
8088,AFQHJUSVYYKXCMQ7TCGTIX4D7U7Q
8089,AE4SRBICYSKWBR4UOXRSZJFU5RKA
8090,AHDUDUGSZILR53MVBWOOD3UHCFFQ
8091,AGTJCMFG4WWPPON35KJDZLBSOAMQ
8092,AF7FZTIIEXR7IWSGUJL2PPTC7SMQ
8093,AG3C3NO6LSLWJBJZF66UK7VRFDMA
8094,AF7MDQ3BAKFNPOVBH7WQLUB2ZW3Q
8095,AFPEXMKOWS7EZJ74W4YXQZB4RPMQ
8096,AHYA34QQJ72JUD6AOVK3VH2EJ4DA
8097,AFIQHAECLWXXYPCDJQC4LLIPJWJQ
8098,AEVYTG76CZ3LSCKVKYJUXS2KMYDQ
8099,AHUWT7V6LMUA6PBSI2447ZYU43AQ
8100,AGZFS66CPO2RXUQC7CMOF6A64QDA
8101,AH6FQ4AK2IHTOGAQNYWRLSMSSYBA
8102,AH67EBBUMRUST6FUQD2VBFOSR5UQ
8103,AE2PZ4XNNKZBMNGJOZK4V7BW4OUQ
8104,AHPUG5VOGYZ3TVUTWO6PXJYGGZZQ
8105,AGKZWM46FF4DYQXERKXPXPNJ3VHQ
8106,AF4W7JWOMRHHJNJXWJPMNG32LPLQ
8107,AHWUUYARSWWZF2OSA2J4BI2INOMA
8108,AGDAFO6VC7LRNMZWGJEHGYER6O3Q
8109,AHKHJAQNZ6G2XUTM47JDCA4A2PNA
8110,AFLQSSGU2F7BNIZPMLUMQCHAJV3Q
8111,AF2TTYO3QCVUASHKMUMUQREWZALA
8112,AEBMAKMGO5RCMBUU6K4C3RUZVIHA
8113,AFKTPUJWLFUPIHPA5FPLOHLCBEDA
8114,AHA7YLUWCMYLAI44FAK2GYE2Z36Q
8115,AHUCIKB4G4SXKLFUWEW3B4DUMQWQ
8116,AHIQ4S34UBC2MBS4FA2RIY36INIQ
8117,AG73IDDVZNIPWAKSU2ATCMLCBWRA
8118,AGVMCIQB4H6E6IZI23EG7QOKOLWA
8119,AFGNYM272B3F3NBLRV5K35IXSLQA
8120,AHWEVWTS72QQUGWIBDHFRKBIP2DA
8121,AHWG6N2VC5YW3YK7MGT3POXLYS6Q
8122,AEGAS3OHCECR5BXPRRP44AX7LPZA
8123,AHTFBYWHJNJ3VPX2GA5XBG34V75A
8124,AEPZNZZX7OLQZYKAWFYJVMC7ANSQ
8125,AGMTPFHIOFNVIQPTNWUARPPYOS2A
8126,AGPMTCDTNBVECDCFFTFPS7CLVSMA
8127,AFJDNYSR57C3QKOATGK4MQY5CBSQ
8128,AFEERRNM7IDVQAL7T23Y4WEE764A
8129,AHGNYSMUJBPJK2J5P5TXCGH7RGLA
8130,AECV2OFO23B2DOJIPWJ32AFUMMEA
8131,AHTWVYVTMZ6DMFSURO6AX5HVCJQA
8132,AEPU5AQXANEHUE2CRVNRJ7ZTTOHQ
8133,AEIXXIXIYAETM7KJNRU2JKPKPZWA
8134,AFM2TXREGDVKELHGB4WMTX5IUYVQ
8135,AH7J2BBYGOHAFZJANWHJ2SQ3LOCA
8136,AGCGBWWETEEFD425ANV5MBG5L5WA
8137,AFACD7OILJOYXVDUYATYTJI7X3EA
8138,AHQVK5Q5QNYTZ4RHP44X6S3HDXRQ
8139,AGKPUZCJ6ABQB4G5Y36S7AKRIJEA
8140,AHJXFAC4C6CWFTAVWGBL3HSMIVHA
8141,AGLJTBEIZEHBHSPVZOO5TB5REAZQ
8142,AHNA4P3CYM5W2D4OBHXRXXZFEBMA
8143,AFISGXXBZRSLR2BZOULQAWZODBDA
8144,AH2EMXN7CVEWQXNE4IDQRYFACOYQ
8145,AHOIXI3LGTWNDWUD2S4YCTBPA4GQ
8146,AEZY2QOLFSDTPXZMEQYU2RRADXZQ
8147,AEAS23BLT52EHNYILCA4JN7SN5VA
8148,AFUSHJGNIPGPT5ANGQPBECRDI7MQ
8149,AEIAGFYPUVFUTFHMN7NR3P6XFGQQ
8150,AGH2BWJ6K3OZ7GRHLCCQ2KW2SOXQ
8151,AHAFZKXP54HL6SOXHBG6225ODLXA
8152,AEV7X34QHV7V2QYMM4I5SSEXLMIA
8153,AHBUOO2HUYOW5S25YEGGYKUZ25CA
8154,AEIDUKWKPQ2YGY3STKEXHUZC722Q
8155,AHKAUFULZGFABQMHRZBQRWEJFKYA
8156,AE3J3LH4SBFRQUN3SE6GW6274KHA
8157,AEKF227ZCRGG7ALW4XYFIJJTDU4Q
8158,AFZON5IKSJQT4JCJNFHXRPOFN57A
8159,AEEL65HXBKWK5RV6O35DNEWUBZ4Q
8160,AFPWDQRZVZO3TIEXDGUJTP3Y2VPA
8161,AGYNGKMGQRPRA2V7IOINIXIVPWOA
8162,AELJLKNQBG5MK4HQAWC4XMHQDXAA
8163,AGLPAJOS47G25BPUZ7EBAN76VZLQ
8164,AHMWG27FYV5OMXZZA6MBWFLETHFQ
8165,AH4BQAQAE4E3BUDIJUSHZDH6SGOQ
8166,AHHOACK22EABD6XJHEYQMBYDZJUQ
8167,AG2MKJ5UODZPBNRKR56MXNMTVXFQ
8168,AH4SPB2NEJNTLNLR4EBL2SI6TXXA
8169,AFKIV6Q2WKKTEGX3QA34AYI63EHA
8170,AE7DB23SD53GDXAGV5KDM6QG3RFQ
8171,AFAOKNRYLHS5LTQPXMMALJAC2TIQ
8172,AFGD3LOPYUG2XT6ZFYISIECYHESQ
8173,AHNSRVILIRPXH6F2F7H35W6ESUWA
8174,AHDEQGVJ4435M7BKOQ4SR4SQUANA
8175,AHQ55MTPERDXWGQ7AMBLOVQ3O3JA
8176,AHV26HPBRUJXIW2G2U6B6TP3JJYQ
8177,AE27WNQJN2OIRM3VBMSRLNGYWXYQ
8178,AFVYJ3QHZZMXZEB6T7A7GDBO7AIA
8179,AFJKZHY45PDGBTGDAI72YXU377KA
8180,AHU7UNISWMBERV2PPY4Z2TQLNHEA
8181,AGQ7NDTHVTISO4U4DEA7REW6PFIA
8182,AGOPZSHTKV2H2R6HGZLLTIZHRX2Q
8183,AFBVEH2XIXSF4MK4NEZUESA4IE2Q
8184,AFY7EUCVDAO5KAFUEERE7PSDF3RA
8185,AHPGJF3LWGY2OZIXWT2XU6KOOEJA
8186,AHUDAKRP6JBMA4L5CU3PP4CE23OQ
8187,AGCOZWBDXHJIKTKAIT7U2ISLNXEQ
8188,AHNMXLBPZNIABEH44PENS4GZA56A
8189,AFUMPC5HATR5UZHNGWAJVWPRWUBA
8190,AGMGY36DC37ZCZJSP2I4EPQMGCHQ
8191,AHDLNKXPL3KOHBDPNTIQQRE4PXSA
8192,AFVLBKRDHKSJQSFB56IJMLDLUMOA
8193,AFVZQDWVAAGUJQ42HWLFYUWMUIGQ
8194,AFBX72WFR6YJL4XLQJFGWR5RWWOQ
8195,AFQO2CI3CJNHPQYZMC2IUETKFYSA
8196,AH2SSJ3GCIGCBAL4B6TJN2R4OS2A
8197,AHVCN7DAVTY3HVPCIAKGO4HBFW4Q
8198,AGHNRPWCULA7VFCGTVV2ES2VXPDQ
8199,AGMSBJ2K737WCOUFOMCBI2YZCXXA
8200,AHPF3UVAIDGOAR4FG4MSXJNSZXFQ
8201,AEA53MOYTU3ZR7IWTRFBX4BZZVCQ
8202,AE2E4RHERG7FBLCSIO5YRN4I2LAA
8203,AGKHUPTNAP3WKE2SALAPIOBUQ6QQ
8204,AH7QOFK5TW665Z46QCSFAAFO6E7A
8205,AGIDUQMHHHUYQUXUXQYCNHN3EXAQ
8206,AENPSLU5RQ3PB2JTQQVHQDREGN7A
8207,AHS4SQ62SZ3O2KX4FP3GTUJIB3ZQ
8208,AGJD5E4O4MFG4AIGBKIYP75WPS2A
8209,AFTKXSB5GK5IEWR5ZXJGLR5TKSLQ
8210,AGRYSESS47LZQPVGLLMCUVRJF64Q
8211,AH4LXSGN5Y4FHJK5NS4RBULJQELA
8212,AG3PJ6UFVS2JCMQ3J4V3EI3LZYYA
8213,AGS3ZIVEKPTAAMLATZ3QDE2KJS2A
8214,AGIH7KJY67CPLC62HPEAOQJIJ2EQ
8215,AFY5LWJ2Y7N5IX5ONJTUVYUSVQPA
8216,AERDW4T7ABSCINFCTUMQ46L6JPYQ
8217,AEQL3IGJSVRXDVX2TDCIKL3N2QNA
8218,AF2AY2PNUGPNVXAEOOBIE43NQEIA
8219,AHJ6J6UPVZKMJAS5OPHVXZAP4RSQ
8220,AG2UTGLGAZMJUKQGS2SFLECAC54Q
8221,AF4MT3G625UMYFT5474PANHAD3LQ
8222,AFR3YMK57DFTJSJPLCEE4O46A7BA
8223,AGYDLGVA5MTH6JKWOGXXCSF6EXDQ
8224,AE2NVYXO4IF6KEXAC4CLFKUJQEFA
8225,AHQHTJ742UJRKN4NYPQNEEXD6OQQ
8226,AFGZ6KQYMUM5PLVJKN5QSYXSUKPA
8227,AHMVYMQWVJSBYQRPR6WGIO23VGVA
8228,AHMR2V5DNMCF5AJFE26S7WNVJG5Q
8229,AGVEWKQ2XWZUC4CAQLAE2ERXUG6A
8230,AEO7RFLY275E4CN7T4GZGUK6XK2Q
8231,AFPADCHOFRDF5LIOTWFEDADYGMQA
8232,AH3FGPEF237OPN2JAXL2E3XGSV6A
8233,AFUC5SIIMR3JMXLWRSJ2CWNZTUOQ
8234,AGVHQKKBILQ6EQMK4UZW535RILJA
8235,AFBJBYGA56HZABMVOOT24R7I4MSQ
8236,AHLKVHKLHUZFGBWLJTA5JYI6V3OA
8237,AHQHJE3LOILTHCDSRNXP55UG5E3Q
8238,AEHUN2CL3PYDXYKFPRG5SSMHTOWA
8239,AHZSXOZRYJZ7TJFEIZ5GVZH5N5QA
8240,AE7WJOU6CA6QYHQTBSCLG6NUUWKA
8241,AFHIKFHZWINNR575LWOPW5JR5W2A
8242,AFB6D3X7B72EAETXQWY4PYTZ2EHA
8243,AFCKLTMVVSAUELLTGZV647VLFPZQ
8244,AH43YGIEOOJOXAZT4LZFYQALFHYA
8245,AEGL66K654DXHZ56NGQQ5FZUIUKA
8246,AE6R76GIPDZ6GVZSKYNLLO56LWIA
8247,AHTRXIVIDSS6RDPXQGMO7RGQ774Q
8248,AH5MUAZHMZ3YMUESNEWI5HZU4K6A
8249,AGDGA2S4F3JJQYGQSF7FNNCEMZ4Q
8250,AEI7SEKGGIWZX46K4775GOVFJ3HA
8251,AHA5G63OPJ52XMKTJ3NSI77CZLGQ
8252,AHI3ZG5HSOPC6SIS4J3VCQFFOASA
8253,AFECUREL6ELDK62W3EPTQLSY2BKA
8254,AGAQWP7OCQBNEBEQVZJYXGYG3MGA
8255,AFMWT3OAUANYUMYPDUT4DMDSWWTA
8256,AE4YLR2CBQND6U26M3JCDQJKIQLA
8257,AGZKQMMY2MTPRVMVWKIV3SC3WH7Q
8258,AGEY5XBRKP3WLMAMLY2CJV6VO45A
8259,AEIQK6WHW3JFTD7RZC47L4SHZYMA
8260,AHEQ7EHOOHWXVDX4C44JMH2MXOVA
8261,AHFNCKUQJASNFO3YW6MVRIUC7ZMQ
8262,AE2V3J4LLTQ4WP6GU7YFQMWHVETQ
8263,AGSJTKEZTLDOCJOSDAGO2N2LAOMQ
8264,AFZSIYCLVYUJICXCX2XUJ5J7NOHQ
8265,AGZTINQQLWCU5IH5S6VUBQEPO6QQ
8266,AEGVEUXL7M5RKKRFBGJ3GDW4S6MA
8267,AGVVW5HDPRNXEW7FL7Z73KLZSNVQ
8268,AHDHKIF4NDLW7HETDWH3IKVNBZTQ
8269,AGMCQEQDTY2G4VH6MBPIH6XSA4UA
8270,AHVM2JMJVVSTFCZTAXZNHQOQRN5A
8271,AEGHQ3A2VIHYD55UQJ377HZQCF2A
8272,AFCZT2DFAAZMLNLMDUFAWUMVAZYA
8273,AFI57IWHDBONP2QIKCTT7RFGYRNQ
8274,AGUI5FJQMPDO33NKWMJ7TOGUPM7A
8275,AFCZXRVG2QNTTHF2OL7VBTZ3D2VQ
8276,AE6KD6CDH2DRF7YWIJ3G3W3SF5NA
8277,AESRXZE22ZL375H2R7CDOEQ7GFNQ
8278,AGSLSQRJJ5A3L37PAKXTYXS5BV5Q
8279,AER3CKNLCBHGGIPHWV2DCFORMALA
8280,AF6UCYLCS6UKOAJONER52GSH3B3Q
8281,AFOHUPTJ7PUJAMVEAJKYJHPI76ZQ
8282,AE2OBFFTNKPV3YKFJ54PGAIY6HYA
8283,AFVGIEZ4G3FPTPFGNIXNQWVHR2NQ
8284,AF75ECUGH7ZQP3V6UORV4CZCIIKQ
8285,AEB6C433W5B65FZYLQI465JM2EWA
8286,AE3KWMFWNH2K56SXXDNCXGU2JGDQ
8287,AFFJJDQI275Y6QSCPWWYXOG6N3GA
8288,AESNEP2E7OYFR3YNAP7CB6FDPFLA
8289,AGTVLXXWSZNKCS4UCPU3VPGFNWPA
8290,AFLKU476SW3WOTT42TVUHKVWD2MQ
8291,AFBVBBCSTH56APXRYAV5WSO7CJEQ
8292,AF5BVWNGSJNDPV4UMMMK4A6DEZAQ
8293,AHBU4AM555HRZTCYL7ZAKQGBZZGA
8294,AH344333MUEASNH4CRBHYOXEK2PQ
8295,AFVMZXU5FSCM2UOXR3FONCSNM5NA
8296,AFTV3F4JFXJDF6N7NY3VVQWXFFBQ
8297,AEUGFXQCPX7OS6WVENXAJG4Q3ZOA
8298,AFYISJ3EEO6WUD3BUHGHMCCHEZHQ
8299,AEVLOK4YPJDFVJX6D4CBC3RC2RRA
8300,AGPJJOGGW6XMBIPGBGFXCCOP2P7Q
8301,AEHU6S43GXZVRNCVGIPVK2WWLHMQ
8302,AEGSZNY5GI2QZEY432OSPEGDL4DA
8303,AFJKURWQ34J3DGHVHKEEI7JB6OIA
8304,AHG3M3Q265YIJSQBU6LR2LG4UDBQ
8305,AEKKGSOXEEOYL2KVNHD3XI4INGXA
8306,AGDTEBZOYU6D46CDP5EKXFJXJRRA
8307,AFNE6OKT4ZTEBRDVGPFZWPJNFCGA
8308,AEI43NAIHRSJ3DHHXCFIDCLDNQAQ
8309,AHXOM744WJ2MDKZML6DD6XZHKNQQ
8310,AHQVTKF74SCLZ5CTMXTA32ASFVPA
8311,AGYMLJVMVYHDWGDJG73YI2JGGN6Q
8312,AEYQ27K6CM4HGIEPI72KFZFW3WXA
8313,AEGV73VNWIS32FJ3D5G6IRHUIXNQ
8314,AHZQA44XJRUXPRPUR6ZEGUQ5USOQ
8315,AEZP22D5B6O4ARYI74PNEQ44IAYQ
8316,AH7EJOB74S34Z5Z5YVKOIIYWTU3A
8317,AFRLWSYKYQGHYJ3TDL6A33EVB23Q
8318,AEZOZRI7ALU7L243NCYZK2ER6ENQ
8319,AEVOYJOQHMCR55YDR32KVJ36B3SA
8320,AG7EUESJYVTWB6KSXIBK7CYQJNQQ
8321,AE5E2OENF7YTHQOPHPZHXZ7XJ6VQ
8322,AFXC6IG7PDOUECIX4H5P4F37RTHA
8323,AHY5QG255YXIAVXY4D2O22OPDWHA
8324,AHW5ZMORJKQXUF4BASUKDM3XB6QA
8325,AFJ4BZ7OMLZP4QAWU6ASDIMAGVMQ
8326,AGAJ5XJB7GD6YHMQVI7SXANRYXDQ
8327,AH3MHAPTKLO3I5IIXHDFTG4KD3SQ
8328,AGYXJ2K4XKQZMBJOLEXBMHDBPTDQ
8329,AFPNNMIGROBSHRQIA4AY7O62BHVA
8330,AGF35H4JCXTUII7OCAIK4RQ6DFHA
8331,AHF5A366HU6ZNKHJOJFR5NDCXBEQ
8332,AF7H5ZJYKF37X7HIQGSJQICOXP3Q
8333,AE55M4WAJURH5ORGO5S75PJDI3CA
8334,AFATQLJ2SXSZLWFTO7XEGYAOHJZQ
8335,AHQION2EMNTQPCQKVGD46NCBQDRQ
8336,AEFHXCLE34M56RYHF2YN6LWICKFQ
8337,AE2KQ6ERYV4BCHJOSLLSVHFH2A4Q
8338,AEQQEODGZU7XL6KFJKVHI5XXQC7A
8339,AFSN2UQHAIJVGZ7TX3HV2HOL6GPA
8340,AE7UFEQ3BL67JGXRZM6DCS7TG4PQ
8341,AHJQHN6ILDPD4GXI5ZAFLF3R3XZQ
8342,AEWWHYC5M2N57BF2RM4R63Y32BRQ
8343,AFDURDWNWR6QJRLE6DE2JHO7OXKQ
8344,AF5X73H7LLZOLJ3XZDQ62HPJ3MMA
8345,AEYYJ4BJKWED4KSDOW4WPLIWF2LA
8346,AE4WBVBVMQCEDFLMUWCNJ3FR6HAQ
8347,AFOBTNUG5H75SM6MYYPCW6AD7BQA
8348,AFP5YG2R7EILQFTK63RVPGSWV6RA
8349,AHR2M7FQ7PQCHZMM2PV2PIAZE22A
8350,AHENVYZC6LVXYIZWXVGM2RURNUPA
8351,AHBEQJ2I4D6OBZAK2ALGFPG7R6KA
8352,AHOTUWOTBT5UZNVGCQK3LEMKKEOQ
8353,AEFQHXB45M36SCOFOJBBMHLQMB4A
8354,AERXHCMJZNAPMWIDMDCU5SK3RVCA
8355,AFXGMKCSNW462QJSNZESFDNAF2IA
8356,AECTUZQSR7IDDMUZC3L77RC24DMA
8357,AEKQJAIZYDZJEOGAC5UMHPJ7XZPA
8358,AE5AGVRKX4TBKBXUELIQV4PSKNDQ
8359,AHPYOBZZM6YICEQPRJMMCXQPLTKA
8360,AEQTOZ5I7HWQWYHTOYVX4UB75AQQ
8361,AF36UCWF6SLDKHYMBV7K5DOONUZA
8362,AE6UWR4LPRH4UGZX5IYBDZFZGYYQ
8363,AHA3CN44LQPYGIRLBSLTGW46AVXA
8364,AERJ6RAWKZZQMRFXXBFFHHBF3MKQ
8365,AFAFWT4K6WPTJBXOS7SF7E63ZHNA
8366,AEJC3JONWCRRBF3IIGJZMWSTNE5Q
8367,AHGNTQBEKMWHFELJIQTIQAC24PVQ
8368,AHKAUTUTOHCZCHRE7IY5CPSR3J2Q
8369,AGSMZG6YRPY3EPMB3XISYEPBERDA
8370,AGYGDFLFE4USFD3EGGGIDIJLKXIA
8371,AFQPLIVRGZSXUXNVBVVJ2CYZ76JA
8372,AGCNHVIW3EVMPNOAWW4CIEHAVK7Q
8373,AGJEWSUIYLJELDL3M4RQPIAL4QHA
8374,AHQTJIPSPFY4R3LZWCR5S5FKPVEQ
8375,AHIVOPGX7NKPALSDSSEEEBM2UBKQ
8376,AGFFGR67XOBHMSV5HDGPBUTQ6RVQ
8377,AF3JJN4IKX2IKVARCQZA5DL63VTQ
8378,AHBD7YNN5EUOW3UMWEPP5BCEIDCQ
8379,AG52MDYBKL4G3FGW7ZWSF4SDPS7A
8380,AHP3IAKWMAU67LGHADBBV37H4FTA
8381,AGWZ6ZSDCR4ONSDLUDL7QBILSSQQ
8382,AFSP6OBV4YEFISK5APYU72EKBOUA
8383,AGNJP2OLLQKSGZYRMUJJDD6HK5SQ
8384,AE6EIVNDU3DCLGCUDRKOCEDUVRYA
8385,AH6PR622KDXFHSFXFKAJDLNSIJEQ
8386,AEMEPDHBOTKFSS6PMKGURIZLQYGA
8387,AHQYU6LDPIPNW7LFMPJYUCU6HO4Q
8388,AH37G3NG7MAW2V2W75TFB5LPOUVQ
8389,AETRHA3EEFWQQTAPPUMCAZL7RURA
8390,AF7OFO3LSFDZHDDM3O27ED3RVQPQ
8391,AHWUEDIY6YJTX353IAAZZM5T6I6Q
8392,AEDDX5TXFTRQHJDQVETODVCUAQ2Q
8393,AGVFOJY5WJJR76YMSRXHQQ7KXPXA
8394,AHNVOXF2LRDB2HK3PBJ57HCAIRCA
8395,AELS6TA3WI5L4ZBID7G7LZU4V4VQ
8396,AF7ZYSLYYC66BNDQBVZ3JVNUY4DA
8397,AFY6EKZNVDK5QVAJ6PWI7PG7AGRA
8398,AH4FKDBUOIYTSO6Q77KV25H7ICDQ
8399,AF3RIHIBYMJBWJ44YZJGOCVOEXWQ
8400,AHXTNQPXCXFHLDOHQJPOQ6RHDBBA
8401,AE5PRZJDZJRY5G6NAFFH6HS6XWSA
8402,AHGJJQE3EG56EIGMK3M2EEUNJ2MA
8403,AHASM62SL3AU7IAI2WSIWLMJNASA
8404,AHXKFQQYHJQMRW6TTBYQZZSBWOZA
8405,AEGMIH7VQEZG2UICSNBEYAE5CEUQ
8406,AF54G75FTBESUJTAA7SKEVXJUV7Q
8407,AFYJSH5C66OMVA6A74Z66B67JEUQ
8408,AFDMTHN44N4GBIB2AHRAGIO7O3SA
8409,AEAJQ4MJBZO3QFSN2BBF2QNYAJEA
8410,AGHRVU7DLRVRD62M3ZZPQFT2ZFHA
8411,AG2UCRTUDVTNR5ONDZGE2D2OQCDQ
8412,AFXRVS3Z7L2QKPXXQ77NGYIXAG5Q
8413,AGIF7ZQ2KDKUTZOMA3YLV3GJDMRA
8414,AFHO5IKQWGF3UDKJCBJNE7BQOYYQ
8415,AGA3W6WUEZ4PO73FGDNDSPH6X3NA
8416,AE4SN4KEFYDF3SYBJVK4ZXSTK7PA
8417,AHHCHAI6EIIPF5TIZRFKZJVWIVMQ
8418,AFZZPGE6DC3MMH3J63GXANJ52ZAA
8419,AGNQ7EIR34ISUP6IRA3MJN2HDDOQ
8420,AEZ6ZC6JIGJO76CJKVRWOLBWO4AA
8421,AGUTSSYXH5NCZNDFHZDOSIFXJGNQ
8422,AEQ7HTUEB7AODCIO2M5MW5UV2Q6A
8423,AET7K2SGNYB5TXPXKJ3RZAYE3PUA
8424,AEVG43ZKRUGNYXKFRXMAVQOJM2PA
8425,AEPLJTGGLHLLHGSF3VXSBTJHDILQ
8426,AGY7L5TZLQ6O72ZEFXK5K2NW6EKA
8427,AG6MCYCVSTBTJ3DSRKCMJGG64SRQ
8428,AEEIYE5ZMRDEUVPUJSLWA2ZVQ4MA
8429,AHBEHN2ZKVFH7QUQXYWYH27GJ6XQ
8430,AHGIRVNQWZBMNDGDTU5EZNPEZF2A
8431,AFETWET5U4SVQLPYPNUOGS36EXZQ
8432,AEW3GRNKQGNW537Q2HCGKKVS6ALQ
8433,AERLXUX3CP5A6XHPO5RBXKSKQI4A
8434,AHIM7PY5TN6N37MNMEIQGSNKDBUA
8435,AGKZHSVT5YRQTOCDT2FTGQT7FZRQ
8436,AERNVTMUP3P7DBXWSXDAPOWIENHA
8437,AE2BAGE6YAPZGIVFRFDCLEASXIFQ
8438,AF2DD4BW5VVTB6BKQ7F2DC4SQVIA
8439,AFBT6XQKSU236UR4UEUQ2WXVJHEQ
8440,AEBMV2GE6TELQRF23TUBRCY7W3IQ
8441,AE3XIYY5E5F2TX3GZIGIMZQ5NFYA
8442,AEQV5IEST3VU7FJ32SX46NKQVRFA
8443,AF4XMEKXUV3AKUI2NRTEPGKPKNIA
8444,AHXHYJV3R462JOGPJTU7YJI5G6RQ
8445,AFRV7QLING3SIXRZWASBJQHH7FZA
8446,AETZLYK3QH5TZIGPC6GDXAZWP5FA
8447,AFF5PPGCKTZH24VTXNBLX3YVA57Q
8448,AGK5R6PJURUIN634HVU62UIM4KZA
8449,AHHAVHG3CHRJDBCRSW6D3YZGX3MQ
8450,AFTS44AHJNK6ZC46LDYITJS2YSEA
8451,AFCUW5NKY5ZB63STGMME45ZIWJJA
8452,AHVWTIPL5FCM2GON5B22EYANGRWQ
8453,AH7NTIEKLQTHS5JLC7FCZKIZTM3A
8454,AFLJ7VBTUGXAHZGM243T26VBSPNQ
8455,AEIPAHH26ZPLYNABINQZN7ZQK7SQ
8456,AGEOOMTSNSJQHYKRTLUMRZE4JZEQ
8457,AFY6WIKACT2EW2RAIXNERF6VQJUQ
8458,AHSD2WYNPWAWV4BV5WUW7BAK34MQ
8459,AELOG4SC3Q3CKLNRYDWMDNWISOHQ
8460,AE6L6HDHD2IQ7VEXOHFUKMO3IWSQ
8461,AEKQ55CRPD2ZWBOB2A254T2APGMA
8462,AERRKZMLMET2DWWFV4BVOYTYSYSA
8463,AEQ5QRJLFEZXPZDKWPRR6NFSCS5Q
8464,AHOLE7CRIMTYUKTSLEDXTXXSVIMQ
8465,AEDZBHE5GKOFDW66DG6ZZOJBIHOQ
8466,AET2GH4ESDHBFHXWUAN7FA77T3MQ
8467,AFLCJWH72IVNQ7ZUPFWKRDRYTIIA
8468,AFIW7ZGVL5OFNPYWXOWWB7SBMJNQ
8469,AGQFY3E2H7NZOPJDA7IITRHRV5NA
8470,AG7UDKXLN4JJW2LJNRUWCAL3HKFQ
8471,AH35TJXMUTUWX6AEKIMFM7JJSJYQ
8472,AGDRRJ5QDA4BKNY322NZHYH6X7RQ
8473,AEOAN5VPNLLTG3ZUABFCF4NFWCKA
8474,AEUQH3F3XQEGOOAVNA75SYB2OILA
8475,AEUXUGVMOSM3563Z6CMB7V43CJCA
8476,AHXPTUZIBSXEHKH42CUMAG7RPJYQ
8477,AESITNQNJYHZ4HROAWY3ER23N35A
8478,AGEXNO3EL62PZRDREYZQTRCMVUAA
8479,AEPJ3OVU6EY4EVGJGLHF7BMWLYHA
8480,AER76CHX4TDV4VROTI5VYO2MCIIA
8481,AHINB7SFAEKFFCDLGISDRGRHJP2Q
8482,AHYOKOGBVNEJS4Q3FQPJ7LNLHJ6A
8483,AHIUKGGYLGRA6FE455PP4QHKPRXQ
8484,AEN56F6VDYIMLNK2DLHOQLBJJCIQ
8485,AGYYP6TJPFAYUA4K5NRDAZNXGHRA
8486,AFL77S2FDZKPRYY4HSWOPXHCOILQ
8487,AEEHYSMDCVGJITWCLNS74UCC6B3Q
8488,AGBAB775RSRDNO4625G7ACSCXLUQ
8489,AFESZF5MCDKYZ3XVTNTRK3RNXHBA
8490,AFNQ2ZPE7OL42NXXO5M542BIPCJA
8491,AEG54WWTF6YNNTOYBY7HDXVDKJXQ
8492,AGIHGJ3BBEW5TIIIFHLFVI3FOBTQ
8493,AELMWOMHJKY2VSSVYVBUHEPCAHCA
8494,AH6YZRF56LYJ5F47ENAIUY6BWNQA
8495,AE3MQS2ZP5APB47EIADRXEJWBN6Q
8496,AFZP3CENCH2D2RQIVCZADGE2D54Q
8497,AEVBRVJF7FW3V4ALSVVLPNIW5UMQ
8498,AEM344RSFUBNOUHWLM6QNLF3VM4A
8499,AGXQG4S24U3PYDGVNUGQAVD6AGIQ
8500,AEM4OJ24SIVHM3IIXQUHD2MLYD5A
8501,AFSUCN43KQBSV3PZ2JBIBEWQQHJQ
8502,AEKDRFLS32RP56XGD6GHQIDCLIUQ
8503,AGNBPA5LSOQVS5WBDOQUVSR4BTYA
8504,AHTRFBQL3WKECCXZDRD3ILZRHGDA
8505,AGBNGMZAOSQUW763FHM5OUEOL2XA
8506,AHRYPZRW4OPADCU6XBCB2DOZNB2A
8507,AHE4E5IKQ4UUCFVCPP7HDWAC4IUQ
8508,AECOVJFGGCNYXJQ5A57ZEAROIKCQ
8509,AEIFXWHNQJW6PMMFR4GJ5J7WZ6UQ
8510,AEN6CTJYTANJB3ADDLAGKEWBSG3A
8511,AHJ5FKG7ZUUMR5HFM2XDZZEUYFXQ
8512,AGC4IY2SDLGI4YPBM4I4ICWLC5BQ
8513,AHK72LUOIEYKTYUETWU27KMMHCEA
8514,AHC7PZHTBRZ3NKWDX6TF4HYOM2SQ
8515,AGKG3PKTABYBOGR6O4VJDROS7J4A
8516,AEYKBWAKH5XUL2PJPUFKLIXE35ZA
8517,AHYPU7GMVWXKXKG5X2B4SAV5LBCQ
8518,AEWZ7EJIR7ONRB6K4IPCILXN5YJA
8519,AGRWBMBICS3NKRZ7RCHSGDUAGM6Q
8520,AHM6EWRJ7DGEQMXVN2XG3VR4BTAQ
8521,AG65OWZQP5CT5USKJW4LEANMURKA
8522,AEPUFXDBMZPSA23ID4F2L7ZOY7XQ
8523,AFFP5FOPWCBKIO7TIQJSCDIHC53Q
8524,AESL5JPIKYNPKMGYLCZQRT72SOBQ
8525,AFAC6RVAU67PFODB45JNYAUDBG3Q
8526,AEAVVYJUR5J6LF5NCW3I2NNBBPUQ
8527,AEPRVLZJWMPOXTGD7SAPT6UFELQA
8528,AGEYREUMRTGP3REDAQNLCJARKJMA
8529,AHXRRATJYQSS2R2YH7RTPHRULLFQ
8530,AFZQ6L6Q3QCHKJYWA6PES4ZIAFBQ
8531,AEXATMNZVIVL4776CMLPOCQGKYCQ
8532,AG3GOZTW3ASY7I7XWEWB3GXVR6MA
8533,AHOIT7PAP6EQ6KSTFVA2H47I3KJA
8534,AFDQQATEP3XECFM7I3H7IN6VOBEQ
8535,AHZTL3FLIVVEJVUI7CWDVZFQT7PQ
8536,AEJL4OHBAVCGGY75B7UCBEX5ETRQ
8537,AEI2UVO6J5Z7TUCESXAWEZCNMSLQ
8538,AEFIIPPQN6ABHSAVQ3XYIEJVWCTA
8539,AFWT5XQIKQ3JNQQFAFSCCZSSAQZQ
8540,AEDQ5I2YKRVETHUAAP4CQBZBV6UA
8541,AE4OJ7LOGA4FC6WIYASREBQ5VDAQ
8542,AHHGKA7AYGQPDEDDNZXPT22OA6KQ
8543,AHOJYC77HWMWSAPS3ITQECFUZKEQ
8544,AEJZJ6VEYAOES6KH7TUYQJWPCLSA
8545,AEAG5Q4NKA55CS6G5LCPIBH57ZMA
8546,AH6ISNH2SHI6INWJR77AHAU4NINA
8547,AFJ2WO4DII3PCDJC5N5MCEKD5PGQ
8548,AEVY33P27BERPW2IAQLQJTQCHJSA
8549,AFL7GPAGQCMVQIWSMYCC2KLJXTGQ
8550,AFGTETYFNCN4NXQHFVOLQASS2Y6Q
8551,AHEB3C3V75FK7EPO6CECPQYUIDTQ
8552,AGRGZKFVU7JAMMO2CLHL77RCXWPQ
8553,AHTSHUJU2Q4IBCPQ75XP3QSBOP6Q
8554,AGG2UICYDZDL3SIZAPLE5JRBLXWQ
8555,AFZWCRFTXGYTLWFFAYNKX372FFEA
8556,AH7UIUM7GRBBZN2HFNKYHSBJS65A
8557,AFOJXGHVLFWJZXGSTMX6HKN2Q4MQ
8558,AH7GJWOXMKPAEDD4PXQKTI6YWS5Q
8559,AGSF3KP3THONCNIA667WGC2DYXVA
8560,AEESSHSFHXVNKNJRB2N2YEJWTGJA
8561,AFNWY2ET2CGXF2YO5RWVJVHKU7TQ
8562,AFTLRFCK3L6CIS5RPVJBQRGCGQFA
8563,AEAIXD56GRSSBU4VDDO7EZS7ON2Q
8564,AHX6MSBEKOZ7JROYTDJSH4H7XEWA
8565,AHB3KGJFSSUWSWMOBGSRFRIGCLWA
8566,AEO4XRCDENL5QT3XTGAYGUWRONKQ
8567,AHP34B5ADCYFV5YMBVFXJWUUL62A
8568,AE65RMXEMSMF2AGGEZBQS2TUSI3Q
8569,AFT54TSQS57HBCUSSYUBQLEQ7XJQ
8570,AEZA45GBUVPZ4SS7G7FOILNUVSXQ
8571,AHPXJUJQD3BAQN7FMITD7XHFALFQ
8572,AFPAMHM6763P6YTZFKA6CIJR66KA
8573,AEKZJWOPAMJ6YFKZW3FLANYYQIWQ
8574,AEELB5XHDWNL2GF33DZJXCKNPU3A
8575,AEX3WA3SXWXUU7YNQ7GK5Y3554XA
8576,AHFWT7AV44ZGULALEXQPJNQKTIEA
8577,AH5K4VZ5L4VKFB7FEIT6K7AEVVLQ
8578,AG2IQWAXGBRJ7WBK2C72RAZO4CNA
8579,AGE56V2LRJBFMG5UPJ2TXKMRMVTA
8580,AFBXUIRX3XUATAGIL3BWJMO3VVDQ
8581,AHAJABLXZFYMQLU3DHEELI5ZLJQA
8582,AGK7CUTP2HKIMTB3HY3BXSUVCDNQ
8583,AGAOZZXERVATJDHVYIYP4X4HXMQA
8584,AHW44QMJEWGDXE3XNYAVHQRDW6VQ
8585,AF2AUEUVBFDRXCWHHZTGVAVFK4UA
8586,AFFIJAY5E7ZSG272YN4CVC3XSJZA
8587,AGVQG7UALSUWMBISIGA3YEIKOBAA
8588,AGL7VVNHRCR6JWBMRLFRQKXUX66Q
8589,AHRV5TCF7GGCPG5UPWE6AHFW6UWQ
8590,AEVYM7II3RE7ROQWGWWMIYUK6PQA
8591,AFONXX4CPURSGQ33RGLFL3EVI63Q
8592,AE47A37JIUM2G5IDHP2OWEJS53DQ
8593,AFOPVYIF6VNQ6KVYSGSSG2DJFKCQ
8594,AH7FFN7X7DWPXIKHAXHOKQYJIEMA
8595,AHXJFPC2IKGOUPYLFESNTYZUZMBA
8596,AGR65BKC65RQ3BA5BCNSWHRPGW7Q
8597,AEYH3YTVC7DEUPEVZEPKBOY32WXQ
8598,AGMVV62PONBQU5WN5PK5SHPD4OGQ
8599,AEZ6BBKLPP6CVIPSHARJJTVCAVFA
8600,AHFWZQDOIUX2C4VL5NXTY7KN2JLQ
8601,AGYK3FFMLAUTX7WKO2UDZ3TK2MOA
8602,AEMOKEITKCD2RIX7ENQ74Y2I63NQ
8603,AEB6HHBVEU4UUIL5F4RT6W4XYOFA
8604,AGVCAQKZIIDEF3EOZJPROZCH7MAA
8605,AHTDA4NRJFC7T2PAHLZ42ZJOGRXQ
8606,AFHN2BF44JEIJ7UAUFCGGRFD6WDA
8607,AEACRO3ELQ4HLPGES3PGWEJ5PJXA
8608,AEKMJFDEQDDY73OVI2LFA4QFWVXQ
8609,AF6AD25CGOPRDBPHPY32JVCID6NQ
8610,AFD7MVIWAKOGXHZD7UOCGUDTZMCQ
8611,AH25RJJRYW6OB5Y7VT2OU22SN3NQ
8612,AFBPEB5PZDRF5TBFDPLKETWVBQHQ
8613,AFTMOS7K7T724LL6WBGMXNU6PNUA
8614,AF6YXKYAX7JVDF6RI25HQ2AFLFRQ
8615,AEJ5KAELEDAAHKFIJJVIAUPSRH3Q
8616,AEE5VJIDD3COZ7DX2Y6UQHWF2Y3Q
8617,AG7UXQ2CCGY23EYTQ6T7QYFQR44Q
8618,AGELO5W4IW64YC67QULNTUGE3ILQ
8619,AGBPDJC677TJJYXEJHKLELQDVFSA
8620,AHWSUZBS7OTEND2KKL5JMPC7I62Q
8621,AGOEDKZNVSNQWSYKTLWEGKOZJUVA
8622,AEVDCHPFY7NGGGYDLV6ZDUIVNLLA
8623,AEQS6TSZDXUAIW3BDD3NS7ND74SA
8624,AFNXUPQDO666VE5DDLNWWZQOKNSQ
8625,AG4MYS2ASUAANMRKNFJQ4XFHTJZA
8626,AEIGANHQCIS6SFKCJ2TO3KJZDJRA
8627,AFTSF4OY3NF2ZBUVOVYBIMXPDPQQ
8628,AE3CY2TKBU4QR4XK6X2OQI7KFOVA
8629,AHYFTWFOHQSGNHAEYJG4TQR2TZBA
8630,AFQUUCNAQTFRWZSPVERULS6KIQEQ
8631,AFH6FHRE6KIEPQMLEUHVI7L2QHUA
8632,AHIAPPIX7RCHSQ3ABD3BRRDGFJ3A
8633,AGAASNG7KSIJWTJMNSJB6UFN674A
8634,AH3NVFOKHY2KZ3YDT3FJO4CBH2QA
8635,AFEOVVYLOW2VNQX5SYZERHCSYRNQ
8636,AHQVINIYX63CKM6L2M7HXYOLOY7A
8637,AFXTDXEP2HOVXSIOIZKY7ZCRQS3A
8638,AHVQ5RYLZ7UBA6EGEOFNA2FNKBBQ
8639,AF6E27MCVFKIOXSNLU7UVBYSAF4Q
8640,AEJLPW74UWKQPI7TH44T3XMTDR3A
8641,AGCR7JS4AGWTJU3L5AJZ2IAMDB4Q
8642,AFPUNHGYWGPJPELTC4AYSWPBRXTA
8643,AF7SRPCZRN2R2AOUSKKPZVZBFUBQ
8644,AFZSLU4SCFPPBRFU4EKGZCQGIMWA
8645,AHSFGMBNCQLYAYPYDDKVTWHDSYGQ
8646,AEM2KPH42PKRAKRXTB4CBESO5S6A
8647,AHZPV2ZUEXUYQ64C4XBP5N6VCLKQ
8648,AEXEE4UX2AZ4UD5JKRBMYRITKTIA
8649,AFKVVMMBK2TBCVSVYSMRNK5UQX2A
8650,AGO524ATVULJVRZZVOE6TBWJXELA
8651,AGVUDFPGQKLLLEISWHNCGQDFN2AA
8652,AF5YFAWKBWYKQIIFU6YP5WSBE7ZA
8653,AGK7FEOHIX5FB3MLODTAJO5K5JVQ
8654,AH3OUWFDIANYXUGI5NO2E3PESMZQ
8655,AEKMFQ7WKYNFUZWWRRCMOGRSKLUA
8656,AH52QPPQQWKHG7PXU3L3SGZFJIGQ
8657,AHYIHJLWBNQAXAXFNH4REB73V4XQ
8658,AGJ7NFI7MYSAUGS3EMRQOCYQ6CXA
8659,AFJYRXFXYPVURNVXDUR6BEIO26BA
8660,AHQFNXQUZ7ME6XGQZCLZVTMIRBBQ
8661,AF4BGWZYXY2HF26DQ3PDRBHJE6TA
8662,AHS3RZHFWSLH7WOUD4RTRSHQU76Q
8663,AEUA6K45QJK5VFCT637VYA3XI6PQ
8664,AHLIBKZNRQCZIBDRGF6XPQ744E3A
8665,AEELRXIB6RZSYHGNEZ425JTSDRAA
8666,AF35XZFTCPWN4HZT2FTH47DOHYMQ
8667,AGQQNDRFB5F6YFELPYSFSWITLGXA
8668,AGU26ESMLM6T5AQG74MY2MK3FAOA
8669,AHQB47V5CCQTOW6HRCDLKF3DCTFQ
8670,AFMJRDRVUA2ZEV5ZEW6IO75RALRA
8671,AEMOZ5PMNP4YUVDU65QEMY536VLQ
8672,AHXK7BKIWYDGC73O5MP2RQSG775A
8673,AEWKC4CVVZBNN4VVP6YGH37CGASA
8674,AHTDZE6TUYDWNSQ7H74JAVX7YX5Q
8675,AEFDQWYIDBQBQWLOFGRQ5BM3U5TA
8676,AGU4GA3BZV7IFTXFRRDBZN7XMTZA
8677,AH7KXY54QXXFQ7LTDX2JHAKPIMHA
8678,AGKJKB54R37WPG2WXN2BIFILDHDQ
8679,AEI76EJESAPTKNZ5BQBYXITJKFBA
8680,AFQ5VZSX4C5JG4TURNBVASOB6U5A
8681,AGPJFBG7WDMOJPN5WEAFUYGBUUVQ
8682,AFR726QVS5CW47X27AJKCEGA3HMA
8683,AH555HX46YFWPZJR44F5RXPY3ZAQ
8684,AF72GDR6ODLURPV2KBEC5XIQOVKQ
8685,AFCDZAS4CRWCXE4VOFBWWGOL2O6A
8686,AF4LLGMIQYRFGAG3SVZUMLWPSGMQ
8687,AGQ6HTJC6LVZ7AWJIT6KOXZBMN6Q
8688,AETJO2AGCHJTU2UEPJYOLAGIJVCA
8689,AG2RL4SJOXGUDCSSM2IC5YNQJQLA
8690,AE47J6AJVDDHYMK42UJHBRYZAYNA
8691,AG6T6O6BQLBYWQTOI42NTCOQPYEQ
8692,AHSWXDBTNCBIW5Q67L3EGO7CMTGA
8693,AGVNH66GDJNKXCBACNEU25L75DEA
8694,AHTKIUWQ7VTHQZINZEKOWSEITHWQ
8695,AEWFPQVCCHIMYLVQ2KL7V4ZVCVRA
8696,AFRPFOLWCYJWEPSYSNO24L247SLQ
8697,AEVR5TJLZLFKJ2ANAVP2U25RPFZQ
8698,AGANPZZYSYIDLLMZLRMH2QTV25WQ
8699,AFHCA7SIBT2G4WBM672ZHQ3M3EVQ
8700,AGJLG6NVPWSIANJ6CVEBYBDAZGPQ
8701,AH52DNERCX4XSVAWESYFGMBVPXKA
8702,AHTIUV25Y2J5LQEFIABVUSCDHUNA
8703,AFEBFKAGLWYSPV7FDQGHYNJV63PA
8704,AHTOABAZGY5UWDDFWJVPQ3S6Z4FQ
8705,AHIHEL25JI6CKWZBZW3WUFFNUY5Q
8706,AGWUL4AEEZ6RJBRPROHRK5S27ZVA
8707,AHXCG7Y4PS5V5BWIEUI3SNJJFHCQ
8708,AHYNEVULWNS2FADPUV3A46P6OB5A
8709,AEQXXABRSGZ2KLJDJ43JX5DCYHOQ
8710,AEP7IBRKTZQA45ZOK4SFILBKHYSQ
8711,AEXEW6ZUP5YW3PGUZFPGTWRIVOCA
8712,AENY3G2CJOJSM5GQ5CIVKN6IEH5A
8713,AFM73ICUEUYMXBEJRTPQ535RKZIQ
8714,AFO4ATIJIBTERXMJ5EANP4GWJAYQ
8715,AFOKGUZU3QPZLN26TBDXTPF46FNA
8716,AE3OXBLAP7TH36QPZOEMIZ6RLAGA
8717,AG4UV5BAHAQJIWW6IC62UW6ZAUPQ
8718,AFAFOMTGFF74TYYTEAGEWZCMECYQ
8719,AE2JRAGSFE2PKCQ2CDGZIVTKUJHA
8720,AEASDZI45WYIBP5V3FMBGBEBMR4A
8721,AFO6CSUA5BZ6I4WLKNHXJL7DMIDQ
8722,AEQ43ZQYERFZ4DJLY5ZPQ52Q4DMA
8723,AHFMFZCNBSN6ZC2VVO733PNH6SKA
8724,AEEX3USWKGI3NB5DQRTROO65K5HA
8725,AE4DYRU464PIJRCOKMVNYODZTB2A
8726,AFKHH6XFUDRAHBJQJLCHP5PQHTSQ
8727,AHN2EFPHKTYUGHWBC4LXBGPDOZXQ
8728,AHM5TT55XACWACTRUFWBL42WPSPQ
8729,AGRR2LNJLJJCLIEUG5BXBGMCJHDQ
8730,AH2FRZ3LP5A5WKOVIR6O2AVQNM3A
8731,AGNZWZPLDSZCTHXBWEZD3VQKBVHA
8732,AHPS26P344LSE4IT7JKHXRSLVNYA
8733,AHCLIIBFWI6ZYJKQJ56VNB4YDNMQ
8734,AERPISOWDETF6XXMXBPMDGAPMZ5Q
8735,AERJZCJUQFNSJOTCRJZ457TYGFGA
8736,AFZDDYPLBBXWQRVYU7N7WWWWAO7A
8737,AGQCJMEMR7OWIYTRAFNVYQM3HGBQ
8738,AF4546Z5SCG3J2PSAMEXX3ODRJVQ
8739,AGZQGMHGM7ISG2AP5J7W5TKBYANQ
8740,AGBK43S36XSDX7C53WGLQADUNBCQ
8741,AEEISJQZFCRK4SIIFBL3CEBTWYGQ
8742,AFTZKK72YWQOHJ4L3YBUJK4KRXXQ
8743,AHALPZCNMB5OCGWZOYUKWZHN6LRA
8744,AFZNKT3KDTFQ3NGMDBJ7WIAEEGVQ
8745,AHIB5UE7CU7F5ZH6GC56VIMXUTZA
8746,AH4Q2F62LZQVKNQCIH2LL2SJ4CUQ
8747,AGHJMLK46UL7Z7JW5EOGC54NZNKA
8748,AELHSXAJPOVVVYXYV32FMCQJCXLA
8749,AFS2U2JCEIRK4V2CJQ3NFJIYO7YQ
8750,AHEOFUAWWY7W3DMX42DSTQELXIEA
8751,AEUF6LP64PTUCG57XIWMFG66MZAQ
8752,AEYXNJZUIPM2CCOEWI5EBG5HLXCQ
8753,AFBPLH355DAI7ZZ4KDVLGS4LWN2Q
8754,AGBRK53BB4HVU2LOSZBNU65P76TA
8755,AFTUSBVLZZROT3OERBQ3OWKZ56YQ
8756,AHL4JWYZXEY5FC6TU5R6C5AJ6X7Q
8757,AFZINUZ4SZMNRWACP7N55H6QGNPA
8758,AE6B6DUCQRC5LX4I3SHTTTNVUBRQ
8759,AEAQJ6SXTQCHQH4XLHWMHEGIWW4A
8760,AHQ6R7IYLIRBDBED3G7YCYTIIZGA
8761,AHKCIGLW3EZKU4WHK33JEYOYFGIQ
8762,AFCV5ML4ELKXC65ZMEAUR4XIPAWQ
8763,AFKNZAQWTG7LMS4VYRGUZ6HZBRCQ
8764,AGXVRHLDXNI7NIFQSKRCS4OGNN3Q
8765,AGZS5VT6E22IBIXXH4EJ4SQZAZ2Q
8766,AF3WPSZ3G7FHKMK6RRSN547B3E7A
8767,AEC4RDB3RTJA4KOKI4WWESFO2NUA
8768,AFXIPM5NMEKTDY3CJVTQZGAK4K6A
8769,AGUDGPSZ6Z2CWVKB2UJO3KEFCM4A
8770,AGKV4BLT6W6IFKIXLSJZDA5BXFNA
8771,AER76ALQYMYZJRJPNBPA7Y6LVJXQ
8772,AET2WF427HFHJJNHYFGY6BZ7QS2Q
8773,AFZX63C4RK2TYI4DBSRKIQJYFHEA
8774,AEGGAXH2MVHYH24FLI53USIU775A
8775,AFSSWPGNUGTAGRT6FV5H7PLU6VKA
8776,AHMNVNS4FSCEURCENYWBCJW34TKA
8777,AENRVISCI2J7EKAX6EFSX2RCHTGQ
8778,AEBRAYETMO3ZVWBJ7HU7XJKZYURQ
8779,AFNMBP6ENOSH7TZFLTHECWHYAACQ
8780,AF4PNOVP7GV2ISTKC2JWI3MMBHHQ
8781,AFADRXN3OKKCQXGDLBTGMI5HZR5Q
8782,AF23RX4PDSJSLPMYQSZAAW5TJOGQ
8783,AGQZPVBFUURRFJFLRMRYMAXFGATQ
8784,AHQKPZOTWYR2QBKFAH43K25PO3JQ
8785,AHGSTWHJECRZJEQRKC2XLRDZ6LIQ
8786,AF2ILB6QZL74GPVPLFVRRECM5RJQ
8787,AHUMVT6LU76VKVESF5U7FMUY6JOA
8788,AHWQ7HQF6MKMTNXE56ERIZPQW5DA
8789,AFTCXCAIPRUHLEZ5ERD4Z47HCCVA
8790,AHDPK2RVRTT4QMGOZLX4VCSTFZTQ
8791,AED5JPLXLKGECQJFIPE27MRNG7YA
8792,AGC4T5VHLVNJVCRP32VIXXDL7CUA
8793,AFSOSEOCCZLJEZOXLSRWMOOIGF6Q
8794,AFADVW3MOM6TPKQLDBU452PBHZOQ
8795,AG6OCNRD4BSZAAK3MQ3I5ZBK62UA
8796,AE56LBK3BIN34NRZ7FWZMD2FLXBQ
8797,AG3KIYMJGHYBVTRM3F4XXR2VEITA
8798,AEHAA4EIOYSUDKDABONM5KRRVR7Q
8799,AETBAFJOVXY2DXG5WQ7J3IWQSQDA
8800,AG5RW7HI7C4WMFCM6UUEBUG5CLAQ
8801,AGM3RPVZ5RC5Q37ZANSDNHHQ6PDQ
8802,AG3O2YYVIP77RFZBZMWYW2KIWKOQ
8803,AFGKCJJWNSLHRDTEHUUAASOVHUSA
8804,AEGE4NDSRAY2UPQ7G7FZEJT2MRNQ
8805,AEMPSXUFXG6VE5UU2A4PVAVMQCZA
8806,AG4MKBHLCAOOIL7CNZNMZCXMZ3RQ
8807,AHGTQCSB7EQE334YGK7VWBVAP3NQ
8808,AE7WAOWZBYN2GLMSSGB4R5PTO6RQ
8809,AH7OBD6NI2254I64I7ITOEJA5KTA
8810,AHHWZPPDHF66ZV25MD6YCRHF4F7Q
8811,AGPBVTELTIV6QEO4R5KORPO3NIPQ
8812,AG2KH2A3LGYBDJ4BHOFLDLK3PS6A
8813,AHNCPVOKO6QDV7YQFQUDWLI6SXJQ
8814,AGSYTTYCBOKQHXH5522INVPWIQ7Q
8815,AERRMUTBWONENNVXEXO2QUYJELFA
8816,AERGXX6MTKSO356TFNIN73QLTWOQ
8817,AE3XP5VGRFDXHQ4ALNST6EZJZOMA
8818,AHVHQPXG6ATPQB6MRCGE5VJTT4NQ
8819,AENQHAMLHWILWHPMBVKBRTUE2F2Q
8820,AHFPU4FP2E5BLENXMUQNHQZ7RP3A
8821,AHHUJ5W6SQOG5NGOHTDCOOL4CO7Q
8822,AH3EYEFYTK4ITTNVPFD2CBULQCRQ
8823,AFGPEBAOOGE5EI6XPTWB24NLEAIQ
8824,AF6XYRARHYBPQVP74ARLH53QNHNA
8825,AHMMGQ4NBQHMBW7V6E3VP7DEWQ2Q
8826,AGW6LDC4PSQESQGPNFUPWXZZAVZA
8827,AHMNGEHNPWAMYDCFWBXZ5N667ENA
8828,AH22A2V5DC2SPFFDN6VIOESOCXBQ
8829,AE2ZWH6KQRZ6YJODCYPHR6DXWPQA
8830,AHXYDL456HZ23K5YFVKN7R2IVPUA
8831,AHBANA37U22CBJD62Z2WSDIQREQA
8832,AE3SCUDJOVMFJ7NWLAFWVEP3CG2Q
8833,AGFBZRKCG46BVMU7ZVW7BQZDXY2Q
8834,AFPN3YTJLZVUTAR4OCRF7YPGBJ4A
8835,AEJCRLNZWGTA5SJZ4AGP5CS4KMXQ
8836,AFQWRAVOXZMFFYRVKVNTWWJKWIBQ
8837,AFZVM4XQXUFMHGHIDUT2PP44WRAQ
8838,AGOV6ZPGYE23SUO3ZSOUYWCB64VQ
8839,AETFEMK657T6RRUGR4DX4T3BWD2A
8840,AFFIZT4XCLOEBWYAO5AGZ74RYFUQ
8841,AEG626NXDQRNJZ7725IS4HIKIGLA
8842,AHANOH22GP5GS3KZYFPIZNOKVV4A
8843,AHV6W4ZY6QZN4CYJYPVPII4LGACQ
8844,AHGFQIWA25NPXPDYVI64HTYEWBAQ
8845,AESPSIX7RBWTKNQEPQH5J4P2KT7A
8846,AFZZDZXCC2XRUQSH22TD36EHR4FA
8847,AH26NCKFCDSGOWSVWXIAP7RUBBPQ
8848,AHORK7DN2N2A24ILYKURGFJU6QBA
8849,AFEI752Q3QWIZCU5CCRAU5OAH5BA
8850,AEDZLLO7WPQUHGJPMG7RCSFH7USQ
8851,AGP3CABHQNFDDJA3BFZHXZZM5TOQ
8852,AGEWXHRYLWS4CGUIVBF6AIUOLPVA
8853,AHJVQ3HI2WPGKRZMGA7ZXRGNV4CA
8854,AHWJHYND6B2T3R2TCWWKL4J6IGVQ
8855,AFYM7ZC2QM7TZVDVE4CRZAAKSIAA
8856,AHPYCK7WKJJKNWAOZIKDTOFFPMRQ
8857,AHKC72SSFRT5ICC4ZBGWD43EZPXA
8858,AEWJFH4FFEYG75Q56KNUCNKG6SUA
8859,AGOZY6KP3SNAE4LTL6CZYIA7RKBA
8860,AFIVCSTOQNCX4ARFWJPBN3R4ODUA
8861,AFFGOQ3T3TBEL3F7CGUOZRSNCVSA
8862,AGH7H7JIHLULUDDSAG6NMM6RTZ2A
8863,AEWHZ77CCRJ5DTTBTJBC2ZJ73RIQ
8864,AELAETUGGWK7IQ5YT5Y66RWL26QA
8865,AEDEUXHS7S7VPGBTTPDESJHLO3MQ
8866,AG4UQNK5MPNPQSLUURP4YSKSAN2A
8867,AHGSV4B7N4PPL3LVOKGD7VAUZXHQ
8868,AE727TXKCVTK3CDSBDCE3U4FI6KA
8869,AFRMDWBD4RXSHKFZUOH6FGVP5I6Q
8870,AGHNKXUV3RQD5EFGFUFLTQCTBBJQ
8871,AEH2XWGPBZQY6GPMHAXJEU7GSWBQ
8872,AFFPK374KL3UTTTHS3M6NM6JCF6Q
8873,AH3LSPW7ZMQGBLQMJU3SHCJD5EGQ
8874,AGNDAG7VJMXZ3LDKKB3XSXPUGZ3A
8875,AG3YABPHQSUVHRVU4ZOIWMUH55SA
8876,AGKCWUORAUNLHLMW4F2CNMHSEN7Q
8877,AGOTLBPIOY5HKJMM5WYMYFFMNLFA
8878,AGHBJBKM7ETYSONYDNOLX7TPM25A
8879,AF5F3URSIQJ6VTQOPB7J6HOFRLJA
8880,AHFH3EADDJ4QY4EJQEOBFIRUXFKQ
8881,AFMYRVKFLKLN47AT4VMBLJ5JJZLQ
8882,AGWJNVSXDBI5BITDFWA5FBRLYPRQ
8883,AGTV526KQOF3STOE4P5HA6QB5YUQ
8884,AGVA5PWOIIESM3YO3UG2DUCHJPHA
8885,AEKYB7YHWAB2PT2KE5ZPYVHS6AKQ
8886,AEKK4GDPMJ2QBPYZUG4HZLSNULMQ
8887,AHIY7RNTWJGQRHP2KSN6KCT44ADA
8888,AELPP77D7PGW5FBOYXDWDCIUDZYA
8889,AGCOUBM5QW5NIEKU7VVSA3GLVNWQ
8890,AFZCOJR3ETDDFSA3MK6MTLS2AHJA
8891,AHEB6ABJSE4DCHAPHBTA7F7TWNXQ
8892,AFEL3ZQOGYI53Z7LS2QX4EGRD2BQ
8893,AFP7DYYAHEZ5OBD42OI7HQIX2ROA
8894,AFSUX7WTBOOCRCIOH6UK2CZRT2KA
8895,AHLGYFPJYKTPCC6ZSFOKVEGEE53Q
8896,AEAYF3GVZXAXFYQTXATHJ7OWM7MQ
8897,AGFFRB2H5M24ICUFFUDO4OCO2P5A
8898,AEBT55JVOGT5MMELOMDVQO2LSQRA
8899,AEMKFNQW2EE6RE2U6LHLFTWKAJYA
8900,AEHE3N7HOEVCGEDSF6O24GY4AEQA
8901,AFA7AAKX5EC5PEYC4C7TESYMUVBA
8902,AE2RO3TCTMWXLT5BYV6C76Q6TBRA
8903,AFUPOHRCGYFAUWDSDNAJVRADQRIA
8904,AHSB3KEPRF6SCBDORLGFHHSTERJA
8905,AFN5XI4ODRX4VB3HYKRD2DRTHBVA
8906,AGKFULLJOWEPPYGUENTTX6QJXFRA
8907,AGVD3HINBMBQV5XPBQWJRKFEIA5A
8908,AFRNSTFVG7CN5IIJLNSCJAPAMEPA
8909,AHGSMF4FKRWI7TLNO3IOMZSVLHNQ
8910,AHMR7T54ODGNMRMCJRCRH3OJZBFQ
8911,AHLGOHTSU77UZJZUHW747F3KVH5A
8912,AETCNE73ABPXUUYJBGDEOPLS4BZQ
8913,AEBIIMYPTXDSJZHPYYE6462RHGRA
8914,AE2SHJ6YYAATO6I3PAQIVXVIPSKQ
8915,AFU2KWGIXZON3RYFSILSMTHF2UYQ
8916,AFF3WIV54OXWNU2ZAKI6BSGYXZCQ
8917,AF7LJSXK3OJU5AGHIQRRXIVFJMRQ
8918,AFKC23LDY7LFAB5LAHIZ2IEYGROQ
8919,AFU6FTA4DVB2KAS43XR2QUDYLONA
8920,AFZGEAGWKQT4PBDLCQ6EA2SSSFYA
8921,AGVKPCJDFQIXSKJOLDERMZ6Y4GKQ
8922,AFKUIJ5EGGMGHNWLKIWFADISKAQA
8923,AHQ4ZD3URYDTGXBVUUN6EHG6UFXQ
8924,AHMLDAACPUVG45H27CCASZVZEUOQ
8925,AF4TXRJ7C7SDL477VS3YJ6IZFFSA
8926,AFVDHNBRYTRYNFJGE4DFI5T6BV2Q
8927,AGBOC3CBQQN7Z5DBDD62Q6QJJOBQ
8928,AGTXEHAYSCBP5DMAALHN66476M7Q
8929,AH7XYLEZIJW7XJ7ICZDIF77VHCTQ
8930,AFAMYWDMRNOJDI7QXALP52FT3NRA
8931,AFIP4NAFRD5LQ3XDNAJNMXWU2S6A
8932,AEUSCYLNKZB4ZDLKMXXARQUNUAOA
8933,AEC6NLVBSNM2WBG25HJM2NTBP6XA
8934,AE7T35JVED34IGC3RARALGREH66Q
8935,AEVDZ5WLY4LPRYEUUOT3F6FO7FCA
8936,AG5MVPQOAKIKTT5T5XS3UQP4HWOQ
8937,AGDA7NXTJ7223C4ENBCFL4HYA5UA
8938,AEODMV3B2CLAA637BVJJHHEZK5UQ
8939,AG5LJMD3JXJYRN5EFWCLWABERAGQ
8940,AG7UTHYZDMYXZOZONXETPVPKSGZQ
8941,AFVL67Q6H3TM5DJMKRXXOPWU4PHQ
8942,AFFV7VOWNAV43XVGESUMQK7DXLZQ
8943,AFNRROAO5PCPX7H7WLXGE6DAUE6Q
8944,AGTLMMHO5AGPFIV64ZYX66MFM2TA
8945,AEUFDRJPN3HSUL5CNN33CMQZSS6A
8946,AF3ZJ2LLSM3V3NDV3CFPBRIJBJ5A
8947,AG6MFR7BDHMNQKPVCCX5SH4B5TSA
8948,AGKSMS3DYO6Y5U2ZUCF2VQNTJ35A
8949,AFQJ2QEYCPQ455TILXBADM5K6YZA
8950,AFCGPRAN5DIKFCZQPLQC4VFF6RVA
8951,AHAR5JH7CL4Y5CJZ5HE4PC2IFMAQ
8952,AHDJUSTQHTSNI2X3D7RRXPHSBYGA
8953,AHSNBQZXWZ2BARXFZCNNIV52INCA
8954,AGFXTL7TRCNV34QZDDC2IJVEDI2Q
8955,AGUE4YGWYGS2C6OJQG7544Y447RQ
8956,AGSNOG4DPWDLZFQA5DW4K65EPAIQ
8957,AH2P5VKHSJN3BD7ZGUITV2EE5EQQ
8958,AGQ2G3FIRK5KPVBPXISFJVTBHBPA
8959,AGZ2Z7LGT272WMZ27JUJJVEFOTAQ
8960,AHM2T4XUG7SBBQK6ARDD3KHFLYBA
8961,AF32LN2RV3DIEPWSXZUHTDXT7OVQ
8962,AFNR4P3DG6ZFQVJ2GRD7YV26TWRA
8963,AG75UOCMMNOX7WQGNF2HVVXPKY5Q
8964,AHLP4EJB547PZUY2HME3URI6KEPA
8965,AGCKVTBF64F4FLXD7ICNQJ4MASKQ
8966,AGWCCNPKWLYFT2XD3XNDRGM23W4Q
8967,AF4XEEAMPZ3QH4CXTWDKOJSII7JA
8968,AF7NWPWGHPJBSZWLTR6WUYEMKR2Q
8969,AFNFUJJEMABCYRHUVAIWDD73JXLA
8970,AE45VHE4V2JGKP4XS4RM3DYVH47Q
8971,AGYOR5TLRXDE6GHUALAR6LPB4HGA
8972,AGLVL6OT5LFTGQ6XTF65ATH5TMRQ
8973,AEFZVJY4QK2ICQLBDBN2YRNJS4BA
8974,AFBL2HXQLCQIFMREAC5HI4QZEINA
8975,AGV4VBPV7OQLSP337ORMEKFF75OQ
8976,AEBHXINJN3FI5J72LEHZWI7VJKTQ
8977,AEFG4PDKVKLT4LZFXG4HGXBKTSPA
8978,AEVLSFDXY56VZIU2CEXD34UAZOMA
8979,AHWYHYHIJ4G4LQNZLJUB4SD3HSSQ
8980,AEML7EPRIRHPH4ZW76GCNIQHLCEQ
8981,AFDM5MCGJTZKFAHFSFA3R5YYPUCA
8982,AFHBDDHWOP7NRR3T4XTXN6ZB74DQ
8983,AEWUSSKQMDY4FR4KT6MIZJ45HF2Q
8984,AHK7DNZIAQ55BQZ7DVDYE3Y4YITA
8985,AHTDCB4Y3IHPBOP35EEQSJT72KUA
8986,AEZH5FFJZFWUZCLLCCPB7TFD34AA
8987,AETULQEYRAP5PW45QLK3LN5U7FFA
8988,AFLKZGKYPGLGYRZY6NPOKSDP4POQ
8989,AF4EP5LKT3H5BELSCBQWCL3NBRVQ
8990,AHP7UYQ5M5LC336U25BGKPPEZGTQ
8991,AFDETZ2XS3IZXC3NF4CLGMFBSFLQ
8992,AH4FBMOZTTJBQX3LMTMNQNU7SVUA
8993,AF6ETNLBOBQA76PBD3RTNNLOEUNA
8994,AFEVD6NUVCBMH4MY4JR3BBLQALAA
8995,AFNM2C6R5ZMZGIN6UTBRPRP6PPNQ
8996,AHBRACBEXC532GGYGLVYIIE2JVNA
8997,AEP4VDASWFN4CO6GVUXMZSSWILJQ
8998,AFRM2ENZBFLUCYKNHSRM2NVNPZEA
8999,AHZNMVSQCG5HFTOV3RYJ4HW6GDBA
9000,AFKTYAT4TMSFS45ISU4WIQFOHFWQ
9001,AHAJQPHSUZ5KH6JZCR3KEYOVG7WA
9002,AGLGMTRHSNU3SNPGDVTZVTRWLLTA
9003,AHHFHBJS6NRECXMGXLOASXICY2XA
9004,AGII7XUHKN7L73OE3P4UIABMR6MQ
9005,AFBW7A2JSYCJK4LVK4XOC6IU3FNQ
9006,AEABRJZ7EU4E36AVQ3VUMG3UZEWQ
9007,AHPZGE2BNK4NOP5OUUAZWLSGZKKA
9008,AFMKLP7Q52EOSMGHAKKKDZYYC52A
9009,AGJTZYMZ5UZU2LU5YZNQBJVM2GFA
9010,AF5JP25T2ZSRZS3KFP5H6KLUSHEQ
9011,AEJYFYJQFBK7YPY644O7VSC5G66Q
9012,AGLJAPSLDSR3VR7LTPT5NK6RXFEQ
9013,AEZZF4Y52THPMLLKZ65TYVCGNBAQ
9014,AF7PF55NOB5QQ3USHOOQH7FLFQKQ
9015,AGEQEBSIYMVHPP3TO4EMWWFUKXUA
9016,AH5VQNCQILWTTIWWSY34UPOHSEEQ
9017,AHDA6GNFBAV24PPX73Y73OAYGM5A
9018,AFFWW36OPQEJVTO4DXTCUD7RHPJQ
9019,AFKH7H2O36UE3D2IFRJH5WEUHCGQ
9020,AG4ZIT2UXUSLBVIZCP5EUCOCND7Q
9021,AFQQEGD7JZGGYU5N5VH7AF5YUB7A
9022,AFHQDIMA3EZ57EZ6MKZYEEQUOX6A
9023,AF3KY2S7URBX4QWDI6UCEZ4MW7OA
9024,AEDHGAVOEQM2RM2TLZZ37T6CTD7Q
9025,AEVM26C27NVNFN6FCJONU2L55SSA
9026,AFI7KW7BW5MWU5E7R6VVEDRRPXCQ
9027,AHW5AVJO6AKQZNW4RZQCPJHEUIVQ
9028,AEYJKS3EJ4VLMOEYG36VYXPSNNZQ
9029,AGLQLLL7KD42M7ZOFEWD2VIOB2VA
9030,AHINXCJKM54MFYSA7SE2YJFCY3LQ
9031,AFFOPURMZEPGWJAX2KSHBCPDFF7Q
9032,AGHCV57HRKGWAV3LKFTAF44KXHIQ
9033,AHGEGJEOOLTNDZQVT3D735XVS4MQ
9034,AE2WYYGDZLPF4MMFJELXKI5GUR3Q
9035,AG37XK7DER27BEX22W7PVGCMQ66Q
9036,AHZKO6SZ5G62WKZO65N6TXI3CAQQ
9037,AEQ4HDZ53JSIFAW3QQK2QGOY2VAA
9038,AGCH5BKPCNSMY6F4OBTRFDICA4TQ
9039,AHQCEHRTLSD77UWL4HQK4ZM2TWNA
9040,AGRHISWYGUUNT3UBJADBSFMW5WUA
9041,AF6R522YKISME7CFXOHARNHBVYUA
9042,AG6OE24WAIPWUHV6TMVPY3DBLPRA
9043,AGRLOG45MC4C5FFNEMTCHGWMCSUQ
9044,AEX25RELAK7TQTM7KJA2GYKDXQ7A
9045,AG5GJRTTVC56UN3J5B7LPV3SMHCA
9046,AHBMXG6GNPWPYPL2VKJU2NYR36TA
9047,AGNZCFMF3KMHDVJLWSGATHM5ZGYQ
9048,AFD63XBJHUIKMWLBZNO6SHN5WOAA
9049,AHLNGOZ4ZJ3VBN6WQDC7MZGBE36A
9050,AHP7WLMAMKM3JF7GWTKOZP4Y6G4A
9051,AF65H4G3WWBJIR5FNOJQVVCIWLRA
9052,AHDRBWHUCM4FGDM4DTQ77KL2UTNA
9053,AHFM744SBKHVGYHBNOBUQ2QRUGYQ
9054,AFABWF7DHCO2WB4FUMUQ6P6RDRZQ
9055,AH3IWJMC33JXLJA6Z2CKUA3KQGRQ
9056,AGZDZ6FNTZJPUTJQCLG2CQ2NN7EQ
9057,AG5ITAU3LPOPWMA4MBLDILYADQWA
9058,AGBD6I76U5PO6JQQMNJQ3VYCBFBA
9059,AFAN45TJ4IMI7HK4Y6BWMBD5FJLA
9060,AHC7H4PZD7CKZEW35ZXSWZXSPB7A
9061,AH6NC7JC4SPPSXQYC6I4UH5PBLMA
9062,AFOSJMPTPDXKEYXXKXP54NDGOAPA
9063,AHKXFUXIOY223HNTM7JJ3LUKN4NA
9064,AGGSO62ERUILL4S7BNLTHHX5L4WA
9065,AEATHEUNXTJRVSKY7BNECPFO6DSQ
9066,AGLUH5JWJ7CTQ4UBQYKSG7C26COA
9067,AHGQUIWO7UEVCLMNK7TE76DIHSMA
9068,AGHFGFFK2YA57LEYHYFPVHXNIA3Q
9069,AGKHBMAXKAGJC3FHYWDQH2RPUGMQ
9070,AH4RMQ2KH7JUIE7LA6TM673N23DQ
9071,AGRFPDMBQSK6EJROMT5VEFYAHBRA
9072,AEHS36TU4ENZFDCUEVZWVH2WEQ7A
9073,AG64H5RRCJI7AR7DS2744ATYMMVA
9074,AGUVVNCLY4UJGR63Z4SPXT5OO5TA
9075,AFWN5HQO74I43PYSNYZRUYQZA4SA
9076,AHZGPYMCHLZ4OOY5ZNJZTYJDRPLQ
9077,AFOR7EKECZ235GDZF3BGJBLFW7IA
9078,AG7GV6NPNCDA62EPN6PYLZVFLVSA
9079,AEXZAQU3JYZ2TWDB7DIHYZO5N6CA
9080,AHJ2IXWS5PGUNLG7C6VGQT5YCJMQ
9081,AGUFH4WPDMXJIXTN6ZDGUEZYTNVQ
9082,AEPKJK6LMIR7TAY2KRYIMCNY7KNQ
9083,AFSFBW77DSVXYJZSLJXKXDY5IFBA
9084,AF6A2AEQFNZGW6MEFBBFTRJ5PVPQ
9085,AF57AOHOA2P7G4CO7RFJAKNDKJKQ
9086,AFWSJTEO35WG6SWLMPLZ3SG4ZWXA
9087,AF7PLGGHZDUERV5YR465RBSXBYEA
9088,AGBYU6HYPV3FMMTXMUZIGVSI5HMQ
9089,AEGAIGZXWN4UOH4637QNXXTT4I3Q
9090,AEPLWXDNACJWIMU5FAOWQPW2WCDQ
9091,AH6HWGXX3EOFXF5FJEM4UROYFMQQ
9092,AENYNALHQT2Y2WTJI72PN5KJ2CVQ
9093,AGZV4HNIV64J5NCZAMJXUZQMVHHA
9094,AHF5SRJMHMOXLNO2IRLZLWDYMYOQ
9095,AH2TH6AQYCVENFT5TEBIFCUNYTMQ
9096,AHJPL5G7IUKA44RBMCLLNLLPK3ZQ
9097,AFBYMIJX35II4R2QIMQFQ2UT2YKQ
9098,AFQO4BXMRX6DAX2C6EAIQWL3SN5A
9099,AHUPOH2PYTXUTZ43UJB23I5UII3A
9100,AHNUG5GSXWJRNIFJUK2JAK5WPAFQ
9101,AHJEDED34CJVX3AFCS72HZFJCL4A
9102,AHGIUN42JR3LGPUIJ2MKUV3QK6JQ
9103,AHMU3DJADXZQ4G22H22AGIEDCMDA
9104,AHIDGLQG2F57G7LZWXQJY4ZYBRUQ
9105,AHTMOAY33OAMDQ3CQYKZWOQNDMJQ
9106,AHQJO43MBTHQ2MY4ALUXSNJ3TFLA
9107,AFEFSKPCFBBF7V7KARTHR7WATGNA
9108,AED3VVN3XA3L4B647IDQUBHNU2HA
9109,AHR5XUBNBNUVTUP4BSG7YQGJPITA
9110,AFU7UZH44DPYGKPOJUXFK3FL3Y6A
9111,AGMYTGSAOUGJB5IFNNEAVIREBVAA
9112,AHKLLVSWZSLB54UOYIK3DI5UUAQQ
9113,AEF34E6C3GGLB5SR26TNZ2Q4XOYQ
9114,AEGQ2YMRIEXQCIWHC63NO2LBRMUQ
9115,AHGIPOQMQJFC5FR33H54SDJZZKSA
9116,AEM7Q6NWDG5IES5SFH65ERMPL2KA
9117,AETSEGXRNTA4MGPKFYT2VRP6EJSQ
9118,AGG3NDCENHO4BCC37YJJIDHNUFDQ
9119,AHDYBWZYDUFF42F7ELX24TVJPJVQ
9120,AFUHMGAJDOM72FABCNPBQK2CKOFQ
9121,AGNJV7ZFNM4DPPK5ZISHZ52UFUXA
9122,AFCK6J5DHVJWOHJFYCLMS5V74ROQ
9123,AGQAFZTSDMRYTDFB6ZOYLYG427UQ
9124,AE6YURWXID6L6UJZ2BWQ6IZI6D5A
9125,AE3DOFRKYXKNZAI76VUKZBNNISBA
9126,AH3RXYMEZCDUPFH3IEOFP2BO5URQ
9127,AGNFFLOBFVIQTI73ACU5ACRY4MIA
9128,AFF6WK55MBZTUT6YVIW5FIIMZ73Q
9129,AHDFEWZPYXFNHXABK2X6MT3QU7TQ
9130,AE3SCWZ6CDM3OWLUYYGKYDNSWMBA
9131,AGL44T6LXUNQL3I2BLV6UDTDTESA
9132,AGBWZEMY5LHEDEEAWQ53HGIHED6A
9133,AELNSFVUFP4LOWS4SORES2CQFRHA
9134,AFSYA6BD4XYPZ7QPFFNL7NG6K3WA
9135,AERJ3L32OSIXVZOD36JL3UBA7DQQ
9136,AH6F6KDPJDT5DAUAZWRLD7TTXAYQ
9137,AG6QSWM4G6GHT3VY5JPEW6J4LDGA
9138,AFT4PHM5UT3GAZHZLUKQVQMVXCIQ
9139,AE4XGK2RUG4J7IJAC5UEA27QN3CA
9140,AEOESRRX5WVKU2O3NUWXBUYQCK2A
9141,AFRCBHEJDEJ2BY3I7A5Z4GJ7BRLA
9142,AHF52OB4267J6HNUEBB5YRLWJ3HQ
9143,AGJMZPAMC6TR546MBCVVIBV4DVAQ
9144,AH2FFCN67XPNCVHVBAOYJFB3ZOHA
9145,AHFQHYM75EFLZAOXW2LCWRIQ5EVA
9146,AE5MZJTSZCMYIACIV3DVAWIFXXQQ
9147,AFQORL74SZKG2HATOLF7ACHW3RRQ
9148,AGPVWLRRRTLTXIRVLPGGARE7YTHQ
9149,AEEKVSMBSN3KZ4FIRHVSGFBGZ7QA
9150,AGASZ377UAUXDKFUISLHCAK4KU7A
9151,AFYKYLRF2MLYHZPBZUJVNRJVYAWQ
9152,AHODRFVZRMXO2IPWO2KXVFZP5TDA
9153,AFDGFP54X2SG62NDTWNOXDMAUDLQ
9154,AFPWCQPZO4OQGWEGA2A46JJNJMVA
9155,AGZCNEGOJAK5ICGXMQ4X6BGGIEQA
9156,AFRNIZDN43GYANOJ7ZNTEW6LP43Q
9157,AEFV3GNRZB23OOKJJ42ESHWDXPPA
9158,AF42U5S5OGRRKXQYYJI4IPOXWQBQ
9159,AFJYPTXL6WDJGQNVQP4OO6FTJTNQ
9160,AFBMUQ2MNBRYOE6QFBD5WICZS4FA
9161,AGPVRUKQME6BN5BBLD4E5SXJS6RQ
9162,AHLHAWARL56UGUPJ7YE3VC6XAS2Q
9163,AFEAWMP6G4IQFY725JQQSBQEY2HQ
9164,AHC6PJGWXZWWFYCVDSUPCOGG3KKA
9165,AF5DQPF6DWWAB5Q657IPBEQEPBTA
9166,AHA534WR6PEEQKIM6FKMT2FTXIUA
9167,AGPOGAE5YOZ7JSLXZQIT54SSEREQ
9168,AFY4IDOADG7JSC7WLLGZ3YGKSXJA
9169,AHOKWFEN3HSXP7QXG4QJFV5EAWEA
9170,AGKEJXD4VO3476KCXXIJ5NJAKV6A
9171,AFUHKO2P2A7IMXOXCXDH3TAIMAKA
9172,AG65Z3TVMEWPVLQKXYJE6S6NTOWQ
9173,AF543M43B5UJW2RJQJNZSB3TDHQA
9174,AHDR5TU45DRRKSNGIZGG5ULLTKBQ
9175,AEZMFM2MBORH7BDBZLXFUJGCRQWA
9176,AGOIBZBHBJOAFWWFV76DATYCP2RQ
9177,AEQUOB4Q5XFKFLYI7AN7EFZJYOUA
9178,AELRMTCG22P3PR6EHTRHTLBY2MVQ
9179,AEOSJZT2GKMMUHPGDYLCZAXDZJXA
9180,AH7FPTU7W7J5JKB5S5PIGAH2JILQ
9181,AEKRNSF7IVAFR47ORAFHJOX62BLQ
9182,AHQHWZIZOVZNL5CWEZIR6JWLQ75Q
9183,AED5HOJRQYXXUSMLJWQJ5LPNI3IQ
9184,AHV457B23RGSGA2YN4TNUABA57RQ
9185,AEN474P2SC4P7GP7EJBTN7UDZD7A
9186,AF5JZ2EKSNRGQ5FKVWC6YTXIQIEA
9187,AEG7H6UDGX5R3VHFHG3OVM4I4JEA
9188,AFFB3K7NSCLBUPZRJHYCWWVMRIXA
9189,AHXIGXZUTFAQZDE33EEP5BTJZRVA
9190,AG6SAMF3HOO3WUJWCOEHVTWC4PBA
9191,AELPIEH53TMAETQ35Y2IJDXINGWQ
9192,AFFCECTXTN7RLGNO3DNPYIYY7TWQ
9193,AEFRA3RE4RP4G62P6GS6BXQUXDDQ
9194,AEUKOVW3226WASKSRH6BAEYG4VNA
9195,AHOWQ7WSWNMZTK6KFNXBBS3TY2OQ
9196,AGBPKZ5ENFMQRRXSQOP4IQR7RHNQ
9197,AFCRVR5BF4INYSNAFWCKDCCNZXRA
9198,AFE6XTTO4F4BROXJZJZL3YODD3DQ
9199,AH4UCUTDYCMQ4LWDZLGLTEYEK4CA
9200,AEILJYIGGJWT5GHWNI2Y32IAMCLQ
9201,AF5A4GPQKVH66SLHWBS5MOIA5RMQ
9202,AEOCCS3TZ65FXHEHZSVFB2NCM3RQ
9203,AGU3OLAVZQSCML7XRNR7S53BMTGA
9204,AEUYRVU4Y3FCGHXIXX3G6IV5IEQA
9205,AHRVF4F6G7VECZOLYWJ6OLHRKD7A
9206,AH2C22MWRQXFWWQRIPTHS5MI5Q2A
9207,AH2VRMM6W2633EDUD5PIHOKEBUOQ
9208,AFNARCPQ6K3SKUXAPL4X6FXWNS5A
9209,AFTYJFMUJNOVPYLX24M7KJG555WQ
9210,AFHI7G3WE7SZGXFOSV4OYHDQOI4Q
9211,AENMMBE2QG4YR44YH2FNPMXLP7ZQ
9212,AGVKSR6HENRODLV6PSJIJTAPBMSA
9213,AGVFUSNMLNYPFTHN2WFLFUFHVIBQ
9214,AGIVO74BEZO75PXH4GYZVOG4273A
9215,AEAODIQKQDPJXJJU5KF45ZBWWBHA
9216,AHHB2WO2IPQMMAN33UEMJGH3DSMA
9217,AHPAENKJIRBKK44YBB5I3G3A3Z7A
9218,AG5CMDKOHPUZU5OJZMTBEZTH3OXQ
9219,AFBVMYNUQKOBU5VRMLCOXLVOJ4VQ
9220,AGLNO5KWVMH2AENLDTAKYCU4TG2A
9221,AG7TQAKA7HJJVBC5IDWTT6AWG3QQ
9222,AFH5RJMTHHCBYIHP5NIIHQO52DXQ
9223,AHDCZVHPFLKVVM4XBCYKLJ2ECBWQ
9224,AGXKMEAFFBQ6FMADQYM6DG37QRZA
9225,AFQ4373CV7G775P2DBOU3ISCV47A
9226,AHEL77EBFYRO4JYXR3QWTU6BW5QQ
9227,AGSJ65XITW3DZNI7KAQYDRO6GFJQ
9228,AEA35YTRL6NJV4CL6A2RTZ37QJGQ
9229,AF4EDQF42DJMKXEBYK37V6TEUIFA
9230,AHFP2MJUYTX3HYULXNM24FIIHJ6A
9231,AFMDDGDRLYOSULYBGGS6EPMIK6WQ
9232,AGNX7QR5BGTG5Y37AXTGONTUWAXA
9233,AGP4HUJAND3OEMB4XOK5KXCK5XPA
9234,AF32YRRB6MBYHQF2756B5ZU7HDYA
9235,AHT5EV535HO2FBKO4L5ARPHLJROQ
9236,AEVAREGBJHQDX6KCSAP3WYYWUHOA
9237,AFXUBP4DJ6D4NS44G4REXN5LANTQ
9238,AHCYY74OMZAHDAQVKATHWRTDVLHA
9239,AHKOQCQ3J6HZKVA6YFHJDCJVQP5Q
9240,AEO4GFZQAWF4CMEKXKW5DIG4TMQQ
9241,AGDZLNXW7XXVGVUKEPE2LSNI2ZDA
9242,AFAV4UBLCTUPAXQQYSUANEOVPBWA
9243,AGSEPFDUXCQQBY2UJ2GE6OJI2BCA
9244,AFJQ4OBA4ZV7PHBJQNERUVN7UZOA
9245,AE54FDSSJOILRZTD65LP4YD2KNAA
9246,AGU6SI3PL3BOOUH24DAOHHFITZQA
9247,AFCRQHSMVCM7AF7LIKHZN4L7S7RA
9248,AHCUX7GGUCD7GJ4RQXSHJMIJTNQQ
9249,AGIW57AAK5LXL62BHZF6W243QM7A
9250,AGV36YNA7J3TDPPR3YBBMACG5ECA
9251,AHIQDYYXSLY4SN625TAGUUJWLP3Q
9252,AEETVRBYA4IU442QIAFC4N3RBW2A
9253,AFIKBP77EDEK37EL4YK6YTX7BV2A
9254,AHVNGMLNDTP6IIANVMHP3NQRATZA
9255,AFCTWDQPOB4C4QKJLT6EBPRQ7KXA
9256,AFERCOVJYRJFBEUQUE26KHJETFRA
9257,AE3BGELI5KLFP27I4IIFCKBCL3BQ
9258,AGV7N5YPUY5NRFV5H75EIXBMWYVA
9259,AH6ODI4CS5SB4JYBGBTVM3WKXPNA
9260,AHMHKIPEHQVWDNJMZLC4IMYDXKNQ
9261,AF72PHO6DSM7Q377MT5V5LFIKUSA
9262,AHLIMBWSO2BKQLQ42DLHCH2TVE7A
9263,AHGZ23NWUHQVWHCNVNORUJXBS7OA
9264,AHSW2WRGGZPVGP6FYHCGBVZG2GUQ
9265,AHTJXSG4TDNPM4BTCMB43VHHTBOA
9266,AFK2IWFMSNXTJWE2IG6WFGKIIJFA
9267,AF7IJ67M7LJJLR72IZB4O4UESD3Q
9268,AGHRYRYEAHJCBNHQZZNNWEHREUIQ
9269,AH7RDU3577PDHY5QUSCINR6F2FCA
9270,AE3ISRW26EKAGKPWFBEHM2ZAW7EQ
9271,AEKGLMKGA5UOPMVTLTANXTYA2QCA
9272,AGU5VNGQCMHZGEHEPVWFUFW7HX6A
9273,AHTVAVSVLENFWTFT2GK65ZDL3X4A
9274,AH3UNCTPGYCQNFZPR2BGHQXSHXPA
9275,AFDUX4JAWJJLD3AQAMPM5PHCCQWA
9276,AF3HALILRW2ANCLIAD6XHWMPVHPQ
9277,AHQK7W5UX2LVAYPJ6UE7U2LIWRXQ
9278,AFU3YUY2TDNAXM6O6B72DN6OZRRQ
9279,AHS52MICQK7GY5WZPVS2OKEHKYCA
9280,AFXTMO37XVTUXITGH2GT6KJK7WMA
9281,AE5WW4NUS3YLA2T2OKHSQ2IOOVUA
9282,AGUSHDBRJ5W7BBUJ67SPX3OKPYOA
9283,AHRDCINGOYDIXMS2YCWR2HJSAVEQ
9284,AH7JYSZ6V4TKOBH2TZ65A477YQGA
9285,AFHVJ6GNLCCEMZOZMC4XAI6QXTYA
9286,AEMJTMGI5X6AKWQTNNWGKGORIMJA
9287,AEPG2R2HVRX4PMDJIDXPGCY5QWEQ
9288,AGYFXMJTQIGX4LUDFNTNVX3R6BSA
9289,AEYQDIRL5H6Z54JI7KBYGX4BYF2Q
9290,AG3PY6ZAIKTKHXAKO5XSS4IJQ5DQ
9291,AG67M2TIDQTJ5ZYA53NPTW3K4X4Q
9292,AGMJSZVF2ENGTQGXQARHP5I336XQ
9293,AENCGNF7SBJURXUZ3SWHHZLBM46Q
9294,AHQXRJWR6OHNTAY5ALWW4LV7DOYQ
9295,AFDV2YBTRW72FAV6FBUBFJF4CQXA
9296,AEPPZMVMNGX53YGBS5VGY66HG6NA
9297,AFGLDHMHBMEOLG7BNDUQHA5J452A
9298,AE7MYS2BDTOATBME2C3LWVRBVKXQ
9299,AGJFPQOAVR3GR3LONFDHT74DR5BA
9300,AETM7MZJI3ZCAY5TLVWK5FKQSXKA
9301,AHL6VPINOMNTHEK3ZJVADKPNJAKA
9302,AEXDSLRLJRZGGLQA72WSL77JFBNQ
9303,AGX6M2C4YL2B37XPHCNRVU5NL53Q
9304,AG6I5FPLUQIO2LGIP6J4GRZZMSUA
9305,AEVE6RNAEPMIB5PYTQWPOC64WAHA
9306,AGVVZ5DM4ORNTEAOEWYNMQNHYDMA
9307,AGJH3VGQOC5FIEJ5ZZ22SB5ONFPQ
9308,AG3HS7BLWWLXM5FWZNMRMKN2XYUQ
9309,AH5ZBP4EPSUR2GELK4PEKWRUIP5Q
9310,AHLDSFIEMR3YROFGHEI34J5FISAQ
9311,AHL65P7MKJWQ3SA5QU6O72ZZM3MQ
9312,AGEJTPTHJASA4PLNMZVJNIYCEGYA
9313,AEMNKTKQQX5GNUDJCIH6HDJDR4CQ
9314,AES7BFG4IC7O2PGGEZGSCJYCEC7A
9315,AFDZWQF5RHHE47MGB74HW5XXDZIQ
9316,AHKKBKFRB273B6O76BUGYTLPDCZQ
9317,AGBTDVCTDRBVKDLP7NC32GWNJ2VA
9318,AGHQW73DF4KCHVDEMCHVOT5HSKUQ
9319,AGFPV2T2TJUEQOMG6IZVAN4XZBAQ
9320,AHBFL6RYVZXEEQA3U6LHDTNXBPEQ
9321,AHOQBGQAAYBXFTOUUKS2HLMA6TDA
9322,AGZFV2ACQW2S2CKRCPN5HCSJQ5BA
9323,AEVCLCYFVXECVU7DQ4YCETOJDSTA
9324,AFUTGNDBKLDGMK7323TCQ4NCMGMQ
9325,AEXMNUOLVCHLMWIRFXC57BNLQDCA
9326,AHCWRBKEPBKPS4I7GJF3Q5U2RWLA
9327,AEDBCYUUXGURPPAYSDD2YKAW6YEA
9328,AHYCDX5RHWM3ZAH6GFHPFBOVGLPQ
9329,AEX3ZHVJUEXPMITF4EHD3IOV4HAQ
9330,AGBGWAPTZOCFHXSJPKBQAGLTH6PQ
9331,AF3VQJV7U337A4W77M7HOP5ELN5Q
9332,AGXCGHNVZQYU5NRYAIHNLEAEQFZQ
9333,AHF5FSD5TLC7IIZ2DZPT45MLH4UA
9334,AE3O52OEM2PT7UF7MOTVW7QT57EA
9335,AFQFNNDSINJSRDI4657ATZDR3J3A
9336,AFTFTCODSHCG3W7VDKEOYETT32IQ
9337,AHUJH3IY6OJXG6OML634TNDFB2EQ
9338,AGOCJ6AWXKPZDZ2Q64NGJKDZBCBA
9339,AGEEHZLH4TFYY7PDAPEF4WYXFMSA
9340,AENDNC7MK63LEVCUINP3CSUD5HMQ
9341,AFCYVCFTWY5CAZDNYAZBN6KFPRHQ
9342,AFN4AMRYNSTAY44D5MOGHDZHI2AA
9343,AFPNBCAFQ3ZTHWUROWB2Y4FWGOGA
9344,AHUS53F5WFPJCNYZSETSYGKQ2XSA
9345,AEL7OZRJUHPWMNCEXORD4N4Z67DA
9346,AHCELXL3EX4JRH2QFLHQKW6YI6WQ
9347,AHBHOQATY7UC7ZQ673KQLFBCLZTA
9348,AF7T7YRIBCVLWE576IFFXHCNOPIQ
9349,AH3HND2OPVGVX3RGLPETEGW7VEBA
9350,AGFZIX3NYZSPHOXVC6VBULS5OFLQ
9351,AG3HFO2EDFWYT7MNZKUNAZOIWFLA
9352,AGQ3U2XWYTCUHJSKK5XGOWUIXKWA
9353,AEHGR3NDZ374AOH7TVIUB3ORPRYA
9354,AFNRDMLEPTG44NOEKFYPAJR64BGA
9355,AHMUBOVLLO7MDZQDMYOQ7CJNOCOA
9356,AEUUADLYODCWWLMJO3NDXVTATP6A
9357,AHRCEP6H5ZMAX2WHBN5JFG5VV5ZA
9358,AEB4IKWUTU2GPYO6QYNMPB6A5AWQ
9359,AHR2AGOL4A6FBARVY3HVPWCDMQTA
9360,AHFGRY7AQH73EPVERPXMVLKAGYUA
9361,AES3SYAX5OFRY7MZLVUA6SG566EA
9362,AHOK74A72OVXQHY7EVMIUT73LF2Q
9363,AEWN5KLNIFRVR2INFDMQLP3HA25Q
9364,AGF23NF47Z5AUZTWXX34QCJFVP2A
9365,AFEYIR44SSFYIOVYIAIFFPVOYB4Q
9366,AG5PZ76BY72XESJYQH6JVP32IZYA
9367,AG53S54IXMYVH5O22LGEJCHY7S5A
9368,AERNLMVIC4YKUFISPMWA27NNHL2Q
9369,AGFDTS5VIIFNO3WNP6WVUDXJJ5WQ
9370,AGMQMEIVLJCHRP5MZBV42FBYCLNA
9371,AFETYNIBLHXKVB3RE5QJIEXPW25Q
9372,AHVLSFUDPVRU7OAMPBRQVY55Y3WQ
9373,AGAB7PVGA77MQQQD2J7CKMHZUMSQ
9374,AGFZDLV2SD35YTQK7LB2GWPVS5SQ
9375,AF3BWCNNKYJT3NMQJTLKU4BLGDLA
9376,AG4EHZ4Z7VXJKOWEHM6HZBYID6BA
9377,AHWSEUAOBF3VBDLIVQLXHMO7YQOQ
9378,AFMWPY45V5O4U36R6IJK4ABZQJCA
9379,AE7MKRKVCD4JMEKDK3QBZNW3SU7A
9380,AE3JUREK6TVXDCQS6HITHEGX4E3A
9381,AFIBI5JMBDDKGYEBTO562HCXSYEQ
9382,AGII3WXBCX3ALH7C5A6DI7Y6OSWA
9383,AHRVPIRXY7R634WM76IST7RWF4BA
9384,AHXBQOOZWYZPS3OKU7QSCHAE2DEQ
9385,AHENDUSFR4XV6GP3R6SWF5FZ2EAA
9386,AFBPN3WEMYVQVM65A4EVY7JFMGNQ
9387,AGZZVFSBCDYBIWFAI2BY66YYBLWQ
9388,AHDI3JXN4GOANTGFEHF3VHQ6F6QQ
9389,AHOOIGB76H4GMYGPBUIX7ONDMX2A
9390,AFG5FAUSAEBSZKMR34EMWBLP5NQA
9391,AEHDKK46ZRDMB3FBGVXQBYA4W4LQ
9392,AHHKODYG4YPQ73TRKRQKTUDF6Z6Q
9393,AGG63CD2QGKALKD7DHLQPUQSY2SQ
9394,AGHWLW3E6VUA5OSLSM3PHEMPUOHA
9395,AHJXIJE77YZO7P7FLW43UNUBNMLQ
9396,AHZPZA547TPYXIC2ISV6T6ARSNTA
9397,AF4JXRGUVHD24L2WEKCHFUL3UWUA
9398,AE24G6P3PKC7P4N4H5CURQLHEA3A
9399,AH4QGIQR43I2D4J6VB2YUENH7PEQ
9400,AEEJHEKAZYMDKS3WMSTIT5RTXT3A
9401,AEKAV4RUGF6S6LDCBENGUZTX4RKA
9402,AGFWTJDFUDBY2C4JYOQJIM4NDZMA
9403,AGY2KCOLRM2TOJZTLJEYIMJ7HX6A
9404,AHVERLPDXAVQ2Y2K36SJL5SU7PEQ
9405,AE7W6YUKEMPFY7VZZGBGZGGZDFDQ
9406,AES4XFRJFIARYP3PNBT6KQMWXB3A
9407,AEPNJB4AR3YOEYVBHE73OLONNIKA
9408,AGAETERVYLW3ZL6TJMDYHBPXUSYA
9409,AGXXYGS64WFIMY5CQUYEDUSBAQKQ
9410,AEQIIBU2DOFQFJ4RZFAMZLZLKVJA
9411,AHUGYVOL57N4UTJ5YHYF763DX72Q
9412,AEI3GMFIAQCZFAZF6XPKLNHM7CLQ
9413,AHOL7Q7U7BQGVENQSBUQMD3MMMVQ
9414,AEZM5XMOMRUVOJAVEZAFODJ2RMIQ
9415,AFJELJL6B7VICJHMLGMUNPCBXJKQ
9416,AE5GIELANXCPCDMLVXK5F2PUAQ3Q
9417,AEYWXJTN7SPKSGCRKTJ2HFAEHHFQ
9418,AGLQCJC5MUFNSK4ZVKHA27CBO4ZA
9419,AEQ2MRRDLZDCANJHTAXA23IN5CSQ
9420,AFKUHKTPZOKV6RUQCSWA6RQF4OHQ
9421,AGUQCNBHJBKBK4GNASLZBRQVWVXQ
9422,AG4EBHLFNTEHFM3DFTCTZMMLDD3A
9423,AHNAWRO3V54VZ3SMWAVIY3PMPDAQ
9424,AGIP2JJCXCTHMTWXTSFSC4TZSL4Q
9425,AGGGFGC3DJ2XMEVLVPC5QO4OL75A
9426,AHMPVRIIJYBBGHOC7FCZ4Q2FXI4Q
9427,AGFTW27PMTMEIGYUPV5ZYS3LX25Q
9428,AFT2YC4DJBCHN7QBKJAZMND5ZUVA
9429,AGSYUNGJB5IPWXN554PCJRAZN2PA
9430,AFB3WCJH6FAZBLLPLUHZEDTKYZIA
9431,AG2TF4MAQUTDFKWMWKVUHGEOH3DA
9432,AGB6LMXLMVJJVN6JEGZFEQIABN6Q
9433,AE5C2V5RXXPX3KVRMVLV6AGVUFYQ
9434,AFI7HUS2GDBSV6AHQIUTHBMPV2HQ
9435,AEUNZBWXRTUIN2G2MZDIGPOPN3YA
9436,AHJR4ACLFRUGIKYWVPEQ4O44A6NA
9437,AFEY6UWPHLLKBMWNUBO5RUECKN6A
9438,AF7VFYWSSS66QACALJN745PLLJLQ
9439,AEEHGN5KBSXEXCYTRTLD3UPNHW5A
9440,AHDLKHAFH45GEKLOXL7B3XLTKO7A
9441,AGYG5N5JTWIRKUQ35KLJ7TGLTCKA
9442,AHOKM5MLV6PZCSINLOZ3AFKNUEVQ
9443,AGGTAH6DIYXIWLTGMLM3AOCPISTA
9444,AFF7ZM4T2L6TGTINXQ3WZHMCVSMQ
9445,AFFK4OMRMZRQ3AT3IB3GNKRWZX5Q
9446,AGPYFGYVCYXDBWSWCYAF6MWSBBMQ
9447,AE2MBJMWN2XP5ARK3R3CHEW476YA
9448,AHYI7NXLEMZDEZWSS6JHEMWJT44A
9449,AEZWYFRIGVJW76XA57RBHMR3LZOQ
9450,AE2P7HFOB5OYJ6742ONJVQKNVKPQ
9451,AEJU22CIJ2DEVVUNAGOGBM63VFMQ
9452,AGXV3HLQSHIUKX7YRQKZBUQNXIHA
9453,AGNH74BQIM3Z7CJQZDX3IDCRJBIA
9454,AELIROH2X5U3PZWODGKDR4ZPDGFQ
9455,AH4B4N3QMUXQZRMTVSUY4Q7WNSVQ
9456,AGGRJENPXT4J253AORJV3KPRWGGQ
9457,AFJZXQKOGISOPOE65QS3QWFH6XUQ
9458,AGMXBGGOPYENGPDDZEX3DM5CHTLA
9459,AHVYMNFT6XTCXGMNFRC2MVBDPPOQ
9460,AEWXYQHTIXKNC2BFASXSX76T3XUQ
9461,AFDNMABHZPBGM4N5CVOJ6D6CAM4Q
9462,AF7ND35CVHP3RE35IUK7I5E6R4JA
9463,AHPZKY5WVLHSB3A36P4XI25KFCAQ
9464,AHDDYQKTOCSJE535CJ4CLTXAKN6Q
9465,AHOS25C5TKTDP2T3W6WJV7DLFFHQ
9466,AGHLN2BGPDNTKVE6LNQV5EAXGIHQ
9467,AHKXQYAFUSECHPLLTTWVNKH5BWRQ
9468,AG5Y2HLLNAKEOXU5F5UX22U52YXQ
9469,AEO3JS6ODD3ZNYKM22SKRA4C2RFQ
9470,AFUFH332B5YAHM4KSEQWR3OGCXEQ
9471,AHILGWNFGA2NKLAUAV4BBWFK6YIQ
9472,AENQUWE7VMQDSLZN32AFXAZWMBWQ
9473,AER2YAQTL7MM5ZSBSTR4O6PIGPZQ
9474,AHFMNV3QIJD24SMUFAYPV64EFCUQ
9475,AEKQ25GEUHFSFCDRVQEYITTZWQPQ
9476,AEZ3O522PFANOERDUEMFBALJXHLA
9477,AHF6ULED5OCKURZYAFBZ6IHGYK2A
9478,AGXKV6AELUETKR37NUBEOQSP5A4A
9479,AHJOP5PM7IINCAYZUHJNJBXNWN4A
9480,AFK3KNTWE5ARLAO2ZRM3IBLZU5OQ
9481,AH5ZXYV4DUTFK3NDUNSFBRN645LQ
9482,AHMIOHIW4MCW4N7UQOQMRGH2IQGA
9483,AHLA54J42PFEVOW5P4LA6RU7MDOA
9484,AEWB23ZTBMZYATQY2T43RTBLHMRA
9485,AFGHXHPJVAZC52TU3X46LO2URHKQ
9486,AEWLF65QUF42TNK2RQ4B7PPXNFJQ
9487,AHG2CZH22RFCBNMIYQEIXIZ6CPRQ
9488,AFHB6Z5RIUXK3H6TY4V5ZEWADMUA
9489,AGJHFR7E6AVMUANBLDV2HVDAASUA
9490,AEDDTRITHHZNXVGM62GW6A2KKZ4A
9491,AETJYIDDI3MAXW2NLYLHQQOPLT6A
9492,AFIYS5CYEAYVUUCI32OH4C6Y55WA
9493,AGNBZMBUGGCKR23AQXO3FTSJ375Q
9494,AELYWXN6ISFHEY5DGNZGPSMCSPMA
9495,AG3Z4BDE55USMUISHW2F3WKQJDMA
9496,AFP7BIL4ZSX5LZJMBAJMOE7QFXIA
9497,AHRCOUOM2CRD7FCASZCC3UO7JVOA
9498,AGR5DWONMLE33NTLDVIZ5CEIU4QQ
9499,AEAORYWLCFPM6NPMQRQN72QF4CFA
9500,AETHSPKEQ2QZVHXFNDGERARLVZXQ
9501,AGO2URXA7I2EJPGJ7B66VXZTJCTQ
9502,AG4RV4JNBXHXUXOAOOS2VWVFSWIQ
9503,AHADFMO6K5XNFPNJVPZWXBPKQT6A
9504,AFR245ATVVGRXWIMF3GACTQVHE6Q
9505,AGHEMJJOFRQLTJAIPCEQE7ONJWJQ
9506,AF3KFLXZ56ZQXYWXIX5QANTKAPVA
9507,AELCPXRMBMIR2VMSYLJYK3XEVZKQ
9508,AHQ4GHY3YDID2VMQMJOSDZOPRGZA
9509,AH7NIA67NWGTOU52JPEZPE6BOGXA
9510,AGZHMAX5VCI7T7BK4TJ6Q4IM2YNQ
9511,AEET3CHYGZE3BN4CKAZ3VDB7S5KQ
9512,AFYF3JINTOQ6RSJABRAWFMNDZZLQ
9513,AFVELW3GKJF44RX3RUCS5DQG2PIA
9514,AGLX4PRVJZHUENNCVMAIVEGSV4OA
9515,AHC5RYM57QP2RO2MP7CS6VOFJ3EA
9516,AFG6FJI62OU3PBG36RUQRK7RI2YA
9517,AECI7ZSJQIVTLNIM4DJUHETJVZQQ
9518,AFGZA32GFFPG7JKJI2Y4WMX2244A
9519,AGKU7BBSF5PO5X2A3TND7DQ5YW5Q
9520,AES534C5EWOSTVDADH4QUGUELVOA
9521,AG3OQMN3IPQFGRG3EUQAY2QF74HQ
9522,AEEYBGB7FGDJG3USPINC6SGWVCPA
9523,AGUVQ7X3JWI7ET667Z5X32O7O3VQ
9524,AEO76FMVSGAQ2VSP5NTTR5LJKGEA
9525,AEN3NJ4QRPQAD2DHQCSGDWVS6NCQ
9526,AGTWFF5X6SVKBVKWC2SQ3JSHN5XA
9527,AGEV4JR7REFYFCKRRJF4TOLVQZOA
9528,AGRK7SO4X5BRLIFAY6QMWGSRX33Q
9529,AE2WU73YGUKE4WXS4TDNMLAHTKSA
9530,AGDUS2P32LL3T4ZYIJUKXGX4H57Q
9531,AG74VUICY6F4QI3UGFTYAPHPDEVA
9532,AE7NVO5E33TGMH74O5O6BX5AP3ZA
9533,AFM6KZVHLGBAIYILYXZWI3SDUZXA
9534,AGYZM2TUXS6EHGPKQJGCIZPQZ2GA
9535,AHSSVBNYNZNJUVAORPI7543CYL3Q
9536,AH2Z5H4VIMBYM35XZ5KKY2ARBAXQ
9537,AHBIFJTJGG2G44WED4YODAJMAWJQ
9538,AG3GD6FKLIWSWOHAV3FUV3WFWR5A
9539,AEORYERRF3PDSJAEJIKFWOCIZUWQ
9540,AGQC2NGR6MOVVHAVPB2LSNRCVL5A
9541,AHAKSUZPDRWKKJUVESGV4CO3BHOQ
9542,AFAAQEOP6ZCOKO2BQ5VNQ32VMU4A
9543,AECHAMIGTNCEA23PIDV4GAASUPPQ
9544,AGIR5YPHD3NU4RJIZT5UY7J5LNWQ
9545,AHWXZ6ZOIZDNU6YZKCZTKM3UKU3A
9546,AF5R5QZZB6SXDXFP2LPBS2HXHKZQ
9547,AHZKJ74LZJQMNNPISIOTL36TXDIA
9548,AEZOLLEXSHMZCGL5Y7VWMGENHH3A
9549,AG3QNTHFTHTKYCQZI7EGP3L5FANA
9550,AGEFA77WAFR76DKQVAXO5E6DUHAQ
9551,AGSLRD2CCEVVGVZP5PA24RVTQMRQ
9552,AHQOXKKGVV4CRPCAPWGBJVTNGBRA
9553,AGWKYLHCHQSYWG44ALWNXV6FPXQA
9554,AFO3UILLZFL4JSCWJMBEUR5JNHRA
9555,AHTBQIDKMP2TR6A2BXVDAEULD5JQ
9556,AFGBNFQUN2NH3MGQNP6PTQ2O3QNA
9557,AHITVPYUVXLKLARTMSO4XKX7KVDQ
9558,AFMAUNTNXUSZMYOIOAK3IKZY265Q
9559,AGAFCVON6QNN343V4OHWPUDE3OGQ
9560,AGATMDSQ4JE3RGTQONYHXE4W44HQ
9561,AGQE74N4JL65Z45KZHUOQMWOJBVA
9562,AGRBGB47WCWXF626MNYOODSBRSOA
9563,AGRUTKNV2CI3GJHLYD4IPNEJ76RA
9564,AGCTX4KLL5CWJGVM6D2FUHTPH3GQ
9565,AFSHERW4Z5QUF7YR46CK2CNIMYLQ
9566,AE2VUDFRKWGJOOFJPWFX4KFAMAJA
9567,AEIA234QJZLQMFCHNH3CK64DSRCA
9568,AH3JXYP32IJYLLFBHSSF3NY5VN5Q
9569,AEX474SJJZWRKBB2W64M73QLHKWA
9570,AHVGUAQRPIFUOTMK4PPUIASARY4Q
9571,AGVYYCOR27FNO3I5DLDBA6QDP2SQ
9572,AG3KI4FAD3J4P3325EJI5REGSGPQ
9573,AHZJAJWFV2ZDIK7A5ECFNDOCH7NA
9574,AH5NB424HEBM2XWXF24MTDIOZXGQ
9575,AEW2MJNVLWMOGQAJFMI4C4LS57PA
9576,AFL2AJSLX7N2KIQVT3XKHLCOKJRQ
9577,AGFOINUEFV75YIOX4AOXV7LQYKIA
9578,AGQFE2ERR5HFRVDVIG7AOSJ6BY3A
9579,AFNPYTDACRHP2JJP7CIJIN4J3ZJQ
9580,AEYYPNLGEDZN4PG3SS3S67DBUBSQ
9581,AGYEPQ4HJAHCXNRPRITHLEJY7KXQ
9582,AEIHGJOU64Y3VMGK3QNM57S4TKBA
9583,AFTXJAPKCMLA56O362QIWO4GRRSA
9584,AEDW3ESZGNNKSKDD3MPA546BN4NQ
9585,AHR6OLVEMPKBWVGEVLFNN4DOHVDQ
9586,AEWUVZJCVHKCPNY4TRB4DCLTX7LA
9587,AGOAEFBWIZ27J47EMNAATFJW4G7Q
9588,AHY46TJCS6C3JT7KQ4I726GFWUFA
9589,AEGJC5TAE7HJGUEH467EM6ID777Q
9590,AE3OTSD7GUXESCJGW6W6BNALUWGA
9591,AF4YRPEAIWTALIZRFSE4XZWLMOHQ
9592,AEWASEX7A4PDVUMBDSDZ777O3UXQ
9593,AFVOILAM5TXCVAZR7CFE6V2JDA2A
9594,AGEZQXLBLCLQSA65E5M2Y6BUVGJA
9595,AFONT62OBBWC2XTXT623KNSJFPIQ
9596,AHRX3NLVDFSJFLBLSLQGXKFCSYWQ
9597,AFRZCRGFISY6Q63A6L26WJF6F3GQ
9598,AG33NX44B7COWFBDEVDLOVSWWFQQ
9599,AFC4OSX6BC52PAZYBQ47VQJFCBGQ
9600,AGQUXV5SGTTVX5CLRXE42CGWAO2Q
9601,AH4LUAGDJJQHFJ6CBNLZWSEEDFFA
9602,AGJ3QK26PDAUKMECBT54KWEA6NPQ
9603,AH4EZ6APZ6WYLPMP4HSUXQCEJEZA
9604,AFEZYVVZKRSKPP3LQSTLI4UKZAOA
9605,AFI3BFVAVPDIHXMCQJQNIOP65KSQ
9606,AFPCERKHBAJUTQHFL4CQCSYLGOFQ
9607,AHRMMM4ZTAOL7PJJUXKKZ7IVXUYA
9608,AEPIUG3JRAWMPDCFAQ4TVCPUPGIA
9609,AFN54OM3PYWLANSOMQ5TZXFK5KQQ
9610,AFZDYZPNROCH3XSM6A3ICQLVSO3A
9611,AGTAN6TQYHLYPAYYTSUAZRHINXWQ
9612,AE7TYCBIGYBFMDTRA4PCVAGD4X6A
9613,AFZPMCEJDZM75WJ6YN6QN2JONOGQ
9614,AFHBPNLFO7VBHPLQXE3MXIUCN2JA
9615,AH532JKUUNUCJH7QI2VYNEABPSXA
9616,AHB65ZTEBN2YLHDUQ73543XRLUFQ
9617,AEPY346ZBKRUL4WON2BMQVCPSSWQ
9618,AFPXLZAL7BZE7OOOAISH5K6GVHIA
9619,AFDR7MOETGHTFHH27UT2GDYZJBIQ
9620,AEFU2VC4OFPOVJ7EKYDFSAGDPLHQ
9621,AH2NFMKKIPHS3XOUQS2UOGFONR4Q
9622,AGXEFZP7NZKBMVNVED6UTOLN53WA
9623,AHXPVQZI34JQMNALMYLBZ56RILGA
9624,AHSSZV4M4E6O36SQVDGC7VV3N37Q
9625,AGFNFNYYPH2QFFUQMAMJUYQSTIYA
9626,AHLIF2NNXNJY256M3QKJQRE762YQ
9627,AGR25F7JSKZYMMFSIH5LXPXRTQPA
9628,AEOX2S6GAGUEFRPS7LMCIKCL2NWA
9629,AEYXERBURO2UUWFLSP6NXKRWBXEQ
9630,AHYVF72FKSPANJN56VHKFLWXJHJA
9631,AETDWZM2L3UJKUGWQWNLRJ3FUKFA
9632,AGXZGUJUJHC7PRRSZ3WGD25GCDSA
9633,AHDPNHYL2OAY4TUO5BWF7CVI6JOQ
9634,AEBURCEYWARK6CO7NAJDEB3I6KMA
9635,AEZ45AUUHW477ZXBR5OLKTT7GLKQ
9636,AFV4TLUOXR6JCHTGVGAV4URMEDAA
9637,AHEVQZIQUWVO53N6KTHGZ3BOM3IA
9638,AHWIVWTYONRMIUFVKWGV4I43WPYA
9639,AFFJCC474RJ2MELYLLSQFRS2KX6Q
9640,AHDXPUHPAMWAAQSPBULHCDT54HJA
9641,AEL6QTB5O3QOOPEDKG7UKANNTTEQ
9642,AERR45GIRT7367VDMZZMLOSBE5KQ
9643,AET5JHTFSIUXCTPWLTQAY6Y7NMTA
9644,AGCLDKL3B5VXT44BYT6BJEFM6X5A
9645,AFC5C5PFSWFFDFJDN5YOEFQXNL4A
9646,AGQUPPA5THGB44KSNCLYLYSFTOYQ
9647,AHOLGSNIANJZZ4FFCJAFD7STDPFA
9648,AEZFBVBR2M3NCLYIJ5VD4BHXOLOQ
9649,AHLDQRZF7WWQDX35IQ5NWRSBJMAQ
9650,AFMKHJKHZLHSUKWE6CLIVX423OTQ
9651,AGIYODNBORDTVGZZ7WRQR7OS3VDA
9652,AGN5JLKONY4LE5F24C6FSAS4LKVQ
9653,AEYBKURT5CUCVF45USV7PCCDZC6Q
9654,AHBEF5UTLX3VUBRLMZJCDVQHS3RQ
9655,AF3QUH2BXSLZJUZFGRZL2YZZVLKA
9656,AFDZLQHN44DTV3O6WJDAGYYTIIRQ
9657,AFB752IRMAIB646JV673ISSF7MGQ
9658,AHGERVSCKA52V5PL33TCAAWLDF2Q
9659,AERCWTXSKN636XNTLXNW4Y6XRYYA
9660,AGR5ICH4W7BZLD2TVBQF3GNVDA3A
9661,AEAFZ5F6RXHEV2VBEGMALHQ2HSUA
9662,AFT6AUMMGUNLI4S53Z6QF5G4A37A
9663,AE2FZG5527KOXNEHAA3HRXPFBTLA
9664,AHDE25Y4W7A4EJSDS4QW24EXHF6Q
9665,AHU7O5XWFOG3A7LJJWD5TGZ64WMA
9666,AH6IFIIBJZBCGX4XHWAQK3QIRKCA
9667,AFFBAWJYIT4GKGPW4INFOAFT2VZQ
9668,AEVGNPZHKXYGQ4GRU52424DSI2GQ
9669,AGAE2YWPD4GDKSNZI6KPXV2SRHMQ
9670,AEBP4XB5WMOFXXRU6EGRJANNP3CA
9671,AEGY7N4FTVGNVXBFWNXWTSSQ47SQ
9672,AF4D4HS5LOPHGTXEQAZQC6CLDEJA
9673,AEQVY36N5OAYM4EDUU7RFYCSXEHA
9674,AF43JVSCIT4ULFGUHTOI7US37QTQ
9675,AEWRAE7JWF6S2B5PZT4UONRYV6LA
9676,AFMWE7KO6IRYVOQEKOIAIHRJS66A
9677,AFIVQUPK2CFAV75QRZYZRVZXIEFA
9678,AGMZ3FRUMGF3HGGEGRX3XMWKF4WA
9679,AFM452IKPPKP2STZM2IN73XYNMCQ
9680,AGHGH5OUSUP5FU7S7EEXPOOEQSSQ
9681,AEMQSNW6LRMDJMQKVG2RTOVRLBJA
9682,AFZUFCN3JDUCRKXWHTLJUJLPMC7Q
9683,AGEK7V5SIYLJFL3D2WLGIL3BCQWA
9684,AGMDHASGSL667UOEKDHRKJWYS5NA
9685,AGHGNFTE35CTKQDS3BOBIS5RT6CA
9686,AFKWKG4QK5WQDUKUAL3Y677S6CUA
9687,AHSPFHCREJCEGGU6N2TOGSO657MQ
9688,AHKIRV3UTTXDQZHHGX3MUBJ7QEKA
9689,AH7QZEXQZZFZGARWJZDTY24YPYSA
9690,AG63AB3H7IFSTOOSLLWCMQUIY7LA
9691,AGMTJ5NEXKYQXAI3I23T7PYRYUSA
9692,AHKLREKAAJNMIDVLP6FTCOTYT5MQ
9693,AEIVH7ATBLMNNUGBYOAC2VUW732A
9694,AE7IJFEIIDA3AGZ2KV6IALVPYITA
9695,AHF3H42PUBBU2YBAV6OEBBB2NWAA
9696,AHT3RM53DEEPYMIJEO4OXNSPAJBQ
9697,AHEYSC7SWV6ZUMSO3BE27A5IYJ6A
9698,AFYZCRX6KCPK3QK4BDHMXN4XLGJA
9699,AEJO6HIQ3IWOB752DZXX4NZND2OA
9700,AFI7KLSD46F4ZLJJW752MZUKKGBQ
9701,AGA4VLOCFYNDBMD7PO4QB64J3OQQ
9702,AEA7KYRR7PQZNIE775ERDTXELNGQ
9703,AERARDI5RBXVNJZYQ4CJKLSAWX5Q
9704,AECIIZTCSO7Q2VRR6N3FBVJTA7TA
9705,AHBGPEMKFUGTAPLEMRCRSKUDBLRQ
9706,AH6M7X7XRKOIBJ53WEVIHNRGUEEQ
9707,AGQI7RSG4GAF5S2R2Z5IAW7JKTXA
9708,AGEH3GZJPAYOMZAXPGUZYUQZA7ZQ
9709,AG7WMZ4UFCHLADNJ6KLPFZY7SUMQ
9710,AGD7ACOOG5SC3SDSPTOBUH54DOBA
9711,AGUXWJ7VBUJMCYRKH6TMMP2OJIMA
9712,AGFHVMYARGDJIHYRGR76BG2YWNAA
9713,AGNSO4H7UZ4TD5LZ3TOALCKRHEMA
9714,AHXMPVXPWQEEI6VGJUT7LGHJGT7A
9715,AEPRKUEQWISM2DBG2SZLXSE7MCIA
9716,AGHPZYNAWXE55XYF7U6BF2NOMO5A
9717,AHXWPG466RV3VI343CCNPFTOFI4Q
9718,AFVP37SGVOAXWJOOJKZT72RCX67A
9719,AHCMJHFXIXXK6BEUSB7KS7DJWD6A
9720,AHOIJN3YGTGXE7N3NPLY77KHUWCA
9721,AHCVBEJUCCHX6SET7RVAZND5UKDA
9722,AFCCQZ275VTKPYKXQK34PFPNEERQ
9723,AEAVWMGCKX3E5EDPIH6BYEMMDYOA
9724,AFF7KTNFLVODZPB4EPI73M7DM5VA
9725,AGRG56J4K6THJXXRMEOA3AKVQVZA
9726,AGZRGB3UWNLOJONNI3NU7YQ5JNFQ
9727,AFN4FUASJMOTKRS2JAD6HSTG55WA
9728,AGGHT5BQF5ZCOCU6PJYZHWYCG4IA
9729,AFIQ4HGM5TZWVVYADXY44CKHCP7A
9730,AGF7R56QMWBBGTCIWFNNUBVXIKFA
9731,AHAKCYPQFKI6LGJNER43TJDBDX2Q
9732,AERXH7SQ2FNT7KPWZYJRPI3F7LRA
9733,AHH5CGRPMLGPGVYX2TKE6XH4KHGA
9734,AFO4GJZ6CEBKU4WLN24ZTAKEB7OQ
9735,AE6J2PT6EWJNO4KZEZQIQRAFHFQA
9736,AF7SPVW2Z3XORJNTU4E5ONEFHXQA
9737,AFZOZBLJJPHYMDVCRQGNFKM6BVFQ
9738,AHBKYTSU6LHGRQNGYKY5KGYRWWPQ
9739,AHANLD7AZ47WSA2KCUJOHOCPVAWQ
9740,AG43D6MXTGHHEZABB4BXJVLDMZAQ
9741,AHG4SECTWIJIHNDM7FUL3NHFZQCA
9742,AE3K2SH7RAH3RWUEYH42BVK4FSEA
9743,AFCZ6EOBTD7OGJUF63QKON5SURKQ
9744,AGOCSDMYIINO2BXEH7WERIK3X3OQ
9745,AHYCVA2VB4OJLFMVLQUQU4X6XDNA
9746,AGG2HVX42RU5AKPNKDJXBNSCUDZQ
9747,AFVCIYRO33USCG4R2CVL47XSV3AA
9748,AF5FUHKWCWUG72GIVAUY4IE5NB2Q
9749,AG4BFUQPPGUKPN3TOWAOANWEVLSA
9750,AEAKW6E2PN47NIGVHUJECOQ4MHUA
9751,AHZ2FCNIOX2QH43QCUARESXPQ3TA
9752,AH6VIE36OTWQSRBGSOGWKWESSPZA
9753,AGMOXB2GJJJHSI4WQPCKUTCWNZCA
9754,AHIWWCHSNH3NUY33RF43BD4IIZSQ
9755,AFHHP64JAZ4JE7HSPR5ZZEKB7WUA
9756,AE37MEAS3FMNF7WNXW4FVKU2WTNA
9757,AGS4UXVCLL65VZRBRTPVCFD3SXXQ
9758,AGARDKW3BDZRBX6LPCA4TB6VYL3A
9759,AGA6UWMPUE5EVVCKYMKW7U64KAPQ
9760,AF4PVAKJE4G6GPNEXNK42VHZFCLA
9761,AEN5MZ7SYKK2PRE54X3PZY3EVRBQ
9762,AHWKOKC4PJ3OK3AD3WZDZM5IJA6A
9763,AGIJPJOZN5EKEMFM6U7QEMAPG3DQ
9764,AH7MPIMFSRNJMDFJTKVHCD2NTN5Q
9765,AGWW62PXBXZU6HYOLNSIGKAHXDZA
9766,AHGU7DBKVJ6CETVCVUBU3HFWG55Q
9767,AE4MOP3FM2ISS3YXX372XQMMKB5Q
9768,AG5X563JUQM6LHKVNCLNPF3ISCKA
9769,AFFPZ3L3FF3R2M5ZLRPBXNUZTZJQ
9770,AFCL6EJM4R5EGCKWK4ISYIJTYHSQ
9771,AHOXGUMCXPXRUSS3SDOZ2JWKBLOA
9772,AHQBUSSD2XBCSVBPGWZ3OYRBZVTA
9773,AHHFG2P5MFUXOCWOBVROBFASKLEA
9774,AFQ5EC67E44YB7TCGXYUHWMCCOWQ
9775,AFVQX3KKNK54XYFNWL6M32GOAEDQ
9776,AEU2JTXA7YGFPR2EV7HNPV3OOW7Q
9777,AFTFLEJ2VFPERLPW5R3SQXW2ZRWA
9778,AHDZEE2H2VKNNML34WCJU5R5SDXA
9779,AFSLCCFHYUFMHWN7PRLCFWIWTUKQ
9780,AF6MOPWAAYIOJ3KYMPWXAHZGG2LQ
9781,AF2CUU6JDADTU3MWVMH7N4ZD6BXA
9782,AF4MJEISHCAPKDO4TWHEXABICU5A
9783,AGGH7L5OA3Y2HBB2XDJJCRNIQMOQ
9784,AGYDVE4ZFOQ4X6CRRA2HRARLQA4A
9785,AFP2PZRRC5ZVZH4CP7ZFAICWWWUA
9786,AH5NYX5CVJIV66VJJY34VLNWOJFA
9787,AFT5NYM4MTHEM3L3NUM6PMY5GPDQ
9788,AFWFYSA72LCRZKTT7QLNIFWL3UPA
9789,AFQVJZCQDVUXTLH2I2JBWM2FHMGQ
9790,AHATF3W4L3CW5ZR6E6MOAMK4CJMQ
9791,AE6MEJNVCY2KQQNWSF3KGXOKGDBQ
9792,AH7VZ6OR27VV4SZEGI5G2FDA752Q
9793,AHUOG76DE7JMH7WIB6NUJ3S6OYQQ
9794,AG6TY6MNK3DHAUV5NPUB4YWP3BNA
9795,AGRJPC5LFBKO4GGLIA26LTTEE7LQ
9796,AFIWBVRGHENZG5VHENSA6P6BMLXA
9797,AFUH6DGW7RCBWX3UUYCOWPZ7LOAQ
9798,AHFXY34JU35ICD5VD4RXZNFCMXWQ
9799,AG3CJMKP2XL4INPM434Z6B5CUALA
9800,AHRMDEXUYIRZECJ5E44HRYXF4HJA
9801,AF5AORX6KGP6Q7ZEGRKC73FRN73Q
9802,AF43FPQLMCSBWFXLOVSX2GYWCAMA
9803,AFHJHCJ3WLZ3Q2RDWTSOPA6Y6UIQ
9804,AGN2NSJ2SQTCOV6TNW7VHR4O6E6A
9805,AEIHE2L55EK6CIILU5V7UTE3FYAQ
9806,AFRIKDG45QHYELUIGDOGVO3X3BJQ
9807,AF2XMN7GRT77XMPZPCWBCARTHFWA
9808,AHNQYS3C4HMSTBVFSCHYKLXLBZSA
9809,AGIKQRZWMY5EXWBDYSLATAJ2XHFQ
9810,AHVVRZFS2OACFFLJAZCG5UQ7Z44Q
9811,AGDTRFZDQMZHSY4XUX7JZ6LZGKCA
9812,AEFGRQS52A7JQP4D73GGSQTCYDAQ
9813,AGDVRHZIZAPOLX6WXKCQLNXJAIVQ
9814,AGRERHRA573ECQK5JCLALMUVJM3A
9815,AGZG5UMBX62CU4JNUVSSPD2Z5ZVQ
9816,AGYZHBQIE4HC2LUREIYXNCWQZJHQ
9817,AGYRYABFNWJL7Q3BOG665QOUCJ7Q
9818,AEZD3JVMRUUCILS33XKYVVGPGXBA
9819,AGVLUF7SWHYPUOLOWLPITAGEVHYQ
9820,AELEN6DEBRPN5SI56INNSTVCUUEA
9821,AGYDM6V5F7HM5PZAUMJ34AP2OYQA
9822,AEP54Q74NWYZPAPBFNF7VREWGGBQ
9823,AFEWUREUVMPJPU4NXG6ETDZ2XWNQ
9824,AGVJ3VLCLITI5FEY2PRWVP2QQ6RQ
9825,AGTPYC7EMUGPX7F3RA5GFA7DUY7Q
9826,AGEYJA6IM6TPCA4SLAAYFYXDG55Q
9827,AGMLPHTPZKSQ6HQZRMHSXJGYHPAQ
9828,AHA5LITHCDKUMQG3Q6ZUQVFOHOUQ
9829,AEO2RSRKOAIUBPQHJJDT5YI3WJOQ
9830,AGILZLIEWZMWXAQFU4QHKAKIIQYQ
9831,AFWL24VWVV4NEADUEKNNI5JJ42AQ
9832,AGS4DTPNXINV6AYHOZIVZ3ED7CRQ
9833,AH77S4KIBOKL4SEBYUUE7QNOLTTQ
9834,AHEJPIQYYSUOZDMQULDF3MFZUCAQ
9835,AEF3CCOFNW3BM5OGJX6DFCT2LZAA
9836,AHDZQ5K44KBCVASGPKXEWA5KGMTA
9837,AE6OQ6EW3I7YJVCZ26Z63M4CCERQ
9838,AE5RUIBME37PUJWOJJSJHJ3OJ72Q
9839,AHWHLTQK5BVMR7DCDS5AWICJZ57A
9840,AEMWMUXLKROADDHG736AOEBX2JKQ
9841,AHLUSNTD6WZ34WI4DHDZM5GK4DDA
9842,AER7PO2X3LB5QK5TPQE6K45EGRYQ
9843,AH5HKRTB565EPZ66JKD3URBMM4WQ
9844,AFJHZRRSNUF7L4PB5GRZ5UC53LFQ
9845,AERBDTZKFSZNR3NURPNRVEVYHMBQ
9846,AEJXYRAJ75STTUNG7ZFUCY4QWVVA
9847,AF3CHP6LJIF77V4NF6MEHJTBKLAA
9848,AEMIXX4UP4D73TCLOX4CSUT7COQQ
9849,AHMXH4FBURZXNTME6Z6QEBDZQRNQ
9850,AHU5JZXVH3XOYVMJ46PCNWA55OBA
9851,AEXZVJ6V2GHVGXS3OZ7MOYHFVTWQ
9852,AGAY4VCGWXRHIA562LTEORPTX33A
9853,AEPZTERZDGXHBTWZDI26UEVMMCDA
9854,AHQP3CKUCX5B6YRAEQW37DHR4AXQ
9855,AH2MWSIN45Q2DSURQQQ3FUU4Q5EA
9856,AHSQJ4LAVBT4ZLOSOS5GL6NQYOFQ
9857,AEY3NYCTFWUVOPUNQD24WEUS63AQ
9858,AEQPFJFMCIVLZNXVRKR27JNPXPXQ
9859,AHVRELR6FCNRSYTIYVRV2DM53PNA
9860,AFMEMTRIHEPNYIAB2ZYHXXWTIEQA
9861,AETREGHZD4BIFVYD4DTWSPGV5FAQ
9862,AEO363TZMV7RPI4C3JFY566OM2FA
9863,AFKIVM7KJKP2ZPNEZN227EJH77OQ
9864,AF6RMHR42PT6FCVZPBZVAQITZBYA
9865,AHYFUFPK5SCT7Z242F4AUBWIYGFQ
9866,AGROHMLTEGYAV7DZYPECAWXLXCOQ
9867,AF2H5DPULIIJCFXU46GJLICR3QLA
9868,AFQZ5IE2IVMGJEDDPORERH4W4J7Q
9869,AHRV7EX4RXGHGDY2EUR5ZEKOWCCA
9870,AHH23UDWIM7KABVTVFLIRLBJJTAQ
9871,AEDZXOY5WJ5PFXLWX7HKGH4TOLKA
9872,AHHH3IWNMWG7ZIG5MDEPVIVRUT5A
9873,AF5P4YM6EMKVISL6NZSXRILMIZHA
9874,AFYX56V3NS2BUP3EUWLPZBE6HAAA
9875,AFU5VPB7VKDQ7JXQMMUKMNAGBLSQ
9876,AEY7GIZCH3FNUCCPBYYVP65KMYSQ
9877,AHMDIYB76ZGQUEYQW46ZWTORBRMA
9878,AGCDD33BJASUVA6LJOZC4OKZFN3A
9879,AGCPLXABTQV3PGRABPNHQCAYVAPA
9880,AHED3NLDPNAZUFYKVC24GEMHCALQ
9881,AEEIUCIFCVQLFP4QQM35VST4AFPA
9882,AHPJ32MFDYOLIIUZHG33O22EW2BQ
9883,AH26WN7WDKRTWPOFWBEQXXP47XTQ
9884,AECHEBHSX5LEC34VLZM2MUH3SCUA
9885,AHPY4IKOVFG2BQ7R35K4SPAMPEHA
9886,AGC6XK46NKZSGIMI4ZZCCP7Z66EQ
9887,AGF3BL4DK5KJYN2GY4DIJ4ME7XRQ
9888,AGKOK5PMI3CJGZ7IPTBV2HONY62A
9889,AG3ATODGTPH6CXQ2SHDSTYN2XJWQ
9890,AEL4E2NRXLGMPMGBCPB77FTO7TDQ
9891,AFA35X22SX4KLRM77BOXD43EXPPA
9892,AFPHX4UT6PLJKYVIJ3WB7QTI7V3A
9893,AGVTISAMUH2XFS6PHIORUAKTTVDQ
9894,AENASVTQB24VKNHFBZBLRRETU43A
9895,AGHVM3Z5XITU5MYV4VUXC3M5I6CA
9896,AFXRDWFYHZS3FVN5X4IBM77BFFIA
9897,AGUAQHA5ULWI6ZN5KBVE6YIS62JQ
9898,AELWODU2ECIODI7B4T7UJVPBND6Q
9899,AGGC5H6XSBD6YBV7WNBL76P7QZBQ
9900,AG5K7RQXUEOX7IGAVXSKJKSHNMZQ
9901,AFCH3WTQMXRTK2P2ZITKFXEY5OWA
9902,AEV6TPNRF4HPH3FTXYQJP7G6KKYA
9903,AGKJT7RTWGBTLINEJ2FXGESCUG5Q
9904,AHNKBTLQHU7KQOOBX6S3SLDTAEPA
9905,AHJNM5CTAOSZAOBPAZGC5BL5BKCA
9906,AGJH5EEJ2DPVOF2XZEHEIB3PR7GA
9907,AHMS6MIV4FNBJQBOXTLA5NQBD4EA
9908,AF5SKCUPZE43UUMUGLHBUJSTM2BQ
9909,AFIUBOPMWYE2NHOUF63AMUNQUOKQ
9910,AH5AMGRP4YKCIFAGHDPX4NPWA33A
9911,AEYDMDG6NRZTPZB6CME6FUX7JPQA
9912,AGC47JAM6NYWDDC72MPLTU673QRA
9913,AGQGXC5G5NAQJI6BCZZDHXX25QZQ
9914,AHHQ5ELQAYHDN3ETLPELCZH3DSVA
9915,AHEHWOQVBU564JAZL6P7ASELUYYA
9916,AGBIHTCPHTWG45HHY5DJKTOTZXMA
9917,AENZTNZ2BB6DOC7AGV75RV7FEC3Q
9918,AEMZ7CBHI4LPNPN6XOVTLTK3HLWA
9919,AGGCYHHMX3DEALICKKX4KNQZEMRA
9920,AFHCVLLVWUTX7SYTDYVB7SXTFR5A
9921,AGP3W7TKQF6QBXS4DZBBFLBXY5IQ
9922,AF4OKO4Z4ZFF4QJKMXAPAYF42RCA
9923,AEVYDNEK6BIL2ONBWKHMXMG5QZJA
9924,AHTHTVNL7MGRIICNR2RNQNNCBFDQ
9925,AEMOTGCCYRJ5KGTT2T5OGJFCIDXA
9926,AEZDMJR42HCZYKVK6OEUFGI4X5OA
9927,AH2MSB3PZW3SKR2RJBND55QGZGHA
9928,AEOOIVJOTZBNMT2GYY6MVEPWWDVA
9929,AFTJRT376E2JRE43LCG6EB6L6FDA
9930,AHE6JVU3KUH4PALHUXMRKQTTHXOA
9931,AEDN5B6AWLMGAJPLMU4K4UUQRZJQ
9932,AHC4RMDWIQGRMNBR4U4E6BNUSWIQ
9933,AEKWMTGVM2HPE4FM7EGXWMPFSVRQ
9934,AFICHFYS7DGI77P5EOJYUYVKN5UA
9935,AEU5PRHGP5PMTHZXBXDDFZJCU5CA
9936,AGJFXMK2MD4PPV2T4DDZWAKVDEZA
9937,AE3YDVTBIR5MCICE5XCVRNU6GV7Q
9938,AE3IGH5CD7KCKS7DW6OGBDSM5ORA
9939,AGZJLNUWUXOEJI7DVVBSS4FR4X6Q
9940,AG5FMKYEXLUM2LVJ7CAS6LYLGUMA
9941,AG6FPINALCBKYDIF6WIYWEZYDFIQ
9942,AG766NNGNI5LLUIRK7EESJ7DZFWA
9943,AH6N4V42FXHJSDSX2Q3X6XSCNMQQ
9944,AHWQHIVV3ELITTQVVNRQDEJVAU6A
9945,AHNOLFRZXNQFVIUS2CAARSPU5CDA
9946,AHI4BSQBEDB57IRMGYVE7IO5CKIA
9947,AG4VLHPMS2SRDADY52QWQP3VB6CQ
9948,AE7JKDI7NHCCEZM3KNJLLXTGSEGQ
9949,AFCZWJDKLZTNNEQSCKVGQCXVYCGA
9950,AFOY3EVOMWMM5EUAJRJMW6L3S4DA
9951,AFMZYOIYAMZ5ZS4HY3Y7QPKGLCBA
9952,AEJ3FPJXU4MWMI3BJGHVF5ZHVYAQ
9953,AGXCJSK26QTEDVKGYRUPW67PJCOQ
9954,AE7XF4OER4EULZKRGW25HIFBO2FQ
9955,AEOSTHZGPJV46OMIAJIXJQJQLS6Q
9956,AFB5VTOXL46OJOWFGUQGE7UYRWAA
9957,AHV22U63MXTULSYYKCU3FRCZMKEA
9958,AHFP7CWDNXWVKCW4MFF44MU5IJPQ
9959,AETWOQGOTMFF7BBPYWXU4HUDM7HA
9960,AHTCNO6E6M3QBV6W3VR64OGO5ZIQ
9961,AEFLNL27S72FU3UIXYFRRLEVLXEA
9962,AHSZ6TEBQF6J4I2V5LMKVRI4JTHQ
9963,AEJ3R5UCE7VIX542H3M6BGW32PHA
9964,AFL4WZHVHSM5EIE3TKYFUPH4CVWQ
9965,AEQ6EJF3AZZQK54YZ4TXSM5ARU2A
9966,AHQ6MLF2HZMMUMFWJEN4TTAUFEHQ
9967,AE56BNFYK4SAUD6P6AR7V67N47ZA
9968,AHONR5R7JBUA3RJT2INCJNQQE3WQ
9969,AEXSTPWDG7HUZB4UUOEBHNGXFC5Q
9970,AHTRF7IBOQLJZ6X4PSKQG7J2Y4GA
9971,AFP5PIPHWNS6Y3X7KLVL76ALPWPA
9972,AEPBNZEVKKQG3NT3WQCHASW52QOA
9973,AGVM3KE3WIVLERHSOUCUG3MKKDSA
9974,AER7XLI6WLMOQJYBYUQZNSJFLFQQ
9975,AHD5ICVYNB6EG3N2RGM3TITAOCLA
9976,AHDV5TSRBC5ULXRJWJH5O47AXQUQ
9977,AFPFX3EQPUJNIDB2LSYM3C3O77WQ
9978,AG752SWGFHL6PP4N5J5WIVCAOUUA
9979,AH6KY7YIO7TV3E2SEJJRDSNO3YOA
9980,AERBP4ZQ34KVYIJ22DA25GERYP2Q
9981,AGW27ZUAGUULJYDJVT4LGWPZNK7A
9982,AFVQBTZS5QO4ZZLCDNBEH5SKIVAA
9983,AEKZM5ROB5PXVDUT5BPDJD24STDQ
9984,AFJMAT2H2DIYULNEJQ3LFCKVJS3A
9985,AGUX3OJEQHOAIJCFCDCIEWVJV3YQ
9986,AFM5RETXPABBSEAGWYKGHFFQC7HA
9987,AGJYW75T4C25BNA6G4VBEVKINWIQ
9988,AGAKWNJLWFAV2OACNNVHPYQHFH7A
9989,AEMPM2ZTFGSTRWWC5I42SGP6KHIQ
9990,AFXMWTJT2X6URKPZM7FLM674I2OQ
9991,AFACJW3I7VS53A77SVLHENHGWOOQ
9992,AE6Z5B36D4WG2MIY7I6P735SSKHA
9993,AGUHQE5P4PX5VMBH7A3QF6VOD23Q
9994,AH4YIXAEBJXK4UEIGX7R3EE6G5NA
9995,AEG5UEJUQHD52FYLK77ZMVMHEXYQ
9996,AETIRDZMZUOYAMILP47PS57OLE5A
9997,AGSOSJR3HYW4PVD7TAFJNRH43GOQ
9998,AH6LEE2DGCSUWS3GEUWV6QV2BXFQ
9999,AG7YLNN6PHNLJTEMAFXX2ZHBML2Q
10000,AENJ3THFZJYLQYTTTVAFROI4UR7Q
10001,AEKJSG22QTEHZOPZX6NSSAMF4B4Q
10002,AFERNOW7PPR6OSIUOAYOZAO4IJEQ
10003,AFTUJXSDY3XL6TIZWNIUHUAZAVVA
10004,AF4DSNZELK25FMB7UVQ5WPAPMSJQ
10005,AE4HHLVN6JD2AXWJFBENTHT3SJWA
10006,AEHF7L7CK3RHZ3PNQQSTZDS2UF2A
10007,AETOJGYFECP4PSAJOHP2EACZYNDA
10008,AFP7RXM45HLRNDD454PUV6R7QXYA
10009,AFV6EJMDPVMYB3VRE74G5Z4TJCCA
10010,AGX2TUHSJSY6BA6DHTM6647IBDEQ
10011,AEOPBU3YPJ5B6P3ULREI3YWNGQZQ
10012,AE2QF7KUNL5YZ5N72Q7L5XMFPLUA
10013,AERIJ35L35FTSPVSCLADMJJZQCJA
10014,AHDP74W7Q3J67KEWP3E2QVT663MQ
10015,AFY6VH7M3XDFXHSMLM6D24KPYQHQ
10016,AHPF4N6LVL6PVTUM2MZCFPYT6KCQ
10017,AFTSUGQ3FRWYBWNT32UZF6VCZMBA
10018,AGSVPWRGSYXXZKRR4WZNI3653WCQ
10019,AGF3MWTWDV2EG5KU3HIUQ7VRKAHA
10020,AGG4BBWTLFIM4HPPGZAU363A4VTA
10021,AESKEJMF4F557ZOMXIOI4HNDD6OQ
10022,AFH27XIGHEYPW2QBCOS3TFMLNVKQ
10023,AGFBPVDFZ3RVZALEXBYR4MM6XFJQ
10024,AGFZAEBBN4CLHAEP4YQ6UB24XEAQ
10025,AFRYKC5OJZ63GYREDPT4EWR6DWPA
10026,AESKTKF3U2A6QEPSV2DPYT6XA3XA
10027,AGYRDGS5TPBKGL625MRD4RDL4MVA
10028,AEY5RRMGXW2TW662HRKZAS4FQO3A
10029,AHMP6SNRSZ7BS2DOZCZIJBTOBSVQ
10030,AEYJEMKV34U7ZFFKP3C6ZQDM7NHQ
10031,AG2VNAJ3ZCD7IZUVVG4KIRSGFHCQ
10032,AHKBNRE6UTS53HP73JQGHH6SZBVQ
10033,AETHVYLQBAAW6OHMIZBH2P23A4CQ
10034,AGGZBPBMHLJ4PMJP5NWE6OL2M2HA
10035,AHU6UBRGXMZBWPTYPUE4MROSGMYA
10036,AHFYRPUKRNSAYV7A2CJFCOCZVYCQ
10037,AGVXRKEDYJIGWVR4AWFXO3PXXBZA
10038,AG7FODLOZJ4RHDOM2GZCTJLJDAUA
10039,AGALUF2FZCOJEWUBPDTJOUBTMXAQ
10040,AGB7FS5SWTJWTVYKIGH634VWZR4A
10041,AGL57AUOX5TMSNRTHMTKKMR2Y6QQ
10042,AEJCY7B3XLNQSIASEQY3TJMGOREA
10043,AEQ7AICJWFKYJZBLHX65ETSYVO2A
10044,AHL7XXFKJQMX45KDTH7DTW5PBPLQ
10045,AGZA56UMVUMGZ525MKXOCVC3B4UA
10046,AG26YPGFDBF3ASNO4P4VXH527ZHA
10047,AF5QW5XZQ2XFCD2HFOYKDBRJWPYA
10048,AG4UJI322G2RZ6MPZ544R7XUANWA
10049,AH72Y3FDQYACHGKUETDLS2TR5WRQ
10050,AHVW6TU5GCP7Z4XLDYIFKCAX2XNA
10051,AHNTYSRO6SCETPTMSVMIDGIMAP3A
10052,AFSBB5QPMKP24UNQTLPDSLXMDFNQ
10053,AF45KGYY2ZVXZ7P2TNHNBHN4NOZA
10054,AH7DP7N677KL53UCNPRUTXWAWBSQ
10055,AHYYO2WWNE6T2PPEQVVKGGRYQOTA
10056,AGCDDPQ42OGDCCKH5QVLUCGL3A4Q
10057,AGNSA326KD5SNM2ZJCIHOVIC4WFQ
10058,AE3BELP6OG2LUC66QWFSOFA3U5ZQ
10059,AGU6AJXRTUIJ26S7YMPLQPBEFOXQ
10060,AGO464CAG2XCQLBJITME2QDXTJKA
10061,AFC43N6P7654REVHDM5CBYXD2XIA
10062,AHB6ZQE3CPHDBCIRVCHFWVHDB2KA
10063,AFEFIGTKA2M3L4HXS332EOL4V7EQ
10064,AEM5LOPLABLNFZX6OLIG4MNNPF6A
10065,AETABT5ZDTYJ7ED22N24T73RU6LA
10066,AGYV2MOAPUEKI2OMI4AFOWJRWVIQ
10067,AGUEFUEPHIUV6WNLAMDW2K5DLRYA
10068,AFP2V3U4NW7RB5PWZJCZ5NUMR2KQ
10069,AGK4WFBNPPFIPJOK2B36UH4G2AEQ
10070,AF3MF7WWR2SOLFYKLMQRVIIVS5TQ
10071,AGA3KOW5KO4JLTE2RPGQ23QG55YQ
10072,AEDFLNI4VA4WRQDZWTDSKYESGURQ
10073,AFN3SZE7WRKVGO4UNSSCV6NN4ADA
10074,AFBRMA6LXLIXUCUZAUP2URGX55KA
10075,AGN7KPBFZJLM5IWM4L4QKC7VVRMA
10076,AFZBMYVSJVLDACLM7IOCWQKLQZPA
10077,AG7G6L5UNVL3KI6FY65FQJZVEOYQ
10078,AGHZLZ7NGSD7QSPEWZENMAPWCLRA
10079,AGU33V7ZB2RNPV4HQR4ALVRVRLVA
10080,AFBK6LEVJ34HCWMYZVIWKOP4RRAQ
10081,AG6KG46LVCWGEGEFYU6J5KA3SW3Q
10082,AH3IW4JGRSNJBBE6DO22JRCQXXHQ
10083,AFGOCK55WAA5W234ED5EMFQCEDCA
10084,AGCFNQIWYDDROG7XE2CKWRP673DQ
10085,AEQPNLEVHNHMCDMR3CCRD2TMWIHQ
10086,AFYFGTSOEVCSZLW2N6ZTPSW5IO3A
10087,AHXJXNW6VMSXHR7TQJXOLEQRDBFQ
10088,AFEQQSBRXVG4XVNW4UTSWDH4LDJQ
10089,AE6YZRO4WEMYSCTZQIQBMNJ36RAA
10090,AGATGQGKJNLCWKJZHYVDBREQGQCQ
10091,AEGE5IFNFP7PPGKQKHLEJHUGMACQ
10092,AGKREI2J3TBPFMCCLI6I5S4FAENA
10093,AH5XWPVCPVZKUGZWEUZSZRKXAX6A
10094,AGSNXL4AW5UHOJLCPAE5G6MFNJHA
10095,AGI6CTXRZ7Q2UWOI6HVUG67BLETQ
10096,AFB2ETGMADHKNLWEZQBK2QXBVF7Q
10097,AHZM2S2ODHXETBF26TIODRT5RXDA
10098,AH7QNY5KFA3C2WR3BD2YAGBUS7SQ
10099,AH4526XQFMBWE5HX3Q56NQNK6ZFA
10100,AE5QEFAQCZQABAR3324D6QB2STAA
10101,AGILXDSXSIRYF5PVVJVYYVJ4XFEQ
10102,AFJDTBQEIITMWP5RJWBK4HCDGDQA
10103,AFNMH4RNN7CXVC3Q5GQQMWLFDQFQ
10104,AHRRQSUEM2A6N4MOUPDGTAGZ5E7Q
10105,AEJ7OKVZZ6F6T4SNGPJPT7A325WA
10106,AHRSBNE7KG32IS2F7NWEGEW733NQ
10107,AE5RY6H2A243Q2WS6TYTJ5JUPHCA
10108,AGHEI7LGIMBICH2WWQABHBVPYSFQ
10109,AHHYOGE763QSQOUIORSZOBRWQ46Q
10110,AFXTH6DOS2W444RKK4KZG2IJ7OSA
10111,AHAHBQBHJELSHBA6BMR53BBM3CMA
10112,AHQFXVDZJRD4EIKCQPHF5JPXGCTQ
10113,AF44A6TMLUSS4QL7Z2QTDV4ZIRFA
10114,AGOSWZ76X5KGCIUL3YY4HD2S3S7A
10115,AFC5UH7XMI5GRSKTI4H4YSWTIRIQ
10116,AGDA52UIPINCRXF3EP6VY3BJ2UOQ
10117,AFH343I65FJC46LB3TKVDPBPMIGA
10118,AEMM6RAANDPZ5NQSHX3CMJSK56MQ
10119,AEWJY2LV4AAYYAG7WUKEOBFP72BA
10120,AFODZP7OAAWEYIJSFVHHYXYSGUAA
10121,AFNOOGAMJWPQH6PYGRXA3ZBWXBKQ
10122,AEVQKHMPKLNDOYRPIG6P3BET6U5A
10123,AF76L6NAXL2DNKXQHMAVPYHCVTAA
10124,AHY5LF2PD6ENRMHQLX7RAO7ZRESQ
10125,AFQBKC25MJW25AKCOUSS2OAYJ7VQ
10126,AFSUEGI26KEZDBF2XELZSXVTVI4A
10127,AHSMI6UI3B42FFTF23NM2LY4FNOA
10128,AGRRLROL5JDL3E4KYN4FXOXEGNXA
10129,AEFIHLL43TUTD3QLLEVLST57FBIA
10130,AF5V4WJCFLMP442LXUB3LD4DSGNQ
10131,AH6542BG32YY7WSOXGYCIW7MNH2Q
10132,AHCFWKKB6AO36UDXJGKXZLGQHUPA
10133,AGEYVIPO46IMX6DCLKDCIRS5DY3Q
10134,AHHGZHXEVHDF2PZBSKC7KULSTPBQ
10135,AF43NBTWV3HERHM3QKKDFAEMZWBQ
10136,AGE35EUI77BV52FLBAAQ2RJ6OENQ
10137,AG3FWVT5UH47FSCQ75ZIHIHI52KA
10138,AH3NPJ3PZOPK736RQAL5X4TPND2A
10139,AHELIKJ2E54LX4B4IOLZYYHNKY5A
10140,AFIIEJKLA2JKBXA4YMUBNCEYAVDQ
10141,AFK7G4SWJZAHDGFD2EKPAOBLWJSQ
10142,AE3BTCEJVQWRQGOLT325R4WBLO2A
10143,AFA5GRXZSN4FL3MKSZKX2OTCVV2A
10144,AGKXVJSRK6E647WWYJXRYI5QVXBA
10145,AFRC7CJJK4VKIC7O5JNKXTVE74RQ
10146,AGA2RTT2ALSOLMNJT2O6JZJUEI2A
10147,AGCRRKLZ4XT2K6RZDTWEITOTWPBQ
10148,AGAP6CYQ2BW7O6DFLFS2FM6WLS7A
10149,AEJSPFOF7EUIHQKXGPL227S3SB5A
10150,AGB6KZUS2JNHYA5PTDTMBPGMKPOA
10151,AG5BR6QZAXUNP3STIPAOLMKXS4YA
10152,AG5SSHZDE6QR3CBAKVR2CNGKY3GQ
10153,AGPPEPGHG6KWZGOGR5YHXLJLDLYQ
10154,AGP6CWQ3EMIZDQZSPEV7U4YTI5DA
10155,AH5T73WZHSTXC5FM4EPCDWZRX3PQ
10156,AEVEFLVHT2Q2K7C4VZDS4QMG4WKQ
10157,AGZBLILFHLLQ3RPMZYRCTYAB6NLA
10158,AFLFSR2ZJZ6A2JLLAA3MDK4BXOEQ
10159,AHGVXBVJUHHBZMFI34F3X3RZ6VCA
10160,AFEBRRW4GJBYEJDSUSIIXOU4MYYA
10161,AFBLDDJA5RLPJD2VKRUZUMA4SA5Q
10162,AFHQLTDK65ZTHLCEYDYBPWUNKOBQ
10163,AFKNHJDWOFDYJRBUIJD2W3D2DYBQ
10164,AF26VPF3WL57NAH6GSAPKGWIUCXQ
10165,AGKQHL4F6X23DO67KJEJHMPNOZOQ
10166,AHNPU5P5KD2THIV6NVDBB3OVIAQQ
10167,AHIJ3IYJQ4KDQU5BYHRCEE7CRWDQ
10168,AHUQ5LOGW7OIH3KZN5GUKSPAPGSQ
10169,AFIWXK5GAKYQLBUXJZFJLTMX2SWQ
10170,AGRGSZGENZBFGPRNMEKPW4WJQ4NA
10171,AEIIC65G6766K2CYMVD7NDHV3A7Q
10172,AHHE5VBCT7D4QJXGV4KHVVVLTZAA
10173,AF5DQAAY7EG4LIUMEMJSFXUWONKQ
10174,AHEWH4ZLDFZBVZXF2RXBRYXTHTTQ
10175,AHDLTJHU6PKEYHAXT7BE2U4SVYEA
10176,AHKCDKCKNZCZAX5OD2YRHP5PWDTA
10177,AFIYBO3JFJRZ75BOT2BCJRUVPJXA
10178,AFDPXYCU5B6VBVA3UEGYSGLH7EBQ
10179,AHBWDCWYAJMFE47XPQJMTKH2T24Q
10180,AH4TQ3ORH23XPZJSUX3DVH4JF3XQ
10181,AFDR5K5AP5KDLPSZCXDBBKUIHIJA
10182,AFV6CYQL7QQRUHAF37DPHOFZ64QA
10183,AFIRIVGRE3ZMQ3NY7BPLSDYGCDGQ
10184,AHUCIUVQOAVGO6ONMXHYYCEV4LRQ
10185,AFPUW6CS6KZOJYC7F7MEQWXKXZQQ
10186,AHNI4CKJ3IGADAGRF56LC6E52HXA
10187,AG4FOA4FMWJSI5R6AY56TATJ4K6Q
10188,AGKWSCGVQOQGK2WNDGHGOPFYWLPQ
10189,AGE4YFBVG5UZCIJPWQR3KPHCK7YA
10190,AGE54EX3E3J2RDMT7VRQKERQBJCA
10191,AHNMXSGFTQDHOPVZNP4HNPW2DVZQ
10192,AEI47B4LPKF6AEBZD6GCTYSF3NIQ
10193,AHWDE3OFRP5XIFU4G3DB4D3NGX6A
10194,AHVY2A6T4CW3ZOWOZXT6PIUWK7JQ
10195,AGYT4PSZDYFUSOLYG2J4KUOVLZUA
10196,AEEZX3R7HLUBNPPX2MU6HZ3O7SVQ
10197,AHVQLYDRQULEHDQ4QA557APWNXLQ
10198,AEWGEIGSE3LCTVWVCIMCEUFTMU2Q
10199,AG3JWRQAR5QYDN3KN335ZV2LLWAA
10200,AGQM5L76UNGRUGD2PVW5JNFNYOOA
10201,AF2XQ3TJVZGID6XWCA3ADI32WBGQ
10202,AGGSL3CE32WHSRSVZTIQKOUC42GQ
10203,AGRWEOM7CBB3MB76GEPC7TU2WZSA
10204,AEESQMYFMQI4KRC3YHHI33WPZZ2Q
10205,AEQAABEIG4FZKY67PTCXNFFCSNJQ
10206,AGFMUUZBPQZQUBVKGRJLSVWMIXEA
10207,AHZWPLRVRC7B3HIKF4D2OEXUCPCA
10208,AH6I6R4J5C6UDXMBGZNLU6Y4T7EQ
10209,AHMQM7A6UT6WDIMYEQRUZHGTJOVQ
10210,AGWPOSEUYL5XU3MT7R6LS7OG4DBQ
10211,AF3BKHVGGA75X6NCI7LS4EIQW6VQ
10212,AHRSMEYITHVL5UOIIKPB3CHUTLWA
10213,AEIIEHMRM33WBPETP62JD6XEARXA
10214,AEGCLAXDSESRBFBDNSJ3JIMQKSQA
10215,AGGAMI6HOI3ZOPVQQDNHJVOK64LQ
10216,AEB3ZYQ23Y3S5MICKONITOXHJ4SA
10217,AFBROCEXHSGEKXPQMF6G5VKZXKEA
10218,AGYD2N47ORUVROH2ONFY4SICLT3A
10219,AFBI7OENXS3FVPN4RS57DUTRW4MA
10220,AFI724IRB7TP3YTDGWCUHON7BMQA
10221,AHTBYMUVFV5DPSTYELHOCXL46TQQ
10222,AEJPUASVBM4MVCUXSB54RJ5IP5AQ
10223,AGAU6EOUZVCUNAJNLJ3OXYVBASEQ
10224,AHHDT2BVNZABDRJ7WGVQSQZPYOGA
10225,AED6IGV54XQMVIRSHQFAHOZUW4YQ
10226,AE2FDDU7C4LI6V6LQ2RNBWKYHVFQ
10227,AF7G7YO3LBDRN4UY6RGKDGNGPCRA
10228,AH4OU3JOMAJ6ERSBVORSD6CR6ZSA
10229,AGBPYVUNMMDUFPAJKNGOFSQAUTLA
10230,AH3ODYUHF3K7THTO77ENYUFWWJGQ
10231,AEX3SFJ3ETOR4LTWMB2S4ZSOJL6A
10232,AG6TX2J2ZW2MIZOSIOP4XGG4JLFA
10233,AECZGQYRZGV2Z2JKUGIEG6XXD3EA
10234,AFHEF23VXHBU3ZMMG3IULCCBUNYQ
10235,AF62Z53HHPM74GN2YYNBCT5FRHNQ
10236,AG3NFQMJNGNDCKFNF57UZX25UQ3A
10237,AGH7GX7N2XOZMEXHWUFYYEL3WH7A
10238,AHP265WQTGY3ZNJXE7ZQJAQ47YUA
10239,AH2A5KOHEFGNHYHTE5MSZNHK5BHA
10240,AEFZDFHCPWYDJLNN5OWZTHZT6EBQ
10241,AHCU3COVFMN3RDK3CNF5PTGYJ7PQ
10242,AHQJNFMF4HDEYWFWP3TDXM6FTUVA
10243,AFL3AWWOABDEZJX4GJXWCFAP4N2Q
10244,AFLUBMIVP5UBJBUSFHUPZBY2WZEQ
10245,AHVCS5NYVAZ5YOC6GKKVFDN3LOBA
10246,AEGCZSIC2RJFCQUMNU4LONR3F2TQ
10247,AG747RMN65VB7YGUSN5YSMERGDIQ
10248,AFJHQISCX4HDOQBK3KGBOYI776QA
10249,AEH5GAP4WXEOBOKYNB2JG2HHXSLA
10250,AFL7AAKPR62E6EWQOW34LTMXF2GQ
10251,AG5GHPN2NBQXJJHXBL5CRO74DKGQ
10252,AGH3RZVS6F2GE6SJZ7ZWBQJ2BIBQ
10253,AG2GMHB437SAB5CVPDVF3P37GHTA
10254,AHD5OVVW3LABHUVRMOJL6YOZUPTQ
10255,AFUFK4L3MHAWJQVIJQLPAY756SOA
10256,AFQVRQQXTDBRJ7XLLWGBYZMN7KSQ
10257,AGDY5JWUI7CRER6W2DSKPHYCNSFA
10258,AHRFRJ6ID6JF32JLLKLYY6LWLWEA
10259,AGZ4EGITXDKQQDIKLIPYAWJSTEHA
10260,AEKUY3SROKWGLXGDKIZOFYDAHTXA
10261,AHS4U7KDDHAF7O6H33463AVSTH7A
10262,AF472VV3HETJA3A6GDKO2CP2VYKQ
10263,AEKY55JA2OUWB4FBWRJ5ZZ7GX4MA
10264,AGFAV2DEPS54WWKEWTMRWOXUPATA
10265,AH5EEXO6ZX3KDYROVCUZVWMGLS6A
10266,AHXU2CLJXVAB3BZC3R7ZUB2BGQZA
10267,AEZNVTS7FSZK4X6KWKV4DK5A2YAA
10268,AF2GIKF362GPAPAAM5FDTKDTVIYA
10269,AERD2P6PRYK5SNEOOUYD3B3MAWPQ
10270,AH6LETLW6HPHUHAHHY5KI66E7KBA
10271,AE2ZAZVHCHE4GSNUE5WRTUREDI3A
10272,AFS6VJKXSBJPRQ727YFXHIJE6P5A
10273,AEZQACAF7QVNQVA5H76F3KBCZPQA
10274,AH6DUMEJZL4QIRZKKW72VCUQ6IFA
10275,AF6WOIWRK2PBM4NGPOFFQH7FHB2A
10276,AGV76XVCZYQ3QKGOHS2AL4MIQWOQ
10277,AELWCZWVUOR74TBZHMDVD6X4RBIQ
10278,AG566JVUV4RLEHXR6QRM45CTLOJA
10279,AF7T53R7ASK3AYO2XU6KYGU6T34A
10280,AHS2YBAIXKJRDCTEZFLXYSPJIZ4A
10281,AEKHA3V5OBTLYSRBDSYBNCF6HB6Q
10282,AHLK43PILGTE5HS2ZKOOV2OK7DQA
10283,AH3QVXNLBYC7AXQVWKL3KDC2GKKA
10284,AETBA23VMIKSHT4BQ4BXD5CJKMAQ
10285,AEVJ32IX4FUP33DJOBZBQVG6PCVA
10286,AETHYY7MESGWW7NRCDHBPZ3YZBKA
10287,AF42ATUSFK3K7G7AVFGXDBMFKRUA
10288,AFMFMD2MXGL7HBKTRHSOGCQMO5UA
10289,AESLHMBQCYJZKH6RZM4HFH44CRYQ
10290,AH4W3KKKK24QMWDP42L37KJ37QSQ
10291,AETVGI57WXTBFQCM7QKUHQFGHCVQ
10292,AHJUOJTUSBYIRQYSYFVKQDUNSLYQ
10293,AF3EZM4KSVRUVJXJLT5Z6FKGZMNA
10294,AEXYHBKFMFYLGOO5ZMX4L3STJGNA
10295,AGIXHWE3SXV65UCZY2KU5TFEP5MA
10296,AHXWSLMJ4JPVLC6D2JWORX5B2AZA
10297,AGXUAH4JG4KJTWQFVUGXBE4IZXTQ
10298,AEIFWXIJS62IHDRIUVTQIU5OUYKA
10299,AGI3JEVGZNWPQ6LILCQCASTUMPMA
10300,AGN4TTK7SST2SPFSALLRYM6CXONQ
10301,AHYPXG63AN23RFMCCAGFOIGKUHCA
10302,AEXGFET4EI72X4XJYL4QJHW5UOYA
10303,AGKWOAOIXTBHYZI7FUYHNKEFVCIA
10304,AH6M7L3ZAWNGIMQ36CQLAJQRGZ6Q
10305,AGI4QSQ7XP57TQ6WISYTOGFCICNQ
10306,AE7YC6RWUZERKI5FHZVW7CFI7CKQ
10307,AG3IPZH46PQXJ4G5VEGTDR42F2XQ
10308,AET2PZFMOCDVSX3MGK6DP6KG2RHQ
10309,AGBDXT7C3KEHIO7KNLGA3EP7VP3A
10310,AFNYXUGZ2RAGS67CGUBVRT652AOA
10311,AEZURZAYYB7QNWAFEDWASQDEMH7A
10312,AHY3XDZ7LROKJSFV44NUA5MJHZPQ
10313,AH2WG27UKK7UU3U73QYNJTHV7RDA
10314,AEDBG6FC7XCZMEDLHSJZY64GW6WA
10315,AGTS7RR7FJDHFEKRNQCP5UKBJ4YQ
10316,AHCQ2LCAYZ7JLF7U2CFBO4WBDWYQ
10317,AF63U5KFUFHEMB64GHHB3O6QPZKQ
10318,AF35YTET6AIJFSRRSQPTP6P5L6GA
10319,AG55NQXULLUVKCWJVSD4NZ6D7FLQ
10320,AEMJU3DNIANQZKGHO5W2UV6TWYBA
10321,AHZNZJX5BOFTV7OLLJ4XZP5SVS3A
10322,AFLBBFR27YIVPGJV7NGMPMJDLRBA
10323,AFP3LYWL6VP64BPB4I44TO3T5J2Q
10324,AEUP7B6PQZCDA2R6WPEEW4VOCMHQ
10325,AHIH3ZMW2VW362654ZJP5FAOZMJQ
10326,AHJ66K5HZO2TDPN7XS2OYEYLS2NQ
10327,AE4BMLO63DHEOJGQI7BN5FJPJ2HA
10328,AGTGMIAO5GKZ7RPCR3TMZHSBAS3Q
10329,AFGUWJKZ4YWXKCLI44GBZ227RFOQ
10330,AH4F3GKJZJWEOQ2QVMB3O3JVBBPQ
10331,AF67WGUOHYTECIPISDOMXXLBT3CA
10332,AHXF2KBQVCAVEY6OAO6HDBPJ7CSQ
10333,AHA4D22BLXFLLL2XLAMRLD54A2IQ
10334,AGCD6O3GU6ETQYPGAJBCSTH352XQ
10335,AEWI37E5JGLG2TDEZXZEH7YFF4EQ
10336,AFYT6JU4TA7X3CCQDN2R2FJYYZ6A
10337,AG7H3ETAKPCMBF55ACIQTQOY5YKQ
10338,AFC4VUEGTTOJJRNCNFXCCR6WBONQ
10339,AH6XOBXFFSWFSPOCRAEDWFQZKSUA
10340,AFWQFQT4XY5N3MDA7JFGMKMATBXA
10341,AG2TKWGBLACPCEV36PM7IDUF7BIA
10342,AFPLCYWI3BQOKPCAAENLTM3QHEWQ
10343,AFCW4UK62CGNC6EKTG3CUX22WQMA
10344,AEPBTXFWRURHB52HBQX2BSLH5KFQ
10345,AFFZGDCOLCIGFT5E3OQ5TPYEYGQQ
10346,AFK5IFDHRYS32CMIYU44YH2UQOAQ
10347,AGBR4T4RGSFFHSDK7IHYYAUTLO2A
10348,AGBDB33OX664ZOREDISMQIDA7QFQ
10349,AGIHNU3U7ALDJIGPRJOWI32K7ZOQ
10350,AHTVPUYZPZFCC4TAU25BGA4GTLRQ
10351,AGA5ZDJXQQBGNUPJ3UGJMASHTOZQ
10352,AFXFEH4VBGNTLR6TH5GSIYSMAETA
10353,AEFHZL45CHRDXN4DUEUW4IFQVVWQ
10354,AGLR2AYBL2MRUAWODD3ZZZ2LSC2A
10355,AEWWMJLBXSA2VSJFQZY5J5H53SKA
10356,AEY2QXSFX7GJFMEEHCWE7IQJLQXQ
10357,AGFQITW25YAECVBO767WE6TWTDFQ
10358,AGT346D2RRQPJLEZF7TDQ2ZSGBSA
10359,AEGPE26U2JG5BXGJVGU3M25ZVWFQ
10360,AEACHFHKRWBW7OFZWQ4FG7B6PTRQ
10361,AGZEFGW7FG2CLQCOOTPTVWMXZ2YQ
10362,AG3VTB6NLNC7ZAR5IW5ZT3MU2D7Q
10363,AHJUUASEEF56VZFJZT3K3YTLRR3A
10364,AHS7AXMNQOSGDNQMJIGJOLTKEXCA
10365,AEA2TRGEKXCFFOQ7NN73WNJBX7QA
10366,AFQ3EDHRTIQ4KC35K63XONUEDKBQ
10367,AFYL25HMYPKM7FYYFWA2WXDF6ZHQ
10368,AGPYTJ5OBJ34AP3JEKQPVCBHWEUA
10369,AGNNP7Y73APJ3NVGJC4WT3HSWEUQ
10370,AHW6C6TUW7TDVTBYSQUEHR4G2MDQ
10371,AFQNTYNPZOLSK4B57S66CT3ZAA5A
10372,AEF3PEMWA37DCJUJKSN5CTY63GHQ
10373,AFHTCHX22KEZTVDQJUUMO65JQVGA
10374,AFIC4OHJVYRG7JXQAPIOW2YCUGPQ
10375,AGDCXTZJLK5Q52FFRJWABFKZIIFA
10376,AE5HMZ33Y2UQOJP2MB6IMVWKQ7JQ
10377,AFGFCAB67HK55AV5HVHYGTGE2I7Q
10378,AEAYVCH6V3HKW25FKOFGMSYNQQCQ
10379,AETFZIJRI25DYTOFO76RTCJUCZIA
10380,AEXYGZUUUGMQTIKUQWMZPCMIQMRA
10381,AEANSWAZQHJKO5SYAOFUZJPRQIMA
10382,AEVUYKDK5KLIETONL2FCOZJ7YEWA
10383,AHV5RBMA32WCS7PB23NLO4BRIKQA
10384,AFVQRYHUEVCO4BPJ4QKM37MCAPYQ
10385,AGI3BMVIDGBUWJXV7BZIVXOH45PA
10386,AFRXCZUH4ZLT3H57C4XO27FCFRKQ
10387,AGUZ2KKVFCX4ZEEANKTSYUJ3HPOQ
10388,AFAZKZOEGDV65BUWZRJMXF66DLEA
10389,AESBCYDWCTEWUG66KLU332CT7OWA
10390,AGEPTUJFJGX5RHIKL7FFNGOD4FZA
10391,AGMKCXFBBB7G4LGG64HUJ42XM6XA
10392,AELGDLI2MNSSVUUVFC2QC77OXNDA
10393,AFYSFK2E2K2GON7TRHKR2DPJ4AWA
10394,AFTBRINJLAFUI2YKXK5UN4LIQVCQ
10395,AFGSOYFF6S2AGQQ55LL5LCV5HBMA
10396,AFA4UM3PZZWWPS4VO5GHG6SFJSDA
10397,AG5RIOYW2HKBZOYJY2XASE4Z6U6Q
10398,AF3LIOHHHEQH4MBURINYFB3YVZ5A
10399,AFKG3BFLUN422JWF2G6QT747DTHA
10400,AEXDGLZK6AFOOHOE4UR6OBFOXIOQ
10401,AHPSRI6JPW6ONHLIK4WIIGMR5PUQ
10402,AEXA2SAWRAKNJ6L4JLYMWTCM3ZJQ
10403,AHKHUXIB7TFVP3DQVO42IFF247UA
10404,AE2TTDBI2LDCD7IXRAHJDJ6NBE6Q
10405,AFAZITJPUKHKYK2FRCCVIQ22VRAQ
10406,AEZX4UHEOI3JOKSTC25EUODYVPEQ
10407,AE22KB3C5Z4OPFUQZKC4ESM74P4Q
10408,AEHUNWKMRY43H5OCFZ6D5IZZIOJA
10409,AEJFB4WZMPUSUO4YFN4OZRPYPELA
10410,AGYSEXQJKN2MGSO3XYDTZPPDDBTQ
10411,AE7NAFHLWKERDZ6H5BETQXGJFF3A
10412,AGMRNUJ3YC4XXJVW7DMAZKI3JE5A
10413,AGKADV7J6PNWPXCSY5JDLSFLJ5HQ
10414,AF4TAWC3LIC533IIPH4C2JJZY6VA
10415,AEUZT727UYFNJYDWKJVHVIX66JQA
10416,AFNMIMHMWDQFIVKXUTGSRXKMAEJA
10417,AFCXTULP7UTIX72UAWXVOZ7GV5LQ
10418,AGOGQNWTD774O63QPXHYASTXT2RA
10419,AGPAU6G3ROKJN32XZJOLOO3MVLEQ
10420,AE42BFSLE3BEAFN62VKGHHCXLHBA
10421,AFGEQVQXDD2GGKMOEUNCKZV2ESNA
10422,AHWWRCBAZRM42HJ3UX5CYIUPY6PQ
10423,AFBHAPVZ67HV52BXBA2XR4T475YA
10424,AFNQ2GBT3YH3RIM56PYVOXG5STPA
10425,AHNJ3AGRVO6BHVHRCYFJ2SVKRNTA
10426,AEURAO2W4T5PRSZODDCYMM4I2XFQ
10427,AERMV3H4YA53GERK2NSFZACTDXCQ
10428,AGJRG6XAUJPHWB5NO4PECU6SP7UA
10429,AH7HLN6SD3LAV65AO434AZKHSWPQ
10430,AF2OJ2SFTLXHMV674WXPYP5CKJGQ
10431,AGUKIVULADORIIAAAVBMLGUAWUVA
10432,AEC2JPYHCF4LG4RNLPNXIV3OAXCQ
10433,AFUKA3FKZTDY3SVAKLHJTJU7N3FA
10434,AER32CSOMW6PILQ3HSJXUM2NGNPA
10435,AEA6RVVHMWSAZP4MVLNW3ALPVX2A
10436,AFOG7Z6M4ROJO6V7LKCR5NLPPNBA
10437,AHKTTFMAWVX3VBWUQAJRP6EKBRYQ
10438,AGQI2KP7AHXUSWS534YLPXFXNPPQ
10439,AGXLEEKPD2GGJJKUIIS5KLQCC4AQ
10440,AHOSOUAYCLBJV4QWBTSKKZDLQ5UQ
10441,AHGTKRHZMM2H7ABH6GY4622Y36KQ
10442,AEKVDJ4TQW5OAVF7JHLZECDEDGGQ
10443,AFYNFXSA5D2DSO6BCQMIEILQ4DOA
10444,AGU425SFJ53RBQBTXNAMDBJBKIDQ
10445,AGRXOMEZNIEKRR6G7MLEERPS2JNA
10446,AFDZDJ6OD4QX2437DWZG3X4CRSNQ
10447,AEJ2BZGXVQ5JTVYF4ITP3EM3O6JA
10448,AEXZVCY73UO7M7E5CY5WOFFWF4RQ
10449,AFGSLOA2PN34HKMBLLRFK75NUMXQ
10450,AH2KBTJEKLLQWDUM5GHGOX7QDNRQ
10451,AEOFSBNPAYOBHJFRXPCWRCNXJZZQ
10452,AGLQBR4J4TYCAE6HOF4HE4UDA4QA
10453,AGZZ3MA6JDKAXB47G7KOBBTREYIQ
10454,AF74LXPZDIOLND5V65Q2WYZHDBEA
10455,AEUCJORNDO6AFSRYPEECXWTJKYTA
10456,AHAO6TU3BPDNEFCXJNJU4T6D33BQ
10457,AEBTJCKBIXYKAA5QP6VLOVHRKY4A
10458,AG3K4TYXJ5X5GM27AKLVBW3JKLZA
10459,AEN6IBAWEHTN3RATWU5KMEXJLD4A
10460,AGGP6ORGCLATGI5XUECJRPI4ZPJQ
10461,AHXJUONOXGNGMEMBD6GFILOH2OYQ
10462,AFHTL55HRFAAP4OYUHKDYRHBRVXA
10463,AHKYTZHCRTITL5VR4ACAOGWU4JDA
10464,AHS55R52NYY7ENP6CC7CRMMCM6QA
10465,AGX6MEYFRIFK6EIX5J2OIBDIQOGA
10466,AFQTS6LJJKAPKOPI2ECM7MRPU3GQ
10467,AEWNOXNXU3ZJTWGKFSIY2K7OZVYA
10468,AHEHKRPBD7KXLQMK7SKYQPJQ7PGA
10469,AE7WGW3AUN2JR7623XFTYU2CPO2A
10470,AEZ6ST2S3KCPT3LVNVDPJRVGYKEQ
10471,AH6U7POLPCZWC3M5O4UWANXSVZ5A
10472,AFY4IJYXPYUJNAHFOQIKM3FOAHEA
10473,AFWLI2PACEJLSALKDN5TS3JN3RPA
10474,AHSGQ5P2XTIOYZGPKVTF3N4EV72Q
10475,AFWZDXHDMWVXQF7PEX24BWQYJ3PA
10476,AG5LZOHRTTQTAVDBIU2BTZRCP7XA
10477,AFQCYGMOBKP3QCLQ6LMW73MZK5WA
10478,AEYVJVMMB6FZWWVPX5J4LLF7EL4Q
10479,AG26H4W27IOLIJ2NUAFJNBYQ46OA
10480,AE4F3INT2QCZ3HRI6UXZIBQ4MZAQ
10481,AGKEAOOF3ZZBUN3PR5KIGGY46YMA
10482,AGAZOWSGT6MUYHTA4RG47255F6ZA
10483,AHE65GFP3S3ARHAH3SI3Q2NPZ36A
10484,AHISDZZFVGUX3WMLUG74UY733DEA
10485,AFMI56JJAWSYBCMYRWQAHGM6EY6Q
10486,AGR6NR6KMSBRQUBGGX3BDC576DPA
10487,AHK2YYSLZ2YHWI7UEMWPPAEFMZKQ
10488,AEWKISRRCEK7LM4BAGSLJK2QTSMQ
10489,AHI2ICJJOXUW6GBYY3JSSALFJVBQ
10490,AEDDOQIRKZ3KYFT7YDBJ2DBY7TWA
10491,AGWMUFQWIBLS7GEXUB2Y5XTUR6DQ
10492,AF7S7KHFW5CVDS6MYYTB6LMAR4OQ
10493,AE2XG5FIVVDOAMLYXLONOZE46DXQ
10494,AFC7DQQYW24ECB7WPZ3LZL4ZEUTQ
10495,AHMZHU4LBXV4TI475Q36LKCINFIA
10496,AEAUBOOENNVMPJNCH23UHHEKDNTA
10497,AGKLC26ZLVGVEQ76FI6UVOMF5ILA
10498,AFYBPJGSLN2ADYB2W2QLI7RBE4FA
10499,AHZBQFF6BVVIAI7OHS4JPOR7TXEQ
10500,AFBTZ7FBRAGQ2I6EDHR6OSLDK4XA
10501,AHOT36ARVTGYIZM6VRERDCOXX3WA
10502,AGEBRXBWBLF5XCPA4TVVLRDFOS4Q
10503,AHWKYHFWT2NEOX2V5DFHXFK6ICOQ
10504,AEHP43XQXGTG2B2WN4ZWQXC5FDXA
10505,AE5IJEQPZBGWCJ5YQNRABVYN2G5Q
10506,AFXME5WHYCY5TEQ2CCOVCMWA7KJA
10507,AFPEXJHDETRVH7BDB2HT7ZPISIEA
10508,AGGJ2SF3ZMQAECG74SCV2ZBGK3ZA
10509,AHI7RQVBCQX7T2SA4BSWJSB3HPOQ
10510,AHXYA3DR7LHRDENGMW2ID7PR5Q3A
10511,AHKVIOZWNBO275F2JO4JFBWXONKA
10512,AEK6NSQODZOX67SNTITDLGYEFKVA
10513,AEY4XJKJD6AMG3YIW2P3P3H76FIA
10514,AGB4KFYSGD6PDF4CNZTPKWA234JQ
10515,AF35JKNP3WTNAFC4QYDHU6AB4YCQ
10516,AHQYGRRL5QZAUTIKDF2XGS4Z5T4A
10517,AEIQ2LWBLCYNRU7YRIQE7JSUJSRQ
10518,AE3FTNVOZIVHEHDNOKPMZRDGUXVA
10519,AGODBKTYNV47NRV7ADP446A5H2LA
10520,AG6IQLPP2QHVDPA46NFUYDPHEPWQ
10521,AE7JQY23IBHCYARXOYO6TWAZSDPA
10522,AH5ISAGD7STOP7GQ2JRKFMMMXWTQ
10523,AGL4KO623DUUL5IDKDRQTAVJEBQA
10524,AFTXZNE3GENHQF5PKKC3WAO3JMIQ
10525,AEH27CRXHHLLRYFJBACKWR3G7KFQ
10526,AEVIY7Y6FYYD3PVYPFDABSAHIDCQ
10527,AEIKYKM5FX6V7BIJGR5FVPRYJQLQ
10528,AFFMJPC3OMGDIVQJANZAEP6QZL4A
10529,AH5VBNFAPWQSWO5UAOIXXR7YNLSQ
10530,AGG2NIVPEKZJYKCK5UHFA7BU4GVA
10531,AGIUPPI7ML3DCWNAWRV6AFSCUM7A
10532,AEDU4F2YBGT7IOAFYBB6AYVQPMYA
10533,AFY5YKB5DHYKJNH4SL5FIHYPC5OA
10534,AGBS6BVIBZEZHD55UMKVIPAGAV7A
10535,AEKIPQRGFZX45Z4XR4M2OHTBYIJQ
10536,AGC3HE3JMBRNQVBUWB7KNQC6KF6A
10537,AEBGRBBYBO733I67OVM3MXUBEKOA
10538,AEUJQOHS66KFF4U2TP7KH4Y34HMQ
10539,AENYVZ7CJZQPN3BJSOXRRF2XDGBA
10540,AE43MVSCECOYACEUTMJCVZ7ONCWA
10541,AGCL6EESCRAFLRYW7SIPC2PZUDMA
10542,AE65XG52U6T24MHLWTXCHOGP7WOQ
10543,AG2CVCPOJXZQPS55NOXXY2Z77EOA
10544,AH6REKKJ6C7KEMQ566QAFMQIBSDQ
10545,AFMASKLL75SR5JWQ3MSQAHCRQODQ
10546,AF2TFX4S75M3H2X4KMIPNDSJFXOA
10547,AG7FKV6BDYANPV36X62K6W5J3Z4A
10548,AHKS6JTBMSTJ25TIFZBGYSJ6A25Q
10549,AEUII6TMMOAQCOUMHRGWCBZBFSAQ
10550,AF5XGWVSXKAJ5CCTFZ2BVOK7EAFQ
10551,AGXQDHKGI2XJYJIH64OOWC2ZEKPA
10552,AH5ABXNVE5CJ3ZL3H6MFU3BZU34Q
10553,AGXP6FSWHLM5SLHBC3J4NGVNT52Q
10554,AE4347SRV46KVFC7NAM3NLIVOSGQ
10555,AHDE7JA7NQW7NAEMMLUWEP7WAU2Q
10556,AGPMPHJ724R6F3T3TPBPBZZCO7YA
10557,AHGKGU3DB34L73Z7OJ6YRY65JUEQ
10558,AHW2VN22V63VLWLXEQAC7Z2SSENA
10559,AHDQBUXZ5OA6IXUJZROMYWHOE4ZQ
10560,AFMY6FS4X7KSCE4M4QJNYNP4TILA
10561,AFHICMEN2JEXSYOYM7NUCZCT5ZHQ
10562,AHQIBAJH3YT4SDYXWVE5OB74FVZA
10563,AEWVSDAXGSNVJYYGC7TWTTPDXJLQ
10564,AFH7PJMZFNPLBOVD7LMJBZEK25JA
10565,AFCTIE2DNUUDAJZVT62YEQYYGS5A
10566,AH3OFUVMWIP7Z4AE2MUEROLKKKUA
10567,AGRIJ6KBERJU2RXJMRZ7IFIO7XXQ
10568,AETZSKLA5I7IIKCYCL5PUR7VZ5RA
10569,AHZ5FDP2J3NRRYY3HAH4Y6IDQR7Q
10570,AHGPPZJLKMAB3O3LOF3D5DUJJNUQ
10571,AGMXNSIBVYWSVLWHPPVCPJDDCYBQ
10572,AHADANLUIKD7TWATBPZDD4B7JCUA
10573,AH54UFC6NRFGZC3IZMG7EZZIVP7Q
10574,AGSWZWNHKXSAR3LD3XJMDBCCZ5MA
10575,AFR7FPLWKPRKQ6UMVZJ6ZG7LG5FA
10576,AH7POK5N4674MFAUQ45WCPG3GDMQ
10577,AEB4FYDLKUO5KVAMH24MEI4XGSSQ
10578,AHBQFNCJ2IAUL2OGVT3MLSSRNMFQ
10579,AFFW5SUVVQQ62X5QQ2VF755QYGYA
10580,AGGMVXY4DZ6TW7XLZLUXTOUYIPBA
10581,AF5RNL6DZEB2QVYW2AHC2UP2MZOA
10582,AENFERS6IKJPMJWAMPC6GCZVU2FA
10583,AHIMJYGFEIKYJIV6PA5UBZ3CT4FQ
10584,AFI2MFIDMHH6HSMRTN5V6A67UDWA
10585,AG3L34H6XKI6SNTRLOOLVQF2UH4A
10586,AH3663T3SBLOCGZAJVIC7BACZOTQ
10587,AECZVM6CSVF7SUCWGDURX7C5CKZQ
10588,AFDYJK4GCUKOFYZWZZX5L5YXL7CA
10589,AEPCVIAOHX5AXZR43QJV5KX5QLGQ
10590,AEHEQBYNRPHDX7A22G5EIVNYNDCA
10591,AEOA4ULB3U7NURZQGKTN5B6RJB4A
10592,AGIGS2KGKTGJFWZANCF3Z2XPZPXA
10593,AFCDMCX2NRWY3B6SQTREULY7UPHA
10594,AHUVQLLDUWYQQYERWKQO74A5ATFQ
10595,AEDZ3J3QNHMBTP6NAZOLI2R2XW7A
10596,AHBB4Z7PXU56ODNSHEPB7GKYASGQ
10597,AEK6PCZWRXKFMEOQQ5OM7XMUT5EQ
10598,AGTWK3O5XNNBZDXZLXZWSJD3GO4A
10599,AGF5HHAZ3CVGRWUDBXTPVDFVP33Q
10600,AGJL6YPSY6ONAC64B2TF432MNBWQ
10601,AHTJ2QR4QZVV4GNJTFKHNGA3BB3A
10602,AFSZWAQUQFXMLS62L6TOGPUPIU2A
10603,AG45Q6TPFF4ZVK6UEDQ42FEHWZCA
10604,AFXYQ2LC3WC653DN5W5XLGW677KA
10605,AEI4Z2OHQQ2WOZYT7UYFSS2F724A
10606,AH6A2QZGMIPG5OCA5P2L6XLOSAGQ
10607,AFBRTZJG6NPIGXGFIZ5F2BKSWV2A
10608,AGSEYCBTXUMQ4VCKBY4DNRVIGOCQ
10609,AEC6JPYVMZ6NMLUO52XSA5TPZIUA
10610,AEVQJKB7FNOCNGSPXSQCF5XCXSBQ
10611,AEENG7GTYLRDSZNFC6UZYW6YIKQA
10612,AGBQLWDQRHD7MVVC63ZG267LJECA
10613,AHM3RQYUN6UYBZ2WSZWTJMM4PK3A
10614,AGLWPJWS2YUXCP7URX36IJM7NPIA
10615,AG2PRIVSDCQUZDC6F243RLAMGUIQ
10616,AEEHEQTPQYKPJEVCXSPGDTT47XNA
10617,AEWKTSMC7OJVUM2MMSYBIVQ3NDOA
10618,AFEDWJJYSROF7P5PSNCY5NQ3GUJA
10619,AFTNDFIQFLI52E6NICBWHW2G6W6Q
10620,AF7V2BMQW2D4P5MP2HFUVB5HQ73A
10621,AHLDWNI5JP4L4JVQQSOHYG6TOBLQ
10622,AGKXQVLVLNFAXE47VI3WIALYQ3IQ
10623,AERTQTBUEZCTG7ULGYXAZVBAZCRQ
10624,AEWCFCNYWCKEI23PUIFGDGGRVE2Q
10625,AGRD5UNT6WNS75CA3PEVVKCXQX5A
10626,AEXPVVPYHB7FKQXBQOOCXMJYHBUQ
10627,AHCZ3WPK6SPXZJTYBCCWSB7J23ZQ
10628,AGNCF5WB4JLI7YVVNENEF3P7MQ7A
10629,AE4WOGCY7TMY6YZ6DQPAUDWWXHMA
10630,AFWEUNQE5YJ54OE2ORRQE32BREOQ
10631,AEJ6HTGQOXDJ3S2I3WY342JYABPA
10632,AFDC4K6R5PTLXHF32PPXOALJTGCQ
10633,AEV4JG73JJY76ABMBGOFB4EWO4CA
10634,AEM4GUPLNEEB4PES2Y56LASK4DZA
10635,AE2TGH3HF5KHNLJPHT3KXJNQ37NA
10636,AEWEJMMQFFZD2MIZEVOMEV7EUQGQ
10637,AHIYGM4QI6LD2F6BN4VSTDWPSUVA
10638,AEZBIFDYGRHTYQJJERY5LL2NRIWA
10639,AFGZK2FPTBFOYSS6RRHKD7RNNSCQ
10640,AFDW2AVG7FDIM2WHT7J35CBNAXNQ
10641,AGNS4MWFQ5QL2BUPD6RKWSB3UDXA
10642,AHBGBSIWDBVDA5AMGXXIBWVPJNCA
10643,AEFVTSIWEZ3CJNTGE44WDEBZLCCA
10644,AFFF72U2YMVQRLLK5ZORXRQA2Z2Q
10645,AHPPR2BVT55XI7VPQP5357WCEEPA
10646,AH25S5WDOBQ5WEKIDQAIJ3ZQ7QLA
10647,AGNRECIQ6YX3VPFHHHRBE7SEXDNQ
10648,AFBYSAVRRDQLF4AEW3J3QQZJ5EWQ
10649,AGAFLLH6CHW52NVWSMRXGGBDVCMA
10650,AFFPDESEB4NQYI7IUUXPYFLHA76A
10651,AG7B4XRL2G7H5YPHM6C2FWYJG4PQ
10652,AEGUPT3ZGATBI3JOHEG2T557X45Q
10653,AFJK6E4ZJNTA6PJANUDR56CVHIUQ
10654,AE3TXJ73XALW3P4BZLA3GQR5VC5A
10655,AERFYTJHX7XHOH6KE4LD2COIGKGQ
10656,AFGXNHOLB2U37B6V7JDJWDHHS2KA
10657,AEAPMNWJVNME3H3BDTTTCGISV2YQ
10658,AFWN3T3WZAKVDM2WIZTA7LN3QNMQ
10659,AGXV7ROIQRVEP3TMCCJVAV7Z2ESA
10660,AHV7D52XGJCCEV6UW4JIPYXTONGQ
10661,AFO6X5NNVNXZ6YXXQPIKGSMRW4IQ
10662,AGS3KOYTEVKXOITHDNG2AZHMWCQA
10663,AGBFCRPNQGKL5OWHRRGJ3XGRJ26Q
10664,AFRAYYOGKVOG5B2SGEOLZTPLCSXQ
10665,AH3XAGQ4U5TPHEK65J2FZTNH2MUQ
10666,AGTT4YFEFCHMLMKPPG6TQT7TZRIQ
10667,AF5PFUGXQSCIIV6KFD5TWJ25L6PQ
10668,AFZVRJ2XSJLOX3OXSA3JVBRH3RGQ
10669,AEGF4GTAQZ7X5DXOD4PMVS7L4MBA
10670,AELOY3GXR45RLJWLWCL6E3PK6JYA
10671,AF62ZRNQEBTUDNEZCABX5OT6GPAA
10672,AFQJCWNOLTNQT3YKFPUTGBUSELRA
10673,AEU7E4L3PB4IBPMML7FZMW3FR5AQ
10674,AG2KQ3KBD5SGMLCMLULLLTQOHZSA
10675,AEWYSNYQXDEHK2KD3RIQI35GLQDQ
10676,AHERF62XYB7CU27NMI6FJY7FEEDQ
10677,AHXZ6UKKKANDKZJ24DPFJPJETQOA
10678,AF5ZRBHTYI6NV5MFKMJK63VIPWHA
10679,AED7MRCMMGGIBRJRUITY4AXKIF6A
10680,AG3LHAJYGL6KSYNSJL43EJ6CJF3Q
10681,AF3N7HFXT3FNIT6HYI6IOQZHEGTQ
10682,AGQHK22ZAQIPLBG2FNELDHEWRB5A
10683,AF4POWU4PTEPTDUFJ2K2ZP6NEUXA
10684,AHTFC2KJ7ROTMQOTTX2C35IAN5GA
10685,AG4N7N7DHATTOE4WVFWL25TWX44A
10686,AGVUVD7CT4CVM5ZKACKGFVNMV4SQ
10687,AHAQHNAFOTHAA3GX7UCWCSQ3JFUA
10688,AEITV2DTVLKWJHSDU4BCR65MR6OA
10689,AF4ZFWAHBHTTTXRJH7ORTZTVYF7A
10690,AF2NFAOAEB5OZHFM2XB7BGM6WMKA
10691,AF4F5LXH3WIDG34QUXQKCBX35O3Q
10692,AHDAA2CSF3HXTQZZ3LPSI5L7NNWA
10693,AHWQUBH352U44JGQGUCTRVTIIIDQ
10694,AF6PKPJOJ5Z3IWVXEDWPNVGE4M3Q
10695,AFCNIKKEIPXFPU7SLF7HB3NFLFFQ
10696,AGSEQ7UEZM3STJ56GOLJJJ7O2GMQ
10697,AE3KPK56WJXUM5GLLGUTIZRX76QQ
10698,AGMWRBCLNSZ4LOKI3VLM5QKSQD7A
10699,AFRDHIUFABOJUDAFVK6YQWKUGHMQ
10700,AFQS4PBCHABDJLRF4UZMV6BN4WUQ
10701,AHIML4TPETI37V7UYGUQMBT4BKHA
10702,AFOXXN7S5XK7GPQLJ3VM52AAT26Q
10703,AHNSCVVM3LWXBF7DCSQEEC2Y4XIQ
10704,AGV66L4CY7JBD62OC6KPVHAA6IQQ
10705,AEQOIGQWNBAQIBN4ZBCDWY7EMEGQ
10706,AHOASMDIWSHMRFYASDVZXLYQWGCQ
10707,AFVAJAY6LBAP2C2CVGM7EI7NIMZA
10708,AFU3ULQ3UJPNWJ43ZTIQ7IYRVB7A
10709,AG2LX6PH2YN4XDIZT2NKYNV5PLXA
10710,AGZXTZZH5EANWXOZKST24DPQPZUQ
10711,AGYGRNYBZMTR7R2I5I3ZWNYIVTSQ
10712,AGFYTK4MC27DHZFG7AG5CQOLCA3Q
10713,AESHSR3IWDBSYXBRAVCT5IUANL7A
10714,AH6I6WATZXFDGUYVM6GPXLCFFYKQ
10715,AEQYLONS5JGJ62Q6BGNWJDRWH4VA
10716,AE3HMCZIEGIELFSJBIADOGJBWT3A
10717,AFYM6GYRZSXXADDH35QCSEML7YNQ
10718,AHNDC6TMVZJS4EWMYZLCVIXUUTBA
10719,AGQKJYR3W5W22WRTDD6IP6R5SCPA
10720,AEQEMAMXMKLXQMIDYOEFBXBVCG4A
10721,AEMSGEAIFBZNIR7ZV56H73NOPHLA
10722,AGPQEWE7FNI4B4SSIZ7M4TLZG7VQ
10723,AFLB5U2PNXGVEMPN7YO5UO4VZMFA
10724,AHS3ACPTGGK2S47YXLCJRCAXZBVQ
10725,AEHMOBD2466JGEBNVVJIWLL4LAUQ
10726,AGQX7AQK7JJ4TWXX5N47R4XZAMOA
10727,AH7XTEFROLQPCZTASE6PAQVTF6FQ
10728,AF32S3OUISEEI2V2ZD5VWH5V4F6A
10729,AHQFYZMF6ZT4JBZFYPU6DHH5VHSA
10730,AHV7RP7PI56KUS5JRL4LO457MOTQ
10731,AHUQPY7YADYDHTYMET6NRTGU6YYA
10732,AGYRWHVU3LZ5ZSRWKWEL22NKGNQA
10733,AE3TNHRFY45HN7533QNJBUI3TJQA
10734,AE5PFDGBMGKG43JPMQYW5VA67WIA
10735,AFKDYNK6X2TUKY2G6A75R7BQKYHA
10736,AGSP2FN6UNJSLYVAKPZCDOHZZGXA
10737,AFN3LVOGQAO3QCHJKOXYRZIPERWQ
10738,AHYJ6STHA6HBHKD2EAR336DG5D3Q
10739,AGCJGNI6UFXRUJ6PDUM2PLDBCDJQ
10740,AHDL2ZUULZY6WCZ7VGM2N7BKQNPQ
10741,AFEVOQAHBT4OH7QZLXTBVHDSRJ4A
10742,AEIVJ4UXRG6H4C6NWRAUMEDWPRCA
10743,AHW3NYPRFXTVFZAEHADYYQHY5I2A
10744,AGY2MYW7C5ICJXN4QXU7PX5FW5UQ
10745,AF4I76AKXOGEJBFPG7HVTOP7BBIQ
10746,AELGM3SXZSTZ6KCCZ5ZSOQQUEQRA
10747,AE7S5RSJ4SVUF65GJDZRSHT4R6OQ
10748,AEZFLMSUDPI5R6QWWHVIL27BKA7A
10749,AHJH3HWEQT6N4DV3TG7IKJ7XLCUA
10750,AG656B6LQOZ5P7OWJIS2ZZB4Y55Q
10751,AETV22QGEQNN4AJPBZ6QBYUXSI4A
10752,AHQWERWB4ZNBRITPYKCRPQW7EYRQ
10753,AGY6L2UKVS56TJ6K7ZH3R5PD7B7Q
10754,AEQOIAWLIVGTRA24ZVIHBSIX5GTA
10755,AGAJHRJ4AEBBJJ7COBQYVHR6KTXA
10756,AGTR6SMXVFKL3LG4QW4Z5PM7YFFA
10757,AG7ACJZUARZJXBHKEXGXDYAUQCJQ
10758,AFH5I2FJJVNR6YZHBYSODPUISQCQ
10759,AHJ5MATUG2TFGFEQTNIJ4M2JBUOQ
10760,AF4GIRU4EGDO3ORQHEATRPHYT4KQ
10761,AHZD5SVKGBEHYSZQF73WHWZ2P6SA
10762,AEIZ3VXP7BP5CTZ73OX62R6MNT2A
10763,AEJSFVJ7MVZTKWPGUOIW4WUPQWMA
10764,AFMZGGMYNPVNVN5GKBRC65RY4GTA
10765,AFL7AUERJ3KVC56UBRGM3OIWHVQA
10766,AGB735KSK4J6KSEISYJGYDLSWSEQ
10767,AGZTRYI3CXGGEY36ZXNZSLHEMSWA
10768,AH3OFYSYY74O2RL74B7PNTS3LSMA
10769,AGGLPFWS3SRR4NUKYFNMEGZ6BI4Q
10770,AEHQYKKGGRLKGTIPVTKYYLLZJ45A
10771,AGM2AFXQOXP22LQZSLQG7O7W3JHA
10772,AH5ONF57ZY3KSQIMRFKNNK36OOPA
10773,AHNDFSDQF3F7WTQT6SHU3SR7OP5Q
10774,AEC3KLVQAPRG5O75MIV6P4SXJA6A
10775,AFHQ2QHYOGNPXH3ETIY2BBO7Z2CA
10776,AHT4L26IHKA25JCJDF55N4IEGJ3A
10777,AFOK54CTMMBYVWAHMRE6SNEJEUCQ
10778,AHSJ6EDD4S2S2VCMVVITT2OA36WA
10779,AEEICLHPWZQXPGXZQP4WVBKMABZA
10780,AGZYBYZIQWI4DMRLZSEANIF67THQ
10781,AG422RDOC6W64FU7GIYRQATJZ7JA
10782,AHPQXSKJLPJR65OHFZM7AJH6A2LQ
10783,AG3PAUNJ4HKL3GW7IHJPRJFO6Z4A
10784,AEKGOVDQIPTH3JLHJWH7SC34MSHA
10785,AEDG5YC7Y2CQ67SCJOQHY4KYBCYA
10786,AGIERLSC456XDYRWGCCLJOELNEYQ
10787,AGILBV3GR6EP6ESIRZ5XLGA5NBZA
10788,AFVVKZ7LLWI3KL5JSHGZENREDTTQ
10789,AFO35BXSIUFFKRPUBRFJYQVEX6CA
10790,AF5WHVLY67BRHCDKGCBPF3KIKBSQ
10791,AG4777OGCA7GSDIGII55ZDT3EUMQ
10792,AE2XVZACR5PG2XEOAEJI46DJPPBA
10793,AECL2U4FB3WDIZCLVVLLBB7S2AKA
10794,AFZ7BOKVLLLBQ77V3G2RGAXV5JGQ
10795,AHSQHS5WSHDK5EJ2GQGDFPTTFW6Q
10796,AGIOEZ6Z26K5NG2M5GOH3AGI7K5A
10797,AGCQWBP43ZQ3MYBHWHBYDGRGWVHA
10798,AG2ODBPQ4OOND2IXVJNLEB6BPLEA
10799,AEAPWMDW436OSSHBZJ4MIM5LSYDA
10800,AF6WFZXSEXDY76WOPXJKYKGZMW3A
10801,AGJP256A446P6HFY26UCGBNSJUMQ
10802,AEPPK55FO3QHSMO45ZYGMRY47LDQ
10803,AFZ4H4HU2SMV33JHOR5HXGSDPPNA
10804,AH4ZKNEHMOOSZZ33GKV7OYH4A4XQ
10805,AH5VX7FDAAO33RMINM7T33K3M6ZQ
10806,AEDAXXWQG2NVGWCJ7FLXSNWUSS7Q
10807,AG26DQBXRVHKDX3ZY2WADXE7ZZEQ
10808,AHE3KMP46DESQCZMGPX2ZIG3XTCA
10809,AF4YI27W7FGASADR76IFMYBD26XQ
10810,AFU6QG7YJMH42HU7K7XVWZ467ESQ
10811,AEURV3LCCEXYWFHZFSKIDGG2WMMA
10812,AEMJFWQP3MYCM77C3IALXIT7PVAA
10813,AHPKKLXVQGESJLWCIGT4OP5QD4XQ
10814,AGB6XZGGF2KLQM6T6X2HUE34RAJA
10815,AFL2SYLM6B6DIBEPESA6DGYP2C6Q
10816,AE3TOLLPFAWTXLECXF3DAEP6WFOA
10817,AEXDNKGAYU7WCZM4EXU3ROLGCKWA
10818,AHH4WTNMTPBSE6BOLVNSG4AVYEJA
10819,AHZY7IZ7A55WTES6DTMDCLRGNDTA
10820,AEPATJ22CF3IDDHKR6VUU5D2TNNQ
10821,AEO3XWOX5RFBFKBQNC463XVHEKHQ
10822,AH7IGZNUNHRSCD5LXJHT4LO3RCCA
10823,AE7FS3O4USHA7J74RGXWUJZJJP2Q
10824,AHFYENHLSDTI2UBPIBWOBCMBMACQ
10825,AH4TEZP5LA3CJFPDDCUYGWQ374PA
10826,AGQAAQERI7M53BVKYLNUB2YOB3XQ
10827,AFDPZ3J7EROE6DDMFSBQX74MO4OQ
10828,AGZ3BQJW53MAPSDD324LPT5Q35HQ
10829,AHSU32MPL7M62LD3CMTADDS5B7PA
10830,AENZG32PQXZBWZONOLZ5ZQBNNT7Q
10831,AGSNN7JGWUUWPCPMPRBE63RMVY3A
10832,AFX6PSWR2AZ5PZHF3MZXIE4LVL6A
10833,AHEWW5TLHI5JAPN5VY7E6HEB4S2A
10834,AF6MTDHEL77YJYIYB2AH44AAAROA
10835,AFXYUDOXBWRKW6QRDCTDXZ4UPB4A
10836,AHTXMKG3D7FNJ3PUOQHI7BVPQT2Q
10837,AEEOE6W4J2DVKGKB62XWDGMMO6JA
10838,AED5WXMOS2CFZHG5H7XSWJETOUAQ
10839,AF7SOFRYFD3J7GYO7QEEQX32W2IA
10840,AERD5EKV56D7FVEWDJISHF7NO6AQ
10841,AF5AMGMVVDJQDGRBDLERPOHK5E2A
10842,AHA4WYZUU5SU4EV4HGNRUTVBZVDQ
10843,AFCYHJDZGSODNHA2PMWVXNC7YMFQ
10844,AEKAMD6R72KLFU7JXXPPRZDM5JQQ
10845,AH7G4J7JGMWY7GCHVCUDFMSSGBMA
10846,AHHE6Z55HKF5IAL2UZDU2UVVDZVQ
10847,AHPAIOOK4JM4HTFYBUA4DWFS6DJQ
10848,AGNDZDHEFVBKJFFORAVCYSDXQ2CQ
10849,AEEWEVGRKBVQ7N4EBTX4A4PH2DRQ
10850,AFMFIVGXYCHS4CVBBYO2RRY7LEJA
10851,AGL2MC24YRH7VEU46IWM2ZRGYYUQ
10852,AFXMJM3RP4LG2EKXSCQJEDQJXDBQ
10853,AENLTTTIQ75VXJGV2JRW2DHTMU3A
10854,AFQVYW5RARHJ5SXJOJP6Q6ZUVL2Q
10855,AECVU2AIH2OLMDTEVI3V2GH3Y2OA
10856,AFCG5QFGEE2E7SKBCCK2BBKD5SQQ
10857,AERDFAS576KHMLAE7L555YREBG7A
10858,AEYGLAJA6QBQ67UX4ZLMCPYGF5WQ
10859,AGOSQYUBBMMSSALWGLOZH7G377ZA
10860,AFRFW5VXSD4F4E4CPJZXBWJEOT6A
10861,AH4ZKNWMFO27KV77SV72LXGTJ6GQ
10862,AHFGA3USYTCO4ROQFZP2DPSSGDRQ
10863,AHA2T6HLFI7DXQYACDIY4GMVOQOQ
10864,AHDHBRJIAZRHRIQ3DDJYLK66ZHDA
10865,AEPKHOKAVW6LH4AIBCL7PPIPWJCA
10866,AGDQIOXFII2R4ECD5KJDVAYGO2YQ
10867,AE6ZLVOTBCWCUFAGPVZO2RXLCTYQ
10868,AE3RCIUMDPOO5SBDHRD6BPKDTT4Q
10869,AFMPTYSNPUN2G7CA6N532MQB4UXQ
10870,AHAHUDNGSOCHNJW5KAGWVBLGCY7A
10871,AGEKSTWGRRUVR5PDOAEPWHFFRPHA
10872,AGYYDSVLDVXYSWOXCNOPFPRZCRDQ
10873,AGMLY4EWXTIFXUCN6SRU6BSB3STQ
10874,AEEMADZPNBWU2ZGZILQF34ABPNPA
10875,AHWFZD6ESXZUKNZKWAPGTKGNZHZA
10876,AHNJN7765YBIQJBURKOEH5FSZNRQ
10877,AHAHHTEBP55AHIDPNS2VVSLRA3QQ
10878,AEFMGJINUSAPQVG6KEFDJUPWU2EA
10879,AH3YNTPW2LFU3HSSHHKYUNRH3IQQ
10880,AHWA7RJKEVPIIW3QIS2U6PNWUZ3A
10881,AEUPVR6UUBONROFKLDD7XA5NWPWA
10882,AE66EK3HVIZVCEHYVYSOIJOWGRNA
10883,AFCUTDIUYQADV6WPUJ6ZDHGE454Q
10884,AHPKT72FESULXGCS6SC52XOU623A
10885,AHMA5NNRVERY66PB2QM55NPHBWMA
10886,AEND7WUGCJL3A5J2RMACTGFBZKMA
10887,AH26267RWRSSDEQIC2XYXFHEIHPA
10888,AH536VD2BDUS7W5WOVZSGXRHRE7A
10889,AF365USMOTNMJH2S75GV7YOSABVQ
10890,AGSYTJW4MMGIZEKXOZCC2NPSNDSA
10891,AFOHAWZT7JRYCR4OGDLVF77HNP6A
10892,AGFCJHQFL4M3JLDUDQ2N34DMQ4OQ
10893,AE5EG3TCWNWV3OLBMXBUGCIPKOPQ
10894,AFIN3VZUOMSOYUM5JEWRES6AT35Q
10895,AE4PPUX5WFGZOLQ465K7ZYH4IOQA
10896,AFZMFKGGOTG4GKN6TFIRK6P64M6Q
10897,AGYUF6BTHSGZVW2HE2JJ6USD7PSA
10898,AEEI5NEKDRKPSSYBT5PIEGZMBLCQ
10899,AGRI3ULAFHZJ53MJ3T5A5QLE4PKA
10900,AGDSQTCBWB76RZZOOC3CF7QEMNDA
10901,AEW4EVHPSWCX4KYTLEM5AVUHDIFQ
10902,AHDZKEPS7XQYFYUX55BULSWOPK4A
10903,AGGVIYIMNNBKOCP4LU5MWULP3EGA
10904,AEA7DVQJGFBIFMDKGBPCZX6XTFNA
10905,AEIAVFYNDUEDYOGMR2K5XUYVNARA
10906,AHUPJ7XGKDCBHXQRPPOTCMFS5LRA
10907,AFO6FBORHJJW36MSXYERDGBNCWWQ
10908,AFWL6ERHQRGGZ7XJX2HJVQULSOTQ
10909,AG6WR7GLUBAVIZ7EU5RXAVGOPQCQ
10910,AHMQEXIQJD4OEEZXEKCSLNRYKDLA
10911,AFGEB2WYY3HYMP7NYOQ4WCJIOMBQ
10912,AH552STTQOLHEBL7446XLB4RGRPA
10913,AH2X77FXB4ER4SFASKPRSFVA3XUA
10914,AFFGRGNHY42QTSDYOLKKLZR7TVHA
10915,AGY43MJNQVXKP3CIIKTYZHPNZ7EA
10916,AG7VUUL4VHO2QT2VZ2L5W3VLZL4A
10917,AFQZ27EKJYP4ZVD2ILNQEX6BLWBQ
10918,AGDAU3CNMIJVA555B2ELXUVGNJTA
10919,AFG5IZ4IJJFIV4IOEYKSKGSR54JQ
10920,AEOQK5R2VIF372OSXLIWC6GQMVVA
10921,AG4OQK3N2IXFV5BHVE4XON42IAZA
10922,AGOBKTBCMSMD2I34DB2KXHCTOSLQ
10923,AHBMV7LJSG4VBY5SHN53JPY5PVQQ
10924,AGBXIWAOUXLEBPMAPHJXBFJG24TA
10925,AEQHZQYSPUQVUNGJPCDSU4QMO4EA
10926,AHPG4B55PZOHYRWQXYTSS44I2E4Q
10927,AFX5XCQPRH4ZJOPCQH4SWPLPPCJQ
10928,AHXOVQA73PLJXQDAMX2DG4K7L36A
10929,AEU2IA5WKWQB2W44WXHJPZSTV67Q
10930,AFI6VB6PQFQ4Z7URK6QEKZJGCZJQ
10931,AGR7BT7TSPV7WPC3OWOZXOAJQRMQ
10932,AGR63BOZ6JDZRDRSIGSYMF5YK3NA
10933,AEAH7TFAMZYPUU3J77U53PY2VNZQ
10934,AFCORAXGAJ4XTI7TPZQJKD4RGZQQ
10935,AFGRUBBYKLPXGZJKO7VXJT4OW3EA
10936,AFH7HSATA2DMZBGOIDAPB4QYD2XA
10937,AHRAIEWWSLY5FD7GRYBGYRDJCHHQ
10938,AHZ4CRTNNETNXEMRGDEK2J6X4DLA
10939,AFZWGWHDGT7F6PF243BPE3G4DR6A
10940,AGLQMHJ36AM2QCXU7DJRCCMEVFFQ
10941,AE6J5W2RF6EDHJWCJCTL764IXOPQ
10942,AFZULO4O3NMR6D2N4B72UGEZLZRA
10943,AHEBKIURDE66D5ZBKVZAG6DLM5CQ
10944,AGYL5VUBAFDEN5LRHBDMCHQNN3AQ
10945,AE6H7MJQYYV55G6ZXUTDUTLMUSVQ
10946,AFHDHGD5YDHDAQJRKVUI4YZ65N3A
10947,AEQ5EMO6S7AHMLBB4A3M73FTDVGQ
10948,AEIYVE5IEEC6MM2OS24JDYJFCE2A
10949,AFZ4VVI2MJPS2HZS7AFEPAEFVL3Q
10950,AEWGMRSIPDEMGPDDESKY3OZJWXIQ
10951,AGHV2WI36VDKNIZLK53AFDMFUCPQ
10952,AF3SFVDXVFNNNTTGYIDTYXCN37ZA
10953,AEZJ2XGNVWGA3VTMBTUCOCYST2KQ
10954,AHHANF5MGTNBJGJHYN3PSN6WHIMQ
10955,AHVVMFOME367QQOEVYFBQYP7GZAQ
10956,AELT64DXPGJYCGFKJCE6AP6MDZ4Q
10957,AF6WK57ZAZKS3J7KWFQCSC3HKCIQ
10958,AFQO6OIRCSQOB3RVJ7G7IZY46FSA
10959,AFERH5AZPJOWGBUMILGBOXQYQ4HQ
10960,AGR2EMQMCFINLHJT2622BDXBHG6Q
10961,AE542ERY6CFXZVOM5LDZ66ZBIZ3Q
10962,AEFYCBCXTUSVKFWYV32Z5JRTAQVQ
10963,AGSJZLRGQO4NP53T6ZM5QONZFYIA
10964,AGRZYFOJ4PYNF3JKMTWRE6BIA6RQ
10965,AETJS5MGHNN2QWU7FTNQN42RXVHQ
10966,AERBBS6G3O3HRS5U3MCXUJPNEBBQ
10967,AEVE7JAQWY52A4R7QUEK5EJR6WKQ
10968,AHCUAVBGZBGBH5R3HCLJVCR27O2A
10969,AGKWDGXLGEI2ANPV6VU5LBUPCACA
10970,AEUFDHPJPLHOJXJPVCVRHQMWLEEA
10971,AFHNLCRSKJ4UTE7NAYUUT647AHYQ
10972,AHFCX4TDQAK2CDWIXBNAXOCPOFJQ
10973,AFQTJN4HPBDFIVWE6YVPVPG6Z2HA
10974,AE6VB6K3QUAKARHA27JRJV5MJTUA
10975,AEKZ4XLLALKOGGMPWTE5G6YV4F7A
10976,AGNJJMPCTQFBXA2YREF4VCHNU23Q
10977,AEDHJ7TFOSTAUTYFJOAXNCBR3IKA
10978,AFQLFICLV6OW3NL7JYTC23MYVGOQ
10979,AG4TPJ4EK4MES6ISSHKTAY5QEKSA
10980,AF4DV7AW5S2INPUXCVSH66HECOVQ
10981,AENJ5NPVJL4EA5RQ7BFCUCJ4QI3Q
10982,AGBVFLJKMLKTH3A6XBYCY24ODEUQ
10983,AED6DDWX4T4GGK4PFGAJ35E4O2TA
10984,AE7G2W3ZUTMZNMBHOOWFF4DCBYUQ
10985,AGSCZTAYKI6JIQYPRLLGLHZZRXWQ
10986,AHLBVUTUIKPDUGTAWPTMWHSJB24A
10987,AH24Z4BLICZNI4KSSVLGWQFCOOWQ
10988,AE7T6R2I26NAPCYTQRWMQAOWZFZQ
10989,AHLCTZLRREW66ASUD5WDH7P7DKFA
10990,AHCGNTFLEO7Y3GRU2H2KEJQDRW3A
10991,AE6WMDMW47CBLARCV74O2CFCNRFQ
10992,AHR66BCR2ZSJDTBL2WKNOYTWYSQQ
10993,AG3S6EF7NRFBSFJQFXVESDC7FLVA
10994,AHX3HX3TDJ2QXCOHOXO42RZQSBNQ
10995,AFJAWCZ3HZUC25M5UEQHU2CSW73A
10996,AHZBRNBBPYHIEYX5HEESNQNWCNGA
10997,AF24YJI2RYLZK3VIS4GV6A6ETF3Q
10998,AHBLR7BJDGESQN6X5ERXLTCH3CIA
10999,AHRIS2CTGGEHBLLLIFVY6VYEPRLA
11000,AFOMA3AUM34QK4L253W7CUDHAEKA
11001,AETWJUORFOBTIO3WKSNVL3FD7OBQ
11002,AET54ZDRVNWZ3ZI5Y4E23YRQEKDQ
11003,AE3XZSESDHQLHY4B7IBD2SXDJMEQ
11004,AEXEBZGAC5HXBXAOW7V5ULRWLI3Q
11005,AFD3RQL3AQFZDLREB6HTDE5LHEVA
11006,AHDBHIQC2EVIOLRCHTCLFZ5PV7IA
11007,AEZ73VD62DUVNKGHEDDWGYPJRFZQ
11008,AEHAKU73QHQJNUQSCMYL3RBXW7XQ
11009,AFQT4DVJD5SWMMMKPQVI3AMWCAGA
11010,AHWMBHT46LFV3CQCFGMC5YRLN3AA
11011,AGKZJIGCV37TVEIC6CACJFCZCEHQ
11012,AGL5IVT7CSUBXYZWKZYHDNTLUZHQ
11013,AFXUMBZEPUHDS45SGL6EUS44DBRQ
11014,AHSUP72Y34SALST6W35B3SD5FCYQ
11015,AGW4C363XRBVCCZSRJOEYK3IKYDQ
11016,AGGEOWNDS5GDFUXKZ5OB325AJ7XQ
11017,AHGT5MGDFVUX43434WE3VCGDA2TQ
11018,AGOPBIZUIYOOSNMTO5UCHZDXMC7Q
11019,AGEDS33X72NBB3ZZXV7BMQ2MYNAA
11020,AE4L6PUXTO7UW6S35RYQH747TSJQ
11021,AE4WAHBFGEFDSZAPHKRMEKW2F2IQ
11022,AG4M3E5EZIIJ22YAYMDWIRZSW5YQ
11023,AFBSKXGSHVODSC2IW4PLRBXCJ4CA
11024,AEL7FUHGYOJDQTVRFDPAKXYXT53A
11025,AGHNDDFTJWHVDVO34IP3D7VLZ3DA
11026,AFO5OUIXNECPE7YGHCPTL6L66W6A
11027,AGKDUAXB6STFUVW7NQZVISRGQPNA
11028,AHOESGL5W4IDFVCYX4WTM77RSJYQ
11029,AE52RZNZCOCFA5WKUDYFECTQ3EPA
11030,AEHAFVKPDSH3NT5RFTHJ4IEWNC7Q
11031,AFTMOBOS34GUXOPPH4JFKSEL6WNQ
11032,AG5HQYD5OZHOVMYVCYSQGB4QPNHA
11033,AEVDNG6UMT6XLUZV5NYF26RCYGEQ
11034,AHBFGVTJAJLKKUBGOELYP7SBWLYA
11035,AG5OABU6MNTKAZC46VAHVFK3QQHQ
11036,AFADI2QDKP33IO4XBTFVNSKR7VPA
11037,AGFCDVDL5BWDZNLJYZTM3K4IS2MQ
11038,AEQTOCDSA3S2RSDGRYAW42RMBZGQ
11039,AFCSSSFXKQ756Z32PLJ5NO6FX4VA
11040,AFWYWJZEKTEHBYJKJ3JQMZESHHIQ
11041,AEYZO3QD55JRYHP3IPLL3RU2HIOA
11042,AFXENASJT5PZ5AG4RBAAQLB37VOQ
11043,AELFMQEF5PIDQZ7NSYJJ2OBNIT4Q
11044,AG7NGBEYCNAD7LKDKWIULT4VAKOQ
11045,AF4OILV7UHHDITE3JFQJQJKHMOYA
11046,AGQ6PC2DHUIXZSLRFGC7L7DGLPEA
11047,AGLCNHZ5E5X23ONUPNRPPKWZPSNA
11048,AEV7WRDKZYVOVRDGTHFH3CDHPDUQ
11049,AGDIC7YY7L4JD3USHAM7Z56UJO5Q
11050,AHTYGIOTGOZ2UBJOLVJA5SUJY2OQ
11051,AE7CKDQENB3676ZEWA5AXZ24PQ6A
11052,AGYY7QM2P6QPFY6VQ3QXH27MHKKQ
11053,AHFC5WBL7DF6PDKY4K5RKZMOGADA
11054,AGBW7WZCVRYZDCLUPWTNX22D34JQ
11055,AG5GCENWALDZFA4RIFBWGESDZ42Q
11056,AFXZL3PVKGUAKA5MDHJOZ3NQHY4A
11057,AE3TF4SO37XUJAXRDNAWYQPJJGEQ
11058,AFGDBPTWVKO5FOFNK5QMWU5HDXCQ
11059,AGP4CCBJFUIN4OW3NKNQQYG5ZK3A
11060,AH6446VKUNK2YANPAA2XO6UNI7SA
11061,AGBAWNFZSQEPKUFFJ6IRTN5SWKXA
11062,AFIPJLLVA76IPSJJSK3TDXQLZFYQ
11063,AEV7QRFGZTXXYWU55DRNMNAUKIEQ
11064,AH4FPTUDPOGZCHJIYATSLXTN4ENQ
11065,AHARUWAKGAK2JDIQ7G7OIALMC2MQ
11066,AFDOMHFC3S4Z5CHAY5ERUSGEJMPQ
11067,AG4ANWSZ72LNJPJHGEYABTNRBAFA
11068,AGOBLCNPS7KE63EZ4VQGZ3GYIOXQ
11069,AFLRGR2CVABUEW5YUQWNVT5DIHIQ
11070,AG7YKFPETZZ5U3JP5XCBOTDSHA5A
11071,AFXACBZ5A3SOL6DID67RZMU4ZZDA
11072,AF4K245FDUILA7C3NOWP23GPQSOQ
11073,AGGIHBCZOURP63SIXLG6UCDGBSPA
11074,AEGWYDMPWLPOT5E7NDQ2QA2J5YHQ
11075,AH35MSVMONRHAX7WP52BDP32AFBQ
11076,AGEA6E5Y3LQITESRGLAY7Q2F5LFQ
11077,AGAVKP2C5W22CPSOBJU55RFKE5QQ
11078,AGG2ORB7I7RTX2BHE42D53ENT5OA
11079,AF5DO3P544ONOJM7YTIOWDIAKO3A
11080,AHMCJ36WDRK5772KOITQ3WOQ2Q3A
11081,AHW3NZXSCBQJMZBBFRILRVAN6CSA
11082,AH7QDADCSSMXEPEN7FYD3X3Q6MFA
11083,AFATKM42BE5LHYB53PTI6EWNRFPQ
11084,AFZCGTURCHJJBS5IJHUOONBR7CKQ
11085,AH3U47DQ7LDZYHHLXCMN4XRQPD2Q
11086,AHS2ZTNYYUD6EL5BDETMVQU7B3DA
11087,AF2JJEFS6MIT3OQ5LCR5OV55QYLQ
11088,AGL54PVXI6EJK2C3EXXKQADJ4W3Q
11089,AHLYJLPJWDKNKTPXRPQJTAXMOWAA
11090,AFPP3DEH2GQWBH23ZZUTPXU7VFKQ
11091,AHGWE6S2FGS5YXIPNXN2CF37GYEQ
11092,AFTS3PSHXOFKQUWBNDOQX4SSTPHQ
11093,AFYQV542FY32K63QJHSQOSIBDA5Q
11094,AHFAYFZP6NGEBIZVRMD5AW3FFQ7A
11095,AGVBQS7G36L35K7AIDRQDLPQDXHQ
11096,AGT7CM75M3WSGBZUOSCN7IYI6U6A
11097,AFMBI5A4VD3S7RCOQ6H5DJL6NWDA
11098,AFR3JC6JBXHPA4JJW47QYC2MX3FQ
11099,AHD35OVY4DXSYSVI6PPNV2DQVKOQ
11100,AFCAISBUNBWI7ETTJD775GEWF5LA
11101,AFYXTFMAXFYSQRV6DFO76BIBHXQA
11102,AGXHZ2VDNY2QYPX5BRQG53F7IC3Q
11103,AGRGBHDGWATL6PUJZ6SQE3TBTFEQ
11104,AFXCZ6WZRSXUFYB36GYFFY4SDMAA
11105,AEDB7AACBHCTJ5IZAXF3XT6J2XMQ
11106,AFQBVTN6RHSKF4DTDWUZAYPOB73A
11107,AECVL5Z5ZAXJT5I2MIAB4E55T2EQ
11108,AEACB5XESNVWVHOCZA2BAFUPTLBQ
11109,AECGIUN65O6GWAQQQISYXBN24KRQ
11110,AESUUO3SUBZEZHWRKL7K4IQGOVTQ
11111,AFIREAKWBKFR3TIXQDDV25TUHWVQ
11112,AE3E6Y5KWB72WI7ELHP5GON3STKA
11113,AGIW3EGAZ42IB2HS5JXFMPKHHCRQ
11114,AHMEYLWNXL5NY6NJLY5UPR3VJ6OA
11115,AGG3BXSP4MWN5W5VVDRYOHIIZJDA
11116,AEHZHDZXCH5OFQJ6E4TSC4EOKI7Q
11117,AGYT56NQLRT5YRCIUMAZSK6RBP7Q
11118,AEBD3RUHXYOVL73ALVV42IC2NHOA
11119,AHNRP3VKD4LEX4DZPDNKBM7N3HMA
11120,AFI3VBY3Z426QHO7OCICCHA3LBVA
11121,AE6DMXDQD4SYAXHGZ3ZA6D3ONVLA
11122,AGZQKUKEBNWOKNCJ67B525W34MPA
11123,AH2TNZJK6WBN5RCUI6U7YCT2TZDQ
11124,AGUYJLWRHMZB2FT7IVLKOYPEASVQ
11125,AG2CRVKWYK7EZEDO3KZV24W6P75A
11126,AGX47HKRMTQHCHNY6NKKSINAYE6Q
11127,AG75EWIMSFKPQNI6NUQZWPAOUMKA
11128,AF26VNLZ2HCKD22SBA46HXXGAR6Q
11129,AEWOPLCSMHA53VRPFGBWGKJO4QPQ
11130,AEEXWX6ZTAVJ26SRAIPXCKT2W7GQ
11131,AEF3JVKH7NXDUDGDYSSY3UZ7TKAQ
11132,AEPZWRW7QHGFFD73UPZJPQA2NXPQ
11133,AEWPZRD3LWFAG73P27VWVXSRYACA
11134,AF3FPKUGTYGISLVKFZTVAYUSEODQ
11135,AE37ZWRW4HNDLAIOW3PWWPOOR5JQ
11136,AG6N63MWEIT47BDYU32LRNYQBNLQ
11137,AEC4LTXK6E6KWQQUO3AGWXCVM4SA
11138,AH6FBOCZCKJVYESAYERYS3P6EGRQ
11139,AERVUQYBZJOFAKOP6JMGG4I5DJJA
11140,AFYXYB4FWBQ7B45FUOCCCVJWZGKA
11141,AEFSXP2ZO4JK5NXUQRRKPHAMBW5Q
11142,AE5AVOYUPBHL6V7FXV726AD2HCCA
11143,AGHQMJIWFTWOPZSY5PORXWXOH7WQ
11144,AHRWDVH7UM6I2HO6TJKHK7MTXOYA
11145,AGYPEQP34QQAW7J36SCZSOQKX53A
11146,AHBTDJE4YKEBZWG6GNYPQYAFG66Q
11147,AHDZ5WKF2NFMQKYZ6V3UA7D6JLBQ
11148,AHCXE4QNE6NCLIMEUPFBYDTEW6VA
11149,AHTJGGCSHXMINXU2P5APD4BUL3HQ
11150,AH5BQPLR25RKDUCEX737HEM4T7XA
11151,AFXYZI42ODHJO33WRWUFUXQGVIPA
11152,AELN2NAGQIIBXV2TPREDJNESMOIA
11153,AEKCTXTIXURSRAN2KA42SZG2GHRA
11154,AGXIENYFIM3WUB32V4YLRWYQAJFA
11155,AFSHGIXT4OKPO73C634UTCUHMRLA
11156,AGGOFLQ2ORM5MQUWRRSLBYU72WBA
11157,AEQ6O3YMNWQR2KCAXWLLEJDV6BFA
11158,AHBVWROLAM66RQSFKY5VCNUF5WQA
11159,AEKDLAN3KJHYDNMV2ORUDA4XRACQ
11160,AFGZXKEEUQOSGUQOANJVZZF2URVA
11161,AH6FOUQHSO6XPRFT4FE3JHAZ5ZUA
11162,AE5WQZQG5KNL4CQZSUEJLQXMUHMQ
11163,AFXGDNABF4F2O5SC4ZTPE63AEP4A
11164,AEF7L2HNS32XZY2GJ3IQVBXMVVXQ
11165,AHRIAJ6B3SDVZIWS7CZFSE6DWADA
11166,AHLKXOZDDZP4VIH4ZA6FQ5MY63DQ
11167,AE2TVNNNUC3PYPWXPO34AZYMYCTQ
11168,AEZKTFHPDMCIXTU4Z4WM3RW7BFTA
11169,AFBXNWJNEKP5KS5WLJHD3CJZOIJA
11170,AFDYPFQE7SKR6MZWIBHH6EHI45IQ
11171,AHXR5SXJI4T7OJP3EIULWPOMHWFQ
11172,AEZX3OMFR2BHB2OVVE73G3H5FOJA
11173,AF6OBV53WETESRS4SMVIKNWTU5UQ
11174,AFGBHRKJKK6DVTVJ4IKQAJT6QL2Q
11175,AEOFNNHRJK57C5HUD2UAG6JAY2CA
11176,AG4EJF27EH6J4USAZYU2XGMPUWIA
11177,AFEFVJBJ5PNBCJJBV56SPL52SJ3A
11178,AGONAMYEKNH4FHB42CS4CYJ6IFGQ
11179,AFRAXQUKEEOYNEUSD2E45ATUUGIA
11180,AH63YNGWB75BSPQ4BTPWGMXXKXXA
11181,AHZTPWC6KTRX23TQCHRPS2S5MVGA
11182,AGR6SVWDLSCMXBNSXNVJ7ZVEWWVQ
11183,AG7RVSEQVD2HCV5LUTYP3EEECPTA
11184,AEQQWYTM5USOARGQATPBUJMUUCCA
11185,AFI44DLDMKS4Y4M6GQVT65T5VLTQ
11186,AEWMOQ4NLCS3HMKG5AYFMWAGUHJA
11187,AF34J3OC2ZX4DOLSJT7IOOVGBDRQ
11188,AEEUL4777OQEPUASJTMRE5BYOPIQ
11189,AHDQQD4FWZJKVSMBCBAUMSHNEZAA
11190,AG2BW6XHTVGIYRBYWTGBYD4R2VFA
11191,AG3AJZZP3PSRYQ4VM4MDX7WTBUQA
11192,AHA66D7ZMKQVC5C642C5KLXUAWSQ
11193,AFOMDZEZKQINTTDMPMUGJ72VV3YA
11194,AEBBJNGAFHFS4ZRK7ADHNCPC26WQ
11195,AH4TCHFHZKCMPQMUPMW6CMVCEIPQ
11196,AH7ZF3YA5LMSULHHCINIK5I4YTBQ
11197,AFUGXFCWOPGRXB5B7G6YJR5ZUS6Q
11198,AEHVM3QG7WTTLPDMDCFNCXXSJCYQ
11199,AHCMGATMOW2XARLSYQTLM6LODVCQ
11200,AEFAE5CH4L2T3ULJCC5CZDNXBC2A
11201,AHSKLGY7QQZMZ7MGIYI2KKIOPINQ
11202,AHAGU5323VN5QPGFBL7AV2N3ZB7Q
11203,AGZMFIIAB6WCCDZQGFNZA2P5RLXQ
11204,AHQWVIGWGTCVML2JRE3WKHRG3YQQ
11205,AFWOTWAVOQHCZGECWZBVPQMCZ5BA
11206,AGI7PSUGMMCI3A54SLNXWE6WCI6Q
11207,AF7FQUXVZLT2WMSYGBQCXDTIZAKA
11208,AE4A274FX2EOYEROX4HQZPEPH7UA
11209,AFKT2BKJCMO2VL6CNOAKL3L3LKBQ
11210,AGKYECRM4FTMK734YRHBFADB2FGA
11211,AFHAWNK7HTJWP7JG66Y3MAT334XQ
11212,AHUSHO42EDNZJBRWRSTRAFQOQJMQ
11213,AHWEEEUO6R4773B666Z7MHVY6JKQ
11214,AEEU7KOQ4I3KFPTOBVJLBX6VRZ2A
11215,AGMVMU2NHRYA2RMOJ37M6ULE2EZQ
11216,AHWDICISXANTTLFAWHH5CDQ2PTGA
11217,AHSH6U7KZX4VHWTLV3CQSLXLNMKA
11218,AE2HQ2XIP3YJNJRGUWY5EJZ4TCAA
11219,AFDQEOW736IF2EQL3TORVNECU42Q
11220,AF62SKFXCPLZXNPXGCHVPLBACAJQ
11221,AFFO6YDUGPS4772YOYXIL5NXPXEQ
11222,AG3TYI6X5ZAUPRF4KKOE4VD2X7VQ
11223,AGZKEU6775IB7BPUFQXEQ32UPSUA
11224,AHS4ZYLS5OEJ3FHE32H7SJUT6YMA
11225,AFNH6TR54ILZDGTLH5M5EXGPW2BA
11226,AGNG7LK3BEPVUWRLSTBIWHZJMPTA
11227,AFIKNSCKOXAHILFYPZMCILNZE3SA
11228,AFQNKUUVP6QYIKI4UV76V6VOKJEA
11229,AGC63FKH4QRF3POOUFOSRY5NXLUA
11230,AEGP2OMHSVQBI2I7J42RPM4ZECNA
11231,AH7XZSVWLM2TJR32I3OXP7XR6G2A
11232,AFIUTM5D4QTI4X56P3P2EIIT2UEQ
11233,AFMUT2LEAKJFFCGNGI7I2OWO2LOQ
11234,AFXNY2Y7QBDJHLO4NYQI36K53OSQ
11235,AGESU45EOPKJC6QC4OULCIHWLDHQ
11236,AFE7FTG55GBUG4R25SPRYJ27S2OQ
11237,AHQA2ZET346NQ5NPX4ADRIFIRPEQ
11238,AFP4T6XFHY2CGORSH2YV33UNIQ6A
11239,AFILYVV3YJE4PK7SPUPIYI5G3SSA
11240,AEQHCWRT5CSWQ455AHJLJOY5WOBA
11241,AFHOYJA4CMSUSNYE4ONQX4O5ARIA
11242,AHYH43V6VBX7KOFGMS4OK4E2DU3A
11243,AGY4XXSZMABBAQHDSX6QLSEBZYTA
11244,AEGJGJKC2XOPDOLLEYRG4MFQPF4Q
11245,AF22N6XHBXHZDPVS7BSI2RJVTENQ
11246,AEP7YSNCUFEWJM7X6LXNPDDMEB6Q
11247,AHQ4AKOHR6DHYNP2VVJJDPCZR27Q
11248,AFRXB2RTXZKPEGYY743Q5L7DFF4A
11249,AGSUCXCP5FAF3I4XISI7F242NVYA
11250,AEMVNGU4LLGKWLQXTCFOAU7HKJMQ
11251,AHH4ILWQZII3QVG6FKEJ7C7VQPTA
11252,AHH6O7JRDZLDNWOODVKXHFBT3VPA
11253,AHU2RP5ISJ2TP2NU7AXSFF7RLRUA
11254,AEYN63EI6ANIQUPAI3KTYFGEZ55A
11255,AEAFKGFAVYFG4JJCKLAKLGXCH7MQ
11256,AGMSSFK5PU5AXRZEAHDNBO2IEY7Q
11257,AGXBORCF2LPUGH2IYKF6AKMIVVWQ
11258,AEKOEZYP2IUQZQAOXQQAE37VWQ6Q
11259,AHLWUH4Q6POMXE5L4BHFSJBDNXNQ
11260,AG3YLIWCUN5MMSTTGXFKRZD5ZF3A
11261,AHB64QC2EQ3H25OSWLZYVIWWWNYA
11262,AHFAOO3SCVOZJMI233LDSJXRXXVQ
11263,AG2HCDVGW6WO2JTS7BRRJTWKT6MA
11264,AGN2WYV3N4FOQOJHYYVILQ33RTTA
11265,AF2PDFSWAQBA7S5H7BJXFJUG4VCA
11266,AHTUTSKRRQYUUDOJOGD7CG5M62HA
11267,AGLLXF3QQTHPYUTUOLT4BCHRUTGQ
11268,AG5PDABSKSC2IVSX2WRRL6EYMYVQ
11269,AGAV4FEPTCZJP5KAXJFJ3SYJ6OTQ
11270,AFENPIXBBQ2H6NGODZZQVO4NOTHA
11271,AEAUCFPFZIVJJIMYNGNZPF2EYUVA
11272,AFWKVE7EWRJ6XSV32SHK7MQWH3ZA
11273,AE4YUMZN5E7QD5GFC4TKMUBKPI5Q
11274,AEIVFRAD34KIRAPSWAXWTZDM7Y7Q
11275,AHZLYXFNNBYGDYOFYDHZTALIASZQ
11276,AGVJ3IJJV2KRR64IFNK4SHUGCU2Q
11277,AGQE225BCBS4UXSQPO5ZEWD6XRZA
11278,AFBQGA72RHJES63BZB6HAE5ME3GQ
11279,AHVIPLQHBICUZJRLA2NZIXBJDXDA
11280,AFNHGDZKKOURDETS6PLU3JHGF7QQ
11281,AE5UD3PCUYRWSCZVT5YUXYMS2PUA
11282,AEAAPZVCI4BMFNM5S3AZXD5S6J3Q
11283,AFBG4V3VQ6VSR46H7XED5M7TPM6A
11284,AGMKDUATB5XO63QFE3PMVYLQPAGQ
11285,AGPGFC2BZQYUEWIYSBH4JWZYM6JA
11286,AEP56KWSTWG5MWTWIONF7MTBB6BQ
11287,AHB5DRK7QJQO7FKWFC74KIPTOUXQ
11288,AGBQE332I7Y35QTHKLDXJJYF6ULA
11289,AG5QV6IN6V4MAAKJXCOIIHWFTX3Q
11290,AFIARZ3TCZH3AJWU5IKBDPO2IYAQ
11291,AFR5JZ3I5QJNMHIIFKHW2I4OXBIQ
11292,AGWNNPNSRVFQBGACZQFYCWHGKVIQ
11293,AFLS6YZ2AHHY6GD4AY4HXBSSMNHA
11294,AHCODBUYHMZGL6645YQDCO4BH7SQ
11295,AHHEZCZIKCJVXFLYZ7RJXPYSGHEA
11296,AHVZGAKA36MQOOLYSKIVVBBAE6OA
11297,AGIUKFGJX2DGF6TUOODK2WEXLK4A
11298,AGXAPXN3P5MLPPRTZHTXVBVDZPZQ
11299,AGXOYHAFRGPPC2IJ5ROENLICMLBA
11300,AG2TP756JOILYAT3G6PTSCT3H43A
11301,AEQBOE5DB5WINBLSB3LQMSIXYXTA
11302,AH43F7IA7CZJYU35DUGCI2IJ4TMA
11303,AHH3O62OW74OP2U6S6PIKRVQPHPA
11304,AH4LCZZMI5ZYZAZG3A4M3J6ZBSFQ
11305,AGK2GCVHRJYHIXLNQNTIKPBSTFOA
11306,AFKSNOMSFXDTHE3NLM5XUICHLERQ
11307,AFDDNHJ5VT5PH7JT6QXKCSVUJ2IQ
11308,AEQZTFTCUJOF4VVDGNNQWA7NS6EA
11309,AEUGBWC3QXFNAQKAXSQCLGDEFZCQ
11310,AGRRJUEB4UYSBSJ7WNUOWSF3G3HQ
11311,AFMTPK4LEUWBKUEPBJYIHZLDBBLA
11312,AFW55NORF5JS6IVS42TZOP7MYO2A
11313,AEJRB3TNKS3IHW5Q6HOSFUZZH77A
11314,AGI4UXFYJFHBS67IJKZBEDDYVWGA
11315,AG3NYI5WTLAACKUH3YV6G7GFQGLA
11316,AE6RS4UYRVYWQV6F764FA6MLBRQQ
11317,AE7F5UC4DDKWP5WBDL3ZEMSD344A
11318,AHO6XXYGC6ISE6CWGLSM2GE7GFNA
11319,AGE2EFH4TRRUDUDANZP24QV4BVNA
11320,AETFQ275IWQY2LU6H3KU4B2WUFLA
11321,AEKQKTNFE4WA7PNBHTRHW4MPVNBQ
11322,AEIZUQM23FNQWOGLOHFNE2XHVRUQ
11323,AF3U7IES53B6MONYSJNKWMHOKW4Q
11324,AFWR6ZUZWHMFWD3AAHH5TT5E3DGQ
11325,AH5BUK7ZL6KSSU2HQOEANSDIWC3Q
11326,AHJLAIXKLHL4SRXFJM45QMUPBPTA
11327,AGKF6NYO44RFNAG6DICOHAQQS4KA
11328,AESTS2DVYPW7ENBADYNHXPQ62KDA
11329,AGN5ON45UVJN7ETTI3UPYODR6S6Q
11330,AHDQKF7YAY7S6SD2L5G3ORDDQPVA
11331,AEFDMVQ3G6KXKCLLH4ICLO3FZMJQ
11332,AEMK6KLFILY2RP52BI5ZIHUIR7OA
11333,AE4R7A7WNYAQM7LOIGZGJKK3B2XA
11334,AEBAQVASDO5KLUZUDF3BSEVZYF2A
11335,AHFGG7FHSIS2NGV6PMCCJWG5CFQQ
11336,AFR4EJMLD7664A5IWEL7GEROHSFQ
11337,AFRGMNZUVUPQRUCP5Q6CDBG3TFTQ
11338,AEBBO5PPUAOHQKADH3Y2EQYDAMQA
11339,AFTVYJOAWKXRHLXCMVMB4TTFDPZA
11340,AFB3CD7OZ5RMS2NWWQBF4Y6LGO3A
11341,AH3UOOWQBICTRYF7MYBOQEGNEP4Q
11342,AFUBNPEQKCGBDIXT5BRX4PGKS4OQ
11343,AHEOIMVU7FCON5NDICFY6V5TA54A
11344,AEKMG5MWHAEXVRD7K5X7XODL2DNQ
11345,AGPUPFWNTKJBWTXZGU3VDDBASS4A
11346,AFWTFDQJRWG4NVS4P4VPWJKKMHPQ
11347,AFWMXX2B4US2VHDMXTTIUZDHFNMA
11348,AGSYSW6KAUU3WVGS5MGDC734ZZLA
11349,AFHMTJWWL2RV7DLRS2JJDXRXTFUA
11350,AFUZRMTILMOWA446TOIZ27LKPTAA
11351,AG5ZFR5UJN76CIOCVW3XUU4YG6DA
11352,AEBGU6Q45SFBEAD7WL47JPK4GHDQ
11353,AENGDHB5377DULNIZOTBBYID45ZQ
11354,AH3VOLEH6FLU3ICDAKPGZOV2EBCA
11355,AGRC4ZZYK54CKOKNLR5TUY46XFYA
11356,AEDU7J46NPTSWTTKGIYIGWQF5WDQ
11357,AFETPUT2DQ2KUR54P7Z4P27T3E4Q
11358,AF2LQSTRPJX77OKE5OUAA5KQ4MKQ
11359,AEIMLGKK4REWJNDRM7XX4J3OSHVA
11360,AEA4B3VZEPDJP47AYOCVLS4RYOOQ
11361,AH7GCHIVNSPCYWR7YW3IY24B4G6Q
11362,AETV54NTLVN336S2ADQYOVOMVLTQ
11363,AHNIBAQAYR7Q72CNXIZPCZQXQ72Q
11364,AF32QEJBUATDLU4Z7T7Y55CVEJ4Q
11365,AEZCGCZBQRPW2UUCO6LM3U4LQRLQ
11366,AHD2FBONJRERGB7ELZIFJNPDQTOA
11367,AHOAUK4VNJMIIOAXK2E4ADXRBPBA
11368,AFG4HQLBWFPVX2PQWPAGBTBCH5TA
11369,AEUEFBTLQVWLNADV4MXPY2OLTQZQ
11370,AFBSQT3VCPM4QAEZXRJQU22PA5DQ
11371,AEZSPZQCVE2WGPVSH5C4YGMK25PA
11372,AE4IHRB4U7PEZNHWQ25KBHNN4I4A
11373,AHJEOL2P5SXDURXID5GS52XIV7TA
11374,AEJBSSSAQQC2J2WRVROFX7JKAU6Q
11375,AEWUUROZOL75LITVZN7GDLEC5S2A
11376,AFHHMHUES43WPXJ7IZNVWPWQC4CQ
11377,AF4TBCGSY5GJZVBVZOD2DPJBF3KQ
11378,AH7YNYRRPEKZMUFSFHIK7R5TKPPQ
11379,AESV2674IYLLEWBZHUPDCN7HRKEA
11380,AGX2INZ6536NNCCPIO2NAZH33N7A
11381,AE3FRO3TS2OX2JWLJSLZIBGWDOPQ
11382,AH4X6QDIO7CXQELHG5DOLLEDJJSA
11383,AEOLLGJGTHW6KDIMPZTY3TNKYGEQ
11384,AF2REF7C37PYPPIY5FEY65RM4Q5Q
11385,AH6RPTIMRIGYYERNHP6ZHG4HWENQ
11386,AEZOWFKYMD4EPTBFZ5SIHGEM52SA
11387,AGXXVGTJQU7NV7XH5LBFPJTE4X6A
11388,AG25J2VVRIYNNU3UH4TMZEYZIOKQ
11389,AHOHUXUYF45EJE5AE5OEFVBH54CA
11390,AFO6OHAHM27IAIVRWC6NN3OWBR4A
11391,AGPJ5DCH4ENW4OX6YLP3E5CUD6XA
11392,AHO5F5ODYU7SEWJ5P5GEBIZPUE2Q
11393,AF2LKEPGFRAEM4K2LQOJXEN3W2GA
11394,AGOXN3S3FZZRGQGWHEEM42YNHDGQ
11395,AG7JTINJZ6CRXG64ERZD6EMZPSZQ
11396,AHU4ZPSSVUL6GX5XQO3YEGGPOWWQ
11397,AH7ABEKSOL63ZTANTVRQLJQ6W6FA
11398,AGC7DKG6T5GUFP2B3455AUAE2D7Q
11399,AEY43NU363J3TO732XSYMB5RTQCQ
11400,AGWJYBNXQHNVGH7I2HDZURUQXD3A
11401,AHY6N7KM3VDGP4B2MIICALFSCL3Q
11402,AFCMFONPKQH252C3HBDOFYNDABEA
11403,AEBAQ2E55Q43D7PHTLTCUW23TYYQ
11404,AEUHA3VLSN6BRV2KMQGKWAXZPZOA
11405,AF7QWCVCPIDUGUPOTD57YOU34SLA
11406,AEQ6VXZRHPTXFLXGB2O6CQYVJNAQ
11407,AGZVPSKSNRE7VECJLVUBJIHNHWUQ
11408,AEKDNBII5G4SL5YRNXFZ3XMKHJUQ
11409,AESSOCT6FA65VGSMWL36BTRJUANQ
11410,AENO7UDTNKVXAKK7ARQ72BJFNHRQ
11411,AHHVXQ3DFQECYCKKJ5GTEH6FL2GQ
11412,AG2NXCEC2RNAWHQJOZFIMGGO26VQ
11413,AEFG5ZZ5FXKBPLICUJKPVQU544TA
11414,AFXG6MJCGPR6PADRHCPZI4A2Q2XQ
11415,AH4PBNAV6EAQLQFSHNWIDFETBXZA
11416,AEYEGDOTKU6ZBLOVPSEUQHAVIVNQ
11417,AG3TCSRJSPGMU7GLMUBTWEH7TJAA
11418,AGGZE5IO3U6RIXGUURLIRKHEPDWA
11419,AFMOGK23R7FZNBY74TM2ZP4ZH6OA
11420,AH5DHDJJS7V57RDHNZAKTCAR2ZEA
11421,AFQXOHEMBLCNOYLTVRPFA3IMHN6A
11422,AGXIGSVPZ52WFT4A54TFKHODIVYQ
11423,AGIGP2GMCJ6XLGBMCF4SNLV6VWRA
11424,AFABB24ZLP4THNF4OHKQZK4RUMAA
11425,AGUNUCXPSWWG76Z24FFS4AQONLXA
11426,AH2PY4NYIYUVTOUVRYJLO5GS4U6Q
11427,AGKVSGG2IWJZ65H677D5DDN36KMQ
11428,AEMZFKNULCUWCZBNF6HP4CPN6FMA
11429,AHPI443TIEJEX5M7W7N5KOG7W2XQ
11430,AG63U2C24HVURAFI7SIXEU55WILQ
11431,AGR2SMF74NEYUSFMDSL5N6WEWYNA
11432,AFB6OIX7FQCLUBYVZE3GDLEZLBFQ
11433,AF7U6LKUB2O3U36Y744KUB7EPCZQ
11434,AEIBTI6J3TZKSMIW4VLC2NTT6PFQ
11435,AGY5NTW6ELILTYRLZC7WIYX35FJA
11436,AFZ2HEWD22DXVVT2PKR6YQACJKRA
11437,AGIIXSSMRNUJETTGGL4WMZ3KGQ6A
11438,AHHWYCCTLAWDHDDNCLXAH77MLFIA
11439,AF5H6TSICPLPKAYQ2S2BLTLCDKQA
11440,AFFT26M7KWYC5Q6TPJKB2UR4X6NA
11441,AHQ5GSZEWZTJ4EQRYZ6ZJMLCWAUQ
11442,AHVQKGFSWYNLIO5T3JFJNES2RHOQ
11443,AFQGHL5ZUDZ3OTOLCVYSNCIMJCVQ
11444,AGH6PZMNVHI5HICO5ILZNUHT27EQ
11445,AEGLWNHPMYDS42UXAW7MHMKLBGQQ
11446,AF2NRMG65D4JFHIVUTLCD4UPVWMA
11447,AHB6E3Z6AJ4LZ76OG7DBC3ZRBHSA
11448,AGXO4TRMI62VFJYJ4VXGESXGDTRA
11449,AE7TVGWN5XEF3OQGHSSETCXWG5KA
11450,AFG5H3RM5QBRHTWHHKOMEHKIQB7Q
11451,AF6X35DCLIN6ZQU6OUGN7WM7UCHQ
11452,AFZNLWT47TE7SVGIDQHUJ4RBMFVQ
11453,AGPNEBHGLUQ66WYMR5XZXURFRRWA
11454,AF3QOURSUNC74CHYBMMT3XDSENLQ
11455,AHFPIOLH3ABAO6PIT2EZ2L72O7QQ
11456,AHRKNSBZULPFG2VV453UM6VPTV2Q
11457,AGOR4VCBQBGHQ5ZJLPAGQZ7Q2OFA
11458,AECVTJ6ADEXOPX7FUKE2DOVAC7FA
11459,AF4Z3X4A6MWGTWXNTLKCYQACAKDQ
11460,AFWPXL26KZVXWO7KIOJHQOMMNC4Q
11461,AFC4N4PFLWO5MKUKXDTPEV4JRRXA
11462,AHTRSM5SETG7PQDK5AM3XMMZ53WQ
11463,AGX53RKAZRGVO4UESAAUMQC6RH4Q
11464,AELVFMQTELGYL6OWZ5RCLU2PXU3A
11465,AFMGV3XBP5OWECUYZT6OD7TZTZBQ
11466,AHSEDZ4ZZG33CFVUPZM5XSG3TOCQ
11467,AH3NSCNBETKC5U3KO5LM6YJE4CVA
11468,AHC4RCIWMS4SINR56WRGLTGKP5AA
11469,AFFNVTCWIIU2IFBB2HBHV6SD6KPA
11470,AGBGF5FQ7AQ2O7UHH3CUNKQB6O6A
11471,AEFHNWM3FBUTIAPBXENAOFUCLWZQ
11472,AEYCDOU377PMJJIZJVLD2RGEXJ7A
11473,AF6FKCYU57KBYRPLC2JS2734UVIA
11474,AGH4L6IJLTWWJI3NLJRWPCTKSPNQ
11475,AEUC4GIZ3YBDK62U2Q23HB3N42OQ
11476,AGI7IT7F4AL4X62YWNDLGHV6W6BA
11477,AEUC4DY6IB2T7YUE7SKPTJDFAHQQ
11478,AHLHUTI2EWA54AU3IUQZ7K5DVEJA
11479,AFJGMAQPOY73O6NWLO3SAWYHWNLQ
11480,AHWH6W662YSS37GTXFZVVCWWL3UA
11481,AH7ZLN572M4GKGPYWR5TBHJH7JSA
11482,AGHRKSYOP7FBRAM3N5V4MJA5ULMQ
11483,AGQKVXLGSCFLSIW4J5XNAG7EWL3Q
11484,AEV6X6V6IJNHFI44MCGONGWRHPSQ
11485,AEVF2PWBTSMM32ULZV3277Q7B2UA
11486,AG23VHZXPGPGJMFAWP3WVRQNTVCA
11487,AFR2BS4QZWCDT5RHJORPK7K4HQQA
11488,AHDIUG3EGDEQKTSBUM2F5UDYZPBA
11489,AFKDOHEVP4UWTEML7ZCJT5HPVYAQ
11490,AHOTFX63FDSWMPLWZFWXY64XKV5A
11491,AE2VSTOCKD5DG2QZ5IJSJE4QKYXA
11492,AGA6VOKYWC25STD2KWSQ2SG25GLA
11493,AEYCPB4EY7Q3HWQLX2VSZNT5BDSA
11494,AERJHGMJXFRV37DAYARPL36LHOQA
11495,AGXTBG3XIVDKBH3Q6V2QKVFF5ETQ
11496,AGLGJ2MKELFVBJPRK2A7WIH6WNYQ
11497,AFXOGGWMBNO5FJOA2YCU3OLIISQA
11498,AGZK52HERXSPGGPFRLD662F3ATBA
11499,AFYXKMXRIEI2P3SKGD7BCVWMT66A
11500,AEOTDJVCMP7W7KBRV2SBPY57YNKQ
11501,AFHLTWL3BXBVT4YTZQHWH5EHUKQQ
11502,AE7TYEJSFPPMNTH2M6XPLIZJWHBA
11503,AFXJEFJRZUWF4LM3KW4TZBBQTC6A
11504,AFSXMIAM2ZT7PUBJ6SHL2DLYCOIA
11505,AER6N6ODZYTHMDLJK6Q4PPLUY65Q
11506,AFSK2WPG45JFPIORYZWPZEXKAEHA
11507,AHAUVCGJNMJASAM7XEYJHJEMQNUQ
11508,AFWNA4IKKY6QY4RWFY54QMNF6BOA
11509,AHZXHDUZQZY2XBPAYM7WJYOAFMXA
11510,AHTZHS3DI2IFRJCKRP22F7SVRHQA
11511,AGZMB5EQHMFTFPOO64U6Y2M5XQCA
11512,AEAJAOUXNLNN2DIX2VL6VMCL6K7A
11513,AF42AYGJOQM5DFOWE4XWDUNIGHCQ
11514,AGL37BUR6PY5GVOAH7JXNIZE3FFA
11515,AEZ6TCZAE3Q6AGI5A6OEAMIGLAGQ
11516,AFWEOUNBSIUTNDHWXEFODUF6CAJQ
11517,AHHGAHGPE3QWDIJZQE5FQP5WDCRQ
11518,AF5MI3ZFG55C7EJMLDJZKJVUCH3Q
11519,AFKTSVCY2CEVCSXJX7XKLXFUQJJQ
11520,AHFVNEZ5DRRI43R6XGGBB64JBBKA
11521,AEJ5H6P7CJB7KHPOSZ6UD73YBICQ
11522,AGRXJEIUTED6EBNQRW6G2GVHFVXQ
11523,AHJI3ZT3KAQXAP3PQWRLWJRFPJBA
11524,AGD5RRWH4OQVCOGYDDQWBNCUU46A
11525,AEY4UGWZFCCCH7U2TXD3MEH6RTKA
11526,AHGJKJ5LLAR65IEQL6XGA6L63OVA
11527,AEUNHR5LCBFA7F7OJZ2UFM7EZJBA
11528,AFB4A7EBR4OJG5AFYHH44PUP73VQ
11529,AFM2LRD7LBGLE5FV4YE5ZMIXL45A
11530,AGP7BGVSNDRKL232ATDVJO3UQCBA
11531,AHBHCE7CIXCKLZHIXAML7E4JWJ6Q
11532,AE7CES5SUU5J7JXOTR5U22UL3RDQ
11533,AFZCIAENXJ32SYM3KM6CEB3KCYEA
11534,AEUFO377AVFPEBK5UHE5R3YXXN6Q
11535,AH7FDTKS63MV2YMPVUJS7UIQPCLA
11536,AG7X5NTU742JGGA34Y62UICOXCNQ
11537,AF4RY5KVT4ZLNULHX25BK5CLODQA
11538,AFQ7BFN4PKN4AFYWRFKJELH3UZKA
11539,AHQIJ746T2SCUMRRWP3EJQUJ6V5Q
11540,AGCNC7L5H35ZC52I5YTKKKYMUWTA
11541,AHVE6GRWXUQSROFMUG2ULOJCFJAA
11542,AFXMR2XM744CQUHC4GJIFCKGPZ3A
11543,AEIXNOWXVCMZSGMTGVSQXVXZ7KYA
11544,AGMRGPOMGNRWK5K35MCEWYXCRHFQ
11545,AHECC23DE6RVT3IBVNIG3N4BVX5Q
11546,AEXYLAQE4Z3WKO6ZI7RCGYJGZQHA
11547,AHB77SY2KAHQW4DXDY4KVVJBQYWA
11548,AH3FNUPI3R3XA4DYP73T7JPMYVIA
11549,AERIS3N26QTQSCPZNDMBIQOFCWVQ
11550,AGK5MP2QNYWJX3NOY24ZGZHWLUXQ
11551,AG6ATAMWJGUIL5MCCPP5WIHK2MJA
11552,AHWJXY2ZKW3ES7KL3I4KLWQU2MDQ
11553,AHUDTOVBLYUPNOESL6XFOIAJJPSA
11554,AEPZCFCJG3P5MC2D2M2UYRONNFHQ
11555,AGF6T5XGTBMVHWGNL3QUHSRBVI3Q
11556,AHV2WXMRDGHIIZ4CVW3VUHAZLKCA
11557,AEISNMFG62ONMN4BLVHV5SEIMTTA
11558,AETFDJZRG6RKE4L3USRTXOVBZ4FA
11559,AHWV42KFOIJATQCRXFF7Z4RFYKSA
11560,AETQRGMYBFMH4C63LFSIWWXFYD2A
11561,AGG4TYHXSARV3HHL2GE3XYSYVTAA
11562,AHGVUUDOTZVFDYGPVSNJKNWPYYQQ
11563,AFKD5ESQDV6XOKA74MYSISAT7KMQ
11564,AGHRY73W66V5YMW3ZY6BDGXBKJUA
11565,AGRZJDNI5Z5SJRO565P2JYDMPABQ
11566,AF7GGAZNN2LDZGTXUA4YKVOQP5JQ
11567,AFMHB3QWL2V3ZVY7MA2BPNNZ6ZAA
11568,AGMJA6Z6WBGM7JU5NKW5YPMHBFJQ
11569,AEVHP4BQCMFPEV7N35DEJ4AKG4ZQ
11570,AFJTYOEQLETS3M7CJN5CJD6EJU6A
11571,AHGELTOJTU2Y3T55X3UCWKAVAHJA
11572,AHZHUZG2NS3XESGWHC6ME5TOUVAA
11573,AF5AHKI6GJ5BQ5A7ASTXSJNSXB7Q
11574,AFGS4PG2OQUUQM4DEV4DGE3VAZZQ
11575,AHXK27WZOL3B563B7B3UTHCQXH3A
11576,AHZBQ5IS4XLJTW7OBAGK2XNOA5PQ
11577,AFUDHVSLVOYYXPRKL2OZN6A2URSA
11578,AEYYZNW4JPWKZUXL3XP5HSWDXQBQ
11579,AFV6L3NO3GQJ5RLYLRJBO6ZGT3MA
11580,AH3ZUHEAQEYCNY7MOA5BMZPLI6QA
11581,AF2CDFILVMAEQZ7MNT5CKVRHSWDA
11582,AEALMSDWRQDQJGYXS6HYZPWGW64A
11583,AFLIQLPH2X4TQFTHC3CL7J6YCXCA
11584,AFQ757QSDYTCDASJ6K3FLY6RWHIQ
11585,AHPCRJUYLUBGPSQAGQ3LIHCUKBPA
11586,AHXT7JODBLCKB3J42E76E3KY7RLA
11587,AEFSIROZNQXBIT4JIVDY6HUUQ4IQ
11588,AF6DJQOJFEHE5Z2PSFWMFQX5FUMA
11589,AFGK3A65G7QZG2BWFTE4UXVISVZA
11590,AGOZQRVUX5VVFHBVSG6BVLAI2RBQ
11591,AFDG5N3VJRF3ZFBJT35HDCFU3TXQ
11592,AE374END4JLC4OMGKBCLODY6O6BA
11593,AFSIYA2P4LD4SUMEOC4OAG7U7O3A
11594,AFJXPIFKDNEDLLYL2XAX4HSOPNFA
11595,AFT3DP53AAOWQOZQ6ZH3T2IFQY7A
11596,AG6D4DNW4UZZWKJYTOFTWSEQRS6Q
11597,AE7J7MTKCE44CHOBLDUJJVRZNMUQ
11598,AEEHX2AUY4H46XKU66RKKBEHNBEA
11599,AFVCTO3JSXISBTRKRXEKKDGZSFBQ
11600,AEELKCYURUQFGGLHAK3YTOGN6B3A
11601,AFEKZC34WJVT5PYHFC7GONBIZGOA
11602,AF3XZAN6LDH6JSHHYYVDDB2YGT5Q
11603,AERMMDLTBMPJPWUJC37JGU2TAIGA
11604,AHXQ5SWRSR74AAT4QIJO2RIKG4BQ
11605,AH7SXCDHMTTUKXVWUV7ECUSXTE7A
11606,AFX4SKOFN7IZC3KTBSFM4ZUMGIZQ
11607,AHB6RLNAC3GTDSN5WVAINCRTXTMQ
11608,AGILQFVU36VTVGFRUTCFOC47V5VQ
11609,AGQOTVKBKALLVTK3N6DU4YNZDZKQ
11610,AE3Y6PJ2TG6ZNG74PX3DA2KTNZUA
11611,AEI2LMUUB4U3PYM7VXMEVWWHUT5Q
11612,AGP3UTHBJBJFZ5ORT2YKDG2UJL6A
11613,AFGJ5ZCTCXSLWMDLRUSYHI42TMEA
11614,AGAA5M2DD7VRHTC23MGMZYZB3SCA
11615,AHXR34I7SFCLII3F4QVS5X32SEMQ
11616,AEUCIZZNVYKLESTSEZWXPRM6X3GA
11617,AGDODEFXPQIUNPQAMLPTDMGKDA2Q
11618,AERVL2H4UNTBSYVL5UWEVM7QZ6PA
11619,AHAYX2XEK4MO7G5CAVQ5CRUMKKIA
11620,AHBFKE7WS57IOZ4IHWYPQGJU7SCQ
11621,AENXKMOUTVNE23BFOI34MHMBSVCA
11622,AEZG32RY2ATXNDQCWXCIJV7U3TTA
11623,AE2K443QS7CPRDI3OQRK5HTKUO5A
11624,AGFTSOBQN4VVF7PJ2AWOTEWIFG2A
11625,AGETWWHL5QWQXZKZ5XMLJDYVTZJQ
11626,AGHWWBEA44X5OEE4SEGEXDESHPLQ
11627,AGQ6FKNARGWV63O4VUVDAYGO36NA
11628,AG5G4QE7IZ7WMVEOOZHWSLLF2WDQ
11629,AFLD4J6XY3RTKH2MDU3FXIVXZ3NA
11630,AGRY4QJDUXZXKLRAUA7FUBIPTUVA
11631,AF3PQ7WJB2OEX23EA4EG5H7OR4DQ
11632,AE2VME6JBCP6VFFRBJQGHV5WLEPQ
11633,AGAOY4OFAO553D4XC6FG3YUF4ECQ
11634,AGGGP5OWVYOWCO2V7QN47PYBKJYA
11635,AENRTVFQEWPZG4LJPL3LZPJLT7JA
11636,AHM26O5PB22PV4QZSCMTXJS6TIBA
11637,AEFOME4NQ3RTQWMRL5F6J45OSOIQ
11638,AHCEDQMZRYIPCU66HS7GWJKSKBTQ
11639,AEXYLNDA2NHT6VRSE3ENNT2HPY3A
11640,AGPCVBXXAYKRTHPNQOPL3DG66Q5A
11641,AGAKM3USPOESHRVGORFBVF6R5PQQ
11642,AGTYM6HSMS3LZA27IRCUTHHWTEOQ
11643,AGBLCMAP24YHEWNE7V7FUPE6CYPQ
11644,AFMTHDUVKCLG773N6VHY27SZHBFQ
11645,AFUASF75IB44M7JYRKYTZD5OXZWQ
11646,AEOHZGRKSWHUFZJZRANFEALSVATQ
11647,AG5OUSKL7JVLDVHO6CDSDVQOS4EQ
11648,AFOZQSDM6DLJP3UIWDSARFCUS32Q
11649,AGJXPED2ZDRCYAFHA77N2QFB55NA
11650,AG32UDYG22OVNACULUXEB2ZV6KVQ
11651,AFEYQL5LUCUJRNP5ORF2MBWB4BTA
11652,AHA5V6VUN4X2TU5EFCAYL4U6E63Q
11653,AGSPC5AC6DFV43YMUQYP3IXDIFDQ
11654,AF3N5NUGT2XL6SDNMTUBBASQDD3Q
11655,AEF4LJIYR5M2PKLU6Y724CBG57SQ
11656,AEOI7FPZ65MK2IUK6NZGQQHYZMYA
11657,AGEKDDDSHMCFFCNA6HOLODD3XEJA
11658,AF5U3APY3ONW6CTTJHPGRX6PCPZA
11659,AEKUG6NVRXXGJIJEVY2GBMFBDFSA
11660,AEVUGRRPGKPN25IO5SX52J4LDQIA
11661,AFEIXGT5FCLOUJW7EO45LY6Q72CQ
11662,AGCZ36ZVACQL2EAQ6P5NOLD7Y6HQ
11663,AGLQ7UWSBKN7OIRDWURY25FZQ7AA
11664,AHTKS67ZUSMEDXXG2G2EVA3EHOWQ
11665,AEH56BE3UYR6FTYWNK4EZKG3DXHQ
11666,AHZQEDKXUZRDTVALRRLH5IBVODVA
11667,AHXW3AN4PYZMQVVPIHKEQRTVRJGQ
11668,AGUXR5YM6PHEGV6XNRG2TDEQXGDA
11669,AHOKTQKJL7FQQVRXCMXLUBHY2D6A
11670,AFCSZSMG237FCKDXEKRN6GB6JOZA
11671,AHT23LY7ABP5HH3KWRJQWGIOC2RQ
11672,AF45HIXLHBL4UEZE3WSWTDRZONAA
11673,AGU5WZHRTHLBWB3UTNUK47NNZE6A
11674,AFECL3T3MWF77BZI3EJW4ZBAZRVA
11675,AGVIJJQR5JYJ6XQR5OE53SE7WIGQ
11676,AE4ND4SHXXRSEQ4VADOO53E6WQMQ
11677,AGSA4ZWIU364J7JLJFD7YTXJXSHQ
11678,AGPV4TMTVZ73XW7SNLJ5WM5OPC4Q
11679,AE5BYHOCDT435KFNWZWWZRQFW4OQ
11680,AGO27K6EJIXFQIU5XMFYTGCGOO2Q
11681,AGG5J7BBK5RCYH4K4MYJS76MT7EQ
11682,AGCHKYD6NUZUBGIMAJEN3MHY2V6Q
11683,AHWWD2KHBAJAUTY77NRQRRO5LZHQ
11684,AHFE7ISJPTESTNMMMV3CU4AF37TQ
11685,AHUAM6NJWIYIHPNGIQ3RWMOAM53A
11686,AG4OX5PXTD2XAMM3UW5XHTBM6QAA
11687,AFXDTFXGBCA2C2ENVOFA5RVP5DBA
11688,AFSNJ56TGAOKNBKXRWHHGKC7W45Q
11689,AGWHBABLZJQJBXMS5C4CWVWPI6IA
11690,AFWE6RPH7KUZ6URVFVI4GU5PGILQ
11691,AGEMEKPYLKS3VV2CHGWAPUHWHPTQ
11692,AGMYW26SALW5FDZ26ZIA27ROTLBA
11693,AFZJE73PJNRV324RZB7YI6FSBLYA
11694,AHDJ5LWP7KJA6TI4DE3AYTONKASA
11695,AFO2ARVMDIJ5N5GL2WBLVIQTISQQ
11696,AEK3G4CQIBIVY7JE2TKXG2FGCUUQ
11697,AEYLTRNCXH2Y7NMJ76M7725SAWIA
11698,AE7T5UWWS3PK7LFM3GP3N446VVFQ
11699,AEZ2DD23TTYQMSBDTJ6YPGMNJ5KA
11700,AEZOGVCJF2S63FWP24PCWLP2UDPQ
11701,AHICKFYWXA6QHRPYDNZUJYPKAYDA
11702,AHZO4UXNISBH5CJY6YFVISEXZNSA
11703,AE6TZFUCMI55TJOKUFWYUMHNMQ2A
11704,AGNXCKPNSWR3H6OOR6JEC7TJCI7A
11705,AFY7JHNF2TFJONQYU35FBTLVEOUQ
11706,AEQXKBPOUU2V6Q4WZF56BY3LMW5A
11707,AGXWLOMYFVHGYBPPEWVIPYN47PAQ
11708,AFCBQNFJCOG4T2WM7HI57H4WLFIQ
11709,AGZ2IUJHVJFNXMJFKO3QX3KMZW6A
11710,AEE5QV4B3TIOW225SELJPHCV36KA
11711,AE6ZWE2RE7DTDSPWFCBOV5ET2UNQ
11712,AFP7AEBJUHDUWKC6J6LC2QUXPCYQ
11713,AEGILVXE74VR54WNPCD2CTLANLLA
11714,AHQZB433OG2N7OJQP6Q7NND6OMKQ
11715,AET3CCC3AHQ3JCOFKQB7ZWZMERUA
11716,AEPNXVSMH5RI4QNLQIW4HUXGMVVQ
11717,AENR2VFMHL7X7UEDKJFVYFE7PVIA
11718,AEMPVIPQTZNA7WM3BK7Z7NISJV4Q
11719,AHCCZSLP3UYRWU2APUMEJ4A45YIA
11720,AEW7QHKJFF6DKMY2Z763NTLXM5CQ
11721,AHJ2BHI7HKOYUQYLGPHC4MHVOOCA
11722,AEXOUCGRLEXRAZEVBOA53NXUTMEQ
11723,AGM72N5BTEPCOACRXTCSX2Z43W3Q
11724,AFPCJ4GTU4S3ABC36RST223BA3SA
11725,AHNELDUDT7N7QKIB5JYX5COFLRYA
11726,AFAWUNJBACAYPMSZKISKWM4D2CHQ
11727,AHDKYN4HIAUNYEXSLN22YBXXDZSQ
11728,AHDVMUXMDW7SJZNND5YRXCYA5KSA
11729,AEX7FAEPDW3ELXFJVJSTAWT4GR4Q
11730,AGITZFWKY4UVZEDJCZEB73LY254Q
11731,AG4HIPU5GA5N6Y7BQ46UC2PTL5MQ
11732,AHEOF53KE2WT3GLMVAUI6Y6DRU7A
11733,AEUBWFYR6EGQGOTOZIW6DUCGRWQQ
11734,AHU7C66P5SD3E7RT3RRE46MEEBPQ
11735,AFRHW4CXVGUWENOVWIBT7VICQXCQ
11736,AGDQQIH2CGQ676RSSGP5FEKA52OA
11737,AGWGIF7ERCNGRGBMCARXHKD3JANA
11738,AHPXSWXFGWP7NYIFPRKAADIGJO3Q
11739,AFV4VJBIWABF5QT4OSZY6ZO3CPUA
11740,AG3NOIPEGF5P3EJ6ZDHPPIQUDAAQ
11741,AHVS3BYY4V4ECL5UJQOMPDWMO46A
11742,AF2SWWOIHFUDQHJ6FRUPJQ7ACUIQ
11743,AE3WMHO3YCMXWUXY3NOBCJRECO7A
11744,AEYUST2FSRMZ5GENQT6OGQQUAP7A
11745,AHDJL3C6HDVOHS4Q3MNBJ62I4ETQ
11746,AH2KHQY53ZMAWHYRTNRL4GWQY7NQ
11747,AEC5KL2OGQRMZUL3DSSBAMRZYHFA
11748,AGY6YEXHA6EQUUXSPOFEAJ7Z4NRQ
11749,AHBFNMSJG3UVXYAPEEOGMK7QMYGA
11750,AGTMFF2S4WG2RAINAJF4DCK3JAFA
11751,AHZBM2LO3HSE673M4WIORHXBHDVA
11752,AGKG2HQCZ4LTVQLV6J45C5H6QD3Q
11753,AGVYHSWDGXH6JRCDUT2G4WK6YA2A
11754,AHJ2MXFFC5LHT4GEGP4HPCWGTEPA
11755,AFEST6UVECS7YSIJSQIWOLBLUEKQ
11756,AEXBM6BXNMB4A32P4ZNJP3V5YXGA
11757,AG3DM43DWXCGS6PUZ6Q6UPIYUV3Q
11758,AGSIRHTKL2A7M3VJBZK5XYXVCFUQ
11759,AE7E6FJRXCOUR35C24666XKOOVQA
11760,AHJNDASA6LGJ2DQSD4J7ZDNSVGIA
11761,AHTTRV4MIIEQPHMCUFO7TT5SLM3Q
11762,AHOKHWMEUEH3AJEXFUHDNSHHSN4Q
11763,AHL2MX5YPGJGGQNPEGGEANIKSSHA
11764,AET7UAU6TUR3AXNDCPUKJ5F245WA
11765,AEMKXXXM7MN6K5HOLYOII3YH7TQQ
11766,AECWM52TZWNH4PYXP3MKH6DUQNNA
11767,AHXNV76UCUDB2CRRCVJA3L42TJEQ
11768,AGUKKLSNPCOL5HBURPLJ3ASWRL6A
11769,AESUTWBJE6HJLS5FZLW4YOW76W2A
11770,AG4U7RGTKSAR3V4WBQ7JF7IJEA5Q
11771,AG6UNG6FCFI6ZUFUHXSXDJXSUNCA
11772,AEEH2Q4WGZ7DVMCU6743ZSTCM4NQ
11773,AEJZDDLD25RU4LLHGH7X6423T7RA
11774,AFQF7XCD63LNMESH66D7SWLM6ZMA
11775,AGODQQYPTENBL4KN75PT4YYZEUAA
11776,AGA2J5G5UJUTP2RDCTSUVUHMB6DA
11777,AFCFUFTNPU6HADOCXRAESY2LRFPA
11778,AGI7B7MUPSARVHRNKDEZDQBPA6ZQ
11779,AH7VAOPIASCOT5AJX3QARXNGL3FA
11780,AFA43R7FH3QL4NBAHT54GL6LRUGQ
11781,AER5N3KYDZTFV2GZB2NQUFEDLGYQ
11782,AFBMB6AWRUIDC43P3VOUF3YKQ5GA
11783,AEO53B7BRD2EDQRVGUZTIOPCZQ5Q
11784,AGORBUIGPTCUENESQOULN7KWDKRA
11785,AHVLXUEZERZGHRF4ULL3Y6XJV6DQ
11786,AEOGADJVAKZF3MKDDRAJ7KZAM2RQ
11787,AFGI63DFFAWH2G3QTRISGXKU4KIQ
11788,AH2BIXFXLCUY3FXFGY55FGWMDHFA
11789,AEKXTWUEWRQYKZLK36N4SABKHSLQ
11790,AHBZTHHDB27NZQK43T435JCY4KUA
11791,AGHDSFS42BHMQU2OR7RP3MSZ2LSQ
11792,AFLSB45LTXNS6N655VDDWDDCKR4Q
11793,AEBZBWUT4M3S7SIVSN3O4JLVFP7Q
11794,AHEJYI2MKTX7BDNBVYT6BN5BOEMA
11795,AH5Z7NPRDIFFXJYLVF2LZXZA6RRQ
11796,AE34P3JGXQ2EFPCHTHFPVRFD6UJA
11797,AGWHPMLACNBBX4NUPZBSUIIHJD5A
11798,AHS6CR5C7EH6EIZD2TTWQXZFV24A
11799,AERH3KAKBVXC2U3AQEZW5TWZZV2Q
11800,AEA5GXR7XTWJFBGTFZP2MESM6GWA
11801,AHBIY25ZZN244RQPLQWLTJMOK5VA
11802,AEGC334TQ6HZQ6NL7T5DVKDZN7RQ
11803,AF5DAOMXKGCT5Q5ACFKCOIZGH7PQ
11804,AEKKCGHQDKW64BJXEPDJBTB3XYLQ
11805,AHDSSDTI2BG3GHGAGKM2RB57SJ7Q
11806,AH36AJNTU6CKPSEZI6GCMJE5URPQ
11807,AFBFYT5ZIGYLCSO7DZXTD4UGSX2A
11808,AFIRAYUIY6ZLOS4VMDJHCLWSCV7A
11809,AGVANFBMFNROEW5QWSEPAPONIEWA
11810,AHZCJH2OP5WRILT5DP6AH3K2GR3A
11811,AHCOD6Y73SFTBATM2UEJVZ7WT5WA
11812,AE3GMJAJPJLXREGERSQXRGZSKROQ
11813,AG7U5JSYYM3AZAEZBEHY2IMAI3RQ
11814,AH5QK7KQSWXLEJFR5OE6BULLJTVA
11815,AFC4KHUQBTT4KYDA2HJLAZFL5HQQ
11816,AGUBLD2CLZVESHHGN4UNBHBS5QOA
11817,AEYH2BXRCAR5XQHIJUTCEF4HEZ4Q
11818,AFRE7S7HSDT2YF664MVHIFE5NT7Q
11819,AFJPFCA52DDOOKSJKBWNLSV6YVTQ
11820,AGGUZ4BF3MG73ZMCMOEQJOXFHD7Q
11821,AEMJHL4PEEQUSBDDQWG5UP5TDNZQ
11822,AHM3KKXVHBWKTL4K6NZMTST6SRMQ
11823,AEVVQ6GS562K66GADJQQFRUOXSYQ
11824,AEEBRVOEQQONLHRZETRQTV76CTXA
11825,AHCQM7XWK6FRK3JG5AC55G5KVZ5A
11826,AF5MDACYORT7WVRIQHFB4MTV7CIQ
11827,AFOOMGR7GJQQUL6KWDEOBW5TUSOQ
11828,AHVWQCBEKDKTRM2XGZCCFG53G5JQ
11829,AFKCTBOVGCXQIEPNTAMYJGFZXX5A
11830,AFGNZNSTLNZSEN4QAWXNECN6K3KQ
11831,AH5VKZ75JLBR6SRGPQYODZI64MSA
11832,AHUFXA266G6JLPHEFH5HYW5MVT5Q
11833,AEYAPQR45SAJQOXGP5R3I5FZUZ2A
11834,AHGYDYJOWOVQFFT2TCC5U2DFUP2Q
11835,AGSNLE3P6NCCR4E3RZ3IPD4VH5LQ
11836,AGX6SHQMUFRILOYW7YFHY3IUBNIQ
11837,AFS7MX44JS6K7F7UFGTMMZ7AFYQQ
11838,AF3MV7A46CRH5WOILAM2DNLW34GQ
11839,AEKGRLKEEKTRNLQ3IMMHTNL755UA
11840,AHXLBJD4EG3IIQ2KAH5PHQAIEH7Q
11841,AGNIHYEYZ6VXHQGFHNJD4NABRWRA
11842,AG6HC25MWRJWSL6OS7ANTFU2VXDA
11843,AG3FFMTCNYDELK7MN7GKXG6B4ZTQ
11844,AHI4VUNVYRUR6TFHDUA6YU4A4NZQ
11845,AE6E2WRFV56ZMVWNSHXH3PH5CAAQ
11846,AFYPIGBLCSJQVTQ476J6ZWVFL3YA
11847,AEJBMC6K6SJ5V6THSNSLLTUG2SZA
11848,AFV4ZJZE67G5WA5ENONQJSDOPA5Q
11849,AG4SM7OZMQSCE7LDDM2WGU5CYJCA
11850,AGYPQBMALVLFNCOXKFRMI3RIPAUA
11851,AESZTG4CMY7SYLXXXSGTEQGEHGDQ
11852,AG4FGCUZEW5QH7QI4ETAR2E2BKKQ
11853,AHNTF6SVO4KNQ4XEOVLXSQJYCU7Q
11854,AHJICFB5MZT3KBA7ACCXBG46IOQA
11855,AHQZVU2TSQWH3T2F3HRSRMP4ZLXA
11856,AGW2ANAB4SZKP6PVEO7UBZ43J57Q
11857,AFNGGIZLVT2TF3Q4ZYDT6GDSSG7Q
11858,AHZ6T6HQO6EIADC2LAGIE3ILGE5A
11859,AFJKT4XTERA7EUEVLOOXC4DJEDMA
11860,AG5TO5QYA32TLI2Y5VWZVODBLYSQ
11861,AGZ2WHJ5YCMSFK7TWHFH3WNBREVQ
11862,AH4N2ZPX3B5SBGXQ2FCYW3AIFDAA
11863,AH7TTLVMZJIC2LRDZNZ4KQUIAKIQ
11864,AEQ6AJXXY4MWK6QO3PTXHH6BIPHA
11865,AE7VT6X652HXKCJUSJ4WSWVQ67HQ
11866,AG4DVYH3FS7S23WJWQUNODM3FLIA
11867,AEUA5LNBN5X3K5VJ3MDSXB73AJCQ
11868,AEUQ6SHEE57OUHOD64YJUSDAZCOQ
11869,AHYSV2HJJYSZI52CWKZGB3NH342A
11870,AH3Z4YWY7DAMXZ4CT2ZVIEXVH3TQ
11871,AED5VFFMDUINSSHIA6OY6ZMELCOQ
11872,AFYEGAFDCRFSF7JD5KTFFFBHOK5Q
11873,AHUY45MBLOHI7B2HPSAT4BGLD73A
11874,AHU3NU4CFZUA6JH5MCM3YPJAPE3A
11875,AFIDYCGZXD6GTNF4SPPRRWV2PFVA
11876,AGUIOLKQWEWU2GKKLA3MR2AFUJQA
11877,AFRZPUWOHJK3J632ONAL3OHLH34A
11878,AEYBBWFFYNBPXYYE2YQLOVJZFPRA
11879,AHIL2HUMZ2Z4BREBVCBQDVFXBYAA
11880,AFBT7LSGOBY7M3CRFVGIS2JOYEAA
11881,AGTC77MADXV6RWZEIZ4LOBVCRJ2A
11882,AGNXJIOMNYA7VIMP236R6T55K7YQ
11883,AF5ZP5S476XEXECUR6W76F7BTAGQ
11884,AEQCI3JE6PODMFZ7623LRR2ZWLTQ
11885,AH337ULTWJ4ARRXK4DJ2A3OS6E6A
11886,AFPYV2U7AYK2WSQ6VEGRHM6NQVQQ
11887,AG4OR4JX7HZCMR4UZDHRMC5TN3QA
11888,AFKIPFT6XR4X4YQG66BG6JXD5KTQ
11889,AEJHRJL5USNSSQKVPEUFKR7XZGNQ
11890,AEY2R6XL6ZMPGN7T3UM7OK5XGZ6Q
11891,AHRMCCCLGJZIAHXJITU57ICKJSUA
11892,AHNPQX3IXOXWOHFSS4J74MK5SNFQ
11893,AHUHIZJZYKSO4QDOVVKRHG6AC4SQ
11894,AGHY4WYQYVTXWDCIPHZ6VUFISOYA
11895,AFHIQN6K5GRBIM7GALXMMCBY35HA
11896,AHJ7S6N2BBQ7ZC2RNZ5ANN3BOBDQ
11897,AF4UHDLNIB2UYGKT7FJCA6I7DT6Q
11898,AGTX4IDLNPWM3W4H7IIATGG5YLZQ
11899,AHW5PR32RY7YISGEAQS6FNKVEFSA
11900,AG5UZTETAQGHXN5CK6FIKIUEBNXA
11901,AEWLGMNHSJ2XPRGNU7GEDH7FAD3Q
11902,AETRD3EGQXVHN6VS4LBA6QIYCZDA
11903,AETV7YGKVSD4XUPVU2KFZE4GRHBA
11904,AGGUMALCGFJZ4DE2JLCWBLJ3YWRQ
11905,AELFIWLWKEIFK5AFN7MSMPVKC2UA
11906,AGCMGYHVICO6TKMQ3T4EN27EPIHQ
11907,AGV2SDNVMGYU74US5USPC4CAQPWA
11908,AH5S47WV774ZPA7HZR4WEC4GTR3Q
11909,AEMURTKCFUCJJBWJ4NWBW6XPUNHQ
11910,AEY4FE6WH6EVPO66QOEQOCAHDLRQ
11911,AF6A5HUDD24YLUR5VGXXYO3SLRVA
11912,AGIVIEJVYPSSHKA62LEORDZUDUIQ
11913,AEYWOJXSD3DHF2KD3CHGQ5HFQYXQ
11914,AGXYYTTBH6MHS5QPAGASVCSCZ7EA
11915,AETMOQXWSURURLPYXL54OHI6ABTQ
11916,AGPZU2BBXRUEJHCG2ORNJO47SHFA
11917,AEXZH4GVZHCZMRA4PSDZR7RMRC3Q
11918,AGWITQFAOBPA7OC6GXQVSJOOQLFA
11919,AGQDDVAC7QDDVFZDDZDO4ETYBTJQ
11920,AGKLCV77M37MWZIC422UWFLK2WFQ
11921,AHTPQUBIHADNEOW3REFD24W7Y5VQ
11922,AEINTRAFJQRRSBM6ZZZM5I7IYR3Q
11923,AFRVXRQIFEJXCNFKIKP6YS47GFNA
11924,AETR3YP7FH7RV7MO3ZDZOWDDA76A
11925,AGNFK53CD57TWQKT27N3MFNC4GXQ
11926,AHYFK7HFWWQ2L7347ORUMYQZIH5Q
11927,AHUE2HZ64OZ47DMSLJ72SMUPAJ3Q
11928,AGAP3LNH3HQTGBLJLDXLV6BD7HDA
11929,AEKLXISEL6Q7UUEMQOLWTMOG6OSA
11930,AGU6YCEN6RRMYH5JH7J6XCKLNJBA
11931,AEHMG2WV2Z7WENMQLDYBQUIH4PXA
11932,AGLTAPAPIR3G22HNE3HBTARXUHQQ
11933,AGZ5GFLD3T75E44MCX4OLYLOYLEA
11934,AGZT3TQX6AYPXTXXTVGCNHMOPGRA
11935,AEUCV32DIOOHD2AZ4ZPHUJAPOKZA
11936,AFMK35SFHWCI7NQL3GB4IGMWUQ7A
11937,AFQPO3NZ4UKUZFGQ3APSQ3CXY6RA
11938,AFPRLIMAPFFFPUPM2AT2FYZEKM2A
11939,AGHS76VMNN6V6UF3YFSSCUYKML6A
11940,AHGLGM6TEE6SP2FEOBIY33RGOYCQ
11941,AGKLC3CZHJSIIDGSH6YPVOXFWQYA
11942,AGVZV75QXKM4A5TBXE2SHVJ4OAHQ
11943,AFY55XEDU4PHW35VTGBB6XVS76QQ
11944,AF6LA6CWVWR7I2ULSHZPCB6CLT4Q
11945,AGBVXJEH455VNRFM4AYQRXT5RL5Q
11946,AEN5GPBHCWEQ5S3RTVVX37HJRXHA
11947,AHT2UWJRTLALGVA2GSONR7GZ5KFA
11948,AGUWRRAY7KZVAP77BJVW7IHCOJIQ
11949,AEWHPNEN7UU2HNZJAWMTC6CZUASQ
11950,AFZBEMXNY7TKVNIA272DJHI7RBTA
11951,AGMCZW7IZT2CQZU2PFHXZVG7SN3A
11952,AHP7OS6UM5V5LS74ZUYDLDESH34A
11953,AFOAZMTSGOYINL3JRTUY6O6JINLA
11954,AHZ56IR7AHIWPU5E6TOGOWE7XCQA
11955,AHOUJ335SXS6Z36HDQFC67KONBYA
11956,AFYIQTOZHDVRYXXJNXVZAEBTPCKQ
11957,AG43H7ACOPGYKICHQOVKLMLXAR4A
11958,AHTCT4YJN37BFKFGBO7QTVCBURPA
11959,AG2JNZQLKV4XSHIT7XSI7SETXE6A
11960,AFSFZJP2FZIPDGOEHJT6NEY66WUA
11961,AG5WBAIHSLZZOVGRAVUFNHG3VY5Q
11962,AFPJ23YFOVS7OGRBVJIT7OB56UOQ
11963,AGBSWJS5WXAH6GE23MO7VJCDNEMA
11964,AEFHFZ23NQCXE3RPUTFWNY3C52SQ
11965,AHNXAGJSPOAMSUCFCV4CBN3YNWOQ
11966,AG2DGPCVHE4WA5F5QITALHNY4JBA
11967,AFTVUCY326R5LBZYM6XRDCYDY6CQ
11968,AGO7Y4ORNUH2RXJ3KXW32V3TYAMA
11969,AEF4JFPRSRO6MPXGECZVN6B4226Q
11970,AGPJUWGD6RDXDJJ3GCQE4BDAGQPQ
11971,AF5MMZRVMX6VSBP4ZHWGI2CCOYRA
11972,AGF53XNJN62S45ZZSNJCEIW4NYYA
11973,AHJMKHQ32YH3V4YEEF4PLF2YDAHQ
11974,AFIBMX5BNHHW5K7KTI4ZM7WCFVHQ
11975,AH7U5WF5T7I6YNISQKIFXWPJWANQ
11976,AG7UFUBUE7XQBLKWHPGMRYO2Q43Q
11977,AHTCWOGMNZBWPWZVXQNOM22WLPNA
11978,AHABAJEWYZYMXFO3QFDMYZPCJPAA
11979,AH5LSSAIOPCKORR5N25TX5FZECOQ
11980,AFEWWLAPROOELC7DO5YNQVX5DL7A
11981,AFLRY3CK3VVLFI5OMJ4JICKFPYYQ
11982,AFJRIHSHRY7FGUJUBEQK45A77NIA
11983,AEW2GK54RE25IABHH43S5P75YAHQ
11984,AGD5THZNSG7FRRLA37NNTUVW236Q
11985,AG5BTZSL22W6UPLDHX43B3AQHL5A
11986,AEEULEKRVT3RLZ4WFG26K4RM3UIQ
11987,AGS2QAUJKKPULW3R4NANKIOF3RFA
11988,AG2DGUV3RC3VU2WCQOPM56HYBDUQ
11989,AGEWMMXGAV4URSMMO5KYCCLFH3MQ
11990,AEVUQHOUSNU43QQTHACQFGUU5TSQ
11991,AG6A7H2N7OCBR4PFD6CODDRVE2CQ
11992,AGQXJ4KHXSA2AFFPCXAJRJJ4MONA
11993,AHH65E6SK2SRMPSHBFNBNMUAH2CA
11994,AFPMUN76JBFGQZSFNDPEESISJ2FA
11995,AFMOXWI7S7QMFJMYXHNORGUTGCHA
11996,AFPUPHWFCMAZASQPXGSHLO2LIUJA
11997,AFCTESY7XR32KDMMYQ5HJGTRAM3Q
11998,AGL7IIGIETMK4W6XPSAGIAO32QNA
11999,AHGFWJG4ZI66WFEUTRQSTNMWZPZQ
12000,AGKUIVBBS243Q3KKSN4AHL6IGSVA
12001,AEVY65PW64FCYLCODGPQGQWNIACA
12002,AHY7QBWGHAQ54XXUP24ILMCRU6PQ
12003,AFGRRZWXLL4CO7TIEACB5A3PHK7Q
12004,AE2MSHZG42QCCLKFYGVTHKJJDXBA
12005,AH72NAQZB6HERGAACUGOC7KUQJ4A
12006,AE6EDMOJXGCDYHRTSDONXIBDM6GQ
12007,AENFJUSFLYXDXK4MWXAUZIOMJH2A
12008,AGOJMXLV2RKYCFUVMA2NMOQMH5YA
12009,AHCCUC3QZGJN4AR7JRMRZTZCCYLQ
12010,AE4XYWPXEBH3GMOPIVUUZ5FIPQRQ
12011,AH62RZG4QWEF6JASJFIOR3LZ2IKQ
12012,AGVMP2ZWQ4ZCYHM24555FRLGX5QA
12013,AHQOU32KOHNFNP7LWVM6TBL4BEMQ
12014,AFXFIPIJSDNOKKQFTLK47E5RKJMQ
12015,AFY376NUM3YTTDXSSPJI4HFH6BFA
12016,AGOQ2LD3F54MFERZU5UY4JSIT5ZQ
12017,AEQDT7E4ME5TXENJZRQRCWOAJSSQ
12018,AGF7MUO4ZZLLYQ7VAOMML2YZMT7A
12019,AHKVRFU26NDU5XGVMGS76QMLNK5Q
12020,AHFSEXJWN7QSQQSKIWOQNEB3ND6A
12021,AEKPTJBBUEIHLV4MPWOSYVRX2X4A
12022,AEPJMG3BV5AK7GVBVYUBRIRFVTOQ
12023,AGQCNMNMLADH6CDIQHBINLFQNYWA
12024,AFKDV5OW2MNJNSBGARB6BFHCD6NQ
12025,AFAZWVHX6ZPJM6GOXTWXGAUAMTMQ
12026,AFXIXM6UK7ASV6K5OCDP7CVZCSMA
12027,AE5IQSCI4KD4KJISSPUC4XHYY72A
12028,AH5ADBFRBN27AAWJP35W7JGCIY3Q
12029,AFD7JCPCE5FSGNLX4KZH22I2VEAQ
12030,AFNK5DU7SMYZ6QGBFPN35QEHSPVQ
12031,AHYSWNTI6VEUWP46IJ2GMYKGY6AQ
12032,AG26VG3EVK5MHHX5AK7TWP4DA3UQ
12033,AHNQXSBL4RTLO4K7EJROLCKIKD3A
12034,AFUH6QOXWJQKVOAF7IKHYSNARUJA
12035,AHKIRR7ZLA4UDTWGEISWO4TADAWA
12036,AEJG76QKP3KPKINDEEYY3MUOW3PQ
12037,AEHNS5OCHJSSOWB4K3ACSR5MC7BQ
12038,AGFMHY2PTF5Y2COWNMVE4PVISFLA
12039,AF4PL3FXP5VYZNY3P3IYLQHERSMQ
12040,AHISLEZUGQYEXEIWK4XNV7MHWHIQ
12041,AED2RYUXHFEAFCKVGKGDQT6L7L7A
12042,AHL7SYJ4JFM6DUVDZJJA6W3AOSSA
12043,AEO5NY7ORO2KJP7JB752XCZP2GGQ
12044,AG3BZQUZ7XAY42LG23TVO3BGZ37A
12045,AHEBPJEGI4IVUNATAFL44W67FRUA
12046,AH3CGHXJZJLQTF7A5F3SOFRSHHSA
12047,AE3HOGRZAMGQYAU4HNTA4EF6MYYA
12048,AH6OEBAFNQSCRLAV6MGCU3EGOGJQ
12049,AG5RBIRSO4RWVWLCRLOYN77YWXBQ
12050,AGSSWDEESG3DRP6WUT45PPHVKXBA
12051,AFNWZ3JHYNDGMTUOPYGT3KWWHPFA
12052,AFGOZVZHYPGKATH3JB2SO4GTFPXQ
12053,AGTE2EKTHQ3FS3W32BPJ5CHXPTHQ
12054,AHCSAHGUC2H6Y3KEDQJX2VVJGJFQ
12055,AHDDRCSX2DYTW46CN6TCTOUT2TEA
12056,AF6HXDR5FKDYGSYSZO44453EQB4Q
12057,AGTAPHEZH3LPVY6NKJJT75JNDZLA
12058,AGEFWCAHEZOXQARMGUGAED2GOK5A
12059,AHS6KAQ6MXVH7OSQYXDYEYWUPJZA
12060,AEKDT3W4IMW333QOYMNJBNBVFJUA
12061,AFWSDZ7AKEYEQ3YXY5FOIHTGWUVA
12062,AGZLNOHJUTSZPI5EKYNXPEA2SRXA
12063,AEBUUP7T4VEENBNJDWNE7IKW6VVQ
12064,AG7B3BBQHFHKRXNJ7SMDJDEU5BVA
12065,AHVVGRPQRA3EN4G3PPVZZCTDVFKA
12066,AGCZIDKJI4BA3BJ3KIQB2D2VNO2A
12067,AHS3WXQHAQ6YTXAVJY5QONFIWNDA
12068,AGTH3YX6TUPHDXTU64RN54MGJUGA
12069,AE5XRSZESMCMM3VTTP4WUQ5FP4EA
12070,AF7JI6HDERPMTGCU7ZC5VA4OKWQQ
12071,AEVCD64QFKDXINH6XHZ4DYNKWLBQ
12072,AGQ4LMWWM3WFXDOQQYA6QW234AEQ
12073,AEWAIJASHUDIDLQM2D3PZNU6QIYQ
12074,AGUJJDNOBT3FDC6GLNVFQTGOTUEQ
12075,AEN34SP5TDVNGUYTJA3PN2IWYKFQ
12076,AF6G24F4ZOBC7IBLUS75IN26WDUQ
12077,AFIFELQQMXPT7XFO4SSFIHRI2P6A
12078,AFXQRDSIAA6K44LCXHVNEHHW6RTA
12079,AF7HXV4DRHXXJNVB5ESMGSJNF3ZA
12080,AG7MTC4Y3PKSX2KTNBHHEVXEPM6A
12081,AGWAX7TJVZSQGISAQXZ45YIDRIJQ
12082,AGN6UIZSD6Q6LNBGB66432BHATOA
12083,AEGKMMHPRMNXSZMQKNN2NLDASP5Q
12084,AGW4NL724T42PFOZVBII3MDEVUNA
12085,AEQ6HASI4N3Y2YGIMPD7RAFPZ7KA
12086,AGS6OBA6GDECV3EBWRVPB2XBLRYA
12087,AFFEEZP5JESPJWXOCW4WOIMMFW4A
12088,AGYV4AUP5K5UDB7R7DVNK6D6MYNQ
12089,AHAFPS4DAUWAFG525XXCGTR2MYNA
12090,AH2VTTSKYHO3RKOPUEU6DY5ZMIOA
12091,AE2HKF74HDJ4HUKN2HEUYTH45NUQ
12092,AEPT2P6QTEQIFZZ3KTVJET46SOQA
12093,AFN26WBJ4XH74CLWVGNWPDWIIVNQ
12094,AG5SOMSX7XYSHXLFDWOKG3OTTAIQ
12095,AFDGMYHQ3O22MLYTDDYBPAODO7VQ
12096,AH6JJ6PWOCE2QSGZCA3WYOMTDS3A
12097,AE7SAMJG2KLCUPAMDMSVDRMJCPDQ
12098,AEVAFL3QPATYGXNXDI3Z6FMTFEEA
12099,AEEOSEJA4PO4RUJO7XID3UQ7QQAQ
12100,AFMX743VQZCAGRW2BY6QAF5SOKCQ
12101,AHT2RUGQZJEFDW4GNMVQ3Q2YYDOA
12102,AFF4RPOIEH4ZQRIYO7ADLCMHF2CQ
12103,AH5LQIVHGVRUMMJN6FSSLHIZ5NLQ
12104,AFO2TXYS6MHLWRCNS22W27T2DWXA
12105,AGLHPCCFJALEL35M4JPJFQTSQP3A
12106,AHKFH7CBEWIPCCZ5S5H2RSE6NEGQ
12107,AGEFCQFI5SRFS3ZVTT5PWYMPVHRA
12108,AEJ5SGS6KMCDWNKX5CDNZ74KNO2A
12109,AH3Z2J2WYJHMP5HU5RWH2DBO6MJA
12110,AFCD5VZJWPAQJQFGUFDJDS3VY3NQ
12111,AF5XODQP5IMTVTH5KR3NMRSEJARA
12112,AHMAGJ2TTPNWISROZGOISCFPQQIQ
12113,AGLAW7HW4AXKWNW6IH3RRW36VIXA
12114,AGX2KBR3N7CSVQCFNAFDIEVQ4LVA
12115,AE4NOGY2NDGSS2D57M2WDJTJ3QNQ
12116,AFFR4SEO4F6ZRMRMHD62P4S6QSEA
12117,AGQSCLA6ZBH5LEB5KDEVYSPKJ2AQ
12118,AFHDMZIZUL4MJFAS5DYRFABZIAKQ
12119,AHNBMN2N52KYEJNGGKJTLIBAOOXA
12120,AF6UBV6VG3GXXFQEHOP5PT7Y4YNQ
12121,AG2LFUGBA4XDV4P2IYC63ATLE7ZQ
12122,AFCBOYVLTFOJJKZUMHPXVLGK5HSQ
12123,AG7X2HTDVTKOKVWBJDHF6CNUMXWQ
12124,AGRVTKL7P4UDLCXH4ZJWXMYV3WQQ
12125,AFLCJFVZR7UAPDYVLX33ZB5BMOMA
12126,AEDLG77EDDJWSLTISDOQILNNFLNQ
12127,AGGDCA6EPHDXOM2BGIQ6THBBLDEQ
12128,AHTF6CRG7L3DTJPMHZDTEQVP3NRA
12129,AGQ3HMYFFKBGGPEYLOD2XRLXUIEQ
12130,AHWC3CELPQJ44F6ZFIOFAO7XXTRQ
12131,AE2Z2PVLFXNJKS6ISYXHE77RBN5Q
12132,AFGXSMXSJHA44PMPCGUY4WMEW3VQ
12133,AEA4PA4BZE4LC32Y7EJJAQAYXCMA
12134,AE2NOLG6PP3COXN3BU2K7A5U6CJA
12135,AFP6RDXA6CFAPS22E4URLCH7ZI5A
12136,AGTTQWARRDEJ2U5JRULBNYU2SWBA
12137,AHKZWDNUDW24UPDAJWEB3R4KF24A
12138,AH74WEMLXDRQMFRLJK5AELHPJUKQ
12139,AEY5L6DM5WF2IZCANRT2QTRMZXQA
12140,AFUVS35I35MANJ74XYOGTDBBOGAA
12141,AEXA4G5AO7ILO7LR6J6PCN7DOY6Q
12142,AGUU7COZV5XFGD7I5EFSXEMX25OA
12143,AGYBAF35UMJZC4G3PIBSU77C7LNA
12144,AGNZ5HNSGJYWJ44PAL23DGB2WT3Q
12145,AFND526T4TZZYDASNQ2FIQV4LKLQ
12146,AFCO6WJCEPPWZK2PDET7SBN7KV7A
12147,AGSPFZ3JLM6DRDKXIT4WU354SQLQ
12148,AHPECVWH6UAAUGRWCXHBGZFVGSBQ
12149,AE6PLVUPOK33V3Q3DES6FG3XR3SA
12150,AEFYWVDODVNK63PLGHR6RZ2HS75Q
12151,AGBLIJ3LSJI3FVTGDKUNKYPZX4XQ
12152,AF3HRL6E4KC5BBJKO4XJZV4CHO5Q
12153,AFEUIMHAEHHGDAHVTWNZ6K5LPLCQ
12154,AEBIYXY25JUFTOSSRC2FQDZEL5HA
12155,AGOMFJXGF3IHM4SKAJ3KXEVD44PQ
12156,AGWDBBH3TD3RUZ4BINUKBTDDUPGA
12157,AF4JLCJNGQANAMGGSGO6IQVX5MZQ
12158,AH2SNL7FPSSA2PAWHPK6HI2DBJ6Q
12159,AE6UB7SGXI3I2HXC5WJJ52BTNZHQ
12160,AG53NS2RYXACK4W7YBVT43MTZDWA
12161,AEEO6H7PE7E7VNL4ABZVWEQHAMTQ
12162,AFCV2OSQVZE67MLKVM3KQLKXHLQQ
12163,AEXERFJ7WKBVCIU7AR7V4EUNROYA
12164,AE7IYYZKTP5OJOK4IYC37CMCIFMA
12165,AECNHSUZNDKYFYLW7PZV4YO2BOGQ
12166,AHCUHVVNRQM7L4QUQMW36USRDN7Q
12167,AFHIPCBTJZFL2YPDR657V5QETQEQ
12168,AGMX6NVRGPIJN3LR3K2NCTFTA5LQ
12169,AGGA4YQXT3WMDG5L7QSWXLSANG2A
12170,AH2WXMDMM77LTOEO5NOHPTFA63AQ
12171,AG2WC4Z6JUM6FIPSVII4FTSXFR3Q
12172,AHF4SZBEC3M23OOYOX5YTIKQEHZA
12173,AGIB5AAQRSNFF4NE3V5L2SEZROJQ
12174,AGY2IXDST6D6KPXHOE3VD56PID5A
12175,AGPXTKCUXRG4G6PNQGJLJOI2MJWA
12176,AGQQRY3U4Q7AI2YHONLVILOEZ37Q
12177,AFDEQTEECTLFJEPCGUMIP5CPQMRQ
12178,AFVNJY4D7OBJUNYLEDCTKL556CAA
12179,AGVEFJH3MUJMRFI4ABMOFVRS7JEQ
12180,AEUOUQKL6A6I4C46LV3HTA6P5O5Q
12181,AHUOACTE37DZL5FU7SFKOABZENTA
12182,AF3LFHSRLO3ZHRIFGEIZJZYRUDOQ
12183,AFDV2IBVFVXFFSFX7ELV4J22HBMQ
12184,AE2UYMDE73QF3YANIUKRU34BTZ7Q
12185,AFAMEDRHAEUTV3WSTBK35YLQWVVQ
12186,AHJMBGX46OI7FZM4EUIQXBZCCJAQ
12187,AH7ZQ4TDN4XTHLROXETLHRZ33SQQ
12188,AGEPLZJNPNOVFXZCCD4TDJG3AJAA
12189,AHT65WNDNTT7Q4SRTAPAAU3I6HXQ
12190,AHUCLEM6CDSVPVZXA2JPYGIDCJPA
12191,AEPUNA6D7PQLNXQZ2CPOYEENYMOA
12192,AEBYGGX4BOS23WBWCFFEILSQTETA
12193,AF72JOIKJJPOY62IDWZXORVTG4ZQ
12194,AEOG5IEDDBTOGTZ6KOVVOAYSS2TA
12195,AEOM2U6ALEZLYEUXJHB5TB34ZMPQ
12196,AHZOBZQAPYB2LCFRXEFVJDUI2JXQ
12197,AE2W343KFISIN5IE5OQAAWMTBJ3A
12198,AH25QU25IIWEZ7X5YXF6VN367PGA
12199,AHKEBKJNEHD3ZYC54BRM663XIBPQ
12200,AFVHQ77QFTVD576RIK3XLML5GCWQ
12201,AECB4GHVB7JSK6OW24UFJW4T4JRQ
12202,AEKYGM3ALNTVHX657XDM6QZS3B3A
12203,AHRIAC3BFV2FXCVP2RADLPI754RQ
12204,AEB3AQMQOLJWWQIBV22J5RYCPQUA
12205,AGG36WGO4KXLVTOR6O3ZXV6BUQLA
12206,AHBWHBCW2OZUIVR76X7TESITBRRA
12207,AFUAP6THQNGHWSNL5SSDX4DHHPMQ
12208,AE3OUCDANOESBJVVK6MK2EKWP2OQ
12209,AGFMEKL5N5VZXNIGCFWNV7VA5QLA
12210,AEKUH5KJI22IAGCFT7D25PQEZ3VQ
12211,AHQD3QNJ74HMX77BXWUUBWTRZQ3A
12212,AEUDLG7E6M5AOAZVZP4PLKQP7EDA
12213,AFCRHA5VLAWQHKGAWTIP36EFSBOA
12214,AFCJMKX5RPFS4TFTQ36SEVS5KK3A
12215,AEXXK4YAFUWJHQS6Z7NSSVX3ML5A
12216,AHR4XSSLMWB5VU5534IENUM4D7RQ
12217,AHHQUTUTG7H7SE67LJJBCJB2TH7Q
12218,AHJAJPDUSLDPH5647PDGNYPWZTNQ
12219,AHKEHFXVRRYEIT3R2CI3GEN4QA4Q
12220,AHXNUMWCT6JNUEWBTQA3T3YB4Z3A
12221,AEYMYYRRGXMSHGEUNH4ZIVUWLXBA
12222,AEPBNYZVAVNO3SNOB57RJDXEFSJA
12223,AG6FS3UYAOKKR3QEJ6GMMOZXM7JA
12224,AHEMXGYFJXRLTD6NJWBYALWO27EQ
12225,AGAKTHBKIA5HVEPJRJVV4I7GOLNA
12226,AESIGMJKHBGODPM2TYLOFNQRVOOQ
12227,AEA7DBHCTFWDP25S4MGQ4DL3QQPA
12228,AHLH4G7Z222GIY7US5MRANREUUWA
12229,AFTTIY3XUJJARNMC2BPGUX5SHV6A
12230,AGI74L4BH4DAGNBTIDU2CB6I6XDQ
12231,AED7EZ3MGXBOVAX5YZJ2XDUEXZHA
12232,AFB73PY47B4QDXJ3XG5SWJ3KADPA
12233,AHJBUNFAHGGVXYOYAJH6IWIZXFOQ
12234,AH2X4QR364B7QFLA4RR3HNLVMLUQ
12235,AFTAOCMWEIG2QANGEAN3ADWOZIKA
12236,AHSUPUBBPOXAGY5H7HZNNYZES2TA
12237,AF3LHLSW44JSBT4GSP2ITEDWVIVA
12238,AGZFAJRM4ZJINX6FUYYYUQWC5JOA
12239,AEHD3DJ7W7X653M5LSLBFO7LQS6Q
12240,AEWSDTBSCN266JMZH5NFTCBIP7QQ
12241,AE44OPOPS5EGCOJZJD4R3HAHQ6QQ
12242,AEKX6F5GA4CKSACFNVZVXJPUDDAA
12243,AH3VM5GAFFOGF7LAUBMUMZWVR74Q
12244,AFQBVXDEAL7YX33PJNFKOFYB4CWA
12245,AFHAUSGHHTQD2EALZBXUKGFZ6VLA
12246,AFJGAG43QBDUJ6PCMIFNSYBTCXTA
12247,AHKIXP6FYA2762W4CU25L72WUCBA
12248,AHGWO3NLWA5CWBHBFYIEIT3K3PWA
12249,AFPR36LIP2QG5PAHI2V6J24S4JPQ
12250,AFPO2DYOCG7OAMT6DAMLSICAXJRQ
12251,AEGOPBDHLEGZNDISWEZROXYZDK2Q
12252,AGNTA2B53RVNH2Q4T7LNTI7D7DJQ
12253,AGNPCGUEA7VOSNI7FDQFJSILWF3A
12254,AH3WYWNT5I4RQDLHEXD7HN43SWWA
12255,AHWW5HREHXZFAJHDK5INWLMWQV7A
12256,AHLKAA3EGAJ3J2RNUFFA55HKTJJA
12257,AFMDZPKAYP4YGU5TAAOWFNG26JEQ
12258,AG76KKRT7CJR6QONHA7RMGNYWSWQ
12259,AEFMNESM2DIEZXY2A2A3LSWNCO3A
12260,AHB2QJFDKTXA7WGKVA7GZAPFHNFQ
12261,AEZGYLBJEDSCVS2FNP4I4QBNKV5A
12262,AGJRZBS4Q5ULGPXGW23TA6NUK6BA
12263,AFCPJ7L462CU24LY75TCEQ4IITRQ
12264,AFMBJBWWEAP6EGCFHTNCBZO6GHHQ
12265,AH4POY6VRCSBDZQYGWMWLRAHVSGA
12266,AGZJQWYGVB5O3DR2IE5YYA7T6APQ
12267,AG6MSD4KEJ7PPZI5BBFUNGILFPXA
12268,AHW2R76GYNV6SMX55DIT3IHWITWA
12269,AH2VS4Z2PZXBIOUNXXYGCA3UQWYQ
12270,AEAPTW3BZZWUZ5NPYYIS5K6TMXFA
12271,AGKPTDDNZ7XATKQEBCVCQDOWS56A
12272,AHWCH764GLLW2MQYQEACKBLMYSSA
12273,AEKJLCA4U7JM4JAVJIITKSL6JIQA
12274,AGUJ37SKCWICNMANWGFEIUL64VCA
12275,AGKKOR5MLN4VPIJIOYJM2K62WILA
12276,AFZMQTF4YI5JXD6PDAFCKSTGQMIQ
12277,AEVW4T6FSBE7YHKJXTQ63PH7UDGA
12278,AHSFB6XSQZK7B6R5EMIZM6L4YAFA
12279,AHRLYJATYZJUXJ2AKTTWHODIDGTQ
12280,AFQAQVMF7QTRG2TQB2DQJ5ERUJSQ
12281,AEZHJUVBYUHNEK2ZMSG2GN5TBK2A
12282,AGHUIP3MOQCVAE7FHCUOUZKJKQTQ
12283,AFQ3VIS3KNIPQRXAFBNUXNQEJ2EQ
12284,AGGUKXNUYOBTXEL62P7GCXLEKNRA
12285,AFXHAVDC7HTWAXD4YQUNNJTKDFXQ
12286,AHNXDDBBEQW7LNCDY2DNOGHODHZQ
12287,AGRZ27IPTLGVM6ILA74LFCQBUDTQ
12288,AG3ASTN3YI53Z4R4PQIJJLEYTVVQ
12289,AHSFHPCQFSNHSTLKNBDL6MUQIVDQ
12290,AGW3HMXX3LLCVAABXXOIIKQVGT6Q
12291,AEFVYHGLUWYHSJJGTXTIWTWBELIA
12292,AHDUSRT6I6OOXSG676BXH6MNYF6Q
12293,AGSQXPQK7N2R37W6H44KQSTU4JSQ
12294,AGV3VXPFENECNTFJJBE2QEIHTJPA
12295,AFSY6QHH5NWV53SWYYGDYVV5QW5A
12296,AFOCGZTEKRFJBJSYDPWTWT2C5TMQ
12297,AHJNR7NA6PTXXRG2NH7VYBXIAFUA
12298,AHUTZ6Q5LR2C4LDJBJFQLS7BTNRA
12299,AEEWRCBARCPYGI65TQJJKEF6X3KQ
12300,AEGN4VXREZ5ZY4563WNDSARM7CKQ
12301,AFDQTYYMEFOASLSPPNOPTMIHOHOQ
12302,AHMFU6VZ6J4SXGGY6DLIRL4QUG7A
12303,AEYJIF36IRS7MMOWHEQG2SSV6KJQ
12304,AF3NSYJRAJKBEVH7NJB53HSDIGAQ
12305,AHRKSQGLDZMWPYSUNL2JKRHC25EA
12306,AG7V6EAA4W3EUS5EX4T452YJSZLA
12307,AEZLOGPYAS252OU2CI6V56PE2NUA
12308,AFD4F5WYDWUFNW6N37HIKGIKJXEA
12309,AFY2BZIDYKQUHA7P4AUPXGOZUWTQ
12310,AFHLW5CN27GJLZWF36TUBTIV7HSA
12311,AEXJXD4BE2OAB5TP2B6WREJA2KQA
12312,AEGGIAAKVAYSQ22ZEBNV6MMAFB2Q
12313,AEUFACUMZYOAJDOFQEDTMYNTK37Q
12314,AEHDQ7R6C7AKYE2JB745EU66JDIA
12315,AGR6GOKGP7R2WUXR6TALCZCY3V3Q
12316,AETUVR6REPLKTT42V2TJA3B7KPXQ
12317,AHD45RXYOCXSAAXZ3WPOGE7UKI5A
12318,AFXVRUGZFKFLUVCYL4MK73YWVDTQ
12319,AGRHG33P2VBKF7WEBUS6JDIR7SHQ
12320,AFTUKEH427SNSOZANG5SDDJL7DPA
12321,AEXG2MGLESRD26X5STMCGJS2Z3ZQ
12322,AF56UHV5JHEZPF7U473S62VZB7YA
12323,AEX4E73KCE6MG7GMVTY3GWPLYKQQ
12324,AHGBXPYSAJOWLKU2LL7FRMGSCCEA
12325,AGJXFC5GPDJVFSB2ZYENY7SEVFIQ
12326,AEE4H4RIVMAMHKBKSOAC4FPHLZUA
12327,AHNSFAOHT3FFPIFKNWWEEAQH75RQ
12328,AE6YT6OHAPZHYQR6KHHQOVFH625Q
12329,AFQEQCO6R7YQALM7IXIHDWEF5IIQ
12330,AF6GHHT4UUHKSO2X5B6NCQSAV5ZQ
12331,AEE7VLI7VDD4KMRNK6J3WNF32BBA
12332,AGG5VJ2HLLBULJAFXN2SZKNXVJGQ
12333,AGAMT7DL3FM23Z4VG5GLHC3SAX2Q
12334,AFBTGV2V5PIU4KYHSGY2L7UIR32Q
12335,AH3CJAWMXYNNCESAMJA3SLSAM5NQ
12336,AHX3K2RAVSXY2HGZU6BMDUTNOL3Q
12337,AH24CL7NSEV2MX6OIACYINA3DX4Q
12338,AEKLZQZR7JI4ANHB7MACZQWUNAYA
12339,AEEZCL7PB4XSFK2MWEKSRVMEOXCQ
12340,AGH4IVE73KRIVQXEBRQWGZQZHJVQ
12341,AGU5TWF2SJORUXWFNSPTVKFGL3LQ
12342,AG62OCLAB35L6OBTKNVPAINJQSUA
12343,AEHCP5BBIU22MJRUHBY5SZVKFS4Q
12344,AGOFFD7BAA5XMHDCOL5ASG23EWFA
12345,AGBGCWBGBUCLFCJT2TIQNQZJMKSA
12346,AHHAPJG7TIX2BMUIIIQ4DGONY55Q
12347,AFF5XUSX3QV6Y5VTB7C3ZYO6BYVQ
12348,AF4HXVFFJJGTTQJKKNK3Z2IWAWFA
12349,AECLA7EDEBXHNQCSTA7O4JO6MWIQ
12350,AHBK6WSEBDK53EOZGKUMXBZ6YAFA
12351,AHIMFYTI5FX6OERY3N7BDDTSXNZA
12352,AGVARTFYLF6UGIA4UNZC4PHQJLSQ
12353,AGXP24V2ZZ7MSZM6VTRTW57CVETQ
12354,AFJA7ELHIMA5ZOFLVDY2GPEVHIXQ
12355,AHEA7ZS5EDWF5JKPRRS2N2NDUYEQ
12356,AHGYA6GWLL2YDO6VC6VXTLOTN5JQ
12357,AGSNEVP3YH7PIK27KJFKZW4QUGOA
12358,AFMYSMLV53H7LVT6R6XLY3SKZNKQ
12359,AHEZ7I7WXRHS4C3DQHZPSGSWOO7A
12360,AHQXW7UN2Q3M2ZZRQ3V6I6B3SW7A
12361,AFHQO37C2FSAFWFER6X2SI6PZQMA
12362,AHD67WBI66NUU3FGQK5YKUQFPQCA
12363,AHYCYMLKZTMHRSGAHTRSTN32OZYQ
12364,AGHQXV7BFNQRXYGYZSAHYMX4QRBA
12365,AHBMJTDOB5GAWLLJPE5GLE4K7DJQ
12366,AHQKZZ7ACNXGNWRVZZOLBR3OIBUQ
12367,AE4TNM6CD73SDSAYBRMLQNQKLRUA
12368,AG45MD7FHCJARYOEPUZBCJHJPA2Q
12369,AF7GOCDELIJW7HOIMCQR5RE222UA
12370,AFSOZ746N5TQMC4SN6V3Y52YA2FQ
12371,AFS3RJ5UF6LCJTNIYRNSNQX3W6BA
12372,AHYORHWRDKZQQZECG4I3LA3YZ6VQ
12373,AFUMVTQBBPI2MCQTWSDYMLOG2XRA
12374,AFKWZFNNAAFLIVHULLMV67II47SA
12375,AFLGW22PCOETPU436XWKVBA7RX4Q
12376,AFBLHVGYFDP3E72SS7F5CPEP3RXA
12377,AGURBDFCNE5NOE3NVAHDSJYUEEOQ
12378,AGNYKSDAF4Z2W55VHLCZ5S2F7PEQ
12379,AFLC6P4BWE4OXM4JIWTE4B3C5XJQ
12380,AGNMSFRFHPMPL62NPKQQU4AMJQJA
12381,AGUO5TN6GW5KJXO463SMG2WXQHKQ
12382,AFUEVJ3465FW3XHR37XK3JZHK5VQ
12383,AEJ7UOF267MJA4VPGYMAWMMGXMWA
12384,AHBXJ4FXP2A7AMBIBYF63MW5GNGA
12385,AHAQ2PTS2XTD4IHSD7LXIR3PNKZA
12386,AEXVX3RSARNDLIEGEHCITXQNPDJA
12387,AFXIS4CGLJDHHE2CQRSDHIQUYQOQ
12388,AGSTT6WYKU5VXFMNKNKAPXYUX6EA
12389,AGJUXCXFMEQTHVHGJO4GSGUHVCFA
12390,AFBLLPL57ML7V4SWLC4HB32V4GCQ
12391,AECBPW77YSGXIVIV6LTFRABOOLBQ
12392,AFM62ZXGU4NPAFWLHCSOXQUOQGWQ
12393,AHZ7ISHHYFHF3V7WHWPG5OFQIHQA
12394,AFM3LIFMFTTC2JSVEQE7NVK7WUCA
12395,AFNKRERWP5UEQBZMLKZ4GKXZGKDQ
12396,AHIXHY5GY2EFHSEUR4ERYC6ALD6A
12397,AECVOZVCIZH5F5WVIANDWPCVJ3BA
12398,AGR6XIUHWMPJJXF54ZMPI65JBSOQ
12399,AHL3ILKNDXW7U5QWKOG6PIIYWLLA
12400,AGYHH4BTHF5KB3WDNOR2IEXSPDNA
12401,AEUNULKDNVZF6XRD2FOMY4HN2YOQ
12402,AHZQEVAR7C5V3HZNALZAVFNLLXKA
12403,AFR7ZSGDZXDAZHW6K6NP7JZORDPQ
12404,AGIZDVQJGO5UAA6FL7HQEU3PWNIQ
12405,AFHJAKIIPENB72XFUC4746Y3THNA
12406,AEI4SEFG5WAWFJ35HSKP4BI555WQ
12407,AGW5EB54EAZFXHJKQTN5GWCWW7RQ
12408,AET5Y5O7THOQYG2X7JFR4O3DIMQA
12409,AHDGTCF5ZOJP5JC4YULQDQ25RSEA
12410,AFLVNMWOPSZA2TZ3BQFYX75AFIEA
12411,AFE4EZBNE7FC3LHTWZHEAKVR2PQA
12412,AEJY7NQLOSRVHM4GIVJPMVGJ4VLA
12413,AGI7RFDVQZVSS6YLWYBUA2ADI7XQ
12414,AFMKAXLWATWL5YI5EZV4OQWNDMXA
12415,AELIZDZKAYJOZQ7LGTN2Y5LBES6A
12416,AHF5ILAQAFO54ISGVRQB26UWXSGA
12417,AHARBJDZGH2OH7CUEDEOZA4D2RLA
12418,AEHB5PX6TJMWU2LGNW3CGGEQVMNA
12419,AGNRITN3T2ICQDXI4WCNSOI3272A
12420,AGIKH2BLVND555WWEHUZ42NMQSDQ
12421,AFCYDV3HMAOETXTTGBCMCMZYLU2A
12422,AFYYRYO63FCQASYL45D7HKVYPSOQ
12423,AETE2NF5NFYOQCGYJZGG2TU6GPSA
12424,AFTI6Z5VDRQTI3ETARZPUTYKXDGQ
12425,AFJKEQEY2ASEFSRYWHVOG5BYKXLQ
12426,AENDYZQJLJ7ZGW4A7B2T3GCVQFDQ
12427,AG7TSWOBCOAWXPJ6DARY3X6DGKIQ
12428,AEQIPX75FKN66GW7NO27WTGZZXWQ
12429,AFTVYDQG3DFQIL7W57E6MHPELQKA
12430,AHRIELN4K2NYLHDJ7ZFXJNKZDXTA
12431,AHB4WD2FXBDQ4N56L7O5J77VWCGQ
12432,AHOY3IH3LY25M7EYDEHVIOBZUBFQ
12433,AGFT2XOGK6CBIFJDPKIBGY4BWQRQ
12434,AF65ZWR555GUUPGH4XMTHFJXMDKA
12435,AHBMVJTHZO5QK77YIJVMI7HEE43A
12436,AEBOUTN25XH3UUO2OAIV72F5DHDQ
12437,AG575DSNTII6YJFDBOLS2FJUBDEA
12438,AE2KDNRFSI6TFZCWJFQJSMBF2WHA
12439,AG2SEJD5NQVSW3FNRJ6V5AEICHSQ
12440,AGDAH636JPIBL6OWXI56UV5J5JYQ
12441,AHDKOMAPXPB4BAD4GNVRNQEH2IUQ
12442,AFMXFHLCOTBYDHFGYZ2TSNQVSG3Q
12443,AHIV3HECVSXB66X2UVPFXHCDYCVQ
12444,AGXIDQB6WKDLNIHMSPOUZ2MFYZYQ
12445,AH7VWDNMRGU7FEEILIACK2YO3P3A
12446,AEVVGIFQ7SNLNWVNNLWTTTUAXLOQ
12447,AGBO3U2FHHRT65FZZIQ6SLMNR7FQ
12448,AE5BFH5GW2U5BMEHESFTJFLNG7KA
12449,AEGGP5FBUHG2R43EBGWKZ7QGHHGA
12450,AHJKBFBP6GADGX4L6V6RJURJYO6Q
12451,AELSKEWNNL3E6DS5Y2L4AWWBTNSA
12452,AGSSEO5SUKC2OLM4L5UNC5QTSQLA
12453,AHNI6Y4CUWI3247D3RTFUK2SG44A
12454,AHZWIHGVJ4X6TIU5FCCZRHVWWDJA
12455,AHOYAXQ2KX2XIDELDKYBABY27FNQ
12456,AFVCFZYVPMGHDUODVLV26E34ANYQ
12457,AFW27G2SOM3G6ZK3CBCFC376HP3Q
12458,AEU2QKP2CLIMGF7RNWA5DDNCECEA
12459,AGXKXCBRPUSGT2BP5FWV62XJJMQA
12460,AEUC6EIL72P5MS2LZ2LUFS6VKTVA
12461,AH2V4COPS2KSYX3FERK5L3ECWBMQ
12462,AFYOQLWW4ZUNG7KKIAZBVH2FZFSQ
12463,AETPBRY3W6WZNW2RKHW2SW6BGWNQ
12464,AGUPW7RJEVISFMZIU6PUHHYKIUJQ
12465,AHG57NSB4XPDRGBXKP4AEYKLP6XA
12466,AHBTTZGMN4QHPOWX5WXB2X3WEUYA
12467,AHXDWENPDFKQRCLCR24KFJG4RMFA
12468,AEYKJWP7Z4JJGUFF63WOI3CQ4UUQ
12469,AFSBVUIVKK3HIZUELRSV72CZGGLA
12470,AFHY4KMH3PG74J2LSMYL6EBAFNRA
12471,AGGDPWL3Q6YUNEOEUBJMKFIELYCA
12472,AGCZDR2DT7ZMIW4L4DF2DO6C74FQ
12473,AFZN7NS4XXHVN2LYISTJEDWVKLQA
12474,AE5MF7AGOZW5DNRD7GG7P4NNLIAA
12475,AE7SISRI7DEJNGCEYNTTBRC4GLJA
12476,AHDBJ6KD7DU6GK7BHMOGTANCBTNA
12477,AHCEHOCN2U7VA2X2IUVWMSPYPB7A
12478,AGSOBCHHEOGHFHAKPPRZND5L5JRA
12479,AHBRGUHPUEJXXOBWJZSL6YROBDAA
12480,AGCSXOFXUXSQXFNT24R3BFKCF4TQ
12481,AEX4GJWWCC2IXVSBBEE3N45J2A3A
12482,AFSASRVJFSQEEX7EW4XTSLGEJIOQ
12483,AFNKSPRCJSC5IIOP6SOMNAL2JKQA
12484,AEJ5XAENDGIWGBRAO7TREAZEZIJA
12485,AFDUEJZ3SMGPMF5QJELXLRUROTLQ
12486,AEXXDZXNVYLKD75VXSNDMQ62EM3Q
12487,AFIGTUHQ2L3QSLIDP3ZTSHOHMXSA
12488,AF6GAK5OHKH6NNO32C4UKWZ5YUHQ
12489,AEGROTQS3UKD3I7VQ7C7WHCW2UTQ
12490,AFVHO2MHVQFYOCTGAXFO6PXBZSGA
12491,AH2TENMB3CIRRQKTGIZJ7LPMLSUQ
12492,AGVBERNG3DMEXN4QQQ64IT2RT7DQ
12493,AFESGGMWSYLT7EX6QIET6I4COBAA
12494,AFNEGG5VTXLKKESLPMJNHS22EOTQ
12495,AHPJKG7F4XGHFXVS5BK7IXNHZCPA
12496,AEWL7ESKPSNZ6WX37FWMKCHGKUJQ
12497,AFX7IAZQ2IL6ZQE4P7XF7QKGRJLA
12498,AGYDZ2ROGUHYLGYZP2DC6WGKYWCA
12499,AERWVWSS6HVILINRFLFQWXUWFITQ
12500,AFKWHQB4MGEM6PCFYFDDTJHB5R5A
12501,AGUKSQGEADUY4MDUE7HD4OYLHLAA
12502,AH6CSCW3UU2PTRAIG45JOESAA52Q
12503,AHSFAC3HI3ANOCSUSRADRRG537CQ
12504,AFVH2QFTC6QXMSC5BFLROUDTOKLA
12505,AG4ZRKFXBZAVRKXOFNNYBVT2OJCA
12506,AEYB4UNPVMG575ODGL6P4H524EQA
12507,AGDATVVSLOKFATZC6N2W4YFAFUMQ
12508,AFXUXF5ADR4DGQ763JMFUXFZDLGQ
12509,AF4E2OUER43WBK2LUEGWYWCID5OA
12510,AFOIRMUUF4THL6EC6NYHVVCRM3DA
12511,AGA3YYILZ62IEHPHREMX4LHMQZ3A
12512,AENFNKB3PYSI4NILPXDQY6U6IRTA
12513,AFVB4VPAU3I3CMMRFQL24S6KB34A
12514,AHPYB24VBEU4VEOD3DFSILY6JCKQ
12515,AFO45CCI5IJ4EFW3DZ7NTQBYDUIQ
12516,AEC42OPS5GH5EETKFQNUT7PFEDOQ
12517,AH7ZRINFSS43UD5LUVXHLLQMVLXA
12518,AFQRPW4IDMQVBBULTZGXWWNKMSYA
12519,AE3QUU4JFPOMBMN2EID277DTS4LA
12520,AFCAUJ7PB7LNHIVTPJCGVEE2ZYKQ
12521,AFMUXEPUGOYHF7UC36KGX5NW5PUQ
12522,AHXWKMTM3L7LCJUFKZRXCNHMJ67Q
12523,AE7PK2QB65SSINZ3KQJDLDIVAENA
12524,AHWRVMNM5FFZG3HQAUY6WASYGMMQ
12525,AENJZJEHC3NXUEWHCCI5XWFURR6Q
12526,AFMZGGOPVIGYZYSU2JY4PMXLAFPA
12527,AFSCXJ6UKY6TN6675BLU5LNZJYHQ
12528,AHDDN75LQIJ6P5ISXGAHI5KR2BMA
12529,AEGRG5OMPMVTIHXZ5CLRIZRGPJVA
12530,AFWI4Y6AER2LW7YUJZPYTO2HWSVQ
12531,AHBE3URXUKQ64GXJ4YTODUMRYI2Q
12532,AHVGM76BEVRUZS2KT7ZNM5COQRZQ
12533,AG32PYSNCYGZRWOOLOIVBEWWKRKQ
12534,AFKGWDPI5U43GK36EIO655B5HAPA
12535,AEZZZI3AWKIM2JI4XGCO6LPQ6DTQ
12536,AFWTFRWISQGUJ7IEEFWOQGPSYU3A
12537,AE6IKEI35U667NYVH22JIYTKJWJQ
12538,AEI6W5PQMWGXFFJYBDW2J5POVB6Q
12539,AEUA7XONEOZ3O5SBFLMQ52FFFEPQ
12540,AF7YM4IGPAFAXCO7BASM3PNYV4JA
12541,AHWDN75TS3FDEETE2AN2Y2COAD5A
12542,AHMM4PGLW5NOCVN7UU4LNYPIWAGA
12543,AEUKUO3E5XXZBKSHAC7NGKUMCYEQ
12544,AEI4IHCIW7ZTGSIVCJDVFVMJ5XIQ
12545,AGT44CLGQHXOWE6H4C5A52NW4RTA
12546,AG3OXNRCLLRNZCAEYI4MDILCLXZQ
12547,AHZYSB4Z3JKMWDBSP7KXNXBLIJUA
12548,AER6LKVLGCCG4KHJ54KZ7YYV6YPQ
12549,AEIHPFKOIHVLKEYHDBWPAQFY6BXA
12550,AH37YOTDJHHMM6G5PR536LQ7YWEQ
12551,AG5MRDPZTXTPLUZ37AVJ3UFUTBPA
12552,AE52OFTLWPJEFSVQJMIZ337ESPQA
12553,AG76IODORG5ATU4V3DZDEZ2NL5TA
12554,AHZIT4JLQILNPBTLFLZ23HQYG5IQ
12555,AFNCEXR2BZ7KEXVGSS6H3H4KMVNA
12556,AFCGM4VL5DDFH4OIUTD4LAZCWCXA
12557,AFBQJLLTKPFBCSLQVKO4KOWHS6GQ
12558,AEQZ2BKIQQLNXFS4W5LHK472PZ6A
12559,AESGSEQUSYV6NNYXI4RHWYIHA3SA
12560,AETNOCWRZLUGA2UHFQJ7OYKRNPFQ
12561,AHYLLXWSMWGN5ILAUDEMWGWCX4XA
12562,AEMSBI4NUXGQNZG6XM4FKBDO3GIQ
12563,AHSEYTLNB6JJXPSEGQETL57YLNJQ
12564,AEJ424MED52IGADPHQQAXQNFSZLA
12565,AF4MCKBIHSLEDXMXOY52DEH4T5YA
12566,AHDGP333YM5Y6R5Q6LW2GF3U4AAQ
12567,AER5VXALMHEFW2KBKGDE4G5IMGGA
12568,AFRULSJZCYZS4MHXEPS3VTT74YNA
12569,AFWUPPPLUIZ33R5Y665ALLUF6R4A
12570,AFN24P37YWBVQUUUHWMV5TQDRHMQ
12571,AHNL2JWICCDO7UBZJD2K3OFC2WIA
12572,AEN5WJI32ETVIONPP5EJ7U5IOLDA
12573,AF3IQCRIKT3FBUOFZUEUW5CADYCQ
12574,AHV5WZPWGZVZ6MLEKPW2ZIUF5ZBQ
12575,AF4VZYG4NQDYJ747J6ZBNAXNAX7A
12576,AEUSKHQIDIQBMVHIVPM3Y3XPTIOA
12577,AH7BMSBQDEJ4XXPOXFXXAI72WODQ
12578,AHHGNS2YOXLL3UT75GDVSI2SYABA
12579,AFBYMDX3Q3J26YGQXUOVEEXILYUA
12580,AEN2PP6NO4CT6YRPXEUCEL67A6EQ
12581,AG34VV65GG6MGZ3LWQXRZBT3ZGZA
12582,AHQC3S2L55ZUGSBCNLB634ZT4IFA
12583,AG24LWS7XHYO3UN3C2ZT6W6TTV4A
12584,AFTORVUICAB2C57QWQP4JKYRO4HA
12585,AEKGTMOOWHYMZR4NBNUZKKWSTEAA
12586,AHKTHXF3UNIJRX6HLBEKNTWYMSJA
12587,AGWDZLVYILREU5N5OVBVNWZEQO2Q
12588,AHFUE2UJT5ZFXANYRO2ONUV227UQ
12589,AFRBPDRIOJLDZW722LLC6PM5JN3A
12590,AGYOXONWNWFRLPDIP27NODEHHLGQ
12591,AHBP2FZ2I5QJFZOG2JZJZIXJSMMA
12592,AH7VD24ZKPUBO4EO454ECL6URDOQ
12593,AEDVGSAHCPKTMH5WYNDGKO4R4PJQ
12594,AF7ICJG65DCI55J5FOB63RBTUKJA
12595,AFFCUQ7WGPRXWHV47GPYED6K747Q
12596,AEDKMFIHF5NQQORZ2K4JQZ5NXJYA
12597,AGECDQPIFEVBYDHGHBAFF2BBC3LA
12598,AFALYIOW52BXKP63DXPISDG7EHVA
12599,AH2AIO5CPYZX4T3G7IN2AQ3DIKCQ
12600,AGTKC7HS6HNO5JGSS5QPTRYCBIEQ
12601,AGWZ6JAI7Z2VUDX7LUFPVH7JKYYQ
12602,AH5T7KITZKOUWHEKK4LDXDNIPOPQ
12603,AH6YFGFSJG6OONIFMP3WSB4HVLEA
12604,AFVIBBCUTBXGBHHY2VCGAU5GTBHQ
12605,AEULJ74C7PVRE7MCB6LMUGUAD7AQ
12606,AFISPNWQZ3KK4ARZLD4JTKSB63SA
12607,AFXPZ5WFRTTTPOQRZM234T5SC5TQ
12608,AEFHKSX5EIWOVFCHRSMFGOFZMEEQ
12609,AE6RYH3F5GNNLZ4C7INBYIQLBGIA
12610,AFYLIV34TFGMGKPFYUCL7AG2IFTQ
12611,AHK7L6TMC5BEOLNGNGT2JYCEJXHQ
12612,AHTRJYE6XDN43QRKGGJGKIHPTNWQ
12613,AH2HGY5NL6CJHYIBRULASLRWMNEA
12614,AGXUO4AHGTVNIFEMBNC6IS7CVRYQ
12615,AHQMKYW7KABNYXSEVVSJHQGBQ3OQ
12616,AEZERM5KWGRXCWXUNFUIRRFRHXHA
12617,AGK5P7A7MRQ6C72G7M2SVPD5UJZA
12618,AGYWOHTLXBGIBTIOWZD6MDY2M23A
12619,AGILK5FMDVRJDN7M2ZIE7PDCFLIA
12620,AGRBYEBMJGOKINHJDMZ5SBIYIHWA
12621,AHTC7PWUGOKTNICZ2P4FFR5GIH7Q
12622,AHPQRXEJTX66S7AZREZ6OSRZDLYQ
12623,AHU3PEPQ6REEVCRWL25KGCAOT72Q
12624,AHQS2ORW6OHDLCK2JBBZZWZ4YEMQ
12625,AHCLZLNZTZC2UFEE4FT7CKGQDRVA
12626,AEAA5RNKFOPQONF5FRQB6ZVNCJJA
12627,AHYWNFFE4QJ2KJYWS3KQ7LC7W5SA
12628,AFSWDWVPZZOI5YZTBOPGEVMD4CIA
12629,AFD2VA2SBWB3IEOEQOZNK3WAME4A
12630,AHVSLY5Y73LFR4TB7MH7VWYRY2VA
12631,AHORXGXVEKYCYTSO46SRPNI2B5YQ
12632,AHPXT7U7YDW35KRDKHZ3ZFZRKKYA
12633,AH3RKG7O2KDLD7KXL2WUMILRCKOQ
12634,AEZT7BJW62TJEQWYW5PE3EW5JQMA
12635,AETHEEJ47YLF6GFDMJMDYIJG7HFA
12636,AF2JZGBUQ5EXSZDPYD5EEOAUOAPA
12637,AERQEWQDBB2Q2GTVPVEMQZWN3Y4Q
12638,AHFV7QAKX577EAICFMPU7EIN4QHQ
12639,AEHZUNY4GTNJKKAGDBAWHKWQHDLQ
12640,AHQMGWJRGLDMQO2XDANRMV2LD7QA
12641,AE7HI2XBGH7DHSLESOZPDTJVSIVA
12642,AEXTYFQNVCK2HK35CKYTGQJBCKXA
12643,AG6XFTX5Y7Y3DZWU4WHUDRJCHZEQ
12644,AE44ZUMV7OI3NMUHPPHVTQDJLV6A
12645,AE243G4CED77CIRNNDAOGVILFJQA
12646,AFTBG4IGV675WJWLC5A67FA5YWBQ
12647,AG77XWREMVJFPGBF7CRNHBLQXKVA
12648,AFCGUTJIIFAK7ZQ6ITJ2XYWXBIMA
12649,AFFGKHEVZEVHMU2B6JFMRQVX3PZQ
12650,AFGODIRVM6HRA257ZCF5TGE2LDAA
12651,AH3MPNNQ5YCXAV5GESFO45X62LJA
12652,AG7Q7TCXYVJHVWBWW7B26OBFRWCQ
12653,AHNELLGNVHYJRIASHSEHPCX5KIIA
12654,AHSW5GOP6JC6JQQI4ZSRNOGQDHHQ
12655,AH37VYTY25K2JLCZRPKCROK6MJOQ
12656,AGT75GY5HKOP6PTXA4MKPZ22K6LA
12657,AH4LGZX2KP4ILNPSD3GWMAUS5JUQ
12658,AGRZTNUP3NH4UHHEUYPXKDBWQAOQ
12659,AHKBZ2BYBMEOSNTP7Q2W2U2UX47Q
12660,AE4YJ2UPWGZGSNLYX6DGKWVNSG3A
12661,AEPHYKZ2SNPJ3MA2OQMEZOEUXVYA
12662,AESVD5VUTOYG35WXRFT275HN7KVQ
12663,AHOJ437SKWJJOVH6OPWXBQBNL6SA
12664,AE5T72ODREDEHSRGYQL5LSDINMVQ
12665,AFFQYHWCUOQ6JDZGBTLXMCN6NJ2Q
12666,AFGPBK4R24L3BJGR5EVO5VASQ6RA
12667,AGHGBCA3K5ZBIW6E4DCMWTMBWO6A
12668,AFRRLS7KZTII5XSSMNGFT3PCSGJQ
12669,AEEQZDCD77PR64HDVUHN5TMCXN3A
12670,AGOT2OHTYYC4ZGFAFZGTFAXZK2CQ
12671,AHK5LSWXPYEP4LEXG7TKMJ53JWRQ
12672,AH75IHZL7ZQFJ2XJAUDD4ZZO6MSQ
12673,AE6XP24YQZCF24NYWKDD5BZIRKGA
12674,AE2QLETHSV3FOX2RRTONGUHPOBBA
12675,AGASBSFCLTFKJQ3IBAEBQJLCGABQ
12676,AEDFX7MROPYXXT3RPHMN2OBRR4YA
12677,AG53ITEPJKE4XDKRCJCUCFKYQWWA
12678,AGEM4G6O2BQ4J5MVIIVE7P2P53JQ
12679,AENPGGFFELCVQMWJQ25BLHMT3AGQ
12680,AGNYIBUA2TZ2YMY2FDWCDZUP27HQ
12681,AF6S2R4DCKZFI5JIIKKIC7TYKIEA
12682,AEY64YOTJCBUDMVQS7LXYA6JLNPA
12683,AF23OSAZTYQQPXMGYQJRG2NT3RJQ
12684,AGK57JQ6WT3ICBQHFHNZ7PV7KZTA
12685,AHRF6WJG44SVM5HEC5S5LTX4PDFQ
12686,AFPGI5ZZW4FNS33ZZHVD7H2UMAAQ
12687,AENBNTBI4CHPZ7R2V2BCKJAFIKTA
12688,AHE3SD7KIMW2PJTMLKEWAHRKYHHA
12689,AGTXWCLTFQ73XYMFI344XA7XEKZA
12690,AGYFIP33C7BYK2HIIYTHDPFK7ZKA
12691,AHKT6EBZBEQEQBNJEP4UZB4V6LLQ
12692,AFTMPF4WHRYSHKD5GHL45IKFIXGQ
12693,AGBMBUIE7PETUQHLCSIHJLB7LEQQ
12694,AHTFQHVNK4IJTYJ53NQ27VJ6JNGQ
12695,AH2LAVXVWDYYSD4XGUXWWWUBZXBA
12696,AHFRAUCXCBTXNUGNV7UNG42YNALQ
12697,AFKAGYPXAYQ6G73K3OPNODJSBW2A
12698,AHGBBG3EFETMCTEMRVP2MVTY6E6A
12699,AHRYPIEYEN3FV7MIYF77DV2AEMUQ
12700,AERXUP2DELNHUPNPNUXN6LZ24LBQ
12701,AGGEDSVWGPK6OD2C3YPG5KQGUSOA
12702,AFQ7ZPIQWLIXSB4GBBY6EHYHR3DQ
12703,AFXWJXUC47QRBBLM5PNWTW5BJJWA
12704,AFZTPB3HYSXAYA2MZWSBWYBR7A2Q
12705,AGLZW3WJI7WDASZ2S5LGLRBQ5LFA
12706,AHNONCKOOF3MKXLSQ2WLG4QISN7A
12707,AFLKFQV22N6Z4RRNLCJLGKCR5VXQ
12708,AF6L6CR5UXBQDX4MNAVFP3SJHOAQ
12709,AGJ4SSL2F263LJHDTEFCHHMOF3VQ
12710,AEC4AHWYWCOPMYJIDTMOA43CK44Q
12711,AELCRHG4USQRHNUHMYBM6IPEU6IA
12712,AEADWRNNKRUEGRLTWXSXC5SWGDMQ
12713,AELFUQZ5PNXMJJOFXU7LLBSJPL7A
12714,AHB7Z2WC3VZD2GEWZSQDR5L3L3VQ
12715,AGHT7C25YDMZK6YQD23GL4FBR57Q
12716,AF6UZ6ULZNLRIZMPO45N5L4F2BSQ
12717,AFIEJXXJH3A2ZNDYFAFOPSRXHBCQ
12718,AGRZDAHMYO2KOMSSD6ZAPHZ7375A
12719,AEHILPGO2ZYTOSVQDIY5YV4LMELA
12720,AHUJODHAVOTANIM7U2GFAVMN3XUQ
12721,AH2D3MU5VP7XOHHCRMXFNOK27O3A
12722,AGBF3CB33STN6EHVTYFKXJE3PG6Q
12723,AHKPCW3OOAZKMKO3RSMKHU6UGIAQ
12724,AGQHFADE45QOW6SN3FAN5PY5AJYQ
12725,AEEO32U7IUUUVP77EN2STRPUFM5Q
12726,AHN4WYGHN6DYIIHFYXBQVTXVQCYQ
12727,AHG5RRSQ2VQO5FXYITASRXE2UI6Q
12728,AHNOSSF2FCNBLETEXOR2BMXZBCPQ
12729,AEDG4EPB6ZIUOQ3B36VE5N5IDVCA
12730,AFNIQ5RU4AP2FJG7PTSYDMMPOGDA
12731,AFLMHLJPKKKKLZDDW64ZLEQROQKQ
12732,AGLNNNTAGHRFLLJQVXRJBWLRSUFQ
12733,AHGEQUQ4YWXPVYKSW6RGGKGKSRWA
12734,AFI6DXGXZODVV6J2JHBHVAITONGQ
12735,AG66BNRI6U2WS2754PELXPTLOHHQ
12736,AGL76CPHCIR2POH23VQOPYGCYYAA
12737,AHLDEJT3KCKUTAFCARFF5DAGH3AA
12738,AG6UJ3DKP6CYUAKJYC56YOMW32TQ
12739,AES2XWVCOKFZ7GOFPQGZKWAUN5GA
12740,AHCRWSRUGKNHEOMACYWKQ3NNMANQ
12741,AEK7OCSHM5W3LTLXTKXCQ2CPBT3Q
12742,AGY6E4AI5EYF3AWCW5O3TVK72KSQ
12743,AFH7GNEUFT73Q56OMI6QNG4DOW6Q
12744,AHGXHNK2NFTM3B63VTR7GMA4WWGA
12745,AFMRRJQH22QNPKVK6WZTBFL7OBGA
12746,AH4LFOSRV26RZGUOLPNPMD4SZY4Q
12747,AHWLISB6HHL5M7JE4AXX4H2OR4PQ
12748,AGDDK6VPVP6YE62PQCTKGEEHRLMA
12749,AFWRDN7CU2XBP4SWCF6JHQUDSJ7A
12750,AHMJ2MAECLJCAJMM3CJWD4MB2CNA
12751,AHRES43TRXBXGGHWQNUDR5YRF7GQ
12752,AGUMMUJQYL577A5EDL7W2ZAGVPAQ
12753,AEJOSKDUK5E4NSALB2ST3UDN5XIA
12754,AFJYQ5H354UD4Q6QLGQPYXOJVSFQ
12755,AHBVNY2WJXNBGJAJIVAWMORHSFZA
12756,AFX7KQV2C6SRAHDWKOB6EMA4NIVQ
12757,AHUPOM4IUTAZRVJIQIILGWUI4QSQ
12758,AGHWXX4GQJEVCCOFUHAKMDD6AONA
12759,AFWOPMNVTAMROPOJUDU5UMX3BUBQ
12760,AFS4ZCMIDSWTPJDC72SOTFGHOTCQ
12761,AH3EJXPYWURWI2QO4BG2XYUNZJKQ
12762,AEOFYMHNZFCV66LPHJUO7H4UVMWQ
12763,AGRJTSXN6AQXS5SWCOZSQIAHJW5Q
12764,AG5UUIMRZ5S43XK4AYHQSAWMLSZQ
12765,AE4OUWX22OIAM6SJS2SPDDBWXNMQ
12766,AELRXGI5ECHZUMHBZV3D3A3CTH2A
12767,AEEFOEOC53UKLY5RIW6MLCPTCLWQ
12768,AHVW2WMMDPHGMULS6VA4BMQNLRNQ
12769,AG2E4HDG3NAZDEKLSCQZYTUGVQ7A
12770,AG7NMYFP4IV6JJVTXSAGUUFZDEGQ
12771,AFPEQWEMHMRFOEKT4N5ZCB2JNZ2Q
12772,AGRVVOHMS5WPMNJVHV5S23QQUKYQ
12773,AF5GVDOE7OIFRZQNHR7YLHQYOV3Q
12774,AEC7KYYJKL43HJ4V7GEBQ57ZRLXA
12775,AGBVZ72DAA2A2YE42ZYBBKBZWTJA
12776,AGGHYK7SG2JFBZ5VKQ33ZKL73NMQ
12777,AH3QWNHBAXRGIJB2S3OXYYZYQJPQ
12778,AEWZGZOTOQDYTTJFGY5P5SKTAEUQ
12779,AE7NR2PME36KAICCS3OWQOMJ6PZQ
12780,AE5DIA3VTX7JN6MN6DQUHC74HGGA
12781,AEHOK5TODQNODWBPFO7ZWWSWZXEQ
12782,AEC6UW2SR7R7BO4RDHGD6G2OJDKA
12783,AFU4NALQEZC44MC76UQOGIZUNPNQ
12784,AEAOQ4YA6UGEQZSPQVRTVBBHVFTA
12785,AGRNBBFBV5CFBLP3T4IJYUZSJZWA
12786,AHSEGUXO7YDFBTFL7WITRRRYYSWA
12787,AEDWZ5EMQ5D3Q3I75LXKJAPGCC2Q
12788,AEVL6QXMVEK6HT3QNZVLUFULH6OA
12789,AEIH7JBZFUJDHSP4GUT4WZ5ZKCYA
12790,AFA43EECIOJRBL6WN65YWVRG47NA
12791,AE77PJBWATUWKFGLQS2TUEFKNVTQ
12792,AEQ5MT6MYQ6THZPZMC6A2VK2WVMQ
12793,AHMZBVTRLO6M4QLZN3OBX4SEZQSA
12794,AHBAGP7GW2IKGFTEIO5CKJOPGAOA
12795,AF7UN47GG72ZBWWUWYT2XKO4O5TQ
12796,AHDF4S6C3OKAJKNPYDTVAXWRZFIA
12797,AED2GOHZLAAZF5RD4GSYSUQUSBOQ
12798,AEPO4O2GVQSVLS5OFAF4FVZJXSJQ
12799,AEE3HOJJXCFA67Y6SY723H2JAJ4A
12800,AG73BND2XWES5QX2YHBQ5IS3KWGA
12801,AE5OHZVJ4IGFE6Z265BS4QMXVGDA
12802,AG7VTGZWAOMOLALD2Y4MOGYMY3TA
12803,AHINJTHBCECJES2KX27QP4UIKF4A
12804,AHR3JZ6XRTJXGXIOHAZXYWWCTF7A
12805,AFOD4JUF5SO4I42BXXJ2Z2VUX66Q
12806,AGAI4TKVMC3JI4PSBTBSNPQO6X5A
12807,AEKF4PJXTI42UMKB323WPWVGA3PQ
12808,AH5SMNTMB5CG2ZOR5ATFULEETIWQ
12809,AGWGVUS2GTU3P2MCIXHEC6WVBDAQ
12810,AETT3B5WVQLLKKFOSY7KCORB2YTQ
12811,AGNY4KV5AGLNNOGEMLLTHUHGATGQ
12812,AH3IGLNLZ4MVRQX3LCEZTERXMR4A
12813,AGKLGH2GV33WZHHR4KU2R2JYRD5A
12814,AHUVU7BODRL2UKAM463SNOMA4VVQ
12815,AGUTYHB4IQM2HSFKTSOLSV3ZVPYQ
12816,AG6K5R6HWMYVF3HJ76HSDCVLCUGQ
12817,AFBB3OJS6RKUH22PVQ24TL4VCFDQ
12818,AHWOGTNUTK6RJGRUH7JISTWDMD4A
12819,AGQKIDBHKQCZB7LI64OFXHCWSK6Q
12820,AEAP3K3SBIDTR36WHIRLMKBLS3TA
12821,AFM4IYZ3C7OEU53EDKQTIGED7ODQ
12822,AGFNR36ELUJOSJ5PUFMALX6TF34Q
12823,AGAZYAVHZHISZAD67AFP54C4XITQ
12824,AGVQPPGDCIKDYXTIKAOJIOBOX4YA
12825,AFVRVTWIUBGJT2M4WRL2V2QXZ4MA
12826,AFNKELTSKEOA6WYFR5KF4ZG53WLQ
12827,AEYRRFOSLYHMD3HSI7T5UO4HROHQ
12828,AFQLMPEOLCGHHX7TMP3BBBIEZ7RA
12829,AFLXFGU75HSK3SQNKMMEU3QMUVQA
12830,AFGMARYYNMTNMXML4YYNLX3U3X7Q
12831,AEZMZJWRMWOOI3M5727VX2Q56Z2A
12832,AG7BV45MHYXHHXYPIQ4GRONHN6XQ
12833,AHSQL74MNTZFN65WRVT76CGG72VQ
12834,AGNJROR7PF5I3YKJIALBAAPMDWKA
12835,AEOG7BV4WERVIDS4H5AYIKBGJ4KQ
12836,AGKTMF7FR6LB7NSNKGJSEEA2TJKA
12837,AFWAFQWBULVJG3UXG7MDRZ5F5ZCQ
12838,AHYGMU66V2XE7OWVYFHLGK7R5DUQ
12839,AFPBDF5G5KXQJECFWI55JFMIX5MA
12840,AHERMOTUY36SAEDDYFCOZOB3Y6QA
12841,AHCOUVKEKWF7LBSYJQTSYTRQ4UJQ
12842,AFHINJDHPETNUIX6FJHNQER45WVQ
12843,AEGDLDYWG44GGM6JEI76KQNUDWJQ
12844,AF7UUN3YFGAHKXUKI2G5LIDHPAWQ
12845,AHI6M6BHXXCNEQLXFHY3YGKYYYUA
12846,AECMTXXQCIA4NPZRICQ7X7E77NRA
12847,AG7NPWKOCRYVWARMPJFDTVZ3WX3A
12848,AFB6T2OWPLLJEPWPGWCJHWKXX3AA
12849,AHZLPWQINNBMMPLAZOUP3ZNJJDGA
12850,AGOE5WZZL7ZWPPHGG6ZSMTQVJA2Q
12851,AEINDFOL2AJMLA6VVTUSBBFAGXKQ
12852,AH3MNUBBLK3Z7EZAKXKFYBEDM3MQ
12853,AH7SGNQYQEP3DNIQ44KWJEELOYFA
12854,AH7OY3SGDNEH54E3KY4W5WYVQFCQ
12855,AHUKLSBD3DGIW6LPFJIMA3YRLUQA
12856,AFY6FC3FQNXHHZXTAN7OV3MXHMFQ
12857,AGRB4C76XNHTKINBBEKWNI6FW77A
12858,AE76JYDPD4AXGOIXDJERUYCB4TYA
12859,AEZXUNVUPFFNICHARL7TEZLCYASA
12860,AEFMHE5JSFKME5UFAU6PGK57NAHQ
12861,AGN62XLC66OKBTJPL7PIHF3WFRTA
12862,AEPI2QTPZQH2R3LGLJYLVSREYZGQ
12863,AF63Q3PH5AJVUDFVE25QSNIAGLEQ
12864,AEOXB6PUA7OWP2F3IP5BT5DGGU3A
12865,AE54DFAUBI2P5GJ7FZKZBJLYPRFQ
12866,AF2LZ2SAOBUM622GQM7DJDHHIDWQ
12867,AGHGSIVSUEMP24FCOKI54JHRMK2A
12868,AFQ7LX6VNK4CHTUMABXVCHNVGVEA
12869,AFMAZLIZTECA3X3CQWLQ57YXHK7Q
12870,AFHAEBYL3U34DKYDVATJ75EFDRWA
12871,AFZ2IXAQKHSW7ZSFGNALRBNW72EA
12872,AFTAKBB4XM26VZ2V3W3U3D324N7Q
12873,AHMILDVPIGOSSFEXJI2SXGZEBGGQ
12874,AHH7VEVHHNFXZJHARKIQTHZT6QHQ
12875,AGZ5LMMBKAV6FLSIGLZLERLDR7FA
12876,AFM4IKJ2OEQIRUL6VBNHCTO2HKOQ
12877,AHVE36J3DIITWA6RPCEMLH4EL2OQ
12878,AESD5KJV6GIXPQUALET4K5XVW4YA
12879,AFVPKU45C4X5QNLERPZNSEWLTB6A
12880,AHBSATTZ7I43BDPTRF3C32LSTHRQ
12881,AG5SKLB4M6FOXVWJWFNEMEDGYYIQ
12882,AHQTNLKRBKPWZ3F2AUXTVGVFR4GA
12883,AGT47ZFO3WFOOEBA2EZ3VYIDTNCA
12884,AHT533CBE4NTEASHGH2ZOLEDOLZQ
12885,AE2YJWSA6NJL3EDQJVK4TISA7SQA
12886,AFYBTLCCFQ43AVILJBSXCESEYPJQ
12887,AHGEEBUT6ZCBCKKQCWSA2SNVSOVQ
12888,AGF3FW76MBATPMYUYZDM4PSJMOPQ
12889,AGF6RTRBW3JUFTXOB5UVSYCBJ6UA
12890,AE3R4MJ5GLJA7QYMYGFEB5GV2NBQ
12891,AF7V6YJJODFVCN54W33B6AETQ7LQ
12892,AFNYMK7UOHISE5EO756F6TRSFOBQ
12893,AGJELGWWEOYKEWCAXME43XEYXDGQ
12894,AFXNJV6CIF5JLN7KVFSOWV27MPEQ
12895,AGPQDVL45YZRSOVZVJOL6SDQXTNA
12896,AHNHUN5X3NVZ43CC5UYFJIFVWN2A
12897,AGB4WFTPVG2XWEFFS7XRNX2FU2PA
12898,AH3AACZTUBV6C24ZZHABYGAVBLEQ
12899,AHXKAWAWZE3YU7MKFFUVC4ISD2TA
12900,AFUSMG3JX7OFT5M3IE7DMA7YODYA
12901,AHKNXT23GXN3OMJJ4MLJ7JF6IRMQ
12902,AGH4H2CFAEHP3REJWQHPXPSROI5Q
12903,AHRYOVH6EIM4SJQAGOYOW2EFP2OA
12904,AGACHBYAKAWWGSM4WLUUXARAH2XQ
12905,AE7BEPAW7RDNFT6OQUJICNSK3J2A
12906,AEXPZAYAYRB4OEQKCUZSFLFBVYKQ
12907,AEO6NLGO5UJEGB5G4OMTSCOIC6IQ
12908,AFZS2EX2KTW5S3OMPSTKN6MAYTEQ
12909,AF4JHQP5VLWRTN7PON43DUNTGSQA
12910,AFECO7ZBFUFQ26F34AZ34B4VD6KQ
12911,AGJZ3O6TPFYLT2H76HXZF3FL4H3Q
12912,AGCWJUDPGHZSLEYH2YZFV7I4S2WA
12913,AGMDBHETXX4EQ2GWWWSS6VJ6KJGQ
12914,AGOFXQLVPVZ4YLV6MKVKOEL3PSXQ
12915,AF2N5DMHWX4GTUWEG6TKHH6J3ERQ
12916,AENPT7KX2JFQDFXUEXZ47WS5ROOA
12917,AGWPIFDJQEUJW2DTNNHF5X5ZARCQ
12918,AF3HWB5B5FDWXCL3LMT3BYIZDNPA
12919,AHFOKQ76MGC4TQXMQ2ZFOSOIDKIQ
12920,AFVOAN2HBBQXEN4A57KCD2G7PP2A
12921,AEAMCMMOZ2QOIYQPTVBVEPZ6KJMQ
12922,AE7JQUXOPR26OHAPGVEFWCXMSFOA
12923,AGLTOZAG2Y42XB5NPPBJTSTG5QYQ
12924,AHHVUODRNSOLZUEC5RKAWUJKLGDA
12925,AFMODMYKI7T6TZDOOH6YFHKEAKQA
12926,AGFKEBKDYHF7LQLBSKV2TIGDE5HQ
12927,AGKU4HWITTDJRMRDWVW7HRNZUBPA
12928,AHG7DZ7ABMOCYYJKYSLGVVQIFHCA
12929,AFDTG32QDDC4TGEG5A2MSFIKIKZQ
12930,AEHJW6ZEFSH267L4YGQOGOBTEJKA
12931,AG4WEDEWGCYR72OVIOESF2JUL6AA
12932,AFOA2MFGS34F72GZTBT7CCJJLOBA
12933,AGKY7Q5XQXTKA5MJS576F4LAR2IA
12934,AEZ26V33R6NXUY4QXHYCRXIPZL2A
12935,AGRVD3S7KHTUNRKA6RT2M43FLLYA
12936,AHMZEM6UTDHVEBWDWRZOZW5Z6KVQ
12937,AGBK4I3QVZIY53FYN7VQGWBIEYVA
12938,AHKAXBBRFXVJZCEKSPOJDET556HQ
12939,AGQFWI6DVHVOXG6BQQBE4QN243VQ
12940,AGXRNRK5WMBOGMBDENQOIJJYVIOQ
12941,AFY37WOD53EKHINFALBXAWOUI43Q
12942,AHBKSQG2MWC6FIIBLKOGVBA6QYSQ
12943,AGXILX6UKNAX5JXS6TLF6M4HQXBA
12944,AFWQSSTSTCHS2JTR5LZKSTEI7LCQ
12945,AF367ICSWVPAM4M6XUAQ2QSMEYVQ
12946,AHQK4BISBGFTHMLUVAZNF3TTRUBQ
12947,AEBDCWGXB2O6OQDWPYHKGPULCKIA
12948,AHJYW4VVM6NWAX7IUWYHL37LMMAQ
12949,AGNSUI5Y62C3A6VUM6IHGBUUSZ3A
12950,AEOPCIBI2EBBUQIB3CQ5FLJ4XJMQ
12951,AEA3DJ3LVVEI5DGHCYP3DZDXSFLA
12952,AHT4OC7I5SCE5JLXP3NYKJSUKD7A
12953,AFX76QHWCNDNTVR2KPHUMFW7FBYA
12954,AE4WQXPWDS6NRJS2N3E6XBG65EHA
12955,AFLI5ABE6W4BPLNXDYLZPPCADL5A
12956,AEBVRVRWEHLLOR7MSBRLQ3H45IHQ
12957,AEZNNR6VJHF4A5W7ATE6XYZAGEOA
12958,AEMIPYJCI35XKYH3457M4SYDVXQA
12959,AHQDU2EGY2RE6CV2LQKUV2UMT5KA
12960,AHRAMZ4Y6KY7K5O27LGLYNC5BBKA
12961,AEBAGXOOC7CRCPCQIJCQLUKAMM7Q
12962,AFKVNRXQG57C2MKUOGJR3NDYPJJA
12963,AFPYSCENU5UOSSQO3BPKDRWGXNRA
12964,AGRW5M4M4N6SI6FEJU7QGPIMJVXQ
12965,AFTWIXETE5LNUP3MJP67PEN6MXUQ
12966,AFRARQEQAQJDGBYKEEPBYWRBXYRQ
12967,AF3D6LZ5P4WDP4FSB2KT3NY74KRA
12968,AGDHGY37RPRMN46WLLALAVMQQO3A
12969,AEZPBFZWCX3DMLYYO5HMJ3DAFRXQ
12970,AEAAPY4SOETBJKGXLGOZ3CYDPTWQ
12971,AHL5CO7RJCJOS43TGGSSBUJNQQ3Q
12972,AEHQXVYIZRR7ZQZMMIFFHPA23DSA
12973,AHKNGIAY4LM5LRQVCKF555DPK6MA
12974,AEPCVGJJI5XGUJU443FVCZFFO2AQ
12975,AGWFJ72TTCTWSSJ4CGOWDRN4SZOA
12976,AFEWD5UWKCMHVFUKMFD2KE4SEI5Q
12977,AEC64EALO5XIR5OGVZ6QZTNCF5BA
12978,AED3XWMGA3SHKVFIG53D3IFQ4FPA
12979,AFV3XY3Z7VA7ROZAJC7M3SU5AAKA
12980,AHIUL5JXBTOQ64TZH77CGUVPCGVA
12981,AFO775H2467H2XG5POP35FJSMJPQ
12982,AFKQV465XDWD5IV3BWAV46VWDOJQ
12983,AHMKQD52XP2V56C7HN64UBZXB5QQ
12984,AETL7ZFFC7W5OYR6IOXZEUR3BHCA
12985,AGNXEQCAYJOBC7XHZGZQXKPOF3MQ
12986,AG6EH6TRO4C2W66E2VNDQGPJCMEA
12987,AEZWD2Z2PV5LTJPTUIL3XIIZXZUA
12988,AH3ZFWCXP7MXAKK3J5YGZDEMOTAQ
12989,AGQUNTLVLDLK23CVRH74BTHKIA4A
12990,AEYHW6ZIUQATG6OPL4L6YGI4GYPQ
12991,AGA4JT6TYU4VI5NVKTWWIIWSUWTQ
12992,AHWUVIJ6FAMMZAGTD7D7TYWMJBXQ
12993,AGHOILAL6WWS2RBL7SO3CCGMCNJA
12994,AFLH4ZXKV4OO5NY4R6XVP2MW6CKQ
12995,AGOXA5Y27KF4ZMVNBN5EMJXMYBZA
12996,AHHZU77TIY7CIIQNVKLMKKVXVGWA
12997,AGQXKPPSJHOEWHCH7LRCDFQAV33A
12998,AGZYBB3C4NWFSATYYYE3OUBLKH4A
12999,AGCKQ43Z7EQYBN6R4VQYBLQETXWA
13000,AF62G5SZXSNXDHLEILXKS4OU7EDQ
13001,AHM6TCCZJ4ASYDZARF6KPJJP6AHQ
13002,AERXCGFXGR73CVMOXFFW2VWKCP3Q
13003,AFLWYATUQKJDIKFCOJPT2F5ERKJA
13004,AHLRMQQXTXDMDM4QIT3M6D6UL4FA
13005,AHAX3LWMQ6W3ROTSEIBRMMYIXJ3Q
13006,AGZETCP6MXWL5AL4SQ7YKCJKZXVA
13007,AEXK73MJJOD3EBUFVJELVSYYIYHQ
13008,AHFW2KAJEWFOD4MTP2UFS67T3EOA
13009,AFGSQSECOBM73MHSZL36YKPTMYKA
13010,AG6PP5X7BUQS7WYAVAHRPAHS32RQ
13011,AFMJDHI4F6M6WVFAHQEQ7HKSMLKA
13012,AGKAIOP2WY3XG277BFRU52J34WSQ
13013,AHB76KUAYOWFPSZJ2DOLXIH7HIWQ
13014,AEQPO3GVBE4DBNB6CBQ2GJM6X7OA
13015,AEKJK6BG3Z3REFFSJ2QAVDOMFK3Q
13016,AECAOVG63FEPRTW4AZ54C3T74LUQ
13017,AEG3DJ73VWUGYVI5CFKNWS3HXIDA
13018,AGPWKGZVBTN26YDQ2XJXUVDEKE7A
13019,AFWJLL7BONBS2WQQG3BNYS7M3NYA
13020,AHVA34WB5IFEVPK3V7XREWRABQZQ
13021,AEJ6VL3HGACX672FC346NKEP6ZYQ
13022,AGSHAHZEA6XCU3NP7TLUM3MPRRKA
13023,AFB5DPSKJMI33EQLN6NO4KHIJPYA
13024,AFFRPADDPH5TF3HV7V64ZLXQ2QIQ
13025,AFXECVX2XNJJ2F2ISGQTJ3KP3HZA
13026,AFGNNG4YUZEUNZH7VNDYKO2P2EDQ
13027,AHTDBC7DJNON6NFXCURC4RJH7Q4A
13028,AFFVBS5VBIR7F3QVWCP75SQ3JAIA
13029,AGFHRZ2UHJH5NELIPWFLNDW4ODMQ
13030,AFVILZITZR6GICQFIOFZDEHMKJFQ
13031,AESAI7RPTMIYFIFQVBSWTHID5GYQ
13032,AHWUN2P5UE7QYANFYNO4HDAHXJEQ
13033,AE5K4VSJRVW4CGHGTT5PWWWCJXOQ
13034,AEUFTZN2RGF2C5LR3NLGLZ2VSQ2Q
13035,AGY2U45W5AYNFJ7T47WFAVYPHXWQ
13036,AEH4UZPCMYFGWGTWDSE2X2AMP2ZQ
13037,AFNYOCQANFQHL72L4M7JKCYJTHRA
13038,AGUXJGJPPHYVIPETOEJYDEHRXP3A
13039,AH2BZF6HJQU4POQ4GGVTV6A4DU2A
13040,AGBYOBZGO3OYPJIWO65D2VX7UCDQ
13041,AGV74A37JZUFED2BHCLZMZVC43KA
13042,AF7F67FD3Q3TH2F3PCEFVXHNAWBA
13043,AH5JHW647VXFFHTBPFYWOECMNXVQ
13044,AFGJZSUKX4SG4CQYKDUG65KSLVNQ
13045,AHHVGQUFBU34LTUDIDVMY4BBQZCA
13046,AGWNIPVTKJTQPL7VIWALG5A4WLLA
13047,AE4LLJQ7M3GF3BWRGVND5DKSZAYA
13048,AEUZPKJOFCIG4CAHRJOM55IZHIXQ
13049,AFCK44NSQAUALPS6BEXRCSFMMJXQ
13050,AHFUTITDJX7OMDF6SIH6IUMP3DVA
13051,AFPXPVNQNCF7F3IC5I7SCGF4N2JQ
13052,AEKNFBOUTLMRQTEGGRLWYKTPJUAQ
13053,AG527SV5SNN6IUSE4O6UY5I65GCQ
13054,AGMH7WWZD5EM5NN7FIJ3LCRPP6NQ
13055,AHJD6DEEFHCZXB2MR4ZLLI2VVNTA
13056,AES6DOORUCW4DE6MKNP45DI6HOBQ
13057,AHH6XZVUASDWQELV45WS3MV6CLYQ
13058,AE75RQQHM4NGMMYAYJDKI43MMYFA
13059,AETQDTE6ORTLVVNN5NAE6MTWHRXA
13060,AGEKRW6L5XG3U2FPE6Y2GIDYQ4RQ
13061,AHEBWRA4DNFNY2YAFTMXGQAKRQ3Q
13062,AF5XBYQQLAT55ZC5XSQVV2R255XA
13063,AECYHCENBG6L73YBS72IKVECX5UA
13064,AE42CD52ITUV5KWCWZJOWVG2NHJA
13065,AGYNJOJUOLZ33OTEO32TCUNZG6NQ
13066,AE6XEIUDPSBG3RJLBM5DPJQH3WJA
13067,AGCXS6JPRZAHCGTQRFVTHDCYMY6A
13068,AEVI4YPQJABFWE43KHQLL7I2KDNQ
13069,AF43ISW2CLM35LY72XNC4TJAL4GA
13070,AGUQLKKTOZMYCPLHBGZ73CKR3EXQ
13071,AEM2AHCBKGI3TJICIDUUYA3A75NA
13072,AGKQSNUSESAMRYHE6L4VPOWTGXPQ
13073,AHQMTJMWYEY7PYQWTBTORU7A6S7Q
13074,AGF2GV3FQNARJPAEAM7M3VCQRNFQ
13075,AF5EI735OC2KH6AJMXQXAQ3HJOTA
13076,AGBXRBUZP33ZKCDI6GSNQZ42IZPQ
13077,AG45VSYOUSX4QWA4YQ5RNFWJM73Q
13078,AGTAPEL5K2WXDBXKWH557P23BDPA
13079,AHMHJNTK3MAOXAELQZREJ3VKN5GQ
13080,AHNJIEYJXEP3O35KNKWKVY4W26UA
13081,AG5GS3H45FVXN4UDMVWHZ4KMWDGQ
13082,AE372ZWKM2PKNIGYALWWYH6J45EA
13083,AHQMXT232RLSTH43GUD62TEQBFOA
13084,AHU42OO5KBFCXDQXGP4BGI6UE6AA
13085,AFX45S7HD6FJWCWLATUWRMAZR2UQ
13086,AGSNFXQE75FJQGIWDR3QFCOWSZYQ
13087,AEALXC4GXBOYJFVLQZK4YDYIA6DQ
13088,AEPHP633ANV7AVFGAPNJI4N7VQRQ
13089,AFJBSP73NKSJUE6PHTQAFPEZKK3Q
13090,AENNGBGNPATANRDSKCSL5HHBGO4A
13091,AHAIB2LGMFYXDJEG4BNNDRIC62PQ
13092,AFKXTNX7WTNBC6YFXUSXZR7NGLWA
13093,AFKH75TTWPPU5Y5RG6KYLVKOFHDA
13094,AGSZ4H5NRT7523RRVV4B56KCT7LQ
13095,AG2UQQUCPWBNXTWU46JU4T4S7FBA
13096,AFZ62XNX2JGJPJMZUI5XV423LPEA
13097,AHP2WBD5CSJ3PMSSFQOVR4BOIOKA
13098,AEMBIVKAJTLSA6PCFSFWF4S4MVUA
13099,AE2RU35344UYGBAIETD4WORGDRNA
13100,AG2U4GTTAMT7XDSGCFM3WC2ZU6CQ
13101,AE7GCXLXYLVJS2XU4J3HO26TLZQA
13102,AGZV3CWBKSCSZAODS4GYLACMPJLQ
13103,AHPMGDKYUQL5B35WJMKURI4C43HQ
13104,AFVQF2OIGLRODBLTABGTNU2GTSTQ
13105,AHD4BXGPQQ6L3VI5RMKSE6JGSUHA
13106,AGU7MMSMSWN5DVXTTTOQ7CGRASHQ
13107,AGYMBQ35HP3M73VPAHCOBKNW5RVQ
13108,AGIMNN7XVP4KTTTIGS5EQBDZB4IQ
13109,AE4LO4RPAPRGZDVB72GI5BMOY4VQ
13110,AHMRKGRX6NT4KTE6XE6AZY4X5SLQ
13111,AGNXWSEU3JK544NIKCPZI5TQ7UNQ
13112,AFHMOSHUOKNOGMVZSWSPQ5PEQ7NA
13113,AFMVGQFQKOMMIZRIM7D3XTAMKJLQ
13114,AF75PKEIHUKA65YFJ4HH2PO64OEQ
13115,AFA6HCCS6CVOKSCNRLKMMURCP7WQ
13116,AEB32EOZXWHHC5JYIV5NS2RSLXDA
13117,AELCUUD4UREVFM73R64DFFN3YGOQ
13118,AFJSFQDDWKGL666QYLHUT74NJFHA
13119,AGB5IF6PA4GJNGKPZBGV6CNIC3LA
13120,AGPF5IV343N7G5RCZHTZ7GLVEF6Q
13121,AHYN3PW2K3QDAGTHFHJNAKXV4CZQ
13122,AFA3OHJXUBUMZX2ZC2QY56NTM2CA
13123,AEHZPXMPWBOEPWOIF5UE4VRXBA4A
13124,AGBJVKMP6RIQ5EF44KC2TFHGAQ3Q
13125,AFBV2I2FHONYEWTSKZ7CDZQ2T4GQ
13126,AF4EZZHN4XWWRLQH4ETKYDQBS5VQ
13127,AGFERMEIDH7CKZMPUC66ZFLFUJRA
13128,AHGIWH3HQBNJ5FKCOY4P6YGUEV4A
13129,AG4JTXLCOMHO2EDRVYYOSWNNXDJA
13130,AHNBQW3V6XCLJAMZEZMRT7HZ7JAA
13131,AHLNYE2YTI4YA6RFO2PC5Z32A4KQ
13132,AFCIJQRSKMCETAJOJQBXZSWWOLLQ
13133,AEB3E6JEMMY4KI7QOOLIYFIK4ZVA
13134,AF7YOICZ4UMZMPEMFZZ5JUYFVPIQ
13135,AG4N4NM55ITG5R6F3BHUDRIUU7TA
13136,AHUJHEJXX4HNFVPDSF5QJWWPM5HA
13137,AE7WEIOHHVAOCNNZCLLPUCDEISRQ
13138,AEUNFUTXZX7Y4D2ZT3GRGDUEAVMQ
13139,AGJE2N2UR3P2UMMTJB3TCRAL2U7Q
13140,AGRBJVRCGVDCBZVDGJCRLVATHOAA
13141,AGNLEMNY4TEYRFRR7EXY63OJEUQQ
13142,AEKHB4T4SRBLALHXYW5ROIYC3PEQ
13143,AGDVKFGQKT2O67G2ZCVJVTHIOW3A
13144,AHDMRWGDHUILU7OF3LGIYP4V37KA
13145,AEWVDJFEMG33P5DSD2Q47FRMWTOQ
13146,AELQAOKLEGOROSP5PUN2NUSVE4SQ
13147,AHKSQQGOYJDC5NOLKTLVJRSE3J6A
13148,AGXSTFGHZXADA7UEVFEDLNZPN2OA
13149,AFCLLCGKGDTUWPIHTHAFMFBGMKWA
13150,AGESW7BU5X6A2V6OHM45GHXKWZSQ
13151,AGCBMCYKCX5U72AZ45AEELY7KD2Q
13152,AHBF5L7XPDOQDH3MTHYU7TZULNPA
13153,AEEKFWCAORRKUMUSMF6WTS6YHU5A
13154,AGNF4LIUWUAGNRLCD3CGL2ERZRMQ
13155,AGZUM5FWMWDJHZV4GCQKN4MA542A
13156,AEEY6VNV7THRDMBVC2VNBDRLQOXQ
13157,AGZGBKLV7QO2IIQEHLQQ2YHRJZTQ
13158,AHIAW76FEHCH4OCO2J5QPRNPVDWQ
13159,AF3AAPQSAKNW53X6YKTFAX4XACMQ
13160,AFA44OHNQB44EBGZMZC2GG54PL3A
13161,AG7E3DYDIDQ4CBH72OU5FEG7IWTQ
13162,AEBBV7GP4UUFRTUASRFKZDIRA2AA
13163,AGS7FWMTZAKNNZ53QCFXMGIJVHMA
13164,AHTF5Q3KW63ELEDSPTQBS37ZJVDQ
13165,AFMVHZHTNCKFFPSOVXLPB62AHCNQ
13166,AF4Y22QNYNNACF2XP66XTZWLC2LQ
13167,AGUWBVGLOOJUTTDYCGXDP5KGJDUQ
13168,AEF4RNZX2E6TRDGB2VYXOSTIYQ4Q
13169,AG7SSOJVGFQDDY7XCIDMGR4FT6LQ
13170,AGZ3MQVEWVIHZSRCCRD3UQS5TJVQ
13171,AEFSPMQO2KIQPVLQD3R4UVBPHD7A
13172,AGC3R6ZLW6N3YZIIXS6YTZZ4Y2NA
13173,AGWL5X4AJSE4ICB2FXYXVJ2HXE5Q
13174,AF23I4O5F5U65DRHPF5YTMBXAQTA
13175,AGGPU75CZ5FX2VV6GED7LWG2HWAQ
13176,AH32FY74LZCZTCG726OHHU7SJ3MA
13177,AG6PPA4RZYDM4I67VXAQCDKMYESQ
13178,AF2TGPPNXHCL7RWEB2M6NMLADLJA
13179,AE7RZ3PAKD7AXKBBEGBCUSYOE5ZA
13180,AHCC2F74FVTYE454RYJ53GOU2YOA
13181,AEAGY5XHFXR6LW524SV7JF4DML7A
13182,AFZYUS4245ILSKJKR47JDNIY2SEA
13183,AGNP6S3QIKCLNQVR6DEA7AJIMJ6A
13184,AE3NCR3QW5O3QD7PDGDURQKG7K5A
13185,AFE7NXM3E4GBD3K4VGCGU5WH2JBQ
13186,AGTWWCOKSQWQTCZIAYLD3FNMFSYA
13187,AGKTAK4WD2ZZTKLNUFGD27422ATQ
13188,AHNXNUMCPMPIDY5J6YN5TDNBSSOQ
13189,AF3PQAEYSCMAROO2QAQ5MNYBXF4A
13190,AHHD2MWJ7JVFA2H6PZJ4YSTEVPWA
13191,AHN3WWL5YNK6SJ3GFCKBC4AECA3A
13192,AE3WT57MFQQMRP7EYB6C25Y33YTA
13193,AH4SWULLDE65GHK2LM44LW5CKD2Q
13194,AFXHQPQDPC74H3LP3IFRJTL2TADQ
13195,AGBNRMRYZCRIWB6DDLYYCLGNCONA
13196,AHYIKFIFXKJNDCHOKOL43ERC4SBA
13197,AGYDKNJXLAH4DYHCK7MC3M5TYDZA
13198,AGLCVIPCP5J6XF3B756ZJ2XLP3LQ
13199,AHOLU47LOR4P3W3RHZJI2HY6XYSQ
13200,AFLGPVJRXBMW6U6PDFAR7PQ6JRQA
13201,AEJE4FKD6KBYZ272SG6IBQK6IHZQ
13202,AGMBQTSQ3FDIRWGH3HJPS5OGLZCA
13203,AGKTPYEOWA7WU5NOTIENC6LTHF5A
13204,AFAQ5N73LHTGQBXNR5BAGHAIXVNQ
13205,AG722P7Q4GJNKTHG6VLGDY2SPTFQ
13206,AHVSS4IWXSCR6PGGQYIHR7W2DMMA
13207,AGRMFUX6APDLSLQ6AXQ65LDQN4ZA
13208,AFSIJZKPUMF2T775JBVFIAZ6SHTQ
13209,AHPPBHNRV2O64AYGY7RQXIC636YA
13210,AE24KZTIC3G2ACQDDSCAPXL2DDBQ
13211,AESPMOHJZYTIFYQ4OGVQ2UQWCN2Q
13212,AEJFQKDITTA4VFULJD62DDGUOIAQ
13213,AGCPWGRXFW6FZ27FGHXQ6ANDH4LQ
13214,AE4MR4FUSL55BJ3OJ2ZNJ6S6L6UA
13215,AEH3PWMZ4RX7P4C3QZNY63RI7CQA
13216,AEYJHWLTL7TQZFFAQ24KNBAEVAGA
13217,AE5YZPPSVGTSEXHSNVVWGBWAQ6BQ
13218,AH7XXT5LC2SHM4Z6BG2XSCKLFY4Q
13219,AHOHOLNUAVRETE26IPXIVZHVFGFA
13220,AEDEQ7P5WPMQIF4Q54SCU5IH6XQQ
13221,AG43GR4DVDZVRYLVOP6H5HDFN4HQ
13222,AFV4D2YBB5DEH4SOKC3ARPGSYUSA
13223,AEDHBY6ZZDPM5LXATC2EDDGHG54A
13224,AHXO4UXSCPCSBSUG63YCS4I2CKFA
13225,AHZSNQA26BFWUVF5OFBOVHQXEHXA
13226,AHT237P66QSNXUJV7GAAE733VJDQ
13227,AGMKTRLGYEPB5CMBATN4HZB2CK7A
13228,AG6CRHKBD5AXFBBPB7RCXNL5D2RA
13229,AEQZ6KDT222LYRPSHF7NNG43ZFHQ
13230,AGCLPSKBX2BL6XDAPALXZSPN5VTA
13231,AFYLTG3NNMGQDNRVSF3IDEZXXZIA
13232,AEJZVNFE3XR56VMUWZD6NLVD3WGQ
13233,AG7RINLS5N3LMGOZ3XDMQOAD5ICQ
13234,AGHXBVTNTR7FLIVVRZNRHFNSZTIQ
13235,AG67CBZD43X57J3URJMLNT7ZVNHA
13236,AEBQ4Q5266B4DP7GYNMCSCT6FDIA
13237,AEOV2435BYORO5QWNB2DV3GOC7HQ
13238,AEI2YELVDIT5KLXOGAPERZSDCHIA
13239,AFND75RXHPVCPYBWZJ4JAK67IB3Q
13240,AFFXQ3IXZGFIYZ3VZ6DSX4JF2CSQ
13241,AGESWDN3VOOEV53LSF376YPKN7KA
13242,AEVON2TUB3QEZJSYSKU36EWLFYDA
13243,AH2GLQ7KDJTELVA476KONMPUQSUQ
13244,AGOZI372LBREPMRQ4JPQ4LUGYRTQ
13245,AHGD3N7X3WPS37RVQQXGTN4XN2OA
13246,AEF6V5CKTC4UXAODPRWC53WRH4DQ
13247,AFXURBSLY5NE5VEAVPRM2LFDLHAQ
13248,AHL3RXM4WBAGQNT4ZHD3FCQQMR2Q
13249,AHOOYM6XNDQPYMHUEPSJJIOQURIQ
13250,AFRLEYHMEZOB3DWJCR7N65NJVDOQ
13251,AFC3MIYWCVQDKDPQDQOJCXEWZLUA
13252,AHWD3EO64DL3CSE52PHONW2HDIIQ
13253,AGJEVMEZPT75XRWBRUTIUCLU54JQ
13254,AFP5NNSLK7TQWZ7FECXN64NRT7ZA
13255,AFWYAPA7B7KZFN4JUCMXOXFYU6GQ
13256,AG66W6YN5STQ35V7Y7RMQWVXKSPQ
13257,AGMPEQXZCVP67YZXBR3I2XUEOOCA
13258,AH265WZ76ENKQTBXM7T2GB5TS2GQ
13259,AGQO3I74FFWF272BFHHBL7GTX7GQ
13260,AE5AFHCET5JUOS3ER7GX45DJDAKA
13261,AGFCWXJVHWHHDMIRQ4CVTOIHSSMQ
13262,AE7XHDYCXQWZXHU5PUZS75B5RUHQ
13263,AHMUVKZOC6U25T7HUQFPHHENX63Q
13264,AEYBCSUYQ4YC6OKFYHBFTVCDJJZA
13265,AEGSNSVHCHVNEAK5SSPVR5TWITNQ
13266,AFFGTIFLLMNHR4WBHOHBR5VUBX2Q
13267,AHEWOIFP6IKRJDLVS6XRLJM2D73Q
13268,AGNFNHKXDGOLJKEFUJIHYZRKY6WA
13269,AFMGANPFHMJXCRX2CTFBVOGC3D7Q
13270,AGLFHCEVA3MKEOND5Y4TUNYMV7MQ
13271,AFMIY4KVS7DIRWHKLIZOH2MBZARA
13272,AH2A6LFU35IFLV4QMA5QYPAHSSNA
13273,AH7FVLC3YPHP7LJQOZNYGEDBEDTQ
13274,AHE5QBR6CZCQJXLS275B2TQ4TVNA
13275,AE5ZO2EVFI3U2MLXXUQM4PIHBR4Q
13276,AHWOO6UXS34WH4GKPN5TA4BK76YA
13277,AEIV4LO6NZDPLALIX3IKGAENTPYQ
13278,AFCGLSPLPSCNGDKE64JYYP64CQXQ
13279,AF4BJFOPAGUCLSR5CK3IYTLGRORA
13280,AFKFWKUOHXGR4SNXX3NPXUJUNYSA
13281,AEI5J3KOYUUUAUORPQ2BMAX3OXHA
13282,AHTF3DRWRTDWSJBQ3DXPL6Q3MBLQ
13283,AFU66K5RLZULFAETVWN6KJVQOUMA
13284,AHPEKUZ3P6Y6F7MZBVFCKBDU5FHA
13285,AFQFKSOUM3ECBE4ILPBYDMBTFWRA
13286,AFQ7SFG2TP2RVSW2BKAPB3ASBJJA
13287,AG6RBUUXH7SIWIXOQPISBP4AJSTQ
13288,AESGJZSQGTUQKAACOWPKL5FOZFUA
13289,AHQGGPEQVBL7SOGCQWDWK5SDYWIQ
13290,AGZBEW5TFELESRZVEGCN6Q2XNSKQ
13291,AFRCGZ4X4WP2J7STOCRAEUEHBFTA
13292,AGCTTFSI3XXPLZM67FCCCBCBN36Q
13293,AEDZXUZZHKFNJSZ6YJXYSFJX5XYQ
13294,AE6YBYL3E7FHLT26J7OKYOMLMNSA
13295,AGZUPSCUISAOIDT4W3W56FDEZHBA
13296,AF7BAPVFDIZNVRUANTHAAJHL6VUQ
13297,AH6ROVSWF36LA2OL5BELVZMSTHHQ
13298,AHR72AFGMW36ZVKNYUJAIOTNEYAA
13299,AGQXNIFUXJHTXWEIS2V2CLIXGD3Q
13300,AHR4HKSP2NCAQM4CNXZ4QRULYVZA
13301,AG6O7ANW5D2CWBLWKU3DRQCD6OFQ
13302,AF37ZH4YA65NBMJGVIUDCDQMTKYA
13303,AGQLINHVOIAAIAZZPFISVSCFYBIA
13304,AF6V4SVSRAJ5FM4P5Z3AOPDDERKA
13305,AFHCLOQCOIWNB7IWFV6ZYZMC7PQA
13306,AGQ4OJ7VC2HHOP5PMBC2LOM7BLLA
13307,AEXTTAKJTMJKAYXXS4IVX2DIM5TQ
13308,AEZXT7EH3KEQD5UHDYO6WCK6KUDA
13309,AED5HJATXW6DN4NSDPTIC5PECQLA
13310,AEAOBSEJBCLUNA44EJW6UJESIUTA
13311,AHCPNJSXGAHB5QX62LA3HNKEXLSQ
13312,AHFNKTO7I4YQYKKPGJ6LKSTJEOHA
13313,AFVL5VXG2MLZVC22S3ZA22NDUYIA
13314,AES74ULN2PBV6ZOREJTSGHGXJQZQ
13315,AGXDHRQAUFP4C6WRRDET2Z5GPEIA
13316,AGU6XHZSIDAOVMJJAAE3VVOING5Q
13317,AE5N4GLGWR77WRENUKHU7BSIQVQA
13318,AHZ72GIMQQ37QO7VGJL5O37YMICA
13319,AEJ62QRLTLQ67OIYKRCIVODLLZ3Q
13320,AF7R6S2NBZBGN6IATWJFKPZOMPGQ
13321,AEEKYEXQ3ZDCD573SEZ5CH267QNQ
13322,AFUT7ZTWA26XPZYLLNZVV3TZ5KDQ
13323,AEFCZZ2QNZDVCYCQE333D5QFPOEA
13324,AEDML7W3MZZPFOOR4WH7LQPJFYAA
13325,AHEYFMVRFWAMHWCDVZEKLJ4JPGFQ
13326,AHN577SS5R4P6IZBXE3ZF2IRGXLQ
13327,AGTTVJ4F3PGEZDRPZYIPLQ2XSYAQ
13328,AFGIYNHHQQBZB5UVLZMU5ULCHFPQ
13329,AHGHPNR4WTHXC6TVAWZWMDLWBQYQ
13330,AGXI6K5XUNPAIK6Y2BFWCVLE66QA
13331,AGWXJJ64NMOKA6ZPRHX2DGKDVSIA
13332,AGTY2CHSNTFN2GJCKMSYCONRKUMQ
13333,AFM5RPM7OVQADNQY6A6MES4EVTSQ
13334,AGYEWTEKKFMP6TF2TPIEM4BCRZJA
13335,AHLUHYRVKPH2SN2GMHN352JA4VRA
13336,AE56GSKLS75YXF4B7B73EEY3IESA
13337,AH3WBQTDGT2ESTJK3ZSWW7TTKDEQ
13338,AFTJ3OVNWJ7SSQDIJ2ZBEORMFM4Q
13339,AE36FYOVEETXO6M6NF55XE4LRV2A
13340,AFKXYPIUOQ34ASRTLWGXFMJPTWOA
13341,AGAHTM3TFRLKRYWV6R2Z6QNSYJ2Q
13342,AG4YYJNKOL5JYX2DRH62KAVWRNRA
13343,AFKOFMSB2O2QBLBNRMPFDVCYJXXA
13344,AGOZAVNJ4AMTKAXMPINYYBNEDTDQ
13345,AFMBM4PIMBWVVWMPMAED7SCD6NJQ
13346,AHLYI4DLNOURH3X2WDBGA2WNDSFA
13347,AEJJVBKDOAV4TMBFE5VMWVCRFP5A
13348,AG4AZWXQT6ZC6FUPO3ZUAX4TQTWA
13349,AHGUXLLFVYTD6ENA4HWFCIHNO4FQ
13350,AGXGZPVSJ5CZZDIACIKANBRIGFJA
13351,AG7LNME7LKBYX6MISJVJS72YJ4QQ
13352,AGVJLGSQCCD3TLPT6KESXBLDXJFQ
13353,AEJSWYBTDI2R757ZUX73PO3NOVZQ
13354,AH6HJXF4IQOBY5H25SVV5GW5F7CA
13355,AHA44HF4RZQAGAJUT7UR6GNL2LQA
13356,AHCWSEX26XHOANPIRZIVHFMFTR6A
13357,AEAJZB52KUCMZRH4GGDZARROZARA
13358,AGTEPLD2KBIGOMARVPH2HXIHRG2A
13359,AFY6HDLLFNKNHUO6L4B5XBKDIVMQ
13360,AEAWPCN5ZWLK7UQ5B4TGNWNWKX5Q
13361,AGVWSHJCF5M3ZVMWATIVBFNYONUA
13362,AETJYP42F425LLAEDMPCHHUX4W5Q
13363,AGQFGWMF5XODHYIFTN6K5YJ7XXFQ
13364,AHHDKIKOJUCGCTDGVE2UWWNA42GQ
13365,AG5JVWSPK7E7YPJCBKXEWL3TT5MA
13366,AH5IZHYJHJRMMVTQKSYS47TDE7EQ
13367,AG7ZTQMKZW7J4B5VU6EPM2F7KJJQ
13368,AHARVXXCESNYOZAYKD7JO4SXQYFQ
13369,AGQXFBBXQ4B6DWQ3DXV2D3T5ZI6Q
13370,AE45U4B4DHJAAYPMRV622LIUQAAQ
13371,AGMCAVBMSVNCKUHF2UAVSAFCZDMQ
13372,AGPFHXXRXS5BQSBOHJU3PPZ6SDWQ
13373,AFQVAQADPIKYPRPPGZKHCGUJS7SA
13374,AEP64F7XN4QGECHQVJTI72GFNM4Q
13375,AGKMVHVDY2R47D2WJOILHUMWE47A
13376,AHKKJNMYXGN76XEN3BZUXHFXWVWA
13377,AG7NSP2T36WO2P2R7MS3WYEP3ZTQ
13378,AHEWHRDM25UCMMSQ6LVQAA654BXA
13379,AEQBKIAVMX2WQ26GFBSO4AOI6J7A
13380,AFTM5A2QLV5RXAMT2XZNRUYOHMHQ
13381,AGP6AG6AAQ6L2E4FY473NUPIIGOA
13382,AF42AWC53OOS2RR7WZJLQRPGUPLA
13383,AHJNL6KYIQHUMDH3IMUKCXKZYWRA
13384,AELX6Z4J6ZOSYNWP6G65IJ5JA2AA
13385,AGTHUAK4QU6FRAU7XQCTWDD6EYWQ
13386,AHY33HZDQDE3YLBAAF5RHCQEIK6Q
13387,AFEUEGHD555Y34K5IKLOZ5RH57JA
13388,AHWIIVIJHR4ZADUK2LEJU6Y7NNUQ
13389,AHLL7O7HM7WE2JD6MI4RQMOXMIJQ
13390,AG6TPS3LRB4XDTOBT7KU7ZMHMPAQ
13391,AEQ63DYVNFXR4Z7RDXJDXC44YXJA
13392,AFT5PDUSSPVAVGHQEGUEMRQGTSIA
13393,AEUTWAT5RFJEORYB4OX4O27UEXAA
13394,AFTCABMT5WTKXHN5FYAJNMQHLBNA
13395,AHGNV6SB2Z5SKGUUBYBEDHO5DFNQ
13396,AEWAODT5Z35JXBUPNIHSMWVG3BMA
13397,AE42MYWEF43XO2EVQFRQPFFLU73A
13398,AH5DLTTF6VUVYEO4CJWD5X27ZUBQ
13399,AHHP63AHKPZZKNXXRAWZAFX5OKOQ
13400,AFKUZWKA4YUIIKB6JPS5CFXLSPJA
13401,AG4EXOULPAMFAWRUCZS3LMIT5R4A
13402,AE3MLEX7QIC73PWJGWRCERWMXGBA
13403,AGNLQOHL4VHXOOM6HPJQ6JDS7LNA
13404,AHPKAZV2TDV2GL7WPMIRQFPSESPA
13405,AGMCIO6F4BTXCMS3LYVQDKICHSMA
13406,AHZRBH7NAQBWTE6GBO6OHAY6K52Q
13407,AE4KWVMWXCMWOCTYUG3FW24QZXBQ
13408,AHL5WSW5U7VC4P7PMK6MV6QUOYXQ
13409,AEWS2HZNKDCJAI5WZXQPGONLASCQ
13410,AHA2PNH6SIGSRALBJWSOLXUTIGOQ
13411,AGRGBDF4PLTNC6PYMJWEAQ7O3MLQ
13412,AGDTE736J5WY376UWUUQJ2F4MOTA
13413,AHKHNXGY74QHXQTCMFUTYH4Z5CTA
13414,AG3WEWXC66TN4IIFPRQIUMSEVA4A
13415,AEVTTLUQHBCYHWE7TBOSNJ2ZNQ7A
13416,AGJNPQLKOFOL4YBYYRAA5TUZ7V7A
13417,AGJQUCVHAWPQCC4GPVQD5RQUC3LA
13418,AFTWN4DVET6ZDLGQPKWSCYTAPKFQ
13419,AHIGUY6PMLE2SHBSRRIUJPMZB6MQ
13420,AHO4Y3SQTTEEATWOYPSIFTMTXA6Q
13421,AGQW4CPNA3CC7GEFR2UOLLWCJLGQ
13422,AFQILGZYZP7NARLCNG42XYNYE26A
13423,AFJUBRHB2PYSA643ZS4SFUCMW7GQ
13424,AENKEJQD3KUNCZWM67VDYVLG2F6A
13425,AFDH5JTNNOB72MTLVOJEP3HMIYEA
13426,AFD6267EIS73FSCUNNBS5JAHBCJA
13427,AGS3UCM6MHCPW4OXBRLMSCVF7MFQ
13428,AFQPTNTMY6DVSYSNZMLF6G2V6XAQ
13429,AH4KZ4H5YS32DC6JWFSGBB2Q5SKA
13430,AGS3F3JECMA537Z2XFS22SDFSTPA
13431,AFQG5NOW6ANM6YS2JX4ARYRYSQ2A
13432,AGUOUSDERSFZXK5KD2EZD4Y5OBBA
13433,AGW6JLE5PG7XTTTITVCCNO6EOX2Q
13434,AFNN6WP2KRBYIKBIACOWDVUUINIA
13435,AFH7W32T5A6GET4DEV7S4XNTMQ5Q
13436,AHOYXBGVJJ7W2NSEYGTNZ6HTETAA
13437,AHMWHJ5VO6SVPJLJICGAFBNXC7SA
13438,AFLQVLUKV2HO3UNWYEZVE7O2POZA
13439,AFEMG4NYXKYIZNCPHQ3WKNML7PXQ
13440,AH6PJQW3JKIT554UCZXLPFWC5OCA
13441,AGDN7GNINMPADVTWQGV4BEJY5ABA
13442,AGQ5Q54XWFV7Z4IANCLXNZ327VPA
13443,AEYNW5SU5PRXBBVZHGNAGZY2CV2A
13444,AEK5STWCRMNXK724SZENSCWJNZOQ
13445,AHPIZEVLWJ3K6U5WDFVV4XGHLTPA
13446,AEG7XCO47AATXUQRKA7RI7ESHTDA
13447,AGSFNWYQL2ESSIRQBOZHBGSWTTPA
13448,AFPEVFVVCNUL4FRMUSNNQFTKGGPA
13449,AHRWF2OPFQBURU6DXUQ7HU3B3BEA
13450,AHH6X7UG5G5D7N224ZBMW7ONE6RA
13451,AHLV5O554ZWOQO24V7P477ROO2IA
13452,AFBFCQREN2JXKBDB6SH5COGYL7JQ
13453,AFFQBVZOLV4JZ46DMUCMT65NWZ6Q
13454,AEGDUNLZCCUAFNULFORR4LMBVVMA
13455,AEV3MHC7SLPOEMOBANS2675PNFTQ
13456,AGZNIIU4TAKWAE6YZYGCRMZNFQOA
13457,AE35WCMZWHBHQL4DLETGHLW56MQA
13458,AGWD4CO7S2YFHYZGDNTKTVDP4NNA
13459,AFO7LYH5EARKQPVITT4TIXZ5T7IQ
13460,AGTOIBEUC23QHTC7OJLFDHHHWVSQ
13461,AH2UL55UJHCQ24YKUGCZOADKSNIA
13462,AFF6C3BOCAD4YR3TOD5QUPX6X3UA
13463,AFVI2J3JO5QNHWCSMSDINA2SGLYQ
13464,AFEGESYT3FG2BMT47N634XUXHZIA
13465,AG5S7UZYWSXNQECOUW73NT7CLW7A
13466,AEPOBAOYUSMNYBLVV7IKDBJTHH2A
13467,AELJYREDPZQFOJY6O6476PEQIIBA
13468,AEPVXNK2QZAXSDZ7HO22S24UV2XQ
13469,AHWFAGBTCBYSGP6DMI34GQMI4EIQ
13470,AEZP2IPZENEQIZRDP7DGQQ6NKQIA
13471,AH2MLOW45T4BDEM3K7OVS52ZBV5A
13472,AGX2WQUL2XRWUT2AKCEUFIHZC7CA
13473,AHQFATOMVCTXSZEARAX326HBCU3Q
13474,AEKDRUUKYPDKCGLVFAEXOC46W5QA
13475,AHDA6NYKMJNOKYEKPFURR74ZPZEA
13476,AHAB6IVZN3TXD3IV4AXZ3HRBJBJQ
13477,AFRVVQFCY2SCWC6YU3ILVQ7BRIOA
13478,AG3N2IIBKI7Y3GYWJB2YIVOYNAJA
13479,AFNUF5QQNXSENOAA3Y6SSSFZAOMQ
13480,AEZSDECWJ5ODYA232JUBUGJFT42A
13481,AHUY73RTVXHFL73MC5HAQVIBYCPQ
13482,AFLMIEWLVKF52WSRBRJA6BOASS2Q
13483,AHPXXM5N2NQIPNOXIBMVUV4JEFWA
13484,AETDUGNYTBXY6PPBLDUNVJRFXXGQ
13485,AEIS3E5ECX4F3CHRLFZAR557DFLA
13486,AHPDQQVTDIA2S4LQ4VES6NWZKWJQ
13487,AFJNNSUVPQCAWVBXNQHZNUGM2QNQ
13488,AHXFD2RJ7W5B3U7CV27MXECWG5QQ
13489,AGTWS6N4KE4DLRKGJD2TXR4IHG7A
13490,AGYH6GWKVRCSKGMWZ7GBW6U7JEJA
13491,AHWB6WVNZJJMRM7WC7HKVPVHC5TQ
13492,AEPFNGU5SE2NWU2HRTZ4TAKW7EEQ
13493,AFMARFAGHIIMWYEWXFUBKZM77NSQ
13494,AHQXGY2FF63XO33FC7OAQ4HJ5VXQ
13495,AHELJZ4YUVE6BF3OP4PJ7MSUNXLA
13496,AGRPLCLOLITP63UIRK47BNNBMYAQ
13497,AHTL5KMPGRYTVKYUBKON5BZFPRIA
13498,AGQ4BNQGGFMXSLN3R2DSIYEHUP4Q
13499,AGGLOXLY7UZ7VOZ2L2WZOOKTAKXA
13500,AF4DI7GM6I5TWMUEN2EOBGICCDRQ
13501,AHOADNXZXP2PHYDKCK5MYQRWRKOQ
13502,AEIO6NN72Z4KEU76LULGIQKU2BZQ
13503,AGW36BTUD3QYJ3XL6YKMAZ67V4GA
13504,AEI5KCTF5OFKRVKPK5R5T2NFEUPA
13505,AHX6W3N7FU5INVUZIGNYMDVRAJAQ
13506,AFUGSMFZA3JNMDPHXQF4MNDBNK5Q
13507,AEDABRKE3I77LH3TRJD4DG76RVYQ
13508,AHLKG7KO7FO6VWHOL23CVFDUF2KQ
13509,AGBJAU564KWX3KPGPIIN3TYGJZKQ
13510,AE2UZI4AYUG72F6KPZH3N2I4UKIQ
13511,AFEH7SIAN7LNUB4KKPXLJGPPRDBA
13512,AEM4HRJY3GTMXO5T6I4JSTGOGX3Q
13513,AH6ULZ7P7OVQWIVIT223AUYPL32A
13514,AEFP6KRY672YG6RWPNDSD7JJQ5JA
13515,AGNMXN6GMYVAOIKRUQBEXZ3JONAA
13516,AHFYMFSLN7KEGTL3AYCM4C7UU2UQ
13517,AHAP3BPT7DMAIWTLCAX35EICDEIQ
13518,AGK3OPD3UJDWASSH7ZVOGZZEVMLA
13519,AEUCBRH7APUOTL5VHBM2RDIA7DJA
13520,AG2MIYULZQJRB3JJL4OMB4IED44Q
13521,AFEPSJ46O6LETNMIVAHSVI6S2Y6Q
13522,AHI6IU6IXSJNTVF6QPMAF4CGVECA
13523,AH672HSVVGHDCAM2QY7PD3J75PLQ
13524,AEOZ5G5EOJXIR7IKDWPZN6SWOT6A
13525,AF52RYY5SO43FM3IDCOQ4XEWZLIA
13526,AFMTMMBXHZPADKRINRS6C5W4KZLQ
13527,AGVNBECUXMN5A4GCKLLJ5VVEPMVA
13528,AGINLPHGL37EGSHQFC44GQPQGFZA
13529,AHBDBMOF2NRZ5NYQI3QVCTLDQ3RQ
13530,AETMOIA2BYCBMALGZBKIBK5CI7PA
13531,AGLHE6GLNVXQ2LQEOYPRPCK6UBKA
13532,AFAYJXX5B2XBXE72454FHOKRO6MA
13533,AHU7R6INNYEA5R2O4VQOBVZONIEQ
13534,AG66YD2XHKE7TEZUFRCZ7A32XC4A
13535,AGW5AZQM2DSNTBV3JRR367OSHQ7Q
13536,AFYDWBYHAHZ63R5VDXIWRLN5LL6A
13537,AF4M3327LZSP7HLRJ2IAC4JS45ZQ
13538,AECD6OQGFCA4GPUGQ3UBWU34ZCJQ
13539,AHLUABRIXYP52DOGURAHOEGEHOZQ
13540,AFC3SOQYL45ESWUSVGNWLBZRWO3Q
13541,AEDJIJJQXGYGKZ63JCJDGUNMP5UA
13542,AEZEU7YHL4WGF75QHGHSIGLQIPGA
13543,AHMAYJ4XLJ4YWHMCRBVU6OOKNEZA
13544,AHHEK66WWGM5HPCMRL2DO3Q5RW2Q
13545,AFQBKAQTVSFLYWRJMHKWUAIJWS5Q
13546,AGBRD7QVGHG5VXJ6YLBLWJO2BBZA
13547,AG4CMBLQWJERFUAXQYGT6B67ONMQ
13548,AG4SZ5422EU2W6YPYCEIK67OTMVA
13549,AE5V2TMPSUGRUJJBPJN63TJQP7TA
13550,AFMZEAQDYH5HP2A5G3WP6K5ZBF7A
13551,AFRDORA2IEGYLTNHDTLQFF5IRAMQ
13552,AHMPNOBLBL7VM3TGNAOAM43ZKIYA
13553,AGSRTLHVJUIJ4EOJGKNRYFRHPMGA
13554,AF7XLJPDJBVGA6ZFLZCB5LBEQMGA
13555,AHGCMN2FGDP3MFEVQXP5Z5X4FJUA
13556,AEJJRMOYKNUCWZVYSUIUOSWMORKA
13557,AGVEXL5GZXQYE2DXNTX2KYZVI7RQ
13558,AEZKLWEIPWF5IXPOY6SCNDZFYAAA
13559,AE7NAV3VNW2G4FR54LYCGWJUVBNA
13560,AGPM5GDULCLSICMCDG5RQX77XMTA
13561,AGUBALWAZXO5X566Z5C2FFV73ZVA
13562,AGT74RUGCRSL3TZ2T2DANO332EBA
13563,AE7PWLKACNTQOPWARPFYZDPFYJDQ
13564,AGLTAP6KZFRMQ2Q3MSWP3ACPM26A
13565,AGYOWJOOPMGEPWNFMRHPKFVIUBAA
13566,AGWQEO7LHWK6SLSDMMQ24GLYZ2IQ
13567,AEYANLKB44FO43XNDZ5CSZSA7MGA
13568,AGTV5BXOGCR77PDT3XZSNB7HF5NQ
13569,AFPXCX7YPVHRAZH6IVRSO7UNGRLQ
13570,AFA3PBYVWWLI3CEJTL4RS2RC7ILA
13571,AFO3RBIJZ6HFWUYU62WJ55BMN26Q
13572,AFELJEFCO66TYWNSPNSJQC3CUUKQ
13573,AGIVXTDCHOM25Q6BOTS6J7A2GU5A
13574,AG2JJN5WXRW26JZMWDNZUNOPME4Q
13575,AH6X4CL57ZZIXRYSDMH3YYYUTUAA
13576,AEEYUALNRJTVTJ5ABVXSRRRWUIHA
13577,AGKXVXRR6VBC3RWLSBH35D4QJ3MQ
13578,AEZ2T6DH4P43W75G5L43PJ6KDKBQ
13579,AEOH3LGHHOE2LFYGCZPOZAQS3MUA
13580,AF7LZRTRIZQUHUQSLQ645EYOCKFA
13581,AHUB54MTLCH52APZNT3FOEE4UDHA
13582,AGJBKJRFWTCUSKBWTBWZIB5YPIWQ
13583,AE4LVDEBQLT2KPJIEKLASCLXAFAA
13584,AGCMFQ7LOGI5VV62SFBDIYSYHYLQ
13585,AFS7JIEZDOP6WXEITOJPSGAVCELQ
13586,AF3HD4I6LLEUNPHZDWKKPAJPZW4Q
13587,AGY3UDJ5ZQIYTIJ7IVSZ6QTXH6SA
13588,AFG3RLHJ3A7X36OTVGKR5BRDUXCA
13589,AGQ7C5XKNP24TK3D34RBPUW6NQ7A
13590,AGBTKQ2X3IYJU6RKPA3BAJWRBAWQ
13591,AEIRLJBJGVTBGQ4UL5BAEEHFPRCQ
13592,AGEO3KWDP5IOJVENW6RDDLLTPNYA
13593,AE5MYLHWR6HVRXNO6K4JMHIJ73MA
13594,AHTYQKQ7CYCUVWBIKAHOSMXUGXQA
13595,AEBTC5NJAEYTJJ6QFDX35NKRRR4A
13596,AE6KVT6I735VFKWTPY2SISHODSTQ
13597,AH25DF55LXD53R2FZWHSIQ2HI7JQ
13598,AF6UOYXJ635BDL5KMAWOU4NCBGAA
13599,AHKNZS7Y5OBW7REL324NVZ23FHYQ
13600,AFQDLSTSRP2DSZJUR7SFNB6XI5YA
13601,AEYTFBJV6OBUBKWFCP7KVQCFGU3A
13602,AETJQJTVYCJLKEQK7B6B5BKEYUYA
13603,AGHU7IQN2UUPKCSFVP5WWIJ7F54Q
13604,AFDDOTIEGRVCPXSEKVCEM4VYH52A
13605,AGQIJWZ6UOFGFXI3BSIQWFRUADIA
13606,AE53LM3X7ATZ2BCWAHPT4PR6RGCA
13607,AEOSGKXQAIOTSMWTXLH4C3UTBWYA
13608,AHEBX57OLZNBX4RX7L76GCZYJ7HA
13609,AGTGVNYXP2IPMKCZENWMTTTVNPYA
13610,AHMLUGRKPEKD3PKG6NVTJEHYG7AA
13611,AHMU4E7ISUG36XZHCITTN7U4TIBA
13612,AHG2IKAFDYEZZE5IA44HQNXD2JOA
13613,AEJFLV2QFHFX5DU6W37GJ5GNO6IQ
13614,AFV3BH2I4JT2ZY6I4JIL6E5AQCFA
13615,AETABOIT2HGLTGI5K6YPZUGIH6OQ
13616,AH5IKUPAUSC7UBZOBQ7RBBCZHEQQ
13617,AHSX6CU4LR2SYRYYJXWMJK4VCZ5Q
13618,AGDC3YY627AMKJM3B3IZNJZIFLHA
13619,AE35RTAMMMWNZOJACIFUPWSZZGYA
13620,AFY5GQJFOLRHSL43GRRDF5PEF7LA
13621,AGJYJTTNHLE4N33RGPPV77K2RBQA
13622,AF7AKHMMOHPTFNV64YBGLE5QKG6Q
13623,AFOA4BAMT7OSZJDTPGRXFVXXMALA
13624,AHH4KQ7DFAL7A4JRM4X6WGYBJIWA
13625,AHLNYDY55SAN26P3ONBWUQUYOUNA
13626,AEATSZM7YPURCSGTC4MVGAJTG2ZQ
13627,AFXGO3UFEBG2WK72QLOTJNEKFUZA
13628,AHVLBKHV6AWV5IKBZTVHNOZDXX5Q
13629,AGACS4E4CY44BNZ4SREXPCXSEVKA
13630,AFHUTSUIDRK6T5AWBWRRXYRDA5TA
13631,AFUTZO2HJBPBIRIDJAQVN43LJPLA
13632,AFNKGFONPLMWV7KDSFL7Q4VN6YRQ
13633,AHYH47EVOZIXKQZA24AMLM2N44YQ
13634,AEH3OXE6XPR2CMC2VSJ7K3LEDLHQ
13635,AF66T4BBZDZYA3KVBJZSG74HO5LA
13636,AH5DRWAP5VZFX34HUIEROUW23XJA
13637,AHFODZYUKIXRDQR33PNRJPRJI3VA
13638,AGPA7UUIWGFV6PDJ2JZ57OW5FLYA
13639,AF7KUB4UWQZWNNNI66MN3WQBHMTQ
13640,AGEP7OLEQ72OEH3SKO5GTI7OAGFA
13641,AEXQNVMWDUWPRG3JH3PF7ACXG27Q
13642,AF2WJGOUE4QY2GIKVAV2JVGL274Q
13643,AERNS5ESVOGJN7FXIDVNYZPC2FGA
13644,AH6X3FJJUJCP4YMJYYM3BC6PRQIQ
13645,AGZILBBOBEUPHDKS6EBZTBGSOETA
13646,AG5BN7XS32ZFCNJT3BR6Y43TM3HA
13647,AENAVBXSM6SXKEBRAZ5TUXL2FDFA
13648,AHEHYOZSBFVJ73XC2T4TDIWBBFDQ
13649,AHIUBENMIA3OFYQ2L3HB3VWWUCTA
13650,AEWTRVNBMWQOSYPIQUHBBYU7MSBA
13651,AH64ITAQJF4TESNPSQA2EVYWRN2Q
13652,AGYOZ7RPKHR3TFD3ELJLJ6UK7IVQ
13653,AGQKK6LHLDKYMI5HMB7BNKPQOP4Q
13654,AHLJ5UHOKU3GYJV3SGPGRWT354MA
13655,AGTBWN5Q2YNN4YOZDMC6KR3WRKFA
13656,AG5FCAH4GS74MTD3VSJHGYFS3RSA
13657,AGD2UKUFOWJSFA2KABGARJPSGHEQ
13658,AE7RLBL5ANFG37VZPALS7ZNW7C4Q
13659,AEWEH47QDI5YYEMQ62WUFICFCGKQ
13660,AEWSRWWBYCIMQFUCA5BAJZXRL5UA
13661,AFLU72GTSW26MT2PYBM2XKYWRAAQ
13662,AER35HQJTAKLAAUIHJYDCXI4SEPA
13663,AGZMDXYOSAECIRZ3IFK4ZAY72HXQ
13664,AEVOMUG5AQIJ7E2R6A25Z7EXROGA
13665,AF3LVBEJTECYBM4JQ4YHHHY5VTGQ
13666,AEWIHT5U3I7NORLRBGHH4GCRXQQA
13667,AEIIPB666LRBL6I3SULW4DICJEUA
13668,AHU2YTAXRNKDDJKA7DWNMRVBSIGA
13669,AHYW35MI3IDU6GMHQ6D2TVF2ZBMA
13670,AHT77BPY3MLQTY2CFGRR7WAR74FQ
13671,AGF2VA3R74Q2QUFACLYBGE2JZECQ
13672,AFPOY7U7XHGFOX64LLKHN3OBVUMQ
13673,AGB3IQHVAAXZ7ZVS4VP6CB2EWJVQ
13674,AEPAP7KD2BBFOEF4R454VNPJ33SQ
13675,AFNJEVHCMARQ3DZVKTUYMMHO33BA
13676,AF4L7PBVG27GWQKSBHDHB6IH6XIQ
13677,AEYXHTHQLNMZ4PQZGOZGIOBDKC2Q
13678,AEXKYYML5QVP72JEIHKVFI5VYGFA
13679,AES3ZKS6I4OV3PAP45WB5SMRPBXQ
13680,AHZNUZEPA6BSI3CC7SYBTL7HBEYQ
13681,AE5EPWL22UFSFISCCW52D7AOR53Q
13682,AG5LYNL4RKO2CPBHGPLPYVDGW4SQ
13683,AFW62SBBOVLEJ3M5DILE2ZLJW36Q
13684,AFPWFTWOMBFZYE7XRE2RZPYLUQ5Q
13685,AGRPZJY6AYSASYITDEKGVEGFLLKQ
13686,AHRBKKCRUQLXGM5HEZ4ZRUWCYOOA
13687,AFIBKCT3ECDMGLRAEIHVNYT27L4Q
13688,AE6UZGK35GZO4FGTCSX4TDNAOXFQ
13689,AGOM3GACDU4M6S3TWZ3TX2KYULGQ
13690,AEX3FCOQOBZTCJ4D4JKXLFKRUBNQ
13691,AGQQXT5OUWWRCJZXTUHVLA5CFEHQ
13692,AFU2OKJLM77RTI72PRQGNQCR2RVQ
13693,AFEJSD7E5XDWQCB7SVXYLXNJQBVQ
13694,AHDTRPHVUSXQXTOL6U6VAA3GB57A
13695,AGEHBL6XQH6LDU5L6CF5OQ75Q4DA
13696,AHI3CZ7F7EJIH6CELVFFF5PUY5DQ
13697,AF46MDWPCLHHSCA2YIDUPONLWDRQ
13698,AHQU3CPV7G4IBPYUINH56V3X6OXQ
13699,AEMFSMZZ6ON73KLXM5675IXXZCZQ
13700,AG2R4VB5IS7M7PMEAWV5WQQOIIEQ
13701,AHDRKHYOWSSQN3T3LF6VZ3SD6ALA
13702,AENOPJY43B6XNZ4XBTNV37HGPILQ
13703,AFZ3I3XNL6CCRPTG262NCXCG42HA
13704,AFL232PNQKT6URJPMKIITHDSQU5Q
13705,AG5NKJK45YFUUDGZ3EJPQJAEHTWQ
13706,AES4XDNGADWRZX2S3P5PSQMAKI2Q
13707,AGIIVK2C4O5BV27MCR4NFYJMN5VA
13708,AEHBTU7KXXDYOF656FYBH4YJLQPQ
13709,AHVVXR7DMS434WN6IJNDH3WSVSGQ
13710,AEA4MULCF34DQHLDVFHE7WRRRQNA
13711,AFCPZQLAI6TCOZDJDYG46V6OUDHQ
13712,AGIU53MGRS6TNEEDZWFOWWZLOKDQ
13713,AHCJBCDJGRDREZ65TQDFPSVXCG2Q
13714,AG7EZTESVYXW4ER4HXHOURDCWOKQ
13715,AE52SIZFSALGLITAEME7BOVSC7BQ
13716,AESQTVAEVN7HUI3W3JITEO6OYPGA
13717,AGCGDSPTQ5UOK4N73DQ4LF4V2XNA
13718,AHF4HP7NIDM7D5GBGKHAJA7NHMWA
13719,AGSRKYTMSAHTZWHE4OB6W2JASPOQ
13720,AE6LFUK5VZFDD4M4WJXGCQQ3TEQA
13721,AE5UXFKAGQVAKS4EBXWPIRF7RKHA
13722,AEJP455RR5QZIOI4IIGZI74PBHXA
13723,AGCQT44GG3YKDPRBB7HF4SLUAQQQ
13724,AHOWBENWCQ4XQANTODUYUCPZ44YQ
13725,AGM5BVVARME7O5IWVLQY7YWRN5XQ
13726,AHXH7MBMENKTZTRDNOPOVRE5FR4A
13727,AH2I2NCMBECSED7Z5VO4RCTDL5RA
13728,AEJ657H6OX5YKRTIHP5UCXND77XQ
13729,AFTX35NUINHYCHZSQ26O32EWO4TA
13730,AENP22TVYSPHLXXUCH5NGHABS23A
13731,AGOQ7J2G2REOBLJVARZZDHJWCCRQ
13732,AFJTE7S6ETMRYC42M47BCDDTBPEQ
13733,AEOQVAJEDCNKISSNYXYND55JAGHA
13734,AEPQKXMA67PXV4Z6K5GMTBPZRQ3Q
13735,AG4PFTWAORPG3V2J5PJZXJZAYQOA
13736,AGKC3KCHUVU3V6REQXLJHHRB5HVA
13737,AGPSMFOYGYTTTSAGFASDHQEVWZ4A
13738,AFZ5DI4FISLHZD4MKNFK74QBTC2Q
13739,AGGHGCRG7ENBYIAJUIXNK55T7ZDQ
13740,AFYDHUF3Y4N55DTSSHADE5UUOGWA
13741,AGGD7GQUPKCTD6OE4IQAMR7WXTIA
13742,AGSVKDP3SJJREGP5U4W6JPRKDPAQ
13743,AHPPKMSN4T4YOS7Q5MC56KSM666A
13744,AGU4DRD2JBIPMJTTS22MQM56HRRQ
13745,AFDSZUCBYB75K26DDAGV7V7QWPQQ
13746,AG3T4IPO5RK5DSQESOG6MTGX4DWQ
13747,AEJM4IQ2P3WIUVCYIJD7H2U6DFCQ
13748,AE5U6U5SQISRNXAKVFWOWEURC7WA
13749,AEKQQTJJWFQYC7FLNTUTB6T426XA
13750,AEVPPQ3NA57646CW7V4ZN2F7TRPA
13751,AHPBRLL5HURTXC5O66VBVCAC6LOA
13752,AE7CBRX3EWVS5XHOEJOT3QYO3T3A
13753,AGMTKEXMGO32NPQRPJ74LZXRTZ2A
13754,AEIMNFJR6VNCNLRJ35PLL6DSJ22Q
13755,AG274XLSI7FHC7ZUOOKTQYE25TVQ
13756,AGOAQPZHGIKN7IACYEMAHK7JZZPA
13757,AF5NZPISRDKJULJPTN3SRXN4NNBQ
13758,AGXPOR7QT4UC2GK7KEOBH36R2NCA
13759,AHGDNKPFMQFBEW2PGE2YOOS2WVQA
13760,AFOEEEZ52GPWYCDTHM26THYDAACA
13761,AEX3HNJXC4G3VFXFCWQV6OPYHAMA
13762,AGAMRVCRZYOKLIWH67JAJXPRA67Q
13763,AEY7P5VZ3CIUTQR6OM4OQGKDPWVA
13764,AEP3YTDXWP5GLIFO2VJXDDRBJXUA
13765,AFS4B6N7EBGISF2CZGMLWDBLXMDQ
13766,AFFMBW7WBDBF24Q6UFLYI72ZBKHA
13767,AHK7XPM55QOERZ5Y7EYDTQYIBRCQ
13768,AGYSR4I37F5NYTNZKVSSOLGHK4MA
13769,AEO2D7NM377GUKNENCX4QPVT5HNQ
13770,AGS7OBLUHIRFUSXVXX2BVN5KYGXA
13771,AE2BXIPXYPEFVZCWBT4HKFEV4VDA
13772,AESQXZYX6EOD77GJYXWUJR5HF6TA
13773,AEG3FNFXZRJRQCSSW62SDKFGPIIA
13774,AG3SNY33V2MWBSABV6HDW2RUC5KA
13775,AERS47C4IWJDC54NV36WKKXCOBIQ
13776,AHQKCMD7CGKEW622WRDXAMTQ5KXQ
13777,AE7GLMDC2ZOYTCHZDUCOAH2IWN7Q
13778,AGQJSZHMASIBW46SUPSG3NWE6HSQ
13779,AH3ZK2RJ3SBAR2LDHZYBDVNLLQRQ
13780,AEMFBFNYEDCFGLUIYALAFBZQQGSQ
13781,AEYO5DJA7DD7GM6KBI3ZFQHUPDSQ
13782,AFFOAPE42B3NSDLAH37ROLLIFV7A
13783,AGLKYXO5P2BJALWDHHRAH7VNGE3Q
13784,AFNROSDYMWWSNRFIRMQUB7RXY3RA
13785,AEZE432YZMBKLT2KX5W26SIZCAFQ
13786,AG5MZDCW7VF55DHY6GVIDEY7U4FA
13787,AH5L3D2WUJ2EHO2TG2XXYSAWD7NA
13788,AF7V5KTKYL64DAI4JSM5OK5PXZBQ
13789,AGIDM36WTPF62MM7TJG5FTRQW4NQ
13790,AEPAFGXZZGVO2644AAWZV2VUKGYQ
13791,AEE3LELTDZFGB3OUJIKGD2ME5FTQ
13792,AE5FYTTREDFU6BS3FJ2NCDAM3SXA
13793,AHDS4FUKYHPRGCZMPHUGG6WGTWAA
13794,AE3RXENEHSB25ZA3NUR6FI4MAM3Q
13795,AEYXOKEN2DLPJFJJP46OHN7MRPGA
13796,AHNFN4XIVGKQ2EIGXTGTFF6B37KA
13797,AF4P2NYISJFOI5LYLEFKTS4CUTMQ
13798,AGYZMA4SWFTZQSPAUHXA6QZOLO5Q
13799,AFDLQ5ADW6OTIAIVEDAQY7XJ7EOA
13800,AGXGDFLXZXU7NSK6S6MBRTIYNSQQ
13801,AHBSFJVYWTKA7EP2HGFCRLETMMLQ
13802,AFTWBEZPM4PZZYGF3AAYSY4ZF4KA
13803,AGOW7ETEYZDK57ZAEI3RV4JLQ4XA
13804,AH6LGVJQDUX32BNRX7FVBEVSVDKQ
13805,AEQBSACGLHM7M23S5B5GYEA633BA
13806,AGUAKZBQU6UW6JBZR7UUR4RRMY5A
13807,AFU3SUNGBC5VZLZZBYINJLDM3VNQ
13808,AGLOLYTNGDENADE77O6QMB3SK5EA
13809,AHKOFDDIT2H5I7TWAO3WO7NP65JA
13810,AGQRXN6U3U7OJ4A63X74DYGY4LYA
13811,AEEDWSTIXLZC5UI7NSMJ2OKA6LIA
13812,AFMBCNSSQ6CMYIGPAYNW27ABYK7A
13813,AFWPIL2ZUOF3U57NSHYNZSJREOGA
13814,AHMEPGHP27RPFN74VCIIIV7URBFA
13815,AFMU3O4NQBN36EUF6747LKHWVEUQ
13816,AESNODPKU3DWTKP3MRIAIIJWKBOQ
13817,AHJE23JOJ7WJJEPM7VT45XTXG27A
13818,AG7VEXGFNDOJXAQVHTSBX4EXUE4Q
13819,AHETJ7B5ZW5ZZFNKD6OEXRF3LQ4A
13820,AFRCOORJKSZOJ7KKGNXAEKI42CEA
13821,AFY2HWB6ZAFDWFS34R5HLZIBRSJA
13822,AGTD3A7IU5ALXA7CAXLS5K5VQ4TQ
13823,AHROF7LC4Z3IQEFXNWDJ64G4KOAA
13824,AG2N2XIDB6CKNQEF75WAOCWPOPVA
13825,AHZQRIEBO6TLWBSHJLWKRIR5BAWA
13826,AF6BWV6SWGMU4UWO5GAOA5VSGXTQ
13827,AFQ7DFZWWOM3FF2FCJY7H722X6JQ
13828,AE3WQGFXMVPSUM7ESV6TCDU6GMEQ
13829,AGGTRCICLMUBW5AALIHKZKLG2LJA
13830,AE73UZUFL544D3FROI53QWXB5B5A
13831,AETB57VCIEY25DI62ILD5WCH6AKA
13832,AFL6XSO2JJS5WZFX7SEQWGUTJEBA
13833,AE5RV55KHISGDNZGD3PFCX7LHJDQ
13834,AGIV4CR3SAHYOYX6EN2KIS4FI62A
13835,AFHLE2O3X5XU5NHSTBVBVDWASAHA
13836,AGXAKX5ISNSUUNENSWUZZWKA6QXQ
13837,AFHGHPSGVA5PWC43XQNFPX544IDQ
13838,AGG53GREX5TUB2CTH4ZPXCHIQAJQ
13839,AF6WLE2RB2BESLO6DJ35DVQMIR3Q
13840,AGMCWFWEC3JPP73K6UEMYB7FNK7A
13841,AHAEHJJNCES2P36PTWIT2O7O675A
13842,AHVVTABH6VJTSMQFFGDTYWMY7F7A
13843,AENLZNWT3AHI2HTWKWXQZWLS2NZA
13844,AHEEV3MW2MVML44KOQ6THNIS4GEQ
13845,AGDLEGNBOTWZD2YXFAFQWZJJW4FQ
13846,AHG5OA5Q5NIY5DRKB336ZPGYHMKQ
13847,AHBMBB6HEYIUGK6J2A5J72XRD4NQ
13848,AF6KR6HKML3T6THXGL2F4DIBRCJA
13849,AGLXJCFTGT43KBGDZ72UT3BS4AOA
13850,AGSJYZGKFJZUYFIF72UEMNNCBGWA
13851,AHHWSOI625CLUEMHF2CYUXXIYAJA
13852,AHHJAKLKPXA4ZAV5G7V4LJZVDPDA
13853,AFZBDPDJP4X3BHJZW2RABVQQBBOA
13854,AF5CIZVZHR5CIAOIGMRA3FOHDICQ
13855,AHTX4D6UWJKP7COJBYJW6DOJHI3A
13856,AE7I6WTR6HJQBJ7IXZPYODPZXVIQ
13857,AHSMRHJHFYSCPDZG6JCGADNBRKYA
13858,AGPK6OU5F4XG6KGDA525NOBQM3GA
13859,AG5MTILNNOP7IQPIH6HNUB355WLQ
13860,AHI75AWYDGUKSBGHDNTB6OBJCGOA
13861,AH3V7ZZOCIPAAIJOW2CMP4FGZB3A
13862,AEQ2JI75AMCMZWHBRLYMXM3VT6DA
13863,AGVFDREGZQIK2QGVANDDB76H3IZA
13864,AEBVQASW2IAGBR4TLKQ2L5J4UNBQ
13865,AFCALPND7M5SKAGPX5D4CPWDZZKQ
13866,AEIXZ354UEDNB45YDAV2WYQPX6OA
13867,AHO7EFYSAKI7JKWDKHCGG4DHOAGA
13868,AH37STYVXCWEXYEQF42WS7YXXZDA
13869,AFBVLTSEBLYO5NXR72UBQZ4G5EBQ
13870,AEI4TOT5QNLIA36MW6FV35J4F6IA
13871,AEAOJSZ6W3FBVNB322HWT4AR73UA
13872,AH2ELP33WPS7YHSX3IULMAXT5RBA
13873,AHD5H4MN6E5JRDLNE3P4HT4YQDIQ
13874,AG72EV46DTFL322QDLYF76EBRXDA
13875,AER5DLNKY64GWM7653FX62UJSF5A
13876,AHMGQHSYAW376T7GAWA3RH3NS7SA
13877,AFG6SD2DUWAFB7EVOFQRH35XZFMQ
13878,AGCRYGPRWKJUQCLGP3UMHUTMYK3Q
13879,AFOYQB4JP5Y56OQNZOWDCDJAOTZA
13880,AF37NBNN2SB7VC5GERWPUQPNQUIA
13881,AGG3BVEQUJ426LVERUBNVCGKBRKA
13882,AENJJ7RF6JEQVTZKUZMUKGYT55NA
13883,AEFEGUPHCELB2NDVLRHRXICCL7XQ
13884,AFNYS4Z3XFEN6I2O26343QURINFQ
13885,AHT3YK4E4DCEC33K5WMSEBD27V3A
13886,AFSRRNR26DJ2WOZMHCTJH36RF2JQ
13887,AGDD2UVC66AI4NA6BLXFVXE45EWQ
13888,AFV2GXHVL7YIORYPOMXYF4SUHDGQ
13889,AFNXPPQM4AKZ7QCZNOOM6O45HP3A
13890,AFHYRQTU4ZX33J3JYFUWEBOZSJIQ
13891,AGQYXHNOIRLPFXDFBR4LDD63LBCA
13892,AEUE3IXHODTYZ4PD3XYE63JDFHYQ
13893,AHN2SEL35PKSTJDCIJPG4OA5VRZA
13894,AHTDHOLE63SCURY7CX53JBJFSIQQ
13895,AELRSLOSWSYAOCJKCMHETQARDW3Q
13896,AES65L243PWC263LLTSHNMYFQXLA
13897,AFO2325BCHNGOVARXQILAZJRTSAQ
13898,AE5FTDCS4OWX43PZPGDQBSZ253TQ
13899,AGFEDVSJCXC36EBIFHKI4MTHTZHA
13900,AGDUNGK6JRP5A2XC4STIRTULGK6Q
13901,AGSN5UOY2ETLIVKUV3GHMVQDAJ6Q
13902,AGC5LKTMMCPLX46UKB4UVJLZNLAA
13903,AGGRPBE3KS4ABDEBN46YNOQHGHCA
13904,AEV5HU46AUJDJUIF2UAHLG7F2RUQ
13905,AGMBRER4RX2IVDHCOY5QH6GBESJQ
13906,AHTWBPIAOB25C2Z6VBG5R2ZXW4IA
13907,AGKYP3KGSEX3F3D2B2LWM6LYFX4Q
13908,AHBL7WCN5J7IETPT3JZINJEBWB7Q
13909,AECZOP226UJEAFZKTWPCUUPJDGOA
13910,AF76TDGHEPYTIKDEENSNUCR4IB6Q
13911,AGJ7HUCGNDIHS5WZ6TYGGEWY6CYA
13912,AHNUFX4KY6EUK7C3VT7H2TOSDUVA
13913,AFG5DMU734LQQAHT24YBAK2KJIPA
13914,AECH3LEL2Z6QVR4GB4AFVRFPPUTQ
13915,AFCVVTEOAYN24CWMKHZEN2ZEK6VA
13916,AFNMLU6AJ3EFY7JNGTBL3CEVK6ZA
13917,AHVS7RX2PGQXBEIGVHYLH4TOYG3Q
13918,AEPOTVDDM3ENCI3KMZ4UOK5P4ZXA
13919,AHAVZTJ4SMVMMUB4WVSKX7G6LK2A
13920,AG7GKVNENHLTTWCTZTZEZUP5T6DQ
13921,AHEAUTY5XQRDUX4TYPZKSS6DAYMQ
13922,AHI42KE7NT7ZL4Y7PQYTIKISX2GA
13923,AFM5FVQ43YZGM3WCXVEBJRNEYQ5Q
13924,AGJWIVF3U2Z2B4WWKYSPB2WKVK4Q
13925,AERPH5PJ3OXIP65HXMVU6LJ5BMNQ
13926,AGREGGX6RW2GSFAHP3RKIAMCP5EA
13927,AGS54UR7ZQREEGXOOXZRJ7CB2JLA
13928,AEQAZGWI424A6RO6BVHWPLCFGDIQ
13929,AG2O3ZYT7E7SNP3GZ25BZH3B4JSA
13930,AE2SNAONSID6CBRILRBGEUHYOVRA
13931,AFKX6KB2LKZ4KF72CEPMDYSMOXPQ
13932,AGRC25IFGKL4HRJS2CGVTWYPSGEQ
13933,AEZDEJR2VVBDHOPGPC45XWG3AGMA
13934,AHQOCGR7YCSS44K5NHONQCM3IJUQ
13935,AFXB4722YASBCQM5ZA4AQH3WNZZA
13936,AEBO4ZCWLDC2HU62PNZIE6IQKB5A
13937,AHGJXX6H72JRRBBWXLOGLNXJHQFA
13938,AGF7JWGCKCS5IPIVD2RNICJY5VLQ
13939,AEA3CMK3QSTA7LXEDDKJ274A2AXA
13940,AGLTITMZNNHXWXEAJ4OPPJYPJYSA
13941,AGDHBPGWUGALYAIJXC3AXRRYP5QQ
13942,AEN3CYRCMO3BL5ORNVKUHARUC34A
13943,AFTIK4OX2UGQWU45JTUGYMVU7PPA
13944,AEYA2XWZAMGBHOV64VHCA2ZYA3LA
13945,AH3QS7NZBZZRXHABCEOAHH3BPTMQ
13946,AFFJG65EEH7LLXORTCSG4LSMD73A
13947,AG57ZMJNNFJ4YWIFI6YC5IQRDRGA
13948,AH2UOHD6SKUXJFOBKTVQQ53HR2AQ
13949,AEQMBHECRKPBEX5GP5PK2LTZSKFQ
13950,AEL3C3X5SDGFT35XTIB2BJAC432A
13951,AE45ODQ5O3VBMYGS3LIEBJ576LNQ
13952,AHXFUYYGBY55HHMIDN2G6YHFY2OQ
13953,AFXIKH2SCSNMVOC6G4XVXTCILZFQ
13954,AHUJLOGSZQWUTFUHZCRN6ZJ35UIA
13955,AH2DR2L7C72ALPTAXOSNYLLYRFFA
13956,AEPOWHSR75B7KBYMKZG4JPE3Y4FQ
13957,AGVPO3A6LVIRQBAZBNOEVAKCTDOA
13958,AGIMYA3QZYWTSK4USOVHGCBQOAWA
13959,AGFV37FQU5NVY7T3KOL4HCS64VWQ
13960,AGKB7YYJI4OOUMBWSJANLOU56OAQ
13961,AHUBOI5BSS3QHHZLGX472O52V6RA
13962,AFR3YQHHSWNTL4IDYZ6GMAZQRFQQ
13963,AG7EYLE6PI6J7RFSSAA7RVGAIATQ
13964,AGDHSIGG56W5UDNXQL37TOVZTEXQ
13965,AG6CBUDJRWIMULBQMQ2L4QL62I4A
13966,AH7AICU7PSHVV34W4LJZ52ZPKXLA
13967,AG37VO7EXVJVFUM3XYEOQMS4Q5DA
13968,AG6ZW6JUWE26U3MU2QG34WKVR52A
13969,AF7J7CDP67FBKSWTRL4WU6W26BUA
13970,AG7ZIHNFVWVLPVPRGPEIWDOUQ5VQ
13971,AFOV7TJC4ZMVBITBID2QTN73FFBQ
13972,AEUC5BPQLJWLVJXASHGXLZUBCB7Q
13973,AH2MLPARCHET6EJ2M3QRDTMHUHJA
13974,AH47I7B5P3CEDGB6RFLZ2EZHDESA
13975,AFPQ4MLE7GXEVHBP4BIQZ4XKGACA
13976,AFPPFSOM27W4SGU6W55VDL5MER6Q
13977,AFE2QBNWIQJ2655CPPWKW7GJXKTQ
13978,AGPRCSAXYD27QQDWUL6EXCPVQGNQ
13979,AFDML4LBQPA53EH7YJ7DLL4LE52A
13980,AFR5TCSFG2HWHIZNPPYL3DBDGH7A
13981,AF5DNBCWIQAYS4TTBDKQ6S2QWPAA
13982,AHKULXHXXCXLT57YCSSDBMBHS6PQ
13983,AGQNNM6B6WZYPIF6XKGN5FPEFL4Q
13984,AEPUFRP7RU4IIZEAJ6JZVLIY3QPQ
13985,AEYDZ4ZPUGJZ7BZ4GGCKEP2ZLYQQ
13986,AGYZ7AVFCBL4MARQF7KUA3EYSX2A
13987,AGK5YKEAXOMOWE2PTQHEN4HSGV2A
13988,AE2ZYY7YSVIYZ7VI5RCZ5JU3BYRQ
13989,AGGW2RK5G2GCIGESRILDIYJWIDCQ
13990,AH6BPAAJTAEILW23QZS6FUVGDJZA
13991,AFVY2NUPK2R34QKB7UQJ2G4G4FIA
13992,AEO6TZKH6QA55V2FQBGVA3NPOLJA
13993,AEIZZI6KQOZIQXTNNGSIXLIQE5IA
13994,AE227IRGBE55SE7SYLCYQ5SRTZNA
13995,AFLJP3BDT662GH4W2YTMWQH54K6Q
13996,AGY72E6AOM5SIKDRJZHLJTHHPDJQ
13997,AFKH6GI22LV5CGITEK53VRE4DIIQ
13998,AEJAO5S7HY5DZQBB2UY2OIGSVWBA
13999,AFMFYWZL44WEI6MSUAHBYAZNF2SA
14000,AG3WOGPM2Z3B25RQJ2LYPTAXY62Q
14001,AG7NL6F4ZI6EZQKLXPXXXPM6ZU2Q
14002,AEX4UIISRQXOHQZCUDMGYCQ2WV2A
14003,AEOTCMFKCAAVVEFA226SBQ6GAREQ
14004,AHNC5SCIFN76HJBP4TQEQRWA6KHQ
14005,AFSK7P3E5SDE73CYEO4OUIK5GT4Q
14006,AFC5NJ5FHXOUTRLZKJ3UWTSUY5HQ
14007,AGM6Y3AJJI3BPIE3BPXNK4IQW6ZQ
14008,AFFQQBITYQTFVJGH6T7UDLQ2KFGQ
14009,AFCYRXCUOJ4VTSL3QCXNBS6B4QPQ
14010,AGQNJVWSDO2J4ZKEFQE2EMDVC6JQ
14011,AF247LGUOEULQPTXJHOCWYJYEVTQ
14012,AE6JNTWANFUDQODP4RWNR2KJKRTA
14013,AGOIRXVXKHRSGPKYQ7J5GRBFRQSA
14014,AHCBPR4J634LNYTRDQSMIX67H6UA
14015,AF7IQ5VUZX6GZWKM6I7R2Q6XVEGA
14016,AHQOYGI25CK4XNQZEBSR5DPR4G7Q
14017,AGC65SYUUCKRURUOZW7VQ5M3JQ3Q
14018,AG5CCO33JM532ZJRGK3RA5EVI3VQ
14019,AEELWSD3IWBNTD7MVMOEFTYSRXHQ
14020,AHFXIXLVY4ZBMIHHMENDN4HX4OEA
14021,AFEFKSVWKKQKZSPDBGYDBOAKINOA
14022,AEMVLXG25NPPVJ2FG7SX5QP5RFQQ
14023,AH7HONK6AEFFMOQUBMOMEMNGT46A
14024,AHOQVI53KHPTSVKCMHKBYFKOSGUQ
14025,AHIBSBAOXGSBUKTQWPCMW4Q55BFA
14026,AFO226MK6ZWFNPF7OKOIH2P5IKBA
14027,AEZDQZIHUODR6JFRFXRVPEN2QRQQ
14028,AFUX6X236HCZNY3TQWDVECAFE4CA
14029,AGSGQL3GIJXSNTJB7ZSUZFZM2XOA
14030,AFG42FMC57ZHC4BKJ2GO3O25NB2A
14031,AHIRY44BJDH5EL3RDYYRVJ67WYWQ
14032,AE4HGGZH6GUH3Z765KOTMO3LRQUQ
14033,AG5HIRFSDL4ATE6EUNQUSNRMXY6A
14034,AGFF2OK3GANP5S3U34CCXEGSILMQ
14035,AGSCLHJTLVSH33RIR7UB3LXABZXQ
14036,AHTC2QVTLIBWWOEPBEO3I5Y6ENGA
14037,AFTB7W3FXUCITFHBG2PDV4HZNGDA
14038,AGMRJQTRBRWH5RJQUZE7YCEYNAYQ
14039,AFSNFUBBB3AIPXAMN37YCIH3O27A
14040,AFUKQJJXVGT6TKJPIQKHPRAHB47Q
14041,AENLE5EVXKRMB253JLLSSFKGLZ3A
14042,AE4UMWRNNATQNJJ4FAMYDPQJN4PQ
14043,AGTLN3EONW62KDCW7ULTSZCIFGDQ
14044,AE45XUOSD4QEXNWFZFVOBZ5QOOPA
14045,AFJGTQ3NTTU5PYQPTKZILWV46TEA
14046,AGHLHIISHMA6ERXJTCVEYHEMTO5A
14047,AETPREGBFYYID4Z3LWA7PCJPS5RQ
14048,AEDOTHI35WJZEE3KZOCEKJ7JTGLQ
14049,AHTBUAOZJODZFKHERFSZKL7PMITA
14050,AEAHQ6DEKGBY6DVNYQCT5PR7HEVA
14051,AFQ7ETMNPMKQX3LC2HJIT3CYOD6Q
14052,AEK4QFJZYOO5NMC7SRPAUNA4SDEA
14053,AF2OW7AIFTXLSFOIEVJBU5W4FLDA
14054,AHRY274AOXSZM6OSI4BFIW3EUMBQ
14055,AE7D2D3PN3L33TOUAGOR2JI3GOAA
14056,AEOEKU6RSX5HSSKKGHWN6BJDWNDQ
14057,AEKHZZA7FEGINV5GBZYX6LLJCHBQ
14058,AHU3RCJ3PKQPQDNXQBZOTZJZNMGQ
14059,AG56LNJ5GVS4LJDYPJVCPQR3HNOQ
14060,AEHJZ6ECHIJUGECHO7EWQMBWEP2Q
14061,AEFRGTBQ5BYR5VJKY2WHFM3S6K6Q
14062,AEJN3TTURFSXNVAOUUWV5Z3Z57WQ
14063,AEOW55RNRI2K2BGIEED4GJJPB6BA
14064,AFCW3HNAF2NWL4WHVFFBA5672WKQ
14065,AFWQMKX4ENVS77EVRI44U5B3MXLQ
14066,AHQD4D5KPGQIOGZYLO7XH7SOK44A
14067,AGSNNHJ2G3SW32BBMDHX3RUOQ4UA
14068,AERWUFDVIRQCJHH7EYAIUZTQX4HA
14069,AFNRJAADALPYVTBXQ6DGMRWXJVKA
14070,AHEA2Y3CQQKPRLD4Q6G7CS7IHWXA
14071,AHGXME3WZVFIKR5FJSMHX53L3ZFA
14072,AF5LYB555HCBEK4DUYBXIC3A2RWA
14073,AGXWTGUBPYTUIK33ZUZGTWTSF5YQ
14074,AGAMG2XXG3JEE3VDOD4VM2SM3L2Q
14075,AFNABFTVFFD7SQOSJNZEFE3PUGQQ
14076,AENAVNYOZ3FAANTKVC77B6RALRRQ
14077,AHUUZUBW5MVT52HQRN436ANWKZMQ
14078,AGUTDWHTIUE4DMGIUHX34776JJKA
14079,AGSM2EVCLL5MASMZNDNFQRZ7ZYWQ
14080,AGPFPYHOZH3N432G64EEE43YG6RA
14081,AFQ5E2YBY6K6GZTJ4XT5O36C23JQ
14082,AEYGKJJW3TJAIAWNYA6EKWOM32TQ
14083,AFVEGT2I736RFLPHVMCOUHILBURQ
14084,AHBU753DMWCSLZNES3ZQBSQ3NRVA
14085,AGXQRLBCJGN3UVYJYVBCJLGG7NXQ
14086,AFUB2DWTKHXDTZGHOGUHSBJ7WFNA
14087,AH5AED4742WFL4TJXJWZLDVA4ZLA
14088,AGVF2IQWIQ2MZWQDAEOCAT7N7SBA
14089,AGQ2BDKWK3TPJQ6LE5CRPKRXL2SQ
14090,AEXGIDI3UVZXR7CFATG6DN7TY24Q
14091,AECNZGY2RRHJMRNPZ5KWJJJ237WQ
14092,AFRIDT6YM45AI2EMQSKAQJ3RWVPA
14093,AFVN2MBDKUOTPG2LC6ZYOB5CZYOA
14094,AEW3532TEXC2TGPWHPRPHALROKNQ
14095,AEUQGNSOYWFAYWEKFH32JDCJYZKQ
14096,AFEKJ2NFIXRPKS3CUH4HEW5VRFRQ
14097,AF5PXLX4ABEAZ2LV2YKLKATSXQGQ
14098,AHDUU5HZJODZF7H3R6FDGS3KD52A
14099,AFYCGBJH3RLPHC25BDGDUIXXDQ3A
14100,AEJCVAGTDN2YOG4AV6EP5ZRA4FBQ
14101,AFGEBUHOBZHFPGZKWLNWG4KOFO6Q
14102,AEEE6VQNCLZJCM2STEWP2P44YSQQ
14103,AGDVUEWVCEP23RLEHZJKNR5QGQQA
14104,AEYJFH2XBUVUWSDR4KI4L3APQ3LA
14105,AEAYFUZ4IUSMYQFXAZHO7KBAAXRA
14106,AFDL7BVUR3UZQYL5PZRLKRI7FS6Q
14107,AFJVXEN4QNW3QDZSHFXLEIZ6UI3A
14108,AEPVJ7QWSVU4JSPANDTQ4SSZ5R2Q
14109,AGRTHV5P3THARPIDPKUIB3C3PKSA
14110,AGBF6B63OURKNEJGM63IVMK7COCA
14111,AF3KFWSXPMBXH2SVL3UCJM4KKMHQ
14112,AGXNW6P7ZA7M6C4GHKJZTE24T33A
14113,AEIO5V5BF3QNO2CHGW5YQ66EJESA
14114,AHOR35H7LTTWOPV6QFK2WDAQMQEQ
14115,AHNIYRNXMAL5J26TAHFPFOV33FYQ
14116,AGEDVDC7RLMO42ZT7NBUCPD7ZMXQ
14117,AEKBLWEQR5AHO5WO6KJ5TFAGPX3A
14118,AHUN24OIU742MW3VWOGAHB7GJ5CQ
14119,AG2YXWOF5ELCQ3CGSR5XEAQIKFSQ
14120,AE5ROAVR4FYPPD3KAETPK3FZ6LDA
14121,AEDFILJIOH453FWYBAO4AXH7LFLA
14122,AEGLZ6KMMGKBCVE6L57DJKLKUFHA
14123,AE4KGJ5JISTBO5RTBPQC27OYUUCA
14124,AGXTOYXCLR23LU7TNUT55UYPWQJQ
14125,AHXWYEETLUR6IAOFGIVL6B2QXZSQ
14126,AG2NCZBNYB4QWDGQD4MQO2XSKO5Q
14127,AG3A7CVM2HRBAJLEOYXJONXMHC7A
14128,AH4COUZCGEPRTHZ3FCMZAIUSEJ5A
14129,AFHJNO77EUNRG3FWH7QR6GXGOKZA
14130,AHKY2HP3GQGRZ3PHYWORBK7KUJLQ
14131,AGAPZUBGWUCGX5AGJVSXNUPNCAQQ
14132,AFJLELXOIO3EHBXBTGXQXVVREKJA
14133,AGEPVU2CXDRVGYWO7QV3LHGRDUFA
14134,AGLRWU26P7LRU3OWOMW5NGN76SNA
14135,AEETBCE5E5SLK7QFSGVPX3Y3O4VQ
14136,AH3R647EEQ6XMK6NVAKD5DP4XFVQ
14137,AFQNAHIPDHJOPASEXFTHWNQUZ7KQ
14138,AHHWR3HXCVSP4RWB2RZZW3AFHVZQ
14139,AHHTA3XFJSCVTM4XV4FPZUGSWBRQ
14140,AFIAKHPKMXFE72SKD46JUDEFYPGQ
14141,AFEBWUJ6TFDNZ3HTYRF2WCUUIKDA
14142,AHNQ6TV6PPH43ETOWAAKQLQPS3VQ
14143,AEESAMR63LLK4TOV64F5N3PYFS5Q
14144,AHUD4WAZLUEOMXRYEHZTKYV6C73A
14145,AESVL3BLLQKSOMQ4OPEXQO5WTZIQ
14146,AFMFJVIX23IULCV6VIUNQKTQ3GBA
14147,AFIQVDGV5JDPDUAFYL5WFUFTGPGA
14148,AE74TPUBT3IUTMKEVIGR2M52M7CA
14149,AEAAFG4BETSRDMCVJOBX5UQ3J3VQ
14150,AFYGBUWHEEZN7JRER6TGJOBKUQLA
14151,AHQG5MXZC53ZJUHPWPP4ODTPBIIA
14152,AFU67W56FDJMV45DKW6DKVWLTDHQ
14153,AHNV6ERE23MDAUCRWVEB24XSVG2A
14154,AGUOMVR5OKGQ65SBKLKLQYWSUCXQ
14155,AEZDJ2OE4PICZDMLFJDWV6SUHHQQ
14156,AGOMUND5UIRHQW6I4B3GEI2XWS5Q
14157,AGYDYWBC62KCJAA42P5PMEDFNXUQ
14158,AEZNTEQ2NR62MB22BEHLLJRKDR7A
14159,AECFOA2WXS5VB2UW67X4PD65ONIQ
14160,AHXZRFARHELGQZUWBJLIQTOSV7TA
14161,AG6AQ5XSN7UJSWFYBVZ4UP3BSYKQ
14162,AGJKWOF6COOW3XORVN62M7XLECEA
14163,AENDX2ZAFLIG2OVTTW5RGAFLPRPQ
14164,AEWGRR6WEDNKQM2RA4WIRTL37ZQA
14165,AHKTKZE2MN5FNHFBLG752NH6GXEA
14166,AG3KOP6JFGYJGJIXOSM2LMLWII4A
14167,AHBR7KQEMGFN2RTWVNAJE4F3AZTQ
14168,AEAL5KHHK5W6KUGJSG4N2ZDHSUFA
14169,AFRR3BWOZGOUO3RRNAK5NG3H7LJA
14170,AHUKSL2UJRVDHYLLSMO5JCNDCGCQ
14171,AHK6K3ARALMG26PHPVFMTWO6LNQA
14172,AG4FZP7GJXUSH2RIRQQPG65KZC3Q
14173,AH2ZVKYFVI22QOEC6XC7FEH6W2OQ
14174,AEOVYPG4NCNKMIBFHNBMHPGYOJPQ
14175,AFULF7Y5UTXGHU3SJ7XTIRT3CTVA
14176,AEOTEZEYTLKB7C4XAI2GVJ7RH4JA
14177,AFNV2X6QSDTGG5OVQV6EDGL2ILVQ
14178,AHLRGQUGXAUEA53LAE6NRZ5NG7LA
14179,AHZQKITPC76TSSEO4BIEKP7INW3Q
14180,AFQLXFWABC25DMSMCUQQGABOYUWQ
14181,AEHV5EXK22WZCOENPXYVKW7IBLLQ
14182,AFHU65J7MBFTTGVYSS2G2NRDUZXA
14183,AGMKNI6TAQVJJDSU5MUVQ5OL7JRA
14184,AGYFWQECTSF56ANDKFZOIUVLJ6AQ
14185,AEM46DFUKVECAC4V6UOFP7TA23IA
14186,AHHLB7AOZQECRVS4HXIFOLPUWIQQ
14187,AH75IUECX3TUBNQLELAYSW4BDVXQ
14188,AHNQ7DP4GKMUTJRE5BG2FIBEIW2Q
14189,AHXD7PF3KXTSZSRDFRMKB6RDAIQA
14190,AGIBP6XPM6RS3KAC7DUNPAUGVUDA
14191,AHFHU2PSMZ5YOGGWDPSKNP4ENF7Q
14192,AFWHK5W2UZLOBVHLZ5CPISUNI3FA
14193,AFLJGEKJ5K5JKJZHN5MY2NVVTJGA
14194,AHUWAL4XIX3F67INL4VSUKILZUFQ
14195,AGF5HW2UGQU4ZCV2KVSQZAQCQE6Q
14196,AFPG2TC72SVK7ADOGYBI5KO6M4QQ
14197,AGMNWICQP6AJL4BNMRSOZOKPL6FA
14198,AFB3WUXCTGJOYP7TPWZNKNTPNZSA
14199,AHQJ4PXCWNUP7XJJS26VTRZQULMQ
14200,AGF3YKAEKQRGLGYKYXUKHLO4SDMA
14201,AFYCF47ZVNCKYFPKRH7ZIETEOEEQ
14202,AE3FHHRPMDIYM5D3A5AGEG55ZSCQ
14203,AGYTDBWPUYYJ4GFQF24PXRU3KQEA
14204,AFNXHUWKUR6FLBBUQDNGMDYUWTJQ
14205,AGFKRW4WQQCBP4U6TG2RF6HQF2DA
14206,AGUDVDSPAFM7UO6WMGK735XCDFXA
14207,AFUXT6M7L4EQKOU7RXKYVF5DSLYA
14208,AE7IAVW2V6MY2UU3GDCVGZSI2OHQ
14209,AGGJ55DG7TAV2EXIXFDJNDEZNFHQ
14210,AH5G3B2ONK273LYXEWV2OSOAQVJQ
14211,AEVF6HGFQMIJUJN6GRM3LCC4SHOA
14212,AGAM4IOBGQFIZYAXJVEL5AABYIMA
14213,AHY6TBOIKPC2K5CWSF4RQ5A7M7PQ
14214,AFX7T6JV3Y5RJ3LHQIQ6KC33DIDA
14215,AHPWNGTSKTSLYOYCFMMZJ4ZGQLWA
14216,AGRVUMS4F4OZTKIXTQZZWGZVVDTQ
14217,AF4VA3NTBPHXKXUWZXINEAXJMTFA
14218,AF2GDIWSYWKRUUCZB2SVFZRORQOA
14219,AEFY42V42O2UIKIJLJBFDY4T44QQ
14220,AFBYGZRV4ULKT2NEKD5H4RSIU4NA
14221,AFIU5HTSJATACG5VTLSJ6PLTCTKA
14222,AEQQWQIVN2722EAOTF6YUG5URNLQ
14223,AEPASBLM4ENCBG355IXFPUEU6Y4Q
14224,AHWTQTA2AE542X22YPHPCLB765UA
14225,AHUXUHTPD6ZKV3MPHOYMLOT3E5ZA
14226,AECCCSN3OL26OV7ORXLQOLB7S2ZQ
14227,AEAPYF2PBRSO7X7PAIXIKYFR6BVA
14228,AGGKWKGS6BJQTZMNZ7LNV2N4TFKA
14229,AEXN7J2IKROOSKQX22UCL2OPA3YQ
14230,AFGAMM2R5PNNPKUHWNF2A73V5S5Q
14231,AF65RS3GXVYPRBRDCDISNEMWK3HA
14232,AHY6K4SEHTQ5ZIGBHWKD4WAMX2HQ
14233,AGGCK67CQVYN5HSKWJL4G6ZQCA4Q
14234,AEHWTAVYXH6LC3IOTKOS5J3DBKZQ
14235,AHEIBKGY5UQXIF7SF7CVJWCCYNQQ
14236,AGHAXBQ7HOGDHQGG4IBD5NKU2UXQ
14237,AGICTWYR745YNIGQX2IKUSAQGAMQ
14238,AE6DMJV6TLU664JOK23Q4AJF7OCA
14239,AHWT2YHL2HCU7VTNRGFI5T3XK7WQ
14240,AH7MCFWRMY6C2ESQTZV2LCS2FBOA
14241,AFEUNLG45EDIPBP3V2SKREOU7GRQ
14242,AHD2XKGXPFDZ3343ZO5QQOUMBIMQ
14243,AEYOBYBXR2I63XPJOU7UXKTMNC2Q
14244,AEBMTWKC5VNM2UO3RQZT5IXBAB5A
14245,AEXOCPUVAXSYXSBGBW76YDYLA5GQ
14246,AFOB4HBLSY3UGORBZTC2RZZEZ2DQ
14247,AHESAQWJGIUI3ATX7FQ65ZAMI5JA
14248,AGHY6HJUKZW52MQNNBAYM7GTOVEA
14249,AFFAAEYJC7FIKXCOZ4BIBPGNCQOA
14250,AG2MBQKAXHSQ5LCOV5EV7MBX77QA
14251,AGZDN7C2SK3QYB3QAVZ5IQJ2UVQA
14252,AGNGJNQ6B7DJD4SJJ2FPRR5M5QHQ
14253,AFRRXG34Q6YBNYOZKJGOR7Z27ITQ
14254,AH2BWZYZ7G535OKN4S4PDY7TBM2Q
14255,AE24FG2KZPWBTOC5UFODEMAOHCDQ
14256,AHMZB4KRORBL6245XYXPY6QWIMPQ
14257,AHOLL3L3JFV3JHUY4SAHNGVQSUJQ
14258,AGWHEPSBP3O7EA75IYPONDZM77OA
14259,AFHKKLOW4CIO2XRD3SEWHCSDYT6Q
14260,AHJFM4LEMEU3LEZOQUXPQ4OCZSNQ
14261,AHCNZKKAI7STGXEO2FSPIQDSBRVQ
14262,AGINCF7IKUL5J44XALJ56WA2B3HQ
14263,AFYADAAOL4XMTUHESGGRW6HDPVRA
14264,AGQ45HJZTSSXTTKX3WMG5WLAYFHA
14265,AGSUZKV7QGS7YDT3BCEHO7KZ6W5A
14266,AELHGN3APOOFJSI2G63HOI63CUCA
14267,AFGPAOWNI7D7E5MUQNANLTSJMQNA
14268,AFQFHYX7LN7I3ZSDVER56BU3DL4A
14269,AFU4SEX6SYFKXJX5IBKG34P5PPUA
14270,AGJBFITQXZCMWDLEKQBOQUW7ZG6Q
14271,AEBHIIBKGTBCF22XCWPH2ONLKPNA
14272,AF6AYVHG5B5P6LU2HJ2Y7UOBRU3Q
14273,AESJKLSN75OQDBAEXTYCBBLX76WA
14274,AHM7MMRH2DBRLRKZPDDXJ35W4T3A
14275,AFTMTAOOHQ5N4ZBK3FG52U3RXJZA
14276,AEC5KVFGYLX26RGALYDDKMX4GX5Q
14277,AEJHL2NM5ZVM24NYD3NJXGY642WA
14278,AHLK62EOKOPBUPBDG3AFMLNMXDAA
14279,AHTSCWWYG73I2ZHE2KIXZZ3BGYQQ
14280,AFRG5OR3YROEKPGUHXOZSHMCGK2A
14281,AFGTNDCQINIUVRXA4MRPKA2A3OIA
14282,AFCYYEC27M6NL3DW2VIMLW7G6DTA
14283,AHYRHPJAU6DJPDS6GV4VH5J7F6CQ
14284,AHPNYTPYQXTXQEHHQUTMK4MPW77Q
14285,AHHS4WTZYCF6SMS4UWQAX4PC3FGA
14286,AF3EZK2M24HTI5CX5DO6BIKU4BQQ
14287,AEBILXCRT4E5K3PDJOUHEATIF6JQ
14288,AHSR2ORPPBGVBTOLDIGM2RJXRQMQ
14289,AHUJVVLFD6AXCBCLZ3PNITVTNV3A
14290,AFBJ2HIJGB4RBNTTACZZQTRJUZCQ
14291,AFNZAPTS7KGRBD4ALF4XTBQX53RQ
14292,AHPORYAQWRBIKMZGCTK3GTRLECDA
14293,AFXC4G4QCGUDKWTHJ3SGJPSZKZUQ
14294,AG4ETVS4LPSSAKY43HHRJX2QL4SQ
14295,AGX7VG52MHMODN4ZPADDUOQAROTA
14296,AHH4MDDDXI3Z3T644XSE7C7KZRDA
14297,AHW6G7ZVJ5OZNMXE6BGHRNRVVESQ
14298,AFUYYPX53DVLYH5L3CD4TAOIZKRA
14299,AF4VVXSWGKLRZ3SWCH4SFZUDEZIA
14300,AGQQD3775ZIJLNG3MFPAPH45YDSA
14301,AF4SZ5QWE6EQOVN7RS4XFQZTSOQA
14302,AF6TLVT4BOIDPF6Y3QP7KRICU4BA
14303,AH7JNE72DF77Z27V6QSTQGB3HDPQ
14304,AGIYM6NFS7OBCUVHINWWHOXUMM6Q
14305,AGP4GGDOJHYI64FOVDJURPO6IBBQ
14306,AHST7XEENDI2L2EEQPCPHX7CEPDQ
14307,AHNZMPPPCB63DIO7DMF4Y6HT4VEA
14308,AEG3JMIXD6VD644WYMC54VCRDQXQ
14309,AFQ3REOHTDBAEJ5CGENBVJHMNWKA
14310,AFX5ILGNC4QFBB7E5HENQKEGEEBQ
14311,AHYVLHOPUD4XTHHYIQTUF43AKMMQ
14312,AFSTB3PCHFRFM26XHNCVLYVQMDEA
14313,AGTOQYXMDMHNRUPFBOCESNV4CMGA
14314,AGM7ODN4A7TXPNLN3C72QS2XXY7A
14315,AGUSBSSO4V3763GE6X2W5XZLKLFA
14316,AEJXJJBFEHBIKDB6SEJBEXUAAL5Q
14317,AEA4LH6WAON5GQVOJJI7YYCEPIXA
14318,AEDNOIFPO6LLWQ4WKU4BWMCQNE7A
14319,AFUYKIEI3NWV7WDX7ER3MX45Y5WQ
14320,AECDRUCZ6KZ3CYOGJHZH3COHJA3Q
14321,AEA7KLEXK2INRSJPPBXG7YGMU5HA
14322,AEKUFYUPNAFN7ZRUHW7EUH7EWILQ
14323,AGJ4JH7JVHKEOFGHYKMCVKTPEXDA
14324,AFPC54SJHNLAT2DOC6BXL73ONDUQ
14325,AFNN2VJHNLGDXO3E55CRM7KQJVNQ
14326,AGZRH6D3RMIO53QI2QRJUHB7X36Q
14327,AGY6XTIVS4RPSD4QBGUINO4S3D5Q
14328,AH3LYB2Q47TYCVQEGU7BKEWOVDDA
14329,AEBL7B355Y6W3CUT76E6BK4GXWUA
14330,AH27T7FXAQBWV4EFLTNKM6HG4AIA
14331,AHO7TK45E2C774OALYEZUOPA7L6Q
14332,AFLFRSAN2S53J4BDRZNCII7FFZAQ
14333,AFE23SO6GL3Z7V4TDR4PJ7MZKMQA
14334,AGHFCRIKE6YFV3K3V75LKKWQ43EA
14335,AECQENCJLXNCK52BFRS65GA2PPDA
14336,AHVGEXFGZWKUXRYWKEWAFVMCBADA
14337,AGRMMFABWN4A5XDRISNC4MDDIS2Q
14338,AFRNSTYJ2QKGJ33NOY5GH3U5HIGA
14339,AHNNUIDU5ZBPORQJNSMY3ZFBVGBQ
14340,AE3MPQWTUZZP6A23GZXYJDZUSTAQ
14341,AFYSKW4L6RIH77A32QAE2KOSGRSQ
14342,AGMAWUJQRP7E6MKMTSTR4O2U6BIQ
14343,AGFQOGI44M7A3YA2CQPKRKN3PWAA
14344,AGOS35DO4D3SBHSBMBD6THHPBFWA
14345,AEPTFDBP6GWPTTZSUOEI45ZVI23A
14346,AFXVATFSNEJTU5VADEPQ52GB7GKQ
14347,AHSXTSEBVSIEQMIRJ4HPYURVUUSQ
14348,AGWHK6RV5JDG66O2YHQTRINRM4XQ
14349,AGSZWBGEKJYLT6ZXV74WIIYBRKFQ
14350,AFJOMEVEWIG7GP5IFVLRJJUYIRHQ
14351,AGYJJRC2ZRL25UZCXYMR4E537CTQ
14352,AGUPMFANGDGIXXO2G4NRAHPYZULQ
14353,AF3LUB7EYGROSM76BSEX2BGQT2XQ
14354,AFPZKEQXXCJU2V4Z2LI7U3G5XDSQ
14355,AFQ46ARIYLR62I6ORIBQPIUZJ4IQ
14356,AEMJ2FOKRZOJX75VBJNITH6O4C5A
14357,AHC64UTJYH7TIE7KJWBWVVFNH5DA
14358,AFSSCM3MACWANBRXHG2TLFYSZLAQ
14359,AE2APMCHB75JX6BYA574PTM7OJ6A
14360,AFXDF3LTQP7T3IUYUWG7QCCXKLXQ
14361,AHYJ7I5B4MUA3HJDZQGLOLO7IN3Q
14362,AFBEYWE7LXPPDUCR2EATJQ5DDRTQ
14363,AFL4SW4A5MVBYFMNOXXU522ILLMA
14364,AECRX7QHZ3CGFFB2UG236FVFG55A
14365,AHG22D6RDRWINDHAGGVQ7PJNQ4BA
14366,AG5GT753U3JEDNBIJW4M2AGBZTOA
14367,AHWFF4ZGSG64GBXHPYGHXQN4CMWQ
14368,AEXIRCLDAO6GFAVTSTYO3XS2KMNQ
14369,AGUWPC5WGW4NHWBFIK2QGWK46SBA
14370,AEI33MD7ZGNPEJ4NBIND67F4NVLA
14371,AHS2UNSSXJLXZGJIFDDXNX5VUAUA
14372,AGX42CICOYXPQPXCRF63CCNSCS3A
14373,AERMVFJM4WUC6SVNMBFSJTZK2UMA
14374,AHKC45KIKQ37ORRBCIXXRVSZULQA
14375,AEO3F65DXU4CETXNJNEUVWJBOLQQ
14376,AFT6JU5IGU3ZALXVOMF5M5GTUM7Q
14377,AERUJ7GAJAWDEQC32ESYW32E2Z6A
14378,AGHDSN3UPLFOIVFPGMKLRQG63ZBQ
14379,AGNVDP7IOCXFSPSTIB63YDXYH23A
14380,AEIXSZEZQXPFOQT3IBZ6AVBDJILA
14381,AFN6P46IVR5NYFEACUIJICEPXSLA
14382,AHLUAFDXFELSJ6PHBEDL74I2QWVQ
14383,AHK7X3R7K65FULPMB5OGOIS7XY6A
14384,AFSQPVQ7ALKKZW6XODFDAYJICSAQ
14385,AHQE55V27QP67RYX72VZ2DJ3B2BQ
14386,AGW2UPKO2OTNJ2DOF74MNVSTN3YQ
14387,AFNXPYNTWUZMNFMKUPO2FFWG5B4Q
14388,AHHVHDICOPR7N5PY7HSXDMH6J7BA
14389,AEWRE6QF2ZPWKSNFZRNVSNBY6DQQ
14390,AGPPZQCLKTU3N3ITWQCJRJ6WLDNQ
14391,AFGNAY3KRVMYSOEWLQCGMPN4WQ2A
14392,AHMP5J2VSJ7NAPV3NCUPM4K4PIXA
14393,AENUK5B4N4H3FTV7VMOB3LGH32MA
14394,AECNNOINGIXYXKZBC4UFOM7OU4EA
14395,AESOY4OW7J2VYOJCBVYGDK7DTIXA
14396,AHY2OX2F244N5LDGTK7SHBJ76YZA
14397,AHJH27QN4MV2OGHBNWTOSDHSX4CA
14398,AGC55I4FMQF56IC72DHUT6KICVAQ
14399,AHT3NSDRRUX5S5DAR26LJ5PMLGDQ
14400,AF67XY6NSDIL7TYN43SFX2WZU3KQ
14401,AEVZS5I3FKXN5CMTSMRRSEJERKBA
14402,AHVA54WUYDQQUAYF27BH7LC3RCYQ
14403,AFFWGX6A3SOCGFR6MZR7NL55I7XA
14404,AFAZZUYF5GXE7QWREZGSQFVXTWIQ
14405,AHSLJHONAVX2OUQ5IHRVKQNZZTMQ
14406,AHKTW25HMJCP3IQ6VHIJ22VSHEWA
14407,AEBMZ5BFJCXP6RRQB3GSJI62WRPA
14408,AEEINNSE73H55JIXO7AAVVQIFTKA
14409,AG63EU5GHHB4VEPA6PFGQVG6M77Q
14410,AHHSWARWQJO6DSQKBVARO2AG4HSA
14411,AGPBS2LOD2GY2K7TP2XIY4K3YH5A
14412,AG4ODP7J7B4OFMSQRGSSOWZBWUCQ
14413,AGCHUFB6IY5MLYNUHOFEWVULCR3Q
14414,AGCXM4NMGZZ5FQJCEDXWYH2ODXDQ
14415,AFVKP4TNZBS2OCS6VUOUZ3FIIGKQ
14416,AEH74KPPZMNE7TEJLJ2W63ATG4QQ
14417,AGOGIF3UWT2D5M4NF4VAN375WFBQ
14418,AEA7CUJARM7FWP3M426475KT5I5Q
14419,AGPG552G724RYA23LN7FXQSWRGEQ
14420,AEAQRLMKQ6JISI234BAHRE2RADZQ
14421,AFJRV5IYYMFSWXLZFMH5JYEBQ7MQ
14422,AGX3KCY2MRZYZQD7BCMK24AKEFBA
14423,AG4EBDBXEGQEOWAHRVZ6Z6U34MRA
14424,AHFDD5KJKOBPTFWEKNN6OPC4CZCQ
14425,AHLNKDB4GG6PT5SEZWT7ASA4Q47A
14426,AFCBFEURU2MYME53PYYML5F5VY3Q
14427,AHZEJV7FBSCHKY4JJOG5TMJXR4BQ
14428,AFYBTNUSTR75ZDJJZ7PCYQEZUXUA
14429,AEUB6ALWIJ2CQ547ZHK5B3PVUBBQ
14430,AEU5Y3ZJJHA4JO7NGNNNHPA3DKWQ
14431,AH5KCRF3VGMHRXUMM5MXODHZDFMA
14432,AGCQS6EZPHF5PU2MSBY3ILGO2AKQ
14433,AHE4HQ7N3DR33XSCCG2ZGPLMF4OA
14434,AG35H6S7HC2WJNZJPKZPB2NU6KIQ
14435,AGFHTRVDQZXUOMZMZ7IQCNG76VFQ
14436,AFMYMK444LJ6HLTP4Z3DZBQFAEWQ
14437,AFNU3JLSFI5D7HPJETOIRLGVIXVQ
14438,AF6PGBYUWVYO73BQM7I2ZVEOJRKQ
14439,AHALGSUUKZ4ILFZOXEJESMHXD76Q
14440,AHKOQEPXAHHVM5GI7KZ7LRMHVMSQ
14441,AEESODSDUS42ZQE5UURF4ELBCY3A
14442,AFYXBCQTIAKEDBD6VS2FNBC2AR6Q
14443,AELVXSF5YZUAGP4XEGMKAWFY55KQ
14444,AGO6ASZOTNGJHT6ODRK624UOSY2A
14445,AHZ5H463QIY5W25D7QYFBOFXAUMA
14446,AHMBTCJNY3RNVD5JKO765NNCH5GA
14447,AHFRDDLSAGIL5EBZ2I6HTYA6CU5A
14448,AGMA7YUHMQNSSHDD4RGGXTFA65SA
14449,AHNOVJ5SHUCN4JVPPAAPVLYPLBMQ
14450,AFUJI6EFMXYZ5RNA45VYKAY4UHHA
14451,AEV6YZQVATGZEEDSSELI4CQPBTBA
14452,AEPN6CCXW6YN6RFITOOFQGCFJFQA
14453,AF5RQNSD7BRVF4YG6DMDMHIDGJOQ
14454,AFIH4M3PKVUBZMSV5IR7Q45VVG7Q
14455,AEVF6WJRJ2CHLK32CBQ2RNWUTAPQ
14456,AFRCPKSRCE7UPFWZ24KXXM6CIZLA
14457,AHEG73YF3VJ4QC2E7MGM4LE6E75Q
14458,AFYV57Z5VK2TUAARU5UZAXNHJW5A
14459,AHLULZNG7W44KP6XGYLKMQGEXQEQ
14460,AHODZIAEL6TXO7RMCAXUTP7WCFIA
14461,AHEY2RJAOKMXM23OY2NP6KFOLTPQ
14462,AG2ZK3EIJPO2HT5MHIUCJFREMKHQ
14463,AGZLRLYNBIAETIKBYBHUCJJAMXTA
14464,AGKVMSGCUDMMEE3AK7KI745V7R2A
14465,AGALX5JYCJM2GSBASOQ63VZL6GBA
14466,AHI6LNFDTZISVN3U2OW7DBIVOQSA
14467,AH4PZ6JVA3OYEBE4OZBOX6YSVAKA
14468,AFU4F3HZ4KSLSU2KANSRI4K32JUQ
14469,AHVHA4DPPS2S2V7HPPSM7DLYKVPQ
14470,AFKABFZDT536556JDXP3XPLABVIA
14471,AG5DHG72CE64VCSUZTSV7GTQDZZA
14472,AEL2KWE3E2XEXJBZYQMBKMOFPXDQ
14473,AG63Q3BWKPCWWNVRVLCKSK2LTZDA
14474,AFI35GVJBQA53AIAKYDAR4K2Y4YQ
14475,AEJHXDRCGETRL5JFDZR4AD6YFF4A
14476,AFZQN2YBBLDKQMLWK64Q4LW4TVPQ
14477,AFVIN2I24QDAKC3CENG4U3KAVOXQ
14478,AGONU63HCWBCDL4J6D76R7KP3A6Q
14479,AGVSXM7EUU3WICERH4GR7IDGPDDQ
14480,AH7TGLLUGGLMPVYISMOI2D6ZL4IQ
14481,AGTPFCOWBV2V4MLHOW27HXMPQKDA
14482,AGAPB4HKMKIZ625OOKNFAEUOV4BA
14483,AGUTOCVYD2SQBXX7TA6EN43LYS7Q
14484,AHGH7DKOMHBI3GB3Y4MIPYFQ7RRQ
14485,AEYIMEKJAQYVDSLEYKIU5P6OWAEQ
14486,AH2AEBW2QFPAIH6U33ASPF5OHLBQ
14487,AH65ME5HNB4DUXXFONIAX3G2RGMA
14488,AEW3IHVMW6JPZP3YFPL343MZEYUQ
14489,AE4GN3T7JZAPWVHAXI4VBC3WTSBQ
14490,AE67GTMWUC3N7UZW3PLOVVAF3GJQ
14491,AGKLT45ITLHZFCNBKS7QCF43ZO3Q
14492,AHR6L4RXQOKS5EUS4SXH7QWRFHOA
14493,AHE7T2NTDDIPBVGCY2324L5RVPDQ
14494,AFZXKMPE5WMWWKSXAFMFRVSNZVLQ
14495,AHWK6K4UQFIDJIWBRDSEHAZZBT5A
14496,AEXS633GKTS6LSNXQD3PBCT37VOQ
14497,AH44MQYLXBAINJE7RCR4BSE3PVUQ
14498,AHUC3MBFBMVN2JOVQWYWA6BL6LSA
14499,AFCCILEDDOIHOH2UGWE2VPDLI3RA
14500,AF2NFYAGRWE5JBUFCXHSUNPWW3HA
14501,AHA3GVSPZM73WRJZZHL6RAX3OCAQ
14502,AHBQMEVD5TFSFS6JRS7VEVZMENDA
14503,AGDXBIK3UUFBUFTQCUGXWCMGL6JQ
14504,AH7NVTS7QTDE2GOUB4L5PQUOJ3CQ
14505,AEH3NHHYREH3JH367E75KHMIE3FQ
14506,AGCQJEDM3C5ZYG7Q54MDWQNT26AQ
14507,AF44MZDU5KYQL7J7OPSOBXBWTUEQ
14508,AGH6LTC4UUSOHL2IZ66COSO5PCEA
14509,AFOL7NHGM5IGKVQIPTQJUDWIH6RA
14510,AG57ENC3TY4DKCCCG7XKEOBRKXZQ
14511,AHUHFE5DJYVLQG2FPJ2XMLJK73JQ
14512,AG7KAD3SNUEIJ5MBRHDDHONMAENA
14513,AGXS66XHFWBCWCYXFB37A5CKX2HQ
14514,AEQTCREOCSOWFE34Z2V4WGRV2QIQ
14515,AER3RUTBDKN26V5TI366THSDEYBQ
14516,AGBXYZIIKGK4KYFDVM6I6OKEDUPA
14517,AHT466EHFNIQCBOU7YAHJTSWBNVA
14518,AGU7FC2GHGCOSOAYWM2USUTBPLBA
14519,AFUVIWTDAMN56RTLUOFNXVDSNA3Q
14520,AHAR5CT5WYWH33KDG7BAYI2ZBCFA
14521,AFVYTL3TC33GZEPZBT4FD5XWXOHA
14522,AHE425U4MP2V4VG2OSPUSATTPFJQ
14523,AETV367G5HDSTLVBYGWOTW3F23AQ
14524,AES6UTB26NMQGFX5WXBVWJYW3RBA
14525,AH4ILSTXMLQPJOWNMNHDLMLPNH3A
14526,AF2G6IKUMDRHVHKY6BXQA3E5WCUA
14527,AHYM5MMB2AGLXVLUV7AAOXUQAGIA
14528,AHSXFHAC2VZJNG2DR727PG6H5LWQ
14529,AF3ERSE4FHRXP6PV7MYXBZAMEPOQ
14530,AFJ5ETZ4UTXHGR3RT335GCEMPJEQ
14531,AHTMGCKCZT45HJE6GLQSXGOJRUEQ
14532,AHKTKQO7KIYNNLT4L7K25DL3ZLIA
14533,AG6ZRSC4BGABNM3QQJFAOGLYSYPQ
14534,AF54TEHN3TG4WLOKOBGFJDFB6EEQ
14535,AHT2JKVLSTV5FMSASNC7GIETB7OQ
14536,AHCRZ6FY5KAJZFWWNVCQOV6PJFHA
14537,AGIQITVHXEWZ3VLBJU76766GGOEQ
14538,AHLPY7RBTRTG4V4RDQLEUIW4HOFA
14539,AGJMSDHFFHW5U55ORMAL7OOI5HOQ
14540,AGU7CRKZSZQF5RJMF5VNHJZ44FMA
14541,AHWGZT3EE5WFHZWVKPVYXW3AWQFA
14542,AGFJKFTYBWP3LSJ7OENFHDRHYGNA
14543,AFVD3FEPCRGLFIIOH4II2UYOGADQ
14544,AFJ2OUNXHPWE56CGB5GH3BLRZH3A
14545,AEXZDNHZEWH3X4ONPCKMOME6WVCA
14546,AENGWZ4ENVS2OOHGYW5JBMKRNCOA
14547,AG2QQIDIHJDOEA23QSTNOCJQSVXA
14548,AHKGOSY6Q74AMQ3TEMHTWTWQV7CA
14549,AEIZZV5ON3YZMMSE4MSNI5WNSWGA
14550,AGJP7VY7ODS63ADUBBYBUC36HLEQ
14551,AEYXXTGGBLBYAQL67FDLW2CWSAIQ
14552,AFFU6OPTB2QO3E7ZWGEP2XPMIKYQ
14553,AHKOCK2GXVIO5DXJRG4WTWQN2D4Q
14554,AELZ7AJQJ3ORVTRDFZF2H3Z7E3UA
14555,AFIWMFRDKOQQBKYNMRMOLAGJCS2A
14556,AEFW5DEVLCTL733ISMMHW56TE73A
14557,AH4I2LWI5KOCRVBL2A7YILMEQMPQ
14558,AGXK6BWKCEHQFV2GH4IFLJKZ4RZQ
14559,AGXH3IBGUI7DBTCXFVY37N62ZJNA
14560,AEKHUTQUIMHNWFPHX6RDCGD4D7FA
14561,AHCC3ISYOZQETOUO6M6VLLF4256A
14562,AFKVOKSAK2QJC6E4YN7JSCTSXARA
14563,AGWNVAFQNL6OW77TAUHTJ2KFPGSA
14564,AERKOYLCBG5IJ6WO5U66W7M57DOA
14565,AE3G5RMU4YB4JXNJ2HMGPA4TVFZQ
14566,AFSUDHTTAS3S3XCCJUFJDACEPNTA
14567,AF2AL5XAKBY4GHNZC5DBTQJTZLEA
14568,AGKR47EBEVIAE6COO3CBZWTTDFGQ
14569,AFI7SB7UTLNG3GFS7HXKKUS4WUKA
14570,AE7QUBJHKDALZG4CTY6HDQZH3MVQ
14571,AHHEWVJM6VOHDHZRPUGYL6NAD7RA
14572,AHHWHAHUVCJWDEWBIBFRS5Y6YTLA
14573,AEFJGEDRIV3SLDL46UDXOH7SGLOQ
14574,AH44VUYLOQGHB2IYX72GVF5JHTUQ
14575,AGLY3PTNSY7WFKUFPCFITDXTQSOQ
14576,AFEOXGCMLT7LHVMJP42NZKIWEVAQ
14577,AFLI45BKXEJAJ4RL2IK7OCD3N65Q
14578,AHVY2QH7NENCGPP2H5TKRWVFLPIA
14579,AEJWZCF47VSHT7TQVDEYCCZ4X2EA
14580,AEXFE6NYLYSO3RKHPGPEU4EC5QJA
14581,AH5MIJVGRWPH2CE6YD2PQIEVFCEA
14582,AF5VEDHA2ATZNY4KBQPRKP2AYQYA
14583,AGJEVKIZP22E3D35GWVPEYCBQFJA
14584,AHBZG3IJIGI66AYLUPCEZI3TRYIA
14585,AHHCH3BKLBZSQDPRVQGEJIY5OTRA
14586,AGH6FCJUZPDZ6DR2IJ2WHA6HGGSA
14587,AEMAGCFHZNHHTQL6SHRJLZBXZYUQ
14588,AG6VQEXZ6AON3BYIFUZ6M3SMBPDQ
14589,AG5XVI2LCSM4SI6LLPH5DQ74UPCQ
14590,AF5UVXGPQ2RLQC3CY32MTSTTKWDA
14591,AFF3ED5DS5TXOLO6TDJZO356QNYA
14592,AHWNINUMQVOUFDQNP46IH4K44YQA
14593,AFPGMUY5MKLDLRCPN5E3WRIYPNMQ
14594,AHWF7NRM23CHJD6PBQNQSI6T6FLQ
14595,AGKM6U2J7RFGB2YXPUEX7NGFX3HQ
14596,AE6LDEHOZL7WORNMPR7PA2GVKKXQ
14597,AFKLO4WOJQ2WZHGK32DS6Z7NG5XQ
14598,AEPCOWYSTQHSD2SBF3KVX4MWEZHA
14599,AHYEHIVWEUUEK2Q36DDM62ZRFLHA
14600,AF7J5VOAAJNMXVJCLWMTIRJODMKQ
14601,AHFSBI5PUHBYPYCSN24RIPJAYGKA
14602,AHJXXJZ2MFAEEDQPAVL43NFH4RRA
14603,AG3NLD5UW6DZREOOIBLKIEEX7FAA
14604,AECUJOUQD3A6AL3JMHK3DUFWERYA
14605,AGDNIOKLXN2RSLWZ5GVHLYQUW6TA
14606,AEGK6ZCITBLN6MPVO4EJK3FUJEPA
14607,AFEEDLPFQQXSCJ7FXQ252YAZCDMQ
14608,AE2YFGB526JQ55QCORRCKIW2RXEQ
14609,AEHQPBFVL5AC6OXZSNSTGTH23PGQ
14610,AFTB2CYFWBOU6WZGQPTHDW7BJXNA
14611,AFPPPTYV44SMO2DTKIB6O2PSR5AA
14612,AGCISQDFUHH6FJSHBHZO5WDYNYPQ
14613,AEL3FJEA532WA3XTE63RYMPTXHFA
14614,AEWGODKJIP4HUWIO7R365JVG45TQ
14615,AEN7WZG6B6FCGL2UTWYBVOOPQXAA
14616,AE55EJOJLQABR6AE2H45VCH7KB4Q
14617,AH2VVCZEXU7G5TXHB7JPXFYHFG6A
14618,AE7GRAPCXNHLG6FKXG4OOD35N4MQ
14619,AGO7Q2FANKUYTL4WIRTPDTJIP6NQ
14620,AGRRKFSOTRIWX6HJIGIVRKHIZYKQ
14621,AE7VFQRMBF7HZHE6MGXE6YYVQACQ
14622,AFESBGRVOJEHLHW2GMUHRH2WRSBQ
14623,AGSSNWKZABES42H2C3E2M6APSWPQ
14624,AGQJEYMDZVDJ7TO2O5WLIYLMN6PQ
14625,AF5XPWJYBCC2PCHNIOKULP4G5DAQ
14626,AEWA7QMWQFH67ZZDJ53JS2YNWJNQ
14627,AE3GCF6XIAX7RIAD33BINY5RGCCQ
14628,AFDZO5HNJ4SYA54TLJXHQWQBL7TA
14629,AGTYE6UZAHAQVSBOULPYGVVVFSHQ
14630,AED27ZLYH6ZSTPGZEIKWTBI3DC7A
14631,AHWK6BDDNH7R77HMB6JBLVGJKWDA
14632,AH5TP5WPIR6A2ZLEJKUG2UGRIWNQ
14633,AGH46UCTPUBXNS6MKCFRCJX2LIXQ
14634,AHLFKBX3VO6CJXRA67UDUKQARUMQ
14635,AF6V656Q5GWLWZ7PS5BJAKWYQ6CQ
14636,AGV7R43V64E32HZ7AJLZ4JQXEJWA
14637,AHRO2AM5ZMLG5E57XIGZC2WEWRTA
14638,AH524KSVBOI6WSKFMGWX3BQZMQIQ
14639,AHCRM7HEBGPQE7SZVAIYKA4UKMRA
14640,AG5YHVGGZG3GWD5NIY3EIUEE62AQ
14641,AELZSB7SSSC6TC634CVNAWRQ3RWA
14642,AHOKVJZRUTOUJ5HSFHOFAVH3DWCQ
14643,AGY2ZID7LQQY2GNONAW3GCW3T4MA
14644,AFWUULRIEQRTKCJBNE4ZSGPKLB6Q
14645,AGUOOLL4FKDMSU5XMYGOGEXDWXMA
14646,AG6INXQ5OKYQXTDNBPCFNUYQZO3Q
14647,AGQEXH4AJSHIZJBP655HZO3UXHGQ
14648,AHO6ITBNPGJVEKCKWZMTUPDQXVIQ
14649,AGPNGJIKAQMP2OVPDVAIXWLHBQZA
14650,AGWEVWFHT56LZFO4WPQP5QJUROAA
14651,AHVP6RCZWWX5NB6YK3S2DTIRNA4A
14652,AEWV6ZRT7X3NGGDZ6H2UB625Q7TA
14653,AGI5QROVZOUJ4QPJLGBOSYUGPDHA
14654,AEGZKA3WN577Q3ZZBIAAQ4CE3KYQ
14655,AFGVFRMHADZ6HW32BIYUBOG755AQ
14656,AHTS6SY4QUQRIH5UJUR5W5XWQURQ
14657,AGUMEPZQQRZSBVO7ESTKA7UKWXQA
14658,AGE3NQYPOT7Z223XC6QNEI2RARGQ
14659,AFAWFYR2XBGGFVFNQI5PHU7G3CQQ
14660,AG5CAEZI32LQ5BM3R7VMYG7LH4EA
14661,AEXDVVJSCGHSBNKYLXBFDRIURHBQ
14662,AHWFVY7UCZ4YMD3RJT4VM7Y23RMA
14663,AGBDYLGTZW3KL5YOROJFTOE2U5UQ
14664,AHFAQ3S4TMIM2G64MAXVCTHLLA7Q
14665,AFNWK7R25HAXW3SUORSMHBUS2DJA
14666,AGHVNEUSI3WHFPHRHVE6YTT2L65A
14667,AH3ARUWYHANILYANHGAQ4SLHNDYQ
14668,AHIICSJOH7GORH5FZASMOYBYAOCQ
14669,AG2K5RHTT4DKZV2B4PH3PS2Y52HQ
14670,AGR2TDKF7Q6JWMO2MAF5OOXQDIOQ
14671,AEE5K443OCCNVOE3FQC6SN4RZLTQ
14672,AFOSQB5MTM24QLEEYLFGIXA6U2JQ
14673,AF22UTUDMVWTN6O3XGFI2JIX4X7Q
14674,AEC6H74BJYQOBN5PA7LY2QB5KSJA
14675,AG5WSJHPZHREF4TKE4K7YAI6V2VQ
14676,AHX5NXSNNU5LWQCC7H3PZLGWBRXQ
14677,AHS43AQAZKO5EQLHET4D7ZZUPTCQ
14678,AFGHBGTNYXVBYOLAPWJJ2W3TJT4A
14679,AEEPFGLRGEVHMMDJJFG4QXH5NQZQ
14680,AFS4JJ5OKN6VBQVWMTOBTC6LAP6Q
14681,AF4VXPN2G4IPMKJ464KDOJFVZ7ZQ
14682,AH5GWVQQWLHNVLKFDN5QEZD4OXPQ
14683,AHXE55VODYKCUMBR4EQOSH72ZJXA
14684,AFZ7556JJZA7LKMM6WFSZFY6KPCA
14685,AGA4DTV2H6C737OGHOKFZX67VMQA
14686,AEZSOD24S4OKJS2E6W6BPW2AW2TA
14687,AFQSER22MZLC5ALGRXDHRHFO5UOQ
14688,AEMUWOSMN2G6TRUHMTTQ46XOU7JQ
14689,AFBKIIZEDMEBBZ6UDN66VX2K6HQA
14690,AF72V7KFLXYWYKW3HJUBOS36ET4A
14691,AFIZBPSBJMZZLEOGTZ7YGJP26VHA
14692,AGLYALZCZY6XZMROSOLYHRTROSKQ
14693,AF5YDFCTH5MRBZBS4736P7MRGUSA
14694,AHHA3IZFZJ5GLYM42WEXMDBHF7EQ
14695,AHQXE2SVVLA4RQZAREYDV6OYPN4Q
14696,AFKRYJPSOPD7Y7BNB3VTZDDOW6RA
14697,AELCTL4QOG3C3SH47MOZ4NJASZ2Q
14698,AE26POMMVD3GFB2GSRY77IOASTIQ
14699,AH2P5HHYQBKKDMN4QHAFDKOXOQPA
14700,AEUYVWHKQGNDTJ4Q3GJZ4OLDHL2Q
14701,AE6SZU43M3ZTUSMAUZ33WEKTC5CQ
14702,AEUXQ7DAWOVPPTBGFISHVVZFAHCQ
14703,AGS6YVONMR64O5FPZFNMYVDMRXEQ
14704,AFHOZVMNEJFKJ3Y36UK5GIDMCGPQ
14705,AH7KBYI2BBIOEMSLFF2UG2P3JCHA
14706,AFEBDBLOO3DVKXNJM7EMXXK4DV4Q
14707,AHFYHME3PVJRSJKHXGXVJFRBUQAA
14708,AFNKH7B634YGFJQ73SBVC35VHVDA
14709,AELW6YJDBITDXA6UXZRBTEZMUJSA
14710,AHNKBLM6NUCK7DQU6OPN5EOKD64Q
14711,AGO6DNQB3WQJ3CUKUCBP5NYAZFMQ
14712,AFNYWYFRRXKVVM3M7FEHP7X7YA3Q
14713,AGHW7EKY4GWCRKMQ4LQL3BGK35JQ
14714,AHAEF6HHUDVXAQVHWKYEZ7LGU7TQ
14715,AFOGOWSIW4IWRRHP33XBOFLQHLWA
14716,AHQOGRDOEB4AXL2FQNPWQYH6CMWQ
14717,AHHFRRHOLWIK5576M7U34PEDKPCQ
14718,AHSCMA2SJINYBT25EIHFGVAKYDQA
14719,AET3JJ3Y6JBR7KW6NRRA5AWGK5VQ
14720,AE2TZZYPDU3GKU2YE3T2RWS6HO2A
14721,AE3D63LVTHEI5LR635TLA7LIGN2Q
14722,AE4LESBV64S5XOX7DLTD4JBA6DJA
14723,AECZBDEQR2QKN4MJA6Q4BGRVD35A
14724,AE4QLHRE7FXFLQL7ZFJDIUIZYEXQ
14725,AEODPXCRTQVROOSXGG7FRGDSSL3A
14726,AHQRWHZ3UO6X4ZUIKXT6L33VGVVA
14727,AFTBY64CULH2SWNGM7BNXUFMINYQ
14728,AFFPEKADAAKU25DYMHBSS7WR6XQA
14729,AFWI4C5GR5B5QPUZDO7N4JCYEEPA
14730,AEQN7RKEG6I3IKIAXMSYTGEXB6XQ
14731,AHQAATQQFTCH5FPRHE4FSWXKUKOQ
14732,AFP3PJAMUKKOBUIFT2KYMKZ37OMQ
14733,AHNGW7QWZWYGJLQLZ24SKXAC5CVA
14734,AGKZ7CFJEUX4DLM47QXCI2DEAZ5Q
14735,AFVDLF5ESUGXR65CTRMBLYRAMQ6A
14736,AHQNFRYDQR5YLFVEPAV77ZLZ6YQQ
14737,AFOXMV2RXNJF7FVJTDOWCKYRVSYA
14738,AFFWM4QNYGM7IYOPALPDYV6EYGQQ
14739,AESNSCZZS5DKRMC3YFHIKRZ3ZQFA
14740,AEP6VR4N2SQ7V3JB4UMJU3QYQT2Q
14741,AE2QRL5ML7XWT3KGFSTAVC5K3AZQ
14742,AEKFWMDQIE4MY4XKMEKR3754WO5Q
14743,AGFF6XYMBFZG56CFFVFKUOQ3FC2Q
14744,AFPRGQO6AGTWVBMRLTC4KVWZV5RQ
14745,AHKJFYZYPK3GRPAUDA7PMN2G5ODQ
14746,AGVC57WFWCTTWASKJQTNZHQOL4BA
14747,AH36SUMBRW6I3SD4LGTCRRPIZBFA
14748,AFE64O73CVFZ76U2REGCAZ6AXCTA
14749,AHB7BVHOGDHF6NTHZAJBEPEHRK2A
14750,AE3UN3B5XOSAK3QTKMBREIHA7RYA
14751,AH6V6MAOXDP74RZNRC36256H5Z4A
14752,AHDKVGDCLFBVKTS7AMTQK4YSHLOA
14753,AGOROK5SIT3AXG7MJVVGH43LYZDA
14754,AFGWJO6ELVMKVNTP3WOODS2YFL2Q
14755,AH7BWAGKXLYMH6KSUXET6NQCWMEQ
14756,AF26O3E44OCH6FWBKEVPT5PAQ3GA
14757,AEJ4KVQ6KWF6J2YO72EWE5X4XHHQ
14758,AHDFKC2AHD7T6UIL3ISYBVVHPZWA
14759,AHNMWKJJ7PCE733ORBF45UUNVZLA
14760,AFQPMXJPNV5ZBEND4OIHGB5CZB7A
14761,AEDNAGDKAM3EHRZFHXMOT7TKQWNQ
14762,AETXFITELENKBCJNZ7ZMUXZPNPYQ
14763,AFSBP7B37OCHN6JFBY4NHO4DYAEA
14764,AGFM4UXB6KEXHMECHFQPY3B3PKQQ
14765,AG77RGZ7CUVL3YLLAQPITRB3Z4LA
14766,AFFWVCNFLYC7RLBXDL4D425AJ32Q
14767,AEVJ7PUBRV3KCYER5OEB76QLJZMQ
14768,AEZKYETAFG5UQYQL7AIZBIN2IBFA
14769,AH2WVGP2CUC6664EYFRXJ377CHXQ
14770,AEP75Z6LD4U4GCVQHDJCQIWYJXCA
14771,AGLFEBUSNEQABKKL5XL4HIU7NXWA
14772,AF4Q7RY7XRC5DQRDYRJ2Y734YNMA
14773,AF3N3H4V5ZEPTSLJ3BJSGNUFY33Q
14774,AH4STEFI6FZ3IDF77BKCVX26UX7Q
14775,AG5GDOVRSC4UR5YRY6XVVQKRIHWQ
14776,AEQ37VDS34QHGXLS3MGYWCKXOG4Q
14777,AHPBFZYVSKE4DDLCX5ZA42DGXTAA
14778,AHMYTLFJQONJ3OSMB46EFPB2M4BA
14779,AEJYJQDYILWM7BOSFCFS5FST5UIA
14780,AHCMBA23PKNKBJWIY32QBURQGEDA
14781,AHW5VREIWRX3BRCOI53Q27Y34FAA
14782,AE7CW2DJRC5CEMWI3VEJ2GIKVFFQ
14783,AEX4WQKKXLKBZGBA3RILEBAGUFYQ
14784,AEIKTOBYK4JETWHTSGA3ZV62WMIA
14785,AHXGOC3TPCLX4RH5RZHUMQOHPHJA
14786,AGUVQFEGZ5CWQNJD3QEQTSMOZJXQ
14787,AHVCZJTDMRISOWIFVBLLTDGYGUBQ
14788,AHC6ZLQDIESNJVZJBVJLCO3VBYHQ
14789,AFSY3XIFKCAO2MIVFHLAEH7F2O7Q
14790,AECOBEIA3XKZMKHOJHSQSAEDKVWA
14791,AEQ3WO6C6K3X3EVXOHQEBDVNCZLA
14792,AFFOWO2YHB3ZQ6ULIYK7X5TT7YVQ
14793,AEIJ5PBG3LY3DFIV5SIPFBQQJT2Q
14794,AEUSR6HPK267STL6DXBQXZVLCDQA
14795,AFQ4I3QJQPMMY5FPX3YLZMHS7EPA
14796,AEIBPTNC2ITG7ON32FH6VO7DD4GQ
14797,AGCVXUXJ53NRJRQOPMRPPT2NNEZA
14798,AEAUPOTNKEWMXU5RWEVCWJPO3WQQ
14799,AG4IK6IGVKVEH4Q4OQSFD6PA3YDA
14800,AFDLYKAZLVNY542PKYIFRLAEDFXA
14801,AHRHPVMGLBMRFQVTRKTTBHMIQQQQ
14802,AH7GDPQGIYGQK4PIGWXKIBY5J6AQ
14803,AF6QLDGCBT7YWWNPXONSAJTFSY2Q
14804,AH3W2RXA3OJBNSXF6FF6VUW5M5PA
14805,AE25INFGKUQG2VMONYRL6TWHEVWQ
14806,AH3N2VHEPAD52EE6ERVQABB55SKA
14807,AGCHR7BY35IYLCWWQXH2IKR3O3IQ
14808,AF7PKUP3B4VNFGMUB2OSZUJBUM6A
14809,AFS6RV4O2HBCRCP7WVM2LTAEAZ2Q
14810,AF43UXZGNAAR22JPVKIIRFV3TEBQ
14811,AH7MRQVFTPGGC2YK7QP7QATKO4QA
14812,AFNKIY6RYIIB62X3HBWSWBVVEP6Q
14813,AFCN6PKGCCLWLQ4UM7ZPPBDJEPRQ
14814,AGTMIQIHSBSCOLJEMDQJG4LD6FRA
14815,AGH5VPPPB4FP3FHYZLEPGHGLS5IA
14816,AGXVAWMUKLLVFJOYDPIZJS7FBQLQ
14817,AHGIJ4KGHO6O6UKLTDFH5OJSRODQ
14818,AFSNORGQTL6BI2VE72GFGQH5YVFQ
14819,AFTDYH5KYDIANFKLHASAC5XHB3IA
14820,AEYPNP55J7VRVYECLQNEDI2EPXTA
14821,AEI26IJMR6FFZTXZCEYCYZY2OR6A
14822,AEOTWWRXMLT2ZUTHYXIAUWKZCEEA
14823,AEDRPFNMFU4ZZ7CTY2J6MRNLXCBA
14824,AHNJVBBY2XFZZAOK4I6IAZM47BVA
14825,AEHNC63S2FMFXT3Z3NZM6ER2STRQ
14826,AHW4U4FH5T25KV3HUWF6KBQTON7A
14827,AF6W6RO34MFTAA6V3I2252FSO4PA
14828,AFUMTHKEVRWZW2RRDW4W46TASASA
14829,AHZHY3BS2URPK5G33MJLOHW7JLLA
14830,AFVRKRSLYYN4VNMTQI24JSMR2DTA
14831,AFM4LJAU7YPUBQ5TAV5CLUBJ2CHQ
14832,AHU2PEUPK5PSMRYYR3C35LXPV6TQ
14833,AENYUS7LFCYU6JER7L3KSGVJ35SQ
14834,AFAQAITWWO3UXSEZAAVCUYJRTV7Q
14835,AE7EMLVAVCFKXQILCZ3TDQ47YEZA
14836,AG62ELCBFT3FLJYTJDRIHUW4Y7VQ
14837,AEAMZ7EGC63CBQ2CR4K33K2HHTDA
14838,AELI7ZQZY2SBE5ZXWFHUFOLER3UA
14839,AHRQAVX5EEKOKRGQ5Y22C3RX7R5Q
14840,AFHSA3YESCOVWZHGQEXOPBVRUUVQ
14841,AHPIU75KLDAXE4RWVLND7ZLDCFPA
14842,AG5PDEFYKKV37EMFRKE7SXM3NQKA
14843,AEZEBJCJU64VXH2UVEUAZWV6ZUDQ
14844,AEIHWAZN2QICKO2HY5KM7446YM4A
14845,AHGDXC4EZQBJLCMQV5ODPI67R7EQ
14846,AF5Q7FUYPPA5MWV2V33U65PKW7OQ
14847,AFGKPSPGMN4NO575IV7X5OJTLA7Q
14848,AGPDPN6EHDAGQ77HY22EW2KEXILA
14849,AFEUCKPTD2FMDQVKRDJRV7DIXITQ
14850,AGCZSOHEPN5JV6B66SXJFN22475Q
14851,AGNFMSPO64NB55O7A42SMMTDELDA
14852,AE3BO24XB42AKOMCKLTC3AJ5RW6Q
14853,AGHQO7OKWV3H3KCPOENZ5G5AOANQ
14854,AHXALBLOAAOJCJKUYWEEPGPN6DDQ
14855,AGDJT4HCNKN6NNN3HIAYHGUGCXJA
14856,AHP6YBMGNC3ZB76LJFKGQGVB65XA
14857,AEXAF5VLRD7YNFFTRXYE3NO65UCA
14858,AGCIK4K5VFFEITHCXT7FUHZUYZTA
14859,AEOL2RPYAIKWKJUBV3FEQ5HNRMQQ
14860,AGMH35NLSBTY5HN2KPWUFE7SKBVQ
14861,AG23MNVQVP7Y4GS7T3CROYOE5IAA
14862,AFDU5KUL7E3ET7L7KNL5B4O6JLMQ
14863,AFJEUCKJLQ6AO7Z7HHK2M7EW76MQ
14864,AEWMFHUUXRQKIA547KPMDFCP6R2Q
14865,AE4ZJUQ45HCXANIZB2QKSBBUYHRA
14866,AHTCTCHQEQAFTZDNWIVDFGONIDIA
14867,AGI6Z3I7IZJO3JUILP4BQBP7JZKQ
14868,AGLHQ34KG32ALLWYB4VPZ4IB6R4Q
14869,AGCI5CWPPZXMXPAR67MMGICRCKVQ
14870,AHNBIHD6JRX3QG6CB4RAYOK4RWCA
14871,AEZP7EC72TK56KG5VLKNUGPP7U3Q
14872,AFRA2ZAPKWPBGNQ4VRBSPYZHDTAA
14873,AHBJUQKIFJZMLTD43ORZAE64WX4A
14874,AEZ273NRCUX5WWHIEJ4LEW22I5YA
14875,AFN6IDZXLZOSCNXMZA35G4UC4MNA
14876,AEDWSG3KSOCYRC2XPKUHVQDZRP7Q
14877,AEE5H7L6XICTBR3EJFRFBHDSPKBQ
14878,AEP4EENB66YW4VTZSDK2TCPM2YNA
14879,AGK3GZDID7R24LTE7XBO66GPKTBA
14880,AHFY7W6P25MEVPMNY7WKRUXP7DNQ
14881,AFGGLR7UKUPE3D2QQN5HMJCJGU2Q
14882,AF2DVY763IAQGVCRDPIV7JOD7JXQ
14883,AGT7775I5BL5GKSUR42ZUW4VXKAA
14884,AENURHCIJXSJK2HOSKAVJX5FQP2A
14885,AEEFYZRMJCSZE5DBH35LQFHRQW2A
14886,AHAZWUUJ5HIK2F7C76HPRUHWSI2Q
14887,AHKM62T5LXTHYGU34VVKLHAIKHMA
14888,AGBPCU63JUDOODNDVDSXFU5IHUWA
14889,AGJKN77KTH72FFUXGT5Z32RM7R4Q
14890,AEKL2AHEWTZUHN4WKFYJOXB7HWMQ
14891,AHUTFVCSS45YVFR27UMM2IGAOVIQ
14892,AHOALR5JGO3T6Z6SVDM2GB5ZC2TA
14893,AGLFZEBAP22ISL7SS2EH7J4XCQFA
14894,AH75QH3W5X4EHNYQMR6XUBLHDMHQ
14895,AEYHCC55OWL5RXCWIZXPD2JX5MJQ
14896,AEDCSK4TBSQTMF6TAVMNJPFOKKRA
14897,AEPJHT4SCRE6JCYPCSX7O6PQF5ZQ
14898,AFFCZR3P4JIYNVWTRLRVJESVPCYQ
14899,AGCIEVAZORTZ3O4C62VYPPWIIKFA
14900,AF4DLJEVMHNNFYBNRGZA3KK74ZOA
14901,AFNWBHFGNZUTL4LSDSLSJNWNFFLQ
14902,AFKMWAWZEA3U2MHZGB3XPGCJYRIA
14903,AHGHOPNF4EVBEAYAFXKEGOHXBGUA
14904,AECHHN2GKGGH3RPXKTWYT2LBV42A
14905,AFWWVZDPAU4KDS4UB44Y76BQ5R5Q
14906,AE6V7TQ4ZRWULYN6XLAC36N7YWBQ
14907,AEVZ33NJXFGXHHWJJ6PLZBXZXWEA
14908,AFTP77QB5AMY3GCEWDHN6F6JM5LQ
14909,AFNDHRESZE2VYVHBJEAP6OZ2MRDQ
14910,AEPSNUMPK2M2DP4CZANM5COEE65A
14911,AG53D3VL5SR7XUIAFCPW2TEVA7QA
14912,AHBJNIXU45MYTDXJ24HNEHUWDUHA
14913,AH3ED7PYOU46L6CRYJV2SHQVXYMA
14914,AGCUBG655WBFA4JORCOIYVB4CT6Q
14915,AET6STBLOXL3WE25UYJPL6ZJYQBQ
14916,AFGSCQBWKSHGHGRRSQIGZYNJNOAQ
14917,AGNB2CYTPA4WLT663PKCREJSKKBQ
14918,AHEEZHJSJTDK6CFLZLCOPFIZFMKA
14919,AFLZRQMONMCGG3GYBF3O5AABS4HQ
14920,AFAKYV6YTRRG64DJH2DA67R6NSKQ
14921,AH4H7NZLRVEBCKNV3YUVMS7AEQ6A
14922,AGYT4LWPTHMWNAMGDFIP3AMCCW2A
14923,AGITAWTQNLZDWBOOS4WSZWKEDYRQ
14924,AGWSOJMKABKMVJDQO5BEHA57YFPQ
14925,AH3UEP6H7QVXSHQEJX7WLK7QDNFQ
14926,AEGH3BZDBXNZ6OTNQGZUH5IZINJA
14927,AFU4OQ4TLVSMEMI4L6I2NS3Q3L5Q
14928,AHXPZBFZTKBPYXHSIEYFN4QU5UTQ
14929,AGUHW34DIIRKHBSBXBZBAEQT3MZQ
14930,AE5EQABRCJMOKENSQSDX3KEE6EIQ
14931,AEU5P7TOIXOP6CNSAWGCBMPVDIBQ
14932,AF3EGFTPTLKBZ5GU3IJQ5I5LSU5Q
14933,AHVM5QNTL7TGOZXY3EZBXDE3JYNA
14934,AHCRYLSZR4SVSBDQ4HQM2J6JO7RA
14935,AFQRSEQAV6KVVWVK2GMYGORU4QWQ
14936,AELUL6ZF3MRR7R732C724H4RGSEA
14937,AEJH655OVMQODYJ66FLNE35JGPUQ
14938,AGYOVQJALTRTP5V3IO5O62DOAQQA
14939,AG3YRPGOJM3WB4DNGN524Q7TERNA
14940,AEPLQH655HPALK336E3LMVVGQVZA
14941,AGOIKFPBEXPIG3O7KQPYMGFC5B5A
14942,AFTMXFQ3N26YT75IYRKQRYEGVRZA
14943,AHT6RVNL4FICGBEP5P4V6TMZ3VIA
14944,AEAGDMT3KNJEG5HEXEU4QDXU2CYA
14945,AFX26YATX5YPVRRJYSXSSLJDE7CA
14946,AEFTTOTSQVXUVHTTL3ABSIDDMHMA
14947,AHOZGTX5G4DETN3YJFKKRDPNFPEQ
14948,AGUD3DFJAMZBSLS6KX3X2H7DJPIA
14949,AHU4SDX6XLKDOHS2BX3BO26UA6JQ
14950,AFFMGIPD4LXTWGBDNIWYARX7HNBQ
14951,AEBV4ZBU4KGLLV2SVVMWEAFL6AYA
14952,AG7OQOKL5UDK5UW2HOURPFWRSVHA
14953,AEZTHR6CLZEANJEKFCWMUNG7CWPQ
14954,AGWMTLJIP7L7B3I36OCW47VBAESQ
14955,AFDLY2XQW4Z6XSMD3Y6YKM7RS4TA
14956,AFVQ7FGBSVHNHTIWJZ2FV7QCA6JQ
14957,AHXHCH6MAWOHZOLNQLEKQ3R7Z5HA
14958,AHV3MMFI66UFVBSZVTE34STFQN4A
14959,AE4YJI3AVACOEBA7HINCMNYQT7MQ
14960,AHXOMTPQMRZLO6TYBUZZ5F677EVQ
14961,AHJCNFZ42DLMK7LDJPNLAZNEVARA
14962,AG5W6HKQAHIY5GENDHOGZ2LCGVOQ
14963,AF2UOTUMWWIQXAQ4O3HKWFBIRZKA
14964,AERB67DMLDBWTMAW2OYT5UBJXECA
14965,AEIDEZHVXUN2ONRBFQOOOM2HD5LA
14966,AGHSNLP5YXCCMHXZNX26YI4FP3XQ
14967,AGJZWKWQJW7RIJYLPLUWGJKI6OLQ
14968,AH3YBY2EG77ADYCL6YZF42FFXSKQ
14969,AFKMTIS5DMWVYEL5HXVIXQLIGI3Q
14970,AFLJ4K2O5WE7JTXUWA3NUI2GV7AQ
14971,AGEBMIS7PUL4FG2BILSTEEPXRAEQ
14972,AFOJLHKIWKI7GMELB4LDT2DQAYUA
14973,AFFLM5G7F6UQGZ7GI5CV2VAYJOAQ
14974,AE2274P4YMF2FUKG2BW5MJ43BHYA
14975,AF6PWVAFJSOKWQUJPL3AP6T7ETRA
14976,AHC4CGX4N75RKUCZDWFPPOSO7RCQ
14977,AGVHKNVVTUE6FTFZGOEXG5MWA3PQ
14978,AGQTGP35IQST3OGRYDFU6BWDO5KQ
14979,AHGKOJEDUEK6MTTAFHULP4UPL44A
14980,AFQIVCAGHJ4CKUPK2QK2BRNXXOLA
14981,AHQPTJ4P23GZKWDQGTULQZDHIJMQ
14982,AFIGKYYJQJ7I6SRSXPS4CEZ7JX4A
14983,AH3VQ76XZ26HE5IJPMYISB5UMWRA
14984,AH66LJFXLA7GY4KL2QSJBON6HQXQ
14985,AF7SC24RKWDJFSBPOMFBXOAAN2AQ
14986,AGO4HTZYZPKQJASWNRT57ZWOW5EQ
14987,AFSCIVJEPBT76YTRWZUJNRFRISCA
14988,AF3AX2JW5SJL7FDDAOGWTGFBEUDQ
14989,AFCFZ4EO2PHCS7COLXGGQJLYSQSQ
14990,AFJ2BFYXULDRXGS7M557SGVYN3TQ
14991,AELFIDVUR3AWGSGNNOWY5NM26WXA
14992,AGMSVJ5JVIHMQZ5KPYMJF4M6RM2Q
14993,AGRPDJLZAKYQPLUDAC4WQQHLI42A
14994,AEJFC7T6SJVNJTMEWSQQSJ6XCB6Q
14995,AH7RPWKOZXBHHUITZGAQQ4WZRZZA
14996,AEJN5TOZZTR6E4ZLHEGS2Y2ZLLRA
14997,AHKBY2INSLXRMATNLIJZFTQDDNLA
14998,AEWXCO5TPE524JRFEDSVOVHEIKCQ
14999,AEGRSM4D6BI4EWZYFAVN6K254BMA
15000,AHGCA7CAMPC6HEMDWDGDG5EZZJXQ
15001,AGSOL5JIJ64CLJQJ2OAPXT7BNMYA
15002,AGXJDYQPC3U5JHEI7ZHQIKGUVJUQ
15003,AHIVME2GI7ZWHYZ5OMRLQGMYH4IA
15004,AEDHJY24WJ4JYJYANYYXLY3DJCEA
15005,AELFFVDRBIOIG5JMGUF6W2X4OYEA
15006,AFJ3O24KNL34OGJM4LJAKC65EOZA
15007,AFVOIKS6EAJ4IEL64QJF4ZCKQCIA
15008,AEFHT6RNNVBMCT4HO26F6PIEIBRQ
15009,AGFTDQYM6YQV3BHQECLICWCOUDCQ
15010,AGJOUXOYPW4JK5Z7Y2URMNSNAY3Q
15011,AGOCY5TI6GHJ2HATHCOK6D74L7MQ
15012,AFVGTRXRJRQRFK2FMNIVT6Q4FNZQ
15013,AHOXJLHIPUOZY2DKVLOGQCGGUZHA
15014,AE7IHMYFRFIGCIEE5KSAM3DHQMVQ
15015,AEUELPDBFIODNA3N4MATNNF6O4PQ
15016,AHYNQNGYSQ7KGAAJ4VATGGXGHDLQ
15017,AFTIFVW233H5UINZIXE5QYKKAVSA
15018,AH7HW7WKZ6KXZ6OZ3RVLVJ3K4P4A
15019,AHVH3NQQ4PQYML5QTI73D3ELIYWQ
15020,AEI3KMWNREPM367HNMVZOLGD7YIQ
15021,AFHJJ6TI25LWEFDEVPJ2CBHPHBKQ
15022,AFXNDC75UOJKBLW4UII7NG6J666A
15023,AHVJAHLARGBUEJC3YD5A5U7FJY5Q
15024,AFJ3ZCMFQWGQNWOQVRJVIKE7VT4A
15025,AEW33OR3OQO6XOM2TRNZEZ3BULBA
15026,AEEQKAEY5PJ5FWR7XFWMD4ULOZNA
15027,AFJA2MTQEAS6NR4ESGFKNBNAZPZQ
15028,AH3QZJQ4JP7NAREIQFGIXOYMHXMQ
15029,AFFJ5OOFRO6G4I4CBAVX3YWJF6GA
15030,AFMX6SIYHX4IXXKTXJJ3MS76OWHQ
15031,AGE3YVKZYZKB4YDRPJJ5FKA36D3A
15032,AHALYQP6BNHK7JOJKE6RVYDKDIBA
15033,AE6ZHRJE5LZRHR6MHEKQYQD3DIQQ
15034,AG24RKP77VJ7NN5D5LCJEPWXW52Q
15035,AEBEQ4LVXNUNUHSY2SEWT62CW4DA
15036,AF6GVIT66HU7CPCIP7PCWQEED4NA
15037,AGUBBZVXJUJOHVJNM7GPQITGCPPA
15038,AGK43I2AHRUXGIGLOX6GIL6XSZAQ
15039,AG44FCA3ULWK7CAJCARNDHHYFM4A
15040,AHWXI4FIRLKNBXDKYLM2XGRHOBZA
15041,AFBV25SUUHQGSIPGZNLDWNP4C72A
15042,AHSCRAI5GTIW2TBTUFH4FRK6PRXQ
15043,AEIBUPPE2X45GL3A27WWNMWFWYYQ
15044,AFNBKLJIL5Y3PXNABEV7VVDHOBTQ
15045,AFMRLHCXLAFH2XVM5GVI64HQJEHA
15046,AGWBFHYRHHU3HBJC3DPXKXXWJBTQ
15047,AEZFNIDYXUFJHJQSTRVHRF3MJAIQ
15048,AFP67NEGRYHSYQOH6HYLVPLFAWMQ
15049,AE4RXXZLQHOBJS2ERXBR4SF4FKYA
15050,AEHKP26OXHH7UA6TBCU7GT7U2AGA
15051,AEDRMEHCL6LABCEDNWTR7WLJZUSA
15052,AH2AICZQ52ECJSJS654FXBCNQ2CA
15053,AFVIXKEURSFCYOQ426LHAWMOKRTQ
15054,AELYJX7ECCP33B6NIYLUUQZQ4EGQ
15055,AESB2FQWNAHHCSGM2EAPWW33IUSQ
15056,AEXL4WOWAF55DVM6H74HAL6CR2YA
15057,AFDFNW5IHPLHE43UI42TMVL6X7HQ
15058,AGBLR4TKPZQ2QBFCTUTDRC6QIJDA
15059,AGRLXFTXF3MJ6CXU73LD3MVBOIDA
15060,AE7NDA5PE7TKZLFRAN7U3DEBD6WQ
15061,AG65E6LTUTKIEUXUC2CCGMPPQX7A
15062,AETH3ZHHUEL5G2NW3LYAUXDJG4DQ
15063,AF3AXBSPSJVXHMO6VGSASAAY6RSA
15064,AFWAJUTQFUS7N3EAGWL5H3CTMK5Q
15065,AHR2KHJLCTX67ES4OLHI7WIVAEIA
15066,AEFMY3CII3KBLJCIFJDB5TG3IYIA
15067,AHMJJHXLRNAWK7V4Y4FQ34XZXP3Q
15068,AHESB2EKVKR6QXHHV74CY75S7FBQ
15069,AH56JXBJWNAFGQZR5H4MMRKDTF7A
15070,AHV4YPCAUTPZUYRPQCVMJYSZSAQA
15071,AEF3XKKRAAAWUMDIM2JP7IOLQXNQ
15072,AF2FG6DA4BIWGURQNWOWNZMEJYFA
15073,AGLQLRSITS7F5PJ2AGOAOEGGBK3Q
15074,AH42UZWJXK5K5ECYWRYG7D7YD5WA
15075,AFOO27YEJHE2U7YG7CVRRSYYHR2Q
15076,AFVJJLCV4TINXDFVXRFYCYPY3ZZA
15077,AEBBQJ7FJW2YRD2AED4WOKZQMMHA
15078,AHYYAD7QOXCRHTSKPBNOJWAWUGHQ
15079,AHDIYUKRFVXT6AJSG4HPKSUPKZVA
15080,AHXU4VLRSOQSRV5YRK3EZP35STHQ
15081,AGU5VSW62MMLXITFVF4KQZV4Z4JA
15082,AGPWGJKVXNF3JNRR7TOBBBKTDC5Q
15083,AGPV52WJW6MPGXAET6WYPM7TZKFA
15084,AEH5CUJ74ZUE5H6P3XOTYN7CYYTQ
15085,AEKLRN3WGECHAUP6TZMRI42WFZ7Q
15086,AFU2TEID6ZG6K6UTM7H4LKLBTNWQ
15087,AFSRCXJ3YJV6RFCH2EMHFWEAKJBA
15088,AHBBPC54DSMBEEFXFJG2KWIMOAHA
15089,AFJAANN7TV4OFIWYPPCMWSD476QA
15090,AEORC5LPITUOFH4ZDQN7473X3Q7A
15091,AE4TRS7SGVKT7O523B5G63PLOU5A
15092,AENHEGISH3HDCTGPQNLOWMAAGBEQ
15093,AHH2TLKGEYIYXMT3IEINHG74TGGA
15094,AGIP4EBTLREH466UZSIIH4L4VX5A
15095,AELMQDM22XFGAHOUQDWZFOV52RYA
15096,AH53JPWTUSNHOLBFVOHNNFE4FS7A
15097,AF4N2XJB4LJS2ZBS6CP4KTCPH27A
15098,AF4R7R6FC3YTAHDDR3MWWSLKRNNQ
15099,AG3IKZ53Y4TMNJZ3ZN3DP54EPPSQ
15100,AFEYZNAX2SPINRCWMOG3QH62L5LA
15101,AHPDZBO7NHO2XA5W3Q4OPWP24EYA
15102,AGPDENSPVTNANGK33B5ZEWLJFKLA
15103,AHLMAUKXCNC5T3GYZHVBLFXLDAEQ
15104,AHCF5KJRHJARC2NVULJIG4TPCQGQ
15105,AFND34H4YNSP4BSIDWWLNX6U4CVA
15106,AHBGH4LEFHBII75BDQH3LMG4GE7Q
15107,AHR5KRXBLANDCRX4ZOX42OK4LDLQ
15108,AFJGVGZQ2SP4AWMBI5RLDRPAMWMQ
15109,AFUNRAOMPTFYK5VPISQO7VTGCIKA
15110,AGQDRB6435HT46WD5B7EGSERR2RQ
15111,AGPZAVZ2OVIJUF6ONDHOHG5Q5IZQ
15112,AH4XX53THS3R6OMFO6BT7PURLFHQ
15113,AHQH5QIQQQGSPX4E2OE36ISEGBXQ
15114,AE5VM3VW6DKDH74OGUU5SAUGT2PQ
15115,AHWQIYSODEQIFNALSNV4EAYHW7RQ
15116,AHAED3WLBPHUTPL3HQDZJJKSUOHA
15117,AEPG5LEANGMJFFX6JECSEDJRCSPA
15118,AEQAU2NZP7PEM4ZOSB3CGWRLTYEA
15119,AF7XHJ6PY2XT4WOM2GNMNKOVIQHA
15120,AHCFQRU42CVHRHQKW4Z72NV6JT3Q
15121,AGTFAZZRF4IVVGE3MJOPYAERQADA
15122,AFM7NGIKU3BYOIHSUV4PXH75AWMA
15123,AHBZ4U2YMM6R3BDV47N2GRG6E7EA
15124,AG7NCRLCU7UGDD3WTRTULZDTJPSQ
15125,AH7S3KOAD5D7TM42B6NJYCTGRF5Q
15126,AF2RIYOZ35HJ7YJPOFD2MMM5QOFQ
15127,AEVUZWBHJVXAKGMSASTSBGL4HH4A
15128,AEJJMVT3HDYF3UXHON5YG7BDH76A
15129,AGDZU4LDG2VQAGNARD54Y3IUWLAA
15130,AGEPOOH7VV5SOZG4GPPYNQ7MBMUQ
15131,AGU7GTRYHEE5ES4ZMTLLEAVNVIXA
15132,AG5XBPBL5Q2SJOBA3SZT6LMV7GCQ
15133,AF63WMXNIFL7BQY2ZFWWC2IKCMCQ
15134,AEWUZTIQ6SAILQR7UAZP6YCNSXNQ
15135,AFZNKRV2MZTKXHZC54LFV6SDBJMQ
15136,AE6Y2BAWENTXCEPJPXTQAF4FRNJA
15137,AEDWWIWJXVZYL6DW3ZJ47UREICXA
15138,AFZOVWOTACMZEWLZSOIHQYIYR57A
15139,AGYD7NKMNRRFLIUCSVFMOZYGICPA
15140,AHEWAYAT5OPQAQQOWWKSBN2ZTHSA
15141,AFORFGYRLDBXZXPOAJX6YH7WGDQA
15142,AEOVDPAFUSVO2WGVLKZYW56WUJIA
15143,AEWVZ7QY3EC6OLFXSSBR7OGA5A5Q
15144,AFHEOLYDDSKVUPVC4HWLPGG5X7RQ
15145,AG7UT2IJMN7NYPSFLP7Y25W6XNIQ
15146,AEYRCZW4QSXJPE5PDVLDK7GB2DVA
15147,AHYLYM7EVPDNDHPJ75LTRFYUDJFA
15148,AHDQHF6G7LSYNZ2J5I6XSL2T7UDA
15149,AG5EVTDSXQLQJCD65LZ5I5M5YF4Q
15150,AERO7LX55B43FAXUORK6AHNPDAFA
15151,AEPZARJ3JIMWSGKYTBBP4OTSOBTQ
15152,AHPSYAVIIZBQFVPFNTZTGVFLLY7A
15153,AGHD5DEDGA4C5HKNVAKJN3LW3HXQ
15154,AEEDAHDZXYKUSCEQSF75WB3A4V4Q
15155,AHHL5DKUDVHAXK7CPSZ3UZ2JWZ6A
15156,AF2H5IBFQWADWRVPJP7UVXOJJFUA
15157,AGFGWK544SQGCTU4QMJWT5LK5GZQ
15158,AFJL4NAU6GTJYE2YRQJ7IQDNRCWQ
15159,AHTL5GCVP5AALQ53FKU2WNMNMXJQ
15160,AEI3ERA22SURRSSOX3FUQ2VSQ4QA
15161,AEAUDYBWIKJ3BYV644PJ6LDAAACQ
15162,AE6E62GCNL6MNIKDMGY7BSW6YC7A
15163,AHRFA7VD6IPR6VJLUKGN5RWWZB2Q
15164,AHKL6VHBSFM7NEBU656PSVTOAT4A
15165,AESOCNXA5BSNT3FW4LQO5OTELSWA
15166,AG6WN63UFAFEVIILZIUTK76W6V7A
15167,AEETQYTCKHJ6IPKG57HJ7EK6G7HQ
15168,AEUQW7WKZNYDCIKTM5PH3COB347A
15169,AF4GN6LBQR6UC22VTDBAKQB7JEMA
15170,AEWDOWGGK3I5AQFFI5VJHOC2WWOA
15171,AFY4AAGTDRNKJA5UO233MMPJ7CJA
15172,AFFBBV5LIH7RDOMWZ2K2ZX7BCZ3A
15173,AHDUHSL6N4WWD3GGCB22TCO5DXIA
15174,AECW244CJRRLJTWBLWERYOYCQYEA
15175,AGRFCJ6QL3CMR7IA5EDQ6AEN5ZBQ
15176,AHIYHUYIA6K55PFX7LRU3JHIB6TQ
15177,AGGJEIFRAYJOYQJEYKR2LSC6232A
15178,AFR6SGF2ZTDQ6ZCRRHEDUK2MNDCA
15179,AFQ7C56QAPIVSG5YDVD636YZZ4RQ
15180,AEHASR7QLMKVBNW3DHESABTHD75A
15181,AGD2R2M56VRDYAOJDWZ56LG3O5DQ
15182,AGGKTZORTPSBN3LDOCKXXVE62VBA
15183,AG4XBYVQK5HI334EWMS3HLXDFFEA
15184,AFLMOUGESP4T3MGQNNMESHMSXVRA
15185,AHH2MSKU2434Y4FY3CNWYOGBDPXA
15186,AEJAADTNYLK26WKASJSOJQEMWP7A
15187,AEMSMWUL7EEUOAGD3YWJB3ZVBP6A
15188,AG3NZIQMR27CCUZZMN6NO5UHXNFA
15189,AHS5O7IZHVATZHFTXOO626XORK5A
15190,AEHTC2KSSIGS2ICVF4WIEQHOZLKQ
15191,AHQPZ2VUR5IWQBDXGQ6UI242FEPA
15192,AF2Y4AXT5X6EAMKC6TCRMCX52KLQ
15193,AGQKTN2EKOR7L5EZZJDG5NBV3LTA
15194,AHNVL3ZAEAL6GUD6U3D2PY22JW7Q
15195,AF3JPDVT3BI4M2TH5W7JAP3CKTEA
15196,AEQLTEXJIQOR4LSRMOM6HBOVKWQA
15197,AEURXSUMVOTYA2SM2T5K64MQIBWA
15198,AHMCJ7L3SOFCI24LPFJDODS3WZRQ
15199,AH3KOR62GRGQSON2DP4EH3JGZ7YA
15200,AFVBRO5UVQELR6C6JNQCKGCZPLJA
15201,AGUSNBYGN675XU3FV42VB5TF453Q
15202,AF3NSLRNY673YZU5ZU3A2UC7UPBQ
15203,AHGD6FE4DJ3IBGVRVVQMTAZVFHLA
15204,AG54FRDOIBEEN6NTEB7BR63D57TQ
15205,AEBH6EFDQCYHVNSJWQTJKJJ6EULA
15206,AFZBWF73PVHDGSV7AIBXAUHVC7SA
15207,AECBLQWLTUGIF5GCNWU77VUDVBTQ
15208,AHJLH2SKXOM4I42I6DGOEI3F2WQA
15209,AEHO5KF4Q677VAPZDJNJT7IYUUMA
15210,AELXFFYJZIJUBLQSBMMYB73B6JRQ
15211,AHFBAHLN7IHJR2XAYZ3G7WDH24KQ
15212,AFYF6KHQKIKJZ5KMEYVAD7PSMMYQ
15213,AGRY5FEASZMNMQ4JXNQ6ZFKBZLUA
15214,AEVXYULYYKVU6TXPQYVIS3Y7T5DA
15215,AGTMKQNOKNXEUUEPBP7QRKBKLDVQ
15216,AGQEZEY4Y2GX4MGZEVYAFFHEZVRQ
15217,AHJJLF67V43FLYF4OGLWS43Q3PEQ
15218,AE6PUXJCJWEG7BLLXA5ICIU2FVFQ
15219,AGWQ7HF3DEQQQNACVFX2YB4RFESQ
15220,AHXSEXJLTKPAU6MS3OHTUZ2VFNZA
15221,AGTCX2HZLVFY76YDUJF4GOQVUZ2A
15222,AHLYPIGESEFNMHQTN35E2GYKZ7EA
15223,AEDITHHIU4IFQ4BLNTDKXOFKEYJA
15224,AEPGWAJTYQM64W2WCAMYZC2W4TCQ
15225,AELJADK3V7R75WE4HSNEFZNYAHQA
15226,AEBJLDAL4PETHWA3Q2XSIKIDFPFQ
15227,AFQ4CFKL53ZYUY56TO2HFKEZ4BNA
15228,AGOLS5ZT5KACORNCSVFTCKTSDH6A
15229,AGJ7BPHW23T4H67J753LPUBRP7YA
15230,AGAQJXCTIO6WRQ2IH6FAF53OTFAQ
15231,AEUZW7L7PEFEHIB5J2SMOWGHIZDA
15232,AGX4UTCIP4SGTHHDA4E3WGPIJFBQ
15233,AH4WBYSLGIAMVLCT2PPRTMNNJD6A
15234,AHUTNTBX5E65YNIHI2ERA2AMFM4Q
15235,AF6RXEUYBSSOMO5RSS23OPB5QKSA
15236,AHNDJGN3XW2IH2HQFTNSNOKB6NSQ
