user_id,item_id,timestamp
AEMJ2EG5ODOCYUTI54NBXZHDJGSQ,B07G584SHG,1602133857705
AEEJBFZKUBEEMBZUZJV4UHFVEEBQ,B07QL1JRCN,1609110735433
AGSVZNZBTSGQBKZDZTQYEZHGDPCQ,B07RBYJN37,1609937315319
AFDERNB6BIR3U2DOR3S2KX7KJJXQ,B07KM6T8GV,1616156351887
AE6P2YJ6FKX332MD56GPJFSHXNJQ,B07NVL6TJG,1559533206066
AFMXU7O2HQESL2TVDORFT7I4RERA,B07G584SHG,1650927113277
AFLEYMGJJMUI56ZXF532JFJKWFXA,B07G584SHG,1609270300345
AG5GIO67ESN327DMWJHWXG3EL5QA,B07NVL6TJG,1617472227334
AEDTXOC3YW6O7P2UPM22VNNRF77A,B07R7WVRGL,1563230263551
AFF7ENSBOBGYJQANUB6RZVFDE4NQ,B08D9S6BZY,1598688656186
AG5XF3LZRFNR5K56OOWDSJXM7NYA,B08C7HCJGF,1626458993562
AG4BUOZCUIKY43NIK4QUTD6374MA,B08C7HCJGF,1608676160115
AHKPJVZVESMLP34MSYFZFUDV5BNQ,B07VGNQD8K,1596862784555
AE4ZYPZMKVBHBVXNRCD7R5JNIKCQ,B07S5S45K7,1610832915280
AFLLGJPI7I54MWNHW25OLQPK7V6A,B0742LVLMJ,1600712501862
AFCY4QBVMPNTVS5CJDWJQ56CWU4Q,B07G4ZWJB6,1675051414404
AHJYOD56GVUHGUW6NV4US7JR6NDA,B08MV51CXP,1624430585090
AH4LUJSCOI4XRLP4TEHTLRIYNPTQ,B07H3QNJ1Q,1597516029429
AG3FWB2CWUXXPB3LKMG5FPROGAKQ,B07RBYJN37,1568664117439
AHPHCA7LTSU72QBEG3AAIQQDP57A,B07DX25MZK,1599742459262
AHWBCULLVSL23PERUQAH7UQFGGTA,B07RBYJN37,1668460481618
AFLAPQQSNRQLZQY2UOGVDNKPHOHQ,B07NVL6TJG,1555799340378
AH5L5W3MIS6BWFWAGJB37HHCKGWQ,B07GC3X8V7,1599190397124
AEB5OY77PKCKVB2O2XKHXTWCVZRQ,B01M7UD21X,1600220601864
AHMKVNEAA3COWJYP5Z6IIKRWNJ4A,B07NL8P5Q6,1589912363533
AF273HZCHBNBMV7VCKY75PIYXSEA,B07H3QNJ1Q,1593940622450
AF273HZCHBNBMV7VCKY75PIYXSEA,B0742LVLMJ,1572017129719
AHBBFPW25VRD5O7H3RBKCTQKI6PQ,B07WFHJDB7,1609188064852
AHWQI5RDKU3AHHGKAKNLB6BMQSFQ,B08W59Z9WW,1661172011445
AHTDREL6WJZKDE6HX5S3PYVSUXOA,B01M7UDAVI,1527642051491
AHXH4N23PVLRJPYDYJPQWOR4LN4A,B08425CZRC,1614277955626
AHTKWGXRYOT4YWOUZRMH43RMB2QQ,B07SDGKP88,1563235111214
AGBOU4ZTPFCKK3ZIOG33RJZHYI2A,B01M71IUZ7,1564149648753
AFSYLSITUKYVA3B2HF22RFHGJSPQ,B07G584SHG,1614304823193
AE2YX6ZQCKCXXTFMAN73LIMO6Z4Q,B07H3QNJ1Q,1578930178628
AG2VBRYCITNPSMKEHAMTMVXYU37Q,B07VGNQD8K,1613454556130
AEMF2RNAUAQHTZ55AZF4KKO5AK6A,B07MFQFKGD,1660317421122
AF4DMBKJFEMOESKAY5CZ57ZRZZOA,B07XZ9MXHJ,1602001448231
AFMIN2AREXK6FNPO6CN3ZBCUSY3A,B07XGDM47D,1592005604678
AFMIN2AREXK6FNPO6CN3ZBCUSY3A,B081JS67KV,1592005396261
AHLAAYB3KK655TNB2RM6CBLUNPJA,B08GZ1KQTB,1663863395949
AEHMADNDB7UFUHLIIFNJVJGSXBCQ,B07G584SHG,1568942627134
AGOOKGEVJIGBAPPGJPIVEUMTX2IA,B0742LVLMJ,1570541419561
AFL76DFLPXHS64262BXHTO23EWHQ,B07MGJZ2MH,1566443478421
AF5B3N4SLXNXT3KXUGKZ3T3AJ6QA,B0742LVLMJ,1562600821752
AF2KD7BOJT3KQE2UAEMUTBBLUH4Q,B087YPRGKB,1603474581779
AELY2UV2KWFO44FH6LHW26U6RAWQ,B08667FB4J,1610320122987
AEJ57B375ZNG22R3ZWVTSLNYKJEA,B07G584SHG,1588911318497
AHSVMFADS5Z3JNOVGVGNFBAFG7UA,B07S5C7LR4,1564508629289
AH52XGR4P66YXZ3SFMSUA52KNOQA,B07WGGH1C1,1574702716463
AGWT3HR2Q7UPSGTLHPN55ZDWZ5OA,B07G584SHG,1573390672220
AGJD7SRDILE7BF3VKDRXI6B7OOPQ,B082MH51J3,1655637190510
AGJD7SRDILE7BF3VKDRXI6B7OOPQ,B09293LP97,1655636736961
AGJD7SRDILE7BF3VKDRXI6B7OOPQ,B09T3S8D1P,1655636369670
AFCGLPEP7KRDLCM442DGOAEVGWXA,B0742LVLMJ,1566674382140
AEVVYSXOU37J2NGR4246HG36O34A,B0742LVLMJ,1528243734450
AFQI5XYLCHRYESI6D7Y2PE6JDY5Q,B0742LVLMJ,1522861570853
AH4RBRJY35WTIMKNVCCMGUB555HA,B07QL1JRCN,1570035336672
AGHPNHF42BWAJSXENHLOL7AYPXMA,B07VXJR1PF,1582515793411
AH3BXW7KLIS2VAE56UXJS2NS7I5A,B07NL91XW9,1574531081684
AHZUD2SC7FXVRTNVECGU5OVE3TRA,B07VXJR1PF,1611707414064
AGTCOOFMG6IVUPXTUCN6S2RR3TJQ,B07F8Y6BH9,1579536718381
AHFZQ2PRHSEH6R7V2ATUCIETJURA,B07R14ZBP3,1564299033510
AHFZQ2PRHSEH6R7V2ATUCIETJURA,B07R1VPNFF,1562091448142
AEUKVBFUJLFEYG4GJCFM6BFSIWHQ,B07G584SHG,1603487408037
AEWBIKGVLTHMBALGAUIPQJH545YQ,B07R7WVRGL,1619300977397
AG3RSSVKGCR55GZXBKTUMNUNWB2Q,B0742LVLMJ,1565050155651
AGWHQAAQGDN6HHZV5TEMSN2BLCIQ,B08KWDXTH9,1635020180016
AGJRBY3K46QXQFA3A6FK65KT7YCA,B086JBCVB4,1604201370269
AGZZ64TPIWVZJPV72BJVFRNRZKBA,B0742LVLMJ,1540582444384
AHK3F4WG3FHUZAFUBJWNFKKXBGNA,B0742LVLMJ,1597943490984
AHFJHHYQWNMZNQ2SRN5R3SOPP5EQ,B07WFHJDB7,1571938148013
AFNROKKDJJV3ALTVVMBNGESZTD6A,B0742LVLMJ,1517840411168
AH6ELZGKZK6PQEQASL65N5JR7PDQ,B0742LVLMJ,1539039959425
AFYBN556IOEJMFPEAFRCABP5EZVQ,B07KRGB574,1564128567026
AFYBN556IOEJMFPEAFRCABP5EZVQ,B07KSZGDD1,1564128434943
AFYBN556IOEJMFPEAFRCABP5EZVQ,B01M71IUZ7,1557120004467
AGFG4AAZ34PLHHEZKSCF3GVVCMDQ,B0742LVLMJ,1553801975522
AHONYHRAIIODIIOM5E6AVSQBLDPQ,B0742LVLMJ,1519044634598
AFCAAFZZ3NUIO44RG7DIVZXA6WFQ,B07QHDPWTR,1593720556909
AG446UI4GSL7LAQC4HI2NZ4CGZ3A,B07S63NKNB,1595248145388
AHOOPIK56J767DSRIBQSWSYVMHDA,B09BDBSZ7F,1631556716288
AE4ABCSAROSZWIVV5FFXQM6EV3IQ,B07KSDPDM6,1576430711773
AGQH6TYFHOOBLRF42HHHVLURO3CA,B07G584SHG,1601956464176
AENYZ3UZNIA5562HZLYMVZ6FVA2A,B08LDV5MBB,1652827818743
AGR75L3V5VLPUL7WC3NJBZPLKECA,B0742LVLMJ,1582793683459
AGYZAX44WAMTUKVVC47OKWN7IZDQ,B092R25R68,1622130353179
AFWSS3G4E673GEV3OCWSXOFUTUNQ,B07T43BXRD,1595474595323
AHPVI4YELTHZ7DVTYFC37WQPSRHA,B01M7UDAVI,1536885990768
AEHG266V3ZWNM2PZSNXZNGDMYC4A,B07FT4FMWX,1566961597444
AHWBWDAMWV6KL5VBZI7IG2UPNECA,B07G5GNLG9,1626301697142
AGQWRUQ3ERXQRD2EY3IWDEBBJZYA,B0742LVLMJ,1548253683449
AHPLWMNG3JHF3W4PVS6AAGW52C2A,B09CR7BH9K,1658964553054
AEPW2ONEQGXMXNTONR3OQ4XYNB7Q,B07F8Y6BH9,1613854617728
AF3HNDXMRNITIA4JAZLSDPL5A6TA,B07XH69M6H,1614868139159
AG7U6U6K3BFYUNY3FJDWG66SIDQA,B07KM6T8GV,1662833227862
AEVYSFXLY7R2ZWMLSKWO546THGMQ,B07FT4FMWX,1610722667700
AHAE6GIVSMB4B74IZYBWH5SATIFQ,B07MGJZ2MH,1619553130100
AHARLYOEAIUSZRWAZ2MC36R6YAWQ,B07KJLV75L,1558838053870
AHXPHSCKGZLMYPFLIVUCMBJHFKLA,B07WC2239F,1642294028807
AFAER6655SGPPORSO7ZSKK3Q6ITQ,B09LWMGCTS,1662392849057
AGS7IZCLGKEIKEMCD6WJ2SME6HNQ,B07G4ZWJB6,1565918634132
AEAZU2CWMBHHJJA4VHMXBRRH5QOA,B08DYDKVB6,1621783684809
AEAZU2CWMBHHJJA4VHMXBRRH5QOA,B07G584SHG,1601906183828
AEMDRVDPKSGPZ4VYULWYXICKEUVQ,B07L3W2MDL,1573107882854
AH7G3TRDHLQCJB7ZIUPLK2I4Z27Q,B0742LVLMJ,1534372900785
AFQ7US3CHGUBAZGDYMU4H67FI7GA,B0742LVLMJ,1617683539837
AFQ7US3CHGUBAZGDYMU4H67FI7GA,B08LDV5MBB,1610977733773
AGYSMZXUNAOMC65AGIMMR2OHZN4Q,B09BDBXJYK,1634431637241
AGGJLUQ2RAKLR2AXL4S2JZDCJQUQ,B07WV4XWTM,1591393867411
AFY5STH4LPDLNRO2GLVGVOVU5BZA,B07G584SHG,1548589145168
AG7PS5PWBINU26G56OA2PCC7JENA,B01M7UD21X,1529356311598
AENQMBT7PA2BPRYE2DTYIZ5TZIGQ,B0742LVLMJ,1595991813927
AEFROGJ7U5MKH7L2D5JR75RPJ4EA,B0742LVLMJ,1597527556727
AELUC7JGXVWFJFHML3PBTSGFMN7A,B07F8Y6BH9,1608004616054
AG3MRJUE6FTKJAJ37VJJI23AYKCA,B07VGNQD8K,1597132784147
AG3MRJUE6FTKJAJ37VJJI23AYKCA,B07HQJPGL2,1550777991188
AG3MRJUE6FTKJAJ37VJJI23AYKCA,B07KCLWKR3,1548174526709
AFOVYIE52TMLDSVFSRSUXMJ6DYLQ,B07F8Y6BH9,1609880567956
AEPLGCZHAEYD5EMN5OOE34GARV2Q,B0742LVLMJ,1595773343535
AGFB32EDGJ2D5DIWSN45QCHJ2SDQ,B01M71IUZ7,1511296509003
AH5GZ5O673LE353SOPVGTNAIEQNQ,B07MZFYSHZ,1593699658414
AGQKMRUQSFMN6THF7MPJV5B762SQ,B07DVM8MM5,1570736357725
AGUFZQ2FSNOAEQ3FOQ4PI5G2FCRQ,B08KWK6N6H,1657863645859
AG4KDK4AG7W7OTFF435XW2L6MYTQ,B0742LVLMJ,1581756250586
AEVPXPW662NKOPTJMJ4YOZ2VF2OQ,B07MGJZ2MH,1579203266240
AEIBYF23CS56STYNIZQ3QJYZ3M5A,B07FT4FMWX,1540929840738
AEQ7WEWFPXD6ZUW32JKGYEKD6GQA,B084KNZBM8,1646188498577
AE7HMEYPYNBL6TCTZ5CBII76ATEA,B07NVL6TJG,1627521564268
AHHCQ5XRN2E4JD3G3L6IMFNGWKCA,B07F8Y6BH9,1589674744410
AECB2U457PICCKIINK6AQ35LXI7Q,B07FT4FMWX,1609815856527
AG5BEC3O3WWQ6I2OA4TIMLSXEZKQ,B07DNLPCB9,1533159970086
AFNSB7JQBQTHYH7GCNV63IIIQC5A,B07G5915QC,1625950143397
AHK3WGX3GEFQ3PADUJNM3GAULPYQ,B07N7BG8MX,1557106085274
AHWV3HBYWVIUGXEI4UBPEEJKQQBQ,B01M71IUZ7,1491622809000
AGYPGNNKWFZY77GEDUKQM7A7FAMA,B07WFHJDB7,1575259022227
AFVH5IQCWMOI4C3WHPC4AAEE72SQ,B01M7UD21X,1519079472405
AH7KZU6TTV6SSB6FSR2M4LUXBCTA,B07XZ9MXHJ,1614445550711
AE7J2PGRKCWCAYT3OG4F4HTIWK2Q,B08D1W87FB,1664287306508
AEJGJCIS6D7UU53NEZM7TLP6HHPA,B0742LVLMJ,1545012199782
AHRHKUSSZ3AUL2YEEEIIEF5RREKA,B07QD9WBGB,1614091748901
AFTFQ7JYZFR4GY6GP33PKEAUOFNA,B07MGJZ2MH,1555295660397
AHBF6XA3LKEU6UA2VLJKHRCZY6UA,B07QL1JRCN,1589759366613
AEG7OAB5N4COZL6IGH4KVD7HICFA,B07F8Y6BH9,1579412764758
AFVCW53D3Q7SBJCRSN4W4ILL3LBQ,B098BKMW6Y,1634610243216
AG2ERSTEI7WUF4LADQEGXY4LD45Q,B08Z48VW38,1623371229606
AGTN65RF63DKFEYMSFMSXQNTQHOQ,B07GNWX112,1552765577328
AF2QQT6DPO7AFCXWGFYVQIP3AHYA,B07ZHGPJG5,1611306444275
AFL7T2EPWHVDDY773ETIYMOZ3DAQ,B0742LVLMJ,1578721712004
AHJESIR426AXKOVE2TC22MAI7HKA,B0848NZB7Z,1591656214260
AEB6LYY264TDKQZUF27GXAOTJ34A,B08MW8X5WB,1618674979212
AENBQ2L3AUGUHRMGBYALP55OJU4A,B07T5JT9D4,1596387343244
AE2ZARKHEH3A5PPPZWSIVFQ3E2OA,B0742LVLMJ,1545629147250
AGD7BREFXTLPF5SYUQEBOARQMFNA,B084KNDTWP,1600004944036
AE35BT6PDRJKN6IT2WVIISI4VWYA,B07HQJPGL2,1608986238168
AGFWUVVSED5L3VGDHDX4GFY2BMPQ,B095WFPM47,1627666096706
AGEW3QOUPRXNGVIJDA55BGE7YGAA,B07R99144F,1641304777251
AEGDDEECJQVMYIXW7UR3EPARBUWA,B08KWDXTH9,1612298912782
AHVDQ36THEAJHWMH65WSYYX7IWUQ,B01M71IUZ7,1562080008166
AEFA2AWUPRAF5UITGRIDNP5UVUNA,B07G584SHG,1653221291525
AHYAKLVVLBPTAFCSNG4SRDJMPISQ,B07HP75X12,1606600798461
AHBKEG26ZR2RPFY4DROBQEU556SA,B09Y72P3QD,1652973111418
AHYRP6IIECIFO3ZUKC64JPI73T2A,B07QD9WBGB,1609146018060
AFCLMCVZYR5DCVB4VOVQ27MONPBQ,B075NM1M1Y,1593396729737
AFCLMCVZYR5DCVB4VOVQ27MONPBQ,B07KSZGDD1,1593396055621
AGBVJKJCZ66JSQX4ZM5JEJ4MZ33A,B08D6WQ1Z7,1609957699811
AE6F2H5X2TDJIVQU2QDAVQZGEX4Q,B0B4BJYG11,1667669837195
AH2A2I7IZEEZOWOC7M4PNNTAFNNQ,B07R7WVRGL,1565977347910
AFPS7UDI3ITJRD2SALXOLOWOF7EA,B0B4XCLV18,1678574407665
AFPS7UDI3ITJRD2SALXOLOWOF7EA,B0BFJWB9L2,1678574352682
AG46LQERB4KATR4O2CEUEGGQA72A,B08SHQ43N1,1642034603162
AFOXV7CIEBFSUOIGDKMA2ZLIKRRA,B07GNX2VPX,1551907676142
AESWXG4BVUJBQDSRWRWBOMX7VQ5A,B01M7UDAVI,1530911460782
AE6YDEKLST4JTNTZR3UTRYNHBZDA,B07XKF8CB3,1623699154941
AH6QPGMKLQPDSJ26MEMFIDP4MF4A,B01M7UD21X,1554585195051
AERG76FIYPS2CRJVJ7RVQYH5U2KQ,B08PKWR7V5,1615014053000
AERG76FIYPS2CRJVJ7RVQYH5U2KQ,B08HHDQPPN,1606519115656
AEMUYYHNNUXQMBHN7HWYXA2WEKIA,B07G4ZWJB6,1605562152981
AHVGDWBHNUQVYEXLESBXRGCEZPCQ,B07R7WVRGL,1627471561407
AGNRRXSOQPDZPNX5OGL6AMZXFNTA,B07G584SHG,1572054867704
AGI6BQJ3SRPYS4GBPKV6WRP4JFJQ,B01M71IUZ7,1504810451608
AHDJM5J76KO7HMZSF7A6RIYHYUPQ,B07KC11QFV,1613668134651
AF4L6RBPRVOLSPWQH2XQ2SRVV4IQ,B07KT17L2S,1602607502803
AEZ2NQNPO6QLEXZTUIORGQDMAF3Q,B08DDLB9S5,1639684227780
AG74C7UAZNX4KPZ74OM53J6HREMQ,B07WT5CCKH,1578760443940
AG74C7UAZNX4KPZ74OM53J6HREMQ,B07VGNQD8K,1578526551811
AGDSBYDKLBFT35YI2OH7OGCDMTLQ,B07KSDPDM6,1592016226564
AGMHQP4TEUV4FCYGWU4SWP6KF3BA,B0742LVLMJ,1525805799238
AEZODKUNWB46SN4DO56TSDPXNIOQ,B07WGGH1C1,1651347463112
AEQ55ILXCF4IX5IEBGQZO44BBT7A,B093T2CT9H,1622740840441
AEPRGBKZYESYTHSCBJQLZC332GUQ,B07DNLG9ZR,1554831222439
AGUOH35WSBRHAJNGT5GAKDFHFM6Q,B0742LVLMJ,1519240467575
AEIDXFJKO4ESY7FY25JGQSJDWKVQ,B07G584SHG,1568153335939
AFVUBBGL5QDXAMWU4PCKLTZEMRHQ,B07QF978WX,1575821754731
AEX3SCFSPNUCVM6FVRCWPBCEPX2Q,B07VGNQD8K,1606008628052
AGZV25IND5HDM73BHYANLJXTW6YQ,B07NVL6TJG,1594106706892
AGZV25IND5HDM73BHYANLJXTW6YQ,B0742LVLMJ,1589928465259
AEHTDV2EYFF7ERKKTC7NQ6U66C2A,B07G584SHG,1542758379332
AHVQJAA3TTFECBSHAMSWYYPXUAFQ,B0742LVLMJ,1518990671532
AEOGFDRVC3DLMP5L7FFT3YJNSMNA,B0742LVLMJ,1543962556917
AGAXNRTGI7ODZDCOQJUGUPCPLVOQ,B07H3QNJ1Q,1561342916798
AFT2GJISOCFYH7QS5E7RARWHTW6A,B07VXY755K,1655246622586
AGEZ7BX4TUUHN6UP3UIZZZ6UOF6A,B07DNKDLYV,1535915640669
AEHZCRE6LMASOAYD3YF5D7IC6KBA,B01M7UDAVI,1485920222000
AECCLCJXRO7A7FXLXNYTP46AIJBQ,B0742LVLMJ,1527980164851
AGBGPE2DQZ3I7E4LYVJ4BYIKL5IA,B07DVXFP2N,1540615646374
AHU7JWWRSHUUNTZT2KNY3J66QNOQ,B07G584SHG,1566122733383
AHBBSX2VZZXYUCYDY5UJGOGSIAIA,B07T43BXRD,1590949564684
AHOFIP3DY6DXSIAIOQDZRF42LACA,B093T2CT9H,1656627194165
AGIWBTWEKU33MREHHCFHRZSUCFAQ,B07QL1JRCN,1571184977433
AGIWBTWEKU33MREHHCFHRZSUCFAQ,B0742LVLMJ,1555110659298
AGHWDSJRRLU6SODGA6VUCW2RFKDA,B0742LVLMJ,1636828278606
AGUSGDVQI6KTNDRTWZUCFGIGAN4A,B0742LVLMJ,1589391265998
AGB6KPTCF6B2HNW43AARQNTZKQ5A,B07KM6T8GV,1607135742862
AEPWFIM7FJTCZEDM3FYUVBJ6WTSQ,B09Y79XYPP,1667752249372
AEPWFIM7FJTCZEDM3FYUVBJ6WTSQ,B0B6CPL52Y,1667751729797
AEYHBKXUITNFLBCLH67XTDZLDFHA,B0742LVLMJ,1606943546101
AE6LTW7TNOJC64HD4D2LF4MIBHDA,B07FT4FMWX,1624400827501
AE6LTW7TNOJC64HD4D2LF4MIBHDA,B01M7UD21X,1556908755844
AGO7S3XJCIGJSHLFJKMY75HPWPTQ,B07SPDBR1J,1567978989019
AGQ4XRA6HXINQRUFIKFCU42SAUZQ,B0742LVLMJ,1609375510469
AHC5EQBXZEHJIW6HXIVBN4KSM52A,B0742LVLMJ,1600781242343
AFR4MQ6ZVPP2UULUQCOCZDL3NYQA,B07NVL6TJG,1560310761212
AHGKC32IZAQYFWGD4ABAUSJ6ASXA,B0742LVLMJ,1552931709054
AEDM7ET4Q42NGXITRAMDQ4GX6ZPA,B01M7UDAVI,1546905180804
AEU3ZAQDXUYV55WZYDMWGPBBR6EQ,B0742LVLMJ,1581177201204
AHHSOC5OSLPRNI7QC3L6W7UBTZPA,B07R99144F,1597169778082
AEQWUPS5UOAPQMF244E3WO46KFEA,B07S63NKNB,1597770011265
AEWGZABXEFUU3HM3Z5EZRFC2VYSQ,B01M71IUZ7,1510165049831
AGZF6VTM2MTAWVCD24HYRWD2XD4Q,B08M639361,1614837410716
AFS2SAA3YF3EUBTGULEM3H6CPHBQ,B07Y23PKWC,1596151730457
AEBS7WPDRUQXMJBHTP2O723YRLMA,B07H3S5Y9V,1557029420860
AEGNZERX6QR2AKQG3JPIWYIA6URA,B07J2LNG43,1617398687085
AHVG2UABHILDMIZTH4BUFNCIWKEA,B01M71IUZ7,1511204928696
AEOZF7UM5SUZNUP3ALUR27KEJNZQ,B01M7UDAVI,1486151819000
AHIKMQUMRH2RY6GHCVXBZDLOPKXQ,B07G5915QC,1646069615115
AEGA5XZZR3MYB57WSYB5PVMVP2HA,B01M7UDAVI,1515973741382
AEHJOX2NQAFE6AXFQ7GMT73VPHXA,B07KG71FKH,1580503330013
AFPHZE7B46ZHB2J434RCFATGAEDA,B07QL1JRCN,1580853907989
AHEAP7Y6R3TLLL6XK7LUB75DFTCA,B082M86VL6,1607992911512
AEDYDLAMTTXXRZICRIPFWTNAZI4A,B07VGNQD8K,1612326626392
AFXLW73FVRIOXQ3HZT4DHASZO2AQ,B07G5915QC,1568937431896
AFW3ZKPM5GDR6YEMEDNORGY5CAKQ,B07G584SHG,1565912162544
AH47TPQU46BLJPFCE53ESFXSJO5Q,B01M71IUZ7,1493252215000
AGUTZC4GHLTGYHA3KBEDRF6MHB6A,B07GS3H343,1596161538985
AH3YBUD4ZHFZMP55TDVIINY5ETYA,B07WC2239F,1618978202451
AH6QKPH4YNWCBAEYEW52JQ55C3QQ,B08D6WQ1Z7,1600740946373
AECUFSSCYGME6PKSKXMBI62UNEGQ,B08LDMKH6K,1641428880348
AEHWECNK65HS7NQNSESM632FEUJA,B08F814PSW,1653397237097
AGYGO7K5CVGVJKAIR5JQMY3DTVCA,B07QL1JRCN,1571402875282
AFV4KZQZQ2CXC2AZWTEYEZFEODVA,B089NZ8D82,1622786410162
AHIHLC7D7PBFWLLOG32EKUWX43OA,B07XKF8CB3,1618752379278
AHTAWU6OVOHI6A3QWU7ZI2VGRYXQ,B01M7UD21X,1562633735278
AHBJ5HCECG5NITAMO7ONEZUZGMRQ,B07G5915QC,1562810367247
AGOLVPSZG4U32BYQPSLZMFFW5R3A,B0742LVLMJ,1562126401946
AH3WZL6E7YGC4KX6GYWJ2HXJNX2Q,B08C1NC54P,1614016952120
AENREYWJ5GSCKLPUCFKOUZ3SDZNQ,B088YB3PRB,1607709454828
AGVNIO43G2MZLPVSYPXTYSY537GQ,B08JZ67C2C,1620500135856
AF6GA4Z24SRXIDBMOWTCBVSCDPMQ,B07R7WVRGL,1633891951250
AES2RYKHJ36PKR5GOC5KC4HNAK2Q,B095WFPM47,1662070617353
AFLRZDVE2DY6CML3NMU7GVYUNSOA,B0742LVLMJ,1529556828303
AESVUPAU6YASATPE6KNLTPVB7EAA,B07QL1JRCN,1605987781852
AFWVLOIGSTCWLYYTNOU32XPTYEOA,B08CS3B6CV,1609714116156
AFULYVCRDTFWZVB3EKZJP6OOYIOQ,B0742LVLMJ,1654222362829
AEIJWYYC3ET7PWF5URCP7WDEV6IQ,B091YHTPJN,1634181803349
AEIJWYYC3ET7PWF5URCP7WDEV6IQ,B07DNKDLYV,1548980900004
AF3V5IBYEDXNULY34CIDUQX62F6Q,B07HQJPGL2,1564164498611
AHY4FDU5L5ZCEEZ672AVXN7LOKNQ,B07XZ9MXHJ,1614115934034
AGHK5UR5Q57APW6D5NC4AO6ZNA2A,B07VGN44WK,1591965206971
AFPY3U3RLOLYNQUM4WSFVUY7AANA,B07DVM8MM5,1574628734812
AEE6P5DQBQIZS3LWK4J6Y74QC5IA,B0742LVLMJ,1581731352874
AFFAAEYN42XGBQ6PJYJ66QURDTGQ,B07S63NKNB,1590765804677
AEBUHP2THOSQ3GM3DCIAQTFN3NAA,B07NVL6TJG,1617386850904
AHQBCHQZJAHCQANYQHPZ3ZN3OMBA,B0742LVLMJ,1526614256112
AFUIXJAUCJXIDESWBSDRXDOFQL2Q,B01M7UD21X,1560127903532
AEJTGCYW5KZ4ZLR3N62QZVJQTOQQ,B07R5VH7XT,1575858631999
AHJDMQ5URY2APSPEM37DHEZZTJFQ,B07H3QNJ1Q,1543116938363
AGLUUYZ7W2SFTOFVWO6L6PDOQYUA,B07VGNQD8K,1655610548746
AGJBWWW6RDZ53R6GY4QPW4KWJTOQ,B08DDKTDSF,1638398807642
AEJE2Z5I5I2GBJMCGAOMF4RQ6ZBQ,B07DNML26P,1555297747681
AEV4MWM6VRBKNUCAV3ABVZPPK54Q,B097F3PVMC,1645727646122
AE5MJV77237YA3TNIAAQ7UWRE7ZA,B07DNJ6N8K,1543887182684
AF2LFSDT2SHRD2WEEC3O2ZWIWYEQ,B01M71IUZ7,1530236398028
AGEGR4636OYZNQ56TUAK5YQFQWLA,B07N4TC26M,1606665908605
AFJZRYPLY4X5AGPJ6MDCSUFASNHQ,B0742LVLMJ,1519879508535
AHHL7P6SMDTIN6UJ3EMRB2JTDI7A,B07DNLG9ZR,1553992544851
AEHX7I2PQE5IXL7QQNKCQBAGOVHQ,B08MWNP4M5,1620072949516
AEOGZ75DCGZKDQCFTVR2VYOLTB2A,B07G584SHG,1538523973628
AEKNRB2GP4DEGMKULL5SGK3A4YZA,B01M7UD21X,1566747807085
AEYGPGWOOILVX7NQU7ZV2LQFWWZQ,B09S3VN2MY,1650568414037
AG5YID3HJJ3CY4BLVFCFUTWHBBXQ,B07XJY11B3,1616226253611
AGYCBMXXKJ74RXTWO7O7GM6VGIEA,B08JZ4SVKN,1671198222718
AGA2LYZP47SWT4KKJF46G5HXGQ7Q,B08KYCG4MM,1634397718266
AGYPTDPEMBQSEKADL5LHLEASALFQ,B07M93XFK1,1660084540533
AEMYTV76HK2ECKIK65NWB274MYEA,B08DDJ1QRS,1618019682953
AEPXKEFX75DJ2PMBZWFF5TAH4KGA,B07DVXFP2N,1552499202192
AHQEF2XURJMRAL2HJ7M75EYQCKWQ,B07GNX34XV,1551910687462
AENPN33QP5S6PD2XUHCM77DLZDGQ,B0742LVLMJ,1528340578553
AFWO5YGLDUY32TQ7CM4GZWUBMKCA,B07G584SHG,1567564625917
AHYAO4LN6TBADPHW2IIYHREUCXEA,B0742LVLMJ,1558733845793
AF2ILLEPDOEX3T3ISNFPMNCKCTNQ,B07RBYJN37,1575477587146
AGGUIVDYY4TTJ6XIG7AGTLUH4CFA,B07G584SHG,1626835848032
AEVTMJ34NUAWFLPC4VPPHNWC7MZQ,B07VHRZHQT,1578057818496
AH2NDVR5UFSW3JE72O5JA23RC4LA,B07FQWLCT4,1539633118723
AFC7BRIIFXRLEECQLEDHJT2A55VA,B084JGDV6P,1656103066890
AEBUEWUFUZHUGMS27SGABZLQMPRQ,B07KPH6D57,1562335457226
AGYHXXOKZO6CJP7X4Q2QBT3SLDSA,B0742LVLMJ,1556406640192
AG3P2O67CQLHVPRVAHKA2XUWPKRA,B08DDK1TP5,1609013184499
AHRTDTZ7QNTKFKAXFDH2ZSAVW4MA,B0742LVLMJ,1503406242746
AG4HQ4WHHCBTDL2HWUQR256SKFXQ,B07HFKL5DZ,1548723343865
AGB5VWRK4MQSRMEZ3CN3KVKNBKFA,B07WGGH1C1,1581526000364
AHB3DDTE2BFTOEBF7WC7GL5JSXJA,B07DNMN7X6,1556033778108
AHB3DDTE2BFTOEBF7WC7GL5JSXJA,B01M7UD21X,1516903283516
AFNWJDDGHQHVZ4UICEYBENAF4T4A,B07QYNFHVH,1614645292301
AGFL5PU44YZUNIDFKWV7ODXO5YXA,B0B39LMRPG,1668743412952
AHLWYQYEMTHIQKZPJTI2KWMBJK5A,B07S63NKNB,1566737281442
AFL6IOFDXPGP4FGHD5SLQIGYKHCA,B0742LVLMJ,1618428408337
AHKAEZSQA42JUSQ2HJR4S2BBPOWQ,B08GDYXWBG,1649599495345
AGKNR2FULSBHRKV2CPPIY2YGGVEQ,B07SQBG2VG,1606341753265
AH3FAVVFOE64KTXFOWKVBUHL77BQ,B0742LVLMJ,1599765981578
AHAWU43LSRML2CM22MFLWWVWZAYQ,B0742LVLMJ,1524783045835
AEWZSGMCRJ6PAUPZH3BPR7ULRZ6Q,B01M7UD21X,1523712345262
AFF6SJCNBC755N3IKWVKJ6Y34ATQ,B07F8Y6BH9,1587604421737
AFSKAJBADQYL7DVWMEEZMZTHHBMQ,B07R7WVRGL,1608409157683
AHQFXSNXCKRHSCGXZ6TM3AAQRRYQ,B0742LVLMJ,1613585566226
AFCBH4ZEIESIVEXKKGOMOS66L3XA,B097TJ2YWL,1628709095964
AGVCBJSAFHEOOX3JAGGQCK5BJYOQ,B07VGNQD8K,1582425086698
AGVCBJSAFHEOOX3JAGGQCK5BJYOQ,B07TBGM8WB,1582424876522
AHU4SFWIGHAVMUDFOHPMMG753IVA,B092R5FPR3,1651426396633
AEPRG6X4MWARZC7ZYV64A5JLC2GA,B01M7UDAVI,1519218862395
AFREQCJK6FBUB47K5XEEZJPT2UFQ,B07G584SHG,1620144988815
AGUIU2XSM7V2Q7WM46RWLRLZQFLQ,B07DNLG9ZR,1546704357531
AHHCZUQUHCFCP7MDCYIY2DD3G6LA,B08D6WQ1Z7,1619675405517
AGDYF44WHWT46XA5R4LR54WWQK5Q,B07DNLG9ZR,1534594276322
AFMUFZGCCMA46RXA5PX63Y5UAIVQ,B07DNLPCB9,1538744656186
AEHFR7TE5TI2I46MK5H4IXZFEWBA,B07R7WVRGL,1562867165595
AFWJIG3VYZQN3LGDLUX64LNTAK2Q,B01M7UDAVI,1498320099208
AF5DREJLM4GVFQ3IN62HF4DWBXNQ,B07S63NKNB,1579587753776
AGG5YY7KV3WTZVZU3F3U7NZ255OQ,B0742LVLMJ,1667935392086
AHODT2KOYVDFWSBBNX4NNEFQDNDA,B09J8WHPTW,1637076634328
AFPJAQNWQ3WCKVPRX7KIZKELE4VA,B07GNX34XV,1541519644303
AH3HJ6AIB6ZQCNSHWLNI3K44K75Q,B07DNM6GBC,1534208479343
AFKBM4CB7GR57QIPZVI7B6CN6KZQ,B01M71IUZ7,1496274690000
AHOLGWNBU2HARCBWWTWBKPXGYXAA,B01M71IUZ7,1496871907285
AFCQ5FIIZGSTNC7PGF4X6E5NV53A,B07MGJZ2MH,1568605011238
AEBZ4E5VA6DY6HYBUZK3UBE4H5HA,B07R7WVRGL,1622825989083
AEK3OPP7YVOARPJKXGM7LNL45CTQ,B07HQCCD29,1645708911848
AG3K6W57DAWJGFPG2ZOUJKA5QMBA,B07DNM6GBC,1622753629914
AF3XY3KUUD5J7RB2NWSZMA4BBNOQ,B095WFPM47,1625611103306
AHHNISXOUOFEGVPXW4N6I55RFQSA,B07R7WVRGL,1645739054609
AGFMM3GLSGF2IFL3YXOOHA6VB2IQ,B0742LVLMJ,1605063088165
AGF5PONRFMCV5W7SVRG6N7QQ433Q,B07Y23PKWC,1578197180283
AHNVFY6YHWQC4PA4NAUTFXKJXUWA,B07GNWX112,1541798640158
AHBJ3ZYFYW2TVQNKE7MK45SUJHJA,B07DNLPCB9,1546130096689
AEURXFZMQWMITZZEUTLKCPOR3IEA,B08GS38B42,1663806719973
AG4VDLUCA3NVS3D2SQRU2SJNPJRA,B0742LVLMJ,1519849422450
AHRHJFT5MR6G2TIVHUDOKNBGKKOA,B0742LVLMJ,1555480845451
AF2CDSJEEIGQHGJUNN7PKH7SHLBA,B07DVNJ5LP,1603483062722
AF2CDSJEEIGQHGJUNN7PKH7SHLBA,B07HFL1GS3,1598756355785
AHQMYOOZWGNM4TPYMPEK64KS5TUA,B08W59VD2K,1660328064898
AHEESQMG765A3JQHXLMPER3CY5SA,B07SDGBPGK,1579825744019
AGLS7YFKTGUIFFRYVTITTYXQY7OQ,B0742LVLMJ,1594250395559
AGPV5H6TELPMKYFRIVOYURSLY2NA,B0742LVLMJ,1589579806725
AFIILY3CME6HZTMQCNKPI65MIYSA,B07DNKDLYV,1602879613958
AHLQ6STVGMUKT72R2RXQFRB5MKIQ,B07G4ZWJB6,1546877871796
AF2UPKAMJK5SKRGFQSQGSXJ4QJDQ,B07NL91XW9,1644087479686
AGPCBQXI3HVYGO3LT6PWC6EUEIRQ,B0742LVLMJ,1568392526052
AHK3YG33DOYVOLNJBQQW22QNW6JA,B0742LVLMJ,1602085309043
AGUFUWOD2NVUE3WYPTVOWDFQYJTA,B07GNWWTRV,1541867967332
AG6OGIKQVPZZ34727XZ23UTK6TGQ,B01M71IUZ7,1515691809920
AF7FVZ4EQA4CTVMXAL33PQAHEFGA,B0848P9FN3,1626193586409
AHXX7PECAR24Z7XKUKN4JQJXLRKQ,B07RBYJN37,1580127376012
AG2IJEESBC6HB6IMF33WBCB327PA,B08D9SNKK1,1632501632793
AFJMEZTLNMJ6PT4AT6J2VB6LH52Q,B07GNX34XV,1557558859712
AHRYSP73J7CAM5T2HVGPHL5YE2PA,B095WFPM47,1646002211650
AFAQWNSAS4W5YSS7QH54DBQFIGBQ,B01M7UD21X,1530500911924
AGI6HO3BZIVRMZZ3GY24PKZWHNAQ,B0742LVLMJ,1590316979050
AGMY5ILV6BKWZ22ADOMCTFNSSH5Q,B095WFPM47,1634352110373
AFBPMPD2PWUSE2HJ2PUO4GBFACZQ,B07DVM8MM5,1577004729663
AET3MMBIIU7KA56OW6F6MEX5W2IA,B09HXYYY4P,1658870739352
AECSNWNEHWJ4QVM7XYYPKLPIMG2A,B07WC2239F,1595181957711
AECSNWNEHWJ4QVM7XYYPKLPIMG2A,B0859NMYCD,1593311260300
AFPDM5V4U4FPLLWVB6YFEXA3ORHQ,B0742LVLMJ,1644177961273
AEEQ4GJLEP2IML42HKV4FGMSMR6A,B07YF1TGM2,1596191113918
AGFHAEV2SV7V22FO35CV33CGXYXA,B0742LVLMJ,1605378397274
AGH3O5QKKBVBNPHPAP6DQ63HBYKQ,B01M7UDAVI,1538121413548
AHUFMSULRCYZDGQMKVPVGRSYODUQ,B09S3WT3LD,1667584093303
AHGE3F2CSKEKFO2RYS5WUB4KT2AQ,B07Y23PKWC,1597360006916
AEZ4K3OTZRHBZZPBJLYZRICCRHRA,B07DNKDLYV,1607983037209
AFV36MMIHKSRKH6GA3BPBPSMXCEQ,B08BRZ8J75,1598757760191
AGPDMKSHRN76BDFFTEHBR4O6JQ3A,B01M71IUZ7,1524083100729
AE6BMY6F3LHVRUU3MBWWERZTCE5A,B08M3PRYXX,1617674169177
AEQ3R45MMBAU3RVJ5E2M55GXLU2A,B07GC3QLWS,1595273077095
AGT7LBHYDSTEAJGV7PIPHNMHNRTQ,B0742LVLMJ,1556620104807
AGKIVBVHO7HMYPUANDHX4IQ7CGYA,B07SPDBR1J,1570911935945
AE5JXCHAT3USS2GRABU5I7NORDQA,B07DVM8MM5,1582256570674
AH7SVPCWSWQ553HGX4O2GSFDHT2Q,B086J9WXWV,1600300152829
AGXYGH6FCROCSSAJ5OJ7CO2PHKEQ,B0742LVLMJ,1502186431118
AEMGQ3NM6X7CXFL2PQTBZKMS5PSQ,B08KQHP9ZZ,1660154104128
AH7ONWYPREQVWB3OMZT3UXFK7SAA,B08R8Y2TP6,1656216245836
AEVKNPBWVB5HEXROS7ITA4P6Z4BQ,B08GDYXWBG,1605123331908
AF5C3TXYENDELDV7LTSMY2R2RKDA,B07H3QNJ1Q,1576194877349
AFQHCG5POPLULRMH66C5WZBTZNTA,B07G584SHG,1635733837256
AE7IMIY2KRQJ5PUUXAFHWN3EJKFQ,B07R99144F,1636337145944
AG7JCEMC64AM7JPATDVGP6YZOTXA,B07G584SHG,1562585290518
AEBXJVK4HGB32EJND4US6A3RCJOQ,B07NVL6TJG,1567900761420
AEBXJVK4HGB32EJND4US6A3RCJOQ,B0742LVLMJ,1555480018756
AEBXJVK4HGB32EJND4US6A3RCJOQ,B07DNLPCB9,1554018006660
AH4OXJVE4F2T7BXF37QHTSEJXXJA,B095WFPM47,1661453705869
AFONHZD7QH37LQWREPRJQOKVE64A,B0742LVLMJ,1516375215328
AF34N3GRUH43D64PSMTMBKQBNLMQ,B07KTB8PHS,1578019131863
AHCZUDKT5RRBGQHE3LDOHPIWOZNQ,B07KTB8PHS,1561073817320
AG5U2LAL2CLG6KKMMXRZXEMDODXA,B08M471M8J,1626692617036
AEUSR3CBHDM4TNQTI23CBTJKSZPA,B08GDKDMDT,1617728319359
AF7FVPJTLQVVN2P3R5FVUAB3FSCQ,B07H3QNJ1Q,1568189558132
AEMR2HTCGWHCAYCOEA4S54QFEJRQ,B0742LVLMJ,1677179550108
AG66JDV3XTZRNHUT7OGTDUVBYWIA,B07HP75X12,1601646199993
AG6264SMOZHEXYX4RPPWAUH4IIEA,B0742LVLMJ,1623969750966
AEUVXEQNPMSHZA3XSH2BKWQ5C63Q,B07G584SHG,1597770962137
AH74PGSEVHTSU3CFT23LIFMGRCBA,B07DNLPCB9,1536271462330
AGNOPTL3F3J3QVWMPVJE5MFYWLFQ,B075NM1M1Y,1577116748887
AH4BTR7ZZPE5X7XOQS66KN5WCI5Q,B0742LVLMJ,1626931703667
AH4BTR7ZZPE5X7XOQS66KN5WCI5Q,B07NVL6TJG,1601760007320
AGYYNAE5G66CABG4IZVLRLL3SNDQ,B0742LVLMJ,1530386073986
AE2GQACMPJFNYSN5N2XDUJQ7NQAQ,B01M7UD21X,1485826116000
AH332TEASYLKBWFGQCZTFRQBB4TQ,B07HQJPGL2,1577375837635
AG3VWU3VE6LEXXGSRWEAKVTEFWAA,B08M9X9KTN,1631415590186
AFBUDPG5W2Q4AH6EUYEQCV5EFZCQ,B08R5BN2VH,1623780756679
AERVEBKW2WEP3OHLWWOQGGW4EIIQ,B07TC8GD11,1574300131471
AGXNVQXFORUTP4IV2MZYAK5OLGBA,B07F8Y6BH9,1593388453334
AGN7JYZA3URZONM5Y265FZ7GDTZQ,B07G584SHG,1579401429589
AHPNUWDGMY322JQBWXHH4TKUCGOA,B07DNLPCB9,1539274351001
AHFYTOXGMUH5MRUM3XFXN2TQWQYQ,B07NVL6TJG,1593899144676
AHP2IJ5EW5O3JOKYYPRM3MSQRDGA,B07G584SHG,1574902780250
AESU3XHO7CKQFWBXBVWOJWEXLALA,B08KWJ5DXV,1641241517702
AERCHTLKJCARHKQBJ6IU24WMCHFA,B07KSDPDM6,1576084003358
AH7Z5BT7H3Y6JSNYAE2ARLWYZFLA,B01M71IUZ7,1489503796000
AFUCBBYAAJQSD4ORQXCPIXGH44YA,B07NL9J4BQ,1592689170314
AFVZFCKH5SHAN3VN2CMHIZESDJMA,B08W584JQF,1657751460938
AHEZYVGHBTSMH545AKJX6BFAOM5Q,B075NM1M1Y,1592945136154
AFFUQHVKNFTSIAHIMQV2EPJYR2HQ,B08KS7865F,1607717799331
AEE65527RT7XILWR4WM53OPR3I5Q,B07DNLPCB9,1587588692487
AHCM4H32TJGAFAVFHUS33R23FHVA,B01M7UD21X,1525289183402
AGAHNIX4V527KCBZWWOAA2ACPR5A,B08GDYXWBG,1616187146571
AFR64BFQBXIOSVUTVSKTZPWGD4PQ,B088YB3PRB,1625875522807
AFII3KO3O24JAJLW32JCGP252PEA,B07VGNQD8K,1623340708687
AG3M52VBU4OB5YJ2CIQMLSBZAOSA,B0742LVLMJ,1566322525892
AHLVKR3SDUB5HHSM7CGA25VTSUJA,B09LWP4TWW,1678036022472
AHLVKR3SDUB5HHSM7CGA25VTSUJA,B0BM2Q2X53,1677992160575
AFBLWU5PGBTMXKFBKMIGDDQ6TNCA,B01M7UDAVI,1489852714000
AHZ6NJY6LANKEGPC563FZ2S7JEQA,B01M71IUZ7,1576182861922
AFDKBZJYC5VDXRC6RX44FEQLWKQQ,B07VGN44WK,1591464143824
AFVFBDFIXOC4DC6XC7U5SWXWX65Q,B07NBPQL3C,1622051002415
AEO2EVTNH3746IG44OWVUIPPSOYA,B07KC11QFV,1616310345027
AFI4KRGGRZ25RTFQNRSIPFFCOYQA,B0742LVLMJ,1549415914617
AGBDIUVWSSSV6QUN5TWU5DAVQ7GA,B01M71IUZ7,1488371137000
AGWWN6VXH6UL3Y5GAUC3QNEBXNJQ,B07HQJPGL2,1608029636957
AFUDD3DKL2DHQELRTT5QYQSO2FRQ,B0933CF1DM,1623207505592
AH6HGAKXOS2NPUBPCK3YA4KQYNRA,B07GNWWTRV,1544131940369
AH6HGAKXOS2NPUBPCK3YA4KQYNRA,B07DNLPCB9,1538775542751
AGEOZLPQ4ILWWA2LGSPIMNBK5ZRA,B01M7UDAVI,1537487003361
AHR3PBNPE3MAAVUUVGFIN32NQERQ,B07H3QNJ1Q,1574091748411
AGJRZAALCF72HZ26BXYN57B3FHFQ,B0742LVLMJ,1546800187713
AHO7IQYBZNPZSWJDDSL7HXYMP7DA,B08R939TKC,1662677526908
AHIXHODKOKUQD5VUAATLXPYR2GOQ,B07R99144F,1580322715738
AFLHWY6TGH3BZ7SSSUIVYETOF5TA,B08DDK1TP5,1601566506284
AGBFC6R5KG7BSWDVTLKNXEV7KCMA,B07GNX2VPX,1562344749622
AE25K3OUYD7Q3Q5EZFFJNEMPSTLQ,B08DDJ5LYG,1600718014390
AEL2CDM52A64POTYWJAKYCITS2PA,B07G584SHG,1627964361276
AEVDAJEFTFWJQHRJF7OC5OHDJTLA,B07DNML26P,1533861434948
AGKDRVNM365D3NLORSTNMUBN6FMQ,B07DX25MZK,1539224312811
AE7MNHXAINA3VCP7BKFCUUK36XVQ,B07DVM8MM5,1547512187111
AERR6YOUFOCHCSSQYKINST2PEYNQ,B0742LVLMJ,1579914938264
AF245GJ52LYHFP7WFQCXXCI7R5SQ,B07HP62FDJ,1606155887582
AF245GJ52LYHFP7WFQCXXCI7R5SQ,B07QL1JRCN,1560809699106
AFZT4FLSLKM3NRILZKVVTJHZIP4Q,B07SDGBPGK,1594421827091
AFZT4FLSLKM3NRILZKVVTJHZIP4Q,B07G584SHG,1575407332158
AEARL3UGFLWBK5MDRQEYSDODYSBA,B0742LVLMJ,1601522434208
AGAWDIGICOSNPQA7WXI57CPQFFQA,B07GNWX112,1562729910457
AG4Y4TLMZIEERTVCMVG3ZNFHBZAA,B0742LVLMJ,1515563555842
AG6S3PFWK5JT3XONUBSJDF3FWVGQ,B07PRXJMLZ,1563484167519
AEWCU4DZERLJN2NFS7Q5SHTKBUTA,B0742LVLMJ,1562552076761
AE7KY6UUJMSMUN3N4SCFBCNR5IEQ,B0742LVLMJ,1600376072531
AHFSJGIBCICVVT6H3256M6TR2U3A,B07DNML26P,1557804278164
AFFFSKOYLWE77OSG4HSEGIZ63QPQ,B07RBYJN37,1645152928081
AEAIJVP6GJ7UHTFZWHVOV3UA6JGQ,B07RBYJN37,1614808314167
AEUEOHMCOAVDQK3RXPXRA67SUCGQ,B07G584SHG,1541537514009
AEROMOVKSY7VI3OJ7B2OJIXJ6BPA,B07XGNHYC2,1618097794239
AH3KEDBPWJGL24RNC6VTJOJGYXSA,B0742LVLMJ,1503331011973
AF732V3PW3A2RGSI435E5HI4UVBA,B07Z3ZCJC2,1656528352835
AHGX2OD5W75GQIWVVYXKQTIDIYCA,B095WFPM47,1624994996500
AHFUUM7CFGBF4KHRGGWRHULOKXJA,B07S63NKNB,1579392131104
AGFMGKUMSUO4VWYYD7ZCBVG4CX7Q,B0742LVLMJ,1515645228873
AF7G6DMUCVSNJR7D7SITSQLUAE7A,B09Z1G544H,1657857259668
AH76P4D6C4WFQUWECFP5HUFKSASQ,B07GNWWTRV,1541466485939
AHOKOF5UIDG5R72IJABYQTKICKGA,B07MJBM6DS,1619064056781
AHCRIEFVVN6UVTXL2X4RF5YI64PQ,B08GMY7F9H,1635901066229
AF4BCKFTPKIMMDUZPPIFM22YJTIA,B08GKMF8BW,1638306952160
AFSD4KPBQ6F3I3N5PYKW3SI5BAFQ,B07KSZGDD1,1636032109093
AE62ZHAW34MDLWX5LZKUHIK3YNKQ,B07NL7BQS4,1587304669747
AEBWS5VAL7UUQNZG7IOBCXON3VEQ,B07DNLPCB9,1544737596812
AEIFQ2M4OJBXTDQFXOUCIYOTDHEA,B095WFPM47,1628199638336
AETW7RAG623NHGB3KGZVT2GU5V4Q,B08D6X2RD4,1672149010309
AETW7RAG623NHGB3KGZVT2GU5V4Q,B08K3M57JT,1644592230036
AETW7RAG623NHGB3KGZVT2GU5V4Q,B07X5SVBJW,1642217958768
AE44ACQCDKNDMKXYAC2I52EQEPJQ,B098KGN8FD,1626143086022
AEIX3EYLXMUJQ3LABM7QHLTMJXFQ,B0742LVLMJ,1605118941793
AFOIUBQEAWAB73GN5LUVM37H2F7A,B0742LVLMJ,1559073697798
AHXIRZIRXYYBDT7A4VGWKJRV67DA,B07R5VH7XT,1606974415199
AFC7H34EARLQ526F6BFYUGQODGDA,B07SDGKP88,1614188161776
AFSO7VN6FBUVIFZFTPSXW3BZW2KA,B07RBYJN37,1633717827189
AG3CPGHMVVRA2MUIAQB6RAYII55Q,B08D6WQ1Z7,1600542370471
AG2XU426CFTYTOA3DS5QM33OFTSQ,B07WGGH1C1,1612714203764
AH32XLD2HVJJDCWFRP3DUSK7TREQ,B07WGGH1C1,1630347359739
AGVPAYEEC3JYTXTTU7MGCWMCWEAA,B07WGGH1C1,1595103995761
AEP3QWXNTVZJYS6YT4B2ARQBK65Q,B07WV4XWTM,1637075153494
AGG735PAFORMNS7Z7RCDFATFQ2PA,B07VGNQD8K,1594339627169
AEWFPET3EFIINQLKBTCBJPDX23ZA,B07NF12XPB,1558847103649
AF5HGNTGUXTDBVRIAGB3WPIPN32Q,B08BQ95TR2,1604899526211
AH3M65BNH7UZP5IH5ZYKZ3DKPFAA,B087YPRGKB,1607030248189
AG3XJ7QU2XGJHPTISCVAW2UZUIGQ,B07GNVJ6R7,1568748155665
AEE2W22XBXQEU2KQU7X5AJTLVTWQ,B0742LVLMJ,1604867991721
AE3CCVRJRHYQLVRB72LXHOUICB6Q,B07VGNQD8K,1598200504157
AE3CCVRJRHYQLVRB72LXHOUICB6Q,B0742LVLMJ,1530735523737
AEIVPVXTWPHLGOXXJYYOY7XZSW4A,B07NBPQL3C,1621176487468
AGPCGPDLKHYQIS6R6UYS7APDBDBA,B08M3PRYXX,1645143650813
AFQZ2UFIAH3IPJY2UZFK33BJZZFA,B07KRGB574,1601401921484
AGCJDIFFVTYXRE32FSBTYU447K2A,B07H3QNJ1Q,1618079883811
AGMOSJBZBRVIM3256AE2LSM7SRTA,B095WFPM47,1627341748569
AGIBEAOENGXUWJAWW66I522X6T4Q,B07WFHJDB7,1597186553589
AG4GS6YHAVTKZZYA3S4R7XSON26Q,B07WGGH1C1,1572295632316
AFR7V6Z74I7QDU5CSCILOQBHCPBQ,B0742LVLMJ,1598792264841
AHTUKDLEEKSUCKLBCPEYHRT5BWJQ,B08L7LX6PG,1616693352263
AHTUKDLEEKSUCKLBCPEYHRT5BWJQ,B07VGNQD8K,1573845760331
AEXFEQ7QOP6EHDEZ3K6NN27MQ7KA,B01M7UDAVI,1527300810878
AEHJGLWSSBMRAUVD2YIOO5UDIQUA,B093T47K7D,1627321117485
AGZ5PIOFN2VGS4V74QDE7CRDP5FA,B07G584SHG,1616447014163
AEZWSXLKKTBB3EJ6ZPNX3ZPK6O3Q,B0742LVLMJ,1629967530169
AEEY3YVAUN2XSJHAH7XWJZBU6YKQ,B08GZ1KQTB,1611377685057
AEQ7LHLC6UDIWN7WLZHLS5MIQLYQ,B095WFPM47,1634061852391
AGJIALSJ7QYQFZXGAED5NCJGBVBA,B07DVM8MM5,1615224747184
AF3QOVXRVSRP44MWNAVEJ2UDHPUA,B07H3QNJ1Q,1613941456300
AF3QOVXRVSRP44MWNAVEJ2UDHPUA,B07THJZVK1,1613941345868
AES3NVPWXM3J62ULXNHYIZXNJNGA,B0742LVLMJ,1532824252914
AHWVJLIB2JILY3SIYDXLJ6WFMU3A,B07WGGH1C1,1602115163330
AGX4FJ7KWL3YIBR3C6GUBGQHFWLA,B0742LVLMJ,1595246440097
AE46SQ572UM43V4L3UB3QB3KYLXQ,B07GNX34XV,1542738796941
AFB66LOEHCTGAXJ5ZKJQBINSHLLA,B07HQCCD29,1545953640367
AGVTTYGF7M66RB45F2IWO6KN4IDA,B07HP62FDJ,1570495144434
AGE7J2EYQLVT7OQCFNGLEEPBKX3Q,B01M71IUZ7,1517526043124
AFJXNRM66SA3UVQIVQDXX23HJOYQ,B08682LT57,1605632282488
AGY36IKMDXNX4TXRS6Q2X777CCMA,B01M7UD21X,1502476178658
AFQOBAT472GH6P2J7WSU7U25U2ZQ,B08C77PS29,1648076939270
AGLV6V5S77M4HOD2JQLFQSB557TA,B09Y71L3BJ,1660864299263
AGLV6V5S77M4HOD2JQLFQSB557TA,B09Y72P3QD,1653153549241
AGLV6V5S77M4HOD2JQLFQSB557TA,B09DDBZ5WX,1647564145244
AGLV6V5S77M4HOD2JQLFQSB557TA,B09DD9F3KH,1645231969743
AENCXCH6XX7RYWRQBGKMDXGK2L3A,B01M71IUZ7,1578260284898
AFRKX235LX3YDTM3E4BFOIQU42TQ,B0848GLB12,1651743144892
AHYAMQ3LCBSRFHJZL6BSLPPB6IJQ,B07KG5RPCF,1595105629009
AGN5FLOQCKD5CTCMTURWNIRCOO2A,B07L3K8S42,1608170963374
AG5V3C4QEJES6U22ZHKSST7GDDVQ,B07VGNQD8K,1641678509630
AFFGLNXFYHMCZXHGIJXPF2CZZEKQ,B088YB3PRB,1618763444082
AG4BFVSFJALDEBVTUGSK5UUTIHVA,B01M7UD21X,1551211599126
AE2X72NBKZOS62LP2VFLCLI6Z4KA,B07DNLPCB9,1535667128860
AFMZJ2OIPOLGFEYE7XAOSAWENRVQ,B07G584SHG,1613520937758
AE6AW53IXHWM7S6LQ3PWRWXREDKQ,B0742LVLMJ,1546292092210
AGQ3KKYM4M5DYCZ2JQ5XU3S7QXOA,B07QD9WBGB,1615120931421
AEYRZHNTFOZV3GV6OXBIIXU56UTQ,B087YPRGKB,1604355989600
AGTQ7POGTNAIUAMPPDBS6N4B3UPQ,B07KM6T8GV,1569070372758
AEF6RUXZYQ2BYAVFZOPNJQ2CT3CA,B07FT4FMWX,1617049973609
AHWAPMLNUHMUE53WNYFHZA7PIN5Q,B07HQJPGL2,1545845494921
AH5ST6D2BEDEGBK2O6FV7TXOXNTQ,B0742LVLMJ,1528912172516
AETOQXBB5CLYSMGBKAUHYPNGMFHA,B0742LVLMJ,1568447320918
AGW3VI3B3IP3XMNW6RQPIDRFJTNA,B0742LVLMJ,1568212738160
AGFJKHFNRZCJAZFYYYMPNSCFO3WA,B07S63NKNB,1579908014835
AHIQRUL23NCKCRU57QJYRBQRE4VA,B091YP7Y9M,1634327438779
AG4TTRSNEXNMUTEOD37RKQS3DG3A,B07MGJZ2MH,1580182962475
AFGIXXYX2F7QFLMA3N2VPMK6MXWQ,B08R5YRMNR,1641348529936
AFWER24CE3TKMMIR6OZK4IYSZH5Q,B08N57VT7X,1626664775009
AHMDBLHEIT5HF75VYZKJGEGJEK4A,B07YZPDHK3,1641137271057
AGP37Y4WBW2VBBTKF74NJ473NPMQ,B07XGNHYC2,1666070288106
AH4M7SBN6RGAS7HYR5LQQTOXJP5A,B0742LVLMJ,1550178732834
AH24XYIBIDRK4YHBDESYTW2YW2RQ,B01M71IUZ7,1514737299541
AFA5O6J45FNMTWTHPHTUMPXKQJZA,B07R7WVRGL,1623192796999
AGTYMB2SMTYFP5ZIRCFBWAAHG2YA,B097F3PVMC,1658449549116
AHJOTHRXSHEJH3UJXFJF4BZE3SWA,B07GNWWTRV,1541951587284
AF3NK5AHGLZFGZIZAZZBY67UR6LQ,B07GC3QLWS,1593461470841
AGBYXH3GQNUKMJQSYNCXGU7WLGLQ,B07RDZVJCZ,1606007886345
AHUI7B3325OMYXSOXIZF6UQTJT6Q,B0742LVLMJ,1548301660888
AGQNXPY66OM77IVRDWTOJFFODMIA,B07R7WVRGL,1594923030192
AH32564NYD7IIY3HCP7SS37N3XXQ,B07FT4FMWX,1573747260818
AENJPZP5DJB5BP2OQOCRPODFZH4A,B07T43BXRD,1603058297552
AFSAGFZAZC2T2XB2VLFSYJ6NZPYQ,B08C77PS29,1597782599839
AGEHWZDW7DLJEO2H2OX7HD3JUSXA,B01M7UD21X,1543428382362
AFLDKCRK4ECFMXDA2JJ3CANXAKQA,B07GC48H1H,1603192482345
AHBS3NYPIDNCOAGSKTIDYHXASGVA,B07DVXFP2N,1565826897407
AF5XNNWHCEGSPHVNQNSQNCBXHE5Q,B01M7UD21X,1498576706035
AF2SNIELTN7CUXTW34F352V2B2YA,B07NL8SM91,1581701010131
AE3WE6OQTFQVPGQKK76E7JCL3HPA,B01M7UDAVI,1525381218471
AFAAKFN2LCSCTG5D37IEDZFHDE2A,B07DNM6GBC,1539690096291
AHQAPJBVQPZ3HFLOTN6ONBIXWELQ,B07MGJZ2MH,1576247956070
AGKNRVJ4NHFGHCSWUT6ZWQJLPD4A,B07WC2239F,1657050693836
AEAENCVJGSC5KSHMTWYFAUG2J3VQ,B07DXBJX27,1542563285982
AFMLO4IQUOAYFLDXSR5N4RPE2TLA,B095WFPM47,1628684367238
AHBWG7MBAU6QQITOFMJZBMSM572A,B08M9X9KTN,1618417065551
AFZHRUFW35SQEJVKXBOSDL5PQ5ZA,B07MMT3C5J,1659550693475
AHQWPW6W3JN6CXENQXX5FZGL726A,B07TWRWCRT,1628083127828
AE73RH2UKBVEARLLX3V4CIRINAXQ,B07YF1TGM2,1590891133944
AH4JY2G5XOQ6CMIEMFHHPAOSX32Q,B08DDH4Z5Y,1618544765569
AH4JY2G5XOQ6CMIEMFHHPAOSX32Q,B08DDJNJ9D,1618544709427
AH62CSWR3F232CAB7KEYUE3MU27A,B082M86VL6,1631659978636
AHN2PNSN2BWCU5COOWRWYT4A7M7A,B097B34JVF,1639959993680
AHN2PNSN2BWCU5COOWRWYT4A7M7A,B08DDJ1QRS,1638676493368
AHB5TOE4DG7RZ5IOYZIEUCJRT25A,B07NVL6TJG,1637007604752
AGU5HJ3ZFFDJGQGJNCF2GFUCZCMA,B0742LVLMJ,1597290508641
AH26UGRC4MIBDWXPVEC6HIX4QFPA,B07FT4FMWX,1576950137438
AES4ZAQLHLFGFYFKLCLMD4FISTJA,B07RBYJN37,1566027328665
AES4ZAQLHLFGFYFKLCLMD4FISTJA,B07G584SHG,1566027037171
AHBKQ43VHCDTYTOGOI7WSHRLZ5RQ,B0742LVLMJ,1579904259451
AHEZI6HHRRK7Y2RKJYSBKC7KZ5SQ,B07H3QNJ1Q,1650122958690
AEEGFVG73GEKFPQMUYD5II3HT2MA,B07F8Y6BH9,1595348658761
AFFZZBD4NNKZC42JSRZLA2TE3K4Q,B07DVXFP2N,1578794977952
AENRCAUPNFPDJW7H24XZDESJXFUQ,B07DNJ6N8K,1543610691907
AHCQYEKTW5IP7V7AAUXZGLPTRGTA,B07KJLV75L,1604235542085
AHWBTR5X2H4RK7DL5YCMGI5WXFJA,B08N5BDD35,1614386767433
AGAFPXVAO7QYHV7AYRJXL6OFH7SQ,B0742LVLMJ,1586973433496
AF3Q5CBOM7EAH3FCDH2DD4C3DDYQ,B07VXJR1PF,1613855687820
AHOEMNCGNZJMIS5RHBTTKMDDQU3A,B07G584SHG,1670083673942
AFNGAPKV6IR3L4PO7CDQBSIRPYTQ,B0742LVLMJ,1565105580414
AEMJT743EHPZ46SL76DJJPEMLK6A,B07G584SHG,1619720355541
AHTMDTLTZL644KSSTIX63PUZPAUA,B07H3QNJ1Q,1588263034370
AEHI3PEWTYSJSY5UNKVNTWGYYBTQ,B08J4G2W8T,1616353824745
AHI7HP22NTN4QDEYSYKHYUTHZMFQ,B0742LVLMJ,1646940112341
AHI7HP22NTN4QDEYSYKHYUTHZMFQ,B08LDV5MBB,1626140973089
AHP2GJFBQU7QNCZZEKCTKGPWYHLA,B097F3PVMC,1675041944231
AHVGP3FQCRENSZAPVJ3JGNBOFLWA,B07NVL6TJG,1595387723045
AFL5KBJXECSF5ZUVUDXLTUYZ45RA,B08PFXZPFX,1653756529896
AG3PUR5KS2W6OF32TMYYYYLDNGXQ,B01M7UD21X,1579018775697
AE5ZF4NIFUKRXSDPRYCUTFREUTPQ,B07R7WVRGL,1607012097369
AGBQJGTOO7E2EM3KOWIC4KTVZRQQ,B07KM6T8GV,1572801404627
AHHGZ5IJD4BRK5ZDGFHERZ5P2IIQ,B07R7WVRGL,1608922329010
AH4XK4F6P7ABD66ILUL4BBEUZ5IA,B07R5VH7XT,1568228815929
AH4XK4F6P7ABD66ILUL4BBEUZ5IA,B07HQCCD29,1544297853867
AEGRX3VSLAGZYIARKAJLO74SA54A,B08R939TKC,1616078667877
AGHRJNUSXPDD4BWT72I6TZHTV4UA,B07VGN44WK,1599344121838
AHGUPWQ3HME7IOKE2JMCG22TBLOQ,B07GC1XFJ7,1565473501747
AERVYGQTR3N5YBNLL3EVVGAP6F7Q,B07NVL6TJG,1562088777527
AHLYKSENM2FNOQD6PNXZSWA72THQ,B07DNLG9ZR,1539489472805
AF26GAPJONWH6Z6ILQ7XXLKOTLZA,B07NVL6TJG,1574277299870
AEGMJIM65OPXKPS4A6RKQTO4TJGA,B07DNM6GBC,1553930575722
AHVQ6WR5MHPTHXXWWWW7G34XWILQ,B07G4ZWJB6,1626576980548
AFYZBYH4S3NN5NVYSJS4KRRKDLYA,B01M7UD21X,1552084878509
AGFI7EAS65XWHZK6WVPN7P7UGDTA,B01M7UDAVI,1520816199436
AHKFQO7US7BMHGRJZR6QPPJEU6SQ,B07WGGH1C1,1600363838072
AHO2FEWVD2R2AWT3T2LA5NK2CFGQ,B0742LVLMJ,1504717952258
AF7DL7KJ2NVF6RHFFNAYOAF634HA,B07XH69M6H,1609180554938
AE5T2U27PQKLGNUYWHXZ4ZQSJVSA,B07MGJZ2MH,1603739715753
AHZKJWHQMWBOHDOT2BQI2PJYIY2Q,B07G584SHG,1580562539099
AGJTHB34O5HJOEEZXCP7U334OJLA,B07KM6T8GV,1561146815903
AGGBYJDFUNIQL7ZQMZEU3AZOFBZQ,B08M9M92XD,1633966673707
AE4ICGA3WM65GET5QZJGODMHYFXQ,B095WFPM47,1625202698090
AHJYINOB4IONHDNGIM4ZBFBHLZEA,B01M7UD21X,1513968727555
AH6JE54WOQ4PKG72U4WCM47YHEUQ,B07VGNQD8K,1597296442631
AHI6CCRRBTBUJOYKUPRPUAQOXQWA,B07GNWWTRV,1541366993045
AGA5QKNKNOQVLVFV3GMO6PAOYP4A,B0742LVLMJ,1607800985834
AGIUMTOQ5J2OSO3Y2WDBZQWHOYVQ,B08R5QVJKV,1633728935069
AGSSQ43APD2CS2ZKXWXCODNUH3RQ,B0742LVLMJ,1580168242779
AHSXFHHPJNLDUXENULHFV7X2RN2A,B07N6KSLB7,1575773340575
AECTO2C4UPUDAALP4PV54JPBKVYQ,B086JBCVB4,1642829043676
AGWOPP5PVCU25ZWHXCIZTBGN7IXA,B01M71IUZ7,1522978601890
AGOZAFME33K5BS5XCVEYQZRHTQOQ,B07NVL6TJG,1621557361404
AHLU2HMWDMD7D4ASSPXDGD4QZEKQ,B07NVL6TJG,1619902739325
AECSA5AYLFVDX7U4MIBSHAUEQ7LQ,B097B34JVF,1645901894789
AECSA5AYLFVDX7U4MIBSHAUEQ7LQ,B097B2N157,1645901661607
AECSA5AYLFVDX7U4MIBSHAUEQ7LQ,B08DDJNJ9D,1637199286654
AHXZ57GCM7EPY5F2QA3LULKMEF7A,B07NVL6TJG,1564891117133
AEW7SJB3GPEFZGZ2JF6EZ35YLHBQ,B07QD9WBGB,1604809523422
AFV5H32KRXHUYMMYZFMFKBQVOD6A,B07DX3D8W3,1555542998718
AEV7FAVL5J5U7KTGHLKLEATBBYFA,B088YB3PRB,1635806881938
AEV7FAVL5J5U7KTGHLKLEATBBYFA,B084KPMB89,1635806852267
AEV7FAVL5J5U7KTGHLKLEATBBYFA,B08W584JQF,1626407840085
AEV7FAVL5J5U7KTGHLKLEATBBYFA,B092587ST1,1624251700907
AESIM6CFFFR3YF27KJCZYPPCUQ2A,B07MGJZ2MH,1639682614738
AF5NXH4HCO6OU4FWXDYN43LUZNMA,B07DNM6GBC,1549242344297
AGEXLQUTMZSDOWXYWJHL3EGLSYBQ,B07H3QNJ1Q,1560020838172
AH5FFKVRYFXMLOBGQ5AHAGFCWN3Q,B07Y23PKWC,1577100544379
AEOCVDTTQKTTQM4GGE3ZQNWWXULA,B01M7UDAVI,1540658805917
AEVVYJDDLGSG7OK35DREMBIWOMRA,B07STGWT1P,1638400235484
AHPFDKAINP5IKLBH37ZRCX723AGA,B07F8Y6BH9,1578094164764
AGC6BKQ2TR6SZAB4YMPA7FINKBXQ,B07L9DWVSJ,1565745144200
AHG4NSH4YSOWSEKLAR5AHMUAQHYQ,B07G584SHG,1641508465234
AHG4NSH4YSOWSEKLAR5AHMUAQHYQ,B07SDGKP88,1640457359409
AHG4NSH4YSOWSEKLAR5AHMUAQHYQ,B07HP75X12,1597962562939
AHFOL2TJ5S3GAC2OY36TS6BJV2PQ,B07KM6T8GV,1580766720597
AGINU45HXIWLZAGRHBUJVQJSFLAQ,B01M7UDAVI,1495369642000
AHVVSHDCSHLT5WT4MSIZXXZYDWNQ,B07DNKDLYV,1591996664314
AHMFO3HUJGX4NAH4QJ2CRFYO6GRQ,B07R5VH7XT,1572505394411
AFXA6CALBIGBXGNGFPEY2KNJSMUQ,B07DNLPCB9,1538808377164
AFM3VKDIT5UBIWVYCYUVAOA74IRQ,B07MGJZ2MH,1651890823485
AH3HAZBRZPO7D5KZZPZBRSBRJCHA,B0742LVLMJ,1550075028610
AHXTJIIB3NELSR6XH7JO4UESMYGA,B0742LVLMJ,1607790162856
AFSVP3JNP7UFF3XNNIQSAG6ZRKOQ,B01M7UD21X,1528570964989
AEYEMZWHSAX2BTZ74YXRNXYZJVPQ,B07DNLG9ZR,1533064233565
AGWKAGLYUN66MKN5RO5N5RVQK62Q,B091Y2L7NF,1664634720489
AEJP4H5NDURBMLRGSQ5RWZGZZFBA,B07WGGH1C1,1613846434071
AGTFUGDWSM6SRFLCUZCFRDUVUTMA,B0B3XVHQ87,1677640312977
AGGS4WNPQZRH4FM7VZJQRQOWKBAA,B07VGNQD8K,1596933332153
AHRLA3X6VCUK74KMK4PAWX2R5UWA,B08H5MHM3N,1649691880717
AGNNTQUIJN6PYGBYSXC7VFZNPJLA,B09M7GDZ46,1661366736730
AGNNTQUIJN6PYGBYSXC7VFZNPJLA,B097B34JVF,1658892138398
AGNNTQUIJN6PYGBYSXC7VFZNPJLA,B09M7F3HYK,1658891518158
AGNNTQUIJN6PYGBYSXC7VFZNPJLA,B09M7DPMDJ,1658891439934
AGNNTQUIJN6PYGBYSXC7VFZNPJLA,B097B2N157,1647113978200
AGNNTQUIJN6PYGBYSXC7VFZNPJLA,B09M7BQDHG,1647113858675
AGNNTQUIJN6PYGBYSXC7VFZNPJLA,B08DDJNJ9D,1600622302030
AFZSGJVJEHHY6SFWUC4PYYPKWUGQ,B0742LVLMJ,1544027140002
AHLRFWXQDM4JYQX5IEKE7PZQZL3A,B01M7UDAVI,1524018024036
AH3C3MQNV4HMV2LT7GJSUP4CSERQ,B01M71IUZ7,1527534785129
AEP2GRDHGRSCDPXV5LS2M5EJMFLA,B07DNKDLYV,1533127065482
AFN2BGPXK4BCTGSAWZMSXYMKTHZA,B0742LVLMJ,1639254959002
AE5KXQRM52DPDGVS6B4OKAXPIUYA,B07VGNQD8K,1612577316539
AGPUVA34ONLRQEGLHJ5W3MMENUCQ,B08M9X9KTN,1610786002308
AHXQBZW3MJTBHCPBVF33JL323G7Q,B07G584SHG,1558838515441
AFWM2VGETXFVDQESYLOFO5NNUTBQ,B0742LVLMJ,1550867650414
AEKKFXU7EVZFNNYN3RFDCSXGMYDQ,B0742LVLMJ,1571305072126
AHZ7PTR7D4FNBIO6QTNPPO3RDLQA,B0742LVLMJ,1526522348387
AHFJ5NI57LSTWQ5PXOU53TPXPGVA,B0742LVLMJ,1524333400184
AGV3JTRBTECUQU7HMUICCVME7T4Q,B09Y714FG4,1659705088699
AH6ZWLDXLRORU3EKIUC7LHQ2RLNA,B09JG87ZXT,1641365094293
AELBMFZMKSBFGTVHVJJ77RL3GRZQ,B0742LVLMJ,1555613037220
AEJBBI23J4RKWNAQZVT7ZPD46TTA,B07G5915QC,1568915928528
AG7NDB7B5DG5I267B6JJW4GYL5JQ,B07XLMQBW8,1577728271518
AFNIDOGGUX64GOJULM2NS3QOCCHQ,B07XGNHYC2,1610303091782
AF6OH26IFN6V7GGXKI3W7CL2OETQ,B08DDJ1QRS,1620316302565
AEOFYBDB7VI33DMT2FXSRKKLVQEQ,B07KG71FKH,1618819853616
AG7J3L7WFRS56TSO6T4Z2YLMTX2A,B08G1QZNVJ,1609804613110
AGUZTOMZTOM2D4BA4CN6ZMJWMB6Q,B01M71IUZ7,1504706273191
AGFZSISH6VBO4YC53FCDNX5ZELAQ,B01M7UD21X,1527107995651
AEFBPIIIG4O6BV23R6V5BBDRIRQQ,B08N5BDD35,1620620835762
AGUOAP23PB36D42CSHKYWKUYRCAA,B07G584SHG,1564951072317
AHUS4PM76WAFY3V6UNG4AUAMYR6Q,B084JGDV6P,1651282167655
AH3GSIADZNCIHGSU5EIUQSK4F3BQ,B095WFPM47,1644088963741
AEPFLLTCYMYHREYGPQCYXFZSSILA,B09NQB5JCK,1649710554138
AGVLEGGO5OF75JXUDPCK53TN5ROA,B07FT4FMWX,1609620324052
AEPSYQWQBWH7EP73POLVDYIRVOTQ,B07GC3QLWS,1570217694211
AEPSYQWQBWH7EP73POLVDYIRVOTQ,B0742LVLMJ,1568329202533
AE4PEDUGMESZC2MHH6PLYEBZJPOQ,B07HQJPGL2,1545847776959
AE4PEDUGMESZC2MHH6PLYEBZJPOQ,B07F8Y6BH9,1545847641952
AFEPS34XGQFH7IQRDHPQGOCFLH2Q,B07KG71FKH,1587066327394
AEI7LZCDTU7CHNVG5RLKCM6RNGNA,B07G584SHG,1600567946002
AE7FTUSPRLMXGLPGLERXYQ3BD3XQ,B08DDJNJ9D,1605651980442
AFMJOAW6ZFNVIZJVDNTWG2SN7XEQ,B075NM1M1Y,1544635559051
AHGUFJW7DPU73G4MHTCVODT2XEOQ,B07H3QNJ1Q,1564686581940
AHORWHQCWRUR3L2SUNPMIMJUGSCA,B0742LVLMJ,1560212793943
AEHWBZGY65754SGXZ5U4LDX3CIDQ,B07G4ZWJB6,1671570218406
AE546P3K2V4VMUB2R6TDWS3NBOKQ,B07T315X4F,1663731100539
AFEWXPOEGNY74N7EASX4TB7RCC7A,B07NL91XW9,1578589103614
AGOOZXEXX3OH5KQL4ENO2LBMRKTQ,B07R7WVRGL,1564291879565
AEV4QUVT4HED7SSTOODCZGWGNJRA,B07DNLPCB9,1554007452760
AEUXEZ3JDATQJV32UG6JJ6FPQO3Q,B07G584SHG,1558558356161
AH7SYCMKOK7T2KEINJ2BKDWLIP6Q,B07G584SHG,1568909962407
AH5776H7QYQKDEEVD6T75RFMVQPA,B07L3W2MDL,1579661159988
AH5776H7QYQKDEEVD6T75RFMVQPA,B07V5VWTMB,1577984957717
AGXAAA2VNWQSC7UGMDE5AI3WAVAQ,B09DCXJKK6,1653942387543
AFOS7IS4NOCYPCG4MUX6AE4HIV2A,B07S63NKNB,1578757008240
AEYO2UVVJNCPFXWGJJ5B3SJT2NSA,B01M7UD21X,1530376105408
AFSB7K4GPHRF4G6MZYN4QSCQGOHA,B08DDKTDSF,1605739253782
AHWC3UDZLPG5EUHXWEU2AWHOMV3Q,B07X5SVBJW,1596141801754
AHXSMTY2B2FJES5UCJSNTRVKL3VQ,B07MGJZ2MH,1623413557308
AFKJVCKZLTVYOHFXU5G6YTDKMF6Q,B072JWQG6B,1571527687884
AE37Y6L4BCDSNJAVX76BKWPM2TSQ,B07GC3X8V7,1574246582725
AH64YKTYLIWZ2RMY6ZKHM7JYD54A,B0742LVLMJ,1616789159306
AFUWE3X2QX2D7DUF45Q24XUJUWUA,B07DX25MZK,1595839236533
AEPIQHDJOXQLM4XVLE34XH7XJVUQ,B07DX4VYPM,1547098544290
AEVU6SDLELWK346WHTKHKV3ASDSA,B07Y1VQXJC,1654104280790
AEVU6SDLELWK346WHTKHKV3ASDSA,B08H5M5RX7,1617050576466
AE3XUN4M73XCCGCHFV56OBQECCEQ,B07G584SHG,1590232957163
AE3O6KBRKPPL4VLA5FFOCWRLTT5Q,B07TWRWCRT,1579454785779
AH54TELM225OIYLS2VHOF7WTU7KA,B088YB3PRB,1602251601035
AHGSD2R4YN7DZAS34SEM3CEDVKXA,B08H5M5RX7,1622181062941
AETYKYERM3UZAEDO5AARJOSHSEUQ,B07VGN44WK,1600367791668
AEEPJRJULCOOVQB7C77RBEQ7B4YQ,B07KM6T8GV,1553725131021
AFL326GH4APH5QLJN4MYJL3IDTWA,B07R5VH7XT,1625768672911
AGYTWWUPV7G637CECPASGFAGCZNQ,B07SDGKP88,1599316343009
AERWX7Z32UGNIJA3XFKZYKLX3RRA,B07GC3X8V7,1554749152746
AFWGBQ7NTBGPMFIYIOHMU6OHM25A,B07W813H6V,1615444450810
AFWGBQ7NTBGPMFIYIOHMU6OHM25A,B07KJLV75L,1604450201678
AEI2F5MMSJ47W3NLJRKPNLUG32LQ,B07FT4FMWX,1580281710199
AG5HDCJTITR3CI76QFUATWIMKKNA,B086JBB4HD,1590043803837
AFHMWNH5V6KPHYX5EF2KNAJI5ZZA,B01M7UD21X,1528776240716
AHVADEKG7Y2AWI3STQC6UO26TMAQ,B07R5VH7XT,1577127511239
AG7LHA7ARD6XJZ4FL7PA6VODWLRA,B087YPRGKB,1623361100174
AFLDHT2PEYW6DJHOKED32XLRXURA,B07DNM6GBC,1551999040289
AFY4ZTQEWAUJD4XF6NNCQ3NLRWXA,B07XGNHYC2,1579592271029
AGA4SAJRSPYXZ3VA7Q6TNKS2MIRA,B0742LVLMJ,1639167627828
AEIID3I3BE7K54AIN44ZGHOPCBNQ,B095WFPM47,1624405198075
AFFH4OB5WQUWE2IVRZ3PN3QHUHEQ,B07NVL6TJG,1627524674815
AEZ445SFQEXK3X6FLUXLS3J4MGRA,B07THJZVK1,1572423775753
AEUURNDULQU2P5XVY26HI3KKU6LA,B08M3PRYXX,1618351662521
AHA2IOHPKVG6G6OACT4WXNJ5MSPA,B097B2N157,1654223958828
AHI2QHZG6H6V6G3AWFYJ27PXIK7Q,B07QD9WBGB,1639604180354
AHI2QHZG6H6V6G3AWFYJ27PXIK7Q,B08KF5VWWX,1626838336482
AEDHHJXMM6EVJFSH4LS3EAYU54WQ,B07T43BXRD,1628443145270
AG3LNG35R3Q6AZWHBB2MN57WPLGA,B07KC11QFV,1612645432454
AFRMM73EN7EVNUGFCLOG4SAKMSEQ,B01M71IUZ7,1493834592000
AFTG4XQ6PSFJOMXIDR3VHANW4ONQ,B08M3PRYXX,1617671917463
AF4PWGLCRD3EODJYK23PU5AR5CSA,B07XH69M6H,1608063240792
AGOBVZFVW5OBWZSKAREW3ZOO4N6Q,B07QL1JRCN,1560704307304
AHQROORWR2HQBQQPLOF37HPRNCDA,B07SVGMGW4,1604817528648
AHMOQYEP7IUD5RLGXOJOQDEG6HNA,B07RBYJN37,1558820727145
AGNIBTJHI5U3YV7P3TNRCFYQBOHQ,B07SDGBPGK,1600568679721
AG2PBC5BPMK57H7F64JTJRNUC6CQ,B08J4G2W8T,1612324833812
AHMQRKJ7ZPZ5VH2JY3RVGFT26RCA,B0848KRT9T,1672164656672
AHIQK23N546JE5ITYJHXZ7OZKXSA,B082VL5NZC,1603471495722
AGXTHBMGTA3OGDQAKZ7M3ELW363A,B08LDXMH5F,1658515285469
AGGVBFBBU4KABEAVSTMA5CU4HP4Q,B07RBYJN37,1644358814018
AFSXBZ57CV67AEDGKQPRQY5QJVFQ,B07KCLWKR3,1552528874905
AE3Y2KM7LK2SFCANQB5DXHPOOXKQ,B097B34JVF,1638757951016
AFZK6HUBA6OZKNSUYU6JDQZMUFXQ,B0742LVLMJ,1536509131164
AEO6MJIKE5KKVDVXBS62Y6LVTHIA,B08R5GVY3W,1660079130739
AHBUPZ3I4QYVE6W7EHE7K3FKFXIQ,B08N5BDD35,1608303494479
AFL44LLPGYENLWPDP4HHZYCMR42A,B07XGDM47D,1606303773384
AHUFFVIEXGE55I7MVKT5IS5TFVZQ,B01M71IUZ7,1489192049000
AGMEWZX76QRCL6NIQYSXPTPMYY2A,B07DNML26P,1533067619481
AEWLBJPG4OOB22RKZWCGMPIMIXKQ,B09SM5VC9Z,1677872685803
AGYRFR2KJUWUOFCW5NUKGOQSOAFA,B09SM6QNX7,1673893279302
AEXNXI4MXEYSB62OGWRVEGUAEHVQ,B07QHDPWTR,1561266423195
AFHYAAFNSIBJGGWBJLLY6FRG5V6Q,B09RSMMMK3,1669848039289
AH3JXNAPND5J5CZRO4SO5IJUGWOQ,B07KJLV75L,1571650610415
AG7UTTMCOURJXMJF5VQER7E272FQ,B07DNML26P,1653862644813
AELFXDLB7FX3DLH524XED5MBVEHQ,B07QXSYDGF,1621341568407
AG424P6J23GZUQEOYS2LWH25OIJA,B0BS9YXJH6,1676485761475
AGE3DQAZYYE72HUQNGV57QW5VLLA,B07HFKL5DZ,1633921180074
AH5P42R2KOPQUGSUSVNVXZ4B3E4A,B01M7UD21X,1517539051735
AHTFFGQRMAAF6L4DRUATYJFDMKMA,B07M65D8PC,1569351977376
AGABSP4OQNIZPE3GMNVSVLV4KPXA,B01M7UD21X,1607396630555
AEXSMYCKCIRO7T72NOTZPJVERVIA,B07L3K8S42,1574795849890
AFUU5E2YG6DN57UEDC6RGF4BDRUA,B09KDVNB9P,1659304915854
AE5S34QVMCMVWBJVMK3TGI2DMOUQ,B08LDMKH6K,1605985723779
AE5S34QVMCMVWBJVMK3TGI2DMOUQ,B07G584SHG,1556387239741
AFEC2QTUF5P325ZVFMWBQKQNAQUQ,B0849MMHLJ,1602623807997
AFSGNKEXCELSQ47FLAE7UAQJY2JQ,B07HQCCD29,1546945972606
AFZ77ZFGOFHKFHOGNVHPBTE3EQPQ,B08R5JJGB3,1619139596299
AH2T3LHPZBMPQBA6WS6O4UNK7DGQ,B07KTB8PHS,1610330810187
AG2YXC3L2VZTZRAZMM5ESUQFTDOQ,B07G584SHG,1600126688632
AEAL5BSS4ZVIC3EOE6LK4RUGGKLQ,B01M7UD21X,1523290008312
AHNCE4ABOPYP7XERBBFZDM73G77A,B07GC3X8V7,1563867380985
AHWGW3JZP6WDMYI7NCXFNGZJUX6Q,B07SQBKMPT,1594394979879
AEUXRNMZWZ47OQRBFVN52SXPOIDA,B07NVL6TJG,1678646696172
AELGSNLAWAOC5ARPZU4ATLWEMQ2Q,B07XZMR3K4,1597541457474
AELIOL7Q2OVFNUAIWSOSR7PKIH2Q,B0872GR7SR,1613112876864
AHDATXKI4EBRWW5B7WPSQTCE7FDQ,B07KCLWKR3,1565141426908
AHX5Y7DMC2WDWGX64EFBF7OOMOJQ,B07GNX34XV,1553276373537
AFVIZWLSRFUWN65MI4VT4JATJZIA,B07XGNHYC2,1602467090778
AFVIZWLSRFUWN65MI4VT4JATJZIA,B07WFHJDB7,1601921314880
AG5W5MZVIRM3GZYE264AQZN5UJLQ,B07T5JT9D4,1596386373050
AEAP5CBTGXO4IK62HB6MGIR6XBZQ,B0742LVLMJ,1566964446632
AETR6OWY5SW525GCYBGEIGZX25YA,B07L3W2MDL,1627918935256
AHUYQZVDVFBKZFUFOLM64GBQ5MTA,B0742LVLMJ,1613614781047
AFEKZKEJ4IR2FFS6SEDLIEYFVGQQ,B07R99144F,1592487553540
AFZOMSVEDR6QXB5DJYVUBCPHLERA,B07NVL6TJG,1620056505425
AGS3NIDCHEHSBVEWQCFWCC3FPYMA,B07G584SHG,1607679025414
AFXULO4OM76VZPMGALEXISOMRU5Q,B07H3S5Y9V,1594059193379
AEYRZUV6FMVPPTBQ5NUUZ2CPKA3A,B01M71IUZ7,1516721726100
AFC5D3CNOY5L2S2XB4GZZI6SPITA,B07DNM6GBC,1554909243803
AFC5D3CNOY5L2S2XB4GZZI6SPITA,B07GNWWTRV,1549487820465
AFVSSH74T5D6XW56CFTFJDWA4DMA,B086JBCVB4,1588096286873
AFZJ42R3KAH2PEUHGPADMWBZ6GTQ,B07DNMN7X6,1571091755630
AHPT62BAM5VHXZRS7W5HMEPFRNEQ,B07HQJPGL2,1669673177193
AEHVAMO6UAJ27L5T5THJQQF6OKKA,B08JZ3JYKJ,1612623497627
AEHVAMO6UAJ27L5T5THJQQF6OKKA,B086J9HYD5,1598586704605
AFHEFRFNYVAHQQC5EQPYYADL5XPA,B08667FB4J,1606233475763
AEVUB2XF3EXZG4QR4XSWOXMWZTYA,B08C1NC54P,1611423279060
AEVUB2XF3EXZG4QR4XSWOXMWZTYA,B07KM6T8GV,1607575565991
AH3AI6DZU7AOJNNHD3GA4RVLRMOQ,B09Y7GM4F5,1651454460348
AEXTFXKHKZFGEE32FP7D3UCISUUA,B07YZPDHK3,1588908084105
AFQ32GJ4AIKJYIIDEGDOEDCHE3BA,B082M86VL6,1603559487814
AHVSJFOE5P4SV2KQJPL57LFCAPGQ,B08G4W464K,1620390492604
AESZJWCT3PVIHTRSWR3FQFAA4BHA,B07KM6T8GV,1587343917323
AFOKI7ERZD2GHHIB3LDQO2XDSWTA,B07TWRWCRT,1578311268090
AEG4OVHDCOZCEUT3JOTOLJPOPFUA,B093397LF7,1628967327204
AEF4N7QRT7DIWNQ3BSYA7EQ4A4BQ,B07G584SHG,1567601018393
AFTAXVM64HGI4QEKNXUEJ2F4KSIQ,B07MGJZ2MH,1619213912333
AHDEQMEBZTVRDMS34BL3E4KHJ7NQ,B07T43BXRD,1619215128321
AFOC5UQCCKYW44DGWGIFVOKSIZFA,B07XH69M6H,1627697696877
AFFWVQRZL757GTDFIZKD3VKCWLOA,B07DNKDLYV,1545512668500
AFNDU6QY3PZVL2ADLDL7HQMI3HOA,B07G584SHG,1619147190633
AEEGTWNAOS2W5QNSXGAGB3LGKDYQ,B08KWFT16F,1618795907610
AEMDLDO43EH4CZVO55DKRHBYM5IA,B084JLN563,1661893968428
AEIKRZXAFOOFBIB4XYQIESDFVB2Q,B07X5SVBJW,1626278421911
AFZNU5ROXJST23EMY2YU2USP4H3A,B07L3K8S42,1582206554483
AEPTN6NJNHBET2FBESMHJXE4PIVA,B07G584SHG,1555094408833
AEUQECCS5LK24YSBAY37TEBTPLLA,B08MWNXTQW,1637083495233
AG5JEUQDREFPLPRT4HVBIH2BL7EA,B0742LVLMJ,1534883234405
AHAJGKEWQISTNTXEE4FLO2KSAFVQ,B086K2ZS32,1599702023619
AHCEKO57KFRAUVXLXOS3PLGJQBBQ,B07HQJPGL2,1554432744766
AGNEC3BAYRE2FNLURHJP7W4MPQMQ,B07J2LNG43,1576472744631
AHF3P4KYFQ4WSZFLMTVFF5RSOC6A,B0742LVLMJ,1519797749601
AG3AZK74AUZ7V7VQABLFV44BFTBA,B075NM1M1Y,1545224445634
AFM5YIEROVUT6FO73ODVUYF67OMQ,B08M3PRYXX,1614120370945
AHHQ5FACQXFMLC4356KUQTOZS4WA,B07G584SHG,1616017557662
AH4T777XI2YOLSAPYZZ2NJHCDPGA,B08WRFBN6H,1624233787367
AH647SJH7USOJTEJTR6PFCIJPBDQ,B07MGJZ2MH,1676484978536
AFCHAOVL45MFMRWBH6XOEO2PALJA,B07QL1JRCN,1626031647132
AGRJ7Z4WYZ5WQZZPIN7QBNNKPLHA,B0742LVLMJ,1536170976695
AEJIY4YYFMG3QW7LWV3WNCV7N4CQ,B07F8Y6BH9,1593237840446
AH6U2XVLH3IRALNU3RVV2DWVDUAQ,B0742LVLMJ,1527527867829
AH7AEPRIK7MUDNOZYENILLPP3O2Q,B01M7UDAVI,1490987059000
AEC4KNMD7FXY4KVYYF5OZ4YOT57Q,B075NM1M1Y,1540993099708
AHQ73HPXMYP7YRDHNC5SPIAJKQ5A,B07KTB8PHS,1603248661826
AE42RJKFLCVVZQT5OPNZV7N5BRLA,B07QL1JRCN,1571614901565
AECP5K2XBOMQA6WXJZDVJPXFU2JQ,B07WGGH1C1,1581871309571
AHFKQZVO7VGQFFKRMEFVBB4J2TBQ,B0742LVLMJ,1549300530429
AE5GM2YVLAHCT7IQMY34I3SVESTA,B01M7UDAVI,1516985005781
AEBWVNGEL7T22WRVKJGKFQ5KWU2A,B07R5VH7XT,1593724998828
AG6ON7ZVEY2PNPY5HS7P2KXQZV2Q,B01M71IUZ7,1553323657059
AHI7ASJG6VFRV27X76ITCWYAQY5Q,B0742LVLMJ,1518623660363
AG64275PKPCXMKM5VIFEQTGREQMQ,B07DNLG9ZR,1536318623503
AEBIXUVI5SYFJJKXX4K2SKSB5MCQ,B07DVXFP2N,1559612264614
AFO6JEQAVVEGZ42VCO3CB6647JCA,B07XGNHYC2,1618423113175
AF3NLMVW2A5FB4REYD4G4GZKSKKQ,B07KM6T8GV,1575847836770
AE456JTAXLTBOYT4AUU24OJ4T4AA,B07VGNQD8K,1616186194748
AE2W3Q2EMSPL7GHFTIQ3TJKHCY6A,B0848BN9PJ,1666576995097
AFAAJOUTIIP4A3KNBK2NBTP2GFCQ,B07N4TC26M,1618171457077
AGHUIUUOTKX7Z4EXFOQJNWELT7HQ,B07R7WVRGL,1607014695730
AFS2B5ES4TWBUIXNAENE6NEJWZOQ,B087YPRGKB,1619694607702
AEFM2UQTBQVEGS3JWMZABNU3QAZQ,B07RBYJN37,1588014901877
AH2PQR7RQJUENGC2Q2ADGOM7XPFA,B08H88C2JB,1670045793458
AH2PQR7RQJUENGC2Q2ADGOM7XPFA,B0848K3BCZ,1641968431647
AGW4CDXAEO2KDCAQB7DKW6IQMJ4A,B07GNX34XV,1544785060563
AH6PKGSGF7B7SOPDZSEIRMR6P7RQ,B0742LVLMJ,1570496142383
AGFNS5QPENLQSUKU4LVOXPBOVWHA,B07XGNHYC2,1618440750128
AGSC2RCE2CDFP7L3PQ5MHNCUHDCQ,B086JBB4HD,1617650979403
AHBOTD2TJS6YZN3V7GIKZEATHFMQ,B07G5915QC,1615076441838
AH3UBUFCPV3BWHOJVR4ZQAKS7IBA,B07G584SHG,1607020875443
AEKAYMIRMC3P6T4K2B7GOYCOYJ5Q,B0742LVLMJ,1592068684633
AEKSJ5OVSJ535E2EBWC3WXSOFAIQ,B0742LVLMJ,1591736031984
AFU4BWZHWLNFOLDLEPGBJZ7L72IQ,B07H3S5Y9V,1563381547559
AHLYF5467QJ3UTAE7RM3EODPPFFQ,B07R7WVRGL,1611062383716
AHFSMZR7TMSRM4N7S2IU7MLT7SFA,B07Y3XJ5WN,1578020695872
AFK7UQKYTJ3QZEN2VBS5BGD6GLCA,B07G584SHG,1590191375324
AGGUG3A2I63ODKHWYXSVEVSGF4RQ,B07SDGKP88,1650945844093
AFOIGUO2YJGLSKCABR5GOKAT6AVA,B08MWPG77B,1651228390721
AH3GCRKNRGU4P5EWL6S3O7WH5MIQ,B07NVL6TJG,1623428735380
AEE7ZLAVYEEAOXCVNXROZUFFEX6A,B091YRS343,1648763552576
AEUQYPWYUMJOC7HQC7PXNQFWR7PQ,B089NXYL3W,1624930482332
AH3EAQD5F22BEJ3Y5K7VL44WFCSQ,B07QXSYDGF,1604796203602
AFRPFGO6SVU3TYQTHBYDHCHQ5G4Q,B08MWPG77B,1614871279214
AHKUIERMOHTKHL5E2PLRB7CSQ3EA,B07H3QNJ1Q,1542915549021
AHO4RCRORHGDXMVDSSSHUR7SIP2Q,B07DX3D8W3,1605400828024
AG6UTXCLPSLPHOI2UZGMNQ2PVP3Q,B0742LVLMJ,1623981843637
AGIEQNVH22SYGDLUCG47OTTZM2NQ,B07G584SHG,1630016647699
AH3P3QVAIRXLJI5PCIFO5Z3BTICA,B07NL7BQS4,1552285555073
AFXASL3KMDKOYTEXRIKLQ337RL3A,B0742LVLMJ,1653847544061
AHBCORMC6PUPEU2KVC4GV3YXKU2Q,B08N6W22SR,1617052184446
AEABVR6Y7AE6QAAF3HZZ2TDFFH3Q,B07FT4FMWX,1561322175911
AE3DYVXFXVALUNB5GNTTGSMI5NZQ,B097F3PVMC,1674450662336
AEUYMAZN33HDCD3Y5ZKEN3ABY73A,B08C1NC54P,1595359207544
AGYXNANVHPHBZE74RCOHZ4BPOMJQ,B07H3S5Y9V,1592414826135
AF423DCHH3PLDDMLQ5V5UYQTZ5RQ,B07WGGH1C1,1642441330962
AF423DCHH3PLDDMLQ5V5UYQTZ5RQ,B07F8Y6BH9,1545239298368
AGLZ5YNCYUDGKPPTAJAKUNIG6E3Q,B01M71IUZ7,1504501748796
AHAJTTSGWRZEZFR7WCGALQ473CSQ,B0742LVLMJ,1545923936363
AEUPY6JBAR3HQYIYOETHLCKZ3IQA,B0742LVLMJ,1625847077708
AF4QLWVCJ7FITAEHIVNDPKTGU4RQ,B08LVQWH8P,1609964117546
AEMH3RO744ZJAWMFJVRITBTH2LZQ,B0742LVLMJ,1561827999963
AG4YS77N54FFY5LJEG3T4MSGMVAA,B07SPDBR1J,1577318338696
AGQIECRT4IQTC46AG7AOMYKLOY3Q,B07PRXJMLZ,1612303263116
AFZLNMWPR4NOV3USM2KISFGHBJXQ,B01M7UD21X,1562970624114
AGILTWPZMXBXAYSDGMUVCLFFL4TQ,B089NZ8D82,1664880568231
AGILTWPZMXBXAYSDGMUVCLFFL4TQ,B089NY9NB6,1664880001905
AE7BNZK2VFJVGHA7LYQJQAIK4VOQ,B09R3WJT82,1670195311750
AE7BNZK2VFJVGHA7LYQJQAIK4VOQ,B09R2PCK8N,1670195239191
AEM5FI2QFSPW7EO542WX6YQDH7AA,B08Z48VW38,1628369861349
AFJ76HHRRYYJG5EHTQOAZTGCQOAQ,B07YZ4K5L5,1576707722853
AFJ76HHRRYYJG5EHTQOAZTGCQOAQ,B01M7UD21X,1512774351662
AFDVIJEEJDZUCI4RXDZG7TW26PSQ,B07KSDPDM6,1573782265359
AFZI7U52SIQOOFBFFF72J3I73FFQ,B096MS17VY,1660850713511
AFNTLW5XCPHEL2GJ56QPQV6KRRXA,B08LDV5MBB,1628833134836
AGWGJ4ZBY7ALHPG4WVHW5M57WUZQ,B0742LVLMJ,1599248046818
AEHJPY2XE7J7EUKIKVLZLLVF5RTA,B07H3QNJ1Q,1551147861247
AEHJPY2XE7J7EUKIKVLZLLVF5RTA,B07HFKL5DZ,1551147757533
AEWSFSPC5OFHT3XXKANMTITSNQPA,B07QYNFHVH,1612207716535
AGAYFWM7KSLR2AQMHGE6ASWUYRQQ,B07L3K8S42,1568262528787
AFTQ6HDKWG545FTNFAOPN3WI4RPA,B072MHKTYT,1502029862631
AFZD3EZXMSDHI2HH7DHH5MTJQ4GA,B07KPFY7G5,1562013534315
AGS4GDTNRZBHAQBKJYHAADHIWLVA,B09SLZV4YR,1655493946461
AHN76IM2RGJ2MLN54XH6F4Y6VKQA,B0848KRT9T,1666563229986
AFEBOSWWXFZCS7M6WARMFPEUH6UQ,B07QL1JRCN,1575400784162
AHPTIENMU2UMBLVB5UBWBRF7TTCA,B07X5SVBJW,1608696180694
AHPTIENMU2UMBLVB5UBWBRF7TTCA,B07H3QNJ1Q,1573568681837
AGJZ2D4GOUW7ZLRRLMPHQ6EZV3AQ,B083M6Q4F3,1616718722922
AESS7SWI2CNQK3VHBPWF3IV26EEA,B091YRTQTX,1625610942160
AE63WDO4NAE6UP3CUWKNZSW7GIZA,B07RBYJN37,1662519642177
AHGR64B35B4FBB5C7CNQ47BWJARQ,B0742LVLMJ,1578680306492
AH4UKQET35EKYLD6BU2CBPMLMSYQ,B07MGJZ2MH,1579326903373
AFP7WV7CYQZHJZRCZ3KLARQH666A,B07KC11QFV,1589934223505
AFDHZXDCYNXFIITVFWKXMDALNMKA,B07WFHJDB7,1622291351708
AEHMP5OY6IDM7TR3QXEM4H4RT4YA,B0742LVLMJ,1610649449647
AEHMP5OY6IDM7TR3QXEM4H4RT4YA,B07XKF8CB3,1610649371942
AG3J3I2L64JNO2DOA3SPOQYNSBAA,B094VMR49D,1636145385971
AEUK73LJSRJOTGMKYNAC3CYHOX2Q,B096MS17VY,1653846936825
AFO6SFKCN6CZT5LAU32ZTT7YY2TQ,B07THJZVK1,1595212148230
AEXE5QRZ3UQJILKILGMY4ZYVMQGA,B07DVXFP2N,1594165725605
AH2XTH3V2CG3WXNJXDPBQJZKHIIA,B07F8Y6BH9,1542240787479
AH333BXBCH22N2HHEUOA26IQBUTQ,B07L3K8S42,1678583439383
AFFECFS2H3H5UYTIQAISHLNQP3OA,B08J4G2W8T,1614607538021
AF3PLRRBOC3PHWTFPQOJTZPXM5RA,B07KSZGDD1,1624124451612
AGTF6OHTL2TFHVYL66GFSZHC33PA,B096MS17VY,1659666609936
AE4VOHRPWU7O655FBN4IAHZZP5EA,B0742LVLMJ,1530230992167
AFLQ3YGHHX37DNEVTUZXSL72AFMA,B08R5BZDNT,1623370178144
AGYEKSRLW27YNFALE44JDV525BVQ,B07R5VH7XT,1624488297463
AHWI674DGSFQ5B5552SWMDMGUPIQ,B07VGNQD8K,1620259959378
AENKYZJNUZFFVL7ONC2XUPZRMYSQ,B07VGNQD8K,1678237127526
AH3NW57OTOXTFZRSIXQX34XGRHDA,B086JBB4HD,1631118116456
AFJ7SYBX24DY6K5KZKWFBYAYB4HQ,B09J8VQYY7,1636492599590
AGEFKP5CWEWHCKTTGH5ME3MXOMEQ,B07DNKDLYV,1532991035916
AFTA2SOS3X7HH456YMBTPR7A7V4Q,B07G584SHG,1617040650609
AEMKSRZZ4SR6LGU37ZHG3SSL5YDA,B07MGJZ2MH,1581561663556
AEMKSRZZ4SR6LGU37ZHG3SSL5YDA,B07T733WLJ,1565818135614
AEMKSRZZ4SR6LGU37ZHG3SSL5YDA,B07QD9WBGB,1565301621658
AHSGPABIRR3TX6QXAEZ2O4TRGLTA,B07KM6T8GV,1592605729249
AFBK6IXMRR2TKP2ZPWSJ77OD3CMQ,B07GNWWTRV,1555002005988
AGJXCWQDDQBAZU3LVSXV3XUIVTMQ,B07G584SHG,1651602361462
AGYJAXTSHUF5YTCQBI6466BPLEEA,B086JBB4HD,1637005316427
AGYJAXTSHUF5YTCQBI6466BPLEEA,B086JBCVB4,1637005074832
AGBLE4F2UPZD5OBSMAAAIXXUY54A,B09DDCNVWM,1644790368612
AGBLE4F2UPZD5OBSMAAAIXXUY54A,B07SDGBPGK,1644008080201
AHE6WS3ZJMMZV7WGFW4MY6QW2QWQ,B0742LVLMJ,1654624335686
AHPDRBTADB5ZDQEVQHGNKS7U4JCA,B07H3QNJ1Q,1583197946919
AHKTDUAITR52MUS6D3VUUDQN2VLA,B0742LVLMJ,1545670176696
AGWXK222ZPK64IJ2INSJPARDPPKA,B01M7UDAVI,1497985119807
AFTRTCLHGL5VXYY4WTZAYUK4DPKQ,B07G584SHG,1642554233677
AGNC6QXC5SQVWOTBPULLZTQ466FQ,B07VGNQD8K,1594419287605
AGLQULW5QVTLSQPPMIQ5KX7UCDMA,B0742LVLMJ,1587912626426
AEVM3U44XYJE2EUSCKYOQKZOX2MQ,B07DNM6GBC,1544550851570
AE57CDM3AC5RWLVQTVWIHVI3RT6A,B095WFPM47,1624209879800
AGIXEVACHKJBPPFUWFNNE33IU6EQ,B07VGNQD8K,1597123942837
AESQWYQWCDMM2ZURBKIMACERTYTA,B07FQWLCT4,1580665695663
AFZYTKYVBFEXVUWZNLIIPMLR3RBA,B0742LVLMJ,1595933876006
AEFD5UUH7EARRMDTT5Y6LAKJCKJA,B084KNDTWP,1654450263975
AEFD5UUH7EARRMDTT5Y6LAKJCKJA,B097F3PVMC,1645985299297
AEFD5UUH7EARRMDTT5Y6LAKJCKJA,B09DTB44BY,1636235369917
AFEVOQKAYRHDW3K44JAWK7FLPZVA,B07KSDPDM6,1625573193895
AF4V5MTLA6W6RTPYFM4BTDRQHOYA,B08D9LY14T,1611186585512
AFSUUF3PMPSG5UCQWDGA2IF4PMFQ,B07X5SVBJW,1583030720974
AHQUTNOHUA2YROYK7LFTEWJJRV7A,B0742LVLMJ,1550614124103
AGZB3XYIA55YF77XKK43ELY2M54A,B08H5M5RX7,1639579510396
AERMSIWKFWJZZBO7BCH5F2JDJ25A,B0742LVLMJ,1589635019518
AH33UMBOA67LGKYS2NXOH2UJDVDQ,B07DNMN7X6,1544590233980
AE454GZ47B2QEXI5HZ5P4D5XHVZQ,B07H3QNJ1Q,1571809751439
AG3ZPVQKO7NJKWO6VUKYOU5LHSSA,B08C77PS29,1597956685462
AEGWMCKOPMYKFCBJGYG4O24USIWQ,B07H3QNJ1Q,1612411210440
AF3END6XFDJL5PNRM4BGWQF62LAQ,B08K3SVSZQ,1650843648598
AEAB6JG3Y3DCOYH54PALGDBYBIBA,B0742LVLMJ,1575124513855
AEAB6JG3Y3DCOYH54PALGDBYBIBA,B0742LVLMJ,1575124513855
AG3TUDH36DI3YQN64JOMQ7QC4R5A,B07WC2239F,1588572699980
AGZ74XCOTCNDW2LDHZU2HYQ2LFRQ,B07QL1JRCN,1621368974392
AEJRNR3EIOW4PZOCHFA5VHRD3IBQ,B07NVL6TJG,1578141118166
AHMG42EMKFHGDBGEUNLVDH4B6WKQ,B07R7WVRGL,1571566672640
AFBUIW2ZUF426TJLKG4OZ5WF2ZVA,B08DDN95VQ,1613794748681
AF4G4ZJLZC5RWXBGAVYT74Y4774Q,B0742LVLMJ,1591932659553
AHULNS7OBKZCEDIUIXYNSYUJJSAA,B07WGGH1C1,1611837192970
AFDU5TX25UVR45N4IK75Y7L5ZVVA,B07KT17L2S,1632653253080
AHUUFA244YNEYMURIFXXZ7OCDXTQ,B0742LVLMJ,1626393868963
AEN55C5USWEXDSL6YHUTRXTJO37Q,B07HP75X12,1567768914350
AGPXT3XUHYPBRJWC752CUEM3DOFQ,B07Y1WMH7G,1604083591918
AGU4ZHAHKZWXRNRD3G6AYNBDA67A,B07QYVCWHD,1565497975594
AEV66BCQPD37BBQOR6RGLOTK2VOQ,B07HQJPGL2,1625605590382
AEWHYGIIZFDASJ2HNQWIVMTF24TQ,B01M71IUZ7,1571024318628
AGAQ5AFDN6CD2IDSPNUP2IICO7YA,B07G4ZWJB6,1578461275918
AGDT5FN3QKNQ53EFMLRR2WVKXSJQ,B07V5VWTMB,1620440086003
AEDMBZDWFQ6B2AQ7QJUKJ3RCUHMQ,B07KG5RPCF,1610985424343
AF4TFRZVN4MIK7V6VW55MRU5H74Q,B07HFKL5DZ,1606833968020
AF5A4PMX7OKOJUCCYMPT4QPKVWCQ,B0742LVLMJ,1559282014273
AGCSHQRXX6N4TA2ZNC5BZHQ6PQYA,B07SDGKP88,1664991440871
AGCSHQRXX6N4TA2ZNC5BZHQ6PQYA,B07H3S5Y9V,1552284011846
AGCSHQRXX6N4TA2ZNC5BZHQ6PQYA,B07F8Y6BH9,1544200345596
AEK2QRBH2TGUTTDOG2EXHR7VUR6Q,B0742LVLMJ,1574129147283
AGWQKKLO3Y5YL5JI2K5YXNL2IN2Q,B0742LVLMJ,1655577395631
AFLL2JJGISEDLTFPBPE55DYOWZCQ,B07G584SHG,1622254805602
AGIZIH4WMBJKGAEOGHZOMPKHYEWQ,B07T43BXRD,1592265492615
AGGXM4RCTQFOR6NZQDAHDVVZ2S4A,B07YZPDHK3,1599986242215
AFW35IYT4OECW3GVTW5FBTXDDZIQ,B07KSDPDM6,1579777408151
AH7WILCJLVJQO3ZR7UYFELK6HUEQ,B07F8Y6BH9,1552884745165
AETUOFTSCYTHBL65KFVW7FYFM5LQ,B01M71IUZ7,1542660403440
AGVZ45MBAKWUG6QCXR7DS5VSTVEA,B07GNX2VPX,1552810416504
AGBPCI7ECQ3UFSNOOEH7NTCAJEOQ,B0886L2QJC,1654775468306
AGG2Y35GMCL5WCNTZQC7ST5JPCWA,B07NVL6TJG,1561722040132
AHFP3XLEEU2YFWHQRSKGTTRXJ72Q,B08R5V22W3,1632359550193
AE77QB6X6OC5MNTOK4UGKNNEOJZQ,B0742LVLMJ,1502126048392
AGCY7NQCMMVF44UUMD4AT5EL3A2Q,B0742LVLMJ,1531182799087
AHGF7SXB56RMBYJLCI24QRWJR4HQ,B07XGNHYC2,1636019543697
AGDLCAOF55463GYZT62WDCIEHQ7Q,B07FT4FMWX,1598380595703
AEUUPKNEDZ7ZJQJH75EBTOFHCXMA,B07G584SHG,1579498159650
AGOVLQP7CZVBZDBDBAQ6W7CSUARQ,B07WGGH1C1,1594063168753
AELQSVXKLNFA6WTG2JX46324YZHA,B07M5H99Q6,1580605034054
AGEQQYPZ6SKNJOVIIN63DWNKJO2Q,B07NVL6TJG,1580433257827
AGEQQYPZ6SKNJOVIIN63DWNKJO2Q,B07DVXFP2N,1563625307272
AGDLZNDI5K6YALFU3NP3O4FURLIA,B07WFHJDB7,1631544094935
AFMRBUIQFJ3WMJTESHIA64TGUOQQ,B07WFHJDB7,1608701083050
AHIKS4M2RGNUQXDZ3FRFES4PHECA,B07R7WVRGL,1623107751664
AFA6WTOV35KRLUKNH3NLZ2WR5RJA,B0742LVLMJ,1567609278295
AFQEOO2SWK6QGQEZ6WS6QOJ5L5QQ,B091YP7Y9M,1632764416213
AHUHAIZZBKNVUQ6UV5QQMXZ6QSXQ,B07Z3ZCJC2,1594397788633
AGFEPJFKTGG6YUK4RXWCF5NNECDQ,B0742LVLMJ,1597194508850
AGFEPJFKTGG6YUK4RXWCF5NNECDQ,B07QXSYDGF,1597194461551
AFYKBP5R5PBKQ4UTHZYTFAD2FGKQ,B01M7UD21X,1500787307048
AFB7QEGNKQRMCBJ3E4YB2CJCIHZA,B0742LVLMJ,1578284032661
AFN6AIQ3AV25CJWKQTO7PZAYKJDQ,B01M71IUZ7,1563130806551
AEJTLJKUHKTOUNSSPBZXUQ55NE4A,B08R416M9D,1612202010861
AGKOLB6H6PYQ7W3XEGVALZXRVWAQ,B07DVNJ5LP,1599077623963
AGKOLB6H6PYQ7W3XEGVALZXRVWAQ,B07XGNHYC2,1599077393508
AE6B3L2FGKKUTMBQUPICY4XNQSJA,B01M7UD21X,1551825870340
AEU3YF6EYWO3TVREIMRN35NXG33Q,B07DNM6GBC,1538712200449
AHMYGO3NECQRG2JJ3CVINQBIJYNA,B082VJXRBP,1597376855514
AFQS3P7ES2D7Y5PR3SAP6VGGQ4BQ,B07THJZVK1,1605834230537
AFFRY4IHKYY2R5U7SYKMJRYN523A,B0848GYJRK,1599496566497
AFFRY4IHKYY2R5U7SYKMJRYN523A,B0848KRT9T,1599495360574
AERLH2SC37EKSALOLZMZGBEJTGTQ,B07FT4FMWX,1609464759846
AG4VFGB4DOSXTP3LOJKBNYE7GO4A,B0742LVLMJ,1588261397658
AFE2D5OUWTUUDYII5ZKFWT5KRTIA,B07NVL6TJG,1599769449477
AGLWMTL3Y3APL4FPLXJKZ6NSU3LA,B0B3XVR923,1660940573446
AGLWMTL3Y3APL4FPLXJKZ6NSU3LA,B09NQ9P6ZL,1651556855623
AGLWMTL3Y3APL4FPLXJKZ6NSU3LA,B098QZJ5TK,1640295390029
AHTJCGCTKYUOWAR6PCR7S342I6KA,B01M71IUZ7,1525579722586
AHVIVJ6C3CFX7NR67P345DBUM4LQ,B081JS67KV,1602163483380
AE6WMI63MD2X4ATGF5WXI3TKNI2Q,B08682LT57,1611167308498
AG7GKKHZZXQ7SZ55YA7BNZZBM2AQ,B0742LVLMJ,1517397405553
AE5BPPA46TSRIHEX7VWDOMCX2Q7Q,B01M71IUZ7,1546189080643
AGN67DTJKCGOJANUVQTZBLDJLIFA,B07KJLV75L,1609083693048
AHFVJSNHMXU2MHXAAS6AAXT7ERYA,B0742LVLMJ,1572212958850
AF57CWLTFOB2ZQQXJRFCP7Q5XOIA,B07J2LNG43,1555782598177
AFTL672GJVIMJY2DLI44PB2KMEAQ,B07HQCCD29,1566247012907
AFBYR52WROHHKG27BD5JK7RXVNDQ,B0742LVLMJ,1578168919184
AH2VCFHNVBX4JVQLAOB5YAIEWTWQ,B07YF1TGM2,1606878554328
AGZXEYY46TLSAJSH3CU427CWDZLQ,B082MH51J3,1598667760941
AEAS5NCJH2YGMQNZHO4VOR32KSFQ,B07HFKL5DZ,1592849428474
AEAJRXNEJRSA23UPP5JMYBX3MO2A,B075NM1M1Y,1539987807112
AECZSW6BEHM3GUQR5AHJN7ZGONEQ,B09R3MR7DN,1670509046482
AECZSW6BEHM3GUQR5AHJN7ZGONEQ,B09R2M2SDN,1661371714103
AECZSW6BEHM3GUQR5AHJN7ZGONEQ,B07DNKDLYV,1658513875764
AECZSW6BEHM3GUQR5AHJN7ZGONEQ,B09LWFPZPR,1656103636965
AECZSW6BEHM3GUQR5AHJN7ZGONEQ,B08WFF8R8V,1645488938641
AGHFZHM4MATVR3PI6L5FDHGGBFGQ,B0842RP7RD,1609905471943
AFNVZMP57XMQWMRB55VQMQD54AXQ,B07SPDBR1J,1609622490460
AEEOKJ267PQJXABNCW6UA5ZOXYKQ,B07WGGH1C1,1580690308678
AH6JOAVDLO2PKGESVMI2XIX34MZQ,B01M71IUZ7,1552829682941
AHFO3U2HJYEPMRV6UXNLVEAWHLAA,B07HQCCD29,1565605313859
AE4XJYGTAA5XFEGYSWLOEHAP2ROQ,B08PVWRW4J,1666703718305
AHWR7U4LEDM2M5IWKSESANWKN6KA,B07NL7BQS4,1670863919373
AE7PK47ZALKHMYAHOKPE6JZXD5ZA,B07XGDM47D,1609357459904
AHZRSMFMH64FT32MYTTRKGD2526A,B01M71IUZ7,1539158671147
AG6FGCKNV3ZIQWDCXY6Y62VIG4GA,B086J9WXWV,1593569768777
AHMJDN27DC26Q7YZ7TABYAXLZCLQ,B082MKSDWL,1618495157192
AGO6BURPOUZJZZW52QDJ2DBI6DCA,B086JBCVB4,1609300975821
AFPIZJ4R5VP5UU4WIT2GVWE3N3OA,B07NVL6TJG,1562295354449
AHD3ANISFX2VG27SR752KYCJ5LLQ,B0742LVLMJ,1527721608352
AFJHTNM32WMAMTRPHHAB2NNSHXXQ,B07QL1JRCN,1582220085617
AGKGYF2VQMMLKEHNTEM423ZUCKDA,B07HP75X12,1581150820226
AGKGYF2VQMMLKEHNTEM423ZUCKDA,B07RBYJN37,1559188465229
AGBX7VJME4SCNKPPC2SNHJAZMGHA,B0742LVLMJ,1546480838541
AHX5DCISWBDIQCKDX7HCUUHFSADQ,B091Y2L7NF,1621110411977
AEUT77K5Y4O7JGSQBPUIGAFIQTWQ,B07F8Y6BH9,1608571263814
AHVJIJ7RORTOTAF2DAFE64C5VMYQ,B0742LVLMJ,1573786311976
AGMSNBC3BQZ5UMV24S4ZJQD6RBXQ,B07DVXFP2N,1563759485889
AFI2KWBJ4M2HDMV2GGEQSIVTMCQQ,B09D45DT87,1629417669667
AG3UZ3PSKJNHJYZWRPRK4XQ3TNNA,B07XKF8CB3,1583173277992
AFZ3SZ6DBKA7Z5ECJS5V5C5I6DJA,B07HQJPGL2,1591739647712
AEYGLJ3AKBCWAEC62YU3C56YCL3A,B07GNWWTRV,1560001826270
AFGONPCBAR3YFHOOAC3H2AX3JWZQ,B0742LVLMJ,1590270350549
AFCNCK5XWKMKL4G7S2YZZXPTXY3A,B07RBYJN37,1610929136523
AHO7NQ4VVQUWBMAPYICFLQ656NNA,B07MGJZ2MH,1594189220281
AHSVYUXQWUCDGLNHSNB5SQ4RDCVA,B07R7WVRGL,1594577842868
AHSVYUXQWUCDGLNHSNB5SQ4RDCVA,B07WFHJDB7,1576217083608
AG3UUJT65D6SJRJETE2KXQR5KPSQ,B07YZPDHK3,1593273682433
AFHOULCFKV3MSH6QCOKTGMT7QSHQ,B08MWQ6FV3,1625633999606
AFMBWZVHCWMXW35N2VXJS6XVPXVA,B07G584SHG,1602986007606
AG3SNM5C66W4LG4EQVMUMD7WI2SA,B01M7UDAVI,1542646247527
AFPGWQCKDWGTCIH5IF3IMI7AWXHQ,B0876CYNG1,1589755956474
AEZNJRR4C7UHWXF3CWOIS7SZBHLA,B07KG5RPCF,1605829829285
AEZNJRR4C7UHWXF3CWOIS7SZBHLA,B07WT5CCKH,1605829734770
AETYV5XRAPNFIJQE6AZZZZWU7PNA,B07V5VWTMB,1578661801276
AFBRDL3G63M6E4CUABXGKH5II3GA,B09J8VQJB4,1657135993529
AHXO7MEQ7P2VIIYA4IRSZFWV6ECQ,B07T5JT9D4,1579548714253
AHGUROD4UIIRIDPFY5DSDPLU6USQ,B0848B8JDB,1666536841066
AHGUROD4UIIRIDPFY5DSDPLU6USQ,B07Z9HJSKM,1591414163597
AEP4MXVJEFW6MWPKGKTHBWYM32HQ,B091YLQ7RG,1622104548672
AE7FHBCDF453T5NLZO4EHUOFS3JA,B07SPDBR1J,1581115296194
AFOQ2LL2Q27I6DKVPGEF5XO54RGQ,B07NVL6TJG,1610561818631
AFTAMZBE5Z4OPERZV5R4ZY7WWDNQ,B095WFPM47,1629740946874
AHZOBZXOQTAIJ7PDVNUP22R44GLA,B095WFPM47,1626097331174
AEGMCPQNZGW5F7SFIIZBHA4GUHDA,B07G584SHG,1547411796175
AFGLVO6GCIM64BCYHINB56ESYPGA,B07L3K8S42,1606933860082
AHJRRZUWVBHWR4XZW5LIGEPS6D2A,B07DNKDLYV,1538497307657
AGOHSWW7UDHWUB4DCEPMGV4CINSQ,B09BDCTCKR,1632468250996
AEZI247EW633U5KGHMA5IBC7TIOQ,B07WGGH1C1,1611782787766
AHZ6SSISBAJCGGN3ZY3AAJIPWS5Q,B07R5VH7XT,1623903201710
AEBEZQK2F72QS4RQW5C3CONJPLPQ,B07DNKDLYV,1534263932411
AGVINVN4GYYMPSA2SADV3ULMKLYA,B0742LVLMJ,1601703428898
AFIJH3GN462UNVMWDKSDPAITERUQ,B07VGNQD8K,1600096878614
AHKGOJCTFHEEE7YW5S56OKVAKVWA,B0742LVLMJ,1611430829337
AFF3TOMTEV72VMP6WNEFILMAWCGQ,B082B8JVMJ,1645591488540
AH2WQM75QJOO7XPFQG4D4F2DPQCQ,B0742LVLMJ,1533149846837
AHNHUKKA75EUV6JQLUJVHHNASSHQ,B08MWPG77B,1662700332082
AEGN74AVZ6QOY4MDSNKJJXDSV6PQ,B07XL4VY27,1575396474057
AGSUGL2OZQGC6JGBK75XW5RLPKVQ,B08DDJ1QRS,1601169658616
AEHNNUCQHESX55QZ2W462J72HOFQ,B086JBB4HD,1613343177363
AHTWDN4PJNCPBDDDBYP77V7APNYQ,B0B6CPL52Y,1661787863285
AHJ3TF5GTXE5OPYZUGXIJQWEFV7A,B01M7UD21X,1549241163810
AGKO5QREADF2QHBYSDHVNX4B6L6A,B07G584SHG,1565738100544
AFE2ICGH7CHLPFSV2UCRO3IJRSAQ,B07KJLV75L,1614753489522
AGHJXCVFUDGP2ACRCWMZDNMB532Q,B0742LVLMJ,1578166833977
AFNCO6LDEDPBIDVBWH3XQJIPCVNQ,B0742LVLMJ,1539803697099
AEI3ZFSR3U2GY3Y7ZV73LJE7QCDA,B084JGDV6P,1596551014876
AGFZWH6OXMQEPP2CUY4WKYTBFMTQ,B07F8Y6BH9,1610307782705
AEA7EUCRUR7ENLJ42CFV6XZRXWGQ,B08GZ1KQTB,1630023473520
AFWXP6RRYIPZ3EAM53VOUH3UDTCA,B01M7UD21X,1503950648043
AHMQQ25Q2LO3C5EU6B5DA6PA5H5Q,B07G4ZWJB6,1589828648694
AF4VGAEIEW3BNNU3DTYTUA3BD4IQ,B07GNWWTRV,1572524109069
AFPCPTB2SUT6T2SNIS6CJ6VX5IDQ,B07GC3X8V7,1543301464388
AF6ZRCWM644AXXTFOEWBVFAJ3NCQ,B07DNJ6N8K,1538359940714
AEYMPAR5GZVH67YOJT36T75BV7OQ,B0742LVLMJ,1520906927167
AHQ6HLBLEIYMOIDBPBLJQZJSXWDQ,B07R7WVRGL,1572364485212
AHL7PKC4ZJHX7EZRHPKZXLCQACVA,B07KCLWKR3,1559238358744
AGBLK3IHWXQUD427AXEGB2CC4FWA,B08L3SSNL5,1617051806969
AEOEOKIAD3DUP3BFD23BCEAG5OAQ,B07G584SHG,1564138466692
AFFQVH26TFGWQJFIS2ILQWIM7DEA,B07F8Y6BH9,1617076161564
AFFQVH26TFGWQJFIS2ILQWIM7DEA,B08C1NC54P,1617075540737
AGMVJEK7UIBTJXMSJ422JCZNQRQA,B08H8SH42V,1609773970085
AFWW7CCLFG2SGXINTBYGWHA3BHVQ,B07VGNQD8K,1588693950341
AHFL2V5WVBVULG4SYILII5A2DEYA,B0742LVLMJ,1525821060544
AEPPS7UOAIER6FXOFEQNWO3INXBA,B07R5VH7XT,1597269646588
AH6CZK2ENZOADAGE7CUDUM36ZXBQ,B07FT4FMWX,1615078308162
AF54VPEL4WUWRMPT2FTSBWZSPDQQ,B07H3QNJ1Q,1566572009124
AEYRMMYKYPHH7LO4WKQIAJS3JP4Q,B07G584SHG,1546449346253
AE46BI67Z47F2BP5EDVQXVYLNMIA,B08MWPG77B,1618710200012
AEDEBWGE5HBZNXKUTGA6KKC7LKHQ,B086JBCVB4,1625586619428
AFJZBUHPJNLPEVBBN7VQ5LROYAWA,B07G584SHG,1625946601855
AGXKGJS2RCVR35RXKXU7WWDXWYPA,B07DX14G6K,1540351675496
AGXKGJS2RCVR35RXKXU7WWDXWYPA,B07H3S5Y9V,1540351481461
AEKCCQXQB2MLDCV6DUFIRVSTQGLA,B07G584SHG,1623200103115
AF4SLCYM2SINF55VGV6V7BIDZAFA,B01M7UD21X,1516573073517
AGB7SMTRAX7NIPJKSLYLGP3QLYAA,B07XGNHYC2,1615439635211
AGPPI3BX2KRLWRUH5Z3OO7MB6GHA,B07KPFY7G5,1582052243883
AGPPI3BX2KRLWRUH5Z3OO7MB6GHA,B07S5C7LR4,1581088174967
AGFNVU2DPCV7QH5CJJYUNC5X4CVQ,B07R7WVRGL,1625965639485
AHPWFLVO6JB3KR6PKXQVCXGDTTDQ,B0742LVLMJ,1530310764366
AHX2DT3I4FBUIZPAO63IWS7HGYMA,B07G584SHG,1621463677622
AEPYHGHWYEZOKFYK2IYFYHJK6GYA,B09FSV539V,1634494634481
AFHTMJLDTSBIBORR5GW4K6ITIEFA,B07VGNQD8K,1656608583327
AETMMJEWWZZ4PEUWSXNSDLS7G52Q,B084ZT9NDT,1607186411179
AFP3WVGETHQNUIXG5RYTOQOMTVVA,B09S3WD16F,1659800385996
AHQDA5BMDRM4Y5CENANFFQBMTYRA,B01M71IUZ7,1507577937390
AGVODN55PNNL7ADBSO7QEGWZPXAQ,B01M71IUZ7,1494549785000
AEXTURLGAH7COHODDYIYVXWBIKXA,B01M71IUZ7,1485665748000
AHY5ISJGPTCK22YIQOMEFEUAGNKQ,B07VGNQD8K,1627886630272
AFEHZFYPJBTBV7KYFKF3VQAWGUPQ,B01M7UDAVI,1522800002111
AHC766N6VNM5F6VYYNPHGUVS3FNQ,B07VGNQD8K,1591567793907
AGL6E3FQEGTHE7OLUJQO4ZGCDWBQ,B07LGDPY7P,1580758477589
AG6D5RDB7C3EQ2CSWXNIV2T2RPWQ,B07DVXFP2N,1548530376276
AFD4EE3GYEDGISDKLOK2XCAQY6SQ,B08VD2BNVG,1655346002602
AHIBYO2Z3OVNQKWCNPS52CRSX5BQ,B07G584SHG,1669234514492
AG4QMSVMKYBN7KMNYDJNSD42SZTQ,B07VGNQD8K,1649461310855
AG4QMSVMKYBN7KMNYDJNSD42SZTQ,B09BB78PC8,1634898529115
AH5PJVP6ECVV7ZA5CMUO5EJ2D23A,B07HQJPGL2,1621369395644
AHBC42HH5YVEYRCTZ5ANVMFIDZIQ,B07MGJZ2MH,1566852426671
AEFO7UY6BOCPO2X66PT5E7EIHJOA,B07M9PR1ZT,1591616381967
AGP63BYKVRCZSVIWHGTUCU2JS7HQ,B07R7WVRGL,1605911269883
AEKABMAF4CIVNV66QVT4YB355JOQ,B081W8SGPY,1613406868323
AHUGW7ICGASA5W2CTOMTMHUQQEBA,B07X5SVBJW,1587936568252
AFGOHN5SF7YB23F2VAAT6J5RDT6Q,B0742LVLMJ,1605552396586
AFW4GOVTTE77CMQEIGI6GNSTPAPQ,B07RBYJN37,1579328927903
AETYSFLFBNI2QLM2TYO4IDXMQ2LQ,B07RBYJN37,1622757649304
AEQQ3RFIT4LQH4IHVWU7WCPVY35Q,B01M7UDAVI,1570853377544
AH3Z7T2ETFT7EEQKKZBSRYZSJLZA,B0742LVLMJ,1603719326624
AH572G5BYS6ZMMVSKNQAPLJGSPOA,B08MW3YHLS,1616688500144
AGIJBTRGX6ZCXJO3LLJADT4FZW7Q,B01M7UD21X,1522682805095
AFEH3AAM3LP57YBDTTCOL7DIEKHQ,B0742LVLMJ,1626545637861
AH4YGHGJI54RKD4WOE3U2JQDISRA,B0B3XYY29S,1660587484028
AETWN667O7GRGIWIHYYBNTOWSRUQ,B086JBB4HD,1643918527476
AG3TOMMBIVRE55RT4ACAIEVC544Q,B07NVL6TJG,1617906104866
AEBP7WQ4B7NBNSLVWOLVAWUTJOQQ,B07F8Y6BH9,1614172976094
AHEUWOZLN6MMPJ3YN36ZXFF2BLFQ,B08LVQWH8P,1612385148893
AGS7JPUOU6ZBEYD5VLYIXYSWKSJQ,B07STGWT1P,1580597672561
AHY3W6EXMLMKV7JWYY3G3A6U2K3Q,B07QD9WBGB,1631033585381
AHEV63WJTEGWC5QWCOQSG3GTGBEQ,B07G584SHG,1634828064722
AHTP5A6E4WC3V6EIBSGR3RZGLVTA,B07NVL6TJG,1564419078470
AHINH2BGQB2SIIH5XZOSG4HV2SGA,B086JBCVB4,1648119427348
AH3ALO76IPIVWQ25AYIZ2NVQL77A,B08DDN95VQ,1603598991622
AHVHVRUYUTJBAHIA7GAIHM7BZPGA,B07WV4XWTM,1628043220116
AEOTVPYGTCZTFIZUPIUQ65GVPSSQ,B01M71IUZ7,1496102068000
AGVVIY2ZXB5R2RU7GPMFYNWQLYBQ,B0742LVLMJ,1644152066081
AGNT5PMMRZQ3V54PVDB7K4UD4O5Q,B087GQ51ZB,1620929047297
AGNT5PMMRZQ3V54PVDB7K4UD4O5Q,B07VGNQD8K,1620928687797
AGNOVC6Z4NNNQPU6HDUBGGU3DPJQ,B07L3K8S42,1607377918096
AHCCBOZ7PETHNJSBJECYIQNZQRIQ,B0742LVLMJ,1599028037301
AENVZYJX73JMFAJE5FKDWDY46P4A,B07HQCCD29,1548646050384
AENVZYJX73JMFAJE5FKDWDY46P4A,B07DX14G6K,1545323721410
AF4I7UVMEP6J4T2GYJDXICHNZTSQ,B0933CF1DM,1661954241042
AEIGGXILRZMZW4ARCVYXJCWWXZWQ,B07WGGH1C1,1604541851225
AETKDUNLEA2K6FSQI4KFCO6OOGHA,B072MHKTYT,1537790394698
AGIBGU64P7PPEYE4E5NA3WMFCJIA,B0742LVLMJ,1678484247308
AFQFDI6NK2AK5GG42YEYE4IRKOMA,B07NVL6TJG,1572007962867
AFKOAGRXUI3DYBUPNQF2NT3JME6Q,B07G4ZWJB6,1646436286780
AE2BZ4WFWNJETM2WZYCCRQMA3ZFQ,B07G584SHG,1590447963091
AE4A56CBHTS6WJ4PWDH5HMGBWOSA,B07STGWT1P,1612193827478
AGUYFU3JAVNR6KNKZY2PTK3NRQDA,B01M7UDAVI,1543937114734
AGQRIRSDWGYN36DIUDU5H2OVZPNQ,B08GYDJQ9D,1619895901928
AHNX6OOWXUGXRX7TE2QC4PLYYWLA,B08GKMF8BW,1631026085138
AELZFPJNCIO4NI7N26LQDHHQOEIA,B07KPH6D57,1551382000483
AFKPS7ZE5SWMMGJFTZTAS476KMGA,B08C77PS29,1596399473251
AE5GDLPV6PLMD3O5PBEHD56QUB6A,B07RBYJN37,1576121158587
AFTW4ZDJJ32ZXQSUI4Y7GEHGEG2Q,B01M7UDAVI,1564584282765
AHUUOKPGIHHHYO75YWV4CMGKEQJQ,B07L3K8S42,1579362279204
AHXHR6TPBP5TOHZXEGUE5DWNEUPA,B0742LVLMJ,1613413915421
AHVF5OOGTUTLG4GWK6AIKVVRMQMA,B07G584SHG,1565135878334
AGMYKDO433C5VAZBCP3H6XIZFALQ,B07SDGBPGK,1618352082448
AGMYKDO433C5VAZBCP3H6XIZFALQ,B07NL86LGD,1573490716898
AFGUP47CK2BORCTG6FBCCW436NMA,B07VGNQD8K,1596842695772
AGDNZA4CDKNDYQZ6XTMU6PJ5TV2A,B07F8Y6BH9,1580179609530
AEKBCPBH6FYJC3B2BQGDPKRGL5UQ,B07R5VH7XT,1621657705062
AFZSJ7BK67K5WXTZXEOBDP6NAMWQ,B07HP62FDJ,1553537643760
AGBKTGWHJHMZSLHSSFGJP2ESDC6A,B07S63NKNB,1580251935884
AH7IKJ4GUZQHVZVPFQGXTJYKNTQA,B07G584SHG,1606557161384
AF4X5CPBBHI72HXX2USCFALZEP4A,B07X5SVBJW,1653189876077
AGLJQ2SLP4UTADUOKFU2SKFXLQIQ,B0742LVLMJ,1592772159799
AEI2ACIF6LQ67YRLGVMTF2ELRR5A,B07VGNQD8K,1610175858359
AEI2ACIF6LQ67YRLGVMTF2ELRR5A,B08GYDJQ9D,1610175305970
AGNF5YO2MOB6D7AH67MN46ZF5LGA,B08H8TXYW6,1608667425333
AFH2LHUH6FZLHS5IOL2DOMUT7NAA,B07R5VH7XT,1606880186262
AHAIRXLSA4ZF6EHFEMQQGJWYOWFA,B07HFL1GS3,1637603768176
AEGLXNAULK6ISKQ5336WOGK5CAQQ,B0742LVLMJ,1572491972231
AG4HAHNZXAWL36V6AANXQ2BVHJGQ,B07XZMR3K4,1579138773134
AFIF2KCZVSHUYB6CCHMRODESFUGA,B07X3Y7S2W,1577544987101
AFGU5Y3BP7BGNHRY4DVVPV76WJCQ,B07WGGH1C1,1609821236857
AFBZ5XHEKIRLBOYN4KQRLZZR255A,B08DDLB9S5,1610747785234
AHFXDCSKXXKOFPKRJKBYCYIUOXKQ,B091YNJ5GT,1647353424192
AFH32US4ORDL62DNEBAAIKYL7GTA,B07G584SHG,1630869630529
AGYV5DNS3DHC4TMRWIH2JA5XBB4Q,B0742LVLMJ,1587868893345
AHSZWWW3NNSS2IG3FLCSVUBX5UMQ,B0742LVLMJ,1504350905884
AEZAXXJN7JF5DKBD6K3LZXUX6TNA,B07H3QNJ1Q,1612130084561
AHLX6VKDENYZHXSEZH455FS62TOQ,B07SPDBR1J,1630294522647
AHLX6VKDENYZHXSEZH455FS62TOQ,B08ZNPN3NN,1622225673760
AEQQOVDIIUGNLQWCSV6RGHY75SHQ,B07HQCCD29,1558584922460
AEDZYKF2OEDSXR7ITPXBZ2LAC4JA,B095WFPM47,1645906649081
AHKU6FOVM5AVOB7OAY2ZEILTNXHA,B07MGJZ2MH,1604103190760
AHKU6FOVM5AVOB7OAY2ZEILTNXHA,B087YPRGKB,1604103129226
AHYLOAB2XAHIFMLDWXTCYAG4VVPA,B07DNKDLYV,1550586048862
AEDVTJKXZJUEBPVCQKELTG5R6CLA,B01M7UD21X,1496090174000
AEUDEBOVXXSSFMUXSDBI2YXZTAWA,B07DNLG9ZR,1549082875712
AEUDEBOVXXSSFMUXSDBI2YXZTAWA,B07GNX28KS,1541220980170
AFYRL47OQKQKVVYWT4XP7672GKNA,B07NBPQL3C,1597697041318
AFCCBWDX7DFPOY7INX5YTM4GV7IA,B0742LVLMJ,1632073948498
AHOPAIVL2537SB45UQMYFRAS35IQ,B08GDYSVNN,1609972468332
AHEKRNZ3VPP63YKWQBRCASRWDT7A,B08YZB1T5L,1623906884339
AHE6W7FDGBQ2BQSF3JXOBXEX6I5Q,B01M7UDAVI,1572391090452
AGKICLQ45JCIO6VO27DTQ6OSPWCA,B07HQJPGL2,1556216502666
AGBXU67ZV6NJSMSDQ4IE5CU5H4AA,B07DNML26P,1570373487508
AGVYHJZZQZVZTOLICOK4DJBQCLRA,B07DNM6GBC,1550031027629
AGVYHJZZQZVZTOLICOK4DJBQCLRA,B07GNWWTRV,1542809592616
AHBWJLJC7NP7JFEV6YGX7FA32RBA,B095WFPM47,1628184026453
AGGXDZVZHDP52GEPIFEUPJYJN4YA,B07X8MDQBX,1582157831399
AHMPXAURT2RP3C7ZGW2KTBKOQWRQ,B0BM2QT9YM,1679182693930
AHMPXAURT2RP3C7ZGW2KTBKOQWRQ,B09LWFPZPR,1659552183953
AGGNLBLVJAUJE2RHNOCFNVJXJQ4A,B08DDKTDSF,1605119463761
AEJ5PHEAZUGIO6MIYUAR5GI4XCZQ,B07SDGBPGK,1601513327467
AGEYIQSNQ2SHAB6RAGZLNRGXHW4A,B08GDKDMDT,1605051280161
AFTSPEZC3RYARN6SVKDRCQWNWBTA,B07QL1JRCN,1582678025975
AFYLGQWK4K6T6OHKQU4IKK2B65NA,B07DVXFP2N,1563364838597
AGGVXJZKMMTEXNY2XO3CDIK4YEYA,B07NVL6TJG,1562352900271
AEGQM2USL2JD4K5HWUBPBXSFIVXQ,B07DX3D8W3,1607382189605
AGT5BQUPZSL5JLPAJLJIOS7VE7TQ,B0848KRT9T,1642273002880
AGX5QXGZFJIW2IBU7YO6OMS2NE2A,B095WFPM47,1651327799156
AH2B4VA7YNINLBNOU2SHOBYP4YAA,B0742LVLMJ,1511539622762
AGRY7M4TRQGEZ7U5VAYXEAAFMGKA,B07KSZGDD1,1618229086678
AFSQ2P5BKSJXSIZ6DGH66L6AYI2Q,B07FT4FMWX,1543602503021
AFGMNJZEJ5L4PNYJT4UYINDIJ6BQ,B07DNM6GBC,1538343839443
AEPR5HAWWZNS64I2MT76BUNIQJ2A,B07HFKL5DZ,1650222348429
AHWV43PCZXJ5IQCYKSJWDBEP4GMA,B09QD6R1DL,1648777649492
AGKPGEXPFWZRUUBCNBZ33RS3HBWQ,B08R7K4WPB,1644889202659
AGGJFUGMFSNAK6LUJYIUHKPGKQEA,B095WFPM47,1670887522811
AGA6OW7HJMGBQJLF5ER4Z3ENHYAA,B01M7UD21X,1563936712843
AH2ON66R6WX4VVRXLL7PTZWEUZPA,B08F814PSW,1650917295484
AE3MUMBUJSJ76MUNTLI3CMADPDYA,B07VGNQD8K,1610692291869
AEXRB7UWB3QGFGCGPBJYWXERGXRA,B0742LVLMJ,1523551540758
AGD4ZV633UFX4J7DNXJTM3IAOX5A,B07DNLG9ZR,1573860276880
AHPUGNEFY22BFEHBYCTKVCPHQM2Q,B08CKZLD81,1598997051352
AGKX3XP2FFFA4NCTDUEJRF7YITBQ,B07GNWWTRV,1557352966539
AGKX3XP2FFFA4NCTDUEJRF7YITBQ,B07DNM6GBC,1546621845546
AGBFPWDAGP7ZNRTHUR6CHX3EKIUQ,B01M71IUZ7,1544992079178
AHKAM37UCQENZCFT3X4X6GOQNBSQ,B07DNMN7X6,1533079575950
AH4CK6HEHM6TBYFQKFMMEZKW27TA,B086JBCVB4,1592960857239
AEPYGPZLC5TTUGY2PA6KW67P2GNA,B0933F88K8,1622320282431
AEVQPBS4LWXCAF5A2YFN63KABANQ,B08LDV5MBB,1616112185248
AEPXYXM3F33SXP6U4GSXHCBLBWXQ,B07DNLG9ZR,1533049489905
AG72WCBX57FR2J5LWUT55I7KFZMQ,B07HQCCD29,1542804425849
AF66ENJHDB5KLF2NMN4TLIMAR2BQ,B07DNLG9ZR,1556828541318
AF66ENJHDB5KLF2NMN4TLIMAR2BQ,B07GNX28KS,1552804004566
AE3TGQWQXIJL7NI75VF2UOIRGE2A,B08M3ZFWDH,1617756615255
AEKBCZNETD3ZBF3ZESVOJ4HKCOCA,B0742LVLMJ,1592133376099
AGQ4Y4FFKJCH3C7YHNSIOITVICPQ,B088YB3PRB,1627781093973
AHKWLKE4EU2YF3CKWXELN3KFH2WQ,B07MGJZ2MH,1617905818190
AH3G2R77WPSARRO25BLZMTXD2QFA,B08MV4NRSW,1625034735690
AH3G2R77WPSARRO25BLZMTXD2QFA,B08GDYSVNN,1625034639657
AHYZ6X7VMULSN3UMJYFC6JMEXQ3Q,B07XKF8CB3,1623435781618
AHZGRJI26OU5OJOLJHJ2DS4PFY4A,B0742LVLMJ,1595602705527
AHZGRJI26OU5OJOLJHJ2DS4PFY4A,B0742LVLMJ,1595602705527
AFF66WR5FZI47RZK4SDFIMGYNH7Q,B08HQNLMC8,1639599809186
AFTMRR7FWHQG36DEY5NEU2R5UYQQ,B07VGNQD8K,1627497035580
AE5BJLTT364AQ4PIR7OAKESYSMFQ,B07NF12XPB,1561669759784
AF6OCCJQGZ6UO7SQ4PNVQ33KRNEQ,B07XTHS9CJ,1618249857412
AFRNXRXVKT6IWH77I6LHJG4MK4EA,B097B2N157,1643042215457
AFRNXRXVKT6IWH77I6LHJG4MK4EA,B08DDKTDSF,1600651895187
AHBKWCH6QXMGWFNZXBX6FCU6T4PQ,B08GYDJQ9D,1630359055051
AGFF4BQRVGWPXMWUAM5CJJAWDX6Q,B07WGGH1C1,1572368811878
AECUE2ZCUJMAQ5RBN2NM7HDVVJ7Q,B07DNLPCB9,1534864005252
AFE3ZDQ2NKUOG6DJXDWP7LUKDCWA,B07RBYJN37,1612315799440
AF6TK62HMQUZR7KO54EM2UDEWD3Q,B07GS56H8V,1623248547913
AHNZ4XJJFINI3UL3A4GCE52HWPXQ,B07DVM8MM5,1596041930693
AH3R32XH5MSWCLQPLPTIXZ2JEVUA,B01M7UD21X,1564918755415
AGBBBUJGQJ2EMT2QQ2LEEMVKRVAA,B0742LVLMJ,1548211551218
AEBSFJ2C5JFXYU4FNRAM52UEXGDQ,B08GD26JQX,1673423791908
AGVTUL6ULVWTADHMRNXG6E7AFWCA,B07DNM6GBC,1560133483164
AFIEMTOVK2566XGAWBKJSIIPTCJQ,B08WGBJKW7,1653917760301
AFIEMTOVK2566XGAWBKJSIIPTCJQ,B07DNJ6N8K,1590998869344
AFZI2HR43CRADKA4VP24AFOKB3VA,B01M71IUZ7,1503716080302
AFBWY6BYGKSAM5LCCIWDZBPVSVHA,B081TBW1FB,1614392855940
AGG6TMLJFVP3XYJKBJ5CYJ2PYK6Q,B07G584SHG,1664913320954
AHTY6XTDPM5W2765GHNDM2ZL3K6A,B07WGGH1C1,1612056600485
AGBYOQWGIC7GDFWTRIB6QDFJCQHQ,B08GKMF8BW,1640309883164
AEYYPY5UDTCNIQ44NOUC3TDGFW7Q,B01M7UDAVI,1545128101322
AEQOLCT4LFHIVJZYLB7NXBZEJUVA,B07R5VH7XT,1569686060706
AHTW6HSWDEEA6OOWKVCWQZJSKFFQ,B07G584SHG,1627952109104
AFA5HAVYYYXE6UENKCPNCC4MUTGA,B07VGNQD8K,1601084833868
AHQ7PEXJP4CDJGCLWBRYPN2BPLIQ,B07DVXFP2N,1538272006514
AHK7WYKB5EKPUCIHS5756O6F3B2Q,B09NQBMSFB,1656065791582
AEZF6H5GK4NPJT3YXEYFODNT5O7Q,B07MGJZ2MH,1635463985347
AEVLO2M3BEQJKEUYBWSWLSIGOLDQ,B01M71IUZ7,1538170047346
AEOYUEAYYHSAV6KZVL6OIWR24QQQ,B09KD764K8,1649181547568
AERSQ7RMZ2AUYYHDSIRW6L75EEHA,B07G4ZWJB6,1597605385815
AE6IN63A3V7SKPH7JI4F2VSHTKWA,B07HP62FDJ,1574458139749
AEKX6G4T4P2ODJ6ES6ZJOQLVF53Q,B07MGJZ2MH,1636234048735
AFJZ4HJ3T333EWUUPAPY43NRLOKA,B07NVL6TJG,1599935451156
AGQUKFMAWTU2XQEACP26D7WHMJ4Q,B0742LVLMJ,1523823721419
AE62ZU2B3TJ4LXUBVCXJUFPCT4IQ,B08GS38B42,1620313451891
AGKQ2TRLUWJJIAYYIVXTZTYUWZGA,B07VGNQD8K,1597261501889
AH2FY7EOKO3AZD7FU2ZZVUCRIQRQ,B075NM1M1Y,1572319668215
AHSKGKPXSVS4GLPG5PVDEWO2DH7A,B09RQQ5HTD,1661108757155
AHSKGKPXSVS4GLPG5PVDEWO2DH7A,B09FSV7MBC,1655270435388
AFWFD7Y7JMCIX6SADUNV2M6STMGA,B07GNX2VPX,1560091730628
AHA2PQ6LYALSTFKGNTRVU2G4CO5Q,B07KPFY7G5,1557353581278
AFEDVAAUMO4OTJTF2WA5OFZ3ECVA,B086JCDHQW,1660720053075
AGOOCKWHPI6FEKXNXXWYOJ3U3OFA,B07DNM6GBC,1540579328375
AFLCBD3KAATRJZX27Q7JGU2NHCSQ,B082VGMJ19,1616629264001
AFPBOUK3U3ZY2TCRWVMDDVPMZ5TQ,B07G584SHG,1578785967672
AGWOEHGVFWMCM7YWMEUK7BK32IIA,B07NBPQL3C,1559846567887
AEKTY2AUW5WYJ5MSEBXTFQFHXKAA,B01M7UDAVI,1534421666506
AEIFTWMZXBYHSTMWZXNYS3RKFMCA,B07DVM8MM5,1577297807353
AHGHLYEYIYR6XPAMVYVOX5IZQPJQ,B0742LVLMJ,1591397957602
AFHSOFB2OQTMX64FKUO42V5KTO6A,B0742LVLMJ,1582224475404
AG56OJBG3LR6Z2J7TB2TO257GNEQ,B0742LVLMJ,1577140590754
AEAKS7LSH36HL3C4TAL5XTI7DHNA,B0742LVLMJ,1579419448707
AEAKS7LSH36HL3C4TAL5XTI7DHNA,B07H3QNJ1Q,1579418560402
AHPBCFHDUWUSKCDNLBAGYKXZEPCA,B07G584SHG,1616015987566
AGMYB3ZNHT575WJJFJ5QM755YKYA,B07XKF8CB3,1626876459674
AH6V5VTGV34KLUIHNVMPSXZUU2TQ,B08R412CJG,1613177369896
AECPZWP56EN2QPPOQFQLXI3CWGFQ,B07G584SHG,1613950923337
AH3S3OXONXNYPE5LHXWRFCHHRZYQ,B088YB3PRB,1597169454717
AF3LRX24JCMCP5FSV3CKXKQBDPWA,B0742LVLMJ,1620282191667
AGSPHZRMIPGOQVXOR5MHXONROU3Q,B0742LVLMJ,1593456332971
AGI3AUQF5VJ2OBEQT6KEFNVHA57Q,B08KWJ5DXV,1648082327974
AGI3AUQF5VJ2OBEQT6KEFNVHA57Q,B07Z9HSWW3,1594700397949
AGI3AUQF5VJ2OBEQT6KEFNVHA57Q,B07NL8JS76,1565603328736
AGI3AUQF5VJ2OBEQT6KEFNVHA57Q,B07QXSYDGF,1563042053926
AGI3AUQF5VJ2OBEQT6KEFNVHA57Q,B0742LVLMJ,1562684617486
AGI3AUQF5VJ2OBEQT6KEFNVHA57Q,B07KM6T8GV,1560458693484
AG3PQZ6VKCE3HOAUNHTFQMGSQKWQ,B0742LVLMJ,1522762761501
AGMCRWXJI2KSKWATSV3WJ23GTB2A,B0742LVLMJ,1554758606212
AGCABHFDRWO622F3BJLZV6QWGBRA,B07RBYJN37,1629829799956
AF6HRBPWXXNELVIU4RPUZ4LH3GPQ,B07KM6T8GV,1632678595175
AFTXPXXCLWNY6JT2NMDGZC2CC47Q,B07R99144F,1578940934236
AHHUOQLKNYWSP2QFGFW5APTPSVMQ,B07VGNQD8K,1613962458576
AFSBU65AT2JCLRCCVB3KZNJAHJFQ,B01M7UDAVI,1657989656347
AFVZCRFLKKEIREHL3AB6CRZVA7GA,B08PKR32TB,1616501396266
AFGW3NFFRNYOA65WJ27OFLAU3EWQ,B07M8D817D,1549824991302
AFE6GT3FTFQR3III4HUTZY5FBYSQ,B07XZ9MXHJ,1598456129346
AGRQ56WAI2QSHOYEOCICOQSA7ZBQ,B07H3QNJ1Q,1594649637828
AG3QPT6XXHWPA6BFADE5XSVAVYOA,B0B8L9LVGG,1666976559087
AHP5SPHEZBTTAKSOCFTPR3O5DMFA,B07GNX28KS,1561686352487
AFETP4CS4HYWSETX2WKSLBXNEQLA,B0742LVLMJ,1608569196683
AEGR7RBOXTQTJ5HXPC65RFGRHACA,B07G584SHG,1565910142057
AEQOCY6IIG73FQ7WBQLHTU7K457A,B07KPH6D57,1592197704381
AFPTUED3SC7DBQTBW4QBWYMB2M3Q,B08614Z91S,1590094434831
AHWHPOQC4UKETTN5ETZETUKHRFBQ,B07FT4FMWX,1571834207432
AFVWGF4RGOP3A7VO6OHITUMEOLXA,B07R7WVRGL,1592336675275
AHNGTESE2NB2BMFZPRIKSBH4WJHA,B07X5SVBJW,1673645254481
AEGNTAER3LO2RPYYVHZD3XMKP2GA,B09R3MQLXY,1667237291251
AEGNTAER3LO2RPYYVHZD3XMKP2GA,B09R3KVR5X,1662399855646
AFE7FCAJBYOACYLZ6WQQCQVFAGFA,B07SPDBR1J,1567787865194
AHJPBWGKMUZ76D7GX2653FXYYBMA,B07VGNQD8K,1596820903404
AE5DH5Z5KFQVOQEYXWIT2UM2BIZQ,B09HKZ1XRL,1641580788551
AF2IWDE4STUFTPALPRND55M7WEIQ,B09LWP8KL1,1659717520973
AHEADQPS6XHZ7JREOMCF6JPF4N2Q,B0742LVLMJ,1534891345674
AGLI4SG7DPOMIOJ5FJV6NJSCM43A,B07G5915QC,1574876140912
AFZL7YTRCA6UILKK2LOLRYYFEJOQ,B0742LVLMJ,1592324458085
AENAU2PKPRZ5VRVQHBJF7U66GMOA,B07VGNQD8K,1605193805758
AH2KDCK2UMAFSXASMIO2MZ7LVMDA,B07GNV45VX,1541551557653
AHV3OD6SRRHOYON2HQQVFMN5HQIQ,B08DL6Z83S,1603137374775
AE7LXJR26A3Z5NHLHLMIT35AUBCA,B07V5VWTMB,1605132699747
AE7LXJR26A3Z5NHLHLMIT35AUBCA,B01M7UDAVI,1580748819747
AH2CZEXE2KEIR426HD4X3FCNKU4A,B01M7UDAVI,1560100293718
AFWYGS3PFCQRL7BM2RT2EMNDVMFA,B07G584SHG,1571866151706
AEIXHXUBYFOJ4FU3IS4GF4SKDDVQ,B0742LVLMJ,1629316128892
AHBSJXHYXH5UXCHPCYNBRH3LZ5OA,B07H3QNJ1Q,1598220112097
AFQSZ6353RGXQOPFQTYKIFJD5M6A,B07VGN44WK,1569689229615
AH32OHKRWLO64WKKXMMJ6HXBOWHA,B09R3MR7DN,1663697075076
AHSJXUPP4ASZWV5SJNEKCW545NPA,B07F8Y6BH9,1606161985964
AFKCYYOEYVVXW7G6N7QZJYGPSKHQ,B08682LT57,1636761053280
AHBNIHGUWS4NMVXKV4TAAUOFUB6Q,B07LHF2V66,1587066656048
AGUEXNREWDBR4VOM7P4I7A732W5A,B0872GR7SR,1609025978132
AG3L5BBL37MNXMKTVRR6JSGZKAPA,B0742LVLMJ,1628981456449
AGEC6MQ3BSMANKJT7OJDD5XU3C3Q,B0742LVLMJ,1605337023561
AHFN5WRKVLTG2BIQ55GCFBCRBMOQ,B08MV4RPGL,1634750381196
AF7ISGN5DLKGD7KCR32AXBMIJKMA,B086154LRJ,1596114685910
AGAPSLJIV5Y6FFO73M6WYWGQUVDQ,B07SDGBPGK,1613838464659
AGUYS77ZVIYZRDW7OKWQAMMIBORA,B01M7UDAVI,1498692740821
AFTZOWRBNRA5LGLRTO3GTNDXVGGQ,B07Y1VQXJC,1604203277960
AHISNDC5Y3LCKXINUYVHOMPUYU7A,B01M71IUZ7,1493406796000
AG3ZTWATV6B6UNYFH2F6L76UKVQQ,B08D9R31JV,1623038184139
AF7N5UIBDHG3L7R5BKCA5Z7XRR3A,B082VGMJ19,1671645714960
AFUJXXNF4JIFMXVPAZCBCK4GSA7Q,B09DTB44BY,1656099052756
AFXENFTN22SF3GYZNHKKE3TG63ZQ,B07F8Y6BH9,1554313358346
AE536CDDWUDDELKRZBUOIHSFK5QQ,B07FT4FMWX,1607538366024
AHJRBLWLABVN7E6QO6LVG7WEXECA,B0848LZTJP,1661788530774
AH7ISKRZOVE6CQ3YHTNTROKNJ3SA,B08H5MHM3N,1667576832652
AHQJGJBLXJ7ZSUSWSAFTWFBINB3A,B097F3PVMC,1627604371155
AFXCOQLBO3E6UH4TWNNTYPAMF3EA,B07WFHJDB7,1618253608466
AHNNFBRTZNZRTLND3NKO2K4FYHYA,B07T43BXRD,1622756654602
AFM2FFWIJPUVETOINWNQCURDVAKA,B01M7UDAVI,1546853233405
AH3JZCQDOPG2RWJ4TFE3VF4YD5XQ,B095WFPM47,1644257912759
AEUOFYXXMLRLU5AYPDYOT6EZ5UHA,B0742LVLMJ,1604311198980
AHF6YSPIS4K77AEFZWBVBECOJQ5Q,B08R5QQS2P,1627583236491
AHS3W7HS4U5LZ5WUFZ7BUHPCLUXA,B07GNX34XV,1552757741689
AHD4JRO7SVXFPGHCPHUPNVPADOGA,B0742LVLMJ,1534904378632
AGDAZ37JEXOMGEL2DE4QKKI7KT7Q,B07G584SHG,1566270686593
AGOZ7PIG5DKOROFVWV3HVM4UNUZQ,B07G584SHG,1576627328995
AFJDKB6ME4LALBBMH5DXP3WQJRCQ,B08D6WQ1Z7,1610394798359
AFJDKB6ME4LALBBMH5DXP3WQJRCQ,B08GCX3JCX,1610394170747
AGAPDLV3K2BYWZQFQ5QXCDXL3DEA,B08JZ67C2C,1669829578745
AHUWNSZGQB5SQDAPYNMUVCT4I5PA,B07GNX28KS,1562622897753
AHUWNSZGQB5SQDAPYNMUVCT4I5PA,B07DNLG9ZR,1534877300384
AFIRY2MPIYHG2ECV5R33ZBU35GUQ,B07NVL6TJG,1598896924702
AFA5XZ462ULIHJWFN3YKQM54AO5A,B0742LVLMJ,1528992283460
AFCVJK6YNM45CHGKXH3PABOPWO7Q,B091Y55Z1H,1626178718764
AGPA2ZQUJYLWYO3SN4ZODHXXDW2A,B09M7DPMDJ,1657087453439
AHTGV76N4POGUMOX5QEFBTP22XKA,B07Y1WGP67,1614990317426
AF4AKOPLX6RRBYMYVIZMEIAYVYGQ,B07SDGKP88,1648661175412
AFEQT2LJU7XB7AH7PVDGCR2FPQEA,B07XGNHYC2,1598386573754
AFTVEGGKMVWNAFDIMKUMAEEE2ENA,B07F8Y6BH9,1572730039360
AFV5L4YTSZOZ6ZGU3DVAM3544MIA,B07XGNHYC2,1618782705368
AEKPEIOZEJQT2CADDKALGDEPS5BA,B07KJLV75L,1586979456637
AFDCKWYBAHEQU73DTDQBPVYA2KBQ,B09M7DPMDJ,1654995053318
AFDCKWYBAHEQU73DTDQBPVYA2KBQ,B08DDKJQ4Z,1647889192996
AHFPTUZQ7A7BQ56UH5S5A4UD7R5Q,B08PFZBXM1,1650143552048
AGWEGVY6O73OEWBRGG3QFZ6DHOPQ,B07FT4FMWX,1560205656736
AH3RFHDQ3VNJ2QDVYWVB4EXY3U2A,B0742LVLMJ,1574132269074
AFWD3DMD65MO6TNQ3L5FIHRNOKQQ,B07F8Y6BH9,1579061057276
AFWD3DMD65MO6TNQ3L5FIHRNOKQQ,B07F8Y6BH9,1579061057276
AGCBH6NGW32FKNCA7SYHS7A5GO5Q,B07G584SHG,1646077173373
AEJALJ7HUFMQHIU66JNVJYB7WCQA,B07MGJZ2MH,1581793389473
AENSDIZQR4I7X7KMBF7YPX2RZRBQ,B01M71IUZ7,1507856405073
AF3PM2Y63LCI3JPYFEJMZDWIS52Q,B07R5VH7XT,1594827497751
AG7ELMD6RBTRROUC77U3GZAJF24A,B07SDGKP88,1611971452301
AHCS2FO4HKOJ6NBTGXONHDSZ7PHQ,B07XGNHYC2,1618389894250
AHHBL6SRBAJVXCK5QKW7MF2SPOSA,B07G584SHG,1566093250592
AER7W3CMC7FOQRNVV7LKHNAIN2MA,B084L6QXWS,1607405344086
AF7M2GU335UTSPSTFU25F4IZAJIA,B07XDRFK3B,1598317129795
AEIUKABZ5XXBKRC4J43SLULSRAMQ,B07V5VWTMB,1618248158933
AGLRDNRB6XDZ4WJUPJQ6RIYFXLFQ,B08TX6W5MH,1625095649844
AGE6MQQPAV67LMM25IZEMDVEH3YA,B07J2LNG43,1599678807015
AF4RQSQY5IIP4SKF5QGWQ6YENPJA,B0742LVLMJ,1536272296452
AGNDSKGDI2SENYAXUYEPUUFIZYVA,B07X5SVBJW,1626875109599
AGMCVK7OJ6LSZN5AH6KB2U6276JA,B07QHDPWTR,1579989183618
AGWYMMLIILX57W52FRV6KOASIPEQ,B0742LVLMJ,1573011214747
AH7CUQKRCM7RFBI2R5KBLDDVTCWA,B07F8Y6BH9,1662508213832
AETDQTZH7BESW7BB5DPMU2JAKJQA,B0742LVLMJ,1592452117174
AFXF6V5G5WNYHMA7IDFENAZTTORQ,B0742LVLMJ,1589998616946
AEARP7U5S5WRPGTWQHUYFARV3SJA,B0B4BJYG11,1664508880168
AHNYNFST7SXRSHVKUAMX5JLQL7WQ,B095WFPM47,1648171345352
AFE7QH6G6O25KY6NIK2FKAW4TX2Q,B01M71IUZ7,1534763966442
AE5UHBRECEQSJDQA4MMVAHQVVMMA,B07DVM8MM5,1550898547749
AGGJJSDPF3IJVWEXDZOBJZ7OBHNA,B07NF1GN7H,1573164476961
AFMYL3BIECWDG46UJS4HLE6SOYRA,B086X4FPN5,1607580117934
AF6THB3Q2YAWJISMCAXGQR7R4E5Q,B07NL86LGD,1572623925720
AFIR4YRPUZ2ZYW3L6JOPB3B4TRWA,B07QL1JRCN,1628087984882
AEESFN2DVNGOD4U7ZPR2ANEJMSSA,B07NL86LGD,1636252295313
AF4XMJRUYWXJ7Y3UOFZTDGHCLK3Q,B09J8W3PFH,1657062844114
AEJSRQXOZVARXUEG524PBXZ26B2A,B08DDN95VQ,1643932358178
AEJSRQXOZVARXUEG524PBXZ26B2A,B097B34JVF,1640907746474
AEJSRQXOZVARXUEG524PBXZ26B2A,B07PRK81VF,1603617527834
AEJSRQXOZVARXUEG524PBXZ26B2A,B07TWRWCRT,1602540484352
AGRENQZAQFZ75Z4HD7M63TDYF7AQ,B01M7UD21X,1525688514907
AHZK73CI3XPBXBBBUQITFMCSEX2Q,B07DNML26P,1536270197186
AGF3TK4DDLBFOYMETS2JS33RH7LQ,B095WFPM47,1648577888678
AHBWYN4U4MQWN65I34ZJMRC44G5A,B08C1NC54P,1607133321933
AGNJVCWNU62KHYWABGVBMQA3ZJ3Q,B07VGNQD8K,1591840452163
AGY32VWZZA7JHJNHKIEA6TWTSD7Q,B07G584SHG,1566994821812
AG6TVLCZMHEXBREYORQWM6T6TETA,B07G584SHG,1566752126139
AHX2K6F4WOAJRUQZNR5CTFPRZPUQ,B091YRD7RV,1638852038689
AHX2K6F4WOAJRUQZNR5CTFPRZPUQ,B08GF6HCM5,1638851918658
AFLF5DGS4SEN67LIAXZPPMSSORYQ,B07G5915QC,1629409510458
AFIH7PTVPHLHQWGZFMPOVZJAVQNQ,B07MGJZ2MH,1592689281257
AGZ2P5VXK2C4TVW4EPRS7MNI6RAQ,B07F8Y6BH9,1578593357720
AFBTYY7JZ5CS67N4G3L7RKIKWOCQ,B07G584SHG,1614741009389
AGC4KW6ZNVMJJYRZO4I7FPKTSKGQ,B07KRGB574,1550951243959
AFEEXMYLWAFWYBXXIFTWFA4BZVZA,B07DNKDLYV,1580869741215
AG2LC76ZZ5ETNNS33NJO6IZG2VZA,B07DNML26P,1560006511397
AF5IN6JAN7RJGDOGAYXVRACIRRIA,B095WFPM47,1626672100157
AFMZL2Q7HPFGHJG6MS3PYTYNHSCQ,B09LWP8KL1,1655302800104
AHU7MAAKWVRWIXRYIG25E2OIKDVQ,B08YRVLM3Z,1623702899218
AE5QA2MVSRTXMAGRVGWCW34O26AA,B0742LVLMJ,1591928951867
AHWWJKNHEZHBEAAD7MOZMCHGNU2Q,B0742LVLMJ,1600776506123
AGLZ3P2RZ6L7LKDHSMWKSCZDKHPQ,B01M7UDAVI,1546388627342
AFKPWW7BTFR2JZ7XUJ6UHOLBEKDA,B07GC48H1H,1564089686022
AFHZN74FKPIASMISP7HE7XR4BPDA,B07WGGH1C1,1593056904814
AE7TVDBSJ7IMES5BVDX5Z7QDM5OA,B0742LVLMJ,1550903812307
AHCWE5UNOOSEKLETKNHJJHT4N5UA,B07F8Y6BH9,1615358077464
AGVNUIFDMIE5BMOAHJZI3ODOR3RQ,B07KPH6D57,1554387901305
AECV2FFGPWWWOHLIEB4IMUXDHX7Q,B07HFKL5DZ,1549503129544
AHUC7HUU3GVZJXBRWBOEARUWWMVQ,B0742LVLMJ,1532129785937
AHBXU5ZGZN6P67XIYLPIWGEZKEOQ,B07R7WVRGL,1570643236005
AH7ZRLLFRFL7FM7Z62AXWJYMM3KA,B0742LVLMJ,1521962646948
AEL2BOXAC6N6XXDWUMXZ6HAOPLBQ,B07SPDBR1J,1580835174421
AHEAIPDK5GSAJYUHXCX2QOUXNURA,B082VL8846,1646261685673
AHC6EPLMMGM6SAMEZYR5YTQ33VPQ,B07SDGBPGK,1600256798460
AG2G2KRNISEHNH4BHNFKEPXEB7VQ,B0933FHCTP,1632419026140
AHONXNPEL5IRBB5GW3JX7GAPMBSQ,B0B6CPL52Y,1658883777709
AHZCG7CLKZ6365NPO3ZZOPAWSLVA,B07DVXFP2N,1597864476604
AGHULSXQBX4BR4DDN4JA3FPMXGEA,B0742LVLMJ,1566325015208
AEVY7ONMGQOMKJMH4SDFWGXOKPGA,B07GNX28KS,1578009331175
AFWMGRV6O2L5VC7PSN35FVO2WPNQ,B07G584SHG,1665965803311
AEGXENTXMSMD4NYI3OBSBJPERVFA,B088YB3PRB,1610499784949
AEGXENTXMSMD4NYI3OBSBJPERVFA,B07G584SHG,1610491676036
AE5P7FXNNJG3SUQ6B7ES4DNLJ35A,B07NBPQL3C,1629315334609
AGHYLADAHAQEJZHAUJM6W6CS4DGA,B07DNKDLYV,1547171670660
AHZ3D7R677BSWCMB4JH4LMWRY55Q,B01M71IUZ7,1563655720986
AFX4ZD3CAY4T4PDAWPYHO45JJGZQ,B07WGGH1C1,1594068450097
AHW47UDG3VOE676Z73PH3AFT6UDQ,B07G584SHG,1614147074837
AGPF3JQ5567LDHCGN3H2Z4A2T55Q,B09J8WZN4T,1645645739138
AHBBZ2E2UGD3QKU4K2UULT2J2CMA,B01M71IUZ7,1613773355182
AGAJI67K2P7CCDRADLBJEOLBQWOA,B07F8Y6BH9,1560441824183
AFFGDLXAXIDDUQ3UFRPFQ76IMWIQ,B07G584SHG,1613705594771
AHLMNEFIJ7KESTCYCT6IMMIYUMPQ,B07HQCCD29,1542754958838
AF6AXGGWA36QK7H3EC7WV5QLPQ6Q,B07H3QNJ1Q,1563212324834
AHO4VDU6BTZDEPV2GBLOCHUMH5UQ,B01M71IUZ7,1505357818444
AFJVZ6I4OQRRGFZSFZVPXHKUF5WA,B07MGJZ2MH,1629615838803
AFZQJHCPBRSFHRL4N3H4BEXUMCDA,B08MW5CYDX,1622421820974
AHUFR5WUU5MNB7Y5VTVMVRBDIUTA,B0742LVLMJ,1655574792248
AE2FU7N6P3S2VACPCTPEBXST32GA,B07VGNQD8K,1602287661726
AHPRCDIRL4LGX2IW2TGADKU22TMA,B07DNM6GBC,1556043386746
AFVPNH3OGOURD5XNVUYPERLBAB2Q,B07KT17L2S,1627703306827
AGVMRX7NIUJ3DZ3OHUNZ2WZ7DYEQ,B07NVL6TJG,1593834794703
AEATZ4MMRAYFTXNMOLIUNIAVH33A,B07DNLPCB9,1560042033305
AF3WL7UWYAVOGQD42SBTLXZF6HBA,B0742LVLMJ,1527458962472
AGK55WV6AWJCCMHTWJLI2LBOG4IA,B07R7WVRGL,1607022405815
AH2MQ55KLBNLUW45NJIZ5THUR7OA,B07XGNHYC2,1624115073346
AE4TT2F4CAGD7VQUIDZONPNBET2Q,B0742LVLMJ,1544482867322
AFXQT2G7BUXKY5GYTEPXDY35VCWA,B07G584SHG,1627165492499
AHSDR45WVTHNSNLJH7ZZC7EOWQYQ,B09R3WJT82,1663217803690
AFDLIMETRVNVXFPTJ7MPQSLYAZ6Q,B08LDV5MBB,1617126464029
AEL2RVLQ3H54I4YA7TFL5IBOEOXQ,B07NVL6TJG,1620177615305
AHB4OJOK4FHSM3AHO3ARVJWSMB4A,B07G584SHG,1613243922927
AGVLBV7LOSV353RYKVJQLBCTQPEQ,B097F3PVMC,1629490792259
AEV6EXAEOEO5HK2ZE4P7SZGXIW3Q,B07F8Y6BH9,1558485249246
AHPOK233VTZB4ELB2NQ3S7PIRHPA,B07G584SHG,1566424565888
AECNUFQVYBB6ND3BUXTJREC4ZXXQ,B07G584SHG,1557481231912
AERE2VD5UHWF3G7E754HDDP6MEGA,B07QL1JRCN,1566371508300
AERE2VD5UHWF3G7E754HDDP6MEGA,B07H3QNJ1Q,1556679221838
AERE2VD5UHWF3G7E754HDDP6MEGA,B0742LVLMJ,1553316509697
AESNDCTXW2ZCBVZ3UPJOZUHLRHFQ,B08N6VVJ2H,1636584105295
AHPAONLDMFPXSUFEE3WTQNCJXBAQ,B07T5JT9D4,1609616466945
AF2DB4ERWDVHTACWCXGYEFWC2MSQ,B07G584SHG,1594108125577
AG52KDFZUP4623KD5P6LGKLN7MEA,B092587ST1,1629569127620
AEN3L5AKZLEQVL3TPHND2CYGV3UQ,B07VGNQD8K,1597501741624
AEVN4WTHBYAMZFBQLX7GF5XRIKCQ,B097F3PVMC,1647981000225
AEC4JPVWKQYO2RSX6O6DPMXCARMQ,B0742LVLMJ,1587734930597
AGWE4J3W6WTUWCNIANIAQSSLSGLQ,B0742LVLMJ,1626897102454
AGMTNDTKPHE52HMQPESRYRBS3ENA,B09J8THPMB,1672266714115
AEVG64CTKMU2FTS3NSS73PLDETTQ,B08D9B9L6L,1623852072764
AHJYAF7DW6TRXQ7RZ2DLAXILRH4Q,B07R7WVRGL,1635574948742
AHMC4QMTFQXBKJQH5M65JJGNOH2Q,B07VGNQD8K,1617226609852
AFIOYTCHHMKSZ5M6ZKZQPJ6RSZNA,B0742LVLMJ,1591813038620
AEXU5ZQI5F4Q3IYNE3E63OSFCRDA,B07V5VWTMB,1617411722266
AF7XMXTA4BOA5WIENQSEMTOBNZXQ,B07HQJPGL2,1571712506298
AGYH7UCNNG3JKAW5ZZOJUZYD2QBQ,B08DDKND18,1599414866913
AFCENJZDD4AST4OLVYPVJUQMZJSA,B07KJLV75L,1616423024914
AF4AKODNBJW7MMIUADE6HX7O2Y5A,B07Y23PKWC,1624799632780
AHBOGGLR7ZVKSJB2ZXT5JR6O6NYA,B08C77PS29,1615830907854
AEQIQIWNP2QT3OYHQNXRZTTGQFMQ,B07XGNHYC2,1635206116705
AEDSOQEQ3MFUOPTIOWFABK26JMPQ,B09HV9CFZ6,1652557974574
AGDMZVTLXTSSI6NRROEW5O3NU5CQ,B0742LVLMJ,1556649318890
AEG5VXJLCO6Z25F4NCJ6JQEXABFA,B07Y1VQXJC,1651241350044
AGHVZ7RNGNJ3X5F2WZSO7DFZX3LQ,B07NBPQL3C,1572000320589
AGYECF47GBFAKS6CLSW7IGO53PLA,B07SPDBR1J,1597792618161
AGG7JBEBSMGCU42UHCCO23E3ROZQ,B09BJYHTSW,1641914142313
AELKSYCNQTXATEOSX5ZDHXNKN5ZQ,B09J8VQYY7,1636326692140
AELKSYCNQTXATEOSX5ZDHXNKN5ZQ,B07H3S5Y9V,1550502219784
AFD3GQWUA6CHWKW4BUIFTQTCRW6Q,B0742LVLMJ,1544568932435
AEL3B4QWKMJDZZVE665NRVGECYIA,B07KC11QFV,1640878592594
AH262VEM7URAM6E6LRK33RK5AY7Q,B08WG66WYD,1664042289415
AH262VEM7URAM6E6LRK33RK5AY7Q,B09R3LBZXC,1663895389447
AH262VEM7URAM6E6LRK33RK5AY7Q,B09R3L7WXL,1663893630885
AEZDRKPF452XWNV6XJZUJGUBUUSA,B09NQB5JCK,1651599642467
AH7QMMK45HRDNDVFZVLNBCAC6IOQ,B0742LVLMJ,1573930809208
AEQTVXUPKI7IX3UHVJWECKDWZQKQ,B07WMYGFM8,1597975253156
AHDSPAKYUE34JTE2KMLSEXKYSTCQ,B07GNWWTRV,1580155584403
AGSXI33QCQWXU7O7S46QV2WC74YQ,B07G584SHG,1626575408332
AFTU4CCQBANDDK2MCCAMGVZZQDTQ,B07KJLV75L,1606589910758
AE2Q5HLCJS6FIIYSPON2NPZPENHQ,B07PRK81VF,1580279372549
AEEP5OBECNKE5QYK2LBZNZJPCATQ,B07VGN44WK,1578890813041
AGP5ROEQG7CZQSBJ6G65BK2QSD7Q,B07KCLWKR3,1556631879453
AFB72LB25AUV2SYJSODZYSDGZQSQ,B0742LVLMJ,1607221934027
AFIH7XCNWOVM65TX6AGJOPAOONJA,B0742LVLMJ,1559617922247
AFZU44F6KYRF7373VMXOHSRX63KQ,B07DNMN7X6,1539730268728
AFVZ4V6GI4DNPQJ6ZSPQLC3AJNEQ,B0742LVLMJ,1518352794995
AER42NVKEFEP6IVYNX6D7OZJSVOA,B0742LVLMJ,1652114767150
AHLOZGHBRZAFVI7IKH724I46TZKQ,B01M7UD21X,1562092207337
AEZHOB3C7NEZRTOC6WH5PJZAZDHQ,B07WFHJDB7,1611774806730
AH5GFGYYXUJRIZP3WCSX54DS6EKA,B07H3S5Y9V,1562445420970
AH5GFGYYXUJRIZP3WCSX54DS6EKA,B07F8Y6BH9,1562445359246
AH5GFGYYXUJRIZP3WCSX54DS6EKA,B07G584SHG,1562445272367
AHOFLKGUQEP2GIHDZHXIHZMVB7NA,B07KRGB574,1600007911963
AFU4TAEHVBIYLZ4E2WUE5VN2SPBA,B09J8VQJB4,1643336998226
AEWC4OZJWTRQ2MFYJI6TGSZWO5ZQ,B07NVL6TJG,1608360386227
AF6E23DWMDAFAM7EH4NJHL4ZNLVA,B07FT4FMWX,1598779040734
AEN7QMRVAXGCEMDGSWEYMTIIUE4A,B07G584SHG,1597981237834
AFRNTUIQQDZKIAU2I3GJY4JOEJYQ,B09ZJ5YQ1B,1660536213048
AE4QOUPPPN7TEDLPC44V5X7GQWEA,B07V5VWTMB,1581300362987
AHVCVZYV3WVCE5RT2YUHBEF5GNHA,B084CT5YWM,1608747974935
AHSM76NL37E5EXWXUO7DFGLFYT3Q,B07RBYJN37,1656552503904
AE3UTWL7EI2BK6UKTOS5GHW73YGA,B08HHDQPPN,1612687862918
AH5FN6J4YNLZMOM6MC6GKHXQCD7Q,B07G584SHG,1646519448134
AFZMTFZX33FELSORGEH6SL4LJQAQ,B07Y3XJ5WN,1613962691714
AHSP5XRRT77JSP7LLKYWNBMOQARA,B07WXJBBD3,1652461347953
AEPNAJLV4UK5JZQI33NRIU2VPDIA,B07G584SHG,1566340604556
AH6VC2DJJJFTKNWOOMRXU22TMNSA,B07G584SHG,1564494998035
AF65P2EBWXEECBSBHQGJMNRUUBVQ,B095WFPM47,1644263218424
AFY6JVM4L52IVLZ45ATRWOOZMBOQ,B09FSV539V,1660497994486
AHV5JM6EWCDZGXJRHXMO4KEEMLPA,B07F8Y6BH9,1571690764486
AGKF3JLAW35YLP2OKQIJXKZWSURA,B0933DPMJQ,1631982344602
AHZXZKO433HFXYBBUF4BY3CNU6GQ,B0742LVLMJ,1609511605591
AE63LBNEXNRMHPRWVHLZ2NVHXXNQ,B07KSZGDD1,1572312779291
AGJPWFC6F3OLC7NZU43NHW6L7IHQ,B08BQ2KCG1,1605904203823
AHIEU7LGOY336RM2NJOZMUEBFRZA,B07SQBKMPT,1604787352662
AHIEU7LGOY336RM2NJOZMUEBFRZA,B0742LVLMJ,1530386776175
AFYX2AW5OPWCW7ERIMHMYXV2QJQA,B0742LVLMJ,1540384142656
AFAOLRTHKC36JVPANVADVOWZDW2Q,B07GC3X8V7,1588051162170
AFAD7OL4DSJ5RHX7OOLSHTBIN4ZQ,B07VXY755K,1672110955654
AHKQGUUZQ52MC455O55VPQC2Q2UQ,B08LDV5MBB,1610133151692
AEIGB7R6LBTJBQANPG7BDDOVOUCQ,B084KPMB89,1609243917148
AHUKRKWMQ4JKCFJFSJQKZ55HJSLQ,B08DYDKVB6,1636653843419
AEE2LNNWVTOUWIIVCP7FRIGWRVAA,B07VGNQD8K,1594517544251
AG27KQNBDHOFL2IDDWLSHKSRFWIQ,B07H3QNJ1Q,1538826683713
AF5PSME4CPOWDDPLP5EBKAVDIBCQ,B0742LVLMJ,1642645317734
AGOWJGQ4VZRYY5Y2NCDG3VWL7JTQ,B095WFPM47,1647625097476
AH44WUF5ENBA2HVYDQUUFFVW3UPQ,B0933CWY6S,1625142392678
AGRY76VJCHUHOKMG76AQDVEUPGVA,B0742LVLMJ,1571665510450
AEW5AO4TYJWHBZBKGSMJDBSN2ALQ,B08CZZ54C1,1640806706498
AHIOVW2TU3HH6CBRURYYHY3FEJJA,B08G55T84V,1608129681127
AEBCRUCREDVQMQUZ67PMWN5Z65PQ,B07X5SVBJW,1613442418731
AEVHB7ZGED7NXJXDQ7ZDCYK3Q7KQ,B07S63NKNB,1598202138607
AGR426V5OTHMQHX23XGVKF6JGPLA,B07SPDBR1J,1614376946458
AFIW3GNVMNUP6T2S3GHKVVTILJPQ,B0742LVLMJ,1623957248199
AGP4VQKXL6IRMEAN2NPXHORKMQPQ,B07G584SHG,1638266749779
AGNYDQPIHPLXVQM6FQG6NRDII4UQ,B07FT4FMWX,1548482169713
AGWXPWUCSYLEYMDEFY7FO7BO3PXA,B07G584SHG,1615249795844
AENG2ISGFXV4ZBSMMJW6XLU5W4EA,B0742LVLMJ,1552141160882
AENG2ISGFXV4ZBSMMJW6XLU5W4EA,B0742LVLMJ,1552141160882
AH4ZOVKDPWXRJNMAWCNEVTJIGRGQ,B0742LVLMJ,1593197765690
AE3LAXR62XSC7SSNRNKWY5U5VIPQ,B07HFKL5DZ,1566735552330
AEALAO46NYAO3ZPIL4RDW52G2O3Q,B01M7UD21X,1519697935516
AFMXM6BH5VM4SRSCFKFA3NJV3OWA,B01M7UD21X,1519057845102
AFEESSYOJW43RU2B3WMHHLKHWAXQ,B0742LVLMJ,1607213455703
AHFPV23RIGP3F4E6BZ5SYCB7QF7Q,B01M71IUZ7,1500589799413
AHJQUC76AJBMQQ75Q4YPNNC67HHA,B01M71IUZ7,1513354324681
AGIBVGDEJBNBKKAFWVSCJCSJPD2Q,B07XL4VY27,1593846674886
AFPNCAKMOMLXQXUDWIFNXDRY6HKA,B0B3XVR923,1662398062543
AG3ITHAM3SMU36CDHFJFYOFCOXVA,B07NVL6TJG,1569820118666
AFJJMTN4WCJPUI24UQT6CO3QFLLA,B07HQJPGL2,1626649790411
AG4UWE66FHNJFCRV5FVBT4C3YXOA,B0742LVLMJ,1578315067040
AFAU3ZXW64UM4T7XA7V3EZF2XMFA,B07RDZVJCZ,1573124523039
AF7GLJ7YBXAQOXVUKFPZ5Y5PTLEQ,B07DX25MZK,1563420287442
AF7GLJ7YBXAQOXVUKFPZ5Y5PTLEQ,B07F8Y6BH9,1555782477567
AFKJHDQ4NEDAIUS6AR2RRFKS6LXA,B07QL1JRCN,1573753821470
AEJ7PRYZT6X6BHMXR7IZZY2PJT2A,B0742LVLMJ,1578348182593
AHEVZFSJKWEYY33QCSSYXBXIETMA,B07NVL6TJG,1601844308651
AEUD4QIWG3I2RNC76KWD4K5GH4BA,B07HQCCD29,1568947607254
AHQGHBDY33YFHZ74RBQ5B2SBVROQ,B07MGJZ2MH,1566346669327
AHODTCAWECGK3FSB5N2IWME7ZLHQ,B07Y1WMH7G,1611604542493
AFKYGYGOZXVIYINH7TBTRF5I5JMA,B07MQ5GZ24,1596680616083
AFWQTYPB33E4UTBX56T53FGFKKVQ,B085YFDSWG,1678722386251
AGURWDB7TGKG6YOAI2X4GOLLJBZA,B07F8Y6BH9,1611557792336
AE4O2VZERVKGRSH4NKOBBIHMMH2Q,B0742LVLMJ,1603651010486
AEQCUCC7ZNRJDYM4OIAZFOUMYV3Q,B07KCLWKR3,1569625257489
AFUFMLJG2XTYLG34EOKIWQ25ICVA,B07DNML26P,1538592340229
AH7IIFA2DSXHKJYHEHGFNS6MSZ4Q,B07X5SVBJW,1595156428439
AE6Q67452KGXTNMNZZEPHVZOYNKA,B07G584SHG,1626019693125
AHRQL47JSSFUXAUOXHOIPOKWNKRQ,B086JBB4HD,1610156668932
AHRQL47JSSFUXAUOXHOIPOKWNKRQ,B08H8V47HT,1610156343064
AG2O7DWFY5SLOLNEL7HAVLMW6O6A,B086JCDHQW,1611621119395
AGRIESV2KHMENA6OBWFV6QE37BRA,B07NVL6TJG,1606133877676
AGQW6QJCMWGDOQ6TH7DAY2I63BFA,B07DVM8MM5,1562695179570
AH7O7T7AP2E6GIQXKJJF2ECVNAIA,B07NL7BQS4,1589326832760
AG6A2E5ZHI7TQQFNZM5UOTDTPMBA,B07G584SHG,1582001325459
AGVI2U3GU2E67KITPFGXIEZD4XBA,B07MGJZ2MH,1644452201072
AGKBBOMF46RGCSQJ3XHL6WDPROEA,B07DNML26P,1563580532805
AGNOTCGAKPMS4EQNDIF27DCIFBZQ,B07FT4FMWX,1565750860938
AFX6YHEUIAXE75EUAJ2JWKNVTOOQ,B01M71IUZ7,1504135027868
AERCBDKHL7ETFHR2K527AG75DBUQ,B08CKZLD81,1632881878942
AGOM5TC7CXC5VYKQEBGONBKEVPLQ,B07NVL6TJG,1625624067196
AHZNDROR5YN3PEXPTASLYPDV6BHA,B07NL8SM91,1565330324390
AHEWZIHXHGECNSTD6RD2JXV733AQ,B0742LVLMJ,1621985883991
AEFM4WGATCLWNJA5MCCS5AXIU5CA,B08H5M5RX7,1612315726842
AEYNASNLQAEDCDFCSYC7PBCGVXQA,B07SDGKP88,1581299560311
AHQJ4E66JUPXZOFBUIM2LHILXD6A,B07H3S5Y9V,1595176518512
AGRWKGLD4IP6GU36WRWE7EZBZV2Q,B0742LVLMJ,1608698932884
AHKZ6FUC5SJMQGHCXSPYDMSA4ZDA,B01M71IUZ7,1494249239000
AFWQNDMRRQSU4ABYTSZ2GIAV7RPA,B07KSZGDD1,1581478988583
AFHCEUZXAWR5TPRGUQPKM63T7ZQA,B07R7WVRGL,1605119178736
AEJYE7PZTKTSM72BW3XEPYZHJJ3A,B07DVNJ5LP,1557032725503
AGKSPVJAP5ULJFCLB6YZYM2OLBTQ,B07FT4FMWX,1624653233195
AGN44LJJL7NFNR4NWVQ46GAU2BPA,B07G5915QC,1600313819110
AGVILIA2ZHI6VXOBHC676X266UFA,B088YB3PRB,1594563939805
AFKXXKKKNN7SLEZKYFIYW7QGHRAA,B07V5VWTMB,1605162986041
AGKCCSGTRL5DJTNWOSI3ZO62K23A,B07VGNQD8K,1641868800496
AFZDZ5YNFQOBJ6NKK3URV55SOHOA,B07PRK81VF,1592956102864
AE2YP6IXDET6MH3CZV6ISHI7JDOQ,B08D6WQ1Z7,1608240066419
AH3BHYL3K3234G7V352HDBEID5WQ,B09F9G91N5,1641556729277
AG5QEWDE6YM2J7ESMJGRUAGHYE2Q,B07FQWLCT4,1539127249255
AGDWMLPA4E6R2S7VCVC7WMG3R7VA,B08GDYXWBG,1606910054468
AFZKGLYZBROF7BPF3WCMT2TUKAUA,B07VGNQD8K,1601928596598
AE75VU7DB4Z2AWWHKYBKE3HEJI2Q,B08D9S6BZY,1600368803914
AF65COURSLLRF6Z5M2ISKRZE6O4Q,B0742LVLMJ,1592105580076
AETAL5XAUULGJWPUL6B3KMCZSH4A,B075NM1M1Y,1576606504382
AHB72NSKQ6SIF653DOOIDJ56I3EQ,B07QL1JRCN,1605371937737
AE3JVLQEMWBYF5IICMXFEKLEMYKA,B07GNX28KS,1564356150407
AHUFIDTECD6R7IH5H2UJ7FNXFPZQ,B08GDYXWBG,1604174114715
AFIDMCGHZZ2AQ7RKWIQQ7OQ55UHA,B07G584SHG,1617744690828
AHHBYPQBPHIRGDBDDWZBB2R7VGOA,B07VGNQD8K,1594741440688
AERB5G44ABKITV54JPVXRMR3I5OA,B0742LVLMJ,1534706994809
AG5VGLMFBXZK4OCTNTA7EOQ6HLRQ,B07G584SHG,1646157150338
AG6LWYZSK4KABFPS3SFOUWQ54BEQ,B08GD26JQX,1604908454688
AHFGEDNBLHAVLX4QC7V2O4EHI73Q,B07VXY755K,1602329635901
AHP6GQFXHJAOUNRDC7UF7N66NXBQ,B07DNM6GBC,1546104769368
AHV3P6Z3KPGVJJFXBMQ2N7CTYUUA,B01M71IUZ7,1516286987657
AEBHJ2RWBJIVA4CUWVNIVK2JRW3Q,B07QYNFHVH,1577648861612
AGPWFSBRBFIVJ2RPXXSMIFJOU45Q,B07MGJZ2MH,1588911431276
AFUADTEXZIWHKDC5WHZRHDCCK3CA,B075NM1M1Y,1546139236832
AFS7CWAX2KNS4ARRDVQ572B7JKMA,B07QD9WBGB,1592502180611
AF3U5SJQNXXTUE4HQSG7ZYR7XEZQ,B08M3PRYXX,1619542491921
AGODTEIXF5B4Y3HTEXJM7QVWGKWA,B09SM1SWJW,1664917143120
AFY6TJSBDSRDUQVHRDTIYR5OVLFQ,B07SDGKP88,1602634861370
AFY6TJSBDSRDUQVHRDTIYR5OVLFQ,B07XJ85RL4,1602173114389
AFY6TJSBDSRDUQVHRDTIYR5OVLFQ,B0742LVLMJ,1597862437756
AEWJ3GLFAGZA7WR2HVANQETSOLNQ,B07HQCCD29,1561559691473
AHHN5OXH6DEHWQGJSYXAE2AQ3ZMA,B07FT4FMWX,1583261731070
AHECAJN5ORYMSZRVXWRTB4XZ5PXA,B09S3VN2MY,1650480991164
AHECAJN5ORYMSZRVXWRTB4XZ5PXA,B09S3VN2MY,1650480991164
AFM6HO7FF4655PMXN7TUUKEIJ6UQ,B0742LVLMJ,1552275540788
AEN74QNVAM6LG627OGFTLP4SWCGA,B07KJLV75L,1651374258814
AEXZ72HAQM2RVFCQ636DSJS6X3AQ,B0742LVLMJ,1515357033968
AEED6OCBVLPNZ2AEAFEY455XPTZQ,B095WFPM47,1644087355495
AF3J6IUIKJBMOH5BAR2E6SEZPFHA,B07DNLG9ZR,1551015460775
AHZHUOOCRPGQ3EPJGSVRAFYZ6RDA,B07KJLV75L,1562179706732
AHY2QYMGST5MDZC5TMKPVVS324MQ,B07WV4XWTM,1613164258298
AFSDAPN34KIAHQHEXOQJZPIYMORQ,B0742LVLMJ,1546799741640
AGRTZ6PUXPTEZZIPYZ3NLYYQWMRA,B0742LVLMJ,1529016077241
AFDPGVKTHCQE6XH7RZ6CFRBEUIUA,B07QL1JRCN,1597180362083
AEZT7C7MTBLEURBJMZVLAAP47YOA,B098BFC5K9,1659116747875
AHWN5L4YH3V4ILIUT6TR7DXYDCMA,B07DNKDLYV,1551320366569
AEQXTQLSBJFLPBI34TWU2NVE5YSA,B07MGJZ2MH,1570819835902
AGF5IGCYMMU4Y5BA4GRFIBF65ZWA,B07G584SHG,1561923728596
AGAZZWPHL2PMQF3WZ6OJAPQIY7RQ,B08GDYSVNN,1603743199567
AG6RU5372QMELQEGS3RBKK5O2EEA,B07NL91XW9,1572499693396
AFOVRS7Q2DCVZPEVUB2UDYZJPFWQ,B08MV63QGQ,1620295819859
AHZEBXDGM5PHTZ2APPLQOUSSLJHA,B07XKF8CB3,1644529100471
AFRZ2FU4JN5FBVE6P6N3TWLVA2WQ,B07MGJZ2MH,1566688410532
AHVTTQ6LFV2M3HUBXVN7KJT2JQAA,B07DNLG9ZR,1560275989596
AFMP57IRX566AQLFU2JT5MAWTVYQ,B0742LVLMJ,1619988360787
AHUCLIZLADU46FH2CGVCELM3F26Q,B07QL1JRCN,1597116912821
AEQXPKNRDBWGWGK3QBVZPN4IW7CA,B07QXSYDGF,1646358007401
AGGASYFXUKIKKMSMDRJB64R65PLA,B07DNLG9ZR,1576103729553
AGRG32B5RGUP3EI3BBHK4Z7H7BCA,B086JBCVB4,1622152247963
AHJHADGHZWXAZ6Q7IJ3KKTCOFUIA,B095WFPM47,1643850375151
AHJHADGHZWXAZ6Q7IJ3KKTCOFUIA,B07PRXJMLZ,1623010444701
AHVRTLO5A44ULZESN73A45QXT74Q,B084KNZBM8,1630679433817
AG6KE6VGT5BS3UOYMW6XP7ULTLGQ,B084KNZBM8,1608025637581
AFAY2IZZUWJXIIB4KRQMYABSZQRA,B07MGJZ2MH,1620762539979
AHB6GYGSF6MDSFGDD6B4JEX54KOQ,B07RBYJN37,1634767302703
AEPUGYMOPZLPKMDM6ZSPSZ24UFMA,B07V5VWTMB,1618147911595
AFEIGW6GAYX6WCYCOS4Y3IBHE7TA,B07R99144F,1609597126520
AGITUPE6D6DMIDD53VM5FTW53LSA,B0742LVLMJ,1607974686095
AGOKTSQFIGYVHDZPMG7R5JAP3HAQ,B08JZ315MJ,1617791397757
AGOKTSQFIGYVHDZPMG7R5JAP3HAQ,B084BPM6VS,1605758328272
AEBQADSOIHVFEETULQO2HVOE4UKQ,B07V5VWTMB,1621482561301
AGGSET7HD7YYRSMPVSFXOKDD3V4Q,B01M71IUZ7,1533961554975
AGIJVYZUT7ADFZKJ7FHNMVHXP75A,B0742LVLMJ,1581146724243
AFZCSPLJN6YM62I2RGKUQTBJP3NA,B07Y1WMH7G,1598755428943
AHAU3UXPX5SJYFV4KS3SKUPJFMFA,B01M7UD21X,1573486816907
AFAQLKYUNI2GC4LEIBATMLCLMMIQ,B01M71IUZ7,1561916393496
AEP7QSV7AMZ2YX2RXUUQUAE4RYPA,B07NBPQL3C,1673544536380
AEMYAGGWJHMLRFDLAKI3GXYOKDUQ,B07RBYJN37,1596334874030
AECDSSIRKO7NCCP4JHE7HERTHCOQ,B07WGGH1C1,1576095468916
AHS5UFP5JFQJOXJMDYJIRB7R6UMA,B07DVNJ5LP,1600101326896
AHS5UFP5JFQJOXJMDYJIRB7R6UMA,B086K2RRJ4,1600101230794
AFXGJQQ5FXJ5ZIMCOIPXDTT3RYHA,B08WFF8R8V,1642388810807
AFWJFDGDQNLPNM6IGHMXRMY4A73A,B07DVNJ5LP,1623355359307
AGKPAMUMKEG6K5JQML4XUBKYNM4A,B07WGGH1C1,1594087909351
AF4Q7ZYIR7C2EN2NRB2WMB6IRJRQ,B07RBYJN37,1607108930646
AEM7OINISUGDOXZHPA3IW7GOTFUQ,B07G584SHG,1602071941685
AFEE662EV4TMBW7YFNK43SCUEVUQ,B07G584SHG,1601951757370
AEYUUXAT5ZWI6G5A3HUX6BI7DJDQ,B0742LVLMJ,1552273609075
AF5LRTDVDCSELJTNLK6HHWG3XVPQ,B07H3S5Y9V,1595377196204
AGQEJOBVXDRDBWJ422CJ5D3ZJLBQ,B07NL7BQS4,1564761114606
AFEHWOMDIYZPV6OD64AGYSH44ESQ,B07FT4FMWX,1608315557789
AHRZ4WQBJAYEVVARZ7POYZW6J7VA,B08R5DPYK2,1621665414474
AGSWO76USLYYUN3EZIXDC3BPWFDQ,B0742LVLMJ,1596800585348
AFTVZIS5YECMQ4DWEUNJ7A76UA6A,B0742LVLMJ,1542735357740
AF2SGGLKS3ZG62MHIXOZPUPHY6XA,B07S5C7LR4,1589730283006
AF2XESPMQCVNHJLYFJFFODJQ3ZMQ,B07T3CGMNJ,1577853417036
AFV5ZPJOZMDJLTVECALMQQZUISPQ,B07T3CGMNJ,1593335474072
AHRYNYPUX7FX7HLIEFYQMAWUWFAQ,B084KPMB89,1614725418900
AG7IR2NO2R67MJJHYZOYK7HQD33Q,B07T733WLJ,1611692352348
AG6DHB3KD6IY7AWMJOBEEZ7HDQMA,B0742LVLMJ,1540076533504
AFGMRVTP4EV7F4SZ3SK3L2753EMQ,B0742LVLMJ,1553332961822
AHNALMJY65V366TFWPHJ5MNPQJTA,B07DNM6GBC,1545801982492
AFKJXE673S4P5JB2JMHPXYQKXYWQ,B0742LVLMJ,1607715041440
AECG6UGCBYMUZ6TV6CQVCOLJ46UQ,B09BFP8K5G,1644432054176
AGJ7JEXARB3HJXTQBCHITZB6ZBRA,B07VGNQD8K,1613588665367
AF3VKCIB7SWPEG6NF2UJCLALEIJA,B01M71IUZ7,1500751312646
AEEYQYU5OQ5DYEGITPYYWSMQBIFA,B0742LVLMJ,1548096060283
AEBCAV3EX7VQFG4PYWXUDP2Q4XKA,B01M7UDAVI,1520125278340
AFK6KTJCHTBYQDLAZXU5LLQZFBAA,B07DNMN7X6,1670704942125
AGO25YOWNPNVGXE53Y3OKRK7U37Q,B01M71IUZ7,1522089744107
AFUP5BWFLLP7VJZRDHSBVKUJCN7Q,B07HQJPGL2,1646320309956
AFA4E75UZXOXQJCLDFHBOJ5W53PA,B01M7UDAVI,1494361418000
AHJQ62N7NNVEBHSCYV577BKACC2A,B07RBYJN37,1622831074479
AGXCCYPD4DSGKB2RSWFVSATU6UCA,B07QL1JRCN,1618925213101
AG7IWP3VA7T4RMISUX5FPIQ5LC2Q,B0742LVLMJ,1603333457134
AFXYO52C5V2CSJA4S2ZBXET656JA,B087YPRGKB,1665533698294
AE42AJP63JJSARDORMFMUZMX26MA,B07WC2239F,1651139208662
AE535ZYRU46HUVRKRBYVFSVHTZZA,B09LVZLLRH,1655981878775
AE535ZYRU46HUVRKRBYVFSVHTZZA,B07DNLG9ZR,1559691492877
AEWXDOLZW626FXSPUTKBANQZDSPA,B0742LVLMJ,1577079383968
AEWXDOLZW626FXSPUTKBANQZDSPA,B07H3QNJ1Q,1546229265946
AHC6BZKJ46R4S2CNODB3WNI3PQFQ,B07WGGH1C1,1602521139087
AFAEFEIZK3B5MXZD3PVH4YHK6Y7A,B0742LVLMJ,1581819117539
AFET3EHDZFLJWMJYSYQJBFDA4ACA,B08MWQW77B,1655318281973
AECX4TOVVQPVJKLTOB4ZTFDSWURA,B095WFPM47,1642832349085
AGM2HVILGCCPSTT6NOAKJUZLM5UA,B0742LVLMJ,1596200611418
AE5GFYCCHNQA5G36II2NRMGB5T6Q,B09NQB5JCK,1649986359766
AFCGY4N5WUZOPM22EIEPN7WCIO3Q,B0B3XW9R5X,1666634405973
AEWMYW4SKO6JG22KMFM4ZM7O4Z7A,B07DNKDLYV,1538757244072
AG7N5PEZ6BHG6Q74UVXTWY35WM6A,B07G4ZWJB6,1571860377682
AEEHOGR2BJAGCCL6GJLC7SGVWIIQ,B07G5915QC,1599845293488
AHEUOGH6YQERDEHLBUJXMQZP4OVQ,B0742LVLMJ,1546051417915
AH6PGV2TVYOQJUQE6ZCU3P3QFSDQ,B07DNLG9ZR,1549063119217
AFFFOA6KTXUIGLWSDCKYDJNYVV4A,B07G584SHG,1626836097755
AE7T3S3WDGFN4RZ5ZKNHEL4BP6XA,B01M71IUZ7,1521479290662
AEHOHRD4CE2YKIH5DMECBFHGD7UQ,B07DNLPCB9,1533162105916
AGLK3M527WAMRPHUGBZB5MJVP7QQ,B07XKF8CB3,1619890949708
AER47QMICBL47WYHZSL3RCCVJIMQ,B07SPDBR1J,1566867861769
AGLY6HKVJRCP3O75AEJFE7JWRDGA,B07G584SHG,1565110590665
AHT3AP6QMMPOCI3BNSY4VWN5S6FQ,B07F8Y6BH9,1578161620596
AHT3AP6QMMPOCI3BNSY4VWN5S6FQ,B07XGNHYC2,1578157335510
AFMW77T5ORFWHWRUIJOZ6ANLMQZA,B07H3S5Y9V,1594932796185
AHGGV374WVD6VZEWD75TNI5E6FTQ,B095WFPM47,1652104803961
AHWUQAYYID3YVW2OWLFAF5524JEQ,B01M71IUZ7,1530182969080
AEF7JCFBPRGPDO723EHE6GUGU5JQ,B07QL1JRCN,1608432290696
AE6XP2B3Z4YPHPUSNMKGOPSWHJGQ,B098BGWMP2,1664724460743
AFTOF5Y23IETI4CESKETIU2ISF4Q,B0742LVLMJ,1547074712274
AHU46HPKRFAHX5IN6QODU2LWLSPQ,B09HXYYY4P,1677627111190
AGBRJU2CIPPZBRX3N2QJBIOM6QEQ,B07DVXFP2N,1545849596316
AFRKINEEPFCFBHC2WIDOAMNOQ64Q,B01M71IUZ7,1522936392913
AH76W2JPWAUUK7YY7SULYKUIWRTA,B07QD9WBGB,1598713813372
AEOSCCZGMD4GWAFCHEJDJQ5A2GXA,B086JB197X,1608682488133
AHBSACOYXS6IV7P5XSOXWGZIA3TA,B086JBCVB4,1629133972056
AERAUA2UWPE2XBNROQLBHQ6BSIEQ,B08WGBJKW7,1641346738493
AEV23UJBNXH3RECOOHLKKMYVYK7Q,B08MW3YHLS,1624465252260
AGFLHE6GCS6EOBBUHAQKPDPQHGRQ,B07NVL6TJG,1610229340872
AFRHTNIL42L3RNOIXVAI3E4KHFBA,B0BNC7JTHH,1676850529658
AGVUH4XMX3EQ5B566HXEMD57ZPHQ,B083Y6ZM8Q,1594798357643
AGVUH4XMX3EQ5B566HXEMD57ZPHQ,B0742LVLMJ,1591748643814
AGKRBM3SDVCL6LBSS5CUU23A4FUA,B09J8VQJB4,1640122060850
AHCNR4NU3QKPOHRSLOE37B5LO5QA,B07FT4FMWX,1572632872199
AHIJNJZXVZII5TBXYQZ3LRCDESAA,B07FT4FMWX,1646533414959
AE4WZUABWEBIXEZMCT6IY2NBGX2Q,B084KYP7VL,1650479077265
AFSGOZRPI4AW6TBABT3MAKA5AI5A,B0B6GHVFH3,1672393507691
AG3NPIDKNTRWQPYZ24UKYVNQE3XA,B08R5BN2VH,1627525093027
AHFITVCEPN4MAPYS4LYMF7VGM6HQ,B07DNLPCB9,1538334553997
AF75ZK3T3MR36UN547CV5S5UJGUQ,B07QL1JRCN,1605402958784
AFZSNNL6WFRNRV426ILQA5I75T7Q,B07MGJZ2MH,1557186733597
AEN5VZAHJST2WLEAUHOJLFEJIQUA,B07XKF8CB3,1639642929173
AH5KBAP3IZYAYVG4RMIFMTGSCVAQ,B0742LVLMJ,1512731340441
AHHK3HKJAJYWIEX4ZR64JS6Z7ZBA,B01M7UDAVI,1563460289874
AERTMKP55IESELY6P5DTE7322O3Q,B07GNWWTRV,1557435630608
AEYUFV6LXRYFXW7BQ5IKQC7DCYWA,B07NVL6TJG,1558279013752
AGM6KPERESQHUU6IDDMUUHDG34SA,B09BJ9YJXK,1643667030521
AELPFGSJZXCKL5OOCP2OFZR73TEA,B07WGGH1C1,1606835693002
AGJDZEUSZX7H2XF3UH4HO63OT7ZQ,B0B9FK5J6W,1666183921919
AH3F4UBW5J7AOKVKEIQHCUOEKL3A,B075NM1M1Y,1547414731842
AHWP3KAWQWL3C2AK2DRXM2T3E6GA,B084KNDTWP,1595521637022
AFTLFEANFS74AB7CGRVZYXG3CMWA,B01M7UDAVI,1542310496523
AFF4KOUC72B472D6CZXF2P52J4ZQ,B07V5VWTMB,1593968781238
AE7L6LZR2WO6EP3IBPVUVESBNWFA,B07DNLG9ZR,1564951611105
AF3C2LCNGH35OK6HLCMX7RTG3HEA,B095WFPM47,1653513323529
AFLWFRQXFU73XROQZVLKYK7IHO3Q,B0859KKL7Q,1602882883629
AH7LNSDP5JRR3NS42YID6JLE3KNQ,B0742LVLMJ,1578891670906
AF2SIDAEKL46KFASPDUOHGF5LAGQ,B07VXY755K,1612029639479
AEWEFAPKGEBPRKGPWX45AMR2QM7Q,B07F8Y6BH9,1637536929521
AGVIIOMU7RCGKDXBH737G2FFEJDA,B07DNLG9ZR,1547345201465
AHCRO4OTXLUSOYLRIQGW7VI4YBRA,B07WFHJDB7,1609270801326
AEA3QAALP5QQG53VPOVTH2X4TVGQ,B07XH69M6H,1572874966573
AEWN5OLRHB52KS63OBDVFY6AOTIA,B07VGNQD8K,1597258396318
AGQAQ4WNBOQG7Q4GMPGQRIILM66Q,B0742LVLMJ,1619372992147
AE4SB3DWY7YH7M4MKNEEIQ6UH4VQ,B07DNM6GBC,1538592520189
AGYDRSA26I5ARV3FFSCEOIIR4COA,B07XGNHYC2,1661826766161
AH26AFR3L2KA3OW26OF37ZUJKZ6A,B07G584SHG,1540358881516
AG26YDSFM2L3S5O5PHV7MQ22LLGQ,B07KCLWKR3,1549480380732
AG24ZIFFR7LPCH2JYTHYEXCKKN4A,B084KNZBM8,1648607757442
AG24ZIFFR7LPCH2JYTHYEXCKKN4A,B07G584SHG,1626580863992
AES6XBRKRY7RYMXDBRAJTLT2DU5A,B09R2M2SDN,1662605021014
AEXWJST2YBFOAG2XA4IG3CNCJQMQ,B07XZ9MXHJ,1644612703418
AFPWMEXQRPOW4O5BZOI3QORDSXOQ,B088YB3PRB,1597334605296
AHVXZBUCVLXGKULAYDVNA3QNXIQQ,B07NVGQ2L3,1564435241589
AE4ZW775BRMDJIYNUKOPX6R5JLTA,B07DNLG9ZR,1559603674369
AH3Y4TGYESJJX3KXFFNRMTLKDI7A,B0742LVLMJ,1673663602176
AHEIL5GBZQ2272X24JLSUDF6MNRA,B09LVZ3T6C,1672192897087
AHEIL5GBZQ2272X24JLSUDF6MNRA,B09R3WJT82,1672102640494
AHEIL5GBZQ2272X24JLSUDF6MNRA,B09R2PCK8N,1672102243009
AGUERA2UFHF5JQW6PPHTOQMVN26Q,B07DNML26P,1592745857322
AGUERA2UFHF5JQW6PPHTOQMVN26Q,B075NM1M1Y,1592745820866
AED7A32YQAPX55DKKZTFQPL2C7LQ,B08DDHZCZQ,1598878664107
AFU6TQ6LMZ2JTGWXLCAOI256QZPA,B09R3MR7DN,1669746220792
AFU6TQ6LMZ2JTGWXLCAOI256QZPA,B09R2M2SDN,1665331576579
AFU6TQ6LMZ2JTGWXLCAOI256QZPA,B07DNKDLYV,1560045616282
AF6IFFA4LVWIETLCUDHFR4IYD5CQ,B0742LVLMJ,1560294160911
AHHZWPJZP6X4U4CTBTF5O3JOJPQA,B08GDKDMDT,1604643239001
AGZZULUZCI4X7V4HLBQEY3M2PPNQ,B01M7UD21X,1531577843504
AEAMKISOL5XBWDXJCUMO2AFE6BDA,B07G584SHG,1626129392190
AFJQMBECYDELJCHYL7SWKFBXPRBQ,B07Y23PKWC,1591395591251
AFLFADNYLG7HYLANHHADGJHFET6A,B0742LVLMJ,1544399952027
AFLFADNYLG7HYLANHHADGJHFET6A,B07GC3QLWS,1543681530636
AFLFADNYLG7HYLANHHADGJHFET6A,B07DNML26P,1538623519088
AF7ZSE2IFFNKMYAT55SI7C56G2XQ,B07WV4XWTM,1595811016799
AEPJ4ALQHTWKPYZZ6JLHKYCKGYPQ,B07GNWWTRV,1556655726005
AERKA7BS66BOBGK2ZHURNGN5RXJQ,B087YPRGKB,1672587651415
AFPIMSICDKZO66Y3YCHCZS2I7T4Q,B07S63NKNB,1650979120172
AG725JKZ3QGR3DS7X264DB3TQVUA,B095WFPM47,1635378860812
AE55JBMRW6S42CBNP6P2C3KSQGUQ,B07G584SHG,1618359978103
AFTUWVMHOWYFIIJ2OHMSB6S7KYTA,B0742LVLMJ,1614805926088
AGW7PKKN67ZIWU3HXDNVAVD4S2XA,B0742LVLMJ,1601653267505
AFTV7Q2Y6KBNHJK6XWB2ZXRNTXNA,B0742LVLMJ,1565923203806
AGHXBFI55GDOFXYH7CTWXQA5QBPQ,B07FT4FMWX,1601748550400
AHPNOQAP7MIR3YYKT2KTDAD3SNVQ,B082MH51J3,1643225979046
AEBMEGWFUXZB4TNKPZTXOTJ4RV2Q,B0742LVLMJ,1629145136085
AECLVUKHT7ZSI47BUFIENCMSYWZQ,B07DNLG9ZR,1540441997317
AG46TMY25LUGOLKMNMXYQBKSHUPA,B0BGT1P9L5,1677778691821
AG46TMY25LUGOLKMNMXYQBKSHUPA,B09T5SKDPM,1677778178378
AES7TCQJ46DOKYWAUAXLXIZ5SE3A,B07R7WVRGL,1569430825867
AHN72WMB5VSVMTJWQAS4UJWK6QZQ,B07T733WLJ,1575812119555
AFHR23PTVSHUQMAHDXKWEEGOC2QA,B08GCX3JCX,1615645918912
AEPVUIHNTKPSS6A2XRSU772D3D5A,B07GC3X8V7,1537393834926
AFWT3ABRYDICVGZYJDY64GTPPH5Q,B07G584SHG,1608403189337
AEYLHOV6RXR35EXONJSXWR2FO4FA,B07FT4FMWX,1598457689508
AFOIASAOYWBCCX7J42INNRR7ZUTA,B07R5VH7XT,1626409404956
AH7EI5EJ3K46ZBLBY276CJKCEI6A,B07VGNQD8K,1596834818296
AG2Z566CPSDX673246Z2WNPALQQA,B086JBCVB4,1619216671617
AH6ISIBLWNAUXK5QQRHTGCT427LQ,B07F8Y6BH9,1653050604900
AFROGFMPWNA5QA4RO4MTWU3TSOMQ,B0742LVLMJ,1667427052800
AFL7KSBROHMWNW3N4RAJGKLHDTMA,B07RBYJN37,1617575489835
AFYFU43J5556CVBQ7EH5XAQUHN2Q,B08JCDX1C3,1623775616385
AG6QG2FUMXZRPKP2GLJHBFFK5H6A,B091B2M7Y8,1636611188791
AHLQV7KTZ55PEN6ZSNDJV5TBKBLA,B0742LVLMJ,1592925865157
AENOHUCSYTEX4ILE54IIZVQ4OMKQ,B07RBYJN37,1568411541119
AFTHHIZDOGY6BFNDIO7GE3GOAFTQ,B07T5JT9D4,1595959227038
AENU5VDBZJ7TX55IRIZBAO2UDCOA,B0742LVLMJ,1601471904587
AEDFSKI274SZ5WW4WGBHCUZZ6SPQ,B07H3QNJ1Q,1564159714016
AEEXPUGYXZSIXUTMJ2T7ZNCXE6IQ,B09SM668W8,1652504646591
AE7WT2U3SEOBYKIQB6GAVCC2APVA,B097F3PVMC,1665594261366
AFWMIHF4UAEHHI4K2AKI2GTGLB7A,B07MZFYSHZ,1577842080089
AH7QJM534LXXLXOZKSZKJN2HQS4A,B08R7JT3ZK,1618434304128
AHQWXPNDV4LKOUGSMQCCQPCHNIZA,B086J9WXWV,1612868257284
AHQWXPNDV4LKOUGSMQCCQPCHNIZA,B07G584SHG,1566692908781
AF7CMSFZDXH3GH77ZC2WZ4PXL6FQ,B07F8Y6BH9,1612555189196
AG4BONJDM4EQJ56UPZOFIIJFGFVA,B0742LVLMJ,1533383597953
AESYL2QQNPP4W3V6RS34FMLLYLNQ,B07G4ZWJB6,1587672128545
AH3ZCPW5ISDMHAMG6TLJJK22GSXQ,B08JZ3JYKJ,1638203473268
AF2G4XQ7LACMUHOQKYT7A7QWPNYA,B0742LVLMJ,1520258737885
AF2G4XQ7LACMUHOQKYT7A7QWPNYA,B0742LVLMJ,1520258737885
AG6HQXUCVTX2D5OXLDTRGCC7IEEQ,B07WC2239F,1572335547026
AG6HQXUCVTX2D5OXLDTRGCC7IEEQ,B07QL1JRCN,1566685337675
AG6HQXUCVTX2D5OXLDTRGCC7IEEQ,B0742LVLMJ,1547750597142
AFG63PZHVGKKX6HT4ICEVRUVDRLQ,B07Z9HZ7GK,1599390750012
AFIA54QQMAULC5KP64FR4YJDZRJA,B0BFJRXCH2,1665164132567
AHOZNTWMCPQFGCRXV3CRTHGP5ODQ,B07NBPQL3C,1654537734472
AE75RWGSSDCDWPIT27GHP7CLJWUA,B082M86VL6,1611687701563
AE7JCKYLSIK5UFS4R6Z2P552GRLA,B08Z48CVLY,1629846201092
AFQ3CWQI45XKC2FSOVTOIVOMWZLQ,B07NL9J4BQ,1660091858080
AFET3XQ2I2QXCR37JGI5ILSUP5UQ,B08D9SX4M4,1625270837874
AH7L3LEXU53QUEFMMSGWT7U25RJA,B08WF8VMC4,1646699917461
AHTHLMDKFW5W66L4QS7MS7IY5ODQ,B08MW4C2BR,1617733441145
AFKHA6NETVC7VPXTIDTJ2YQSWDTA,B01M7UD21X,1577656969972
AGGJCOEITQ2BCM37LWM6AKG5PMJQ,B095WFPM47,1625627230255
AGCMVUJCLKF3BRMOXXYA4ZA7QQNQ,B07HFKL5DZ,1606840385314
AHJRFNMI5BAO26M2YCKW2QOPZ7RA,B07DVNJ5LP,1544578608551
AHIRDMOE5PT2UVXCCSE6M7NPQN7A,B07G584SHG,1572792416578
AE4QPELHQEDUBHRJ7Y5IXRZHLJXA,B08DDK1TP5,1605318453788
AFOMFC3P2P6X2DFSEPILO3SQEBGQ,B0742LVLMJ,1612534770518
AHZOBJNDUDSKVS7D7374QI7IYX4A,B09BDCCKHR,1634406747565
AHFBVFA3QJZFCPDJQUW2OLMEQSUQ,B0742LVLMJ,1545675994045
AHFBVFA3QJZFCPDJQUW2OLMEQSUQ,B07GC48H1H,1545673382316
AF62DUXEZS73PBFPOO2YALDU7XRQ,B089KVB2XC,1610396089260
AEFRB7X65F7QEIU7LXNLYMUVDJAA,B081TBW1FB,1667081883821
AEFRB7X65F7QEIU7LXNLYMUVDJAA,B07WGGH1C1,1578888206432
AEFRB7X65F7QEIU7LXNLYMUVDJAA,B07HQCCD29,1578024187515
AG43TPYOYQNPRYRFVLO4UYIJJCBQ,B01M71IUZ7,1502383618748
AEC5JNWIXQL6OPQTZDC7GQLEPDXQ,B0742LVLMJ,1549919496483
AGCXDQSJDCFFDLWRYB4KUOEPYSZQ,B0742LVLMJ,1529456392083
AHA55VSGKYXCYBG4B2EDXHM3DSPA,B07HQCCD29,1544556755395
AH3IYAIPXWEU35DE26WC5WVKTV7Q,B07VXJR1PF,1612364561848
AGASOKNXWTWVUB6F3TPQVHECX7LQ,B07PRXJMLZ,1569509122923
AGQK42TFXFCYBLVUY3WRSO5OMN6Q,B07RBYJN37,1569102640404
AE277WIUJGH3H4I7DIFZYDAYM7RQ,B09S3WX8ZP,1671219000301
AEVV3YWS6OIJKB6HYH2JMVRN5FAA,B07J2LNG43,1652049038073
AECFELWNFA5O3N66VPJ4PDUGOYRQ,B07KJLV75L,1558300980538
AGOUBD2OIEWKQFIA33TVFWMNUAAQ,B07DNML26P,1581179894851
AFMPUEEWOH4WXFCB5BVTOZDBUD3A,B0742LVLMJ,1596843217401
AHER2CWZY2GQFDHUEFR4U47C75HA,B07VXJR1PF,1577587948559
AGTZ6SC3OPZIRB53DECWPGIH5MQA,B09Z68DKF7,1656941784157
AHWRD7VX5DBXD5Y7CZZHLYTXGSUA,B07QL1JRCN,1618917847558
AGTA4TPRDIFDVMG2CK76X4RONHZA,B08J5G99FK,1637551769479
AH33R2JENFDYQWHAVN24ZGZDYUDA,B07Z3ZCJC2,1590873324476
AFORDPV6JJ3VX66Y6KMAPRHAM76Q,B08M9X9KTN,1645551468337
AH7V6FCQXHWBPU6DULFYYFFTMK6A,B07XH69M6H,1607549021558
AGDTHHEEJXO7UXDT3IC7P2HC5LEQ,B088YB3PRB,1633880617831
AFJA7GEQCVLFOZ5BOFSTT7753RLQ,B084JGDV6P,1601954070491
AFZO37BRH3JMG72E2YDN7VBXQUWA,B0742LVLMJ,1563404073375
AEN3OCSDT4UUP53DOT2PJZP23NUA,B07R5VH7XT,1616386621532
AEN3OCSDT4UUP53DOT2PJZP23NUA,B07H3S5Y9V,1616386533336
AGYAUXAN7OJAW2TXQVM6KHDTOKDQ,B07GNWX112,1549574239156
AETBPHAQSCW7IF5KDADJ67QPDL7Q,B07R7WVRGL,1632938998760
AGF5KPW4DGP4UII6YQ345CCVB4WQ,B07HP1T567,1545077871827
AGVHQGU57XEY76DROFFB5SBNLZEQ,B084KPMB89,1600448406755
AGVHQGU57XEY76DROFFB5SBNLZEQ,B07QL1JRCN,1579407892909
AFOTZHIXGMPC4B2HAPWXD4ZPD3CQ,B07KM6T8GV,1649542058151
AGDNVTZG56KFKXXO5N33M46SD6IQ,B0742LVLMJ,1626577522947
AFYIVAWMIV5J22D4O4QUAHNCMAXQ,B095WFPM47,1624308148916
AFMFKG2DDX7LITDAZVGDT6KTDMHQ,B08H5MHM3N,1608043840892
AGDI2RF4Z4WKJ73RLR362LU466AA,B07QD9WBGB,1621549920419
AFKQEM2TUQBATJO4YNH4SJVRKQGQ,B07DVXFP2N,1599772573076
AFKQEM2TUQBATJO4YNH4SJVRKQGQ,B07DNKDLYV,1570587898710
AFKQEM2TUQBATJO4YNH4SJVRKQGQ,B07GNWWTRV,1552687707026
AHTMASCXO75NIX2DBKZ75KFVUIQA,B07KM6T8GV,1633304655189
AEH6ZE3YXOE2EXN7RGQ52KM7KI3A,B075NM1M1Y,1553649611661
AEKONLCLFAOLWFYN2CNPH75QOMTQ,B01M71IUZ7,1522864972437
AE5HUFNTZTBPYRT2W3QMYUGGFPPA,B07DNJ6N8K,1544149141852
AEFR6E4TZLEJPI3IWDY5UBLRHTPQ,B0742LVLMJ,1579868565403
AFKC4GTSJ6KGCDUIE4FSNB62CF3Q,B08MV4RPGL,1609687260947
AGVJZLWJUX7NJBUQHEJUVA4D4G7Q,B07DNJ6N8K,1538514663040
AEJJHLFVYS32WGLZMV5RGIDEYNYA,B089NXYL3W,1673791094774
AGFP4UL2EYCIHNNU6U4A4EAGM7JQ,B07GNWWTRV,1541458432172
AHLWO2SKLD36ATGZASNG37GLKR2Q,B0742LVLMJ,1568644631016
AFRAJYI4EWJ6HYCFH54EK6BW6MWQ,B07VHRZHQT,1594092708693
AGW7M3RUD3N7IC2ZFQPGSXFLSMSQ,B07VYTBJKP,1586970381887
AGY4RPYHVZD4R22C2UHM2C6RXU7Q,B07G4ZWJB6,1619719843049
AHRIEDL7CJZ26ZRDVT6FD6HNWXXQ,B07WFHJDB7,1572198004490
AH5LKQHAFVUP74YQ7DHTJKVECJDA,B07SPDBR1J,1580571112067
AEHPJENUZ6OIWMYSN27JAEKPHBVA,B0742LVLMJ,1596749389780
AHZM76RGTWCMQVKDVHBN2WD3MZWQ,B07WV628P8,1622935117522
AGORE74YOJQNWHDMEB7THVWU3QJA,B082M86VL6,1615431194118
AFRFCLOP5UNVOX5OX4EEJTTG2QLA,B09293LP97,1654642189928
AHGRZJJYKMTRHKGPCKDJBYDTNJOQ,B07G4ZWJB6,1566233057838
AFHIHUNG2BAJV7F4BDS7ALPM5J4A,B01M7UDAVI,1505247872185
AFSFM3DIZLK37373TSTBKXGGCZ2A,B07NBPQL3C,1675731174194
AHM7UG4ZPKMGQDU73E56SL2I6MUA,B07KJLV75L,1609798378614
AG4COOBUZZQ5FDE2U5XWU6ZUCDUA,B07G584SHG,1541972766008
AFY4UMHOR3FZB43VLQXB67X4JLEQ,B07NBPQL3C,1611512754308
AHGWOO6M4YJGDDTONXGP3RSWT36A,B01M71IUZ7,1489492396000
AE7ESHGQEFKDTSUF4GWU32GAZSQA,B07R5VH7XT,1628399317310
AHD2SC7DFJGQ7F6UC2WDRSUYENMA,B07DNLG9ZR,1612038343012
AHSF5E7MXU5VTOVIX5PINCRNVPUA,B07QL1JRCN,1614113813790
AG3W2JWW2KP6WGTR75MD7IZHQCYA,B07GNWWTRV,1557277034907
AHPY7SOJHVG26HDX7HZTTAG46NGQ,B08H5MHM3N,1617276486138
AGTU4Q6J2TVXVB5W77MG7NMRA6MA,B07G5915QC,1547040794670
AHQKQLUDGI3Z2ZU7HVRYQC7EU3WQ,B07DNML26P,1609950956335
AG7LMSKKHH5OTNRR2A5Y4HTSFVMQ,B0742LVLMJ,1621559428780
AEIHZ2CBTQ6EI4HPDDLJCPBHU4LQ,B07R99144F,1580768031043
AGWQUC2EOBGVTYU3R6UHPIPELHWQ,B07G584SHG,1616971184854
AFLQVXFHRXHMZUQ2QM537XIQDEVQ,B08GDYXWBG,1604702693485
AGBEENM2JZ2Y3J5ZQT4LSBJNLVNA,B0742LVLMJ,1545506414648
AGP4NUOL6RJM2XSHPTY5IXYZ6YYA,B01M71IUZ7,1568073365966
AGM57IE5MIOKERYPLNENVGKJA27Q,B07DNM6GBC,1554905579062
AEO572X4Q7RK2FPWM6KJ2R6K6NRA,B07XH69M6H,1605644395639
AFGJSTGL7PDEM4OXUOYOZ267VVUQ,B07FT4FMWX,1607219204374
AHKU2ZEFULXBSPMRQY64JYV77WDA,B07SDGKP88,1620704743996
AHKU2ZEFULXBSPMRQY64JYV77WDA,B07QXSYDGF,1620704609119
AHM4O6BDN7SZPY2CX3C73MTGC3LQ,B07F8Y6BH9,1555719646543
AHJDSF4EOQZ75OZ73JGPTJ23433Q,B08N6W22SR,1608298520116
AFPDK7GVTNOOVIDST564KSVXNS5Q,B07QHDPWTR,1582469773388
AFPDK7GVTNOOVIDST564KSVXNS5Q,B07WC2239F,1582469542004
AHWTOL4KIK5WGZMHR5KWRCCV365Q,B08D6X2RD4,1620239313775
AHZSWREBBLVND5JZZYW7ZNSX6FHA,B01M7UD21X,1508463758850
AHUFFAEXEPED6XWKZCVZYGYKPKNQ,B07HQJPGL2,1549581349885
AHUFFAEXEPED6XWKZCVZYGYKPKNQ,B07HP1739X,1549581287540
AFZNMMYCGQ7RLUEO23WHSKQHDK7A,B07NVL6TJG,1559642169693
AGBKFMYDNRXPD4HV5CJD3KNDS3KA,B07GC3X8V7,1572406439573
AGPF65QOBEDJS5EZ4YLMDMVFWA7Q,B07G4ZWJB6,1536202968428
AG3NVRMF4LJ2BBKKDNWF4SZ2TCTQ,B07F8Y6BH9,1616455224300
AF22MCSYZ6XDWJ2X4Z6LHH4GRVIA,B095WFPM47,1626887699006
AH6MM4XL7NR2OEYS5VCQBDS2QX6A,B07F8Y6BH9,1581591537000
AFQZXLJPVANV7ASKIVOGNWNXSINQ,B08GKMF8BW,1616389177799
AGRGAUD5TNRR3F6P3G6E7NYAFUEA,B0742LVLMJ,1563389226608
AG3WEF5ZCRCAV55AGURD3CYT5AKA,B07DNKDLYV,1555006140257
AFJS2VXGH6UIJYAYGLYGR4OKLDAA,B08GD26JQX,1640456325406
AGOAIXXDOVZIN7QBNZKV7NYWVV6A,B081W8SGPY,1603392413800
AGCELHQHNH2YZZTTVZTLURWRECRQ,B07RBYJN37,1574957647378
AHNC5E5D6LT7MQU2XB36P4DKYEYA,B07DVM8MM5,1582915916663
AEXUBCV4YXQM5GZX5AENK55H6JDA,B0742LVLMJ,1548560888396
AG2I627PTQFIMSOAT2X46GU7MPTQ,B07MGJZ2MH,1551813380267
AHAPZCQS3ABATPKLGTTPU2SCQ6FQ,B07R7WVRGL,1640587131678
AEQMO2TQBPMPSAIBQSAS3VIPRMYQ,B088YB3PRB,1649203092249
AHT5UEZ55PCW3R63X7JVQAPUOCCQ,B09R2B5KTM,1652408363558
AHE2JJN6DK2QUF5KUHEOVAMYJ7YA,B07DNMN7X6,1629719867109
AFBRRVDNELXNIEA7NF7Z2XHLCMTQ,B0742LVLMJ,1511321642555
AEBMPS42EZJE5T6NPGIAAFLT4T5Q,B07STGWT1P,1607021149484
AFAN2GRRSHQ3TQECNSYPT2NGTEKA,B07XGNHYC2,1594440061053
AGPKGHAAG4KMTYUHU32CJKHBR7VQ,B085YCC8P7,1591742552836
AE7G7UGU2KVQNFCVRJURXSNR4GBQ,B0848GLB12,1610919596438
AFHQVA7RMIJ6ER6RLZYV3IIRD34Q,B088YB3PRB,1597354074227
AGL3UYJXD5S3642RM7NQ75YBKPOQ,B0742LVLMJ,1529602425984
AEFJSVMP24NCMAKGA4WVTLW5O6YQ,B07VGNQD8K,1596970851795
AEFJSVMP24NCMAKGA4WVTLW5O6YQ,B07QD9WBGB,1576047426847
AHDEDTLY43UZGH4KVDIYYMMOZ4BQ,B07VGNQD8K,1604982007112
AFZDL7SQZVXXS2M4RBK4G3W4P7BQ,B07VGNQD8K,1597722015170
AHSEILTXHS6NALAPPQ5AZA77FH4Q,B07WFHJDB7,1581297527704
AFN3AZZMD64L33D36LBDLWT3SBSA,B01M7UDAVI,1557695294862
AFKYVICVJTY2DLKXFCD5653R6KDA,B07QL1JRCN,1614114167506
AHYVI75J6RCEXO43WWUJCRI7Y5AQ,B01M7UDAVI,1546468795790
AFLS7EAD3TGBOGSB57U46NGTD4CQ,B01M71IUZ7,1545883134180
AH3KHSCSO542VDMRPLHWIOUXDX4A,B01M71IUZ7,1496251652000
AFQ3ZADVJARDGLLGUOXIB6BS7JBA,B097F3PVMC,1672833520740
AEKUDH42B2X2DB4QMF37KCH43UQA,B07F8Y6BH9,1614863870889
AH2OL4NZZHVCPDDJEOT3VYW2PRSQ,B01M71IUZ7,1523288763703
AHQNO7Y6AK6B4DU7VLOILKNNOKCQ,B07QL1JRCN,1612315250589
AH744PBCGFGWJCFQC7LY4C3LET4A,B07XGNHYC2,1590842485227
AEGVVVON5I4RNRJ276DADSTLNT5A,B07DVXFP2N,1552405617313
AHY2TBXXEV3V42NK4O227Y6T3ZZQ,B0742LVLMJ,1528137038059
AGCTRC33N5B7LI4MPQGBKBKB55SQ,B07DNLPCB9,1532901927629
AHYQYW4PTMYTH4BZDIYQ3FVF6PDQ,B07G5GNLG9,1571354034344
AEXH27VP3XAYNZC4VMTE3F7ZSRYA,B07G584SHG,1541613979592
AEL2WQPFB6UXBIMNSBDZXZ22MUZA,B07FT4FMWX,1578861007097
AFM53POFIQK44WWQKF7LZ67V46DQ,B07SDGKP88,1598020400787
AFM53POFIQK44WWQKF7LZ67V46DQ,B0742LVLMJ,1574890049861
AH2O3JO56DPVNYHLYGY655JKU5VQ,B07FT4FMWX,1572187330878
AGMSMVLYUNMTJ3XF3JZBZLHR4RQA,B07MGJZ2MH,1579992320304
AGAZWDQZIZ7U4MRF7BNZY7U5DAHQ,B0742LVLMJ,1567604463807
AHRL2YILMYHO6IL5NRZ6YBXUJKVQ,B07WC2239F,1595517506097
AHIY463LJM7RH2QX2QMCOB4NRCAQ,B07KPH6D57,1552502422489
AGZ7V3U6YUEBV5EARESFTI226SQQ,B07KCLWKR3,1551707069910
AHNKT7YP4RIRQBPAVFPVGJOAWORQ,B085YGPXJG,1608995971396
AGOZEYLQM5SDH6CEAOGRPR4NPQKA,B07DNM6GBC,1536674895569
AFZ3S4LCAMYZCHMUNC2KRT5DU4OQ,B08JCDHDGG,1626101021427
AFC3DOIYZJRXSGAVN6PAOK76WVSQ,B098R1NNTF,1637602170843
AFUX3CL7GL2D3AQVYIKQT4ECJFXA,B07FQWLCT4,1535502445601
AGGYOZZ2Q5LE25KPIXWUGYUJB4TA,B07G584SHG,1626626798020
AH5FHHELOW2OU2QKPJHDCHMXGKIQ,B0742LVLMJ,1618682109892
AHA3ZXAFFCY4EDLB7BBVURKSOWIQ,B09BDCCKHR,1635399130491
AF75SABOSVXELYBONZC74PFBTEGQ,B07FT4FMWX,1654340809371
AGZ3JRHDTISJVQOYP2WZUKOTGNIQ,B08R5KDXC7,1632345175054
AHPQGCTTGK4VNS33XWKLKL565ZFQ,B01M71IUZ7,1500903438574
AFTCNYIXCJ3S233GGTSHJU5JAF2A,B07FT4FMWX,1581877168823
AHSXCAZZD6OCLPXDTFE74IH6E62A,B07VGNQD8K,1597283839090
AE7O54XQD7WVG26EC27MMSFKEONA,B07HFL1GS3,1630077473647
AF2GQE2IV4OPW45Q6QFJVUEQF7WA,B07V5VWTMB,1575994649176
AGDOOUGY2ABGS4X55P6X3VOW2RRA,B084KPMB89,1594776684495
AF66SPKO75A6YIBPMJUVJB5AT3DQ,B095WFPM47,1626544047094
AHROHW26WEZFLZKRVZJWFFN6JTMQ,B081W8SGPY,1610145091626
AH5KSLDOUHWXXAL2G5H2CWADXPBQ,B07VGNQD8K,1628382432274
AE4MPWJIDMB7PUT6RNXBCAO2ZCTQ,B07VGNQD8K,1589930034345
AGXS2SUYWSKVZWJMSOUSK27Z2ACQ,B07VGNQD8K,1628357763314
AGXS2SUYWSKVZWJMSOUSK27Z2ACQ,B082M86VL6,1627580465916
AHQJHU4ILI2O2KGJQ5QYRELFZD6Q,B0742LVLMJ,1601430158954
AE2MR6RJCFXC2Z2ICX3OEMS3G4KQ,B08DDJ1QRS,1608230602544
AGKHY7KWWNRCZWQMAL3XSSV67O7A,B07QYVCWHD,1565494098007
AFW2D5NMMC4Z6S2XHSBQDLPOOARQ,B08DDKTDSF,1605640289042
AECJYEMEEKRIWIPDI6N3ZETQHSSA,B08H5M5RX7,1617188473267
AESK3FNTEICEWSJR53XROZU6LSPQ,B07G584SHG,1556289861463
AEWX63Y6MCYZEVGN4HYUSMJGLI4A,B01M7UD21X,1501267712546
AHJKG54Y6HXAJCX45OI5JDPM6XYA,B01M71IUZ7,1524229858060
AF5QIDWYRBDY7C6LGK2VPUT6WPOA,B08M45BGDN,1612574869484
AEPBONWUFKMWSCYSES75MR2G6K7A,B09MWL8KVB,1654703442742
AGENSKESKE6EAKAKC6YHOW4WTHIA,B07VGNQD8K,1597434117282
AHKRRFYWCQNNTVKGDV3ZOIWF7IIA,B0742LVLMJ,1530284016495
AESFVPRGBSZ4IUYSECRQSLVZQCEQ,B092R5FPR3,1645282013873
AGNBQIIVAS565IJMNT5FUYU7CZ5A,B07PRXJMLZ,1599838777542
AFWYMXKQ3C6UKFVXFH3FND4OGRKQ,B07G4ZWJB6,1554128503152
AF443MXIMQ7PNARLCBR3LUBTKQFA,B08FTJMQ3W,1624535835786
AEYSS5ZAV2VBT2X2G7VMP2OUGNUQ,B084KNDTWP,1647867229693
AHIA7HSCLSRQ5QK2BZ3BL2I6FLVA,B01M71IUZ7,1498651066093
AE3S4PEPBZRPFGM6U7D4ESX6LIKA,B07VXY755K,1616789633515
AE3S4PEPBZRPFGM6U7D4ESX6LIKA,B07V5VWTMB,1579377855356
AFJMJLRZBDQJLA7EKY4474HHIJOA,B08DF5KX4M,1600362613476
AE3ACQCKRFEDS3OTSUBMPCTHPRNA,B075NM1M1Y,1537211436119
AG3PZMRPOPOU62E2FZELNIY2LZOQ,B01M71IUZ7,1581446313904
AFQ2EX7FQNJJ35HGYRSS6QGD2ZJQ,B08WM3M1DJ,1642594879518
AFAUBVLIA5PIBZ6ISEJAD4NEBJ3A,B07FQWLCT4,1548529672405
AE3ALFUG7PKDOMKAB7R7SFMTSGVA,B0742LVLMJ,1613241078754
AEXX57NYMELOHTG4TWFN2KWWJRWA,B07L9CSSDG,1617592645396
AFHRSVBOHGB47PI6IX4FHPGEVUVQ,B08H5M5RX7,1651892042045
AGAAT4KCS2W3EUSGXAJI36GVGQ3A,B01M71IUZ7,1564222701583
AGNZ2DDBDW7AJJAIRXNWSL4GXBKQ,B01M7UDAVI,1551827971791
AH54L6Z55EQYS2EER2F4O54767OQ,B07QYVCWHD,1609476222047
AHN23O6DFMDUAAFBNIWGZJFJQIJQ,B07KRGB574,1653419904464
AHN23O6DFMDUAAFBNIWGZJFJQIJQ,B089KVB2XC,1652133582563
AHN23O6DFMDUAAFBNIWGZJFJQIJQ,B07R99144F,1611270676988
AHN7N2YCAXIZJMQWI4UKCKRU57IQ,B09WDYD1QX,1652227264377
AH2SSWYK6UPKIW4EAMXOTFTMV6QA,B0742LVLMJ,1519947625527
AG7JH6GDIEIP3OOAGI7K7VO3CQSA,B086JBCVB4,1600184213069
AFJXQJWK7EP7Q5P4OVI3LAKAOGYQ,B07XJY11B3,1606176843111
AGVXLIKJSGFRYTDMRES7ZN5UWCSQ,B07V5VWTMB,1620521491251
AFJUDHLOVVOFNSK4ITBLZH4Y5AWA,B07H3QNJ1Q,1566450641028
AF4Z53SOBTKTTKSMJSSCFIJFJSQA,B07WC2239F,1601607773427
AELUS2ALWCBU5LVD3AOBXRBCOPAQ,B07VGNQD8K,1643998828460
AGOM2CIRMQEF4LMHJAGXZEEY3R2Q,B01M71IUZ7,1486237540000
AGTEWUC4ZV23BEIYAJ7JJS37AMAQ,B08F7XZHC7,1650176632529
AGONAUSP6DCUS73QNPKLMUFSRRSQ,B0742LVLMJ,1533352613544
AHNNWB7HZWLMN34QSUKDXEJRRFXA,B07QL1JRCN,1573703989350
AFJKJ2ZEPO6CE6JZVC4IP47I3RTA,B01M7UD21X,1530231806030
AG2ZBMKZ6LGZJJH2HGKQAXYFLIGQ,B07R7WVRGL,1608264030189
AHCSSAQETDXZKD2FSWRHFYY63YZA,B07XGNHYC2,1599507178810
AHMEYNK5VJG6VBH7FEE6K37WEQHA,B01M71IUZ7,1540868169853
AGHGUTMGI6N3G5CX433LLAEPAZZA,B0742LVLMJ,1556161771879
AELOJQK4U7RMM6AQS2OWYLZDZKGA,B07DNM6GBC,1569098962806
AHNDGZBU76FWKTBC6LGEAZD5AR2A,B09BDCCKHR,1658985035833
AHXG2CWQOAZPWI4EMU2ASTVQ5WHQ,B0742LVLMJ,1544979420842
AGMCHGFDW37FJD6PDBVG6CH4SQJQ,B07XGDM47D,1616452505833
AESDBN7OEIP3GCKTU3Q7G222EUCA,B0742LVLMJ,1593821568474
AFEDNQBYA4T7CIX3XP24VL5N3YEA,B09LWP4TWW,1655504787850
AHC7SAIDSLTXIJ2DPF55JEIO3BHA,B07MGJZ2MH,1606248746915
AEV3D2ZWTRIRJBLEGHOHKUZNNBDQ,B08M9X9KTN,1654882839913
AGDVAICAAJJUURRCH4HWY5RS2VPA,B086K2RRJ4,1624207211260
AGZCTMM4JMGCGXZJOILG3WCPU6FQ,B01M7UD21X,1539118276717
AHMF4C75PSWOT3S4653UXDZORKJA,B07V5VWTMB,1610654921560
AFC7S7UUQKGQXWRV5UKOAHNCH3WA,B085W6VHP4,1598127127282
AHRBZVMH4CRUG57U3JNFN2TC6WHQ,B01M71IUZ7,1530799887240
AEGNRFYZ75NHPXCUIBNTCO2KEN5Q,B07DVM8MM5,1561762437460
AFEM3VOYZ3TAOR7ACUBOORVNAV3Q,B01M71IUZ7,1545014282914
AEHKYU4KPJDKXNGJTDOEEYM547NQ,B0742LVLMJ,1576281939137
AG4FZYI64YX2XSVVR2OV3ATMCLFA,B01M7UD21X,1488583721000
AHQ5SOEETHOJ7DZY3P5U5MS5HVPQ,B07HP62FDJ,1550350264196
AEJNXCCSZWA27OIYT3KQTJHMTWPA,B0742LVLMJ,1595029519191
AFPFVNUWNASK6ZVDR3JSRWYBMHUQ,B01M7UD21X,1501451463792
AFSEUFBCB5UXUYBZ3LUFRLZ7B6LA,B07WFHJDB7,1601584681663
AGK2U3TVZNQJCLN4TOQOIAHGGPTA,B07XGNHYC2,1666436565199
AELWYJ6CKWKE2AJN346IMCIL3XQA,B01M71IUZ7,1500897347213
AGUYKA5Y3YDUCAB6LIN6ADCPSSRQ,B01M71IUZ7,1512254330364
AFC47ZK3Z2BFXSQPRI5DNSQCY2BQ,B01M7UDAVI,1527272575897
AFEQBTV5ZHPNZSXTBDXP6IFIFF3Q,B07WV4XWTM,1587268933416
AEM7GGM643K3ZV6XUL46QG5U5KAQ,B0848M96D3,1620209400546
AFXJB3FOTW4JZGYARNHEO3BNPTOA,B07R7WVRGL,1609527482751
AHDUOMQK52BLHRDS77JCZ35OL3ZA,B07VGNQD8K,1594046352912
AFN7J5BXT4WCDL2HCNBBJG6O66MA,B0742LVLMJ,1637767838591
AGGI7ODU26CBM777HHZZWJ5CXVMA,B08R5TXCFH,1658606958458
AGCU5YMXR6EAIW66EQVZLJV4CMOQ,B082MKSDWL,1619720483666
AHGZKRSG7GSBOGTHUOPJTV2ZNJMA,B07T43BXRD,1579221808215
AEMZZYYQI6CNR4P6NR2LXYZJJ7LQ,B07DNLG9ZR,1534872027023
AGDITK4HF5DKFPPM27NASYUCTLMA,B07X5SVBJW,1593123738072
AGMB6NW46HHPKD3Q7CGISDNX3DFQ,B07GNWWTRV,1551961805941
AGGP4ZADJUFGIUCYR4TDBZNJAHYQ,B08GDKDMDT,1620237522027
AHLOSATPU5ULZHWZDCKVFSHP64LA,B08M45BGDN,1620410391969
AG6FKJD4G4COFPHTFXKXFNFNRCVQ,B0742LVLMJ,1563682866295
AG2APC765KQ2FLGJPBMMXSSK2UPA,B07R7WVRGL,1614570441808
AF4X46XEY6EHAXVTEXYEE4ATTHPA,B093T2CT9H,1622272881575
AHGM7NS5ATQKQJAWYKLK3TU6NGVQ,B07V5VWTMB,1577422388632
AFQYQOK32WYGGQDWIYFXNNXHNQHA,B07T5JT9D4,1582353303078
AE7CABRMYHXNQX2CQRBN73TKOEFA,B07HQJPGL2,1556884012715
AF2FVZVFDMVQVUA35VZT3YWKUQ3A,B0742LVLMJ,1677354331963
AEIQMG6L4MJPAFYQSVID6SJWNMWQ,B07MGJZ2MH,1568227383228
AFFLXJTI6WKGDORCX745GR7JHXKA,B07TWRWCRT,1647872451845
AGC5RZ34G25ZUZAHCC7GZ2ENSCYQ,B07G584SHG,1566569728485
AGJQGN2OYXXN4TC6J3CAWUZSKQAQ,B07DNJ6N8K,1557447989311
AFYCAX6OU3QZWZSAXT7TYZEJINEQ,B0742LVLMJ,1538268907683
AGAXOUACE3K5SG3FAKCMZLTSQDJQ,B09T5SKDPM,1672791256582
AHZHNDACMBQV37ZACYV5DBMZHPEQ,B01M7UD21X,1545963889102
AEOA5VDDJBZ7W52FJRIX65RTI7ZA,B01M7UD21X,1501276522025
AGYCS4LOJTA5Y4Q2CVROMFCRD2WA,B07Y1WGP67,1593824344113
AG23H4MFXLLJQAMQLFX7TB54RZ7Q,B0742LVLMJ,1511645321183
AGLBVWZEXT2VEKNGGDABKK6THMYQ,B07GNWX112,1546109546946
AH4CBINFRJXY2CHPGZIVLTG6K7SA,B07XGNHYC2,1572639553155
AGVGF7L5VWYUCS5CB5LQPIR4ZNJA,B01M7UD21X,1502824589902
AHGIL7NBO244JY4QMVMSGDVOSFJQ,B07R7WVRGL,1644502646687
AHFCCD4EMORIOYFGMSGH6JCEXUNA,B07H3QNJ1Q,1550866210053
AGT4FADURNYCAJHGBK6JAKXJM72A,B01M7UD21X,1497871003322
AEKSRO4ATLWOMN7OIJK7ES3CYX6A,B07T315X4F,1606853069794
AGSMP6EWHEPEIEXIB3VB5JYJZR6A,B07QL1JRCN,1601669226701
AGSMP6EWHEPEIEXIB3VB5JYJZR6A,B0742LVLMJ,1597442126140
AGRCANJOJICADJE463IP3ATIF4LA,B07RBYJN37,1647437597347
AHXUETOS4X7RSTICKVZPJSQM5XUA,B07RBYJN37,1634613347728
AEQ7PZL3I3PJKRNTX7VVSTCA7HXA,B086X4FPN5,1593438674291
AGO6TUEAYWZXNMBKTXPHBTZUL77A,B07HQCCD29,1629736146665
AEKKZZVIAIMUP7WIWKDFHLX5NVBQ,B07M92KQS8,1637365624079
AFHYKFWKQPA25XIASESEL4X4POKQ,B092R25R68,1657387970371
AH6ZSP43WJ55TVIRZSBXJ4R6ZRLA,B07VGNQD8K,1624593843750
AENNOATXXE6OHOD4KG4CPU2KMI3A,B01M7UD21X,1578458208746
AECLVZUO4FOLD6O4XOQ3AU5MEHAQ,B082B8JVMJ,1601945672556
AFDIMHPZ54OA47EK2BUE7VT3JLRA,B075NM1M1Y,1577589757130
AFEP2I33O5ZCXE7MOPAM4B7TUBGQ,B07NVL6TJG,1598990397671
AHEE3EOID475RB45R2H4237TO67A,B07XGDM47D,1603732661558
AH2CV64EDT376TAJPTKHKVXN52NQ,B07DNLPCB9,1536424963012
AHA4LCGNUNBGZZYEHRU7PUDOCIMQ,B01M7UD21X,1486001837000
AHFTVO3S6QY44ORLHO6FT5GUJHXA,B07G584SHG,1576137984506
AGSZFDPQKKVEDQYMJK54GQGKKTUA,B0742LVLMJ,1576035723860
AHC4KFY335L4X7UZEF73HA2RS4BQ,B07DXHG3MG,1537288167502
AEIAJMUT7ULW25ESULQU4AOXDMCA,B08GDWQ46D,1620147032450
AF6MJ6PILZWISAF534H2C6EMK3HQ,B0848NZB7Z,1588851139897
AF6MJ6PILZWISAF534H2C6EMK3HQ,B0848NZB7Z,1588851139897
AFDIWLJA4RP4Y654JYFWTML5OZ4A,B07KSZGDD1,1577989796569
AH4NHGADMITJAZY4YKC2A62ETLGQ,B0742LVLMJ,1649290955522
AFOVRINXRXUPDOKEM2RTEYGBHZ6A,B08GDYSVNN,1607972844143
AGGHZJ4R6SKTE5GXDEOTI76UGYIQ,B086K2RRJ4,1608235347359
AF6CLD4R2R2IVEXLGPUUYC2IVCNQ,B07H3S5Y9V,1662314363427
AGMEAZGJ6NDRM3OGHCINZF3DQ7SA,B07G584SHG,1654457867260
AHVDQVJGVO3SAUL7G4RTPLQZQHCA,B07G584SHG,1611127839788
AHTZMIGP7TNUCH73VCWAGTHLRJRQ,B08LVQWH8P,1622428837340
AES3X53HE3GGNQVZWELUG5PBL7SQ,B07GC3X8V7,1547140913075
AES3X53HE3GGNQVZWELUG5PBL7SQ,B0742LVLMJ,1517528444541
AGYGP7YHQ5E2LKEVXHTOZKL6RNPA,B07FT4FMWX,1589773552209
AGY3LQGQRGP6WELVJBUOBJZBIPHA,B08JZ4SVKN,1633195124075
AECNOIE4NYK4ESAE5SKGCXHYSHBQ,B07G584SHG,1539141671240
AFB4IOPAJ23PUYLL3H6KMYFER54Q,B07TWRWCRT,1613506673207
AHLLSHNPOPI65R27VRT3WRKJ2BVQ,B084JGDV6P,1610430260530
AFHAJTASYT4H2OEOPEE4IFYSQCAA,B07DNM6GBC,1534574588862
AF23JIJLMCNTVNCZEO4WDPMTJRZQ,B01M7UD21X,1499302655570
AEFEUFRWZ2P32V7TTQCKEGAI3SUA,B07G584SHG,1630804320670
AGHLKC472ENEHDXOVUM3C66LHHMQ,B08GDYSVNN,1602262647980
AE6HEYORXUB4W53O5C3ATE7XRABQ,B07GNX34XV,1552933806170
AHG3UA2LJT5GIZZVB7TFR2CKDFUQ,B07X2J2QV3,1614441267994
AEWPFNW3UI5RGV52HPC6HBNZ5J3A,B07VGN44WK,1599330042406
AGVZKWOCIHXMWTGDZVVCX6WZALTA,B07KTB8PHS,1616493118588
AGXJIVM7TGTHMSF35KRG4QF5HPPA,B0742LVLMJ,1525307590637
AED6NQ2UA4UYJ2BQNGOXIMXSWE3A,B07TWRWCRT,1580611512776
AEG3FS2AVVOZSTG2MSFW55MVGGOA,B07KSZGDD1,1570041175253
AG2ODI2NJJVXSSCC7WCBWM6K5VTA,B0742LVLMJ,1525379981929
AFSVZPPX36FIAJTLPQ2ATXHX2U2Q,B07L3W2MDL,1620451397546
AHAKU3APM72JFJJIWWC5E2JVCYVA,B09CZBJHXV,1633149563435
AGTVBJOGBEYEYAS4YP6EVMCGH6EA,B08R5QVJKV,1644861903258
AGTVBJOGBEYEYAS4YP6EVMCGH6EA,B098BH8PVS,1637174024853
AGTVBJOGBEYEYAS4YP6EVMCGH6EA,B08N5BJPBD,1620931750938
AGYARQC6BZJZ3ZRRUF2YII2E3GLA,B07FT4FMWX,1546825647137
AFVYGYRIDLK7XUZLGCYXU4IQ7D3A,B07T733WLJ,1605630994006
AEH22FJV6VSOQXXHY72AJKNZPO6A,B08GDYXWBG,1610409067987
AFO5YWKVTE53GW26LXWDXYJLEPUQ,B0742LVLMJ,1603314255522
AFO4UEJW6HDNEBVA752KMFT4WAXQ,B08GZ1KQTB,1619630323893
AFO4UEJW6HDNEBVA752KMFT4WAXQ,B07QXSYDGF,1606755606218
AFO4UEJW6HDNEBVA752KMFT4WAXQ,B08G4W464K,1606755143216
AH437RZJ53KUJFVZOW74OFJTWZHQ,B07KPH6D57,1562947634820
AH2CD72YCEHJO2KCJ2FYR2AXG3NA,B075NM1M1Y,1541419711390
AEWOO3BMX7RAL4UG7YM5TUQ3EMHQ,B07R5VH7XT,1578748451421
AHVYAVXAXDJ6HQAPWOHMM73Z5O6Q,B0742LVLMJ,1538752313426
AG4P5EBS4KT4BYZDU3LKQ5JPIR2A,B087YPRGKB,1615900653181
AG2F7QBPTYCIYKTGOA5DP53PKVOQ,B08LDV5MBB,1679358103943
AHAOR5CAPA74X3VCEIV2JIQJGRKA,B07DVXFP2N,1540541665237
AECHNXWUQ6TPMVFHIS7RVQNBKGEQ,B07G584SHG,1601948537292
AG652RGZBSQJQY6EEA4R6JF2FMRQ,B09R2B5KTM,1654197352409
AEEZF4LSG4XUBFGWXCHFLMDRWYIA,B07N4TC26M,1575746484861
AF6AIEIZCSEAPNVR6WM6LGFW5AFA,B07KTB8PHS,1648932879431
AE6VS46B4OGSN2M6725PEYDR2Q5Q,B0742LVLMJ,1560743807723
AGBPYMKRQ34JWDV7DUNYF625EIEQ,B089ND96K7,1613157709999
AFYV3IFSDE3IOOYEH73W7PL2XH7Q,B07PRXJMLZ,1603347694608
AHPV2GFK7K5UTOXQ5LGONSTKHWIA,B07GNWWTRV,1551963141633
AGJYP4RIJE3TOD2372TNEASHMLBA,B0742LVLMJ,1578729058276
AEMR3NNWYS2ZVLUITB5FWHR66PAQ,B07WGGH1C1,1582483228580
AFCSUS55O7XYXQAEX4HYDU6NZ3SQ,B07G584SHG,1607009855222
AFKEEGBQ2UHDVHCXNC4ZKZE3AY7Q,B07DVXFP2N,1549312287876
AG4SAYBXUVAGUK435SWPHAVB4MSA,B01M71IUZ7,1493833568000
AHQDWVC4UOUVPQ5VQ2BGVZJYHXUQ,B0742LVLMJ,1598856485590
AE75I7556Y5FKDVEXWG5W3QPKBDQ,B095WFPM47,1639175402533
AFPA2NORNXGKVA6NRHXUYWDDC4OQ,B07DNMN7X6,1555092072807
AHMKEJRAUKZAA5PHMYSQGUYEYT5A,B07WMYGFM8,1576618234718
AFG76CAKDV7FSULCJ35FAH4IKI5Q,B088YB3PRB,1616619115900
AGGI6JY6EIDTOP4DSSCDEELTZUOQ,B07F8Y6BH9,1548709991727
AFLNRVV2LDBDSDFPXY2DITHPLLDA,B0742LVLMJ,1674264061112
AELTK24MOBKFH6MG6OMGXKPYKQIQ,B07HQCCD29,1542594813092
AEYU54RXDXNJGC2XTZM5CMDAV6CQ,B098QY92FL,1638820465015
AG72PUQAPHJZ7MW62KGIMSWZWYVQ,B07G584SHG,1568592236507
AH6RJYVHUFLELUWSBFI7DWHOEP5A,B01M7UD21X,1578210005753
AE7SATOYXU3JKS6OHWNCP2V2YT3Q,B081K8LL98,1590060421879
AHHCW3EJOBBFGTSINN6C62PMXHTA,B0742LVLMJ,1561645219023
AGB7FZAP6O4MPOGEH6TYRBXDZ6ZA,B07KFM1ZL8,1551466087035
AFEDQMNDZA5DVWW6GKL4OJWVV3KA,B07F8Y6BH9,1554424070286
AFEDQMNDZA5DVWW6GKL4OJWVV3KA,B07NBPQL3C,1554423735174
AFDHLWI4ZRWUPX4T2QOMGHDG725Q,B07DNML26P,1633973122883
AHF7U2KJ55U4ZSPBSSYHY5R26QCA,B097B34JVF,1640701318640
AHF7U2KJ55U4ZSPBSSYHY5R26QCA,B097B5M7VT,1640701242252
AHF7U2KJ55U4ZSPBSSYHY5R26QCA,B08DDJ1QRS,1602364422179
AHWMSU4XO7BHEHRJDFAA3O3COCFA,B07HP1T567,1654523239990
AFIZVQBE5MYXSJYZ56EOCYEE7BKA,B0742LVLMJ,1579789281454
AHVZDEF6TZ2OMTHT4XFU3SNZJWOA,B07GC1XFJ7,1546467622401
AELFCKWCG6H2HT73HDGKYFGGQKFQ,B07G5GNLG9,1626395837948
AFEMLIEZKHKTAWBZMKB3NQGMHXTQ,B0742LVLMJ,1594731630537
AEXY2SIUEBB3MEM5V6ZSYJT3XA6Q,B08DL6Z83S,1611617472699
AF55FY32ODRPMBTXJSBOPYGXPMZQ,B07XLMQBW8,1638836031797
AHYF4PC737YUIF3NEJPIBV2NEYDQ,B07DNM6GBC,1533736212127
AHPN7WHPDFK4BVOCWCT3SZST2JAQ,B07VGNQD8K,1594506339023
AGBLTDYHBKKOUZ3CXQ52NLSG6XRQ,B01M7UD21X,1562425151753
AF443JNBTFI5QTQOSJTTMGD7PBYQ,B08YRVLM3Z,1624161908976
AEMT5GQJV2FBGNGENG56WGEGO2NQ,B01M7UD21X,1494189256000
AFXNILYKWCO5YNUQ2C7VLFDJ7NWQ,B098TLXZZ9,1655416687294
AEBEBWRNL5S5MDGIKDRHQNP4RDPQ,B07WC2239F,1658239376133
AFVX2ORMW7XUFXMQHUOJ5ZEIL4ZQ,B0742LVLMJ,1588786675584
AEGPIWVG6TVAWCNHKCTF5DDEYDSQ,B07NVL6TJG,1559272246971
AEZH6SXLY3AS4ZO5M3T4TDJPPFAA,B08GDKDMDT,1603826300593
AEGY775SCICQE4LCLVPMD4GCFR6A,B07DNM6GBC,1539022329304
AGI54MCKUIHUNR2KXXOHEKGKRMLA,B0742LVLMJ,1528951867107
AGDBCR7XXRWT24YCXO6WEUYZCUHA,B07F8Y6BH9,1617723427095
AECEWGHCR3N2DVH6ZYBKD6TAEQGA,B07T43BXRD,1578342905371
AEY5MNORDSZ27TZX3A5LZYKABUPA,B082VLGWKY,1643756644642
AESX4BELYCXWKZY54FAHDZINOQTQ,B07R7WVRGL,1566138696530
AEGXPSBZQ26ANHQHPADJAGCBVN4A,B08N6Y69K9,1634587113297
AHURUW4SIJLOS4NMNTBQPULXZAPA,B07GNX2VPX,1541721665475
AHWIMNKRBUU7LYP7OWPBAYZRIAZA,B07DNM6GBC,1552232043225
AFDYNFCI74N35R25XMYGGSPUTMFA,B07VYTBJKP,1588446101699
AGHQDLALHP4KGDDY7Y25EPMHQO4A,B07S63NKNB,1580040971930
AGCYPXBQSJTKLEKE2SAO6JM63YFQ,B0933FHCTP,1646788503420
AEJO6KAN2N2FYP77WNH25VLWKTFQ,B01M7UDAVI,1571680949555
AFRB3W7MT6RUG3XTGP2CJHRV5YHA,B08D6WQ1Z7,1600531755126
AHAYNQGKIQQRBMV3YLL5NRJQB2VQ,B0742LVLMJ,1616891167135
AEUUDS7SCVJMH4LV7YYCKR52RGVQ,B0933F88K8,1620968756167
AG6UC2O32IX5E4HX5SMZ7C532VXA,B095WFPM47,1628526377857
AGQKOQTECHNB7OJV525UDPRVSQMQ,B07DNM6GBC,1544050253538
AGNQZ7MTLZGMZZB7VBID3J7QNPBQ,B0742LVLMJ,1653618280026
AFQP6PPFM7IXX3LUQF7ZOAFVZJBQ,B084KNDTWP,1606954132937
AEZTUXPN6TOPLJT7U4QK4RTRWBZQ,B09R2PCK8N,1667962683194
AEZTUXPN6TOPLJT7U4QK4RTRWBZQ,B07DNM6GBC,1591879940925
AEKS2FIXGHQDQJRMVUPSZ65ZRKTA,B07HQJPGL2,1623090972431
AGUDD7UOJTLE6TWN7SKYNGN7B7HQ,B07KCLWKR3,1559158189398
AEFOOQQ3KRTKNZNA4P33W63G2BHQ,B07G584SHG,1626550501970
AGDHM55JN5FQUMSD5ZROHBXKGUFA,B07VGNQD8K,1612719302655
AFFLHHFCAJ23ERN4YQYDTE6QW2ZQ,B07WGGH1C1,1609870363021
AEAFZVF7TED7GKLUF5X2DZFU4DDQ,B07R7WVRGL,1622780918294
AFXFWOYVL3EPUIIR7E5LJUQEKDWQ,B07G584SHG,1546361576913
AE6DU4IUPHBQ4IBFCT7AXL5HGVZQ,B084L6QXWS,1619178705020
AG7QTXR4GAKCQDYKHDJIFRQOYLUQ,B07DNJ6N8K,1535574573685
AENFDGQEZCQHVWNGNWSIIAMWUBGA,B07NF12XPB,1572061124624
AEB3GXGG62UPURDHBIAVHPQXESUA,B07DNML26P,1538761411482
AGL32ZL6BR6LK7N3EGVYCYZ3S4QA,B07R5VH7XT,1631058731813
AGHDUKV3Y5KN6IPNL5M2IRAMBQEQ,B08R5YRMNR,1638849722962
AFHX67YD7TC7HZIBNG5EVYQW73BQ,B08LDV5MBB,1622949048537
AETEJCOD6BTK4FT56GAWICIDTPAA,B0742LVLMJ,1556249771459
AGT5FSMNZD2NFMLN2S7UIGKPFMEA,B07G5915QC,1627957046078
AFFROSL6ICLBD2KS7L7LUPLDI2LA,B07G584SHG,1588821741499
AHD2LUA4I7AUNU37MGAQN3EC26AA,B08LDV5MBB,1642585908575
AHD2LUA4I7AUNU37MGAQN3EC26AA,B0742LVLMJ,1642352128333
AHD2LUA4I7AUNU37MGAQN3EC26AA,B07SDGKP88,1633021627754
AHJ6D4FS6WSEXJLDV37GG247GB5Q,B07VGNQD8K,1582472305282
AHQPVIWWTRZDYAN4H6AYB6VXSMPQ,B07XTHS9CJ,1588875436997
AEYD5CLOGY6ITIMK7YFAIYOLLCAQ,B08BQFPZBT,1603316813157
AFNTCTHYE5BKXSYLZEOJPNC4PT2A,B086K2RRJ4,1594491450204
AH64ZHF5DKCKMIWKMBGQZSARWDVA,B07L3K8S42,1568759413238
AGZ7BTOP5DFUI42Z3JVHHN5LS3LQ,B07R7WVRGL,1637275367779
AEBCEPDM4LQQYJVOSZ6UUCFUILEA,B07KSDPDM6,1555533378165
AGPRMGJTUJ6XTACKXMURJ5FT47UA,B07G584SHG,1571700885770
AGZSJKQWXVZMXIDBS7GRED62RPZA,B08R939TKC,1616337941573
AGZSJKQWXVZMXIDBS7GRED62RPZA,B089NZ8D82,1601835688151
AGG3YLPNWMXXTW5G234OGVUGXZEA,B07X5SVBJW,1597781105153
AHK2BQ4SWFK4FZYR4P2VIFALDKLA,B07GNX2VPX,1545583331596
AEMGIL3J2CIUSZ4RML66AOR2SLMA,B0742LVLMJ,1570633684829
AGVJ3LCCACCTYD67GEORTDEDH7CA,B0BCMPTNLZ,1679191452454
AGXUBCKT3SWUCHQ4BMOXD6YIA42A,B07H3QNJ1Q,1548716826183
AF2GF3W72OCZGABP47Z2GV65UISQ,B01M7UDAVI,1578100308719
AFGC4GB3KCL7CTVBWULIWDLVXL3Q,B07WGGH1C1,1573612318054
AEORQKICBPF4Y4OIJ7FIIP2GPCJQ,B0742LVLMJ,1604552315577
AGEINXNP3IHMJX5Y24VKVTQASLPQ,B0742LVLMJ,1576186233605
AGMUL67Y7ET77H4JVFKRUOV74AXA,B0742LVLMJ,1553285732374
AFUVAU2XAPGBLXMT2VTKBH7QUQXA,B07X3Y7S2W,1600940294692
AHIQ5RZ7A6HHNGO6JKBJWQ3LE6NQ,B07G584SHG,1545863499956
AGHCTOIM46IRHQWJ2ARXQH4RFSWQ,B07MGJZ2MH,1669154719549
AGU6QFLSEQJBP3HBOUFUCL2H6P6A,B07DNKDLYV,1533662387574
AFHW274T3PKAP67NXBQKJI2JPQHA,B07DNLG9ZR,1535866008573
AG267YVEIVLO5MLPPAEKHL62SURQ,B095WFPM47,1626805809109
AFBCWPFJSQZKTMWFAJCRSZ35GJ5A,B07QL1JRCN,1600893424647
AFBCWPFJSQZKTMWFAJCRSZ35GJ5A,B0742LVLMJ,1552072442299
AF5SKJO4IZC2IPHH6WKLT33VURKA,B07V5VWTMB,1578270094789
AFE2744SSBGJIF37RIRFWLMXQJOQ,B075NM1M1Y,1558452872403
AHI65LET2E7KAELZZALDXJZTSZFA,B07G5915QC,1561664210225
AGUYJRP645KD72GTGFLRZAIIDXAQ,B07VGNQD8K,1625851815655
AE2HJV2GYQCYKHZQUYWZ4W6NYXDQ,B0876CYNG1,1599911135820
AEABVECRN3KEAUAZLPOMDFSGMV6A,B097F3PVMC,1661010921967
AER3Y52L37TPRPCNKRY3YRR64DWA,B07RD18X7P,1560449753617
AFP4PYMHY32QPHQEUNVZDF5JMZHA,B07DX4VYPM,1537402544438
AHAK7QSHKPHZ23B5SJU7APBIU7QA,B01M7UD21X,1561083475410
AHDYG7DDJPFMFIOCBSF64O4JQGSQ,B07HFKL5DZ,1642886536980
AHS7E7XTA6CPKJEYZNFZLNILJYWQ,B07RBYJN37,1630034944762
AFKIB7XBPIRJ4G2AX3RZHF5XIVCQ,B0742LVLMJ,1521821571163
AETBRX4AXUH4YGQDJH73GWD6TRQA,B07YZPDHK3,1605722956049
AGZ3OJKR3TPIMAWMPUA75JHM3XFQ,B08WG66WYD,1642434771481
AE45H577AHF5JUPLMXNY3URQC5GA,B08DDJ5LYG,1621197684892
AHCTEJE52CHAXMEEKJDRDYYKE3OA,B08N6W22SR,1618749244400
AHF3VG6WOCJL42KCGOWZTJ54IVWA,B07SDGKP88,1598384846699
AHQP2CXKKMRVX2FFPBDROFRNH2BQ,B0842RP7RD,1609024358578
AGZRI4QPDVC65PJZBZHO6ESWI5VA,B07NVL6TJG,1630129747984
AF72DUXE37TMTGWYYOTNHPBVOCLQ,B0742LVLMJ,1579058564743
AHMD3AQ7IDQENVUCOAHSAF5TJAVA,B07KPH6D57,1626103200806
AEU5WDJCWUPRWF4WMZTQQWO6H5CA,B084KNCD6W,1591732846081
AFUDKSIALYW5YC4KB7U5G53EBOSQ,B083SS7B35,1618672069571
AFR36J64QMQXKTX36Y7HGM7O6JVQ,B09DTB44BY,1658252135225
AGF6ENWLY7DHXFWWVCDZ7YLUXC4Q,B07RBYJN37,1606937714028
AFXLKGAK3RH3F4PCERUB2WULYORQ,B07PRXJMLZ,1608154596262
AFXLKGAK3RH3F4PCERUB2WULYORQ,B07QD9WBGB,1605403392819
AFXLKGAK3RH3F4PCERUB2WULYORQ,B082B8JVMJ,1605403279978
AEJ4ITHWUSE7AU7TPLEESBBWRFBQ,B07H3S5Y9V,1610423998877
AEBAMCLOH2JXEVLPLKLUCOA6D7EQ,B07DX25MZK,1648193012980
AEBAMCLOH2JXEVLPLKLUCOA6D7EQ,B08TCGN1JQ,1648192583761
AEBAMCLOH2JXEVLPLKLUCOA6D7EQ,B09DTB44BY,1648192326487
AEBAMCLOH2JXEVLPLKLUCOA6D7EQ,B097F3PVMC,1648191991670
AETLV26FHEIBNUZ3MARNSIKCQEDA,B01M71IUZ7,1503358235428
AFOVDFLVYLGS5LW5R6URASMOXMTQ,B07Y3XJ5WN,1593641151133
AEDZ24SOBFWX5OZU3QQZYMJFNAGQ,B0742LVLMJ,1658001160580
AHLE4HASO2EMPNGVJL3ITJ5IKESA,B0742LVLMJ,1594341932284
AGEX5SM72KV4PQP6HEODIVXPQQNQ,B07G584SHG,1609086312309
AFRDQTWPH5OAROIN2R2XUKQWUEYA,B0742LVLMJ,1665088522354
AGKLWRKHTTK72X5OATQZPZOTGCQA,B07MGJZ2MH,1570685331953
AFWFHZ4CCW67VVT6CEFWBVG24XZQ,B086JBB4HD,1596215764520
AFF273FKBBV76RYQ7CQS2VQJE4TQ,B09R3MQLXY,1665453147629
AEBSTJMFSLDV6WTLCWL7EIZDBUFQ,B07DX3D8W3,1532218165589
AEBSTJMFSLDV6WTLCWL7EIZDBUFQ,B07DX3D8W3,1532218165589
AH34GSNV5V3W5GOY7CXI5RISKPDQ,B07KG71FKH,1566160613627
AG6LTDQQIPWZZEWOK7RZIWI2V53Q,B088TY8QCW,1598579603055
AFPZKDBWQS442KNP6XD5USTNBL5A,B0742LVLMJ,1553283315573
AES6Z7Q7DKMPTIBJGLWDE7JNJ3BA,B07MFQ69LX,1596769058998
AE5VYZZRUBLMWLQNY7G443ZWX3WQ,B098QZJ5TK,1643668796265
AGDVSQR73TP57VHWUACAIKV5JTGA,B07RBYJN37,1606964854656
AFENPQQB6JHLHQK5JDY5PKZONCFQ,B0742LVLMJ,1607996766307
AFKJ7KQUKPCKQ4ULWL6VQ5YFPTHA,B09Y71L3BJ,1664315405385
AG2BB6SE7TZBNKBUFYVBGNVTYLFA,B08JQMD7B6,1608683276140
AF3TBWUGCJPFZWI7OEDJD6QHUJDA,B07G584SHG,1658095138825
AGGSTWZBA7EWURKYORVZUOK752JQ,B01M71IUZ7,1535057376203
AGJBWCYYIVK4S2ZZMJEUUP5IZOAA,B08C77PS29,1663724138502
AELAOSD3ZPCAWWJ7D3JXSKNQU4KA,B08BQ2KCG1,1606933696599
AGYYVY2S4DJ4FFF3C3QOCHFMWIAA,B01M7UD21X,1536440719948
AGKTDYN5QJT5SN5B5GYMRFBYFPXQ,B0742LVLMJ,1521200227431
AH5SSK73EWJ37GZZW4IAMP6JW4UA,B07XKF8CB3,1619696960118
AFEWHWPK7SW755QPP3M2D7BR324Q,B08LDXMH5F,1651801468193
AGCXQ4RXUYDNPSWBA3OZRPWELYMA,B0742LVLMJ,1626553018368
AFJ426OXY3HQIKUCNGA42NSIQ7EQ,B08LDQGYYR,1626190343326
AGRI7WZOGRDIO7BAJX4TWTU325FQ,B07NBPQL3C,1597966709200
AHDAL67OF4X3LUI3MPH4VUWNFXZA,B07R5VH7XT,1593823670533
AHJRMJPKIJCI3QQNKLZFWUATRV5A,B0742LVLMJ,1619477323377
AHJRMJPKIJCI3QQNKLZFWUATRV5A,B082VKH841,1607045109934
AFVTUN2NX7FDPV6D446TNT332WJA,B07F8Y6BH9,1592534564294
AEZRPACMJDGIL6G3VVSHOPJKZCPQ,B0742LVLMJ,1588789068378
AG3PNIXRG7HUGFZQEJHFB2BLHDGA,B07THJZVK1,1632579078183
AHG7MW3UX32MIB3EGWO455LLGMGA,B07K31MZXS,1564500280035
AHFOJ6UUFQX5SUVPODAXYSSM3JVA,B07T315X4F,1629830097182
AEJQY2XDOWK5QWTIXRCELDGOYWOQ,B08D6X2RD4,1613241906103
AH4K3UMONX24CRSA6DXJPNI6G5SQ,B07R99144F,1619049554135
AEJYTUZ6O64C2B2K2UATTUQXB3SA,B07GNWWTRV,1557348337541
AFAG5UTTZNGXDOCHVN42OS5LUAMA,B07G584SHG,1625157747234
AHFS4ECPSSWDUX5YK4XTCD4IKMAA,B07F8Y6BH9,1610124270639
AFH76RD4L5RHCYBKRZ35J7JSKFEA,B07H3S5Y9V,1592143724277
AFERIGJVOW3CUPUX5SUMXVYU3WPQ,B01M7UDAVI,1559587587765
AFFEJCBLSMVYNUXTX32Z6XDXE7RQ,B09F9G91N5,1673146247106
AFFEJCBLSMVYNUXTX32Z6XDXE7RQ,B09DTB44BY,1655521998880
AGZKCQ4PIGISXSMDQ6SS5YZKJ5PQ,B01M71IUZ7,1485357998000
AEIVRLTM6SFLFHSRFL6HPJWDV6OA,B01M71IUZ7,1500434637376
AFPFBD2PQ6BVLXQ57MR2M6PVIU6A,B095WFPM47,1659752555393
AFPFBD2PQ6BVLXQ57MR2M6PVIU6A,B085YCC8P7,1643680415997
AGIB3MRCA4YUYP2I5VNSVZGAA5GA,B0742LVLMJ,1504986296416
AFOOK5NGVLWZ7AOUEBZ6FKPYFD2Q,B0742LVLMJ,1607642086562
AGCKIPTOAFK5HWXOZNZ44IDRFCKQ,B0742LVLMJ,1562346229601
AHG5LQXFK3DID4LT45IGASCA6XMQ,B07HQJPGL2,1607136238125
AHPYKZF3PRF4HLKZRXT36RRMXBYQ,B07R5VH7XT,1581716596088
AG7LPSYAI26QJEZJIHX5RSNH27RA,B0742LVLMJ,1646592017810
AFYV27J6LJUBACAUSKQIHCLJ6QJQ,B07KCLWKR3,1566831307859
AHDGWAQFF2MYRDBPIJNKHWCAMRJA,B0742LVLMJ,1638605510611
AEQDYMX6EUG5WPOIZ46GER6MQ3CQ,B07WGGH1C1,1612686246210
AF33OTEQV2PRK7J652AJRD7T6BKA,B095WFPM47,1678596210189
AHBL7MZR32CI5EPJA4IWDRMCRK4A,B0742LVLMJ,1522939840688
AHN3THZD524PMP5TYL3IQBLK7ZYQ,B0742LVLMJ,1526764495748
AHNOFLUGZOAORP75TJ3K3TDFW6XA,B07F8Y6BH9,1592019168446
AEAJTZNIASSY5Y2TIKM5OMHTWGSA,B09LVZLLRH,1661778092570
AEFEJWX7RM3QTME2EP5BRIGCZCPQ,B0742LVLMJ,1616446162717
AHTW22ZAF7IGS4ZWH56CMXMUEIUA,B07SDGKP88,1606007684170
AHNS4NCO5LB6F6VJ7YDPIPOBODCA,B07G584SHG,1634170259233
AFLONY5OFIBUIQZLERCVPV3BUIXA,B07DVXFP2N,1567668546848
AG7UL3L7XIUBTSCEYWMT736VPKDA,B0742LVLMJ,1550031306640
AERQZF4JQHMBIMUGJJ6JQTRM3Q3Q,B07NVL6TJG,1617153045195
AHGC4IXX4OJN4LMMXKTOEQCIGE6Q,B08PVW21S3,1647742421551
AE2SSHAHSUP77HZV2H7YNJO3ZISA,B0742LVLMJ,1607695464961
AEYAO4ZBQP43DWGY74QJFRUDCRZA,B0742LVLMJ,1555967861442
AGG7YJ7MLVFXYOHJEY7FBB3ZPU7A,B07KSDPDM6,1548547297801
AESZJJ3WYJ3H45R7PBSQCVSFMSAQ,B0BM2NJT6C,1679143701247
AFLJ7OJIWIYIFHAXAN4IPFYJZJWA,B07NL91XW9,1605574376932
AGQM2X5MZZ5NZQPVSV5H3KMSTUTQ,B07GNX34XV,1547806997640
AE4ETTDAEBMOVK6ZWPRSLKZFHIBQ,B07R7WVRGL,1628971984977
AGGDCO2Y5W7F2GA3GW4JO7FBS2CQ,B07V5VWTMB,1642039046578
AGULNWAKGQY7SAPDJONYIQDGAPPA,B0742LVLMJ,1504673121807
AGSYFMITQ6GZXMBD2AGRI3EIBJPQ,B01M7UDAVI,1545007648583
AEXIBBC5E3QUZF7YAXPLQTEZ3SWQ,B08R3XGJN1,1668707565029
AFUGG3K2FR6Q2DPZFGKHLBILIKZQ,B0742LVLMJ,1566043369200
AEFFUQQK2HIVAEPCLDKIVAMLT25A,B07DVXFP2N,1553208613493
AHDDA6MMRTE4QN7D7QV57CNEIGXQ,B07S63NKNB,1568831968401
AHN24C5Z4IBPGU7SKHIXPYS3KV7Q,B07NVL6TJG,1581980769132
AF2VBPEEAOSIM5UYTAHFVPID2OCQ,B07G5915QC,1565899926244
AGAHDJQMHUF4U7UT3UP4DMA2F37Q,B082MH51J3,1597178873567
AGGSOTR6ZPSD26YUDEU6EXYHFXVQ,B07KPH6D57,1565466384977
AEX6FRYMTZ3TO4I52ZDX7SLXMA6A,B07SPDBR1J,1580512130249
AEX6FRYMTZ3TO4I52ZDX7SLXMA6A,B0815VLVVX,1580512077629
AHWP5HHYCWW6NN5KQBRCM4H5PM2A,B093T47K7D,1669916723963
AHATJLYU6NNKMAYTK4FRTJVHSPYQ,B07VGN44WK,1600782322160
AEDYLUFJFBJND6EUG7OUY72YU6FA,B07R7WVRGL,1647444318656
AH7OLPRE3YYFLQ62XCEYEWMZBYPQ,B07PRXJMLZ,1595622152810
AGF7JIQE5SNI5JJUTKPBVZCEY37Q,B07R7WVRGL,1598564907697
AE65AK6F4YFGA2KUFAEIRQU7EYXA,B01M71IUZ7,1544202263437
AG44RJUJDAJQAX3B4MWJZ2D6QR7Q,B07DX25MZK,1544297826959
AFC2OECW44SVOLC7Q22ZOIDW2XIA,B0742LVLMJ,1565564426270
AECWIRL7NJCSXE44OK4J7QEHJ4CQ,B0742LVLMJ,1592043576774
AHCPZDAXDHQJEYW3O7VZMOCAIREA,B0742LVLMJ,1649405984111
AGHCREJS6U4QZ2HD5QQYB56URXTA,B097B2N157,1643878624834
AHUYM4ZGRQ2ANX3CJ5G2BRN4PQ5Q,B0742LVLMJ,1562175171116
AHUYM4ZGRQ2ANX3CJ5G2BRN4PQ5Q,B07H3QNJ1Q,1562174812545
AHUYM4ZGRQ2ANX3CJ5G2BRN4PQ5Q,B07DNMN7X6,1533525236993
AGEW4LW7FZ2WSY4VY7BHYML35UPQ,B07DNLG9ZR,1550372278638
AGZNSXDDFSILZOXJUPSGBHQOTVGA,B07MGJZ2MH,1569783222521
AGJA47UPKZTEQMO4R7CAJL7RQMUQ,B07DNM6GBC,1593214198681
AGHF33J37MJ4RRFAPDO3JEUAMVJQ,B081TBW1FB,1665256436112
AGDRVPLU6UGM7K26BELG4QLFJJOA,B07DNM6GBC,1542133131290
AFF55YIR6BGBMKTQ32J3C5DK4WMQ,B07WGGH1C1,1602299227032
AEH66HUWSO5XQY7FIEWSHB2YIX2A,B09DD9F3KH,1647648122714
AGP7QW6ABC7WRBJQ5ABOZUCEGYDQ,B07NL91XW9,1596821940282
AGMP2XEAFADPI4VVIUCVIYU42OXQ,B0742LVLMJ,1538579468051
AHS37KO4K53Y3AKJYRL2LLD4OE7Q,B07G584SHG,1610476609680
AH425R5VB2FXOBYSXKOXDLXJKICQ,B07G584SHG,1540923729227
AFMT7EH2CCHA5DUMD2WNF7WGWVNA,B08H5MHM3N,1667450248123
AE26NRBLSGNO4R5XDEM3L54MZVVQ,B085YD3D6V,1608459323003
AE26NRBLSGNO4R5XDEM3L54MZVVQ,B07VGNQD8K,1608458908428
AHPTWBKTFME7EUPDFF7DSUCST23Q,B07HQCCD29,1573716471926
AFT222GVTHQ2X6TWYVQYCZ7HIVPQ,B07G584SHG,1567542563460
AFWH4FJGTWYXAHUCKYRRN6XBFYMQ,B07G584SHG,1616743083020
AGUE3SC3DDSHFY5SA3BYGVAVUFGA,B07MGJZ2MH,1598145996417
AELTPUQCQSYHCSDC5F4ET4OLOOUA,B07TWRWCRT,1599372554380
AHDNGIISQPRZ3ADFDEVG6UZ47XFA,B07KSDPDM6,1579044315015
AERI6O75RV7KS4Q5AAIYYFF45CRA,B086JBB4HD,1603215697018
AERI6O75RV7KS4Q5AAIYYFF45CRA,B07V5VWTMB,1602988151974
AH3KEOQESPGPNGRSDE3SMFBB6B7A,B07XGNHYC2,1618607404293
AHZYDJANAC2VYIWVIDZ2CPTWNOOA,B07HQCCD29,1569093166767
AHHG2HFVMVBLPOUVXODH2CVLFXNA,B095WFPM47,1624721735139
AEFL24THWNR5KNQAWGBJ7CHHPYQA,B07GS3H343,1642767753793
AGNE36CCAHPZ4ZDH6JNJ7C6JNM7Q,B08LDQGYYR,1656785554067
AFPVKWMPCZ4PAZLAWA3EZJ6OEE2Q,B07DNMN7X6,1534270484684
AFQAOV6XCLNZTBKQKFUTTXLLG3NA,B07RBYJN37,1602927021191
AGYORVMLWMFVKXZRNFL5F72WM5NA,B07RBYJN37,1624546371369
AEPGMY65HNH5GI4IYFVTE4YXR6UQ,B08M45BGDN,1625492113090
AEPGMY65HNH5GI4IYFVTE4YXR6UQ,B0742LVLMJ,1578147801685
AFZW5YBKXYCUWKUCVWAQJYADLUXA,B07FT4FMWX,1661466608440
AHB4HXF5AU4APVON5YDIOK7VTLLA,B0742LVLMJ,1598611818982
AGZ2OXF6PMXHC2N2SUKABMETBZEA,B0742LVLMJ,1617072929696
AGN73IDIE5OWG5MYDTJA4NBCJH5Q,B0933F88K8,1626206145280
AGS5VMM7BALA6KJA6QJUNQQNFUYQ,B0742LVLMJ,1642659379169
AFX53DC3NWQPM2RA77FBWQMACTGA,B07VXY755K,1576034999748
AFJD7DLPCGBB5JOAPKOWVQIR4SPA,B097B5M7VT,1638458220313
AEM5K6ZZVRG4A5WHGFQV2QVHI5KQ,B07THJZVK1,1603214846684
AEADI7HJHCXVBGKGO4DURIFHVOBA,B07HQCCD29,1579179579620
AE6Q3GFK7HCLHI3XUL4EPE2K6Y5Q,B08GCX3JCX,1603486087194
AFM247ZVYYS65TAB4PVCCLB4HOZQ,B07FT4FMWX,1578311175019
AEE3GQ2NBNLRADC66CXYSYPYJK3A,B07DNM6GBC,1554429106101
AE3NJKMEL3IA3UVKVGAJKT6VBQ6A,B08R5JJGB3,1641001029940
AFFKES2WFZDYL3UVSEIQZQAV3XSQ,B07F8Y6BH9,1631680167388
AEX7DPMMNOPHVWZSKEJUJ6HWZPVA,B0742LVLMJ,1605495840987
AFD4FSGAR64EQLPC23NENRWTMR7A,B07DX2M8S6,1540386065000
AH7LIT35LHLICSA5YKX4G36NMNZQ,B0848C2N4C,1621292885510
AHOLRWROVQZE7CBJMPJBV3UOQZBA,B08H8TXYW6,1640662261691
AHOLRWROVQZE7CBJMPJBV3UOQZBA,B07TWRWCRT,1602969329263
AH2JHSP6OETI3PC7DTEHOJJDBFOQ,B07V5VWTMB,1577212781421
AGDYVIBCH2W5BJII4C5O3CBCMJVQ,B01M71IUZ7,1566468963382
AEOSEKWTQTPN3ZOQ2FH4MZOMLNTQ,B01M71IUZ7,1540717124335
AEAPAVZE65UIEGBZLG3DUMIPKKYQ,B0848P9FN3,1664806912504
AEJT5G4VF5S2RYAV2M23BOYVIYRA,B086JBCVB4,1624260109764
AGVB6R4IPIRQDAQNVFFTYJAD5G5A,B07G584SHG,1576101046118
AEMBN76ZQDK44E7UAM4AY6JFEDUQ,B07SPDBR1J,1591976327330
AHSXG7ZDE5JFJDY7BKPNWAFNZWAQ,B07KM6T8GV,1591407962766
AFXNTGLFXRFHK5YOSFCNH3IXT2MA,B09LWP4TWW,1658875081793
AFNWFUCUU2KOXOOUHIFZSCDRQI3Q,B07MGJZ2MH,1569773709745
AGVBC2VB7KS6CZGO7OOKXNRYXKYA,B07R7WVRGL,1589132634646
AHHWTTAXGUJ4LLDUXPJOCUHKLBSA,B092R5FPR3,1637180631728
AHHWTTAXGUJ4LLDUXPJOCUHKLBSA,B092R5FPR3,1637180631728
AH6TEBVRJVHRGXK42TKQJFHIVTDA,B07Y23PKWC,1581024661230
AH6XPHMKR2MCGK3KDUEVE6MWBG6Q,B09Y79XYPP,1663672982681
AETX5DDG6CBLYEOPISGZEJE474YQ,B07H3S5Y9V,1558954493844
AHQGOMLOLUFMAFOCDFA5PPJOGWZQ,B01M7UDAVI,1531120594398
AHB5KBZAG7NZ27KJBZPPJ4PH4GTA,B07DNML26P,1623185962124
AEX4SCVESO7AYJ5YHSJ43OKRQMSQ,B07DNLG9ZR,1555090514969
AHLHFHCUQKW6LHURYJOXTUZLLLLA,B086JBCVB4,1602361856653
AFJGLCYGTQXIEK7V5Z4EUI4FPAYA,B084L6QXWS,1616003756724
AHKKHJOD3LQRE2AFVDIZSGN3JEDQ,B07R7WVRGL,1594947967034
AGOJNLCK32V4WJTE5V4IP755FGZQ,B07PRXJMLZ,1605847893667
AHMDCNVHXIUWYRM6IHQPIWG2AESQ,B07Y1WMH7G,1582772009459
AH4YQPUYYVQZ4A3Y67R32J4OMVSA,B087GQ51ZB,1613253583191
AE44ARNX57SI6PHA7AQQAWCMXHBQ,B07STGWT1P,1596145764484
AHXTIK5AGY6SSMUC6HSDIU627WQA,B086K3V7T9,1594498398667
AFF43ZHKH3NXL5O3MTKRED454YMQ,B08H5M5RX7,1621526176348
AFF43ZHKH3NXL5O3MTKRED454YMQ,B07XDRFK3B,1590712314079
AFF43ZHKH3NXL5O3MTKRED454YMQ,B07XKF8CB3,1579479524152
AG2LR3W3CTW23KA76UL7MM3T4WEQ,B07RBYJN37,1641961800043
AGDQE77BHULOSIKDWBKNEI6B3ROQ,B09BDCTCKR,1661975365858
AGCPIKZU7FON7U6W5I4J3IVK35UQ,B0742LVLMJ,1594497216409
AGOEGNBLLHRWM2DUXSDW4LCGCQUA,B08DDJ1QRS,1617234341596
AG22M4QMUCDD3BPL2LOK46EKRVYA,B07GNWX112,1552762938524
AEUHKISMNFCMFMUZOPHK6MHAZ6HA,B07FT4FMWX,1544487480495
AFAA5AWTWVRN46DLJ4WLRZ523NCQ,B07MGJZ2MH,1654440864474
AFFCRN6F6NEDMY6DMTZY6Y6C37EQ,B07G584SHG,1550270157257
AFEIASWAVLLZVEZ6SRLNXGYQMLYA,B07DVNJ5LP,1602095030624
AHWIK7DCF5YLCSMVUYTLRIJFWY4Q,B07G4ZWJB6,1571784037453
AGBE4RRX5WTS2UFP7VX437XOCTRA,B07F8Y6BH9,1617248113018
AGBE4RRX5WTS2UFP7VX437XOCTRA,B07DX4VYPM,1617247999634
AGBE4RRX5WTS2UFP7VX437XOCTRA,B08C1NC54P,1617243404119
AGPCR2MPLWA6WTKDGMR5XYGWC66A,B07G4ZWJB6,1631203530416
AGCUNOHRGSVOXC3JYSNLZ3N3ZVBQ,B07QYNFHVH,1616278171645
AH57E3UGXM4YC2PQDUHVENIGWAXQ,B097F3PVMC,1629554981351
AF4ZXHJ67PTD5TMY3EH4DRT5BYWQ,B07V5VWTMB,1604764822864
AF4XAI2WLQJANLYPILXBZPSSNNSQ,B07X2J2QV3,1603597050795
AHODR5CURCE2UG4MLVSYY64PFWLA,B07G584SHG,1614718376344
AFMABKEHY2OXL3TPAGWY3OCDWG3A,B01M71IUZ7,1522981376785
AFBOXL4C5NFEVVY5CUJEM724OYSA,B07SPDBR1J,1640185922361
AHG4GALFD34WNZREKVC2CQF6ZDPA,B09HY21JX1,1677102792455
AH56X3OG2H7SNRFART4WR6DXRJCA,B08H8TBHZ9,1609475093441
AF5IQKEAYNEA65DLT24M64AU25FQ,B01M7UDAVI,1488784859000
AE4ZXBEMBWLUK7NNJ5INLB3N22VQ,B07QD9WBGB,1652956977014
AG4GQF2K5JIHLDJFG4SUYPNKHPTQ,B07J2K9ZT8,1571444076552
AH5W2FG6B6L2RSUKUCGPLFICKAXQ,B07PRXJMLZ,1602224524564
AGXTFV7HHBNTYI7MA45OQWTYL42A,B07DVXFP2N,1547261809164
AHKQNOJ2MKGAHYJK5BLSVP6JHX4A,B07KPH6D57,1549669219474
AFRKAFNY2EXDXOIMD4AMOA2IQ3AQ,B07VGNQD8K,1597254579383
AHF7JJVX75GQ5PZAY3OUA43EEFZQ,B0742LVLMJ,1502758504480
AG4JCDLRVHQR4JN2ENLGWBE4NZHQ,B07V5VWTMB,1622927729169
AEZ6GIDPKTKLAESPDUPDVYWXG67A,B0742LVLMJ,1673548625936
AHSNGB3DMIYT6YRGI6WVJNVGWYLA,B07WC2239F,1618324209290
AFTT456MVIAOESP7H2KSHNUTB2UQ,B0742LVLMJ,1578603888787
AHAKQT6ZE5O4T6DKXR3D54JE6HCQ,B07L3K8S42,1581265640883
AFQGGTROUEEI6R2SOMJNTLUXXQ3A,B07NBPQL3C,1595397677032
AETIJNBBQC7NXGIRNNAMI5UMSI4A,B084KNZBM8,1648239855541
AGHKVPRNMWANZDTSMX2OT44TN3XA,B07FQWLCT4,1551723107693
AF2E35267EGWBJQKELPNO3ZFCZRQ,B07G584SHG,1603422581087
AHLQAQYQYOWO5XCQ53BSRZANH2YQ,B09R3L7WXL,1662773197753
AHLQAQYQYOWO5XCQ53BSRZANH2YQ,B07DNML26P,1554755973047
AFSNXUIVP5GZO5MT74Y6AJ5ED55A,B07HP75X12,1548187083964
AHKSPYHBSZVCCRGAOD3MW3YB6Q6Q,B07S63NKNB,1575649084634
AE55KBPMEJWP3ETB32PFQJSTV6WA,B07Y3XJ5WN,1617071369537
AE55KBPMEJWP3ETB32PFQJSTV6WA,B08MWNXTQW,1617071044505
AE55KBPMEJWP3ETB32PFQJSTV6WA,B07Y3XJ5WN,1617071369537
AE55KBPMEJWP3ETB32PFQJSTV6WA,B08MWNXTQW,1617071044505
AEAN3WHQW5TLG4TIAPUHJGTMYHSA,B01M7UDAVI,1493832541000
AH7YZCGAV6R2WA2KNXW3L6EI6CCQ,B0742LVLMJ,1534185847622
AEM3KEZXM32KRBI64HAPDSM5RO6A,B08D6WQ1Z7,1609957521066
AFIGOQKXQOG7VPO2KWOYVV6Y3L5A,B07DNML26P,1540602193903
AF7XNF5Y22WADFXZRZ4JWXTERENQ,B08JFRNFXM,1618428458090
AFPAFN6RINSBMJOPNHONWNYZY5EQ,B07R5VH7XT,1596517002002
AFQAGPKHTEFR54ODRRTHUC2TFB4Q,B07DNM6GBC,1538365280454
AGSQ4CNM4LRDNZNTBWJ3CALS5NLQ,B07G584SHG,1546393992295
AHQMKVCYTRFT2CRNLRR3BX5GMFBQ,B07X5SVBJW,1649127660639
AHQMKVCYTRFT2CRNLRR3BX5GMFBQ,B08PVW21S3,1646704638817
AGLW5HXVIF33NS3HO74QNQ7OPW7A,B01M7UDAVI,1576986355897
AFQRRC2MVJHRF25XSULZSZXFB7BA,B07G584SHG,1552937893154
AFWTDXINXEZR5FRJNWIGL4CPSQ3A,B087YPRGKB,1614466792456
AFQNOZJS3WQZUCWMGIRYWWBTE3YQ,B09BDDHX52,1642115286504
AGE7D6ZIML4GAP5ZTMQK5D2XPGOA,B07XGNHYC2,1600014982755
AGER3VWEORTGAURDGBEFDYC2IUJQ,B08DDKMTWM,1630198138063
AFCRSXLAE2NP465JL42WZGOUYJ5Q,B09K79W66G,1652983119978
AF7JC7HGUJ6R2N6H46IZAU65RYHQ,B07DNM6GBC,1535504870349
AGXDGTIC5IT3R5Q35EARKDPL2EXQ,B08KWK6N6H,1626694813351
AHQFD7FX7EM44LXCVIP4TLYLL7QQ,B08PVQ28HF,1660921834629
AFOTIJ6YK3NJJ4ZWK45JRIBFH6VA,B0BM2J47PC,1676346628224
AEWUFM6UF6GVKAEMQUPERJAYDLYA,B0842RP7RD,1591901999722
AH2IBYHDVODCK3MHD2O4ILVDZGRQ,B07GNV45VX,1570817362152
AG76YYT2G4JP3Q2N4TUMF25LT4ZQ,B087YPRGKB,1668722419699
AELWJTHQ42AKLFLR4YKN7K3CLQWQ,B08LDXMH5F,1661887470919
AFBJU36IIKULA4RK57PPGHZOJL2A,B07G5GNLG9,1625949359377
AFBJU36IIKULA4RK57PPGHZOJL2A,B083M6Q4F3,1595715078975
AFBJU36IIKULA4RK57PPGHZOJL2A,B07DVXFP2N,1592944374126
AE5TD2KA25ZQWKUIIGT2IBNJ7AGQ,B07MFQFKGD,1557463020261
AFCSPWWCOKDLSUH4FGGZGR7QNHYA,B07R5VH7XT,1568343352517
AGJAESP5R2KQDWISBC2A7B6CKANQ,B07G584SHG,1577318101661
AEICNWX4DMOMOFJPSRQR6YYYTEZA,B0742LVLMJ,1531976230907
AHYNNHIZRAWUS4UOX4DFARP2NJGQ,B07KPFY7G5,1548620603168
AGZWGYNHSD6DUNM7HJVBNJUOSX7Q,B07F8Y6BH9,1608230350568
AGBSCESKZOPK4L3R6QINK4THAKVA,B07J2LNG43,1559133993729
AFIQEKBXBCGCE6WEH75ZJBVER6AQ,B01M7UDAVI,1564968646049
AENEW7ZLPI5J4E4ESD62K3EMMUHQ,B07G5915QC,1602870236967
AENEW7ZLPI5J4E4ESD62K3EMMUHQ,B08C1NC54P,1600457697681
AENEW7ZLPI5J4E4ESD62K3EMMUHQ,B07F8Y6BH9,1600457506423
AHSGAC2QYPOCWXVUEBK3YH3DR44Q,B07WGGH1C1,1616789043052
AGDCRRM7R6I3RFIBLGAT37IZKDFA,B091Y4S1MN,1626481085983
AGQLD7O3RA4P545HYEFLLZEASZTA,B07DVM8MM5,1587225285869
AEIASCGRWVO3D6C7S5UIZAY2JXRA,B08CKZLD81,1609268053055
AHCFBBDOXOFUXSYSULJF5DZKJPDA,B07G584SHG,1626202353920
AFIZOTJPZW2WLZTNKXCJ4G4OSLPA,B08LDV5MBB,1632922894562
AHTJZQ7T3PKUZ2CFFAP4W7QHGZHQ,B07F8Y6BH9,1576395907210
AGLVKLPYBZ5RJT6HADQ6JRIQCUDQ,B07G4ZWJB6,1608832798946
AHKQGK356DO2KHL3MXADC2HC7ZVA,B07XKF8CB3,1606006613545
AHKQGK356DO2KHL3MXADC2HC7ZVA,B0742LVLMJ,1521398915285
AFBGVKZJKFVK4J53UFQLPIS353TA,B07QD9WBGB,1569619591645
AFEBST3GNVV3VKDCUVFVRIPP6EHA,B07FQWLCT4,1548781809718
AFEBST3GNVV3VKDCUVFVRIPP6EHA,B07F8Y6BH9,1543938625253
AFNKJRHFF3RVORWSE72LDQAJBZOA,B08XQTZJ2B,1643747466283
AEF7IRJOS35EYX5TTST5CPMA2RZA,B07DX25MZK,1566260494887
AEHFWUXESQHVD2DVEG65VUTSNKKA,B07WGGH1C1,1579578330690
AFPWAGHTNEPD7DXVJ5MWFCXGXSXA,B07HQCCD29,1622205002193
AHY3ZFV35IJVVTVIZ443PW3F7H3Q,B09WDYD1QX,1663069100842
AHRGCPCIBERLOAMRLLEB4RDHLVCQ,B07QL1JRCN,1566822467916
AHT4AJC7C4SBKAARFD24VGMMV3VQ,B07RBYJN37,1588393384653
AG2LGUDOJCCBMHNHJQ2QUKTKCFFA,B08D6R4RZ7,1609122514629
AGLZKAEVIBG57X3CKJU6UEVEXLKA,B07PRXJMLZ,1600666615742
AECUOUT62OBU7MVBLPP5PP3CQQEA,B0742LVLMJ,1555499882160
AFXRFTBAM2NQXTIAI44L6DOJDRTQ,B08VD2BNVG,1652067568957
AFLTSNUT6GCXYUYWXFKJ6IJDPENA,B07R5VH7XT,1651674266257
AEUYH7SMQPHF2JKWQACFYX6FDV5A,B0742LVLMJ,1578718567014
AGFVZZKNDVJS7KF5DZWLAQ7PVB4Q,B07FQWLCT4,1538928644708
AH23LNZGIVHUDRGNE5M4IQEQUEYA,B07G584SHG,1546744057187
AFJIWZSCMG4ZUXDLYOARDED6NAVA,B01M7UD21X,1524007192574
AGYY3LKCAUAZ6JBRDV2V7NFY5YNA,B07G584SHG,1590281159883
AGLM7ZWWKVBXLFJ2TKFJ3ITLMEKQ,B0742LVLMJ,1519151846847
AERNDQNTNI262KPR64QDHAT36YKQ,B01M7UD21X,1557248589297
AGM577R6C3MM24235V7TYBJWGHRA,B0742LVLMJ,1629226811068
AFKY5SX5VDH3MQNXBHU4N7I57KAQ,B01M71IUZ7,1530377019635
AFFBMDSZI4OMY4MYLKVHPYVSYEJA,B07NVL6TJG,1569086527512
AGVHM3CZMH3CEWWYZMHOYATBOZ4Q,B0742LVLMJ,1597530347322
AHEW2C7QVDO5J2C3QFDL5Q5I32MA,B09S3V6DVP,1650854413904
AHZDPTK7IPHKZ4BH6WPEEG3MYCRA,B01M71IUZ7,1526901355117
AFVGY2WA6V52ASUYEEW7UGXD6QTQ,B07TWRWCRT,1610300728553
AGBTPX7S4AQEWR7DLVJO23E3YIYQ,B07KT17L2S,1569437912127
AHWM5TMF6V2RS6I2ZJYRKYOWMQSA,B0742LVLMJ,1549198091288
AFTL3SUJ5VEJSKF32GQPF5J3P7IQ,B07KCLWKR3,1549657375394
AG2MLSEMTX6TQAREVCZDUOYSNY4A,B08MW56SPG,1626893316014
AEATLUETQPV5IADORE7CWKOLYR2Q,B08D6WQ1Z7,1605628340417
AGJ3L57I7SJFY2TCBLKTHV4WZOEA,B01M71IUZ7,1543867141806
AEOAY6ZVXOARUGIAQDBJYSSLWHSA,B07G584SHG,1609612734095
AFFK24HT7PALGQUFPTR4RXWCHCAQ,B07G584SHG,1562149993357
AEEOIZPEZ5L33CQG2FLTNTQQWP2Q,B089NZ5LGV,1660069672098
AH2MR6Z6PZJMQUFNFQUTXPVALG3Q,B086JBCVB4,1607799896621
AFSXUGDLE6LLTFZ67CADG72BEDRQ,B096MS17VY,1642629437809
AFQBFD6PGGDW5UKKADOJGF6I6QTQ,B07G584SHG,1567310627086
AFQBFD6PGGDW5UKKADOJGF6I6QTQ,B07DVM8MM5,1567310449861
AFEWBU2X2AWEUAJBLK6ONZV2NJBA,B07R5VH7XT,1626970837962
AFI7L5LDMJZWU4J6UOCKPLTZL3RA,B0742LVLMJ,1540355823263
AFWPTZVTZWTGDW6RDYCEXNF35KBA,B07G584SHG,1567271041686
AFLUG3PAJW5LCQOXKHK2N4RSV6WQ,B07G584SHG,1596768052778
AGB2JLWFGSEQZI2DWFQ3HMSNQ3ZA,B08V6Q9F3L,1637101324242
AEJRAJTJNDAZ6U3UWXJZJH26YAQA,B07R7WVRGL,1634682196863
AFY4YTO2W4VXHGOXZGHPUYG54OQQ,B07KPHM3S3,1548374809707
AF3QYNC2TRI7TX4GAI2DCOKT5JCA,B07DVNJ5LP,1598151754935
AHRODY4TGMOQHFPINCMBEDGKDDRA,B07G4ZWJB6,1566102451989
AEZCOBO6N33AKOCAECN6W6VJMRUA,B0742LVLMJ,1528041181333
AGR3MIRNUIALZJA34O32KCF2IY3A,B07RBYJN37,1611527748524
AEKWG5X5RRJ5IQJED3DCE5K27JRA,B07MGJZ2MH,1610433275092
AGA2EBXPLOEWNKGVVVS3RQGSU6HQ,B07VGNQD8K,1649883833601
AGHLSOW6HZNOD3I4JZTCZZH2H4QQ,B0742LVLMJ,1609644576521
AHSTIVQLVQF5G22L4E6454EPMOIQ,B07G4ZWJB6,1550340598059
AEE6CZ2NFPSUPJC7KP6RBF7ZKFFA,B07FT4FMWX,1559098806302
AGLZWMLRGSQUEBI7O4RZNPYDARHA,B07NBPQL3C,1639248307464
AFFRUJWAQQCB54JEBE4OIUWYOE4Q,B0742LVLMJ,1577658491929
AGEC3FBWZNVFHELB4BUQ4M266KEQ,B08WFF8R8V,1641251847695
AGEC3FBWZNVFHELB4BUQ4M266KEQ,B07DNKDLYV,1570735347690
AHVPHWCXXNM26ODBFRFQEVK6SW3Q,B08KWJ5DXV,1639460744658
AHNBW2HHP2VIAFDZ6Y6AQDF6WCOQ,B07NVL6TJG,1604169427723
AGZ3YZW4NOYJHGRN2RJ5O7C2LN4A,B07G4ZWJB6,1601992054805
AGB6W6V7IBYR7JHXGCM7MM5ETF6A,B085W6VHP4,1605730053874
AFJHSSUBNOWLO5EU4DLZNICFSWSQ,B07NVL6TJG,1557455372097
AERCUM4MUXRXRNZMJPAIATECKBIQ,B07GC3X8V7,1544236441618
AGCU2CRFQCIVG724UWLUIWQPS5WQ,B07WFHJDB7,1609249431204
AG4JSWKMQ5YET6RIU2VA372U6GRA,B07R5VH7XT,1595872081061
AER3JFNDVIA2QKGR5CLPZTC6MWHA,B07R7WVRGL,1568145995790
AF3QM6WMSG36KVCLTJXM4UT7ZSXA,B07TBGM8WB,1643930045337
AGX6GGLJX7NBLVQFOFODXQLDXZUA,B07GNX28KS,1547491444231
AH76CCJWVJKONTQEGKDVN2SVZ4KQ,B07DNM6GBC,1549814651549
AEM3QWUK6GSI5FGNKS2JTRKBZSHA,B01M7UDAVI,1548160029759
AF77PYQKEG6O4E7ZKK5J2J3OJIVA,B08C7HCJGF,1617736053517
AHUNDGUPUE3AKAK3PSDPSQPDXFPQ,B09B2NN3DR,1654723977172
AHUNDGUPUE3AKAK3PSDPSQPDXFPQ,B07H3S5Y9V,1579122253166
AHUNDGUPUE3AKAK3PSDPSQPDXFPQ,B07QD9WBGB,1564449666566
AHUNDGUPUE3AKAK3PSDPSQPDXFPQ,B0742LVLMJ,1524540925083
AGY6SNMFKHCQJISS3QIHNAKSVPSA,B07TWRWCRT,1644668171475
AEUYEGR756JTY5MFH3PJ6XSGJ6BA,B07WGGH1C1,1573858173621
AFWLQPIQRDIQMN3DYFROB7OKO3DA,B095WFPM47,1661483407563
AHLY7AO5UYEEV5PZJUILUZTDZDBQ,B07KSZGDD1,1569852123782
AF53EMZ7U2NA3TFAFFO6R7EIY3YA,B07XZ9MXHJ,1601674585966
AHUFTBUGZBNG623YAUN3P4AE25IA,B07V5VWTMB,1641683234099
AHUFTBUGZBNG623YAUN3P4AE25IA,B07X2J2QV3,1616092830714
AGV2YXAE7ZKMS6NAOMFESOAB3REA,B07X3Y7S2W,1615968707020
AFYWHZNUFRALJQAHXOJGL7IIU4GQ,B089KVB2XC,1661696399998
AH4VP2X6RIXXIAGDXPXYAZT2JXDQ,B07F8Y6BH9,1588513931871
AH4VP2X6RIXXIAGDXPXYAZT2JXDQ,B07FQWLCT4,1587998198166
AFVYWWFSTBVBFQAOMNO5LSW3P7AQ,B07NL7BQS4,1614011973059
AGI7HXK72DTNLAM4AQWMIUN2WOYQ,B07KRGB574,1578162836479
AEFE3KLZLEVQXBKQWTLLNT6K4JMQ,B07SPDBR1J,1613598950641
AGIJAGOUH6MOKPZZ5KHOYIC2RO6A,B08PVV7G1Z,1628345598653
AHYGFAFV25XVUOTTN6A4ZXK4QYCA,B07G584SHG,1547237371985
AG2FFL4C4X7TKHYBBG6QAF4ZWZ7Q,B08DDKMTWM,1653341178512
AG3IAA7RCSCFPNDL3ZNYIPJ22SEQ,B089NZ5LGV,1598313069652
AHZLUI5L6GY52XBNJRA4PCAB4TWQ,B0742LVLMJ,1521291377505
AESSBTM3HOYKHXIC63KAZN6U7P7A,B07DVXFP2N,1556915225894
AG7J2NYBLTPXAECKMP2NTPCUJ32A,B09HS9D7G3,1673012009930
AEKRITNIJ6OXX62TDPAY4I6GDH6A,B07Y1WGP67,1592298004755
AGXH3EMEL27KCODPL3OJS5FT4UIA,B07WGGH1C1,1591462924257
AH6YNZSJ2BPD5M5KU6KJARBXV57Q,B07HFKL5DZ,1576790260985
AGRBFSKLYV5H7MME2Q4UGBGDE6DQ,B08VD2BNVG,1642282949592
AEND3AZ7Q7L4VNZSBNJR5QS25GQQ,B095WFPM47,1629034408502
AERDINYKHP4LCB3RXEIJOH6E5JHQ,B0742LVLMJ,1603822002812
AGQFIAML7RTP3DSL2A67RZRAYMQQ,B0742LVLMJ,1558576007348
AEATITS2SCPJFDLYRWKVCFJUP3BA,B0742LVLMJ,1615276810712
AGXF7G47O22QDPHXKJXYQCEKPDSQ,B07MGJZ2MH,1579007144542
AH4BZNOPG4LBYQSBJPMXTKNYTU2Q,B092587ST1,1656108750964
AE3FQOJJLSBBPAV7RFZYIWC7ELPA,B0742LVLMJ,1549416200403
AFIYNELQMXJQJW5H72FA6SGMMNKQ,B08KWK6N6H,1631634616440
AFWJQEIOSLW6O656MUIQHKYRPGZA,B084JLN563,1621188324604
AGXXYOWR5AKZNOTWBJXRYP55EPPA,B0742LVLMJ,1627790859990
AFUKXPI3QLYU267T56SP7TNKIS3Q,B08GCX3JCX,1626105707130
AEZJNPULL773WORL6HNZ4J6YSLAA,B0742LVLMJ,1595072275377
AGARV7HK3SE64JEXTG7QJL4EJTDQ,B08GS38B42,1601660419907
AE2USY5HMYYUOTCNOBREDDY3THMA,B07F8Y6BH9,1594775386421
AFJHJDXXSM3CAWPPQKCF57OL3G7A,B07G584SHG,1554509432217
AHSM5CVMIAG36VDERPNJ43ISDZRA,B09RQRTCCK,1652631959929
AG7DERRDBL6JBXQAXH5EV7TPD6EQ,B098QY92FL,1638209883320
AENYPUEU7AH37U6NIFLVZQBCKQ3A,B07S63NKNB,1569615640109
AGDFMJ46V5EHIZO5PSUOH4DFRGVQ,B0742LVLMJ,1540130300295
AGK2FRNFGEGXCDX655K6NNABE2UQ,B07DNLPCB9,1546627081520
AEBUR6XQRUJ74NCFK2ZQRDHSK72A,B07Z3WRYR1,1596750276329
AGPJERL5KAOICMH3INNRYHMLF74Q,B086JBCVB4,1606190931299
AEOTFWFWTMNBOAQXPE23NXLDR2TQ,B07RBYJN37,1568971119718
AEOTFWFWTMNBOAQXPE23NXLDR2TQ,B0742LVLMJ,1534173062075
AGS3KJD6X5ZZBI6NFBRUKXPLLFHA,B08M9X9KTN,1625943198992
AFK7G7IYG56IMIOTTFXEWCTZNWZA,B07DNLG9ZR,1561203404417
AH2YKAQSF7E7ICQFYUNPH4BAKBVA,B01M7UDAVI,1517378198321
AEWPNZKJWJUNSRGDXERCOZ37GDIQ,B0742LVLMJ,1548798090479
AHX37S4XJ4LJMRGVO4ZPPFAWIQSQ,B07DNM6GBC,1535845184347
AG5AAT6XHIMSYKZ6MP2KWTTW6LWA,B07DNML26P,1554259439846
AFG3P6JAI55ZDNZFCJ6YS2ERR3YA,B0742LVLMJ,1538597715802
AHMFLSB5MREDO4KRAYB5BRNVLJ4A,B0742LVLMJ,1570543247424
AGDZHAOVPZ7VHSRS57TDYVU7N4NA,B0742LVLMJ,1535555194001
AFDEFGU5QGE6DWW3VRJI6TRA6K4Q,B07Y1WMH7G,1604496993764
AFUFI2YOCFTJIML2WWVI5OPVQEWQ,B07F8Y6BH9,1590504273661
AGAPDTIQHCK7AFAAL2AXMIJ3CRAQ,B07NL91XW9,1628812374894
AG62YZ5O52IGMFJYCOYVPPGQ46MQ,B07G584SHG,1615948232780
AENW6HELRDRLQJPZBC3BIXOKWGLQ,B0742LVLMJ,1601937621158
AFNJFYGGG26ZHMDXFTOE74EUS35A,B07PRXJMLZ,1640819926979
AEWBT4EZHFEUUVNWX2FQ7IRHJZHQ,B0BLZTPK6Z,1675845712055
AEWBT4EZHFEUUVNWX2FQ7IRHJZHQ,B07DNM6GBC,1674376546396
AHPGBVKLEMFURQZRDS4CBQW4YE4A,B07KM6T8GV,1627594897596
AHWBDAABWNXWJFCMIIQW3VJCD3GA,B086JBCVB4,1594931398844
AHWBDAABWNXWJFCMIIQW3VJCD3GA,B07WFHJDB7,1575905026779
AE2UIZRHDK7Y23EB5UDVEN3HEUQQ,B0742LVLMJ,1564180105986
AEHDUFGQYKGKRBAUZIOFGHIIL5ZA,B07R7WVRGL,1572755932339
AE6BOPHQRBCEXHKBNWTBRER5BEUQ,B07G584SHG,1568071722222
AEWJ5WZ57XMIAK3LO5U7C7SI6DVQ,B01M7UD21X,1594507144564
AFY3JOMRUVU7GKHSJEOHCROZ7ZWQ,B084L6QXWS,1600106867309
AEHUGYLO4KTV3HDYYYUZGT2ISFOA,B07DVNJ5LP,1598806133538
AGFO6DDNAJUJVYXYXLGBPIT65C4Q,B0742LVLMJ,1575036108392
AFG27MLIAB7Z4ERBN64AEXOHRTOA,B09Y77SF92,1667964037345
AEGI23TDSX4E7TEDQLGZZS6FGLXA,B08MWNP4M5,1650492722539
AH6WEHNJKLNFUZ2PKJ3TJX56X5OA,B07SPDBR1J,1567091930722
AEWKQFIULYIEDDMDBTCEV6WDW25A,B07KM6T8GV,1624294603344
AGAXJBHVWUWXMAABIQY5ZC7Z4DAA,B085W6VHP4,1645059312710
AGQD7ETUITLXLTS7Q2JARVNTASFA,B07V5VWTMB,1618080299015
AGO2H3ZBCO7Z74UE4TSAPJZESRMQ,B0742LVLMJ,1530959824799
AE3D4BUT4XZ3H7ZUPYQCGOJURE7A,B07VGN44WK,1599766562525
AE7FDA6YSCBHAHHYMRG6KIBGPDIA,B07KPH6D57,1550945474854
AHQ5J72PDIWA56A7GFWJNY4TDCHA,B0742LVLMJ,1597106353706
AE7VO6C2YRF2UZICFFXKAP2KBFVA,B07F8Y6BH9,1608495515104
AHABPMH4W64ZVYE6HWUYPAXPQIDA,B01M7UDAVI,1502412204730
AGOYOYVQ5TXLTVDH2Z5RE2Y7K2VA,B01M7UDAVI,1523398084694
AGW4JIOKQDHI42WEI4NDNXGAW2PA,B07DNLG9ZR,1538871212418
AE6MCWBIR3UDPAOCK4UWQLSXC53Q,B09DDCNVWM,1643071193963
AHRXYVCXRVNF6UV2JAFP4YG7YKVQ,B084KPMB89,1624582189418
AGMUIG7HOXX5YZ7OAEOVOB23I65A,B0742LVLMJ,1557952716723
AEZQE57KDUHNKCDMVX4FRPARR3AA,B08GCX3JCX,1625251871812
AGMCQSQHCNRN2IW6SSGAK4RASTNA,B07F8Y6BH9,1562642770565
AFJOUVSZ7QFNEFQNEFK3HCH6YR4A,B07DNLPCB9,1618290465865
AH46EAT2S5XIK2EAYXKOHYNKDYUA,B07DVXFP2N,1621888335115
AGEZRXOW7FSD5U4G7TKDGOQ3EAUQ,B09FM116NJ,1633800053883
AFORZF44W65TVVH6FMTBNUCXM44Q,B07H3QNJ1Q,1582859927481
AFPFWUFQNZGNGSEOQNS5F4TVPQQQ,B01M7UD21X,1528077411930
AFZMM2P6CII4EKCQBGNZKUGODEPA,B07L3K8S42,1598304915429
AHCLB76K5DVSEM5QUW55XXQU375Q,B0848NZB7Z,1620275003280
AHHFIKRIKQJJCZMYIOJYYEEA4B4A,B08LDXMH5F,1635429328947
AH5HJAJPXVWMJ2SQPQ3Y4PIUEG3Q,B07QYVCWHD,1598109294025
AH5HJAJPXVWMJ2SQPQ3Y4PIUEG3Q,B01M7UD21X,1528122678508
AGQNLT3WB54BFZ4FP4BYBAIP5PKA,B08M9X9KTN,1675444282318
AH5UNGGJHTZ6CYGY57KEKFRAU44A,B0742LVLMJ,1516843130723
AHF7EMJUXM4HUYUOB3IX5TVXIWAA,B07THJZVK1,1579107882326
AHOZ5DTFLHOL6IL5ZVMWZVPN23JA,B07DNM6GBC,1534822562429
AFJWKEECIB5SIK3TIRFUAL5KLF3A,B01M7UD21X,1528254224740
AHNJEWZN6EFLS2XBHFRIGEV63CMA,B07DNMN7X6,1539715220361
AGOBKHWDYRAZMH4WDU4NQKVW2GAQ,B01M7UD21X,1518965737321
AERG3GRGEBDIZR76XQSCSMNPQV6Q,B07HQCCD29,1544779637728
AHUYM2UENW7QZGIIXIGDOSNSHXUQ,B01M71IUZ7,1512776292697
AEMF5UMRCEBQ6IQCEMROGSAIV4XA,B07DNM6GBC,1535818252100
AENR5DQ5KUDNO7YHQAGTCAFXMC5A,B01M7UDAVI,1581234919485
AFLACRP7DMSW5VDJAXXVUVRET2OA,B07H3S5Y9V,1554914679320
AF5EUEQNQKBIN6G3UDRJIC4LPJ3Q,B08CPBF7B6,1611887635163
AHDNDUBDXWCO6NMHXQBDOXCTEJYQ,B07G584SHG,1611775339033
AGPP2YATCPTEPKDWEEYRJGWQFQJA,B07MGJZ2MH,1594969194308
AGOLWTIFDLLSIRHI3I2H2UF4HAAQ,B08D9SNKK1,1619036745178
AFKCUNXWA344V3CXY7ZI6BOHHKRA,B07F8Y6BH9,1570233191157
AHQLYETE54ZCD2AMEBEZN2N5IF4Q,B095WFPM47,1644540157927
AFZ2GCJSLLCHJ422NSYUXQUKSQIQ,B07KM6T8GV,1588617115699
AFEYHQ4INHNYVLIVLFXI26CT22PA,B07VGN44WK,1574204777599
AELE6LXD5T3XTGHNBKJZEWFAPQTA,B01M7UDAVI,1501212727366
AFGR3KBRNVVKO7N5DI3MUFS5EOHQ,B09Y72P3QD,1654082615671
AEGBSJ5RBJT3NF34L3M5M5O5MRYQ,B07H3S5Y9V,1596168525868
AHCLEYFIUNDF44644EGKA3BRG2GQ,B01M7UD21X,1508811228240
AF7HHUFRLFQS35WVVNTDBYRZVVWA,B07MGJZ2MH,1565884146890
AHXAWBOFVNHL4Z5KFNU5CO3C6IFQ,B07GNWX112,1573099944594
AF5VSGBUSAKFSQYGCV5SSEXQT55A,B01M71IUZ7,1502852248131
AHKFORZ5VN6JFQWHUXNXDT6WRKEA,B07NL8P5Q6,1590040620292
AF6FFX3I7X7KHY7ZPUBJSNXSBJ5Q,B087YPRGKB,1625874434624
AHKKKNPF4WHRIDRD2I4E3YUMBCJQ,B07G584SHG,1617618647414
AGXLKWJMC2642PIYRAHTY4N23VHQ,B086JBCVB4,1601983982638
AGFCLA3IF4IJDNDR2WYFJ5IXJFPQ,B07G584SHG,1565950588444
AEHH4OFFHFY3CNOJFW6KUUPT2AJA,B08N6WFYN9,1608577667062
AEHH4OFFHFY3CNOJFW6KUUPT2AJA,B07DNML26P,1607711968399
AGVVNNBW72L3UCF4UDJSFQCQY4CQ,B091Y2L7NF,1631056071225
AFGPOBSS37ZK2Q3XN26HDQWLS6FQ,B07QL1JRCN,1620074646376
AFZEWWGP3TM2MRIDKIVZBQELW67Q,B0742LVLMJ,1622094409553
AFKCDMB4EL7B5S6PJAQ7ZDAZQRDQ,B07WFHJDB7,1661804364671
AFKCDMB4EL7B5S6PJAQ7ZDAZQRDQ,B07WFHJDB7,1661804364671
AFNY4XVZP6ALT7PWGVQXAMB5DLNQ,B07FT4FMWX,1537957080732
AH7YB5M2B6IECP53HVZXEOT7YTTQ,B07H3S5Y9V,1595443133549
AEVQU6LDRFWCFW56IDGVU2UDRH5Q,B07DX3D8W3,1541695244902
AHLGZZQUYLJXGG57KWQAVTE3ZB7A,B07X13T5H1,1583322381807
AFPVLY2X2KGMTKHB7WTBF27OXJIA,B07M5H99Q6,1576869484340
AGJ7LKVTDAFN5WYCQYYR7ASAXHBQ,B07DNML26P,1545169737861
AH745DW53LDRWOQFGKJJGCHLJAWQ,B07DNLG9ZR,1544103814424
AEVPYNWJCSU642PUMTAPPUZG53EA,B07T315X4F,1606350571452
AH2W6VDM6Q3OMD6NZURQAHHOM5KA,B07S63NKNB,1570685814609
AHVE2HJNY6FM2MCPR2W4PDTYIS4A,B08D6X2RD4,1604481234638
AGSYLZVR5XAFVX24YQ6OF4WGXP5A,B07G584SHG,1593662777453
AFU3WTZ5332BODFUD6VY4OL4MNQQ,B07G584SHG,1566271113880
AHKA4QRV4NAPZWTA5R6C4O4BQ6MA,B07R7WVRGL,1639256665305
AHJFVD5LJLSRP2YP52Y6UZUYOGFA,B07SPDBR1J,1605493039180
AHJFVD5LJLSRP2YP52Y6UZUYOGFA,B086JBCVB4,1605492988448
AG4F2KV5OZT3N4C64HQ6N7JZPVPQ,B07MGJZ2MH,1622307233319
AGCEWBPRIMJRQNOIHSSD2TVFQLMA,B08DDKTDSF,1609099310049
AFIZ6Z2FVQQY5WYUMZHFA3OD75JA,B07DNKDLYV,1534893538803
AGFWXNWGTIQW7XWW2IZUMT6P2G5Q,B08R7S7C7H,1666365633779
AFIBQ7LV7ALYN2N6DSJANHJRH6OA,B07R5VH7XT,1645487117587
AE442NROSZZA2OLGGL5EMZNDGJXQ,B07G584SHG,1666135317307
AG3MIHDWHYQYE3NGJ4MXMPVKPT2Q,B07KTB8PHS,1578272205908
AHNPLK2XCNJZJ5UO6IB5ZA4SYJJA,B0742LVLMJ,1528820366403
AHAVST4J57MFYAH3LU5YZFOZTPBQ,B01M7UD21X,1486353523000
AE44MCYFAB6O7YFHO23SZ4OXYAIQ,B01M7UD21X,1487019621000
AFRF6TKWE6SDHVDWYCE5TAUMVJSQ,B07FSYKGSH,1560024284099
AGZWYJ7UMJBS5L7QPU2FLBFTOFFQ,B01M7UD21X,1552319967703
AF35FG6GFFXS2LYHJ5E65KU6OVEQ,B01M7UD21X,1513554424081
AFLQXMHDWTQXDQJCW4H5MOQDGGIA,B01M7UD21X,1531494548619
AGBGC4F4DCAZDNM2EVUNUFMTPNIA,B01M7UD21X,1570937237891
AHXRNXFXFPGXO2RNSPS3SP5TTPJQ,B01M7UD21X,1522361061915
AGJD3QGUXEUIEJLL4MX6YCEDOXRA,B01M7UD21X,1574135227638
AGJD3QGUXEUIEJLL4MX6YCEDOXRA,B07STGWT1P,1574134879462
AHA7LAYT3HRE2JXDXLYAZFNCCLVA,B01M7UDAVI,1547007788327
AH53T7PC6XTCICKMMLLILMEKR52Q,B01M7UD21X,1531860625503
AFSO55DP3A7MY3HTPU7ZYIN5YEOQ,B097F3PVMC,1678040554806
AFYAEFCL6EMG6JOQENB6TGMCFKFQ,B01M7UD21X,1527368058885
AFZPEN2W7BUNMCWIX55WI5BUWHXA,B01M7UD21X,1493924864000
AGNLIJFZZPCIHY46LRMIFMLH44LQ,B01M7UD21X,1562133371827
AFWRWPN3JZFGFZQLG6XDXLVYM4WA,B01M7UD21X,1529963265393
AF6LK3BPY2A526ARAW636QYF254Q,B01M7UD21X,1563199123168
AHPXAWF4JTENMIJNZOD2X5GEQZKA,B01M7UD21X,1503091232284
AHKJ5LSAVVNAK6XGM3HOZC67VB4A,B01M7UD21X,1614384606919
AGMA7OJEAHHB2AOIGRMWAVX7ZTZA,B01M7UD21X,1576057569672
AEJCXMPW2SLJV2XBBJNB52JMUYEQ,B01M7UD21X,1560213159976
AGVS6X7P5V4NRABR3UWPBJMDQKQA,B01M7UD21X,1545151822966
AE6NDK7KI4HMAO7FN7BBYOFY7VJQ,B01M7UD21X,1558805592099
AH2TYLQSJE4VTN3TG4UZ75JWSWIQ,B01M7UD21X,1502486642505
AEGHMSPRWGEKDOKTT3AT3QRQUFSA,B01M7UD21X,1491094197000
AEAOM2ZQCR6UZH67O57UCAA4APCQ,B07VGNQD8K,1608303449797
AEFTBUBJLMHKTLPDJDMBXEPCX7YQ,B01M7UD21X,1500948826211
AE52TMKN6TDQLNAFG5WOGKMPGJ5A,B01M7UD21X,1574015818830
AEFSLYAVANYHQF6LJ32D55ZKVCTA,B01M7UD21X,1568824568888
AF724ZISNQKXVILNLMWSKQXBGODQ,B01M7UD21X,1564229888251
AFI7LAVVH3SNN5MLIM5MEGOLGK5A,B01M7UD21X,1501175652505
AFOFQMJ5NUH7JRKXV43USLOTYDPA,B01M71IUZ7,1500493985548
AHOYK7MRZ73V6HHKTFR7P4GUFHBA,B01M71IUZ7,1572563599355
AHPIQUWDT72VRFY7CA7MRRAPD6EQ,B01M7UD21X,1520468604201
AFZCCCJXWGXSV42ZY6J6FBW26O7Q,B01M7UDAVI,1535055310810
AFDFHTDDHTJ3CFBXDUUUBEGI2ZEQ,B01M7UD21X,1575167705949
AE5WTILA4L7H4LAJWLEVKCB47ZEA,B01M7UD21X,1526131385736
AHHLGRTTZB6GY57KZDO4KUYLH2GQ,B01M7UD21X,1508254570171
AGKR27IAR2ZKUKFFOYI2ULQRYNOQ,B01M7UD21X,1572210018607
AEPYKFACB7MHSP2G7MXYCAHCYTUA,B01M7UD21X,1531345664631
AHIMH2EHF46XSYHN55CD6SM2VQHA,B0742LVLMJ,1576206265686
AFF4KQKXF5DYX33UZKGDKNHLQLCQ,B09BJYHTSW,1651249581972
AETRGREMLP7FUXZCQJTIFVS3Q5HA,B07S5C7LR4,1565449814423
AGCGUWEPGPDF7PMAZWOA3BLQ2KVA,B08R5XBH6M,1617633400648
AGX2OW5TEY4YIB7U6CWGI5LFOW5Q,B08C7HCJGF,1613164091218
AHUPHWLCMFKX4M3WRW4CI7P34MYA,B07G584SHG,1543166479233
AGXWUYUXWCIC7QZVP6PRKUXEJBEQ,B08JZ67C2C,1615157485050
AHPH4BI7QFFOXQVR3IZ2ITDE4IRQ,B07F8Y6BH9,1557583974200
AFDDNUL7OYZFXGLPFXVNUNYVVTMA,B07V5VWTMB,1673920239465
AGSEPX7USP4P3RRGNNM537XQEWJA,B07R7WVRGL,1589068834286
AGSEPX7USP4P3RRGNNM537XQEWJA,B07KSDPDM6,1571677060193
AE6NSBTXDPYMQHGMWYGKKIPHPNLA,B07TBGM8WB,1603700313466
AFUSF2NBN43UGNIBQCRJG47W6HPA,B07V5VWTMB,1637594829520
AEYPZ2WZNVAVXJYZRXLLLNY7PSWQ,B07DNLPCB9,1539489421985
AFMI2LEOUHFTFZQNU5UJQKL5V3MA,B07KSZGDD1,1567181567644
AFWYTFTHVUTA63IZ33YUS56KLAVA,B09LWP8KL1,1661033663192
AGSPA7KCGS3MD2FWHRWMNCT5TDMA,B07DNKDLYV,1551914429672
AHHQ7K3NBQVMHLXDMSVAH76LQ7DQ,B07DNLPCB9,1597006104783
AF7WEY4QLSI7KZIBK4SXIFQBO4NQ,B07SDGBPGK,1574628489820
AEIVMNKNIJBJCPR47GL2ZSPALW3Q,B08H88C2JB,1654138613473
AGXIRGEKGXPSXCK4LWXW5UAOYD4Q,B086JBCVB4,1628619856812
AGX5RYLHQZVZ6RJSONRG4HKMX3HQ,B095WFPM47,1661544455253
AE3HWLCIG6PFCL7WOGSEXCMWCKKQ,B08MV79RGB,1625945188254
AGNZFJDVAOCJD2PU7GZQKLIJ733Q,B07X5SVBJW,1677547393390
AENZ6DOLYDQDDN5PZ7DODVY3UR2Q,B08BQ95TR2,1606925265311
AGOUW2QCUM23PTMLMZWX7HY6IGXQ,B07R7WVRGL,1607024625416
AEWEATFEGF6CGELQELY7MATFDLEQ,B095WFPM47,1630447707676
AGMM5BZW3T36776GX64M7WTUM6WA,B07G4ZWJB6,1601949693656
AF4LOZZCU4ED2AE5A6UXSQF5XXUQ,B08DDKMTWM,1622650151472
AG33A6SLXLQHWIR4D3FHIGTEUAGQ,B07X5SVBJW,1609102645304
AGZ56YDANU3LLUEHCIGBGUEX3FFQ,B07DNJ6N8K,1540512403904
AGO5M5UXRD37SJAJI65QMXWN3SWA,B07KPH6D57,1560212358528
AFYD2KXZNH4PQLJDNJACN2QA64YQ,B084ZT9NDT,1654178336729
AEHIPLGIBIMJDXUIFJX5XGGCMZDA,B07QL1JRCN,1616391785554
AEFQXNRYWVLWTEKOQVBWLTFG3JGA,B01M71IUZ7,1512622258015
AGHUP66KU2YHV22HOKXBZUVPWJXQ,B081K8LL98,1579925582535
AF465IUUIMK4FYCLNF7FPNCDOV2Q,B08LDQGYYR,1606339754857
AFIKDUWYTVDGBVEW6E4MSUU3IVRQ,B0742LVLMJ,1605741295202
AEKMU26EPMDCFIBUTTNIOVNVCRPQ,B0933DPMJQ,1646696595679
AH34QUEOEBCS6ZKB5JOERRHSX2OQ,B0742LVLMJ,1536970585251
AFBPASFODM2LFBM2OECIDNCNAJXA,B08R5XBH6M,1634734084933
AGVZIMLZF6IPL4QDV357EQ62KGTA,B08W59XCLW,1623407082792
AG22ZQG3SRG4CHD4P5GSGGD3VR5A,B07STGWT1P,1596565121162
AFUF2AYCTJPOTP7HM2N3EEQZNW6A,B09BJYHTSW,1651097870679
AFBAIEGZM5WGG33EKIHALA5RGTBQ,B08N6W22SR,1623294153536
AEYKXWGHBM23UYBERXDUGQCBMRWQ,B08DDJDM99,1645661484328
AEY7L5DNRXVYYR7OXCS22SP5HVZQ,B07DNLPCB9,1534428706619
AH7IEURDN6OEAZPXUAQN6CRJHWRA,B07DNJ6N8K,1544066996585
AG5CFOR4XIQZXZHADBHECAYUA3QQ,B07G584SHG,1649127658418
AEJRIB3DXUMZ4LIOIOR363VEKNOA,B07X5SVBJW,1616365601571
AHSPLDN264PHL5KHVKC4TLDC7KSQ,B07SDGKP88,1612369727109
AE7A4Z76HWZXC3X3ICT5WMPCFRVA,B0742LVLMJ,1534958656327
AFWWXCH3JJ4F5Y77IJLC4W4ESY4Q,B07F8Y6BH9,1546096340069
AFOLLFOZ3JAKBQOKFDLA3XIIFVTA,B07DNJ6N8K,1535688501112
AHSYOKXGFWOAW7JQP7PIDM5VXBUA,B08F7XZHC7,1628613727461
AGR4I6T72E6QOEPQFCXWKWWRGOFQ,B07STGWT1P,1638645817783
AHSCPDDVCU2Y42AFAVK66LJQLLEQ,B07DNM6GBC,1579666484131
AGISZG6RPTL7OPNOHVE6VWS3FHIQ,B07R7WVRGL,1625347122042
AEULWKGOB6INYVPZK6PNPFDO4VUQ,B07HFL1GS3,1612711865200
AGSFTLEHNFWHDJOM3ZVDNUPQZCHQ,B07XGNHYC2,1616631134387
AHGM2UOEIXMVPKXOCMOZ5YFRVGDQ,B07XKF8CB3,1635865637029
AGFHS6QLLW6PT3RRBW5R2JUAQEFQ,B09Y7GM4F5,1652133856174
AGFHS6QLLW6PT3RRBW5R2JUAQEFQ,B09DD9F3KH,1646343931989
AGECXIXRTNRNA6GW6DQAC2MTA7KQ,B07G584SHG,1541571974540
AG2GSG4I2XMX62LCUC6PDXVGZB5Q,B07X9R1GT3,1602004119374
AGXS7RGGET4BK6R42SO2D4LWCHRQ,B086JBB4HD,1617636407728
AHE4WRZZEQU6CLII4TEVLAXUQ3IQ,B07TWRWCRT,1605195147560
AGXOUBPHCLPOURONDLVDBXGVCUYA,B07T5JT9D4,1593481087913
AFXIXC26MFZB4XTMDDGTPDXMPKDA,B01M71IUZ7,1521651342979
AFCIFMK2P3I3FGENKQEXDCPUXQXQ,B07DNLG9ZR,1554738825443
AGM5PDGCERBJAAEXDBWKWB6YDCLQ,B08F7XZHC7,1618519416550
AGM5PDGCERBJAAEXDBWKWB6YDCLQ,B07XGNHYC2,1618519177721
AFPZFNBU4OJZ47OQ6ITQ7NTGIPDA,B07F8Y6BH9,1554915313146
AHVJWQQGKNVXRQWOSQTZP2KDMZZA,B08GKMF8BW,1625678116216
AFQMBEJO5FTZJFQIAKBT5YL5BYVA,B07R99144F,1615700666326
AFVNGGPXUT3Z2HDSU2OCFFAI55OA,B07G4ZWJB6,1565728943584
AFZ6ZE5AANQWQZSV2N2QSHQ5BJYA,B07VGNQD8K,1598731531813
AHWDDZEJMB5JCRCCE3VN3LMO25HQ,B07G584SHG,1557372105715
AGXIB7U4JI3WVDJH7K4PQXMQRXGA,B07GNX34XV,1542479121445
AFGMU5H3LANOLHOFK63BJOJOSKCA,B07NL8SM91,1589043433849
AHTLFXSQGXDQ5BNHAQ3JCBV6MSSA,B01M7UD21X,1497914897260
AEZU7GXPJLHORNHHRVBZE2UZGEJQ,B07NL91XW9,1610044830569
AFQ7AOT3ENDOMXEO37G3KZLJUEAA,B07G5915QC,1629050813144
AHT37B54KP36GTWWLNJOPPOLTCBQ,B09DTB44BY,1645899554030
AEEO3XLKH2H6AZ7JMILIVKJQ6QVA,B01M7UDAVI,1486072715000
AEO75T6ZBFC6YA3EGO3KRR4IEWBQ,B07DNLG9ZR,1538317083072
AGWXYEFKHDNTSFME2AEWSP4LWIRA,B07G4ZWJB6,1567023167551
AG5RCYMF3PJPMGURK2TJAOZGDSMQ,B087YPRGKB,1597952637463
AGVEH6OMTX5OUR3FDDBU2DVV7H4Q,B0BKLJF8PC,1678087030599
AHUDDLAEFYMHRJQ3A3B6RTWAHLMA,B097F3PVMC,1648230884474
AHOQFLSQIY2T5XZCIDBRTV63ZO6A,B0742LVLMJ,1538744079068
AGC52XVTVZBJ57QBRRK4WPZ77V4A,B084KPMB89,1642536876265
AGC52XVTVZBJ57QBRRK4WPZ77V4A,B084KPMB89,1642536876265
AGPMPQU4D2B5VNPWYTR623DMX4UA,B085Z2WM76,1595643594353
AFKWVSLUUUWYIIUHUY2GAQ7UOSGQ,B0742LVLMJ,1598424422675
AEO6PFU4DFGONY632CA5ADBXYA7A,B09BD9N1ZW,1634485005480
AE66X2RSCGDO7O2WQ6QQJLRGF4GQ,B0742LVLMJ,1591994642954
AGJEVZDD2SWQJKAGN2RY5FBSYPTQ,B07F8Y6BH9,1581097940208
AGYRXAAZU4QXGH5E3TM5FBJZD6KQ,B0742LVLMJ,1550009132190
AHBV342MXL367AGLORINR3JKL7RA,B08MWPG77B,1623106330582
AGIK72YADXXSRHVDH6DD3NOTDBSQ,B07NVL6TJG,1590962397246
AFGUP4STW67LR4ZWTUSX3QTM3TXQ,B07RBYJN37,1609176503382
AGCWW4WP4PSV3SHBK6JSTJVFNNYA,B0742LVLMJ,1605202248905
AFAGSETDDT2Q2KAPDPXVAIP56YAQ,B07G584SHG,1587737635077
AF7MDFLRLSNBM3YOQ7QE6WDEKBIA,B088YCHN19,1612852949798
AHGXOKK7ORJIUEPCGNPFOTLTPWSQ,B07KJLV75L,1610391815680
AFFD734YX7YGUTXKA4Q4JCRYOX7A,B07VGNQD8K,1592192928416
AGTV2JIM35G5CSRCSEQI73Y7KVIA,B07Y1VQXJC,1622833881657
AFZSXVYGCQR54ACX7MIWW32HWVVQ,B07R7WVRGL,1566841378119
AFZSXVYGCQR54ACX7MIWW32HWVVQ,B07HQJPGL2,1563382309030
AG2MAZKG62GH3XMBHS2LJWOZCKEQ,B0742LVLMJ,1545884415472
AFHOABE4OTNTJ2J7OJ36T2JQ5HUA,B01M71IUZ7,1535852721370
AFV2OYDBN5XCN556XQK6ND42L2SQ,B09LWFPZPR,1659330357831
AH6PIX3ZCA3CH7JWLK3W7A2X3PZA,B086K2RRJ4,1608748023184
AFQXTB33L3EYJWUL43FO2Z4KSUXA,B084KNDTWP,1607469762745
AFUGVE5BHCRJ7J7WH5ZMRRGN3J4A,B0742LVLMJ,1581445187224
AGZ4MR3RRMQSEWR7QOG3QRS76ZHA,B07NVL6TJG,1587673547824
AFXJNNSUA2ECTYPAINYEU57QHSWQ,B01M7UDAVI,1546108319792
AHJNRTE4MNS3SBWQMH23DQNZOKBQ,B084ZT9NDT,1650147732713
AHH3PMWAFM6GH7HREDYGBJWR4F5A,B07F8Y6BH9,1569279002064
AHBKSXPFMFI36EQU7HWGPNZQJWUA,B07KJLV75L,1657944547048
AG726NW4KFJFPOLZHIA74PB6RQLA,B07NL8SM91,1625859732856
AGIK6N52B7WMYZWM5GLJIRUPOYMQ,B07G584SHG,1578263520458
AGIK6N52B7WMYZWM5GLJIRUPOYMQ,B07KPH6D57,1550603388894
AF5YPUMEHS6D5NIEA5DRDO4VRVYQ,B07DVM8MM5,1558114120368
AGDPNQ3WWO4IEYMRTBURIWHYTA4A,B07KT17L2S,1628219021497
AG2NAAXGM6T62UNOEOBHK2XWF3FA,B07GC48H1H,1594936079406
AFHOAYLOARPHNQE22ESNAADH5GJA,B07WGGH1C1,1571775368390
AHP3OCRUU5SP2VBPFWHRIMST2VNQ,B084KPMB89,1611253823541
AHESZLHVXX4F3TTR2AE5DCTEDY5Q,B07KG71FKH,1629109942648
AFVLJCIOCNC7ATF6JXT57G77INFQ,B07KPG7RFQ,1621044446744
AEVS47IKC5ZTAZB3CNRMYMBU24MA,B0742LVLMJ,1548120025974
AEWKAK25NVR66VZRXMICPQAKZY4Q,B07G584SHG,1566755812336
AHWIXPD5I22CFCCP7XGEMP4IIHCA,B07X3Y7S2W,1571793717323
AGQSS4Q52WSGZCB3UP47QMCU5CXQ,B07R718LML,1557328773078
AECRZP62H6NDN5XGII37WSJAGN5Q,B07RBYJN37,1581275682392
AE7IENUCEWZBN4ABJCSCMEXCGIKQ,B07SDGBPGK,1647480112515
AHYS2AOTINSXWJ57F5Q4DQ626K4Q,B07G584SHG,1545013659147
AG5K7EIRWIVBUDFZ4REUXYMUPBIA,B0742LVLMJ,1622414771998
AE4MSUOY7PQKOLURZP2ODRJB5CDA,B07NVL6TJG,1557521688223
AHCUZ5AQV6USHA3YENXOHOQTYDSQ,B08M9X9KTN,1649974851808
AFEIG2LPSOSIOFZNRUOEGYF7G4TQ,B07G584SHG,1577533177855
AHJXWUXPVGW4PBWRXMHMDCXVJGWA,B09FSV7MBC,1677966417319
AGUOTC4GFUSVKQAQ5A6K2A5S5QJQ,B086JCDHQW,1612549299671
AHHIXHVRRTG3DGV36QM5ZAEFVZZA,B088YB3PRB,1595375035350
AEYQA67CRCU65XNQILQ5WTO6CCLA,B07F8Y6BH9,1545417857992
AEUH4LBZ3ES3EJLH2MJIE3SZER4Q,B095WFPM47,1635294190648
AGMSK3GVA547NBOEL4OSGAS5A3MQ,B086JBCVB4,1597274731835
AHGMD4VOGGXZ2UQYCWBWNCRNYQKQ,B08H5MHM3N,1620304622430
AHGMD4VOGGXZ2UQYCWBWNCRNYQKQ,B0742LVLMJ,1608655308956
AHLDZCALKCHQ55Y4TZF62AUS5VRA,B08M9X9KTN,1628726411702
AFD3N66RITYYOC3DGEOWGQBH4M6Q,B07NVL6TJG,1582581230169
AG5XXA567MO3D3FUGZ6TMZ3FD76Q,B07G4ZWJB6,1624024980867
AGZ3HRP7BR63LMAD4YH3OGZEQLKA,B07G4ZWJB6,1665203633196
AE64VB45MIEWUXEJCHONPSRQC6GQ,B07G4ZWJB6,1617830848864
AHWD2CYCY7XWCVFTNFRTGAQ4H22A,B0742LVLMJ,1538879858913
AGJDGV2TRF5CA3QTQKSOTCDMUSXA,B07DNJ6N8K,1632552365060
AEUUCO5PTKZFBBP727R7LJUERUXQ,B07GNX2VPX,1567041667333
AF7WE4I3DLZPXS3C2PH5SNIQ76ZA,B07DX2M8S6,1545850042839
AH2CMM2GUQC3NHLS7BNOAADKSL3A,B0B4WRS1XT,1659725588150
AHEYMOEQB64XSHG2D5LFOGEVX3NA,B07DNLPCB9,1544518095485
AFXWYTR5WYAONPFIIM2PATXNGBIA,B0742LVLMJ,1595023684387
AHCP6TSH5UEMBILUOJIQFYQG67AQ,B07KSZGDD1,1599157982926
AHCSCXAIGDJPTOTHRVIVX5BFFPEQ,B07NVL6TJG,1592100718487
AGEXHBEXRSSHX7LKREZ4VJO662PQ,B07X5SVBJW,1594528584571
AHPGL2LTQ3KXYYP65C4J7CDW57OA,B08SMCV47C,1659964854101
AELQ3H4FYKW2TSRRAEEOPFX6JXTQ,B07WGGH1C1,1648691083251
AF4WXTL77NVYRUPWQHWFHI2VOIMQ,B07XGNHYC2,1607324940866
AEVY2TNMYPWAAQM3R2DB3HK5XJJQ,B0742LVLMJ,1597961490615
AHSIEFRO2KGTBTDURFU3VXCYIYKQ,B0742LVLMJ,1598612788745
AER2ZEBXZX6ZOGWY75JJ3NKLY6ZQ,B0848BN9PJ,1619726236688
AHY5KOCMRCPI3JJ2VBCMAYXXTL4A,B07RBYJN37,1608087885561
AFODUUH5I5ZQHSHIV3HRLF6K2XBQ,B0742LVLMJ,1535890442369
AE5WAEVUEPEP3M33RUZOU6LOMIPQ,B07Y3XJ5WN,1661415074233
AE5WAEVUEPEP3M33RUZOU6LOMIPQ,B07SDGKP88,1625856578163
AE4LTDFN6VGGEUMBO6KQOBJK4L6A,B0742LVLMJ,1633616587144
AFM6GBNCIMGBCMLEWIEZVBSZGVVA,B07VGNQD8K,1613173630813
AHLZW25POVH54DVEG7ROGUJCLX3A,B07G584SHG,1545944175570
AGYLFPD5IZGC37DNQ3JCEWF5QLTQ,B0742LVLMJ,1578511855113
AELEJFOZRKN2P2GMFOE4ZZXPNCIA,B07G4ZWJB6,1608997114195
AG6DK7P4F6AGE6KTRMUHUMCNVCPQ,B07VGNQD8K,1575991455650
AHCYPMRAKLTEZRINF2BSHWRAVF7A,B07G584SHG,1664895877080
AHDZYJSWJITJPUFCZZBTUAPWNDSQ,B07R5VH7XT,1614718075124
AGRCWRIYJ3FBCR3EN3CGLZBCALIA,B07DNM6GBC,1618598034589
AE7TPHRGVYTZVN5NPR3HFBFJMUFA,B07G584SHG,1594399068366
AE3ACNH7BJMQYUJ4BFHA3KBVIQAQ,B07DVM8MM5,1587684499737
AH73G7N33WDL27UVJGXSSAZCQXXQ,B0848MQSMP,1653964958926
AH73G7N33WDL27UVJGXSSAZCQXXQ,B0848HYLW9,1648578421929
AECDGU7TTVURWPCYZCLC4NK26H6A,B088XY56CH,1638132943743
AGN2GBB47PVRNOJ5JG4BPMFIRVIQ,B0742LVLMJ,1552360518761
AEBV5GQYZ2BVKCTQD4WBGNIA4EAQ,B07G584SHG,1579487026825
AGZYJEUIQVRPDXXNWAANJYLO4TJQ,B0742LVLMJ,1592531277065
AGZYJEUIQVRPDXXNWAANJYLO4TJQ,B07QXSYDGF,1579723512284
AHYADR73RAIRTHJCNIESX45GIM5A,B0742LVLMJ,1592531821030
AFU656B6GYW74IOLG2YO2CPCPKZQ,B094VPNPCW,1627442565419
AFU656B6GYW74IOLG2YO2CPCPKZQ,B08GDKDMDT,1627442400016
AFU656B6GYW74IOLG2YO2CPCPKZQ,B08DDHZCZQ,1622226637351
AEMJZ6BQURWREGSWX3SNANWC7UJQ,B07HQCCD29,1659286766236
AEMJZ6BQURWREGSWX3SNANWC7UJQ,B087YPRGKB,1655488790648
AFKCWZWEFJLTEN7D3OJZQ7IAQJGA,B08KS7865F,1644698419065
AGZFV4HXH2QUXZTWGBGTJ5G5OBPQ,B07KSDPDM6,1623893479594
AHLJGG6KENIDR3HKTGEJPHSTHI3Q,B07VGNQD8K,1615649906511
AGKLDMF653V4JF4T7DU6VGJLPNRQ,B08R5GVY3W,1613530296800
AHVOI7FKST653GXKLO4BAQD3ZL4Q,B07KM6T8GV,1557094589292
AHIHEEYJRUEXM7XDS4ERKGY7SR5A,B0742LVLMJ,1550717029177
AFSCWXHVNXHZPRTFQ5HEEYBWL2XQ,B07DNMN7X6,1539681138832
AF7C4PCTNP2H3TR3B2RS6Y32LVMA,B07H3QNJ1Q,1542776579397
AED5CSEMKKUQSZVJRAQBHDL2D5CQ,B07G584SHG,1556197590033
AE6YSYK3MIDTGTCRAGELF4SGYYWA,B07DVM8MM5,1578392526982
AH7DRDIR6JHEPIIPGV63IAWRSVZQ,B07G584SHG,1566792089631
AH4A6F6ONATPVETCE4J5NJ2XWXUA,B07G584SHG,1580280954855
AHWEMLZ3HH5KMTYE227LQ5R6FXAQ,B0742LVLMJ,1561303506286
AHWEMLZ3HH5KMTYE227LQ5R6FXAQ,B0742LVLMJ,1561303506286
AHJO24NAIC2U7YKQNI5MEXYQX34A,B07DNLPCB9,1542138736890
AFLGUFFSRCG4RZRXRZOE4CCXB4WA,B07NBPQL3C,1562002534452
AHEQRNDXC4YA3UD6E2CUR6M3BECA,B07G4ZWJB6,1566863740427
AEPS3SCOQMRTUM45VSWTCIDTQ6GA,B086JBCVB4,1633050598635
AGXSWCMG2ELBF2XMWPGAW754AZSQ,B0742LVLMJ,1535581105931
AEFMIFF4SU457VUIEUQFJCWGYNDQ,B08GMY7F9H,1614023666146
AEXNZLNHO54NCSMNBSAEXPGGKXBA,B07VGNQD8K,1625697935380
AF3AR4IKUSTGYEMNBIIPIK7IWQMQ,B08H5MHM3N,1636504962880
AGXWSBHW36U6M7DAPARABAGU6X4A,B07HFKL5DZ,1616015021027
AF6EZPIVKSOLV23VZLAE4JERLYDA,B07KTB8PHS,1589052393378
AEBLOB4KZJSGZ5JOFZWE65I7EJFA,B07L3K8S42,1566414856200
AE42MRI6CZIMU6DLUCLUVZC7QXOA,B07G584SHG,1613692280999
AGN3JUS5VQK3OV3GCJ3Q6FGG4YHQ,B07QD9WBGB,1574446917890
AF3CEQEFC4VWHZMQGMEWKNNVSPIA,B07V5VWTMB,1580696271744
AFXZRKUF2WRXD5ZRSFZIYYIDYBTA,B0742LVLMJ,1532040332056
AE4QU2FXFIE3H4FQM4VH4N4E3MGQ,B07NBPQL3C,1607744677522
AEU54BLTRURL7IWA5ELDAE2SPTLA,B08CZZ54C1,1598540656037
AGVXZYFPCDXAUQP6OE4G4UX5Y3EQ,B0848JP197,1597162815912
AESAQQBHLITPH4ECAT7JYVZCQ2FA,B08LDV5MBB,1642725613062
AEQUAZUYAC7I2UZLIPRYHCYIONZA,B0742LVLMJ,1519827299059
AHVZPIZGZDR62YSIESZPAIMGHSAQ,B07VXY755K,1594045504655
AHMOOO5YQE5J3SFYEXXOMNHPPK3A,B07NVL6TJG,1574049545711
AHOB2V7JFWWHCTQUK7WFRLIUKXYA,B07F8Y6BH9,1622929864300
AEKF4NAZNADHGTFUU7CD6F4CDZYA,B08DDJ5LYG,1609097259234
AE22X3BPYSQ7TSSIPRZY6TOHIAUA,B0742LVLMJ,1530424755912
AGUH2ZJ6CIQDKGUFSVWL52OMWQ7Q,B0B3XYY29S,1660046260161
AGUH2ZJ6CIQDKGUFSVWL52OMWQ7Q,B09NQ9P6ZL,1654890307419
AGLI3HG4CVDYNI6Q4FPSPJQYD3QA,B07TWRWCRT,1654295932034
AERZSCFNHBF5AAOIPPBASU4YQITA,B07R7WVRGL,1622399028646
AGCDBHNJGHWQWY2C2V2AEUDIY2KA,B0BM2J47PC,1677715259707
AEWRW5CBAGOBABUQO2QXNLAZ44FA,B0742LVLMJ,1565673954227
AG5S4TDZ6TVYYI35CNQB3E4JDHOA,B07DX25MZK,1534380040361
AE6L7XGWS2CIIO6Z5MCMYAM6Q3DQ,B091YHTPJN,1621877118627
AG4L244MWVC6RLH4MMZVW5VW6A7A,B07V5VWTMB,1613335177855
AEHN2OJNJRLQGQD46KGOON3X3LPQ,B07VGNQD8K,1627774929145
AESDMOHFISOH4NC7NLRXG6IY4BFA,B07SPDBR1J,1567355816995
AG3G3H6LLN7X7UYMWAMOR6PWSQLQ,B0742LVLMJ,1637098251894
AEALNH76USW2KOBAPZFD6T7DYVIQ,B095WFPM47,1624324072837
AHF23HS43BWZAYYNABNSKS6BLPIA,B07PRK81VF,1590274090435
AHIEUSVUBZD62OQQWWQWM6AYXTIA,B07QD9WBGB,1602196426982
AGWKVUH6YHVB2424LN7G5A5SAK2A,B07G584SHG,1601667167875
AGGUG6ALG6SMS6TLAYFI234QRCNA,B07KCLWKR3,1556442586083
AGMLJIKKGXQBXSMGN6P5ZDIUAPGQ,B07S5C7LR4,1616045503838
AFQATNZYQTARQD2Y7264AGZOTKPA,B084L6QXWS,1607627707970
AGCS4SDWQGKJQUMDCWUXAIUWN4FA,B01M71IUZ7,1558075550912
AG5P7BX3TROR7ZWT27ZWUJQ2RUNA,B01M7UD21X,1515498841818
AHIGFEVHO22OVLUDYSVNPYAX3QDQ,B01M7UD21X,1537309800104
AFVOW77XJBAEM3M4NJLFOE4F6M6A,B08R5QQS2P,1630122745315
AGR46MQPTKIEIC3ZSKDUGS4W5HCQ,B0742LVLMJ,1567823619294
AGQZG2X3SMRX75QJ2LEZKWOWRTDA,B07R5VH7XT,1630943919515
AGQJTYZFHZ33WDNEAAASWYLVIMZQ,B0742LVLMJ,1535312236581
AF6PWQZTJ2B4WIZ5R5S64Z342ZHQ,B07XGNHYC2,1577418075772
AGFYBWA6REUMSN4EZX2MBLJXZHIA,B07R7WVRGL,1606951348516
AEOV4PEFUTRNDJXBAH6SRYFX3HBA,B07G4ZWJB6,1578616456197
AEWTOA3ATTU7NZBNAPQR7MIVRWHA,B07NF12XPB,1654136708417
AHAR4SMKZXFXXF2RUQKNSJUB275A,B0742LVLMJ,1512153641190
AFGFKCIYGGFCZPYCJHPJPKSX66EQ,B07DNM6GBC,1559312674065
AFBG33FJK3FO6NOFQYPQF5EGODDQ,B01M71IUZ7,1550173386878
AEMO4SWQUPXE4C2AU5BGTMTOGTTA,B01M71IUZ7,1512500000928
AFSCDZNDZHUWUM5MFAWBJBPI6LUQ,B0BM2Q2X53,1677649929938
AFO2EE2ZJRDCHLO6PTFACI272XXA,B01M7UD21X,1493471288000
AENZ6V4PE6GSPGNZ5UQD3CKBDN7Q,B08D9R31JV,1599519871707
AH43F3WELGQOZJHLVIONUCMP2C7A,B086JC2D6Z,1644092203127
AFVT62PZVZJBYOSXHIETFDO5NQMQ,B07YF1TGM2,1619117266904
AETXA4ONK7LXBKHXZONPCPVRSD3Q,B07MGJZ2MH,1591925087895
AHFPCQSEM36437KCJLQBME5XXGSA,B0742LVLMJ,1665713709809
AEUJ6CVAPV3AO3ZC7D2WQ44CNTLA,B09B3Y48F1,1656994775563
AFVMQEL2ADZJ74QJAUO7FIWAIOKQ,B07HQCCD29,1646594819094
AGUCXZLIWODPWT2DQ2WJZYY4BTLQ,B08GYDJQ9D,1646687948514
AHUWHU6RDJEO3EMHYDTOQKP5IM6Q,B07V5VWTMB,1594161438177
AFP43KL2EI5O5B2V2DUQE4H7JB2Q,B01M71IUZ7,1588541326076
AEV7W2AP3NUZWKH5F2PE2V4GMA5A,B088XY56CH,1595064089719
AGRO6HNGHYULMUSKLURJUDAVAVVQ,B07G584SHG,1611253525455
AFCOZJ664UPLDHFUIOG25ZOBGR5Q,B07WV4XWTM,1622049764248
AFCOZJ664UPLDHFUIOG25ZOBGR5Q,B07WV4XWTM,1622049764248
AFCOZJ664UPLDHFUIOG25ZOBGR5Q,B07WV4XWTM,1622049764248
AFCOZJ664UPLDHFUIOG25ZOBGR5Q,B07WV4XWTM,1622049764248
AEWGHFFFMDYGH3JUJXQ73O6L7SCQ,B07PRXJMLZ,1587594242116
AFUQEJDRYEGNDIKCTXPLOWPL5U5Q,B01M71IUZ7,1504066688848
AH3ABWPMEGSIWJD3WFGNYNVHNHKA,B07QL1JRCN,1613649476874
AHWCMHYBWVE3JILH52BGQ4TU6AGA,B07KC11QFV,1594940092847
AHP72PLSJ7C3RUBNOWBEP6OUCGKQ,B08JZ1H84F,1609716062194
AEGOT5U2GDDDPJHQORHNYM67N6EA,B07DNM6GBC,1543707144339
AHS3BEDOWZHZ7JFCQLJF6TGZAIOA,B07G5915QC,1587159054032
AHKGEJPCYGLSXCARVFRY37FUF5WA,B07RBYJN37,1578539041034
AFJI4L4OVEZBD7JLQN3C6X2WVQRA,B07MGJZ2MH,1598617395163
AGJOCDBAPCLU5W2YJXBGBZ6IQ5WQ,B07PRXJMLZ,1614979719567
AFFTOWPKBMJS5GM3RMIDE5W7UDPA,B0742LVLMJ,1600458598573
AERF4KMW4GWDM3FRRSOZSEY6W7CQ,B07HFKL5DZ,1613240313456
AG6NT6ITDBVFYI2VJ6FJLMRBWXYA,B07S63NKNB,1580343017302
AGP7FC65LAHDRBZ3SAK4F3CTS4OA,B07VGN44WK,1574207478587
AE5N56DUAMFKK3RYAL3IBKV2LQ2Q,B08N6V63N7,1629982762646
AGMXVGNONVC6PMODCSPBFDW36GYQ,B095WFPM47,1676377802792
AGVUCG67UUKIPJDUGEELWEECLQ3A,B07QL1JRCN,1592656613443
AHDA23T6PMHEVYDC4W6DBGWAGEXQ,B0876CYNG1,1651410607962
AFO7OLB663MGAKVIE6TIOZSTIARQ,B07G584SHG,1569461200414
AFCJRRQAO3UBQHG74APKKKP2V4UA,B01M7UDAVI,1485960861000
AF2GI76YNAC4UAKZSCBHBW4GHHWA,B09J8THPMB,1636571504395
AE7KKYQBLRS42EEKUY2HOAFAOI6Q,B095WFPM47,1645375099519
AFOMUL2RN4NOQDBBTHDO3SLAOMUA,B08GDYSVNN,1644606583120
AHTYB3T2LJUBM3J3PWIGEVXZJH6Q,B082MKSDWL,1594474508774
AHTYB3T2LJUBM3J3PWIGEVXZJH6Q,B07QXSYDGF,1594474431499
AFS76AWAZWJBK2DWJ2QDCVV5I4SQ,B0742LVLMJ,1578157190924
AEUG76O6XFOH7SF3TGHIVXYAZW3Q,B07R7WVRGL,1570731226144
AE4E5ROPIRJDZ6OOAZAXCFHRIKJQ,B07G584SHG,1626203283362
AFONUZ2ILOV3QYBOX2VM67GWVHZQ,B07NVL6TJG,1564319593998
AFONUZ2ILOV3QYBOX2VM67GWVHZQ,B07SPDBR1J,1564319460535
AHXUVXCTHKB67JIVK2UN5IZUATBA,B07QL1JRCN,1562338178566
AE75D75LOCH6P34W5NHZJ2IWD3ZQ,B08D6WQ1Z7,1607459515802
AFYTRSOL6XYIXQIM3YFHNCAKMXIA,B07VGNQD8K,1581273896172
AFYTRSOL6XYIXQIM3YFHNCAKMXIA,B07SDGKP88,1572525941541
AHJZP5IPTTQAQJSE4MATLACZZ6MA,B07R7WVRGL,1569088778611
AGQEC5J44ZVNRGW24ZS4NKIZCLQQ,B09DGP4B8R,1639128365113
AHUYUGBHTOM5I7C23LMQGLQEH5KA,B07WFHJDB7,1633453340291
AEOOB7R4LGMYNTJ2RY3HZOVNHWDQ,B07KJLV75L,1619444692033
AG6BY5TUSBL2W7DXD4O6TM7VQL2Q,B07G584SHG,1542858037215
AETHG332QIZDZ36CAFTMDOGC35OA,B07DNML26P,1556738951269
AHMKY65EGWMYT4OLSBSN7BH6NR3Q,B08D6WQ1Z7,1613249575178
AGS5OV2WJIZDCN34AQVGMQNQYE6A,B07T733WLJ,1600973654223
AH5DQZ2GNKT6LZFGJCJMRAGRVDWQ,B07R7WVRGL,1607024403471
AFETWL27KPS3JE2QFOKHD2NJ3EAQ,B07NVL6TJG,1580840257741
AES234ESBJFO4SENFDE6V2ZTPGKQ,B09BB78PC8,1632456691890
AGGC2RV3ZNXQBIN5FI4TGPOZ4X4Q,B07MGJZ2MH,1565363513935
AGGNPYL5NGVTKIRQ7RUJKXUTBKFQ,B082MH51J3,1630354599585
AEOHPRJ5NVZRHUZJY5WV2FSHMZVQ,B0742LVLMJ,1611000454406
AGX7SSVOBVXP6B7QSB2ERMOB2LYQ,B07G584SHG,1630292804643
AFF5AKVMG3FJA2KJDP36TERE54QA,B08CKZLD81,1617394871506
AHY6B26UWREMMDDDFTMLJZ4KYWQA,B08M36J14L,1617945405593
AHP4QX6LYNKVCCAZWGAG76LL7KKQ,B083M66CHC,1644412011112
AHP4QX6LYNKVCCAZWGAG76LL7KKQ,B09LR1N3VP,1644009893826
AHP4QX6LYNKVCCAZWGAG76LL7KKQ,B083M6PDNV,1643735755004
AHP4QX6LYNKVCCAZWGAG76LL7KKQ,B09MWL8KVB,1643551559415
AHP4QX6LYNKVCCAZWGAG76LL7KKQ,B07T315X4F,1643463947074
AHP4QX6LYNKVCCAZWGAG76LL7KKQ,B09DL5CDPZ,1640361993525
AHP4QX6LYNKVCCAZWGAG76LL7KKQ,B08TCGN1JQ,1639107422437
AHP4QX6LYNKVCCAZWGAG76LL7KKQ,B098R11BX2,1638554959199
AHP4QX6LYNKVCCAZWGAG76LL7KKQ,B09F6GSRTH,1635773941618
AHP4QX6LYNKVCCAZWGAG76LL7KKQ,B08M9M92XD,1633687115859
AHP4QX6LYNKVCCAZWGAG76LL7KKQ,B08GCVN3NY,1617372439028
AHP4QX6LYNKVCCAZWGAG76LL7KKQ,B08SHQ43N1,1612879298641
AHP4QX6LYNKVCCAZWGAG76LL7KKQ,B07T3CGMNJ,1611431164169
AGUCXXETYSB32T3NUTJXMUOVHXTQ,B07DNLPCB9,1619070971326
AHV6NMXOAENZLA57K26LF2HBVIVQ,B07MGJZ2MH,1673679868752
AH27KKIXGNV2LQJNWT722QHG4B7A,B01M7UDAVI,1498253375593
AFEGMNSR4WERGGP3CCYO6UEXQOCA,B0742LVLMJ,1611055791018
AEQVEHUED6Z6B2BLCSWBQ54OUZBA,B07DVNJ5LP,1533774397264
AGGNDAMB3DOILB34RO4OLQ6ACJHQ,B07DNKDLYV,1539839341540
AECAAEJFSL3KKJVJ6LIOLW63W6YA,B07FSYKGSH,1540257346753
AEAHGXDI24ITSUUKPML664IECDSA,B0742LVLMJ,1564164812163
AHQ6VIIEOHOEEZSX65NJYF6ICIQQ,B0742LVLMJ,1614542894229
AGTWBANMSAGJ5MCUU2WEHA35MXNQ,B0742LVLMJ,1581518377818
AHOYHZG57UEDDDSY35KUA6AH2OJA,B07STGWT1P,1589443690379
AENDQZ2DAOKLMHSTMTDSOVNWIUTQ,B07NVL6TJG,1606887234741
AE6ESJGBBYHO4HD45PGKVWW5GOKQ,B07J2K9ZT8,1596329577739
AFG5S7AB2KUI6HEYILO5P64XHZSQ,B01M71IUZ7,1534351268275
AGKDZV74CFFYMFUUHBU2YGFANLPQ,B08LDV5MBB,1643660934027
AGKDZV74CFFYMFUUHBU2YGFANLPQ,B07T733WLJ,1639348913646
AFSBBJHHCTFCLJVZPJA6RTGSUAHA,B07PRXJMLZ,1576873982285
AHMTF63F5Q5QM4XUI7QQGP56VLUA,B075NM1M1Y,1593459495238
AF3EOBNPZYOLK7TODZXTWQW4NOEA,B092R5FPR3,1644867819720
AGFTKXKSMMUZ466PE566EMH5YYYA,B0742LVLMJ,1527097630904
AFEQ6TMFHHMU27QTB4N3KM2K6A3A,B01M71IUZ7,1568671883630
AFW4JMDPORKA2655DLS2D6K5R2JA,B07G584SHG,1597354711638
AFT7M2EIQ2KNXBLKBOPQSZTZQ4LA,B07H3QNJ1Q,1564626559168
AHRGPN2DCMIZ466XCWXKASNFQQYA,B07HP62FDJ,1595100398370
AHTJHYG2FRNW32A7QKL57PKCGKNA,B0742LVLMJ,1606770974338
AHUVJI7QQJWOGKZKTXBOLVD5GVUQ,B0742LVLMJ,1564014488153
AFEKQ2TQMOZXF3MPOYFZYU2HYO6A,B09F9G91N5,1640992011766
AHU2UAMNI4L6GOB4FRABA4W4RE6Q,B08LDV5MBB,1617911876576
AHOBJ7POZQDCZ3R32RQ27HCZULWA,B0742LVLMJ,1665898950978
AHDUFFAISC23HFYG35EMRRJQH4GQ,B0742LVLMJ,1595115465074
AEF2PZ4EPKKLSWUGRBFN5WY4FARQ,B07G584SHG,1568768331914
AHQBXNR5CK2P26XPOCHZR2RRLGTA,B07DNM6GBC,1559846285787
AHCM2PBACOIIEW5MDCVOFVPZUN6A,B07G584SHG,1573308976911
AFDR6YIDQEV2SC54ZFS4ETMCDQ5A,B07DNLPCB9,1544554415230
AGITNZI22W62B5QHUJHV6NNMSWHQ,B0848B8JDB,1622311854845
AEIVD7WFOQXORE7AASAFVRKFJLMQ,B07VGNQD8K,1597125358842
AE3BZ6TTIT2S5URKD6IZKVCRD4QQ,B08GDKDMDT,1603800471774
AFQBH53R2HGT3DVMEL7GHESNUHJA,B07XGNHYC2,1583017149714
AHOK3LPWV7P3QLALE7WKPO32JH7Q,B07DNM6GBC,1535558624446
AEFOXK5G5GIKRCRHF6WR5TACYX3Q,B07STGWT1P,1594250607718
AEFOXK5G5GIKRCRHF6WR5TACYX3Q,B07XH69M6H,1588472335904
AEXAX6G5LMYPMNC56ZF7GVXMASUQ,B07DNML26P,1641694324067
AG37TQWTLBBWA7OZNXW24J6UZH4A,B01M7UDAVI,1557268956790
AGF7GEEQMNCSGDTKHBB67ZQKSK4A,B08DDN95VQ,1618970250770
AHUUOYV7Q5RRTYH6NORBU52UN6IQ,B07THJZVK1,1578481475952
AHUUOYV7Q5RRTYH6NORBU52UN6IQ,B07R5VH7XT,1578481371032
AEZDJTOKNIR6HA3RWU5QKXKVQLQQ,B08LDV5MBB,1645139810983
AEWTZOUIZYXFQX5LTD6TYUDFO6OA,B07GNX2VPX,1573157315847
AF3O2IFKJZZEXME6FL5PXPYH3LJQ,B0933CLYYV,1636215387777
AF6SK2C7ZVGF365ZDJZKRB63BF7A,B07R7WVRGL,1663507246439
AGXDQ22GTRJRG4AVZXVF3MK3ROFQ,B095WFPM47,1666695536048
AHCSOU7YOLRHWYIMHVSTMDUCPJOA,B07KM6T8GV,1579209493938
AH6TAQ7FPBSSZ6VSAJC7R7WMWTHQ,B07R7WVRGL,1645286727841
AGKU7T3S2SHMCXO2H4Y5QZ2ZQB6Q,B0742LVLMJ,1604509460132
AHBFRTRESXTNCQPHG7AXQBIXKKPQ,B095WFPM47,1629755703097
AHMNQHICZ2RPRMQOFAGBDANGS3XA,B07DNLPCB9,1533849058266
AFQ67X6ZHPPDCZLONOVM5R23JYKQ,B08KWK6N6H,1639160273261
AFQ67X6ZHPPDCZLONOVM5R23JYKQ,B08R5YWPY4,1612205910745
AEOX5Q5BYGSNMI2H3MWBLHFFF7CA,B08N6WMNJZ,1616597663679
AGXAQXHSX2DKSD2QCDPD2BS43BQQ,B07NVL6TJG,1600793753880
AHYABMHWHWOAUWLJQ7C5BEHQNK7A,B0848HYLW9,1593458821953
AF56YXFDMMA4VAD3IKEU4AZ7CWPA,B07GNX28KS,1541724113093
AHPPWSFBGX3UC2TAM3BINIJ5V7EA,B01M7UD21X,1579248837572
AHOLMEHPJTDFWXPER3BFXWOCME6Q,B07R5VH7XT,1572133900383
AEADZPOEPS4YP5PREH3HKIEECIJA,B07Y1WMH7G,1616949339922
AEVHU4VV53OXFMDUJDMIOFB7VA7Q,B0742LVLMJ,1553568279204
AFJYOHQRXN4JSCIF67A7YL3DXIQQ,B0742LVLMJ,1577906499484
AFY24KXNEEDOSR6SUBCO6BBIAC4A,B07XGNHYC2,1621106226684
AFZL3W4GJ2HKFHXZJ3DZSZYA4D7Q,B0742LVLMJ,1533162170453
AF3HJOUOUHQLFK6CP7TOHKBRM56A,B09RSLMV6B,1644027373280
AF6UHYKFIHBNQOGRTX7ERPSHQ22Q,B07DVNJ5LP,1541992916311
AGIJHS422ESU3EIGH62A7AAILEGA,B08M9X9KTN,1629150857813
AGO6OOUNCFS6N7PS56BOMATB37XA,B07NVL6TJG,1622848727605
AFCBHE7Q3QYLMZCW64NX5LDS7DUQ,B08N6V63N7,1609723176629
AFQ3YQNWUTN2BFECMTAFCFMLO6OQ,B09J8WZN4T,1663537782137
AEOYYNL2UHAXPZPNZ7ASBNIRZSYQ,B01M71IUZ7,1518549313778
AGCPMOF62WUSHCC277DVL5ODUNEA,B0742LVLMJ,1531684904914
AHNVJFRXJZALG77G7TOGIIQIH7ZQ,B0742LVLMJ,1553761976618
AHD6CTWIRWJOSPD3X7OIIYTFPIWQ,B07FT4FMWX,1580258578301
AEQRJXPXP7HXZQBYIA2KR2JIDEGA,B0742LVLMJ,1581185310150
AGRYXK2V7U6JE3DI4UQ7GTAYAKBA,B082B8JVMJ,1634075147199
AG5LUSJOS4CCLBZHZXWIZATSIEBA,B07KCLWKR3,1553905037150
AFRQ7ZS22FJIT45VIEF3XGJI44ZQ,B07G584SHG,1595467763335
AG5XG5LD6DAQVVKRTFA6E7NS2PUQ,B01M7UD21X,1509304239110
AH4MC5KWZJCOQVDRBXUEF3JFVLZQ,B07WZP744D,1578362760458
AGGIJRNGDVPJJ3WBWDP227KUNQNA,B07STGWT1P,1568041353548
AETFA4FEJMAHJ333675CS4CGSNJA,B07HQCCD29,1577254034770
AHIAMKOTBK35EJJTR6NSM2S35GXQ,B084KPMB89,1587255173182
AFHOF7URZCMK2ZNVVRMLPHJ7UCRA,B0742LVLMJ,1563834373910
AETOEFQLM6BT5IAWQ4L7FZM3IYTQ,B0742LVLMJ,1568882497175
AHBHRMXRGQAS3BA6AECFYPPCQEMQ,B0742LVLMJ,1600103747064
AHBHRMXRGQAS3BA6AECFYPPCQEMQ,B0742LVLMJ,1600103747064
AG5FYGDBSGEMW7HWIVE4O6MNBSFA,B01M7UDAVI,1571623314317
AGM2QLZ4TICLMHC3EW5WR7GJJRLA,B07R5VH7XT,1597867470902
AFF5WOWK4DBVINHMLYRY7K5OX3FQ,B07GNVJ6R7,1544586330144
AEZULWGEZCQJV2DFEDZAGEEKIZZQ,B07VGN44WK,1594908505844
AGP5PEMRUE77IX4TD5LQIOHYSNNA,B08VD2BNVG,1624476467695
AHAJLQGTZVBRTDDRD7NKDFFXK6SA,B0742LVLMJ,1532696993676
AHVVOEM4Y4EL7GHSZQ7YLPXVFCQA,B07VXJR1PF,1612971226780
AEFMAVDGAK5SDXYMNBV2WE5BTJUQ,B07VGNQD8K,1616420329100
AHV7XSA3X6NET2RJJXUL2LX5JYLA,B085YD3D6V,1608131461266
AHIDQCCKS2MDMQWKLJGLOTAXCERQ,B01M7UDAVI,1577327310589
AHMLKIYPAJIF3IKS7QP4FKTY2I5A,B08GDYXWBG,1606517928541
AF7F3EKQADKL7EGLH5XBXHV52UWA,B09T5SKDPM,1669069790477
AETLKDGXWWEQ5NJPKQAFUXAF5LYQ,B091Y2L7NF,1646156839886
AGVLXEJYZBIHPGY3Z6UY3NPTTDNA,B0742LVLMJ,1513294808038
AHHVIGKUGL4XGGFC3JT7MGP6RTIQ,B07GNV45VX,1541540555690
AEM5K72W7WSSSUXHF2PGOCE6VOBQ,B07F8Y6BH9,1614080320877
AHVMYYGTEE4OPBDHXTKTP65VDUHA,B09FLZB8HT,1640290884841
AF43EWD3RQXQXJKIAZGTCIQVWGXQ,B07G5915QC,1626813862537
AEFTJMPWDERZBFWCQJOOF5PVTIUA,B07DNLG9ZR,1536269282067
AFJ3DJU6P6X6BINCCCGGI64IAXNA,B08Z48VW38,1623276816789
AFAKWMGY23263VV2O6PVJXDTS6LA,B0742LVLMJ,1608312316144
AFR3IHBQUS772KRSHS6HWRTNRQ5Q,B07RBYJN37,1618919065076
AFR3IHBQUS772KRSHS6HWRTNRQ5Q,B07QL1JRCN,1618918790891
AE7QJXINZHLAUVUUM5VS3T6LJ5ZA,B01M7UDAVI,1488948257000
AG6ELM7HMPJIICCT5TL2LSJNOCLA,B07STGWT1P,1577069931934
AFPABMN2557IXXINOXFJNXNLVTZQ,B0742LVLMJ,1567468834243
AFS2G53SSUT7AMXY6OVW7ICCHE6Q,B0742LVLMJ,1529460341226
AHJRG76SFNO23TN5FBLGJB4H7JTA,B07XGDM47D,1605989092159
AEOBFOQSJREVRNWV6CUX2UNKTOLA,B07DNM6GBC,1535330021915
AE62VF7AOY2R6ACLQXOX5KQDG5DQ,B07WGGH1C1,1610631889200
AGEHJ2VDVSSPXJXZ2UQG3R5EYWZA,B0742LVLMJ,1580241426292
AHIPUJ2NPFK7LZEFEDZTY3CQA6VQ,B07DNM6GBC,1553314045986
AHBBAVLS6FLMVJQMU3L4UPKTZOUQ,B0B1JRS8WB,1666586155491
AHHRALM6KWGNGXA7FJO2BYRQB23Q,B07VGNQD8K,1601917933465
AHSFYIMO347CSPSUSZSV6IFFRKUQ,B0742LVLMJ,1602336364293
AFONOBKZWDTON5GY5EUC74SM2JJQ,B095WFPM47,1644493376231
AFD57KGEMDPGTXZTMBB77AFRH5RQ,B07G584SHG,1554946854292
AGSS7K6WTCAIZZSCOADJ4HDVYI7Q,B0742LVLMJ,1629759481568
AF4CC7LJOVFLXXN62JGFIMUMF5EA,B09R3MQLXY,1664625399061
AFHOLRO7QAXSGJ3XN3VGAXLO5OSA,B08D9R31JV,1620153812045
AEAY2TV7M7LXWMK3LZOZPTBE7W5A,B0742LVLMJ,1570833353858
AFBKMSDAWF7UJKF5N5RHRQDGLOYQ,B07T315X4F,1629895241204
AEOUMDKXL2ZR24GSL6ZZ7OHLNWCQ,B08WM3M1DJ,1679078742895
AGOU4FS77A6NBZXRGRNA2GXC5LTQ,B07KPH6D57,1551108256839
AFD5W3JTUYKKBTMCNW3V73U7EC5Q,B01M7UDAVI,1512554570607
AETBL7Z7HDVYQHQ7YLJHRPSQTNGQ,B0BM57TJKC,1680298823583
AETBL7Z7HDVYQHQ7YLJHRPSQTNGQ,B0BM2QT9YM,1677217960358
AGADNTSR62U5GQJKV2BOPBULJN6A,B07DVXFP2N,1544920575505
AGTLGVGNUSXQTIDGNLJMPHRB4E2A,B084KPMB89,1599077793871
AFTXOH4Y23MTZH7HNSG4IWELGT6Q,B07MC49XCY,1563010835531
AFTXOH4Y23MTZH7HNSG4IWELGT6Q,B07DNLPCB9,1540068260415
AFTXOH4Y23MTZH7HNSG4IWELGT6Q,B07MC49XCY,1563010835531
AFTXOH4Y23MTZH7HNSG4IWELGT6Q,B07DNLPCB9,1540068260415
AF2KOLSH5RLX5FRWYLGEVADTPKRQ,B07F8Y6BH9,1574310934491
AFNSNPATZBF5X4PSO4GKUZGBNC2Q,B09FSV6Q5Z,1634861411974
AFNSNPATZBF5X4PSO4GKUZGBNC2Q,B08MV4RPGL,1619051719799
AGGZOQFK5UI3SG5EWOXM5F3JHEFQ,B07R7WVRGL,1597079382899
AH7KRVICL3GW3RF4OSG44USWWPDA,B08SHQ43N1,1613230168617
AG4CLHWDHIYYCGJW2N7DUNJ3N2PQ,B07G584SHG,1598540918256
AH47ZX3RCFHYIE3JKSZOE3OGYDMQ,B0742LVLMJ,1574207417889
AEMQOP77JOS4LFT5NFMYVZ7K6YLA,B07HP75X12,1541127413125
AGP5K3RNKE65B3UD4C5VHQLIDKYA,B07QL1JRCN,1562956768262
AGYHO75M5YYZUUSURV6TZRLJG2NA,B07HQCCD29,1565921937579
AGLXEDYQKOYCPXOGGWLLADXRAXIA,B07R5VH7XT,1608923306308
AFTGRQEDRST6TJ6D4J6MOMU37FFA,B084L6QXWS,1587569713314
AHPXJA7VF3E22JS5SA4F7LW4YT7Q,B0742LVLMJ,1530228879922
AEHD6XWHK7CIAZ2X6UXAJAWVPQ6A,B07DNMN7X6,1532979554716
AF3SAH3K5X7JHALHWMK2Y2TJ5C2A,B07GNX2VPX,1541111410366
AG3ADEV6UG3MOGITLBF3YUWRCROA,B07KM6T8GV,1601169272056
AEIVF643KVBWZX74KCELMM7QQUMA,B084KNZBM8,1625007627029
AGKKNGUU4NASCRYHUJOKONZNU5NA,B07SPDBR1J,1580742385560
AEXTWSQXS4WOCRUX3JXVADFRD6IA,B07NBPQL3C,1625279467213
AENRFAWYZ45WD4JNRBGFES7CUEAA,B07FT4FMWX,1539623104432
AHYK7BSOOLDHBNTOOULRXGFVPBFA,B08LD62NHQ,1662526196523
AHYK7BSOOLDHBNTOOULRXGFVPBFA,B09CZB5GP2,1662525449982
AFYIW2BXB2356UOTMXGODM2ENZTA,B084KNDTWP,1647997466880
AGM3AVFICEPKIDN4RBF6PKHPN4SQ,B07G584SHG,1570024203375
AHFWZTMM5OLV3R6TZJDS5DT5RAYQ,B07G584SHG,1615051267162
AHD3IHT3F2Y34E7YUVO3T3WETRUQ,B08TCGN1JQ,1659138482077
AFANTSUILYEZF7WULJPGYBEFFSNA,B0742LVLMJ,1598890977230
AFANTSUILYEZF7WULJPGYBEFFSNA,B0742LVLMJ,1598890977230
AEMTKK75KVBRDFC5AWUQKR3WWKQQ,B093T2CT9H,1649371415612
AE6PZMLKXAQIPQNJ6LSGEAVFCIBA,B07VGNQD8K,1632501916382
AEKEDM7DOX5PW565RSUX5IXGKAJQ,B07DNKDLYV,1618338752991
AF3FXRRMKPKXJINEJ3RG35HE6EBQ,B081JS67KV,1617222041399
AE6SCPG4YY4RHE7GIVHYF576QVCQ,B09WNJYJKM,1668624914933
AET2SFK7FU6QQHRY44JQTB5XE24Q,B07F8Y6BH9,1544474142351
AHV577J2TZMQOVIZEV6W5B36JWAQ,B07KT17L2S,1569748962523
AESMTKLJWKUQFNBJANPQITOSMV6Q,B07G584SHG,1566102930816
AGNTQNM74BCT6RHPPDBAIUVUU3PA,B0742LVLMJ,1580270007527
AHIY2KUTIKECEYFK4FV7IB2FXJZA,B0742LVLMJ,1581017116711
AFUXWA5SUNIPKYEM6IYNE4RFF4PA,B07DNKDLYV,1544474365636
AFMFXU3H2QPCTTSFISPASEJ4Y74A,B07WV628P8,1599315295778
AFIYAC4OVNIK4HS2HFVPCCO7JH2Q,B09BD9N1ZW,1633784014632
AGJA4OO6U7X2GZCPXYEZZIZMPSTQ,B07NVL6TJG,1597548741725
AHHOPUVHNYYMTNJZI3ILB6Y3S7HA,B09R2PCK8N,1662248027579
AG74DVCVAX5E45UQAJNKRFG33WYA,B07G5915QC,1627911575469
AEIJG3BAMF65NSTHC2RAWGPLR2ZA,B0742LVLMJ,1515537370626
AECPAHGYYGPFZ6SJKLKOWPZO2GDQ,B07H3QNJ1Q,1543795342578
AGQDWVFYA76D3WLV2KWELJWYVFYA,B07R7WVRGL,1567131525501
AEMGBPHHU3JX5N3NR5Y6VK66YU4A,B07G584SHG,1565705934163
AHQJV4V5NJVA5QOR5DB37TMLGORA,B07FT4FMWX,1635197198928
AHGPPCXIBLRCMO7SZ74AZAMKRBZA,B07QG8TRRT,1567562825186
AGQSJOTYHNY7UKF6QGI5ML34RIYA,B07MGJZ2MH,1556543351991
AEBVHSRWY4FX74GX3I6ASJWWYWWQ,B07NVL6TJG,1625322711240
AHPLTFJ43Z24DTTWRJG3JWSV3YBA,B08R5JJGB3,1623089502829
AE6JV4ZQXU5HIYEYQX6GZLXZOGPQ,B07R5VH7XT,1568237450196
AH5CG7ODLOAGTVRPIIF4MKUBZ4OA,B07QXSYDGF,1609013077427
AEPPXDRFGEVGBKHTXS2RPIFTX7ZA,B08PKR3KCF,1617305166212
AH2X37RHGTELEA57P4Z57F64EFTQ,B07R7WVRGL,1578690970216
AFU26N6YSLZHLIMSUF25CAY5I6FQ,B07M5H99Q6,1573097235573
AFU26N6YSLZHLIMSUF25CAY5I6FQ,B07GNX34XV,1546534918747
AFU26N6YSLZHLIMSUF25CAY5I6FQ,B07DNLG9ZR,1538318846757
AHH5YAA3LJ6MILYMQRAPDAOLUCJQ,B084KNZBM8,1598491886640
AFQMQFZEPWOFZQGAILMERXRMZUMA,B09J8WZN4T,1674061056730
AGMGYU3CWPOWIVS2SA4RZMEBI4SA,B07G4ZWJB6,1609445613752
AEW4O3O6N7CUB54PRQNUEGU27Y7A,B09CR7BH9K,1653350020206
AE5OHABQ63U4DA5BMAQQFQBJRVWQ,B01M71IUZ7,1524657367579
AEJAOBPEMXH56MYQWBN7U6O2PSDA,B01M7UD21X,1504734397279
AEQ5NUYR4B25ZSTRMGRVP4MN6CWA,B07GS3H343,1643394613150
AF67GHU6PPWC5ZSDQAZDGMD6DXHA,B08GKMF8BW,1639557139028
AF3SXGSRUV4RWSJB5WLOYIHTUYUQ,B07G584SHG,1576342168256
AFVISSXS2RZMIIMM32NCBIHMK63Q,B07NVL6TJG,1565063899424
AFPQRPI45S6YTUVA32V4PYTR7PIA,B0742LVLMJ,1576138170924
AHB4ZH22QOU6GEB4XDTVOGR7FGQA,B08TCGN1JQ,1655039276736
AEZ6VQIOVINTC7V6N3K45HLOUIFA,B0742LVLMJ,1519592800269
AGPCIU54QAYZLFNEEBAO5Z2TYAYA,B01M7UD21X,1493836743000
AH2RWBDGYGTCLR5QNSI5NP7CSDMA,B07MGJZ2MH,1616090709665
AE7DMVOOGWX3PKWYFYYBPQMMUSZQ,B07STGWT1P,1609789510668
AGOQFV4F5AJ27BB63FAGKKT5D23A,B07Y23PKWC,1604171269344
AEDOJ5QFZA57Z5YLKWEUKNNY4RGQ,B07XGNHYC2,1619292518447
AHUVNMCZH3TUO3YFUFKKUV3UETNQ,B07R7WVRGL,1676570988808
AETYPF6HWYAWZ5SDFAXQ4BZUPBXA,B081QDJ3NK,1600711580944
AETSH4MV4VRJ4HE4IP3Q4MONBU6A,B07QXSYDGF,1564030457154
AECPOHSVZO5XSV7TOQUIQQ2DGAPQ,B0742LVLMJ,1626089329905
AEV5SYJG4TRDZMEXSBS2LFDZ3NGA,B01M7UDAVI,1613629230822
AF7DLYBYUCMBOUTMLWMESOKY3E4Q,B07HFKL5DZ,1613303076371
AEMQZ64NC56PAV6ZK6USNE545P3Q,B07Y1WGP67,1598811542216
AH5DLRT53GUF654APBPQDBSTSD6Q,B0742LVLMJ,1619769394863
AFCASHQ5IIPSPJG4EEZBP7NQXFYA,B07QXSYDGF,1624771113173
AFNHAW3TUJ3FDBAR3DWLQ5XNHQZQ,B0742LVLMJ,1577560530748
AGZKHZZU4SWPJLCNTQIQ3CCLU27A,B09G3KTXKM,1666214877700
AFCERCBNJ5YLDO47FHYAWVYWMURQ,B07R7WVRGL,1624223202334
AG37SNCZYZ4ZV63I5LJ462J7CIFQ,B07V5VWTMB,1635830306665
AG4P6MDWHXXOS24A2NOUOFYWSBCQ,B01M71IUZ7,1545793198695
AFDC3AJLCUX54Z6U5TRWN2RLAYTA,B07F8Y6BH9,1601579479002
AEMETFDI2H4MZD6GK5ROBWBAUQZA,B01M71IUZ7,1550839372912
AGTQ6GUPMFQN3BXLWIFJU7OYQIOQ,B07T43BXRD,1616704463129
AEV5KPH7GZIPPSOWO2R4ZBS5R2ZQ,B07VGNQD8K,1598716698225
AG2L6OPMUPSWZ3JUO5RDMA7VI7IA,B07VGN44WK,1599540549435
AG4MOFTIZCT6IYCTU2V4VXIULI7A,B07DNJ6N8K,1553822677460
AFNSSWCBXO2GUDXQKDPFBUVZAQ3Q,B07KCLWKR3,1547403461044
AGYK3UM3MWAXI74QHVIJVVMDOINA,B0859KKL7Q,1608981737912
AFS3UV6WECP2KQPFLCRTGYY3EWJA,B07L3W2MDL,1594915898254
AFS3UV6WECP2KQPFLCRTGYY3EWJA,B07T43BXRD,1594915608037
AERZPVW6B2BTIQK5IST6EYS2CW5Q,B086K2RRJ4,1593219545113
AEAQO3BNXWZKGG67KIN2DLXCNIDQ,B08BRZ8J75,1601675551435
AEXYNOSJVPP72M5DN35GK3CVCAIQ,B07M92KQS8,1565186347258
AEK7OJSYQTQ4RH4ZFQK5GZH4CXZQ,B07DNLG9ZR,1576026507430
AER3BYSEUGIZZV6GYKRRI7HF33SA,B0742LVLMJ,1549576817447
AFV75G4XIJY7NQJIURVO2MAFS34Q,B0742LVLMJ,1530387328149
AH3TPCPYHHJPXTOXGCGFBPQ5QBTA,B07NF1GN7H,1590201703591
AE6JZ7CMWRRX6UWSOYFE3QB25K6Q,B07NL8P5Q6,1621465894590
AEIERGL3JELH6X5WZKB23FMJGH6Q,B08R5JJGB3,1626720456657
AEHNZTSONGHG3RBDOPTCMPS47YHA,B095WFPM47,1635879373024
AEHCC6VMBAQEAICLLNZJ4KJOIKUA,B07R7WVRGL,1666230833900
AHF3EYY4GHN6R7SA5MRRJG6PMXWQ,B081VWVPRW,1593303281915
AEAQ64RUMVCY4FRPNUTX4SGJ5H7Q,B07NVL6TJG,1596146153175
AHMVFQKOKRG5YRHLX2OQCGXUUP6A,B08DDJNJ9D,1647036077321
AFZIHN5Q6ERYFNJKBOETABCPXHVA,B0848RT9J7,1587576393393
AHFGJ6HUNNP3WY7LIDIXESDXVPVA,B07HQCCD29,1546881620169
AE4PPYYMLDC6XJ7E2MWWJ4SMIWIQ,B07HP75X12,1568389388914
AHVU5DWA72YD2A6M7XVZICDLUGKA,B098BFC5K9,1646486989606
AHDVUXMAH4U6WRCSC3R3FF32UCOA,B0742LVLMJ,1539129053897
AFL5O5VKHW6KVAP73SEDMZCJ2JNA,B07H3S5Y9V,1599549374196
AHGYMHPBPJNHNZEOZJLJIYGVSPIA,B08DDKTDSF,1635909432979
AGC4BI2XPN3X6J2GM2FBDYHZSLFQ,B07DNLPCB9,1533503013720
AEZTUCZE35Q3KSK6VH2C2YD2J64A,B07MGJZ2MH,1594242371216
AGM4YKAE3OR2ZEQEQVK6PEHEKCTA,B0742LVLMJ,1596894756611
AHVNKEXMKVMHRJLJBGZ2M25RLONA,B07G5915QC,1569036311440
AHSF2UNYYS2QKFAWCIMY32HIMA4Q,B08KS7865F,1641509298851
AFHQKF2FNGLZUVNCZEJ4NOVLTQFQ,B08H5M5RX7,1617635587016
AGB2PPVOLRU4C3MXCT2JX3E5TAGA,B01M7UDAVI,1580501675703
AESXUBYTCR6J4SLCQP5MKP6NSPPQ,B07DNLPCB9,1630868967653
AE5PQG2NZEMEEJBYTPSJP27TKX5A,B0BM2QT9YM,1676521712699
AHVVB7OXKSYOB4S3253QGM2DWLAQ,B07R7WVRGL,1562781842949
AHNGPDCUWZXUTT5Q7YGD6DIZHIAQ,B07S63NKNB,1576831111495
AHE76QO5O5ZVY2G5OSGZSDBHCUKQ,B07G584SHG,1651638992827
AFRS6WRH73YXBVCZJV3OYMTQJULQ,B0742LVLMJ,1551462944098
AEO3Z5JQWHD7TJ4ISQH737DUK7RQ,B07XJY11B3,1581327879818
AGGWQ445ZV4NDOS2IDX7S2EHE5AA,B07G584SHG,1565752188926
AFLJ2SIUKTQSW5HPHTSNNANTXIGQ,B08GCX3JCX,1617211259003
AHQ75LOVFBPF45UUCSWLS5M325BA,B08MWQ6FV3,1616892550717
AGFY5ZYWFFRXGDR2EW6ILSZZPXCA,B07SDGBPGK,1659026644045
AECOD6MDJ2STYWHYILJJT375CW6Q,B01M71IUZ7,1523034068017
AFDBPX3JGUBTMWDTHP2BPAMY64CA,B01M7UDAVI,1514496861243
AE7VCYPCNMJVBEPO4XOQF6W22MAA,B0742LVLMJ,1577043526028
AFJT47EWBRZ4JZQAAFT2POZ54VXA,B07DNLG9ZR,1551124937916
AF54NUDZHIKBARQZIP7ZSZST3YQA,B07MQ5GZ24,1612492770280
AEY3MPDMNQERHEE6YZTC4GRFU5SA,B07MGJZ2MH,1593819094433
AHYR3FRYSRG4VGIZVR5TTXAUB4WQ,B07H3QNJ1Q,1596743458710
AGXO7P425RGDHALVFS4FTCOGLNZA,B07SPDBR1J,1609888961073
AEGDSRIKVARQWKREGBF2WTFSIB3A,B07X5SVBJW,1625679619680
AEP24WQG53L6U3OX3BUHPKOJPXCQ,B07X5SVBJW,1628309846123
AHW6B3U4T5MXETQXTDMJRZDJPOUA,B01M7UDAVI,1517277471307
AHMAW2VIDR2VGGLTEDV44XB7EFWA,B01M7UDAVI,1543714813926
AHKBJTT32D33FPVS6WCSWKZSK34A,B086JBCVB4,1599180648267
AGCCHJXSKM6AG32UQMQ7RZODDMVA,B0742LVLMJ,1617405455389
AHO5VEPOXZWTSECV3AITB33QJ35A,B07QL1JRCN,1562780760436
AF6MEYOP4CKWN4USY6GKSQFP5XYQ,B01M7UD21X,1494788007000
AFBMUIA3QLEITVPDMIX2ZSGAZM4A,B07NVL6TJG,1630452026588
AESKOL7U2Z4MWSSJGEDO6GUUXTJA,B0742LVLMJ,1623627019644
AH5ML7SXNGDNMUQTV67TGUG6U2TQ,B07R99144F,1611434720361
AHI5O3BVYON4PGX7B27NREMOQD4A,B086JBB4HD,1607823266831
AHZ6MSBTT7WCO7MPCYSQRGHLFDWA,B07MGJZ2MH,1594862695397
AGZWZWP2HJDGVJ4HBQ6BLTMTLKXA,B07KSDPDM6,1595005394563
AGVAAOA6GJA4W4VEVUFN6L6NXVEQ,B0742LVLMJ,1524273836844
AEJ672XRJYRACD5LYDXX2UO6QV4Q,B0742LVLMJ,1565436972424
AEP6SZOVTNDFLRWLVBXYAO7FWXKA,B07L3K8S42,1607023715504
AGCRDHR6NXBGEHPO7GASPHPYFQ2A,B08VDX39DK,1615085678909
AFFPFBDKSVFRLTQ3ONO4WE3DJ4AQ,B07NVL6TJG,1562560663870
AHUXKFWPBXNSDC3GYEIZJHZPETHA,B0742LVLMJ,1620161084726
AHGMTURJY2OJQSFCAQCUFHM27XGA,B07HQCCD29,1558550228247
AH63AN3V4YMYALIWRCOMJ2DNQSRA,B07R7WVRGL,1611859112062
AGYTSOCMSOAY7HIBABAJDGQJB3RA,B07XJY11B3,1626396425656
AHHIQXBFWEZBPWEUNLKHBAGX52ZQ,B07MGJZ2MH,1641401348254
AFFJUEDCZTPACVXQZXDSD7JWNNJA,B07MC49XCY,1573086034796
AEAMKFOEWU2PRRSKNUCHRWHDUXLQ,B07DNMN7X6,1535916142850
AEN6L2H33UPA25EDFCWDUOFMZGKA,B07GNWX112,1547169291803
AGLI2ZX7RU3QEYHKERDHEDDRH7NA,B072MHKTYT,1503451601929
AHQMJMHX53RCD6I6PMJZOLDYYUKA,B07R5VH7XT,1578172013713
AEC6OMW7DZSZOPKOGK6OPWWOAASQ,B095WFPM47,1651003856441
AFOC7M7WPM7PTDPTKEJHHFLKFIKQ,B0848HYLW9,1589622184993
AEOHLBOZPERDA5K6C5VVTVKM2ZNA,B08DDK1TP5,1620613408798
AFDIHXPDQVGXR3GGE2ADQOFP7EOA,B07DXHG3MG,1539694523736
AHXXO6GNN6JJAM74U52UAHE7V5XQ,B0742LVLMJ,1551977503360
AEW6XD5DXBGMJEK5B4QV2XZJBFEA,B091Y2L7NF,1625159651954
AGWZYWGR6QZIIKVJHPIWX75GN3SA,B07DVM8MM5,1580318174484
AHQKNHJ3TX7SKUGDVZQAXZRRJPQA,B087YPRGKB,1626806479047
AGYWE4MWFP3S74YDLKFJAYVZAA7A,B07WGGH1C1,1605537892732
AFUH6YKIAAFK3HWOLPVL624QYAGQ,B0742LVLMJ,1591926377657
AEDUPM5WOQHZOBA5BKAEISTCKWDQ,B072MHKTYT,1630628476350
AGZZ37HMJUZWM4NZ7JLV7MDXZBOQ,B08MV4NRSW,1640181114334
AH624R7YSHOHUJBXW4HN3GQ5HZ5A,B08PKWR7V5,1608747099429
AH624R7YSHOHUJBXW4HN3GQ5HZ5A,B07G4ZWJB6,1601227978153
AGED46RPN5FAQNVCLLSSJRBI5I3A,B07QL1JRCN,1580352687276
AG2HFALUVQRV4MEIJSNTIUGF4OKA,B07HFL1GS3,1602375769844
AFEJKPMUWC7JGS2VRYIEJJ7NPBQA,B0742LVLMJ,1588465440771
AFEJKPMUWC7JGS2VRYIEJJ7NPBQA,B07QXSYDGF,1588465182023
AGNMILI6FHVPDV55H62WNBJLLXVQ,B0742LVLMJ,1617219412413
AFZ3YAVSYJIJMUGMD2XRRVHBI3HQ,B07XKF8CB3,1619041872436
AE2UKJH5X7ZO63T4LJNEKSO6ARAA,B07R5VH7XT,1606881552387
AHMAZ2DOJ7R4HMFO243MZCHUJGOQ,B08GND218J,1611443373318
AE6MXE433KSUNWCOXEAY4UNJCYMA,B07TWRWCRT,1658872510300
AHEZXCBNZH27BIHSM2HGTEONJC2Q,B07WV4XWTM,1598121737829
AHEZXCBNZH27BIHSM2HGTEONJC2Q,B07W6QWW2Y,1588212567160
AGSFQRQU3QCQIXUYDWSSSNFMQBFA,B07HFLPR27,1601662887512
AGYCEMMTTXERXGBS4K6ZHGCTU7QA,B07G584SHG,1593170568432
AHE3YAM5YOQ254BXF6PTH6C67C7Q,B07SPDBR1J,1668526177760
AFUQAPHQUR6V4CN2GAWQUTQD3DLQ,B07R7WVRGL,1618807660869
AFYMMU53BLSLDKYNOMAD5KPBL6MA,B07DNLG9ZR,1554923075670
AHXBAF4UX6N26IXTKRKHGZBYTRRA,B08GDKDMDT,1621847917327
AGJFKGQSBPUYJOAKTA4L2TJZ75TQ,B07SPDBR1J,1611498624417
AEKXUQONYOD52TOUSXN7B46KSNYQ,B09CZBK4X7,1635538640085
AFTYQUIED4WPDJT4QWPUV3ZPVUUA,B07FT4FMWX,1661460770201
AHMMHRO55S5WYIVIYVWYZDTOBNSQ,B084JGDV6P,1614707553522
AGWRC4EB4ORSXFZ5ECSNZDF2NUWA,B07GC3X8V7,1601197754246
AHTZSQBVV6ADPLW4SR3LIBR5L7TQ,B07YZPDHK3,1609633718899
AGFVRIQN4LI6XDH26GOVKARA7IJA,B01M7UD21X,1519167193716
AGS5E2EYXVC53S2CAN2JSZVF6B4A,B07NVL6TJG,1587099530521
AEBEUKZLGMS6NBARZCFJ4WGV4QAQ,B07WMYGFM8,1610908299677
AEQFOB3WIVK3OOOF5IWYPP4KYZGQ,B07G584SHG,1595550476328
AHUVEASSICWLKCOV2VNX62JP6NMA,B07DNM6GBC,1546870539785
AHEIDVKQTVDLN63CCDA5A4V36M5A,B08M6CBDPT,1616339374184
AEM6TV7G2IPMLVD5OTM7CG3JNFOQ,B08BQ95TR2,1609254652741
AG2QA2B6HMFJZYV3QMRRJY4A62TQ,B08G54FRG4,1607473619976
AFGECDJMZWWVG2CGLF4B4DSXVX2Q,B0742LVLMJ,1615023615593
AGPFKTUXFJV2OWS6NW6UDKVDNIRA,B07G584SHG,1608861896438
AGV2OPPCGN2RAUPBQCTHBQBKK7UA,B07PY8C43F,1601262454905
AFTPFY6VLMI3LAMVAZUNPWYCDVKQ,B07F8Y6BH9,1591468886669
AE3H5VYXN5U3VTKFUWUEVSCA6AAQ,B0742LVLMJ,1565296171019
AG4GPBRKT4RDRL7NAEOOJUY4AZEA,B08D9SNKK1,1616710949412
AHUD7WFHRCUI7GE3DEAHFGYWSKDQ,B07NVL6TJG,1558979059994
AFMPGOQ3MDGMZ6L5NM3ALSOMAFIA,B07RBYJN37,1579045255034
AGXVO4TRSPE3PJZTOJMWURORTPUA,B07GNX28KS,1541513959365
AHOUVWHFOR56C6KDHPXPAZDDKBFA,B092587ST1,1649263170800
AED6VVXHC2MRABTIFRDRC6SNEOOA,B0742LVLMJ,1642127159896
AGOFI6O63YRUKE7V47FFGONBXORA,B0742LVLMJ,1576716627222
AEQZ3SFABCMETZ2QJJXT3APYNJQA,B07V5VWTMB,1591021010743
AEYXVMFRYKQ7VIGL5H4ZRNTX73CQ,B07KM6T8GV,1612100748859
AEU6FR3PHPHUQO3ZT6UI6IZBEDFA,B07THJZVK1,1645384864015
AHF2BOLJ4HMODRGWRY3EEISWP4XQ,B07DNLG9ZR,1534628794087
AG4JAJGSYGBOJM6RB5KJE4EXIDUQ,B0742LVLMJ,1611417131991
AGTLYN55OBH3YZXNC7RA5NXSVPCA,B08GS38B42,1675362909493
AGTLYN55OBH3YZXNC7RA5NXSVPCA,B08GS38B42,1675362909493
AHSYHMK2PYB3VYC6KEFEJW3KOPUQ,B0742LVLMJ,1596950720271
AFWX2KNPM5MEIZPSZNEB3TITGTNQ,B0742LVLMJ,1574232810022
AG3CIOPZAG3TGAUT74MOAXQNHBGQ,B0742LVLMJ,1515363286472
AEJEZDQGHJXBB3JRJVHALMC6UY5Q,B07KCLWKR3,1550015126117
AGZTAHHRMT36LHEG5TP2ZAHS5JYA,B0742LVLMJ,1620779649030
AGYGAA7SRQOMACEHA73PW2HVWGBA,B07R5VH7XT,1569874941781
AHTN46EXTFZEX3M5ELROQ4PZH24A,B07H3QNJ1Q,1542026453802
AHRHVDXP7C4Z53CBVWJOWVUPDR2A,B08DDGQ2CJ,1631377399842
AHRHVDXP7C4Z53CBVWJOWVUPDR2A,B01M7UDAVI,1551887673593
AEXPWLFVALNFASMGXAYMFWSTRE2Q,B07YZPDHK3,1591314234385
AH4PFXY6GLEUFVKIIOXGM3LZIH2Q,B07DNKDLYV,1533000310443
AFCN2QUKE2W6BDKGK6ZHYIH4VLKA,B0742LVLMJ,1619354042643
AGVMCQIKOYI4MZVLVSAFQZTNTJNA,B07VXJR1PF,1575449468341
AF6ETFEOZLTGDQ7CHKB7KHDOS6EQ,B09G3HRSQM,1634862454767
AF6ETFEOZLTGDQ7CHKB7KHDOS6EQ,B07G584SHG,1625406550604
AHGI5HSZHJYC3LTEJI42FJ7KWDIQ,B07Z412BFV,1598901813897
AG53YS5BAALLNSFXBTI6UGKCQNIQ,B07DNML26P,1544723389694
AG53YS5BAALLNSFXBTI6UGKCQNIQ,B07DNML26P,1544723389694
AFFXBU4VY4IVYXV27PRBKG4EJRYQ,B07NVL6TJG,1598582402949
AHTMETLCTY633A6GG5OM4OYPMRAQ,B07DNM6GBC,1534102984348
AGQYWSKPNMVD45G33LYEVILIIQQA,B07QL1JRCN,1601210953554
AGQYWSKPNMVD45G33LYEVILIIQQA,B0742LVLMJ,1599998889854
AE5DCYI72UIAOJQWYU6KPE5IS6NQ,B0B3XYY29S,1658364075784
AFLYDKZEGYHYAKVS4WVACVQKMYZQ,B07NVL6TJG,1656429977630
AFVEJSI5TDA6IU6DRXWQHHRFFR3A,B07SPDBR1J,1580069435176
AFYRPQAR5GPH4776YNVHW7226HUA,B07NL8JS76,1620773203029
AF5GEJSRP44WVCOCSZHK42PCTOFQ,B0742LVLMJ,1512242042190
AEUGJA6PBO2AMY3R3SOREE52BMWQ,B01M7UD21X,1493831241000
AHMJYMN3HGGG36BTXS3BBEBRRJDQ,B0742LVLMJ,1595444697319
AHZMIPRWSNFNXLHIQCKQR57QQRJA,B07VGNQD8K,1606267386558
AEXWZNYNA7A3SRSVZBYJEM6EG5LA,B07XKF8CB3,1660753468154
AEXWZNYNA7A3SRSVZBYJEM6EG5LA,B07FT4FMWX,1652450215796
AEX5PSZOKXECMP5GAIVI4ACPDHPA,B0742LVLMJ,1545121728716
AEF273Q5AIER4CSOFISO5A5LQOEA,B01M7UD21X,1528154340348
AECIZGAHGB7AXCODBD2DI7YU4TAQ,B08PVWRW4J,1632440377316
AFG67DRPAKLAGXLFE2TA5DDCAZQQ,B07G584SHG,1573114919612
AHP4STSMXLZ5ZIV6NBDUJ36SWJIA,B07RBYJN37,1589832045522
AGNJBLNLT3OJBNOGWJ2EUGIMFOBA,B0742LVLMJ,1560028808889
AFMZYOBKKY7D45DLDHKH6ZKWT6ZA,B07GNWX112,1541993386624
AGFNYLXW6M6DKQPISI5E76I4WK4A,B07DNML26P,1675966984537
AFDQHKGAX66YRP2KZR277MZLEFDQ,B075NM1M1Y,1539969452548
AHQ6E5WBNXY76D7BDPCN4UKNEAOA,B0742LVLMJ,1534092118053
AHM5P5ABRIN7A4ZEDIR6ODKVABUQ,B07V5VWTMB,1580402026336
AGXDAODXI2TLGWRW66PDKMZN6EXA,B07THJZVK1,1603221027602
AHFHOEIUGDT4M2CGT2O7GW2JURRA,B07G584SHG,1614637007731
AFSFCWD7IVRYOEW2GPSLSBNRLBMA,B0742LVLMJ,1579904407010
AE5SMRBDADJZHUXWT5I4TS7K5VMQ,B07QL1JRCN,1565966924374
AE5SMRBDADJZHUXWT5I4TS7K5VMQ,B07NVL6TJG,1565966822899
AHTGQTNMLULZHKYZ3GXO3I3PGY4A,B07KPH6D57,1570665945253
AGPUVMULMCYNQ2EJ6NANRDAD7TPA,B07WGGH1C1,1610237346984
AFBMM2SRAARCGAYZKLV3EC6LBEIA,B0742LVLMJ,1623778772302
AGYQND2OKBCH2UQN75YZGRQANAHQ,B08M9X9KTN,1609120812266
AFJT6GT6WHF2Z6RY3K4UWTLP446A,B0742LVLMJ,1578049036654
AGXWZI54XHT5V4N4DT66G53IWLLQ,B07R5VH7XT,1568250276443
AE3NGQZUZZ37ZKC75HMKWYJFOQOA,B07VGN44WK,1610227333989
AH63UCZXB2JBQKYYRYJWBOLFQM3A,B07HFKL5DZ,1583003910472
AEYYY5UMIULKTVK4QTQILWHVX73Q,B08GS38B42,1629235117268
AGJKNMQG7SQ6XRWMSDANIMB5GFQQ,B07G584SHG,1602958603682
AF3Q6XHPIXGTUNLNVDAPO2ERUV3A,B07H3QNJ1Q,1602816693367
AHOCKIZQ3BQT5IVQCMRF3YMDOI4A,B07G584SHG,1625085323822
AFBB3JPVOPEEM76EGO2YIPUGAMGQ,B07WV4XWTM,1613937962613
AGBXXOFJVIGGOQRRC2ERJNWTEFDQ,B0742LVLMJ,1600363519435
AFGOT6F5PEP4L556IHBJJ4XP6XSQ,B07XGNHYC2,1627426365358
AFOHLTHLQA6LNHUJMSIONREWT5QA,B07G584SHG,1566533293402
AEEYEPQVWDPKWL7Z6VKY2GLIXPQQ,B07MGJZ2MH,1599273832164
AHG5DMEF4LUHSHL5EQAPR25RVVMQ,B07KM6T8GV,1596665007209
AF3THDJ6CJUOXTS63AND6JSEYEZA,B01M71IUZ7,1503376280049
AEXEOG3HHB24VOXFIVKNO5RPREIA,B07HFKL5DZ,1598993231466
AEXEOG3HHB24VOXFIVKNO5RPREIA,B07Y1WMH7G,1579842591896
AFV4EOAYBHOT7DQENQH5ZWV2QBUQ,B07KM6T8GV,1667567901742
AF4537NSAIQF32Y4XQOOADLOE5OQ,B07Y1WGP67,1620952299548
AF4537NSAIQF32Y4XQOOADLOE5OQ,B084KNCD6W,1614579547698
AFNSAEE5RIOW4BOLFZFPNSM6SZOA,B08J4G2W8T,1614382052727
AGZYJZBGJTXSNAVWLGAMIVF4LWOQ,B07DVNJ5LP,1539822079637
AFHAB4RIWN746VMTAEYUG6LJZW5Q,B07KPH6D57,1566059793004
AHE6CWUKTBODKQGUTKJDWKCGJWOA,B07DVM8MM5,1535384237370
AEACPOACNKHIJHPRIGVF4XR55IVA,B07G584SHG,1626479913501
AHOBSPG64H5HHT46OM3FD6UE7VCA,B0742LVLMJ,1576286248978
AG274F6XTFLCJLCC5DWRIWKZCAGQ,B09HXYYY4P,1669377286522
AGJOTETSJVFTDKFHOSJ5D3FA463Q,B07QL1JRCN,1622429066313
AGJOTETSJVFTDKFHOSJ5D3FA463Q,B0742LVLMJ,1622428487390
AEAGUDH2P3JJWGFISOIFN4LDA5BA,B0BCGTMLJ6,1677097970211
AH77UHECDIGEHYC4PPKTAITRCL7A,B07F8Y6BH9,1562408917151
AF6PNMS3E5BG2XUXRNW3Q3I56UIA,B08GDYSVNN,1605298400009
AHWIPHXQDJ3HT22QUIRUQLQOWXPA,B07QXSYDGF,1596855615903
AFACJVDBB2WERQJJZUU7N6FWYBRQ,B07KCLWKR3,1557935874399
AFPD2YMRA5KAQDBCOQA4HQ2IICDQ,B07NVL6TJG,1657738252784
AHULA2DHFHXAAOF4VIYJJ7J22TBQ,B07XGNHYC2,1628649573967
AGB7W7JVZV5LWO2EW3NW6VAZ62CA,B07K31MZXS,1553170204503
AEEUD4DMGPUTSODWOMXWFUVSM5FQ,B08CS3K852,1618421535265
AGTL3WOVL23LODXT65KRBOD2XK3Q,B07NVL6TJG,1591883175936
AEHULCIXOUBAQCQCGNYFDJV3XUTQ,B0742LVLMJ,1534703471342
AEQCCHZDILWW3I5KW7A4YQ4BLGXQ,B08R7JT3ZK,1625958390165
AEQCCHZDILWW3I5KW7A4YQ4BLGXQ,B089KVB2XC,1625151509789
AEQCCHZDILWW3I5KW7A4YQ4BLGXQ,B07QD9WBGB,1613512856782
AFSENXM5ZCXF2HS3BBQFKQDVOK5A,B08JCKKDP5,1648921153854
AEHSANL7UGUYB7LLHC463VJN26XA,B09DTB44BY,1644786304528
AGR3PWO7V7RYVS6PF2HZMJRIJKYA,B09G6XM27G,1647794838479
AFPJVLTOOTB4R5WBO7XDVIDZ5F2A,B01M7UD21X,1499764613212
AE55FLCAB34RYO67S3G46TTANV2Q,B07SPDBR1J,1623006782111
AFV3DXBZOVEZPV2ZMBIUL2X4GDMQ,B07S63NKNB,1578332505900
AFV5CU6VDVR5H64VSRN5NGQSN7VA,B01M7UDAVI,1576359189044
AGPBIWRGR5TSYLXZIHB6FVFXFQKA,B0742LVLMJ,1520328501924
AFKOQOBODM2L5SIGLAEX4B6BDQTQ,B07G584SHG,1589590994524
AGYSKIYE7I7AFLFAEBAIRW5POY2Q,B07G584SHG,1649206210064
AHRWKLOS3GWDQ3G2SDJ22E7E6GUA,B0742LVLMJ,1535137499409
AHJHDNB27WLOVAUXA3Q5W67JGZXQ,B07G5915QC,1577370252084
AGE2HDJ345OTDRCNG7LUIVZQBNGA,B08DDKJQ4Z,1609573827653
AGMRDFGG6FO3D5NFDXJYQJSJSHAQ,B08M3PRYXX,1616444622681
AHN2GWCM5NM6JTVPZOITUNMURYJA,B07KG71FKH,1642197395751
AHN2GWCM5NM6JTVPZOITUNMURYJA,B083M66CHC,1641581317208
AEXMNTIEBK6PRQBJ7AH3C3Z3VIDQ,B09DTB44BY,1643136674434
AGXIOXSI77VOWTTDFSYTYPFO4AFQ,B07DNKDLYV,1535431066299
AH2UI4I4E75V2WEQBJQ7NJVUTHKA,B08G4W464K,1672432270476
AGQKRYLWKHBZH2TMILU3CRIGSX3Q,B08GDKDMDT,1615324535824
AGYSTALQFXNNXW23EWVM6VRHRFSA,B07J2LNG43,1577639975299
AG5RYEGLGVDURQWDDKFN6FKNB4AQ,B07G4ZWJB6,1610477218876
AFN7L6RDDNI5A56P4KCRCB2TCB6Q,B07G5915QC,1619802447501
AF6DIIOBVKVFLX5EQR5XKQXLGUSQ,B07STGWT1P,1566483397328
AGKQBUAJZYJGAH55C2G27JMQ4EYA,B08H5M5RX7,1617488145263
AFXBYUAE6R2O2CMBJXJ7KFPSWMAA,B01M7UD21X,1577770846172
AFENP2JWYJI5TYD4VVSFRO644DTA,B083JKYY2D,1603212286916
AFWB7FIQMZ6EGQDHYSVGJK27FGYA,B07QXSYDGF,1619127953127
AFWB7FIQMZ6EGQDHYSVGJK27FGYA,B07MMT3C5J,1572569483474
AHQGSFRUHEEU5CZWB3M546VQSIYA,B07VYTBJKP,1571433164663
AHMBLAH55NVIQQVTZI6PE5U3EMLA,B07WGGH1C1,1649345157083
AGITZ6SKFWJSHZWDQI72F5CBHDLQ,B089KVB2XC,1652289729987
AEPECEPMJZ7YHS7IPAFKE7ZKQIOQ,B07DNJ6N8K,1602184961529
AEK542OJZH6VAG3KIFQQOHYVMSQA,B01M71IUZ7,1522713234561
AE5ABXSMFIQYSR52PBI4Y4T4K7EQ,B08HQHHB5Y,1605393866458
AE5ABXSMFIQYSR52PBI4Y4T4K7EQ,B07NVL6TJG,1596863357346
AFX53D66QMTHWK4EQWEXYJJ7R2OA,B088YB3PRB,1616081288338
AHG4TCCO2PXXT4FPESCQX66VZZMA,B07KJLV75L,1619628939194
AHE5XAIGC5OTGCXPQHXKL2FL6REA,B08WRKZJ2K,1622060193635
AHHGYFGASB4QI4DMT6XQVPGJYCVA,B07NL91XW9,1573019096625
AGQMIMMSCRWY7EF5DA6LPALMKRMA,B0742LVLMJ,1620555192204
AEHVK2WRHLWPAHBNBU3LEFKKQTIQ,B07G584SHG,1631658097305
AGPX7ACIDWK62XRHZX4O76KE25YQ,B09DD9YY64,1638576024524
AGWQ3AKAE263L42JI27DF3S56YAA,B01M71IUZ7,1577510922221
AGHATKXAR32TPM6GPENE6PK7SFIQ,B082VGMJ19,1605044910441
AGLGPQKBRRQD74SJZM2A7CS4ZXDQ,B07G584SHG,1567030051492
AFLOA4PPYAGWH2ND3MM4F7VABT5Q,B07V5VWTMB,1618257772682
AGCYCTCJNPXZW6RDHBRH6653QWHA,B08BQFPZBT,1680126617078
AGCYCTCJNPXZW6RDHBRH6653QWHA,B08LDV5MBB,1619542932193
AHKXN5I6CFI746EH5DSS5RBX3QEA,B08DDLB9S5,1605453928654
AFVDPCWZNLDBJAKFJ2HUNIGLBE6A,B07H3QNJ1Q,1597480086369
AHXDBJU5DCOZWHJLLC5CAIGQJMVA,B07G584SHG,1566429340220
AH4CKLUWAQLY6SAA5U6FDL3OJYMQ,B07KPH6D57,1556062100334
AE6U5EQ7EJJHSJNUXQZQTNZGC4CA,B086JBCVB4,1597861410415
AFDQX2PWQSIXJHZQT2SANQJEVPRA,B085Z2WM76,1640975753857
AGZJ2IXHJOFWLROLDEJC2E4IWELQ,B07VGNQD8K,1589834002517
AHS6HT7LIULPZZTUWMGOMLJ2XAZQ,B08HHDQPPN,1659202940887
AHSSWG4L3P54WJ35VA5TK2KTLMLA,B01M7UD21X,1513683011682
AEDW3DFP37QNRTTS2Y4MJ2CAW7QA,B089KVB2XC,1653364366816
AE64KINCOEPY4A3TEXZCDIRL2IAA,B07S63NKNB,1574204009175
AFUUZNGNQIZJY5BYGPVC2JMIPN4A,B01M71IUZ7,1546813003303
AELCJMZM7XOXUDAYRW66AF5YBH4A,B07YZPDHK3,1617213411081
AELCJMZM7XOXUDAYRW66AF5YBH4A,B08C1NC54P,1614798207210
AFU37QMKQQA33RSMLGMHIG5REBSQ,B07HQCCD29,1593461423306
AE2SDL4IB4EZPQAMV3DPIDIHMNFQ,B08W5CTKKX,1665467685787
AEITPJPA73YLYLZOUEGHVXL4CDLA,B01M7UDAVI,1533668927720
AFC3UWQBPSN6NW4YTLOOFKINILEA,B09G3HRSQM,1643428264646
AG6V7ZDHNQQCMHDQLRJP7Q22WJ2Q,B0742LVLMJ,1525974240303
AEHU4RAT6O5HLP5AW6FLXYSIHQJQ,B01M7UD21X,1488509849000
AF5KVFUSTVBWFFUZL64QVDD2LZZA,B07WV4XWTM,1604605628269
AGY3WGEVEG67RKZVD6LLJ2PTH73Q,B07DNM6GBC,1540332286761
AHIPH62JCFJXDPZV7HBJ3R4YHYMQ,B01M7UDAVI,1493876312000
AGEHXFP6N7B5NQBXGD6PP2LULCQA,B08LDV5MBB,1617162598317
AEHXZJ6LAHQKKTAJMZNPLDQV3A4Q,B0BM2J47PC,1675541625577
AHIZHFJNCVVYWKNTUDLTQCS22ETQ,B08K4JKG3C,1606351867984
AFK4X2TF6QAVLQGHWNO6QIU3RXLQ,B08682LT57,1611355300557
AFUD4OATI4EJA646W4YLI4W7OCZA,B0B4ZC6CST,1667599825101
AE7S7B3SSRLNVMWPHEA57OUXKK3A,B0742LVLMJ,1609516498804
AFCSDZCTWDUJQO5CTS6VTD5RIUNQ,B07DNML26P,1534121243871
AEQNDIOSTW77FIQCW23UE2QDYCNQ,B07GC1XFJ7,1540136947107
AETPKXAGRRXHRLVJR3N5J5KMKTJQ,B09RSMMMK3,1653413026081
AH6G7I2JQARADENI26NA4IYV4SBA,B07F8Y6BH9,1548464182061
AGQCM23ZA5BGUUCK7LK4TEHXCTGA,B08LD62NHQ,1611130250500
AFAP6FNWKFGAPX3I6F2CVRI7T7VQ,B0742LVLMJ,1529716962805
AESWNIIUQEY6STECQV2OLKFL6ENQ,B084KNDTWP,1647806164455
AFDQVL2NIRZQRNI23WY7IJJ5RSMA,B0742LVLMJ,1601075046764
AHL5EKEQ2WZW2RMDCNZ2TJBVHCRQ,B07VGNQD8K,1626489064589
AFAV5A5RYYSGFPF3EZT47VQC3CRQ,B08GN1MJYB,1665094352193
AEFXFLCKHAA27CBIA2VS47GHBMKQ,B07T43BXRD,1602007334181
AH5GUYSNIBNO6MTHIX4ARZ5QJXKA,B07S63NKNB,1574361834848
AHUC5WWB4JU2Z26FJJY6WR343H3A,B07KFM1ZL8,1574623217773
AHZ3JK6XRJ2SY5GVFQR5S3FNHTUQ,B07H3QNJ1Q,1616808551744
AHGLDZX7JDEY2UHAADLYXTFSWIGQ,B0742LVLMJ,1594053183124
AFULTUEXLD2R5XUUMDYOARCWHIOA,B08DDJNJ9D,1605737282937
AFW6BFA7JZOMYHTL7YZY6XJH7W2A,B08GD26JQX,1610034332680
AFH4DZQ666CKZLGRQCNT4EWVBDNA,B08GDTCVD1,1615368486946
AEK2IGCGQ54H4ANIVHRBV4KFPBWQ,B07H3QNJ1Q,1559573925867
AEKJNVLNNNINQVRMGNPLN663PGLA,B07G584SHG,1594563253322
AH7OZJA5UMJ2FEHZIPTRZAI43KMA,B07G584SHG,1628205603281
AFVG6WI3YSAFFWPX4VO7X5X3D73Q,B0742LVLMJ,1538854148969
AFXIAKJPCUCCHTPJZRQFOLHYJF5A,B07WC2239F,1659501263079
AE4Q5KWG565OWJM6PEBT4O7HGYTA,B01M71IUZ7,1564666020484
AFXIPYXNA4SVN44COSZAWRJWWGNQ,B07KPH6D57,1550953132184
AHVV57CM6DFT7MNGU7MPXH6Q2ASA,B0742LVLMJ,1505837768427
AEMFWP4L33IZ7XPC6UKNC2S2M7GQ,B07H3QNJ1Q,1589729096468
AH2CND6MD5BHN2AFRW7BSQV356GA,B086JBCVB4,1607461465736
AFK2H5B5OBKXCJQ27QMWPIPZ2ENA,B08PVW21S3,1615834167013
AHDGQ64L2ENK6ZSN4IG3JFT6KCDA,B07YZPDHK3,1644523014647
AGJYDCHZFH46AH5WEO75X4ACDAFA,B0815VLVVX,1635934458372
AHAPQGTEXDNWTMB2CCCMC7Y56VFA,B07R7WVRGL,1608731107074
AHUX5BIDRSY4DR4S2USGNBHEGMEA,B07T5JT9D4,1596287500372
AG3WEFDTOSLUVS4FSSKORSYCQJDA,B07RBYJN37,1621588260155
AF45XNRUV7B5DUFNIZ37EP7FZDRA,B07G584SHG,1645812760909
AF63SNSLACZ3Z64RYDN4WY3A2MTQ,B08MV4KGKW,1640028646702
AET7Y6XEDDY3FM6QPGCC5CYV5FPQ,B08GN1MJYB,1622146244807
AHO3575QNKBXPUVTJ3A3VXR2EGFA,B07WGGH1C1,1599644902101
AFEQHPCZ7T3BHVHPJPVDQVUJW34Q,B07G4ZWJB6,1572471395302
AESYO7SKABO3JGDI46PC6GF25P3A,B01M71IUZ7,1531352916387
AEGCHLX2PZYY6XMKW6DN6CXKN5MA,B08LVQWH8P,1608409223524
AHNPUJGM52CYQBDRMWBWINMMA4WA,B07NBPQL3C,1608508137559
AHGESJALM2HOCSSJVZL52KS2VJUA,B0742LVLMJ,1536375619374
AENC27OLPEWDWRWI5OM55OMDD3CA,B01M7UD21X,1505522296811
AEVVZLXOLJOYXKVHFDSQDIKUEW3Q,B0742LVLMJ,1570606895269
AE35FRJTZOBFBJHBVDKHY7LTZKUA,B07STGWT1P,1567799246276
AFZPTLOSRFRC6D7HLNYITLWA7DUQ,B075NM1M1Y,1572597247056
AEPHOEVK2G3C5YBAQBGK5VBUNARQ,B07HQJPGL2,1572807507547
AHO7ONWNBJD3PCHSOGZ7B7LME2WA,B07SPDBR1J,1593549563946
AFN5M4VD3R5KVHMUOBHMCT2JOIVQ,B08GN1MJYB,1655857935432
AGEFBQ2JSAFRGFFQYJVKRXSVOKPA,B07F8Y6BH9,1611869825532
AFFAQODPFEAVU3CWGI6HMRC2ZXGA,B07DNKDLYV,1540283315084
AFBWH65R6NNZYLKGZSXCO6UUVDFA,B07SDGKP88,1624149416576
AHJR2WHH3MBFN3UIYTT3XVJQBARQ,B08GD26JQX,1604085027200
AHFBETGP7WKSPDHNYBR47AHT2EEA,B07SPDBR1J,1567085488357
AEPMXNWPOYG3QEMQ2BUUTNHHI44A,B0742LVLMJ,1532537907584
AFVP5NXRTFGYY3O25QXMAEWYTX7A,B07KJLV75L,1633969546578
AGQLK5HPCF2NB7V2JI65AYCRYSQA,B07R99144F,1574539828204
AHRMIOSRLCU65TU2A6DYIL7MGKOA,B07HQCCD29,1557074306356
AETDXTAA4M5F5EFW3DBJITIQ2BIA,B07VGNQD8K,1588479187160
AGDSNFKIVF3WLTSAN5IBYIMFU6OQ,B0742LVLMJ,1530317321504
AGRGYL53IYYUXBFZGZDREEXILHJQ,B07THJZVK1,1596108054736
AFDCK35KVUOTER6WID3GVNPRLQNQ,B07G4ZWJB6,1608927632403
AGXQE2SKUNQS32PIHYA76ODWJ55A,B07DX3JYH8,1539119163996
AE526FBCSZEWQBFCHQ6TJMJDTFGQ,B07WGGH1C1,1599167931010
AEVCLCOQOMP2IURHTS4V3AG4R63A,B07DNKDLYV,1536472413247
AF26XZUIUWRAUWD3QF3T3M5SYNQQ,B08GF3622V,1607278662250
AE5FU7K6WM5Z4366A6FFZWNJ5B5A,B086JBCVB4,1632796542291
AFHJKHVRZIQSGVRP26N5WV3HUZZQ,B0742LVLMJ,1546523009914
AHVNHYA6RDOH6LSGZSWTQYD2EBVQ,B07QL1JRCN,1596832298797
AGNVJOLG6BEJWVHA7DZ2W6KVD3IA,B0742LVLMJ,1553986048784
AH6PAIGJ32R6F5U2KFE6HO7TX73Q,B01M7UD21X,1536858377507
AEUHRFXQFHZQBE5ZKWDGN273ESSA,B0742LVLMJ,1593147387144
AERG3IOHJ2LSTHKDC4A727GESBHQ,B07PRK81VF,1616125025840
AGFBBOBCEJBGUGKYKPBESUJSAJ4A,B07G584SHG,1648292644734
AGFBBOBCEJBGUGKYKPBESUJSAJ4A,B07V5VWTMB,1648292576920
AGSSZTRJU4NW6GLJXLOABUWDWESA,B07G584SHG,1608932025202
AH6HETJ2JHI5QQMLYTC7LY4TXQNA,B07QD9WBGB,1625179911464
AHUR7BKMZNLP7PMWYG2BQAAWB24A,B01M71IUZ7,1516036641311
AHDZ6VA5UFTASMBCJDDGSEB753TQ,B075NM1M1Y,1595305280253
AFRDWTXHZHMCBCT6N2EBUHB43T6A,B07VGN44WK,1569632851758
AFCZLTCAORTYW4AUEZ3Y5WF6LP5A,B07G584SHG,1630196538045
AEMEFPPFBJVYZ7CWELVFMAS2JBNA,B07HQCCD29,1542579854998
AFFJ4CKE5WT5HMLZU55RM73O6U2Q,B08GD26JQX,1608420099298
AFXX5ZNXBO2MBJ4XYQ3PXOPAIVXA,B07L3K8S42,1613962373276
AEVSQ6CHLRZVJLSQCHQ2HVDZVNXQ,B086JBCVB4,1661287662139
AGUWIQTQ5OQTSP6BOKMS2K7CQORQ,B08BQFPZBT,1664848171237
AFM7OQ7AF5UUV4KHZPRBBWNYGZKQ,B07F8Y6BH9,1612202343143
AGXWFUN4POT4NKG5DRPMJAK6GSCA,B07GC3X8V7,1633633769111
AEM27KZECXL7MNJLH4EB5H4FAQCQ,B07G4ZWJB6,1588436866253
AH4C5BHNDCNMO3MBX3PIPAUBI4UQ,B087YPRGKB,1600471781816
AHPS3WAEEQWX5U7DLTVBFJF6P6KA,B07S63NKNB,1561501648860
AGMT5TVLWDJWGNBVLXMATO26NEYA,B07G584SHG,1565823552820
AF4DE42MVU5YKZIQODR3762CALRQ,B07L9CSSDG,1624023500620
AHRURVMNLVJH7OVEGV2ZHK6UFDXA,B07FT4FMWX,1628714054595
AGGHCIBHEOFPMIMQHXUWZSHZUHSQ,B08L3SSNL5,1647651726839
AG66A3QOIFI2STZTRDGGIP2C47WA,B07DNKDLYV,1532996322898
AG7AXRRAKLEZXOG5Z64NRCUGGPMA,B07G584SHG,1544506590064
AGLV53Z7NT4BYLS2IHPOAINHK52Q,B01M71IUZ7,1517773269587
AE7CSZ3ECBDJKBTATCLAVX2SRBFQ,B0742LVLMJ,1540525932743
AHELPQJWX5AFMEC2BA4M4KVWCYLA,B07MGJZ2MH,1559491865550
AHELPQJWX5AFMEC2BA4M4KVWCYLA,B07KPH6D57,1550777821291
AFMFFAJFRJYKXDDPMHMQF5IMJYVQ,B083M6Q4F3,1593650392612
AFLFUCKUWGI4LGENI6WLACS4E3UA,B08LDMKH6K,1619356318597
AFT6CH7G7KXXQSYA7Y7CMBOGH7YA,B08M3PRYXX,1630257669436
AHYCWJXDM5V4W3P4PCRGQGD3SWHA,B07HQJPGL2,1580053659397
AFJ6UXGXAFOFN5V7LF67PQULSEGQ,B07NVL6TJG,1569542183416
AH3KGNUP2GXAKCVMLXCLTEJHJ3BA,B07KFM1ZL8,1577598512843
AHWYV76XQ6UQKLY6FQURZP5XX2MA,B07VGNQD8K,1602116306706
AFJKLHBTRALUD7U4X6AXQSCFKCZQ,B07F8Y6BH9,1557664246428
AGVAZP4SOLK6APZZXVPMDRPYYTCA,B0742LVLMJ,1536509244459
AGSGDXZ6TKMSCCUW7TGCHOTG7DLA,B0742LVLMJ,1552012865962
AHQ3OR5S2RCPLE2XVEWZ7HZFTMPQ,B0742LVLMJ,1540904125925
AG2UWR5YPA3YTJ5AIUMCMCMWJQJQ,B07STGWT1P,1572483507607
AHFYXGOGGYJTVLCLABR2NBRUEQGA,B0742LVLMJ,1594303603471
AGK7CCDMEAEZ2VDMNN5K3ZB76UAA,B07MGJZ2MH,1632437010555
AG7SBG2WNHZNPOKDAPQCE62WZDUA,B091YG39BF,1658175523664
AEJTKMMJ75P5PJ2AXRU7G77QHANA,B07MGJZ2MH,1645235208398
AERTTREB46ZSW5JRLUCVXMORRYHQ,B07QL1JRCN,1623179586009
AE7GQO4PPM73VQJMXTRJIXV2ZQWQ,B08W584JQF,1668557032350
AHARX3PPTTBEHZJX6H3LAFON4PZA,B07WFHJDB7,1609356818266
AGDOYGEJSKHDYID5JLWKZYR3ZAEA,B07DX25MZK,1534869651717
AFAA7LDR2RLE45TJ3TYKSVDFDAVQ,B07VGNQD8K,1596819359034
AF42QM5HPDZG42KYTVLONPZC4CTA,B07X5SVBJW,1633106703213
AGXT7MT24GR7V5AVJVC73HZVKJPQ,B0742LVLMJ,1595297147443
AF6BEDSURLRMPMZU7DZFGWODJGCQ,B07NBPQL3C,1667357047772
AGU5KUL7VXMIBF7IBZDWAUDJXPSQ,B07DNLPCB9,1538429467437
AGDZVMMLQFRDSLV462NMMCPSTS4Q,B07DNLG9ZR,1559847260017
AG6VXXKKIDESXLA6YDQMBUAFCCJQ,B08DDN95VQ,1609983262590
AHUG24RZVD3KZLZ453YHYWVIROBA,B07FT4FMWX,1590849895747
AED5SRHLPFPZDZU5FE3PF3DWETBA,B075NM1M1Y,1615654358662
AGMRQXJYLGP4DIH4KUZPXL5C4IFA,B07NBPQL3C,1636229967912
AFN5SRY7PGH524ORN5PZDZFED6GA,B07QD9WBGB,1590673587842
AG3GH6E53K4VHLMB7Y744XII3AQA,B07X3Y7S2W,1591999740705
AGF3YGBCKZE4ERKQ7C3PQN6EOOSA,B088TY8QCW,1601616654052
AGF3YGBCKZE4ERKQ7C3PQN6EOOSA,B07DVNJ5LP,1542849117123
AEBHKDILD4TGEPYGOKATUHH7H2QA,B082VGMJ19,1610487140348
AGAH4KJSIQTIJ7NPTFO7F52SH3JQ,B095WFPM47,1624827652660
AGBD6R3NP44IUD422H6ZND7GYZ3Q,B07DNLG9ZR,1569918496395
AFSYAJ2PE7UOQ7EKT3Q6A2UVEULA,B07G584SHG,1594173610688
AFC2GLNMS7574IELSBFV525NSX5A,B0742LVLMJ,1525568707694
AHMJS4BMEP27ZMC73Z376RFGZUCQ,B07DNLPCB9,1559418418949
AG2ERWBJMQUYZSKHP6NCJZTRWIRQ,B07DXBJX27,1538004248289
AE2JI5ZHUVFCK2DJ7NEEY3IY6KRA,B07DNKDLYV,1533344972727
AH3G2RAZC3364DJA7HFSCSUYAKWQ,B07MGJZ2MH,1610497341018
AGP5PW4RS5R3OEON2UDTN6GOQISQ,B0742LVLMJ,1629190652418
AFZY3ZVRK3QWQFLQLVVBW6INEUXA,B01M71IUZ7,1493514133000
AE2E7G63EGZR6MJZVSW3OJUH4WXA,B07GNX2VPX,1547999827669
AEXER4QDYRNRQKW7YD6J6SB34TXA,B07KG5RPCF,1555795851949
AEBZ6LMFOC6RMOHRW4OKBPYSCWPA,B07NVL6TJG,1614368249911
AGYZUA6QNAUANPHPJ6W6XFUVRHQQ,B07DNLG9ZR,1546199131993
AGHDD7JZ7W5ZUGI5L4IMQW5JXUEQ,B07QL1JRCN,1620073273481
AEHMVGONI5U4TBKJHW5ARJIO3U5A,B07QL1JRCN,1604169466308
AGCVOBNFU6NL64ZVLWGAMZRN4WBA,B0813RKSXT,1597646061170
AHBDOKHU4E5NFUIYZPJAZRLV24ZQ,B07Y1WGP67,1622823078775
AFGA7HVJS6JH62UC3MQKR4DKBFZA,B08KWFT16F,1662399582952
AHBQLZVAQ2TXURP2QJCKLM67SE2A,B07R7WVRGL,1574010031213
AHI4XONAMZ2KUHA3OWVEVE6ICCAA,B087YPRGKB,1630951685225
AGVNYFBMNW5OFJCGVPSHB64DLJMA,B07QL1JRCN,1603474569417
AG4LHNFHKXYDQUPDL6KUGD6AAU5Q,B07G584SHG,1548826274030
AFUDFFW3PAJCIQUVTBAIPFDBTAKA,B07DNLG9ZR,1539966716658
AEVHKGEDCUIDXJEXOEZELXLJNSNQ,B07KG5RPCF,1587066261531
AGUOZZ7ISA36AUXVUE72RQ3IYSRQ,B095WFPM47,1641559575400
AEJGGFNBBAQ57K5O3EJMIS4PNX4A,B01M7UDAVI,1485624055000
AHZFPE4Z5WUWZLDNCEAFLCU2XV4Q,B07G584SHG,1594836129348
AEPJHQO4RI3BNQLERDMB6K2XKHKQ,B07VGNQD8K,1644082212527
AHZGVRGI245QUJ7BOIXL532RL4VQ,B07KG5RPCF,1588708280738
AF4ASNLX3CS2PBZNFWVYO4XEKDRA,B0848KRT9T,1606518041296
AHQKQDJXBHLTGTZD7DPNJBGJUAWQ,B07VGNQD8K,1607229724232
AH4RUBZ5D4TZZGX34PY5ZUDF4XUA,B08GDWQ46D,1619366622601
AHLGRMK3QNFSGZMEWYH7NK4LK6NA,B095SPCMWK,1647615985546
AHLGRMK3QNFSGZMEWYH7NK4LK6NA,B07DX3JYH8,1619762248395
AHGOBS757WNRAZXJFDMWUHURZFMQ,B0742LVLMJ,1550854453220
AF5ATBWXUWF5FVBMMNEJOIODTXZA,B07VGNQD8K,1595115865588
AGMPPF6HOKP5FVWUU7LAISN4OKOA,B0742LVLMJ,1567753067723
AEOCFAYTPWGKG5U5Y7I6A65ZYW7A,B07KCLWKR3,1551130544312
AHGRWAVKGAD35GECBA43M56B3H2A,B07HWTH1L9,1544920538730
AHGRRJ4EBDE42ZE4NGTDTM4MWSAA,B09FM18KWV,1648242079936
AH7WZIMFZJVMVPP4NTFG7NYQ4O7Q,B07XKF8CB3,1680191219168
AH7WZIMFZJVMVPP4NTFG7NYQ4O7Q,B07XKF8CB3,1680191219168
AHSACZO6D3SFJURS62W2YSD7ATOQ,B07R99144F,1629688633836
AGSWHUTRZO6NCBNW5PT2KO5EDGEA,B07G584SHG,1601924171243
AGZDIWTDIFRIMNONAXHXHI3EV7MA,B0742LVLMJ,1623875220684
AGCSMX4XH5W35EYB4Y5RBRWV3YNA,B07VGNQD8K,1659387779732
AGCSMX4XH5W35EYB4Y5RBRWV3YNA,B07H3QNJ1Q,1591135556770
AFLBHGCQQZ6KFU5BAON4P7O6NCVQ,B07R7WVRGL,1610166368004
AG3J6GEHFDQHHHW472EC3FGYUM7A,B08MV3YV84,1623199832592
AG3J6GEHFDQHHHW472EC3FGYUM7A,B07Y1VQXJC,1623192666544
AEI56S7FPZ4HIISXQ6U5PE6FXK5A,B0742LVLMJ,1593981320660
AGH4IKYUQSOWNVUQWBHLPZKZWIWQ,B075NM1M1Y,1541123050187
AGKWXUL4AKRA4ZJCM36GRUT2XZOA,B07XGNHYC2,1619894665176
AFBZI2QTSGTP2MYMUZTYEY4FZQ5Q,B01M71IUZ7,1528395094191
AHQVKVV7HUGT4UV3AGPBCHUU3C6Q,B07VGNQD8K,1604106059408
AFXDXRRT2FAXXLGNWWC6VIUU23HQ,B07VXY755K,1641077014273
AGHAWEJ33GFPUCWJKBREGOEX6X5A,B07X5SVBJW,1624472288215
AHJ3J3JCI6Q4YRFTIRSHOBYZTLXA,B0742LVLMJ,1611090025193
AFEPWWHH6GF27HXPBTRSLZIXB6RQ,B08GDKDMDT,1604663495180
AGFM5R4ZKJRLUNGOVAWMH5FIEAHQ,B08R5BZDNT,1618852350866
AHO2C52EYY6DNQERCC3W3SXETRMQ,B07G584SHG,1544233450268
AFJRMBAOACEPRMADWCJMXQZM7QXQ,B086K2RRJ4,1608751512665
AEV6DUEDOMGRAF6TEESQQO7MIPQQ,B07T315X4F,1611858881024
AEV6DUEDOMGRAF6TEESQQO7MIPQQ,B07Y1WMH7G,1604174997519
AG7QE2XQTBJFGF2227VEEFKIVHXQ,B0742LVLMJ,1645132836345
AH5XWE6HRIHPCEAXVCU3SZ5NHBDA,B07DVM8MM5,1582413919029
AHD34X7OP7APNWE253VTITYL7U2Q,B098QXWLCM,1632692242431
AFT3ZBCPOPEWSEM4XUN5GEFDTRGQ,B07QL1JRCN,1605379799150
AGHC4ZHQ2OWKSIGULGPZSNBXGJMQ,B01M7UD21X,1530324052611
AGEZN7EY7NY6A646RXVY7UNMM7BQ,B0742LVLMJ,1626264317998
AFNIBFHR5GYFHJGBDSEJHDWRVL4Q,B07VGNQD8K,1640630078987
AHXIQ76MNR3O6GK66CMSIF27K4QQ,B07MGJZ2MH,1633462797568
AHD2DOGDRXBRP3XBA434QK2LKVEA,B091YRD7RV,1621365294189
AE7FTFNAMIDE6OUGFKWBCO6MJCKQ,B07QL1JRCN,1614445279503
AFXOHFCC5W2A6JUOC42JBNZJ2JUA,B01M7UD21X,1519867695580
AHTOTCXVL4Q5NOLXFWBWJTE6VYDQ,B08DDJ1QRS,1609015370539
AHKTEQ7NRHSNAQ24QZ6R46FSKLOA,B07H3QNJ1Q,1542652642136
AEHONOKW47B7XQACJB5O2PHDTJFQ,B07HP75X12,1598390300675
AFZ5DLZKMBPPQG7E5MXJXMHDT6SA,B07R7WVRGL,1613067110854
AHZHFMKPGEF62KNSCH52VPXKAADA,B07G584SHG,1619654583174
AE4DHZXHYXHP2WN6RDY4RY6ZFCDQ,B07DVXFP2N,1595268384086
AH64XZOKNUYR6I3X2UROREVCRDRA,B08M9X9KTN,1679959009054
AH64XZOKNUYR6I3X2UROREVCRDRA,B08M9M92XD,1679958877274
AEAYAEPQ7ZUNLZGV5F3M3YK2IB7A,B07WFHJDB7,1577400127732
AFIL6FA7V2B3VYLKGWCP7P3HKYMA,B07G584SHG,1566011318429
AHDGIBL7HHXSXWZJGLIUMLXNB34Q,B084KNZBM8,1615667367090
AFC4MIGII5QZOEMCLVOPTXZYM7SQ,B0742LVLMJ,1548815426174
AGEBRYRS5OQELHHLE4E3XPV6E67A,B07NVL6TJG,1614625617577
AGT6UBLGLMKCNYX5YAYMNR4FYLSQ,B01M71IUZ7,1496165228000
AG2ZECWJ7XG5TJOM7SZBP5NVAWOA,B0742LVLMJ,1601946854512
AHOAWIQ4PITDJ2FDDNW5L4RGSLLQ,B07XGNHYC2,1621383251672
AGM2ZQIMJKJYMRGURSKTJVJE5YHQ,B07DNLG9ZR,1641853222296
AH32PRZNYEZZGOG67HFGQI5URKFA,B07DNM6GBC,1535886889814
AFFSQT6IDOZKRNNSJGYJHJOIIXYA,B07MGJZ2MH,1569272147108
AG6CYSGYY2SOE65CKEWP7ICBBUGA,B08M3S6Y8Q,1621596609989
AFVGQ33QAYSBBXHOY3ZSIVADPE6A,B07F8Y6BH9,1570162119666
AFVGQ33QAYSBBXHOY3ZSIVADPE6A,B07KPH6D57,1570162024024
AHRMLMUZJHLZNICAO6OSHHLY53YA,B095WFPM47,1627299811345
AFSCLNDBYOVQBXNBPRRIVAQ22DAA,B08GDKDMDT,1640989993616
AEEMA3ANHKWKHJQC5F6343YTX46Q,B07DVNJ5LP,1621890948692
AHOAG5ZSPDYD57ZOUIKUGYSUUIYA,B07QL1JRCN,1623548314040
AEPZEOUWMP6FJQFU75HI6L4YS64A,B01M71IUZ7,1496275143000
AGRLXKMESVMEEP7S3C2SGUZWOYHA,B07RBYJN37,1637225870817
AGAMREKESLUPAAXGIK3BKWIDPFZA,B081TBW1FB,1617387313413
AGW7FJZ4TSWIUNODPJW5ZAOQD2JQ,B0742LVLMJ,1595441502291
AHFPCYZ6LTRIF5G2ORLF23SKQARA,B01M71IUZ7,1569168378693
AFBF6V7UMHOZMEG7ADCFXYP3GTDA,B0742LVLMJ,1595534105600
AGCWZYXKVRHVYH2E3DV2CDXYNZXA,B09BD8J5R8,1643056927408
AH7OAO44DRNFJLT4NLCJI7JEHDCQ,B0848NSXSZ,1676916789871
AHGAGRKRITKKAX2LSTGXDCA2LJ6Q,B09LWP4TWW,1655852048635
AGI4WYNNRR723MZR4PXSBKXDXBOQ,B01M7UDAVI,1485569037000
AENBCQWZBMZKONCE7V3WTCJFNU4A,B08GS38B42,1670055223245
AF5I7T7B5H5DYAKZ7GTV2QGW6YCA,B0742LVLMJ,1596061578114
AG2GMGF3BT2TFNUHY7VRBTZIAZOQ,B0742LVLMJ,1627600736807
AEAA2DGKKHYZDN535G7E6VKTTFGA,B07KSDPDM6,1591724632543
AFA4SJSJQDRS5PI6Y7TYSVI54UYQ,B07R7WVRGL,1590093054446
AFN77OSNILFMTWWZ23LWNJCHMJSQ,B095WFPM47,1657049100271
AHAYLHGJWVKKIC6LYMEVKR5JPC3A,B075NM1M1Y,1578892067605
AFUJNVUUXRAZ2EAFC6QJNNDHAWWA,B07RBYJN37,1624916119753
AFROG4WBNTJ3MIAQZNGKGGLI73EA,B07KJLV75L,1612952588300
AHFHYP5PFSY62IPZ7UZ6TH56UMOQ,B07DNM6GBC,1533186314681
AHKY6DP63QSPHR5RK3FMKLZQB3BQ,B01M71IUZ7,1494799806000
AHEZBZVYRPVGK3MQNFWDMGU5LHCQ,B09QD6R1DL,1649204947099
AFWUMGUD55VISA6GSDWZU3LY3MEQ,B07G584SHG,1605704990834
AFD5LHC5OJUKR5ZMIH4GIZAGHPPA,B08GDKDMDT,1615109792890
AGTK3D6PYELZSVJJUKAF2UIF3VBA,B07MMT3C5J,1573740965951
AGTK3D6PYELZSVJJUKAF2UIF3VBA,B07L9F6DPJ,1573740931716
AGTK3D6PYELZSVJJUKAF2UIF3VBA,B07DNLPCB9,1541576679578
AFZQUBEW2UVM7RSJQY6N4GPTMKXQ,B07HP62FDJ,1611024836235
AFCJ4ZXMEOTF76GRYKBMV5Z6EXPQ,B09R2M2691,1665262101987
AFCJ4ZXMEOTF76GRYKBMV5Z6EXPQ,B09R3QJHH1,1663005653707
AFCJ4ZXMEOTF76GRYKBMV5Z6EXPQ,B07DNLPCB9,1659806515576
AFX72YLQGPL23DY7MV5MEMGTY4ZQ,B07NVL6TJG,1609448261468
AGXN7ISWHH6GQVWD2MZJR2QVOTIA,B075NM1M1Y,1614606105722
AGYZXTDXFYPVOWMUFJPAZJ4I4B7A,B07XH69M6H,1608034999471
AG2PLDS67DPI746V2AZL75FC4JGQ,B07DNLG9ZR,1564405624475
AFLXQW5IFNF4CEEBTK4MXWHXGRFQ,B0742LVLMJ,1596231401869
AGURGHXQLNSZT3EF4OEH6DOS743A,B07DNML26P,1548971954072
AGIJY6FN6HUTBKACT6KT2OJ4AXQQ,B07FT4FMWX,1587139197913
AFE273U44CW2TR2DSJGJNEDQ3GNA,B07XJY11B3,1609800670285
AFOOTECIYPC2NAUKET6UHASSTXSA,B07L9FJGW5,1577509155964
AG3HBBKDVJRT6XUVKAUVVF6XKGTQ,B075NM1M1Y,1550974621459
AEO4A5CMUBHKWYO5577Y4WHP6LGA,B0742LVLMJ,1557015557092
AHDEXC4GVLV5JSH3ZCDVP3TWLGKA,B07F8Y6BH9,1546196060159
AGVCLHFGZIZ74LPMH7DBPHJQ5WRA,B0859KKL7Q,1642427738819
AFS2Y4HPMHOXDKZJELO6QE2OU2TA,B085W6VHP4,1649621788719
AEWNAZUA6MKZNQVM5SV3OCPJUUKQ,B082MKSDWL,1613153700111
AGEEDGMFACJMZDANSNSXCLONSMGQ,B0B3XVHQ87,1673625604747
AGEEDGMFACJMZDANSNSXCLONSMGQ,B0B3XT1CRP,1672076393501
AGEEDGMFACJMZDANSNSXCLONSMGQ,B09NQCWDNK,1647178986024
AGEEDGMFACJMZDANSNSXCLONSMGQ,B09NQBS63Q,1646506990799
AGTDCDT2366WHNZDPQJMJ2I2E46A,B07DNLPCB9,1533062801765
AEZ44SZGTOCOCFB4YRNEFJ57I26A,B07GNWX112,1557677510526
AEZ44SZGTOCOCFB4YRNEFJ57I26A,B07DNML26P,1538404028875
AESVOQOUXMWBSZVIGFUM4LXRUDCQ,B086JBCVB4,1592100609951
AGQ3LAFS6JLHI2X6RIKER4GALVZQ,B0742LVLMJ,1561484367436
AHBDSYWZQML3726YVMCVER365UUA,B084KNDTWP,1613331025351
AF2TVLM26BJYPI5N6ODEF7FEHJXQ,B07HFKL5DZ,1592673940126
AGPZRMCSGDWHXPS3S5WMB27Y5IOQ,B091Y2L7NF,1623705369954
AEU7M3VOX6RA65ZT5WRNIDN3GA4A,B07SYR7V9W,1568494592743
AEKFPAKSSF4BVDIWQRZZTZOOVIIQ,B07MZFYSHZ,1614220408818
AFSD5GCLP2C6B2YPEA2B7V5TSM6Q,B095WFPM47,1634990517161
AETOPMAOH5X7PGRHO4BBB5DOQ2TQ,B07F8Y6BH9,1600112246631
AFIVXALZE3Y5RX6IZ2OW4MB5FHIA,B07XGNHYC2,1615571493954
AFBA5PLHWDNTDP7GBU5D5R2IPM4A,B09BDBSZ7F,1642367280383
AGZNEQWZRNK5A7HVAIJL3EEVCWMQ,B09M7HHF7Y,1664220949129
AGH2XQFGKT2O44M7DTGM3UXA7KPQ,B08LVQWH8P,1614740483792
AHNW452O2ZOJKK4FJVAEMFQKMVVQ,B01M7UD21X,1536771347386
AGYKYAKPJP5BOE4PGJFWHKAKW77A,B08M6CBDPT,1642575173726
AGYKYAKPJP5BOE4PGJFWHKAKW77A,B07YZPDHK3,1640673197703
AEKTXD3EU4OUI36KIMFYBPWP5A5Q,B07SQBKMPT,1605708013548
AHF275JB6JOV26ZXBP4KXQI465OA,B08MW8X5WB,1617456616957
AGQGL2GGVWOJMVWCDNENE2PYGJ2Q,B09SM668W8,1660680177947
AE4MFQ4VE4HNLHC67EQH7ZVFUOSQ,B0742LVLMJ,1548904404833
AEYVFAVLZMK5UWCOAAND4V5ACF2A,B07NVL6TJG,1621225013024
AEGEIY7E6QOXKJ5GQXUEDFNWNIUQ,B07KM6T8GV,1578884868515
AELLZXBJ6442SKMLMIRO3UR5ZLZA,B07R7WVRGL,1645570027872
AG44D5FTDZ5IZ3OPWJOUP3L2LCFQ,B0742LVLMJ,1608498890084
AGXNQANXYTOCWBTEJFDH2TRDJPUA,B07GNX34XV,1547401724945
AHBG35N4H4TJFRFYD46S2UNJVS6Q,B0742LVLMJ,1539551760555
AGJOZYQWGXTXC5TL4EG4XRZUB7TQ,B08GKMF8BW,1608302721040
AEJMEAC5DRVMIQEKU2M64AUCWRGA,B0B3XYQQC2,1666393901757
AHROUP2NRQDCQFOEMW2IPEHFQW5Q,B07DNLG9ZR,1630952101362
AECWY4LEVEPD2SCQ6WKAQG5UGH7Q,B07VGN44WK,1597954485289
AE76YYGEQTVE3JLTE36VMBEWAISQ,B08DYDKVB6,1600371848937
AH46RIBOKMNWW2NP5OVHEFTABRNQ,B095WFPM47,1632923176482
AGBJTKIFK774AITWHRWIJ2YNJFLA,B07HFKL5DZ,1599164060478
AGQBFXA7YPGN4U7GHS5QSEXRZEHQ,B07S63NKNB,1588539437187
AFBYG3LRPWB3DRA3QGYTABYDD3MA,B07F8Y6BH9,1629081295981
AH7FBN45RUTG6ILWGC27GHZQLOAQ,B07GNWWTRV,1547941275690
AEK32QMMEMLLA7GFCFTUZDZUZVJQ,B07FT4FMWX,1599764348442
AFBRN7BSFNK5DGLAT6EZFLOPZBPA,B07KG5RPCF,1676060065156
AGQRWOLL64MJS4YELQAY527NEHBQ,B07DNLG9ZR,1576296583144
AEVBZHQ7UHKAZKK4MNVTDKGEJBJA,B084KNCD6W,1594950154097
AFEKF2JQCXV2EKDGNEWCU74QCW7Q,B08WRJK2SK,1640989371937
AGGUOQNPXHVBWMJWKCA2IJEAFR2Q,B09NQBS63Q,1644489688249
AGGUOQNPXHVBWMJWKCA2IJEAFR2Q,B098QZJ5TK,1642676576366
AGGUOQNPXHVBWMJWKCA2IJEAFR2Q,B098R1NNTF,1640286846677
AGGUOQNPXHVBWMJWKCA2IJEAFR2Q,B097F3PVMC,1638097735362
AFH3IJ2LGY22DDGOE5PH5ZP5SPKQ,B08DDHZCZQ,1650135384355
AGI6SVCXPPD2PELPKUA7OUZXXKJA,B0742LVLMJ,1571837646884
AHUDLDOT7BKG7VMKPWS2QRTUDOAQ,B07DNM6GBC,1563037873112
AGGZKGQ2HM4T4ASA7LUXEVCWSFTA,B0742LVLMJ,1520451608943
AFII6MWLP3STBBIK6OFC6MV3FS4A,B07THJZVK1,1629003196795
AGLEECQTBP6DFYF357BN425SMMOQ,B08GDKDMDT,1608960442156
AGJSG7KTPTJNPNI7GZJV2MFGP7AQ,B01M7UDAVI,1517982718281
AGEW2SQOPR5ZMQI22V6ZEAB5FXXA,B0742LVLMJ,1600475337722
AESUT3WQP2EJDQ4NAYZXO6IKSFZA,B097F3PVMC,1659137374839
AG3JO7REOSOBQNA7UKD7JADHYRMQ,B01M71IUZ7,1545164778659
AHTTEHXCUFFL23Y742SJZK3VLT2Q,B08DDJ1QRS,1600781749086
AEKH7JAGGGLDPLAT4U4BBRZIWNTA,B07L3K8S42,1622906691489
AGW2HULVZ7JD5WLWUOHPNO2S4MTA,B07G584SHG,1615485218680
AFE3ONCRIYR4LPH6YINKD6EQVSFA,B095WFPM47,1626633237038
AG5BTWE5KMIY5HYTM3H6UCMNE3EA,B08DRPMTP9,1603718069182
AGQUAIEJKXN5K377RVOJ7YTINTMQ,B086J9HYD5,1612531389314
AGXEVNRTAMS2G6RFQ2HORXGV6F2A,B07DNML26P,1549487635724
AG2RJHV6NAXF37RCBYCA4S6SMPQQ,B07KJLV75L,1619114065758
AHVFQJTZ3D4UXHXNP6TPEHXSSVUQ,B07Y1WGP67,1601667660823
AGD4RO63CSRY3MWRQX6SV7UO6SKQ,B0742LVLMJ,1600988845556
AFCWI7RB3KINDMIY3XEQIWH3P3BQ,B07HP75X12,1592334702516
AEXGLP22HG642HN5XCWHAWFYM4XA,B07MGJZ2MH,1594563065233
AHAUCEBXCL6RDJVAMZ37GDSTP2JA,B07G584SHG,1608737079014
AEZ23BYXTAGDO7X24TYXTTQJJWTQ,B07R99144F,1614705972522
AHJSSAXEVV7XXOFLZFGHWDLEEKHA,B0742LVLMJ,1533699316970
AG73GQIFNHXMNL5DGZWJJN23DJZA,B09RSMMMK3,1678124631737
AFXDMT72DRLMNGUMFXQMLLPXWVQQ,B095WFPM47,1647184610974
AFEZSTUBMSCRXPLHAYBCTXTK5VAA,B07S63NKNB,1595178701015
AGYJDUUPS7YJAYBVQKXVF26CW3BQ,B07R7WVRGL,1626282843519
AGCK62BY4FKX3REAFBYDKKNS2C3A,B07NVL6TJG,1598747372605
AGIU5NOWB42F7WV37BNX2KN43JSQ,B07VGN44WK,1596217062016
AF5YYBSTPTKLAHJLYKJIS7VJSIUA,B08SHQ43N1,1640912058758
AHIWEP4BZTGNVZKHR6FD4KRT6CUA,B07QL1JRCN,1594781245512
AEDYHGQINJ7ZWGJC3SKEJWCQD5NQ,B0742LVLMJ,1602028442021
AEZFOI6EAPOJJ4R7S4CFYJL6QM4Q,B0742LVLMJ,1525086123079
AG7DFUPQV3F7V52C5QPAN2QTJMBQ,B07SDGKP88,1644093727126
AGU5GSPN4SSA5K4TKLV3CUF7F4FA,B07DVXFP2N,1591237570878
AGE6SALZJXSKPG45QUY5RCJUKMBA,B07QXSYDGF,1618280707313
AHGXIIVE5PANS62LCDASUGCUC24Q,B0933CDYRG,1622037294447
AGUZ37TQN7JJRTSZVVK5WKGCGXPQ,B0742LVLMJ,1604276006085
AECWX4DVGTSNOSU64RXUJUEJZHZA,B07VGNQD8K,1579035420853
AHHXDK2ZV2GVY6MKJGXKUSQ5HPDA,B08C1NC54P,1616610651617
AFZHC32LDGSGZ5ZD4YRJWHD5Q5YQ,B07HQJPGL2,1557268624565
AEUBYRJLNWVWQ5BSKYNQGS77HEMA,B09G3KTXKM,1641067796946
AHCYH53ZLCXSUSQM74LIWEAARCPQ,B07XGNHYC2,1637621915353
AHMN2J4AQCWHKCKIFCNH3HXPPB7Q,B01M7UDAVI,1581169185111
AHBILZAJABGMUYOGDBZDI3K4QFZQ,B07DVNJ5LP,1594151148603
AEXLU6YEKTWRBK4ARNW4WYLB2AYA,B07NL9J4BQ,1604951223679
AFW3UGQ6LIWXZ2VVVEEIZDJOD53A,B07NVL6TJG,1569100931441
AGDQH3G3DIR2MEJNV43LHLADS4MA,B07KT17L2S,1606673064707
AE7A6JJAP2N2IZNYMADFGQTY5YCA,B09SM668W8,1651103673513
AFYWFCDYMLIVGGTBVESO3AGVCX4Q,B0742LVLMJ,1596765590350
AHBNE22SJ2TI6L6DKV5WM7EZSGLQ,B01M7UD21X,1494023415000
AFVANWQ2IIXXTZZ5PY4IWGKQD7PQ,B0B6CPL52Y,1679165748815
AEQ7YL5BMZ4HZXFUVRFTJNE6YRPA,B07MGJZ2MH,1567125084338
AFYRM5ICS7QN52HSFJVKS5344P3Q,B07GNX2VPX,1609870533932
AFRG6JE4JQ45VUKCOWBT2N5D4PHQ,B07G584SHG,1589971289636
AHONFR6I7EREOLLXQRMAUIEF42EA,B07Y1WGP67,1605031087547
AGUHQZA62ZIKDQIQFJR6QIJBFVSQ,B07N7BG8MX,1558789592488
AF3PQF5L4TIXXVWCSFZCA67M5ERQ,B08KYCG4MM,1661051234188
AGGHVXFTVWRBHMBTEFW2U72PXZFA,B07DVXFP2N,1541432306655
AEFLIRGCU5GOFLKELXTORPR4AV7Q,B07X5SVBJW,1597921339300
AHXXSV55N426N5LWMLN7YRXENEAA,B098BH8PVS,1635549381543
AFJHR4XCCWMYN6RJGF5UVE6CDOAQ,B07DNLPCB9,1538882032235
AE7PEAMTNQGSIW7EBXNGL3HZ4AOQ,B07V5VWTMB,1597953628308
AFNUHITEWJXEY6BZ3COQNQG7SNTA,B07WGGH1C1,1608062332443
AHFWEXUDDHH6LVTAEESWUHBTXNDA,B097B34JVF,1649708971886
AHFWEXUDDHH6LVTAEESWUHBTXNDA,B097B2N157,1649708913527
AHFWEXUDDHH6LVTAEESWUHBTXNDA,B09M7F3HYK,1649708537362
AHFWEXUDDHH6LVTAEESWUHBTXNDA,B09LZ629P9,1649708480317
AHFWEXUDDHH6LVTAEESWUHBTXNDA,B09M7BQDHG,1649708353321
AHFWEXUDDHH6LVTAEESWUHBTXNDA,B09M7DQGG1,1649708291200
AHFWEXUDDHH6LVTAEESWUHBTXNDA,B09LZ4WGV3,1649708225551
AHFWEXUDDHH6LVTAEESWUHBTXNDA,B097B6SGSR,1643059919532
AHFWEXUDDHH6LVTAEESWUHBTXNDA,B097B168VG,1643059444208
AGCX6JXODFCGFFEJXA6IPOIIWMYA,B07DNM6GBC,1542060567337
AEVV5YHDPF6GB3CR6COYIVD75Y3A,B07F8Y6BH9,1626202575373
AH6GQKHNAQM6FTXP3PKFRSQUB6NA,B07DNJ6N8K,1543613768331
AESLDSKRCQAWC6GBSG4YEBC2EDSQ,B07R7WVRGL,1642019492884
AEIJSXRIHYJHP4R47VD6QLC735YA,B0742LVLMJ,1547961997708
AFQEPKBLQ6XGSSCS2CCDXBHYINFQ,B07X5SVBJW,1598009524544
AFNRWM56NE3OVONX3DRPEOTNG27Q,B095WFPM47,1655085525770
AHO2WQSTBW7AZFIAJXX6C3ZUMH2A,B0848GLB12,1640576328967
AETTZNH4ASERGITRXJJHN5WVRU3Q,B07DNLG9ZR,1622527506889
AHHRQ7NWFAHC37STXVH6C7GY6AMQ,B01M7UDAVI,1493902969000
AFFZ663F3RSWDEBANLP63K5XOTFQ,B07G584SHG,1545489416153
AEPVMTJRR5BF6NZXOJQ4HWBFLXZQ,B08DDLB9S5,1602902110764
AGHJYBBX5X4W53QRORCIEUARVVGQ,B0742LVLMJ,1533926690232
AF3KQAYD74NQBQRDKR2NYHNTYLRA,B01M71IUZ7,1538909506322
AG5UT6B7WA6YO2D5LDKFFQNSIGLQ,B09FM116NJ,1666670589458
AGKDRKMNYKQBP2ZL33YE73ABBBSQ,B07G584SHG,1626920009400
AE4MUVUII7URI5EM5HAMHCYP2VZA,B08GDYSVNN,1602313118762
AGVS7TAZAHIUQLICNIG7TCSPN4CA,B08GDYSVNN,1607022773431
AGB2LQMQ3EUOIWKP2QSUCXVOCHBA,B07KSZGDD1,1617125685527
AH4AINPZW45HVAA25CCXOZAI7OLQ,B08DDJ5LYG,1599226331447
AG2RCPSLG6YPV2TZT3MCCVFH4PFQ,B09R2MXZHC,1661801261278
AG2RCPSLG6YPV2TZT3MCCVFH4PFQ,B07DNMN7X6,1619636243373
AF6MPDMUEJRYSG2BW66EDMAEU3ZA,B07TWRWCRT,1605134731687
AGXDAGMQG7IM2QLT6PC4GJTR56NA,B0742LVLMJ,1593334653835
AHEDA54V6YTR3C6CDKLBZUCXO7CA,B098BJR2RG,1634498491262
AFYJ4LSSQ7GTP24IODQ7QIFZUQIA,B07G584SHG,1637619962380
AGBBYI2W3KGD54UITKF6OI3YE3JA,B089NZ8D82,1664670198548
AGBBYI2W3KGD54UITKF6OI3YE3JA,B089NY9NB6,1664670081271
AHZ3FWHR7I775JI6B3WBPQOSDMBA,B07F8Y6BH9,1602821065629
AHZ3FWHR7I775JI6B3WBPQOSDMBA,B07VXY755K,1601921151768
AGU7QCYKX5V5SP62W2KDRLCYX3UA,B0742LVLMJ,1556753623086
AG5LKEH3EQS5XM2UDWLXMISMTVKQ,B082MKSDWL,1618634146362
AHGYQGFYLVIREAS22HZR4O2347HA,B098BH8PVS,1635939686804
AEZGAZDNKNMQQQN3OQCPULOSTRVA,B08N6X3G3H,1660412016210
AFPOFL5WJROJAIXQ55GVNCXSCA2A,B08DDN95VQ,1618689168724
AEBFQOJ7QHOLUD7VEXULROKCMKGA,B07DNLPCB9,1538430111510
AEBFQOJ7QHOLUD7VEXULROKCMKGA,B07DNM6GBC,1536721721320
AFYO6VYCZ5AVT464S7KBY27FAMQA,B08D9S5ZW8,1605125023273
AFKQ4UOLTDEWK33MWNLIDUI2HWPA,B07G584SHG,1599947603086
AFVH63QBAZKAZVA36RZK662RXRCQ,B07DNM6GBC,1630813422572
AF7IHK2FVQSLXXCLZQGHEP33Q4FA,B07WC2239F,1658598484749
AE3YI7V5ROOPYUEJV45JYEZEF7CA,B07TBGM8WB,1620669479192
AEC7IIDCSBXRP4EKL6T4U4X3MRVQ,B07NL7BQS4,1605920473944
AHKOCIB4JUQXZGFQTJIRYGFKTO5A,B0742LVLMJ,1546804490728
AEAYIYNTBDDOZYTL6QQ7D677ZURA,B084KPMB89,1618081827942
AGG654OM65IJYSMPH3S5WZHTFHEA,B08GD26JQX,1627080746980
AE3XQZ62XDIL5FTWLCMOXECJSLIQ,B08GDYXWBG,1611014467894
AED3IJ3VYQWL65OLVEKGS7TOZIDA,B0742LVLMJ,1527719444613
AHSQ7EAR445WLSJZI5C3YCO45LMQ,B07HQJPGL2,1677257470219
AEMF7AA4Z7TST2IL3QCXH42THVEA,B094YB89BQ,1627517211757
AEMF7AA4Z7TST2IL3QCXH42THVEA,B094YB89BQ,1627517211757
AEE7ZP2UTGFA2337B2UQSVMN75VQ,B07F8Y6BH9,1614636821835
AGUPOSALS5KGB7AXHWXXQ4RPBWXQ,B07DNKDLYV,1536021153953
AGYX36PXU66BOET5P77UWKUMUQLQ,B07H3QNJ1Q,1544375778283
AGFCX42P5HUSXX3EZEIT5YLVWBLA,B07GC3X8V7,1537311803642
AHMWHWMJMCRAGLPSNW7RXFWGETAA,B084JLN563,1644071280899
AFNJBNZQN3KSPAN3J4MDT5HWUJEQ,B07XGDM47D,1620303090794
AFYGXR4KRKKWIHJKNX2AR6KTNAKQ,B097F3PVMC,1626980972814
AG3RFYOC45JAEDT5QCIIH3KWNTXA,B08GDKDMDT,1674526528581
AG3RFYOC45JAEDT5QCIIH3KWNTXA,B07G584SHG,1663969914184
AERASFK57WHRJ5KBUMR7HSEX5JOA,B07R5VH7XT,1570935800492
AFSXV53HOGNB5PU5DGFGPJEYDYZA,B07DX2M8S6,1544217507772
AHO64Q3TVYRCJSKJZF2KH4NLAB2Q,B0742LVLMJ,1594314494280
AEEJKCKP4CQDV6OYCGTQD6RY5FQA,B07NVL6TJG,1598918712785
AHNEWZB4OIMK3WSPV6DSHQ3MSUZQ,B07NVL6TJG,1606856955339
AGMCJU52CBKOOMSOQH7Z7HARDLJQ,B07DVNJ5LP,1580251140969
AFUXH3FGXSFBVOKRFS6BBGJP6OKQ,B07DVNJ5LP,1633826245873
AEN2ZFPKQXKGMTSGGCUYUWPD2R5A,B07G5915QC,1613509791808
AGRYFNFW6JFKGAZTGKWTYJP5KU3A,B0742LVLMJ,1534238669824
AFSR55TRO3RITWGREHQ53S7UZEDA,B087YPRGKB,1616552197003
AFIQVOXY23DGMO5YNEV23T3LRGSQ,B081JS67KV,1629760241687
AG2B6JK4ZGO5PJWNHHCDMSX4U5UA,B08GCX3JCX,1620206685528
AECIKW7TN2DOQ3SVK4POBHZ4A6BA,B0742LVLMJ,1515706294468
AGX4ZT6WQSEJPHLMR2V3GP6NLUOA,B08MV4RPGL,1625188951392
AEYQ5NID4P5E44XFMAIJWSWK2ELA,B01M7UD21X,1523705835274
AHJEFJY7UNLCAEMMZ3NUZ7ZRYZHA,B0742LVLMJ,1598212501708
AENXRQNVIVYMW7Q2ME6RDYIUDYXA,B07H3QNJ1Q,1543390188215
AFNCTRU4B3O2DJQ4V5JL5LYE7XGA,B08M639361,1613009250365
AGTC6OGFHYXRHSCHRPETBUZ7OBRQ,B01M71IUZ7,1501468486507
AEG5YRRR6YHIAC7JOAETUZ5Y2LCA,B0742LVLMJ,1591317868396
AGDAGD4CTLZZI3L5OBSAXAUSQLIQ,B09R2M2691,1669205492503
AGDAGD4CTLZZI3L5OBSAXAUSQLIQ,B09R3QJHH1,1661219334139
AEEIEKFVCHWQ76SMDNG3W2PNEV2A,B07R7WVRGL,1563493267601
AEGHPW5NAUXP3CMVGOUTCMXIIBAA,B084L6QXWS,1638305371036
AEGHPW5NAUXP3CMVGOUTCMXIIBAA,B084L6QXWS,1638305371036
AFYV7ASEL33AO3HCS4ILO4MV2ODQ,B01M7UDAVI,1566954381959
AG5RX6SIBOS7OLSYAPYKCWOJSVLQ,B07L3W2MDL,1574447020115
AF4FPPZKSMQFGGN32Z6YYKWJ253A,B07NVL6TJG,1567435134673
AHQESKONESRPZQMCMD5ZHDIQLRGQ,B07GNX2VPX,1547236159271
AHQESKONESRPZQMCMD5ZHDIQLRGQ,B07DNKDLYV,1538523243863
AEJ2PKOQFLHFUQAHHBIC34IO5PNQ,B081FCSXS9,1619991318142
AEOWZQXJJTXTIN6AQBFYVOGTK6ZQ,B09FLZ2132,1633827953703
AHRMH2AZTJ5RAOIDBTN4LNOCHXWQ,B091Y2L7NF,1629516302082
AEQWP4PJUTD5ONIYXCS7Z5VZJXYQ,B07DNM6GBC,1543243333128
AHDIFON54K7LLRM5JZSVFZLX7EEA,B08VD2BNVG,1675980058670
AERCWUWWU4I2DYR663K2FKIVUC2A,B08J4G2W8T,1615694447619
AFCJSV5QDOZFMH7UFM34ADW6CIUQ,B0742LVLMJ,1545488725371
AGHPYATSG7YWKS64MOHSAZONGMNQ,B07HQCCD29,1659967721780
AH6ZJUZYLNKST5SCVTZA242LCKCA,B07KM6T8GV,1580938275568
AFQEN3LGLPJJQPNATJMFW4ROBALQ,B07DX25MZK,1539207420188
AEU6KFO3BWEWV5HQFOVSORJ2ENMA,B08BQFPZBT,1612891732380
AH532BDTLQ4YAIJTGR63UJ6AYMDA,B0848MQSMP,1602533111621
AH5TOUVN27AZXPAKAARDFTWUAZ5A,B0742LVLMJ,1611024290365
AEXCVHXE5NICPZPVVVCCNM2NQ6HQ,B07NL7BQS4,1596833908540
AFHWXLH33HXHFPA54FDTA6XC64TA,B0848NZB7Z,1650990946240
AFJ7HTVDW675IXWBFOZ7YN6ZWKNA,B09LVYB4N3,1657221981510
AFB3TQX5HU6B4AXS3YLPIZAHS7CA,B08TCGN1JQ,1661264265174
AFFF5USMRON34VMFG6J6MBMCZUPQ,B0742LVLMJ,1655327279124
AFIQ2NXWJMWOIQXNRVQJ6CA4SWWA,B08MWPG77B,1617841980777
AF6ABFKCEDMWWQML3AP6GTW2QZHQ,B07G584SHG,1563037246383
AEGZIZX4QOZBVLU7QOX6RVRKTM2Q,B089NZ8D82,1595958485845
AEZUC5GX5RQY4E5EKNMOK5NBUGWA,B0742LVLMJ,1511204468043
AEYVYE7TQOTRKACQ3XJQTO5DYVWA,B09DCWKSR9,1655241125315
AHURYMO3BNCBTQ337R5WIVU2PMNA,B01M7UDAVI,1548703168264
AGBTZBJFHJWIJVQZY6RMQYGCOMFA,B08MV63QGQ,1626826763510
AGVJKCXMXW7R5RHOYPC6552RG7CA,B07NVL6TJG,1629759701401
AFK2LOTLWJHRNIDMFZUD6XGT7KMA,B07R7WVRGL,1575581847246
AE2D7DTNTKMUJ7KY324JT4AOQUYA,B07DVXFP2N,1566751711451
AGUEWLGMASGJTXRFUWMREM35QF3Q,B0742LVLMJ,1604070523525
AEZ3VN55WV6RYV4LXTOWYCPU7LMA,B07NL7BQS4,1558622450411
AG3UJCWJVWUL3KTFCG3LZJTYOU3A,B091Y386PQ,1648134273998
AGPTUFKCB3LM444QBAXLWXYT6MEA,B09DDCNVWM,1642699276942
AGCYZP3UXKVV2XOMQSDT6RD3M34Q,B07X5SVBJW,1601513558661
AFGJ7OGUZ7TVBVVOJNV6CWLZR7OQ,B07XKF8CB3,1599846223437
AESF52V5KMILQXLMUWP4UGYSP7MQ,B07KTB8PHS,1620939179457
AFWBTTTGP6ARTJNBZ25KMU3WH2UQ,B07FT4FMWX,1548102644359
AG2C3RF6BEWK7DQQHFUCQZTU6EAA,B07NVL6TJG,1618347591805
AHTMLR2UVQQEWXWJJ44J6WBDDVYA,B07MGJZ2MH,1623933980601
AF2DDJ4SWOHZX2VUE55QRN4JK6TA,B07DVXFP2N,1551487725739
AGHKYATNPECIOQBYWSXK7BDXLM4Q,B08DDHZCZQ,1602582808371
AEBQLMR5Q3563O7FVMLLQFW2COBQ,B07XKF8CB3,1624066171669
AF5XYQ6YGTVP4B7Q7RWRLYZQ7BNA,B0742LVLMJ,1544319233468
AHQQLAUV6MGQT3G4YLAKJ4HUXDCQ,B07H3S5Y9V,1570339986168
AGVQMGS7QSSPKZZEFDTIQ6246W6A,B07NL7BQS4,1568740330822
AHU4BKZRC7QXBTO22YKENJVEKU4A,B07NVL6TJG,1612326804344
AEW7G2GXTGT4RJE4RRUMMJGCCFJQ,B01M7UDAVI,1503517006809
AFOC4U4I4IGQOISWZOXYXQQBUZ6Q,B07DVM8MM5,1558069137400
AFNWJZKB7TGCMN7GF6LERCVG3GTA,B07RBYJN37,1587489285618
AF3VTRQCWRXN2D2OGVSJYSHAD5JA,B07XGDM47D,1594344300426
AF3VTRQCWRXN2D2OGVSJYSHAD5JA,B089NXYL3W,1593820770434
AH34MZAJJXNUAZMC4ZDAWA5ZPFCQ,B0933F88K8,1645467064830
AGI2XSMCPGBYQTCWOCKKIXKCPMXA,B07RBYJN37,1669538130180
AGI2XSMCPGBYQTCWOCKKIXKCPMXA,B07HQCCD29,1669534070658
AH5LCJKYGJZXWRTCMC3CUYE4LURA,B09QD6R1DL,1648930108100
AHXBNVSVO7GVBZFU5SNG2IRHH2GA,B07KM6T8GV,1569956773600
AHXBNVSVO7GVBZFU5SNG2IRHH2GA,B0742LVLMJ,1527954648508
AFUNZSBZCC4FMXG7K7NLVSHPUELQ,B0742LVLMJ,1539701778958
AGBOD6NQLAUBOQZ7S7IEV6IWXGFQ,B01M71IUZ7,1493783292000
AHGICLGJRAQUWXY5CAE3ZCX4RGIA,B01M71IUZ7,1581970865729
AGUD324GSCBUJBZITXV6QDHTMQLA,B07KCLWKR3,1564894674093
AEPAATKRSDWI73H4MERR2Q36UOXA,B07NVL6TJG,1556827917746
AFSHKWJCAT7W5ABMJHLZ326CAESA,B07GNX28KS,1544553277697
AFO4NE5ONKI2WQGCBVQ2CMAFBZDA,B09HV7KKVL,1655608226071
AHQLXSQJ4DU7YK3Q4KGNOFBIYPFA,B07DNMN7X6,1548702307285
AFCHVS4KCPWZHAWCDFFUVE3NEEYA,B0742LVLMJ,1533585565976
AEPIKBOFV4EI62QHZZDLD7G34BAQ,B086JBB4HD,1629852009846
AEACZF27YPIQXL4QPEOYSDMIUD6Q,B084KNDTWP,1632321215631
AF6VS7UYWDRCV7T3BBXD7RTXIPBA,B07KRGB574,1621599979283
AGOUBRVQ5CR6IUYKY4ZYRDSFVVUA,B085W6VHP4,1603487948569
AEMYROMMRL5PR2ZHOCW7TNLLKKUQ,B07GC48H1H,1592486002264
AG7SFNHSM3BYXQ2DVTGKZ6N4WYFA,B07KPH6D57,1551382343323
AHRL4UKGL3VMZLQZM4BVCATZLUCQ,B08C1NC54P,1609619012814
AEZVKCFGKFWMXJ3W5UWXHT7A3U5A,B089NXYL3W,1636441595845
AHFWHDDBFETAWZQY4OJBVMEGZMRQ,B07GC1XFJ7,1595127408224
AHMKRVNFR3TROJEAWGPNRRK76PGA,B07R7WVRGL,1640806701921
AH7VCMNOHEW4Y34GTAJ5K2BOWCBQ,B08D6WQ1Z7,1612318758575
AGOFZ6SCTLU67X35C7GUC4R6XZRQ,B07RBYJN37,1630516998326
AF5LYTLNODGUN7W6BNJNDUTC6MMQ,B0B4BJYG11,1676914379676
AFQ2HGIKQHY3BPXCN5M3QB7KFKXA,B09HKX3RXC,1647547990590
AF2A5JCIHJ7V65U5C4MBHN76V2RQ,B07X3Y7S2W,1613241172467
AGXXVSEMM7Z26AOMM2OQGZZU5SXQ,B0848KRT9T,1608397323966
AEXVOY2ZLHFZYYD4Q3QONJTFT7FQ,B08GKMF8BW,1677794386432
AH5NXVMYFXT5LCGUTRCMZMOS6RKQ,B07DNLG9ZR,1544058322252
AGNDOAFH3C24HEJGNTKHKX2X4FAA,B07RBYJN37,1639358851261
AESZWGTGN4XIWDJSY7OI2NPJWVMQ,B07DNM6GBC,1551074093732
AGUHL6GN4AQGSFMJSILUAE7FX6BQ,B07F8Y6BH9,1547866960848
AHHKTFSFCMK3WIWMCSQMCFBEIQ5A,B07G584SHG,1604699461813
AH4U4OD3BXYGO4AWQEA7QUWOVLOA,B01M7UDAVI,1575604461348
AHHLAATLXLTAHQLZLPKLOEXS5O6Q,B07FT4FMWX,1569873988348
AGF64RFLEZUI7AKHPXIGF5T5RYYA,B01M7UD21X,1539051433120
AGULXSNUGRAPQ7WH3KFO2NWZYWAQ,B09DD9W8JZ,1637686683408
AECG62Q6ZL6CQ3E4OVB3SU3575YA,B07G584SHG,1545355951814
AEPN6TKAD4X75UCF42FBU7HBIBEA,B01M71IUZ7,1512659618104
AEYDDBTJRY62OFTGWAX2TN5WB7EQ,B07DNKDLYV,1533001832845
AESRBMELMK7JQOFBCCJOTU7EAYDQ,B07NVL6TJG,1598843792863
AEJKPSHXNUOTY4H6SQ3DAD6QCNKA,B07VGNQD8K,1607824597736
AEQZL4NQJ6E6VZFVT6EAKLHLDPIQ,B07MGJZ2MH,1602878397750
AFM66VFD2BVPEGNKF7TX5HBUSGKQ,B07WGGH1C1,1572134500781
AHKFXPXLPANNT76ERUZ7HEKAEFCA,B07G5915QC,1551447402061
AGNSNSBNB45ZMMRG4CXNKOSUOYGQ,B07GNX28KS,1542848070799
AGWAKHS3YR6XTXVAXPM5NTC76FPA,B07Y1WGP67,1596150013013
AFNX5HGRGPFGDLI5PEMRXCQKM4WQ,B07STGWT1P,1606691165456
AEIBPIDB5K2QNS3PRJOL7PMB2SAA,B0742LVLMJ,1598475288307
AE4RCXSANXEHCQRDQZ6JKMDZ3J5Q,B07F8Y6BH9,1602517190866
AFA7IYQAW2FYVBMLVRZ56IC7E77Q,B07DNLG9ZR,1541221301828
AEOTG32NX2CBURKMF65IAHAIF3SQ,B0742LVLMJ,1624759377494
AHPCBMEBOPKLTNGAVTOWV67KDLWA,B0742LVLMJ,1548947117037
AFTZQD75YGP5IDG7D62SFEWGNLJQ,B09DDBZ5WX,1651609023126
AEOZUMGTZ7CFDW7UD66WWVRHWGDQ,B08H88C2JB,1644095489877
AEQPFABAJTLERQZFMILIOZQMDM2Q,B087YPRGKB,1603242754955
AHJODNY7JDLJTWMG7BDWWDVJMRQA,B07HQCCD29,1571180274665
AFYNA3SNAEZW42RAREFTDT45TU4A,B07G584SHG,1630789799628
AEKZFCXA5C6DMWGKM7PPGRRPOB3A,B0BM2QT9YM,1677894028570
AEKZFCXA5C6DMWGKM7PPGRRPOB3A,B09R2M2SDN,1661997063002
AEKZFCXA5C6DMWGKM7PPGRRPOB3A,B09LWFPZPR,1659897603817
AEKZFCXA5C6DMWGKM7PPGRRPOB3A,B08WFF8R8V,1659897517122
AHYG4MFZSKH6HNN6SDTRV6CEIPCQ,B081TBW1FB,1668693769956
AEI7UOSTQSJI4INQAZEC3VD5C47Q,B07X5SVBJW,1649184486498
AFM6DEIHVXGBWU4KTFLHXFFLNUZQ,B01M7UDAVI,1539105427068
AGHTACFKC3MEHQ6F4D6VATBQLGRQ,B07SPDBR1J,1623071557593
AFIYI7SAEI6JCPQGT45W47GZOJKA,B08PVXG1V1,1670787929931
AHPU4NGY3UMUL5MU5WTTVESUXUSA,B01M7UD21X,1544292767943
AH5XKTR4JEHSAHTHIKM2XTU32DSA,B07H3QNJ1Q,1582659937453
AEQCFLA6JZNNJ7GJ5DOBSNZ4AAOQ,B07NVL6TJG,1603857792899
AHPRJWNBNF6PLWA5C2FQPHOV2DLQ,B07DNKDLYV,1554835131730
AHE44H33O47MIKABMGHDDQWNKZGQ,B07X5SVBJW,1610312915106
AEFAHGDLLHU7S5UN3ABX6ZJ635WA,B0742LVLMJ,1579792493949
AHQKUG42WXT6HYGJ7HGC7P6JP7QQ,B07DNKDLYV,1538003769700
AG3OYUNWRZFAYMAXMAO3WQBUEP6Q,B07L3K8S42,1577992888645
AFPCYICGPZUH3CF72Z4VPHBIGCVA,B07F8Y6BH9,1576350522955
AHW2IOL3CTJUE37I3T66HQDRSPWQ,B01M7UD21X,1536199120505
AEDLHLUKXRL5MYL55OUIQCTMEJLA,B07KPG7RFQ,1556404486731
AF2XRVCJWX7ZWPHOCBRQMN5PC2JQ,B07F8Y6BH9,1564868316199
AHV2LNZZ67C27EAGBOGDOCDEDIGQ,B07XGNHYC2,1624160026633
AHDRUFGEFJ6NKFWIUMRRBAVBGDXA,B01M71IUZ7,1496454551000
AHWH6SSWFJ2EDXGFO7JFJIQ76FFA,B07DNLG9ZR,1538250483921
AEZ5P2E6LPR7GY3ZRNAL6HXEJ6VA,B08D9SX4M4,1621013799785
AGBS2M7SI5PUF5GVEM5JXD733C7A,B01M7UD21X,1548399637610
AGRXF6XX2NODOBCDLOHI4H4LFCDQ,B0B3XVR923,1663286945125
AGRXF6XX2NODOBCDLOHI4H4LFCDQ,B097F3PVMC,1660003649592
AGBWYDFTUMKVBNHAWK3N243KCTAA,B07R5VH7XT,1574100308294
AFH2I2PQNB27YONSK6AMVDHW45GQ,B07H3QNJ1Q,1548559803193
AETK63RWSEH7YDFEHHTTJKHW2IEA,B07GC3X8V7,1596950535900
AFBDTZHRTXPXBI56RXKDE6NZ2V7A,B07G584SHG,1571710081617
AE2YCPUVOFP6J4MZU2SYBO6ZVMWA,B07NF1VX9T,1653499258439
AGGBFFVZA637ITRYBNG6SZIEUKSA,B07Z3ZCJC2,1646335242254
AGGBFFVZA637ITRYBNG6SZIEUKSA,B09BFQ6W9Y,1643834177661
AGGBFFVZA637ITRYBNG6SZIEUKSA,B086JB197X,1625147193196
AHCSIG4N4Z5KBZ4JJJUOCZZQ5USQ,B01M7UDAVI,1540133861620
AGD477XV4AIDA327UEEZVB6LOBIA,B07STGWT1P,1577638903093
AHILUMPYRC7BWTTBUFCHOP7RMVIQ,B0742LVLMJ,1503722437292
AEJK47WWBZ5QKGA6ZQXGPDPEAS4Q,B08WFP3Y24,1648926271433
AGTIAY5SWBZOABZGY7ZIECHLYK6Q,B07KCLWKR3,1559851923713
AHR4KMQ42RWUJP55F73EUSKCGJ3Q,B08M9X9KTN,1618255512977
AH6CLJZLQKCHX4O5XFYA7ECVNDAA,B0813RKSXT,1621766015374
AH37MY3NJR5GORPFE27VPN44CE5Q,B07X5SVBJW,1600908745401
AEIUT3N5HCLAKLTJ5ZE4KOYXVBKQ,B07R7WVRGL,1623100811462
AEVUAG2T3NA5GLRY75WZRCOW7G6A,B07VGNQD8K,1587829631802
AHG7QWG6NR5QAV54IBZQMKINIJ4Q,B07G584SHG,1566091033673
AEGFOEX3HKTQF6OYB2LHOUUMXZLA,B01M7UD21X,1545932133113
AFEE2WA4Z6LGXZM2B66ZALQUSHIQ,B07MGJZ2MH,1593901282994
AFWZU4N7PVKR6KB4DKKBHMVBD3MQ,B07QYVCWHD,1619867525515
AHKMGJXTXZAWKZSFFJ3QELXO3YXQ,B084JGDV6P,1592309437099
AGTS4QON3DTFA5WQURXOENZ4SIZA,B08KWDXTH9,1674576488812
AHGRC7TKRMYH7UHFKFOZJLKWKE5A,B07GC1XFJ7,1620320642690
AGJZEKW4JPVFZQPZP2STJ2PY5HEA,B07PRXJMLZ,1556757771250
AGZ32O3GM5VHB2JCUF66CEYP335A,B084KPMB89,1624646235299
AF5EXPWM4TPVJ7Z2PLGRMFY3CSWA,B08DDJ1QRS,1615269403914
AF3UWOINBGP4KSNVJERYG6A257CQ,B07GNX2VPX,1545221255693
AEHNDP7TSWNNWERIGJ2NY2OR3BTQ,B0742LVLMJ,1537141211010
AFX7MWIKELH5SNZLYPVPAOI4WMYQ,B07DNM6GBC,1540005021384
AEXFWMK6QRWUVKGHM2YR5ETVMZPA,B08PKVPLTD,1652289694188
AHUWRRW76UA4AMCGRH5TD7CPNG6A,B07DNML26P,1534282125386
AHUJX2KSPVGM5FQ6BXMS5PQ4PXXQ,B01M7UDAVI,1493917815000
AGKJTPLAJQKH2DXAV2L7NWE2YDLA,B07S63NKNB,1566482635357
AEWEIAWPJ3CZZL2RFS4MDV6NCOUQ,B08DDJ5LYG,1646087008736
AHCV4K4Z74YJZL6Y6JJZLMKAZLBA,B07DNM6GBC,1549037331001
AFZ2LSK32HKUNNJQHSU4D74UOFWA,B08KS7865F,1628367304248
AFZ2LSK32HKUNNJQHSU4D74UOFWA,B08F7XZHC7,1623521349254
AGQGSSNUIDYIOZ2VC4YG36OGDFLQ,B07GNX34XV,1557252045907
AHWALCNGDLZL7EAGKAXN6EPIXBPQ,B07GNWWTRV,1545969695029
AGJB5D6ARUNYVIULQT3Z6XVS6YZQ,B08R3XGJN1,1613408806324
AE3U3KEYWLOCD3YTNU4N4NA56O7A,B07F8Y6BH9,1596846947742
AHAA2YRMJFR3EILPGB3ALGUCEA2Q,B07WGGH1C1,1610992475352
AHCLS2UDDCN5QN3QMPWWJ6244YIQ,B084KNCD6W,1633496922696
AGALLJLD6JK5HJJFRT6MEQLJC6NA,B08G4W464K,1608143686974
AEQIBP3BKOKIEMDHB3EXDDVJ2ESQ,B0742LVLMJ,1575178160395
AHEUJ2R7I7NRQLRJPSFENMXYTMZQ,B08TCGN1JQ,1640716274815
AHCWNX5U4I2X3JRSGJCRUBVLDGMA,B07F8Y6BH9,1544726004944
AE5ICFQVHLLP23BINUWNOD3IQVYQ,B086JBNB84,1656004324592
AHFUZPY263KQYFQ4777I7YNPBLHA,B07F8Y6BH9,1594850118462
AHQJBI7E4DCYQNCZMJIW7PD5EHPQ,B0742LVLMJ,1510500059410
AEOGLFPNJO6KPUTJDFI6FQIAWGVA,B09SM15MV2,1649265909998
AFJNZ6SYR6IN3RXZA72DRTAQ7Z2Q,B01M7UDAVI,1540666228608
AEGDL7CZ44Y4VARUDWE2AHOTWO3Q,B0742LVLMJ,1540856500020
AHV5CHPSREAWJNUFYOPOA64LY63A,B01M71IUZ7,1559492264462
AG7TDIC7K4B75TLZ7KVUIBWBZILQ,B07X2J2QV3,1598196644093
AH5NOJQWGKLRWQYYXQ6ZG4P2MYIA,B087YPRGKB,1657820574334
AERWNCEEO5EZGWK6VKBK3ZAGBDDA,B0742LVLMJ,1590284399422
AHURR357TLWY2332BDOFHTQYMB3Q,B09HKZ1XRL,1636938025251
AEYMNQJEW5WQTTRVPPKOJAC3KJBQ,B07HP62FDJ,1547675357557
AF62MTXY35PX4DND4Y7L742UJU4A,B01M7UD21X,1517015502332
AGRHDM4RDUA74ZX3A4PB5Y6A7NRA,B08VD2BNVG,1628801584524
AGUAJWEKXPGIOWBED2SKRZYJ7YZQ,B07RBYJN37,1580593885697
AHJ24F56NJZJKU374HS2SL4SJOVA,B01M7UD21X,1537999161975
AFEN425MUSJBW4K4KEZ654C6CRNA,B07KTB8PHS,1601479746618
AFXYBMADU3NVCOROPAAHHAI5CKBA,B0742LVLMJ,1601994507370
AE6OETIQVVEPD73FMAUXZRN4JSAQ,B08GYDJQ9D,1620144310418
AGKB5DHEK3JUSI64O4LR43U4VPDA,B07DNML26P,1666146387713
AHR56PSRZ27SGJW5DVHWVZGNTJDQ,B07DNML26P,1607089159577
AFUE6PE7X2QJJDT2DK362U2H4LGQ,B01M71IUZ7,1495997300000
AHOBKI7ZCVJ6XTUQGEHHJ3SWTICQ,B07GNWX112,1558133155851
AE6NSD5RVRJ6PB5JBZEFXSWJQILA,B07NVL6TJG,1560976983866
AGLPFJOM7AB3FXHRJGONXL646NEA,B0742LVLMJ,1627496701456
AHHMN4FGHS2MB27FHTPPL6LM5LCQ,B07FT4FMWX,1559311583606
AERD3ZB6D3ZTRZ77CPR435TENOLQ,B07VGNQD8K,1642647882416
AELWDRDU6POOLN5UY2IR33IJZEMA,B01M71IUZ7,1525203621041
AFNNYNCOIH6LBDA2EAOUBAKE2QIQ,B07HP1739X,1550187661516
AEWP673WUI4QHYCNGEHSD7ZRCMPA,B07G4ZWJB6,1566113847293
AGEQWTOOMBZRGEYPSWRXME2CDBDA,B07GNX28KS,1557316395290
AGEQWTOOMBZRGEYPSWRXME2CDBDA,B07DNLG9ZR,1554689419997
AFZQ3LP4W3W3XSIB4J22MLPIY5VQ,B07KPH6D57,1550787841468
AELIUGUDVSSNFAVO3MQ4TJRRQ4UA,B086JBB4HD,1613503140262
AEEDUHLVIM5ZDXR7KIBGGMVWWBAA,B08DL7SV1Q,1611350826336
AEVXAOYHNU3PX37TISMMHD4F3WJA,B09HRR6RW2,1680199691130
AHG6ASNTE7LHF374PSWR6TLHBEVA,B07KTB8PHS,1573576305334
AHPI4FDTCOD72DG7GVIGDYEQ6H7Q,B07DNLPCB9,1535658866129
AFXWF5F7K65W57QHAK24RZB2MVFQ,B07VGNQD8K,1604346475388
AGQSVU2KTJVP5GYZDEOWR2H4H6UA,B01M7UD21X,1508179179198
AE7HTHG3RSTZ6SHDUFFWFUJO665A,B086JBCVB4,1628647281593
AHZWLHYBSLS4HGB64GQWHLTGCQLQ,B0742LVLMJ,1537807870250
AGP3OG5T5UHEMCFVQ4WUXWP5AN2A,B07R5VH7XT,1591054093278
AFT35ESRRSX4DQM4EOPJ3KQLDXIQ,B0742LVLMJ,1548359789284
AHWCBX4AWKW7GIQC7WAOUUTZAWAQ,B07VXJR1PF,1577480467247
AFBJVBMG3ZYGMABA63LZLV3LAGOA,B08R7JT3ZK,1657975444367
AHVG57RCWINUAFEHVNL5DJ45H3YA,B07L3K8S42,1620189710550
AHXU5L7JQT6PSTZK5IBIHR5IEQ4Q,B07G4ZWJB6,1615008452258
AEBSL4KA6YJXSX2L2SGXRCG4TS3Q,B09DD9B9YB,1642878737371
AHQHBE3CXXMU53V36HTXFWT3J5IA,B07R7WVRGL,1637428182757
AEU3SEYPL2XEW6D3KWNJIQC3NRBA,B07MGJZ2MH,1617145104153
AFT7FQOU6VTV7LAL5E3PV65KQEPQ,B0742LVLMJ,1555722814839
AGASJTUFUFFEPB224XTITYOOMV7A,B08425CZRC,1654900694208
AF724JFQHBV4NXJKMSFPXMS4NB2Q,B084JLN563,1640490106905
AETGIDDA3KAYDCOYIJQUPF5TNTKQ,B07MGJZ2MH,1591133917905
AFQKXR6QQJ5EMWJJY52R2M5MAKVA,B07XGNHYC2,1609793188084
AHHFA33UGV6SKV36MINTNP5YD7MQ,B07VGNQD8K,1605752976007
AHHFA33UGV6SKV36MINTNP5YD7MQ,B082VJXRBP,1604872407215
AHHFA33UGV6SKV36MINTNP5YD7MQ,B07F8Y6BH9,1604872283389
AHK7YG5UPAWSLJYEHJAWC6VSCGOQ,B095WFPM47,1625773294262
AFSYD7QJQXDFGBFTV5PCQIT4PAQA,B08LDV5MBB,1637056719046
AH6XSO6LKH2N54D3Y5RFVQWAOS5Q,B08DDJ1QRS,1608411245873
AH7MX6VXOH7ZOCO6MIBW47J2RGRQ,B01M7UD21X,1513733550484
AEZRRIOTAILNT7D6MZADB5GZ6GZA,B07THJZVK1,1595011257385
AEQSM2P6P7GXRPTNRT2X2IQXBKFQ,B0742LVLMJ,1635861128059
AEVYBXDGPT6ODSDO4AWHP6EXSHBA,B091Y386PQ,1624509080166
AGOTXHCG3FOJGR46CN67CR3BU3ZQ,B07NL86LGD,1590518382963
AFLVKAZIWGINPMLY34N6YBGINHNA,B07MGJZ2MH,1606065468390
AE742ZS6V6H4EM3E6NJLNTSQDUIA,B08M6CBDPT,1619003069426
AGZV3LON2TBUWSA7MKNK7YCZ2YGA,B07F8Y6BH9,1554747243299
AGP6YME6C5LTUFULYHTTZIP6S5WQ,B07XH69M6H,1631388256582
AF4BR6MJNJZGXUFFOCYA3QSCRSOA,B07VGNQD8K,1610220580145
AEHRAUNRS63WNUUY5TEOMIZ5KM4A,B07WMYGFM8,1678259994381
AGMZKGEGXE3RMOCN33VRHDCQZZBQ,B07WGGH1C1,1577478020937
AHBAA2QX2KG2S2A6AX3JQWCPWHLQ,B07QYNFHVH,1605119346021
AG5ADF5UKCWFEIWYXUQYF7GMT2XA,B07G584SHG,1608147226927
AFQFKNS3AK3VJBBGEW56ULCUPLAQ,B07X3Y7S2W,1577300819269
AGJMIMOG4JX2I6L5ECOJF5Z55G3Q,B0742LVLMJ,1582475916563
AGPTZQDQIAULAKO7ZAVWYFS3OSLA,B07XKF8CB3,1668738474675
AFD27RA7SYGO3P7AVBF6JKE7U53A,B0742LVLMJ,1580144506848
AHTLFC3AEPMPTJEAH6RNNWIG2HNA,B07DNLPCB9,1539197931924
AEGCGWQFE2SNUMK4KVBMVU5I3YGQ,B07S63NKNB,1592440885628
AHO4MJ5UQKWT7EVOO75YURGF7C7A,B08CKZLD81,1607272670005
AGV4EKAI4XFFOH5BFHPMDMWSXOQA,B0742LVLMJ,1550577460524
AGMT62EOLSUJ5O6PNWHO47UTRMXQ,B07T43BXRD,1652249197621
AEWXLCIAM72R47QPNWRWYRM5CBSQ,B07HQCCD29,1567542715074
AGKIBGZEJSUT46SGWGBRMQXTH6VA,B084C4LY5K,1604537567097
AHC2J2OJ54MDOAIPYNRPUIOV26JA,B092587ST1,1625076338027
AFRHQEMG55TL4MC7CC67LIEAJUBQ,B086JBB4HD,1615990251628
AGBCMOG7XCL7HFWJ2WNLUSL7OOVQ,B01M7UDAVI,1526187305217
AHFWUFAV2HPUFYAUOQVROPSEVF7A,B07XJY11B3,1592081072123
AGDP55MVYYZPQYSO6DQMQYJZ5RZA,B08LVQWH8P,1623358265509
AH2X3OOM3KZ36DB476LAWUNBF4LA,B0742LVLMJ,1612014235776
AG6UKYOLDH42773D3F5CPQWDBFZA,B07MGJZ2MH,1574591702160
AG6UKYOLDH42773D3F5CPQWDBFZA,B0742LVLMJ,1574436523941
AFAB7OL5UGQBQXISDK6JUBOFPBJA,B0933CLYYV,1676477127027
AGWBRZNQSISEMAEO22S4TXL43X6A,B07KG61VNT,1548342368700
AEWBAVHOXS26LKQSGUPRSBCFY6XQ,B08LDQGYYR,1628601683433
AGVVZJCH2GPULBSD6A2TJIK2XUPA,B07MGJZ2MH,1662198170454
AHNPUN5PKYAGQW7GDPNXJ4YT623Q,B0742LVLMJ,1602797177648
AEFRY7CU7X4WFTXHN476TPSMNUGA,B07XKF8CB3,1622583002735
AEYUOCNAMZLLXZ7GM7QQT4YIVP3A,B07L3K8S42,1554411683501
AGYJOIEU2FER4W6MLC3HXZZN4LYQ,B0742LVLMJ,1659117999536
AH5N7P3ZAI2BY555IPYXJTYYZUHQ,B0742LVLMJ,1528751408385
AEFQIK7GKW437J3FQRT33PHCNSSQ,B01M7UDAVI,1490558882000
AGTZXAKWMH45PU5LZW6DAWQKTBRQ,B07DNM6GBC,1623200043852
AHN3OYQ4DD7BGQCQ7MMIF2ZVOWMQ,B07DNM6GBC,1539995514574
AFMWTKQPUA5MXWRHC4IXR26TWFOA,B07DNM6GBC,1623186519111
AG5YJH7VTPZEN5DNBLSHIQJJBC5A,B07DVXFP2N,1589487877130
AH4LRVJKIH4YXH4DSMAQ2RZTK2NA,B09M7HHF7Y,1665354400752
AHFT62QFXCC6WQBL3PR2ENMFM6MQ,B0742LVLMJ,1656605009313
AGJXLH2AHGRU54HHBVRBJAUZRL7A,B08VRPX4LK,1671294860838
AHZJ6HZTHTCPIY3GU43ODIG6JS3A,B07RBYJN37,1575520259823
AGQST4NBJKQWISPGPCWD6LMRP4HQ,B086X4FPN5,1606514022484
AGQST4NBJKQWISPGPCWD6LMRP4HQ,B08DP8LCTP,1604552372493
AGQST4NBJKQWISPGPCWD6LMRP4HQ,B07R99144F,1572724865627
AEPI7ISAF4W3MOCG6AIHAROLTKHA,B0742LVLMJ,1587905082481
AH63WRS7DWQWAWF2YGXIBDJ46OMQ,B01M7UD21X,1525819590738
AEQAAMCR5TETQBKJPVPMEVUKJYQQ,B07J2LNG43,1548276683021
AHFOJSSATWGLXS75IKAK6AGVBN5Q,B08C7HCJGF,1617734461297
AEW2ZINMMRGKWZ24IDHPAXO73V3Q,B08GZ1KQTB,1616952360673
AFDW6BGKTHGJSMZ6P3UN64RHO7ZA,B07RBYJN37,1558980351718
AG2ILVPLWADGKC2HK3MC62PW43KQ,B0742LVLMJ,1549500232057
AE4J3VAKESTW7DZKF5AMCHMCNYFA,B07RBYJN37,1579800785988
AEYULFWQTT7ZRTP6CJJTMHP56E6Q,B07F8Y6BH9,1544119113453
AG7CI2JFZB6U5WG7NKUNQ5LEFXBQ,B01M7UD21X,1489807653000
AH6CENMD6H6T5SSELEIPHWY2FOQQ,B0742LVLMJ,1633369381365
AEXUOEVIO4BCM7BSOMB2VJ2DXFWQ,B08N6XK1TM,1614860589273
AHH2B6FYS2WTLC6JCSUR6T6AIAWQ,B01M71IUZ7,1503020826059
AFM6MUDXVSVBC24RT5636RAODJEA,B09F9G91N5,1642121063690
AEEHEW6I65F42JW73XBOU4P5NYNA,B09LWFPZPR,1656631109126
AH3WENRJTFZWLIOXY67D5RCN3HSQ,B0742LVLMJ,1513920445212
AHNUVCV2MJV6WFGS2HMXVL7MXTSA,B07DNML26P,1535694025580
AHFLG5ULBA4CZED3VQWAZDU5P3TA,B01M7UD21X,1578515794561
AFQVQXJHHDOYBUGKNMGBOWNOWKNQ,B07XKF8CB3,1598485870885
AHFXLJWRGO7MDIVYR6ZDKG6JENEQ,B082MKSDWL,1639771394105
AHQHQNKLXCKFT4FRY66XFW36C5UA,B07YZPDHK3,1649611852543
AGO5W2WSJDDEGGIKG2IYYMZKSFHA,B07RBYJN37,1641675973597
AENAXSH7VIHKDK3JRKP5IDMXIDLA,B07MGJZ2MH,1568955167146
AETH25RWJR5DLLLP52KTAYTPSYQQ,B07XGNHYC2,1615774221961
AHRVWFSTB4YXRQIN6G5PTCY3XUGA,B01M7UDAVI,1496273958000
AGCY4JUKLKQHPORL3GUQ5CNWRGQA,B07G584SHG,1565046877642
AGXI7TLU42D57I6NX3EA74BTQXDA,B07DVXFP2N,1538615367138
AF7KHWAH7OYLX2YWXHDYSIGBRFPA,B09LVYB4N3,1657209012159
AGKMCIIMMM76ERJMATASU2TNC7KQ,B09FSV7MBC,1660447459267
AGW33EI57NMBU6BP4GP4ATCLK5LQ,B07T43BXRD,1588128688731
AHGW4ZRF52TJP5JDM574OVY2KDAA,B0BGMCZZQB,1676309611114
AFW7UYEBCX7NVLDDJ674H3YB45WQ,B084L6QXWS,1601844886860
AFXTZF2EBSLURDRAKWPBJQU4UX5A,B07WGGH1C1,1615269600805
AFBHS3SUZ4445VKM7CU5AOBNAEBQ,B08Q8H9HFD,1642270531104
AE56YGAV6H6IKTUYL7RU5V4JHXXA,B07DX25YZ1,1594071827415
AFEYLERUG76VNLJO4CM3OXTFMTWA,B07NVL6TJG,1603923576934
AE2YOBGXEHWNEFQRQ5C4VV3WM4KA,B07R99144F,1624319196520
AHACZM3VL7UARNTM4J4AFVWT3NNQ,B07G584SHG,1577920970872
AHFC5AIPTE4WKJJHQZINNG6QYRNA,B07R7WVRGL,1579405848845
AH33OIKKOPPMOJIYBUSW22TPIQJQ,B07RBYJN37,1625080983684
AFUM55HZ2FUUTXGOM5EOIED4EW4A,B0742LVLMJ,1650751243383
AHRIDWPADOZT2MWBEMSEWM3EQFXQ,B0742LVLMJ,1525979498077
AHLX3RHBMQFS3QUWEZEIMJ5RP7TQ,B07DNKDLYV,1545002860896
AFCBKGPQ756ID4NMKTSG5NSTFF4A,B0742LVLMJ,1623788002657
AG4PJPJD6I2ZPLIOXORVAV25EPBQ,B0742LVLMJ,1527897189173
AG46CYUYUN6BSEAM2UQASRHKH4SA,B0742LVLMJ,1602821720510
AESJLXGQ2YWIZPEL6EERIAXNSH3A,B0848FKTF1,1602205968199
AELWX72SWLIZLBV6NFG2UTTBMIEA,B0742LVLMJ,1554039592035
AGPYTXAQ7GAWUMDMC4OMWJGJ7DPA,B01M7UDAVI,1528884915780
AF6FRT4K6NMBQ6YDMPULVI7PKGVQ,B0742LVLMJ,1592261752925
AH3XGC6FVVSSJWNJ7E3ZX7FUTX7A,B0742LVLMJ,1519408513676
AHNUWB2S5FEJBJ4Y77I2AGCREO5Q,B07FT4FMWX,1665264995704
AF4B4DKPC6D2P73XZ3BHDSY2AUCQ,B0742LVLMJ,1590012207258
AFVKLVOHJGAKFTCEH6QF4NVDPJEQ,B07DVXFP2N,1569505501881
AHLOJE5WN7THRFQM6RHIRIHRZP6A,B0742LVLMJ,1587646640279
AGNMJWYXXAL3HFFODZBAY7HJH3IA,B07KPHM3S3,1550947721952
AE24J6VPKBJDGOMHLDMAVVDGBBPA,B07NBPQL3C,1624849335570
AH4M3QYVUCEBODS6SXVKAS3KJQBQ,B0848BN9PJ,1644003512712
AHVALD6LBXOHM37CM2KLNCVFRAFA,B07DNML26P,1539244141234
AGZS73FNNFSDKXDDH35BUX2FI2WQ,B0742LVLMJ,1532301984070
AEZEAU4XSDJQU7WG4XVQTUUNXTUQ,B07SDGKP88,1614874296393
AHL4DYBTYP7XSQP6JDU5EDJ2HATQ,B07F8Y6BH9,1582366560949
AGNF2RFCS3TFD66EBNP2JMHK3ZYQ,B01M7UD21X,1500599548508
AGZ4Q5CEACRDIBAUZHM4H6EPYVOA,B07KSDPDM6,1565975862381
AFBRAOS6BMMOXXL5OTBBMIRBKV7A,B07X5SVBJW,1600204474121
AEYVAINADTP3WPJGV7OIEFRNXIXA,B07KM6T8GV,1646527578749
AG2TH6R5TYSB5DTQ36LMRGGCVXTQ,B07HFKL5DZ,1577495205099
AE7G5NQWRZB7CRCPCJDP34GAIVWA,B07FT4FMWX,1678295509002
AFSBWYE4PG3YL6WGWYQAULRND7VA,B0742LVLMJ,1567639824260
AHDE2JJW4ACB7AA7F4AN54MDWALQ,B01M7UDAVI,1502089963427
AG7F25GCOKZIPK4SSTTYASGGV6YQ,B0742LVLMJ,1571374888065
AHSD3YUTOYX6XSZYMHS235YU4TAA,B08X7D2ZGH,1655990108877
AENBYQREMFRPXVUGI4EQPKSOC3OQ,B085W6VHP4,1615216575516
AG6ECRTAKTKFF6QAICGEARA3HFBA,B087GQ51ZB,1599490122397
AHUSQQZNGM4PSRVTCQRGDNZMYOAA,B07V5VWTMB,1666658165973
AEUNZFTGAZ2TZGLPWOKSAKLSO7IQ,B08PVY4FKZ,1625325436332
AGUBMXHTUF6QGUZV662EWOCUEIHQ,B01M7UD21X,1562713293905
AGUGF2VMHE5II7ZELZ3NP7NO7BNQ,B07X3Y7S2W,1598224766463
AEZUDO6Q7X2OVMUTNA4USGAXTANQ,B07WGGH1C1,1626387166971
AFAFKY4H3WF4M4USLWUCF5XQPFOQ,B0742LVLMJ,1592943865177
AFNCU5FZOFK6OFPPDT4OO25GCFHA,B07KJLV75L,1563657714925
AFS2WBERABVDNB5KIXJ6EBSNRYVA,B07TWRWCRT,1615251575973
AF3A5ZOSDJXIPOZGFJXUB5JXUPNA,B07H3S5Y9V,1597269974734
AHZAJ2VHFH5JTSALYQZ4SHH3UUSQ,B07KPH6D57,1551666275916
AHKJMYBKC6MG4KJDKFBOGGHQBX2Q,B085W6VHP4,1605628784922
AHMFX2ASVD4AILKMTBWSXMFVEJJA,B0742LVLMJ,1677343080225
AFQ7ZL6KGBMR66EKDH5RQV32RFQA,B01M7UDAVI,1563626525780
AFABW6RBPIVWHGBWF3OLY6J5SJTQ,B07HFKL5DZ,1636043922021
AHK2Y3T6LTDBMNRFUPMO3EFLEQZQ,B095WFPM47,1640558356373
AH3ZQDBZ7BMVL3BSP4YGVIQBRYAQ,B08D9RNBXC,1599075306644
AEH657CCJ2QJXDNC4UOL2DYUUQZA,B07XGNHYC2,1597862362443
AEN57QUDHSKM4X3J3V34SOCFGKEA,B07VGNQD8K,1578270593646
AESO7BW5PYJY37EDTLS3WVBY7NIQ,B087YPRGKB,1656290509895
AELNYJHO3SFXPBSDFIY7MHDODUBA,B0742LVLMJ,1519187872371
AGY7F5YD3C5PBWYLIVR56JOCKLCQ,B07Z412BFV,1609359129848
AFIX5N33524FSP5EAXQ7HQWWZDWQ,B07GNWWTRV,1557020296085
AEDTRHMSJCVWSFAB5CC4ZYFBMKIA,B0742LVLMJ,1591466446357
AFAC4OIUT23OIRW7EEYIKAUAEURQ,B01M71IUZ7,1489001555000
AGTT5IJIVMUPSDU74FPI2B3PZBOA,B07DVXFP2N,1557079919796
AE2TGETBU6K25LLOZIIWHQMZOXWA,B01M7UDAVI,1493912940000
AFRAI6JZ4NPSK5C7DY67IHN2HIVA,B08D9SX4M4,1604754241441
AGRQMLJ4PXBJBNOEIZV3KOEKHYSA,B07G4ZWJB6,1636139967814
AFUUOCID7CXPQV5HSETR4VRIGPXQ,B07VGNQD8K,1597704699477
AGXVVZYQP3CV23S3QVF7CRR7HCXQ,B07DNLG9ZR,1680217473859
AFZ5RXVWVQAOCIPTOQQHZSH6NOOQ,B07KSZGDD1,1620397402961
AHGABMKLCHWGIBSRIKTKPTMGZY5Q,B07LGDPY7P,1579640036332
AEGOAVX62G3LTOV5GJL2MA7KARIA,B08H5MHM3N,1626089090035
AEHIC7QYUFXJRUAEFEDTJZXYS6AA,B08M9X9KTN,1656536269674
AEYQSVAJ5T2TN55R7Z6XJBFMK5AQ,B07RBYJN37,1609819318987
AGDTXCX3N276FLM4YV6UPKKNXR7Q,B09MWKJN6K,1643484102238
AF4BGMSUWN5DLXKXWQ2AOXZUGR3Q,B07KG5RPCF,1553087187693
AGNAX34E2Q55OV3LXYXRSONBIV3Q,B01M7UDAVI,1496084296000
AG5OG5K3DKCBA3SNMEZ4YUGT3D4A,B01M7UDAVI,1491427114000
AERWJV5XNQRP6OWA34GCVOFVLOBQ,B07G584SHG,1638815594890
AEGJGF2WD2V6VABJFWBQIPQKD4WQ,B07M92KQS8,1594171026839
AHIPJBJRPQB3ALNVK7MWR3ET5OWA,B07QC7DPFW,1578310661787
AHFEGDR6ESUKPANMFZNUULF6EU3A,B08R5XBH6M,1638722302617
AHMZKI5DR6YVRY56C3HP6XTOFF6A,B095WFPM47,1626895194642
AFC4OFHF3KELTYS4CQB2M4LLW5ZQ,B01M7UDAVI,1573569209144
AGQNSMVN4GJGBKZXCYAYVVT2DCGQ,B0742LVLMJ,1516111759103
AH2KE3NQNTLCPQ6UJMSHNRCBBVUA,B01M71IUZ7,1501637392464
AE3T2PGPCMQL2GDJA4LH6PM762BA,B01M7UDAVI,1594170957731
AHY3DQ3JOXHA3FAOKVFOTDQ6VZNA,B07VGNQD8K,1600020912098
AENHXTSPK7V6FOQ64NZ4JUENHNIA,B0742LVLMJ,1554408604753
AGG6NINI4XSA4D6NCH7XHJR2P4UQ,B07MGJZ2MH,1635391708097
AE5Z3JDP3M6BEWUPZI373S3VYOFA,B07KRGB574,1667571348230
AHNIMVU7UIYW43F7UBTDUTRUREPA,B07SPDBR1J,1591213750943
AEYJTEEEI7BWX35CMXCBQQNVGFUQ,B07GNWX112,1578497720718
AH5KWSSUMNKZSVU3XLGWMGUNIYFQ,B07NBPQL3C,1553713060669
AH6BVRG7ZN7F55ZL3MKZNR4XZ7TQ,B08WG66WYD,1641840169885
AENRV453AIPRMJJARRYRUKDOXE7Q,B0742LVLMJ,1592633037699
AFHI7PWCWBP5JXL6ONYKBEEGMIUQ,B0742LVLMJ,1581868073641
AFHI7PWCWBP5JXL6ONYKBEEGMIUQ,B07DVXFP2N,1563915579916
AEKKKXZQ4Z7XI3QUJKJUPY5GI2TQ,B08DDH4Z5Y,1656114613035
AEKKKXZQ4Z7XI3QUJKJUPY5GI2TQ,B09LZ5D6NJ,1654983105866
AECJJ6TNYH3JRY445X32VNYWZX7Q,B01M7UD21X,1578427835940
AEDJC2EWFVUMAFCJ4D7LYNX4VMLA,B07KTB8PHS,1612963700271
AHGVGHCXVD44UUKN6YUXL4KHMCPQ,B08D1W87FB,1600977722867
AHGVGHCXVD44UUKN6YUXL4KHMCPQ,B07NF12XPB,1574335921104
AGMYENP3QM2REECGR7EDASUKX6SA,B09NQBMSFB,1660948094741
AHHANBH2ESMVSCG6HID2OELQ4IMA,B08WM3M1DJ,1665051005682
AFOWDXOTYX2WNDGLPPINRH2AXZHA,B08LDMKH6K,1632770032782
AHCZMW3NBJ5J7KGSHO2KCKXUSNEA,B07GNWWTRV,1542169923529
AF7DP66YSBHBPZAFSHWFBNKMCBBQ,B07VGNQD8K,1630778750149
AERTLIEIJCCPH6UVD343IR6TWTGQ,B0742LVLMJ,1547837455751
AGOZIHZY3XOSS46HJMBQ76UNRPSA,B07VGNQD8K,1649289843104
AGFJWWN3J4SFSIOG73EVJO3HQAPA,B07DNKDLYV,1540611443307
AG2GFWFH7TW762C2CU74IPALQEAQ,B0742LVLMJ,1541105808184
AGDJ4A4PCMORLAHTKNXBCSWNA4XA,B07G584SHG,1614147699108
AGZ36PKYTMRW64LRHDZHJDEEQNFQ,B07HFKL5DZ,1596735142752
AEG6TMKVX2CCPBCZBLJFRSBS3IAQ,B07XGNHYC2,1613050128701
AEG6TMKVX2CCPBCZBLJFRSBS3IAQ,B0742LVLMJ,1562105508095
AGFVLWDT3GS6PIWOZTNVXO7J2R3Q,B07FT4FMWX,1603590485708
AHACDZ2J56YHMINMKF5YTQCLIWDA,B07GC3X8V7,1539695873578
AHOFNZUYSAX2ELLTXUHFVSDYY5FQ,B07QHFMRL1,1603926801826
AGQZWA4Z7LSNA77HMKWDIBLSSIBQ,B0742LVLMJ,1599181992730
AHFJA2W6FRXEJ5ZOH5NOTAXVNYNQ,B01M7UDAVI,1529174545599
AFPBYBHKBWUAAVNULGUFRFY6UDZA,B07NVL6TJG,1566528904075
AHNSVUYHUVLLYX44UG4RD74FLUHA,B07HFKL5DZ,1595704265415
AHYM52ROILRZAPJJTM5YMPL2UY5Q,B08D6X2RD4,1634246459550
AHEVAVN2GO5CZFU2LJ5V3CCELTAA,B01M7UD21X,1566848562646
AGTU4WYO7SR34QMKYBMRS4Z57J4A,B07MM29FQ3,1557622985029
AFPDNRK7WW4DRTEJU6XOBTONEPIQ,B07R7WVRGL,1650365449445
AGUSJ4ITFIXT7ORWWN4BHILNEORQ,B0742LVLMJ,1564938113601
AEVETLEEJEMPZQXSWJFZRXER3O7Q,B07XZ9MXHJ,1613141253460
AGXROBUT4VIQS7RAFYCXN36SJKEA,B0742LVLMJ,1561698577243
AG7ULDR6HJDWZ2IHDIETTPID5XYQ,B07STGWT1P,1566693932709
AHAOZDDCJZOWTH7L6E7BNTAJ5U4Q,B09HKZ1XRL,1646921571435
AHSITCRV5HZO7UJTYYV24VOY3LPQ,B08MW4VG7D,1629220521771
AEIUK7PHFR3COTBIJADCTLV3EE6Q,B07HQJPGL2,1579706486843
AGR6XBNUD5HL7ESOCKUP4HKOF6NQ,B07T733WLJ,1607388060458
AGXTBZIAGW3QPTMF3ER745AANGJA,B07F8Y6BH9,1594739435808
AH53OPQMHR6QS3B57CQXPE2IN5ZA,B07G4ZWJB6,1609465455193
AE4M2D6533WRKS3K57LBYW7IZIAQ,B07VGNQD8K,1611344894796
AEUOM6JNQAWE5WBKEJLER5ULWNJQ,B08MTVHTRR,1622064741498
AF7EKUQQ6LBSM7ECZF64FRMUUEZQ,B07GNX28KS,1547664406274
AGF5XPUUETAIQWCTY3NNDVL2BONA,B07DVNJ5LP,1544837731048
AFQ5NQBBNC2C2UPCJBL4IOMP4NAA,B08667FB4J,1610555696919
AFQ5NQBBNC2C2UPCJBL4IOMP4NAA,B08667FB4J,1610555696919
AHLSOFLBOFAL65STSRTDJQWWEG6A,B08GZ1KQTB,1625832254560
AHCINPRGDD3GPTS6DCLROKYCAI7A,B01M71IUZ7,1524657541338
AFZZYMAZ5UIMMTU7SB4TRS77CWFQ,B09293LP97,1638098443207
AGUXWATLJJNKFSM27P6DIHB3RLZQ,B092587ST1,1644386318706
AGUXWATLJJNKFSM27P6DIHB3RLZQ,B081TBW1FB,1597781444928
AEYBIWNSCHCUVGTEHQ6IWUANY4ZQ,B07GNX34XV,1541699678301
AEYBIWNSCHCUVGTEHQ6IWUANY4ZQ,B07DNLPCB9,1538199875340
AH7F6QNJ7MY63BTPGK6POKKQPZKA,B01M7UD21X,1575219285365
AENR5S74RCEP3ZKAJDLFI22AWEIA,B07Z9GMW7Q,1599336647277
AHZDRNFJJQ2QPQ6YTTLWOPAL63EQ,B07THJZVK1,1629341589404
AF4E3X2C5PKBNR3JMMEDPLOULEFA,B01M71IUZ7,1530458224174
AE2RM7VKRZVV5WGFBMMMCDOKRTLA,B01M7UD21X,1570602776303
AE2RM7VKRZVV5WGFBMMMCDOKRTLA,B07NL8SM91,1566414543955
AHKFQMY7HDIB67WLXGRDWKIU65QQ,B07NVL6TJG,1571547766772
AGMVVDX6V2HR55W6SWPKYW4HNPZA,B09R3KVR5X,1660499475103
AGAMZVLI7I7PHXU7YVN2DUTPCBJA,B07VGNQD8K,1656386180961
AEV665QFYAIDFO457ZWLOKOBLQVA,B07G584SHG,1593130859786
AFGI64IFNLKYRAIEVYGYUSADIQQA,B07VYTBJKP,1654390501597
AG4UL27U7EVTFN5U6W73DEGWPU3Q,B07LGBQHFB,1582752688552
AGYT435GTFAAXNCQBZJL3KXSUFOQ,B07HFKL5DZ,1623376520758
AEMJF6EPU4UON22INKS7E7KAGTJQ,B08DDK1TP5,1644695980391
AEMJF6EPU4UON22INKS7E7KAGTJQ,B097B2N157,1644695826941
AGDYKEI3ZAUMLY4BZTER5JJIGESA,B09M7F3HYK,1654371515639
AFAF7SCGAGONGPUADRASCY2X7ELQ,B07RBYJN37,1588610050937
AHH72O4ESHPBRKJIOEVEXJOBKFDQ,B086JBB4HD,1670478486904
AF5BYAA2L5X7CSXUWJDTO7C77BGQ,B07X5SVBJW,1617690440917
AES5FKQSUPV5JNKH6DHKDQOZE56Q,B08GDYSVNN,1625336528273
AETTMCWFRRAYUZ7Q5V6NM6SQQJ2A,B086JBCVB4,1625774708649
AFUJ5DMJGOS3XJUEURO4STLXIXVQ,B07X5SVBJW,1623320416248
AFLWTEAQTIZ2E3G5CKFOUXBUOWJQ,B01M71IUZ7,1506013821418
AEB4SC5EGTZZQ22JJT67RAGV6QUQ,B07HQCCD29,1572281513088
AGR4XJOFJ7JTPSCI5URGBFBPIWCQ,B07XKF8CB3,1629140062672
AHHKNZN5HAXJH66PE6KSCKB7L7EQ,B07G5GNLG9,1577044588700
AFPJROIUWJWP4SEE7GG7BDM4E5ZQ,B07F8Y6BH9,1615847073589
AHZK6FGGNVVYPNHAS7UOFHYNBADA,B07X3Y7S2W,1616504705671
AHZK6FGGNVVYPNHAS7UOFHYNBADA,B07MGJZ2MH,1612359476357
AFBYBTVPBLPHAPWMBTZGXNZ4S3MQ,B07V5VWTMB,1609471732666
AEPVIXOSC2KZTMTBSRZSQXZ3THZA,B07G584SHG,1603060509176
AERRWYU2TFQ3Z2INNXKAXZFZUBTQ,B0742LVLMJ,1603663816273
AFUKDYFAULTND6VTIFJZYM62BM5Q,B01M7UD21X,1567062195579
AFW373BQ7S5JTCI37O2TFDKAAEDQ,B07T5JT9D4,1595953187334
AFBZG4FNZWOTROTRV37JZBPPVE3Q,B07KSDPDM6,1628456016628
AE6PFGAUIE3NUNMOVBTRJF2OS6GQ,B07XGNHYC2,1591181078894
AENOSABAE4FN5HIC6X4Y27BNYLOA,B097B34JVF,1642116274327
AENOSABAE4FN5HIC6X4Y27BNYLOA,B097B5M7VT,1635970169438
AENOSABAE4FN5HIC6X4Y27BNYLOA,B08DDJ1QRS,1635970103272
AHTUWP3XF5OW4DBTJV5YZWYYUIEQ,B08JV4SYTC,1677869458149
AHTUWP3XF5OW4DBTJV5YZWYYUIEQ,B07NBPQL3C,1602010272529
AEYSFDPY6XL53FOCCPXBQB7HL46A,B0742LVLMJ,1555682668409
AERGQ6U7YCR6JZ54FFKYPUM7PFDQ,B07WGGH1C1,1575572066062
AFKZESU3PTCQ2UVDBDSFVFTXBFNQ_1,B08N57VT7X,1659567811056
AFQHWRHONW5QBT5QJJQHFEPZXVFQ,B01M71IUZ7,1571607538427
AGXAUHYGH6UZT3MVJW6U5DLO2SLA,B09BDCTCKR,1648562402760
AFJ6LJXPJU5P7YOSJALZ2YWJGH2A,B07DNM6GBC,1545841812761
AFB5L26ZMR3M5IXB3TR7NBTIFEYA,B07MGJZ2MH,1562637973991
AG73GP7WDJJA52LMOCHOU2JIJWYA,B0742LVLMJ,1551061432679
AEE3JY7DYRGCDVKLNPZJ5OADLKKQ,B0742LVLMJ,1532633440237
AEOWCSHJASLMADHZ75NFRX2WATKA,B0742LVLMJ,1529989168070
AEJJPONRO64WYIHI4G2ZBKRB2LGA,B07DNKDLYV,1533862994659
AFOM5PH5TAXST3MXZYD5BFCND3HQ,B07L3W2MDL,1656480553492
AFYPDTTTQ35YFK5W3UVFMYHV5O3Q,B07GNX28KS,1557608787863
AGTBH2UDUXVWKNDYBCEVRSBBUOAA,B07F8Y6BH9,1545066097462
AHOPGCLYQIUTFS4VM342BP6SUZOA,B0742LVLMJ,1537459834245
AGXH2SGJROEUKX6SP7BL2N3YQLGA,B07WGGH1C1,1595709173751
AGXH2SGJROEUKX6SP7BL2N3YQLGA,B07XGNHYC2,1595095234623
AGY3B463AJCPZBXTDGRCIJPOMD7Q,B07NVL6TJG,1573163640624
AGV5ZEI3UZ6RNDDDQ2AD4OUUX2NQ,B07F8Y6BH9,1640039816641
AFW7ISN4K6BV7IBCPWZ4S7LEKMAQ,B07WGGH1C1,1596369560940
AGZKSWORR3L3H47V2DFPGI23ALEQ,B01M7UD21X,1490369941000
AF6J72EYSCSA5KZRBRNS2TJ445MA,B092R25R68,1662304672769
AE7H3GOR3KXSX2JUGBCPSYB2UKYQ,B07DNML26P,1547922395508
AEYGG77IEJ4TJAWP7MLPBN2KMDPQ,B01M71IUZ7,1488738250000
AEHJRI5HJTB2VJHQYQ53QIUGGAAA,B0742LVLMJ,1557011762951
AHKOLGCG4PR2VC66SVY24NNLB4UA,B07FQWLCT4,1543619619590
AFEXLIVOB4HV2RE7FARQAVWIHLOA,B07R7WVRGL,1579533276901
AGFNQCCORS2MQB5ZWPYNK4CNLK6A,B07X13T5H1,1607048432649
AGCXWBUYJI34JMUBJD7SU6BYVWJQ,B07DNLG9ZR,1597568668009
AFAGYMLEK6TWXQGYUFXN72WWZEOA,B0742LVLMJ,1596942762854
AHESVXH2FFK54UG7HOQBPHMPISSQ,B07SDGKP88,1577938951413
AGEJPDR2NTSRJSFSFT2ZEO6OFWCQ,B07KJLV75L,1613762833340
AGCBOS5ZYYI62H4DUMGJKEQWEZ3A,B08N6W22SR,1649026056897
AH3RSTQ3AVP7FOQ64LXUT2GVXXFA,B08C27S4H6,1597687369771
AE4DMIIXLG3JTZNUIBWWI2B4CJHA,B075NM1M1Y,1612664852536
AE6ZBNDST5XRAL6CQFJ6EJZKG7QA,B07SDGKP88,1621104152402
AFN4PLFNP6EEBJ7FIK46B6AUVEAQ,B08GDYXWBG,1624473497870
AGB7RGBCQUK4F3NMXEKXWFCBJD5A,B08K4JKG3C,1629412400648
AFNPJLMRGXCNDVVQVTPBVP336RTQ,B07GNX34XV,1541802177135
AEPT2F5PYYMUK7ZSLUVYQ3PHXADQ,B01M7UDAVI,1498584101588
AHL6ITWFWAMDZKDRPA62ODLE5VZQ,B07DNLG9ZR,1544240193308
AFWHX46FMQKSNQJQ7SJNBKJA2HWQ,B07NVL6TJG,1582698490256
AEQQEHSEBMUDL5MPCTUMKXLTENXA,B01M7UDAVI,1535469669867
AENAPLM4HWEEOHLDWFY4FN7TA3PA,B07K31MZXS,1587523874719
AFWKPOJDX7YIBVLWQ6NS5T7SCELQ,B07WGGH1C1,1628777310417
AFIJYLKGNVS4ATFVWENEOFWA6JDQ,B09NQBMSFB,1655768526442
AFZG6FY5SAEP5S2PKEXT7KFBPLHA,B07XGNHYC2,1595281022168
AFEML7JOZAFDHFELBW4MZS2QTSZA,B08GZ1KQTB,1624677232849
AHLQHNQIT3ZBAYUQ6PVYOSWKRREQ,B0742LVLMJ,1604694758139
AHE7MN2WZHNVDAHZXZWFWRN6KIHA,B0742LVLMJ,1659641395307
AGFLNOHFOBEKXDXQQSDIESZT3WSQ,B07XKF8CB3,1647994060709
AESWMA2JLMZCZNFPHARSEMYAHEDQ,B0742LVLMJ,1553212875292
AGKFZJYSRVKIL32IASAXNG7UKDKQ,B07V5VWTMB,1607740395283
AEP4XKVGFBMQP3S6YZIXZAKMDMCA,B07VGNQD8K,1590867539182
AHV6TL3FIFXBDYOWETKCKCMJS5TQ,B07VGNQD8K,1599164253517
AFQOJYESL2O4KYB267ZGLH4BFMYA,B0813RKSXT,1638246052591
AHX2Y3V5EMCYQ6DWGBWVXYWHGIQA,B07F8Y6BH9,1599098061394
AFHSKLONCBK2CQOF7SGFDV2KOQQA,B075NM1M1Y,1536294838653
AFFHYV5KMPJIMIU76WH2ISWP45LQ,B01M71IUZ7,1508128140079
AGFTCKTO2ITFOQMD6FOQRWKAWAFQ,B07DX3D8W3,1537459591836
AEAYOQCAGLACOW7MIH7BYUL7RFRA,B08JQMD7B6,1638716302454
AFCUGZTYTORYXBXXQHICKX2EEERA,B0886L2QJC,1598288661732
AEIZHVQHNHK7YH3GUBK6RSUNAYTQ,B07GNX2VPX,1567834751393
AEIZHVQHNHK7YH3GUBK6RSUNAYTQ,B07DNKDLYV,1554751029216
AEOXWDXGZI3UDUC4R4NE7HPG23SQ,B07SPDBR1J,1567122071906
AEMN7CA7G7GLQ3YA6IR6XSDZNNNQ,B07G584SHG,1648044442505
AFOYSQ6XKRWFEU6PRPS36TVGWT5Q,B088VP76ZX,1622204280803
AGWSV2SEOY675KMXXEA3POACXFCQ,B07NBPQL3C,1624824914799
AF2ABWWL3RFKVZ4DHRI36SHVB42A,B08R3XRSRS,1612977717561
AH32FPRPWSUVUEDYTU3MZ463LJ6A,B075NM1M1Y,1604532453525
AGHCHTWF4CSQM7MVD72ZB6GKET7Q,B07SDGKP88,1582012685480
AEUW7XKM4KDIZTFHHE6LLI377VNA,B08JZ4SVKN,1641048506207
AFPUKVECGVRZD5WFOHN3EQRX2Q7Q,B07DVXFP2N,1535134603857
AFHON6B3CAVW2UMGJDQKSCVL6RYQ,B07X3Y7S2W,1627828751328
AFZUD7TR3CNRFWQKONVDJDZCHJEQ,B07WFHJDB7,1595896077480
AEV4VSGU3CVJZE2S6AEQ5XICGTPA,B01M7UD21X,1500664457793
AEV4VSGU3CVJZE2S6AEQ5XICGTPA,B01M7UD21X,1500664457793
AH5BPBJAC27474AZCBVYQZ3AEJUA,B01M7UDAVI,1580689641007
AHJIR76MFGCQ25ETPE6S2DXSXGRQ,B07GNWWTRV,1557190279367
AEQ6VTKX5BS3NEUNLINJLDBA47LA,B08J5G99FK,1627450082999
AEQ6VTKX5BS3NEUNLINJLDBA47LA,B07KG61VNT,1627449997280
AHMG5BQNEUTVOED6O24CSM2FM5MA,B091Y386PQ,1634430068252
AEYFLXXCVIODFS2ZT7B6YG3KPAPQ,B09DTB44BY,1650806843657
AEBOIBYH62R5JIMOUYO2ZICP4ZRA,B07SPDBR1J,1567043674197
AGOINL4NJDR3VIT7URYFIIAOXP2A,B0742LVLMJ,1511309129589
AEWMIAY5UX27XRT3SOWHHPQLZJXQ,B01M71IUZ7,1494096688000
AF4QW7ZTJIBKVFDWBCSSZKJHZPRQ,B07G584SHG,1543198431703
AFVS6E4QTGESWCU2JAIIYXJSQ5CQ,B075NM1M1Y,1549825058606
AFUIPT2NDDFYQL7DZEZDIMATA4DA,B0742LVLMJ,1564502362154
AGXEJ4LFMO2Z46TOXU3727GI5NRA,B07QXSYDGF,1614115007647
AELK4J6BIXPMIENFDF2I724EP6WQ,B07XGNHYC2,1621283205070
AEI5AGM5TOYND7ZJDQSM5OAJIFLQ,B0742LVLMJ,1555454694624
AGXIG6K35TO2SG42TKGEZDMOHJSA,B08M34VGCK,1626627380768
AFIZZF6EAKHX3ASL67K6MURBCE2A,B0742LVLMJ,1521694450754
AGV3HXC3QLT2XDXSKTDB3ND5ZG2A,B08R5SZPNZ,1649984151037
AH7UEKEWN3QMAPI5Y4IQISTH542Q,B07QXSYDGF,1591058258678
AHJ32VEIPK3TI6MFWN5PJIYVBLGQ,B07VGNQD8K,1588802294104
AG7SL2M4F7TKSB3SB4FUCQLM7YJQ,B07G584SHG,1565812665643
AEOW3IZHJZEMRVWBLNXIQLAIPSCQ,B07R7WVRGL,1591467327337
AG3JJ7QTTWX4P2KPRAGB7V72TP2Q,B07NL91XW9,1564181110511
AFBM443QDVPNDRNBB7QYEVQTCBQQ,B07X3Y7S2W,1642864540556
AEQ5SMKXK7LXC5RWSLME6VG6IXKQ,B07F8Y6BH9,1536767686188
AHT24XTW2VZFPV662YWRPHWQM6QA,B07GNX2VPX,1541299643951
AHVGM25SCHTRQVQ4NKLQIPYQ47WA,B098BGWMP2,1662807863651
AG5NG4QLJQY3DRT4DXW4HRCBOWZQ,B09M7GDZ46,1664786514332
AG5NG4QLJQY3DRT4DXW4HRCBOWZQ,B09M7BQDHG,1650772363002
AG5NG4QLJQY3DRT4DXW4HRCBOWZQ,B09M7DQGG1,1650772210853
AGPMU563VR74HIF5S6DVW2WD4TGQ,B08MWPG77B,1623026369444
AFJ3Y6XBCAALXIAZI3RV5DGT5NOA,B09NM4BPM2,1655167837709
AHFSHEFHNNV3NLRQUSD35EJ56KOA,B07DNML26P,1540743156982
AFIA63QHQHU5RKOJZGEO3WKKUUHA,B01M7UDAVI,1515626985447
AHW3IPPFUW2BS5OLT4J67VO6SVZA,B07DNML26P,1544032183804
AEILWFXS5XWD5WQSFTH3XMTP6BQQ,B0742LVLMJ,1623934139639
AF32HBUIUJ3M7KYL5JBXQVQPCIFQ,B01M71IUZ7,1558998880294
AFJ32EFQLN2T47HFIP4UIQAOI7IQ,B095WFPM47,1628972578794
AEJRLQFAL3ITNN226OLLQEEJJMZA,B0742LVLMJ,1610636914814
AEV5XBMQ3RNOANNSTWCMSQ3EEJDA,B0742LVLMJ,1561700238107
AHKFOOAMUJ7OJGVC6ONTVJTZ6ZVA,B07RBYJN37,1574641761643
AELKHM42JODL5QSJIXUUATNPENAA,B08GDWQ46D,1618186005311
AEJIWMEA7LSPQIKQTV2KAI7HNWXA,B07F8Y6BH9,1590792326033
AE5JKAN2GPAQMIWOXSLV7ESFPTKA,B0742LVLMJ,1538793693814
AHMVMSHN7EXZY2ZW2RWL7ACIVSGQ,B08C1NC54P,1614108940441
AH53CT6YAMDS7A4GISVIDN3QADTQ,B07SPDBR1J,1581551873957
AH53CT6YAMDS7A4GISVIDN3QADTQ,B07V5VWTMB,1581551798133
AE6UJQPNDKAFTHSVEVHW3OJQSZKA,B095WFPM47,1624412021501
AE5ZFYXNJQNTWU4YHV2RK4GJN5PA,B07MGJZ2MH,1592322828108
AE5ZFYXNJQNTWU4YHV2RK4GJN5PA,B07GC3QLWS,1592322785248
AH2OH2YE5BZTT3B75E23EPJEYDQQ,B07L9GPFQJ,1564096713464
AEGB2OV6GIVHVU6WQWJVS6JWBSWQ,B07NVL6TJG,1604688950502
AEWY7AQE443CEV7FWVWPMY4ULEOQ,B07NVL6TJG,1587161721280
AF62PE2XOZ7Q4SCT4IGNZNGWM7ZA,B08MWPG77B,1614096520748
AFV6RC6IIRZDYJAVPHFAZYG2MYUQ,B08H5MHM3N,1648406094288
AHESB2XAH7O6HDH72YVLT72MZKVA,B096MS17VY,1643406773896
AFQQCEIJ45G6VQ45CJ77RBWCZYMA,B0933CWY6S,1623677626766
AFQQCEIJ45G6VQ45CJ77RBWCZYMA,B08PKVPLTD,1617999023274
AFQQCEIJ45G6VQ45CJ77RBWCZYMA,B08LDV5MBB,1608151914200
AFD7NYKWHMXHVPYZPKU6E6ZLCBHA,B087YPRGKB,1633186766405
AGBRE7PYTRUQR7GCEYLQ2JN4MGAQ,B07QL1JRCN,1605372773126
AECUVX3GAKOJZ5QSVCQIPOLMCMRQ,B07MGJZ2MH,1642958964352
AG2RQS34ATDO3EVUSYVQFOXOV2RA,B07RBYJN37,1578356637996
AEZA53AIVG4NPYF4CDZEGMLZH5QA,B07H3S5Y9V,1589860488787
AHO3IA6C26AN6BYQS7Z5X2OFA4DA,B07VXJR1PF,1575473518605
AHVJG3O7ODOI7WVTF45QNC7JLQJA,B07DNM6GBC,1576956128144
AFUDXRYYI4FLCIM7W7FMU4QNWHPQ,B0742LVLMJ,1660239119095
AHIQVZ42UG2RRWQNMX3EFHL7ZTLA,B092R5FPR3,1629482303848
AFEEWMO5W6UJ3MQZZ6XT7JJ3F6EA,B01M7UD21X,1594932469101
AFD5IBTIAJGL2FJCU2AE4KWZQTHQ,B07SDGKP88,1573096531232
AGTPGLF5UWBFHHJAVW4FILCYZMOA,B01M71IUZ7,1577215169886
AESBBFLKPC7D5BNQPDIOYU77GXWQ,B01M71IUZ7,1494096362000
AETPA6CCJWH5UHAQMRN4SNKJZNCA,B07DVM8MM5,1547705117793
AETPA6CCJWH5UHAQMRN4SNKJZNCA,B07G584SHG,1547705017113
AETPA6CCJWH5UHAQMRN4SNKJZNCA,B07H3S5Y9V,1547704881981
AETPA6CCJWH5UHAQMRN4SNKJZNCA,B0742LVLMJ,1547704713069
AGJ6W57PHZDRZXR4O4GXHXKMZBEQ,B07STGWT1P,1580857860608
AFRG2LB64KAMAYWPT44SOLQP26HA,B082VJXRBP,1600709778622
AGJR4OY3AFC6DAIP3SLANJPTPR2A,B07NVL6TJG,1622923938513
AFH6CHATYYN4RWPP5FKSETESKYDQ,B0742LVLMJ,1590412744859
AGKGB7D2EVF27FKC6FWL7OU3XWUA,B0933FHCTP,1632862512040
AFOS7XNT44GUSJBUODUGTD5XB7ZQ,B086K3FB5N,1663949818657
AHPNJC4HHWK43MKNIA3LCBEMTZVQ,B07YZPDHK3,1599499466753
AHPNJC4HHWK43MKNIA3LCBEMTZVQ,B07V5VWTMB,1594421296302
AHPNJC4HHWK43MKNIA3LCBEMTZVQ,B07YZPDHK3,1599499466753
AHPNJC4HHWK43MKNIA3LCBEMTZVQ,B07V5VWTMB,1594421296302
AEY6WCSNMIUK46XFI6CZPVEWG2XQ,B07G584SHG,1626285840203
AFKVBF7EQ77GUJSEC6D4UR6EPZFA,B07HQCCD29,1544451099487
AGSU3QMQCZTXRPNFJDBM27CXUPSA,B07G584SHG,1566169105191
AHRUQR77KTSUFRFKUCHQF6TQIJPA,B07KM6T8GV,1622506898488
AGURLJK4ZTUMCQTAR2HOIU2H4JDA,B07T5JT9D4,1613532272521
AHWP57BWRY7N45KMLRJVKRWYYPCQ,B0883GPLNG,1604864077312
AF5JH74FHC5YAOVKR6ICUFKJRRLQ,B01M71IUZ7,1555523964922
AGSXUDT4M4KCBRVOP5M5LZWFR5LA,B07V5VWTMB,1622777790511
AEBYMWDPTIY35CO246ZTEWQDKAGQ,B0742LVLMJ,1542773009547
AH6BRVSXTZANRROEODEZFJX4G6FA,B07NBPQL3C,1666756896774
AFWDCOXYR3FSWEO7773FIW5WH3UA,B086JBCVB4,1610647978245
AEUC7HQXB4R3LQGO3GTW6CLAUWTA,B0742LVLMJ,1554264698958
AEENRJVF7BQLN7ETF5YB6KKJMCKA,B0742LVLMJ,1581467172279
AH6AIEMY3Q36RI4GPEVTV2CXMYLQ,B07DNLG9ZR,1547570212908
AH6AIEMY3Q36RI4GPEVTV2CXMYLQ,B07GNX28KS,1547570091704
AF475XF3OEDYW2VMPOTYEG3HO5OQ,B07DNML26P,1630603346238
AFMABYPSTUMPV5235HVSMPS77P5A,B07MGJZ2MH,1663643689877
AFC2XL3CCED3DFCEOUZODDKF5SOQ,B07VGN44WK,1577570109075
AFC2XL3CCED3DFCEOUZODDKF5SOQ,B07WFHJDB7,1577569729084
AHLW47NBCRXPTDFWEP6OWKUMP36A,B098QZJ5TK,1649109697959
AHLW47NBCRXPTDFWEP6OWKUMP36A,B09NQBS63Q,1649108401511
AHLW47NBCRXPTDFWEP6OWKUMP36A,B09NQCWDNK,1649107828937
AHKJ4FIQ3YG7WOWT746GOTJR7EIA,B08LDMKH6K,1634462389500
AFOH3IIVU6WXR4GBCJWI73N2RSKQ,B01M7UD21X,1493917629000
AFLOAD2YFJXISF4JN2TDPGZD36UQ,B08D9R31JV,1613599924978
AHD6O7UTHG5B73YGXO23UJUKW5GA,B08MW4VG7D,1629062422166
AFCUVMF6IZUG7I5VTFRWSDUC7N5A,B09MWKJN6K,1664737657572
AE3NAOIV4QOOC6SMJWFKFMUEF6ZQ,B08SHQ43N1,1644720831982
AE3NAOIV4QOOC6SMJWFKFMUEF6ZQ,B086JC92M8,1638488397106
AFSTAE5DO2S7RRDHSSF253XVN6VA,B08MW8X5WB,1617305669704
AHYFPU2HANQMAYFWZZZMMUQXHLAQ,B07PRK81VF,1677873122666
AEXDVBCJQNAQJTMOWKHYUT2LXYXA,B07H3QNJ1Q,1572294259676
AGKFNLANEOFP62BMLJYHGFSJYRIA,B07DNKDLYV,1663904857211
AGJW7B6RPT6MKAKSSPMQJOFI4DOQ,B07G584SHG,1606848343166
AGPWY4KVIKMPGVW3C2N7EMF36YUQ,B0742LVLMJ,1608057431114
AHQIKYMWJHI4HQJOPXUCZQIGFKWQ,B07S5C7LR4,1620576644698
AGFGP4LCNVBENCE25E3G4SOEA53A,B0859KKL7Q,1618611480498
AF3LZBVEBDCN4AQBC7ZNADJJRXZQ,B09KD764K8,1677203002325
AG3I6U2CORZW4SN4LMEFXBROVFFA,B01M7UD21X,1485960993000
AHMJXSQP4V44RUIKBIOYZYMQKLWQ,B08M9X9KTN,1627056631272
AET6EO63SAR6VIJZ5M7XY7KCK2CA,B07R7WVRGL,1562161152097
AGEBJY77IXG5SOZFK3VZBLINLVBQ,B01M71IUZ7,1525126960771
AGLO22TBI7DGMMDWKXZNJITQOJ3Q,B07HFKL5DZ,1608213568784
AE224HI2GTJDDOBC3RN3O5SDBNOA,B07S5C7LR4,1578244160736
AG5O7KK4XW5RJEQ2KYRM5TQIMLRA,B01M7UDAVI,1567703453849
AGCPDN2OGQ6UMZWFZYPNRAWUMYXA,B075NM1M1Y,1572292573484
AEJY6G3KWS7LNZFU5VDZEJYIZMCA,B087GQ51ZB,1652364335769
AGHEWP3DDMXATIZHX2RYMJSY3OVA,B09WDYD1QX,1659386750948
AHNJTDIDR3OAUVUQFIUICVEZH7BQ,B07R7WVRGL,1624212381691
AEYTZXECPZD2ZRA6QIF3TA54ABOA,B01M7UD21X,1497900679533
AGU4YFVR4WBC6WRFPSPXTYD2GCLQ,B07NL7BQS4,1556557267175
AEQBGR6LCUBMQ3ZLGK3URE7ACUQQ,B07X2J2QV3,1597871057847
AEF6P6VCBX3LV76VBMSPJLMGXCYQ,B08MWPG77B,1613042481347
AEKVTY6RKLB4IYZKZXOZNEFGZLZQ,B082MKSDWL,1593539191765
AHIMY7FNIAFKOWCVI5SDTTD3OH7Q,B07THJZVK1,1611776365487
AFSE7N7OMUONHWFWHQXJRMZGHZOA,B07NL91XW9,1572896176468
AFDCGZIVYAJU5WYQXBWSC2V6Q32Q,B07F8Y6BH9,1608042560856
AGVJGV7D2ZWI2K7TOVAAAIMMI45Q,B07XGNHYC2,1628880383239
AHIH7KXPNCP6AX5ZKANI2ROM4NYA,B07G4ZWJB6,1575826625870
AGD4ZCMEDV2KCEZCI63IEPDNEWMQ,B08C7HCJGF,1668925450443
AHZPFVPZG7AOTW4EJ5ZWVNADCDIA,B07X5SVBJW,1588782018479
AHPD25EO2ITJNU2SZK3FCICMYDFA,B097F3PVMC,1645809844360
AGCS27SKVLJZELVVMDW4TLY675YA,B0742LVLMJ,1553896952011
AEWGOR36B3CMA7DMOI6U77QFCLGQ,B088YB3PRB,1607123320959
AFI53XES24D4UGQKUCWL2F2XDLCQ,B08GDYXWBG,1608925331078
AHRTOCZJPA75TMBNOG3IFQDIRP2A,B0742LVLMJ,1599150544593
AFJJUWSFAHFYQ6F5LJWFCY5YB32Q,B07DVXFP2N,1534870315169
AGPWDTIUZF3ZWSQXYW3IUKOFH7GA,B07KSZGDD1,1657816190246
AEKNT7N3B23LK6YIHPOZZ6IGFCEA,B07KCLWKR3,1558192852931
AGF6GJCP4LAESBIKRMJWMW36OP2Q,B085W6VHP4,1677463840841
AERCPITCW3NITBJA7467TFSPK2KA,B07VGNQD8K,1597717259744
AFELTYZTZU27DOROH36CC6NQ6UOA,B01M7UD21X,1502538558489
AGAMWBOKITZJVZ3IUYP7IPURJ3RA,B07M92KQS8,1557438914960
AHRDNEEWGDMQA7D4SG263NIOXPOA,B07DNML26P,1619550627277
AFEUUO42X2ASNYSN6BJOQT2MWFRQ,B07NL8P5Q6,1644118647665
AHZGB2GOI6KEFAEJ57MXJTPEZBXQ,B099S5F8LV,1640403695717
AGSNNS6PWXSYI4CXQLUDHWAPGFBA,B0742LVLMJ,1618602531555
AGH34PHLS6THUOAQ7UYZCH23S4SQ,B07QL1JRCN,1598448267784
AGVVJ7SAEKWCTFGUGZ7F6L2XJZ6Q,B0742LVLMJ,1588059226421
AHWUVUCC5KWBI3FWP2CRR3C3XKTA,B01M7UD21X,1500599360595
AHN6G2R2ALO2HYCERUUOEHB5PMOQ,B07GNX34XV,1578585494258
AFJWPKH5NJL3HHCONPACIEOGQM7A,B07HFKL5DZ,1649470967314
AHJ6SFONJZU6C3JUD3LHZ7ICB4ZA,B07RBYJN37,1623091721127
AEGUFR7JX6EM76S44IZ7LOIJJMNA,B01M7UDAVI,1509141496811
AFDJQMILNAG5XYESHYCMZQO2TXWQ,B0848NZB7Z,1604470269620
AHSSHM2YEGR2AMODFTR3DEPUV7AA,B07J2K9ZT8,1653511049097
AH6MYOYC3EYHYDWQSI2WEC27LYUQ,B07VGNQD8K,1626465125885
AF6MJ2XTBBRFRD7ECIAD6JJH4CGQ,B0742LVLMJ,1547763317678
AHXGZ37R6M44UHT3XAY3ZGCKPEQA,B08GDWQ46D,1608136307611
AFWFIWJ6B2AM247VKVCH5Y3DY5LQ,B07SDGKP88,1664230247266
AFWFIWJ6B2AM247VKVCH5Y3DY5LQ,B08DL6Z83S,1613078004169
AGUD35BQ2MYRACM4TSL36LVAPNFQ,B0742LVLMJ,1528116089412
AETINMH2ZWAWSP22YN2M7LXH5P2A,B084KNZBM8,1617991577106
AGTC5Q25F6IKIKGCZSL5AV2DBZFA,B07PRXJMLZ,1596967754763
AG3Y77IKZKQF7ZIQD3PAEG2UVVSQ,B07WGGH1C1,1622918729294
AFJXFCRXAIAEKUEEOAJFCG3D56KQ,B07X5SVBJW,1654735304658
AG6IK256H7VXYXXP6NCOA77PBQNQ,B01M71IUZ7,1518364817530
AGLBM3O2GEFK3S67HUCJHPUCTZPQ,B07R99144F,1613092155578
AGWQSWBYJGRFLOF37RXD7MIIHPYQ,B08GDKDMDT,1657909224551
AGYLZETK35BDIOJLOHWLMFPPBFWA,B084KNZBM8,1614199750683
AFV43VDJX6G5K5NBDDJ2I6TBCVTA,B07FT4FMWX,1559130147520
AH2TNOFNWPXRJ5VJ7PPNVT5HHLJA,B07G584SHG,1609100066155
AEKVKCDECILMA5HJL5OMGU3G772Q,B07HQCCD29,1562364418932
AEKZRF6LYZ2ONAGLJBPQIL4MLZ4A,B091YHTPJN,1621358455306
AFE2QZX74ZGIHIQONRXB6QEWCZRQ,B098THS67H,1665177734807
AF5H7RTNEV4ZCXM2M3A2U7RJ7YDQ,B01M7UD21X,1520889842882
AHHENQH6QTHOLQH2JC364BUG26HQ,B07WV628P8,1597115331998
AE6IY3UDENQ55QIRMVVALQ5P3JAA,B07YZPDHK3,1600020056493
AGURLIDDIFASEPLDQ26KCPOSP6YA,B0742LVLMJ,1577126831396
AECXGNDECOY4UGA7PGHTBIUA2FLQ,B0886L2QJC,1597695194340
AH6K5F5U3NLR4ST25T46NZ3AOFHQ,B08SMCV47C,1614636553481
AFJYJSSHM5YGYO4LH5WYALVHSX5Q,B07GNWWTRV,1551911119664
AHHZXEXDNGDXWLK5C7MWIMPNAU4A,B01M7UDAVI,1546226995674
AGOC5XVVTRAOXSRNEHKCSKBQSSMA,B07WGGH1C1,1645480843768
AGOC5XVVTRAOXSRNEHKCSKBQSSMA,B08BRZ8J75,1645480141056
AGOC5XVVTRAOXSRNEHKCSKBQSSMA,B08HQNLMC8,1645479982375
AGOC5XVVTRAOXSRNEHKCSKBQSSMA,B093T2CT9H,1645479847671
AG55NYOX3TSTS6W6STDGLK72WR4A,B08W5CTKKX,1623283156117
AHJNRJFIIS3QMVDCEEQ5SKGL73YA,B088YB3PRB,1605846538537
AEWEE2V6CN4VHT5JXTCSMRRZ2UKQ,B07DNMN7X6,1554758993900
AHMXEKCXOLH2GGTNAZZVH724YS7A,B07MGJZ2MH,1562132013527
AFHNBZRK35NUDBLDLCPDU3KSPZPQ,B0742LVLMJ,1553582948643
AGG5ZH7P2ACTD6HQRVJ3YGUXKXDA,B07XZMR3K4,1582330452925
AHJK6HBK3XSOESABER25OKKVWPDQ,B0742LVLMJ,1502149709823
AGOLPIU65XBU4KPW342B2ALEKO3A,B07G4ZWJB6,1626806868554
AGMOOL7ULUJ5EO3MUG557V4LIHGA,B07MGJZ2MH,1620758338032
AHAXQFLBNH3WBXYNSOKXEKB6CQXQ,B08GF6HCM5,1603501742166
AF4OQ2UDNFIVRXM2TGBYWQWHMG3A,B07G584SHG,1568669440403
AE6I5SUCTODV44U5L4ALKHIMSNYQ,B07STGWT1P,1609688242580
AEUVWMYPXEOTXWNH7SOAJQLOAGQQ,B088YB3PRB,1613085328604
AHWQ6VFXSXARW6667P52FF225CGQ,B0B3XYQQC2,1667500616618
AHWQ6VFXSXARW6667P52FF225CGQ,B097F3PVMC,1657570420241
AGASFCY7G34L36KN34EZXR23CE6A,B0742LVLMJ,1581429971049
AEMWHEZPEEDMH62MT2O644WVH3SA,B01M7UDAVI,1500413908843
AGCD4VSBCHYIWXOIK426PMIHCBGQ,B0742LVLMJ,1556225357804
AFLKTHXPTQ2IM2SFEHWXIR56YH4Q,B095WFPM47,1625577519702
AG5TLPDTOEGVWUDQBKSS7NPHSNGQ,B07QXSYDGF,1564951358211
AE36D3GBHIUF2AIKJVPXAXBGVI7A,B01M71IUZ7,1502712743105
AHGE44PVEDQVNCLAE7ZWGIKJ4LUA,B097F3PVMC,1627039356489
AHYPHYKWRVEKWFF2XQCUGS6CFGUQ,B0742LVLMJ,1580752185211
AGMW52DJB2IMLXZPYXU2KCXUM24A,B07RBYJN37,1578179109762
AFSY3MACG52YCEKV3MM6V4QYI7IQ,B0742LVLMJ,1579820482281
AHZLEZEXA5QXETD32AS5PRNJAOBA,B07VGNQD8K,1620078902423
AG635CRS5KQAREPZLOBDPRGMVA3A,B09FLXZS1T,1635187736470
AG55YUO5OJMVWE6LMNCQCGFLES5A,B07Y1VQXJC,1598755226955
AEAXUDARLZDAOWZTCAC3RM3LM4DA,B08DDJ1QRS,1600806715186
AGD5AP3YPW2RHI4MEMB6NHPNWD3Q,B075NM1M1Y,1572578451370
AGIKRP77RQZDMFMMLE2MZKMWY5LA,B07DNM6GBC,1570667130791
AHOPSZ4CHGL23R35YGTNWBOK63BQ,B0742LVLMJ,1520891133962
AE4RM5ELKWJ7TH7YLPMRSSJRBCMQ,B08DF5KX4M,1620787028355
AGPK3YV27PBMW62USAUAPF4ECWDA,B07G5915QC,1671909866607
AFIA3FC3GM4QHMN5QVSXWKGSCRFQ,B07VGNQD8K,1586914934505
AE7VJB6EU3WWZZVSEO2ZEWL6L75A,B08KF5VWWX,1618680354865
AFQZYLS2K3LSIZP5LTYVWRVTZRGQ,B09WDYD1QX,1655177355570
AG6MJBWFVC66GHT3QQEMPQYKA64A,B08BQFPZBT,1674336826404
AHU5AURWBIDOG44QH3QZRTVXP5XA,B0742LVLMJ,1551467589762
AG2XVOHZMW4IAT6O7Z2OSRZQK4EQ,B07PRXJMLZ,1629397073769
AEKXXE5X3C7ESM7HUELCWBQOEMCA,B08KJXTQN5,1639395927054
AEKXXE5X3C7ESM7HUELCWBQOEMCA,B08DDJNJ9D,1618374956319
AE7OWK3TBO2W2KAIDDHYCTO67YWQ,B07HFKL5DZ,1593457038182
AFMTD7Y5HZYLI3EPDQGIVRORVVCQ,B095WFPM47,1625711911796
AG5Y3RZIHRKR75PRPG2G3S4M5IHA,B07K31MZXS,1571361884120
AHHN6OTAPVXE4PZYBQG3U6TS7VZA,B07DVNJ5LP,1617846381738
AGUCGZ7PDOIXWU7A33S4QNBXZEKA,B07MGJZ2MH,1575948555157
AHA3SWQHKHDZK4C4GM5V6B2IB2SA,B07SPDBR1J,1653391247581
AGVEXNDXUKMPB3SEMAJ3UHIOU5LQ,B08WF8VMC4,1649553441713
AEZ363Q7HBVCG2E3M6LHIKRAMRUQ,B07NVL6TJG,1641417697313
AFW5EPRENOJSJFOEMNMPXRYQ3A5A,B07VGNQD8K,1588510931170
AF2MK3GHNOU3YALJYMIUJ3DEWICA,B084JGDV6P,1630204193666
AGM64ZV6Y6NEJZHSPQVZUQ2SHM2Q,B08J5G99FK,1637083182706
AFEQIR4XRTKYXDCF2RH5BGFZ5IEA,B07WC2239F,1595853479871
AHX6SHTHHGSHXW2PMWWLZP6IW7RA,B01M71IUZ7,1515550093193
AG4GKMREZVO6IGZHDTTZQ7TZRRKA,B08LDV5MBB,1661800280222
AG2AMFUDVOC2NUPRNSKSTYJT53ZQ,B07G584SHG,1545510049021
AFRIS7PGKR74XWFKHLUPETISMCLA,B08PKS6KG5,1622946038090
AFCJWUSZKB4FRCVDUHN2S2A7H7QA,B01M7UDAVI,1531338604544
AHB4YDZ2NVFYGAXSHJ2MZCIDAZKQ,B084KPMB89,1608421808855
AHIUXQJWGTD6JJS2KA3QBNQHES7Q,B0742LVLMJ,1592144671439
AETNSPDROUGRRHMI2DRKEF3I27RA,B095WFPM47,1625309864420
AEWBSZ6THHGGPU7VV5VBA6AKN7AQ,B07R5VH7XT,1644357272081
AGAEQBFVQ3OFTBYME3DOZPM7Q47A,B07KC11QFV,1565457968144
AE76C4Z3G7LUCTQVVGLQO56LL63Q,B07VGNQD8K,1658887024975
AHCDPHLRKYOYV5HBXU23RKEUVYDQ,B07R7WVRGL,1558906414807
AGWSUKUBC5PHKEDCDU2E6VZO6MMQ,B07HP62FDJ,1574374328094
AHJJ5Q32YYVC27I5VS25IY2SMVKA,B08MW4C2BR,1613952404965
AETDPNRZ6MB5644QPVOTIBI3S7VA,B07QXSYDGF,1615046633115
AH7UXF3GVIY22WAOZGPEHYUKAK3A,B08M9X9KTN,1620276961166
AF22F5ISMUP4EFQLITLMU74IRTVQ,B07F8Y6BH9,1534443887033
AERLFJNYUKD35KZIZP7TKZPH6KJA,B07G584SHG,1608757396031
AF6TS5N62JNM5KVH5VKFW7WD6LHA,B0742LVLMJ,1516137529109
AHSMNK635QHSC4VHM4RAV36SWA2A,B08JCW1V9K,1634762538407
AGMDUDIXUBVJ64O65NGCLI2EZCGQ,B07VGNQD8K,1628127183639
AF7YS6JBSVTGNA7M3TS7Y4U32JWQ,B07S63NKNB,1593192256747
AGN646PMYKA37WNZ7FFJ3J5Q7HRQ,B086JBB4HD,1639598329537
AGHFEIBVZTV2IFS42UTIVFACSPZQ,B07QYNFHVH,1572271146403
AGHFEIBVZTV2IFS42UTIVFACSPZQ,B07NVGQ2L3,1557154138043
AG732CRWYPARPLSZNFWVRSDDFWDQ,B07QHDPWTR,1578187935581
AGWZ5REKHXPOZFH43VEE7ZXGQ7DQ,B07NBPQL3C,1623010488893
AEY6WIDA5G7VPAPJS5TOV52CZO4A,B07DVXFP2N,1560300262713
AEY6WIDA5G7VPAPJS5TOV52CZO4A,B07HFKL5DZ,1560300063313
AEBDD45TVB2RKCD7YEHZ46KEVWLQ,B07VGNQD8K,1591994289923
AFCYOHNK2KBYKXAJTNQXKKSQ72NQ,B09BD9N1ZW,1663090435622
AGO2H7WCEZSXUTL3J4KIJRRO3ARA,B08DDKTDSF,1629746250567
AEYVXPWLLFMWL6QA3VPE3VSKW3EQ,B07TBGM8WB,1637714312086
AFJTPVMKSTFAJ5YHAKTFYFDLTOKQ,B0742LVLMJ,1587032428603
AHOV2RJTJTDY34NYJZHIJPLHQ4RQ,B01M71IUZ7,1502767080648
AFZZ4RYBGX7NBRMBTXIYGATGCPNQ,B01M71IUZ7,1501915617165
AG7L4QZE36BL66LEWMS36W3RSONA,B07KG71FKH,1555449417347
AF3SCG45UT6OT4O5GUFZ4LZ4IQWA,B07RD18X7P,1561251881273
AHHAOJS6A2AJ6MR527IJREDQBHUA,B07R7WVRGL,1614440592144
AEUEZE7CKCXSCNLT667RYCAYFWZQ,B08JZ3JYKJ,1605729107424
AHYHJZ3CZY4JCU4N2EEUD72POZQQ,B07DNM6GBC,1649620505928
AECX434Y253H6AXBC6UBPP3OJONA,B07WFHJDB7,1572204149642
AECX434Y253H6AXBC6UBPP3OJONA,B07HQCCD29,1567644845933
AG252NN2NBX57RHNREIWJJH32UYA,B07DNLPCB9,1544709454560
AGWC6DUNQCTOZVPK5KDGP32QDDQQ,B08MW56SPG,1612725294208
AHQFLQGBAXCKCDSDSXKSZVGGT2ZQ,B07YZPDHK3,1608145764478
AHCPFTM6E5YAOF3RQJECOSHYWYOA,B07VGNQD8K,1596851722689
AHI5QMTEUDFVHGM36FS4JGU4RMUQ,B07G584SHG,1569288008116
AFNOCLRJ6J7UOIUZRFNQURMNTBZA,B07DVXFP2N,1615303228928
AH6JQJXQCGYEP2MTJMAQSPX63NZA,B082VGMJ19,1630771166207
AGCPWYMSHBP4TH6B5LGLURU37KZQ,B07F8Y6BH9,1607606385515
AG36P6G5FYBWH2GZO7NS5SEC7RRQ,B0742LVLMJ,1522955710814
AHJT6S5W5ECRZCYZUNCA3W4GX2QQ,B07XGNHYC2,1619011520601
AHUL7VO5IUFNLV4P6YELA5ROPQXQ,B01M71IUZ7,1496088086000
AFZHGV7YE5YVVPGT6LPFBUJFK76A,B07WGGH1C1,1601696811466
AFQSWB7D2YZZVDNXQXKDGRXMC6SA,B01M7UDAVI,1516413871296
AH46CKP22JIHGCZZ2OC2ZN5QTYUA,B0886L2QJC,1649517478037
AFY66IZVVHZZ3ZBZ4LJUYV3XGAJQ,B08L3SSNL5,1648823230255
AH3EBZXUCE7YPADR22OYAZFXIPLQ,B07DVM8MM5,1545160329115
AGRI4QOOUPBUOP37I4RGHXJNVDJQ,B07XZ9MXHJ,1601657797347
AHQSR5JUFLNEMNUHT4AB6B5IN25Q,B0813RKSXT,1590038082275
AELDFNFPMWCCOMAAWDIWVPRJIMIA,B08H5M5RX7,1617049694345
AEFSHNYAPEZVQ45VTRKLLZ42WV5A,B07DNLG9ZR,1632031177068
AFZWH4CF4MGYU2PNQCLNN2HGEMRQ,B08M45BGDN,1626155207161
AEKOMPME2YHDLHDAAG24EDH4HWUA,B0742LVLMJ,1591222750166
AEAFQV4L55REOTGIU5AUG27GDX7A,B07DNLG9ZR,1560015359903
AHRGVWNFDLZI4JITQGYLKPYACAJA,B0933FHCTP,1631795535884
AHM2D64S6FT5GY3P7FL6I4KGBKZQ,B082VG9CNM,1654365986832
AGCANT62GRXQP2TEMZHBGFCMMIQA,B095WFPM47,1623598996915
AGXXDRHNAOABTUAQLLEPEWPVE24Q,B01M7UDAVI,1492330180000
AF5I4MDL35HK3LTB55YIR3O6KQ2Q,B01M7UD21X,1493832482000
AGLSB5DQXM5AWKRQ6CCYGGMAOOTA,B07R5VH7XT,1595023541347
AFZDQABJGVJJPWIAXNA6ISJCHOPA,B07SPDBR1J,1609546121581
AH7YCRWH5IOFZGIOAOVUNKKUZI3A,B086Z1L7Y3,1611616952974
AHOSESJ77KQ37FBBXZVKRYSXRZ2A,B08D9S5ZW8,1649191185024
AE67ND7YISLBP26RGQIPRW3SYP3A,B01M71IUZ7,1524279715646
AFQEVZTBPSVKRVOFK52ZFDFVXM5A,B09R3WJT82,1660353273561
AGIP3KMD3K4E4NREFBNJ6FLIIGQQ,B01M7UDAVI,1506302911166
AELINLSQ6KVZ35HR6HEUJJ5CTHOA,B07G584SHG,1630689968977
AGUKOEZZHWJAD4PUD42LHGWWGVVQ,B01M71IUZ7,1524107087316
AHO3HR2GL773PRWNVJ6DFG3T33QA,B07GNWWTRV,1563014042556
AFXX3MQZOIJSHRXUDT5GVONLVB3A,B0742LVLMJ,1527089465295
AHUCAOGEHB72FUKS6AAXI2LP6Y7A,B01M7UDAVI,1535118140541
AE2ONZNPUMKDZXGSGBF5CV3QRIJQ,B07HQCCD29,1609001390365
AH5H4VJ6DXYYDYHFD3M5MWXRW57A,B0742LVLMJ,1542155684496
AHG2PHRZNAQRK44F6VMY526FORAA,B08BQ95TR2,1597952516661
AG7JXSJO3SIXA6TB4IMZWZSLL4ZQ,B07KG5RPCF,1676830581286
AE5ZPZWOF7LSKMDTQQ35AJHWNWUA,B07DNML26P,1539049138889
AEPJ6SI3JBO6VG2OXMT4AFKC3VLQ,B08GMY7F9H,1647572251451
AHOKVYSL6ROKELAM52F26QKQI3NQ,B0848JNY8K,1609874110710
AHTIWRZXT2GL6RTNN6S3SHPVOMQQ,B01M7UD21X,1515536806647
AEHI7U6OOUPGSMUK4EHS3ECGPBAA,B07S63NKNB,1582754791277
AEFGDS2LV4PRD2IR6SSARRD6AA2Q,B07V5VWTMB,1602352315683
AEFGDS2LV4PRD2IR6SSARRD6AA2Q,B07MGJZ2MH,1595521104389
AEFGDS2LV4PRD2IR6SSARRD6AA2Q,B07XZ9MXHJ,1595193528966
AG4KFPZWLIKARDJNIASEPO73LIGQ,B07NVL6TJG,1564565769788
AHI2URY2W5SNFDLMYQM4GLIWN4UQ,B07GNX28KS,1577716814342
AFYVG2SLUXVSS7OSHMOQ72F4Y2HQ,B07NL8P5Q6,1604951641884
AG3CNWMM4LSP4YQT2LGV4PA4XEDQ,B07QL1JRCN,1621568992931
AH324NZWT4QCA6L6LHLQF4HVPGYA,B07DNMN7X6,1552744130433
AEK5VLY5HOSRE5YNFHKFQ7VE6IAA,B0B3XVR923,1663954539237
AEK5VLY5HOSRE5YNFHKFQ7VE6IAA,B08C77PS29,1662690177047
AEREVAW5PZLE4AYQFEI6EVT4K6PQ,B07KSZGDD1,1573434111109
AGGXKFYXXJVRKQNZ6XD3LVMIDZFQ,B0742LVLMJ,1578967394458
AHF4WYGA25GAD5VZOE4L2ALIIOFA,B01M7UDAVI,1500744836299
AHGRCA35KLLN5RTAQIYFI7Z6IOAQ,B07G584SHG,1627322691282
AFXE5N4IGY6P5BXU3PYR2EA6JK6Q,B01M7UDAVI,1532034781655
AFQTRFM4BGBXCT7R3YQUWWOVQ47Q,B08D6R4RZ7,1601574777278
AG4ODDF5ASA4JMJSTYYUC55ZWGFQ,B08DDJ5LYG,1649340943083
AHXOKSF5OPBRHJAE4OO6K7HNGKNQ,B082MKSDWL,1597691479995
AF2UHTZU3O3NEHUTPT7X3ILPPMGA,B07KG5RPCF,1605377072691
AG6KHKG46L2PVNRPDKNYYGHHG7WQ,B098BJPZP9,1665779187358
AHGIWIWTIH5WJ2OQQ57J74CZSCFA,B07MGJZ2MH,1564283967417
AEQDSSO7J5YQMAQVWPH2JGPF2ZDA,B07VGNQD8K,1597102750356
AHKBGQZYCBDQ53SB5QC6UW5PCYKA,B0815VLVVX,1576500369778
AG72B2XTYH7NLEZZR7GMCYK45ELA,B08LVQWH8P,1611599440562
AG72B2XTYH7NLEZZR7GMCYK45ELA,B08P2BLTKX,1611599250016
AG72B2XTYH7NLEZZR7GMCYK45ELA,B084KNDTWP,1594218815267
AHNA2PZ4ZI4RRVMM6KR2U7Q7MW6Q,B07VGNQD8K,1606589871709
AHNUB6RZ4VF6TXUDRZG5LEU6TEYQ,B07YF1TGM2,1598683552855
AF5AO3QESHDXKDIGPPY75J2NPKVA,B08GN1MJYB,1665628711386
AFNTBUUCGA3MOJJPTMDDTDIJBNWA,B0742LVLMJ,1502163150099
AFDLACY3D3KUBEO7SM2KE5GZYXDQ,B07TC8GD11,1570477194535
AGNGCUT6Y4TBDX2BQYWLZHPZR5HA,B086Z1L7Y3,1611504111913
AGVGKPR7676UT5R3LOPV3TEYUHEQ,B081JS67KV,1614697950146
AG74377OEDU25PMVY6JYESL6NQJA,B07DNLPCB9,1533077534730
AEYK6LTVHCDLRQ3NPMKA2JJABGDQ,B07PRK81VF,1615225244337
AGDJAP7343F3P7MQIK2LVXLBPLGQ,B07QL1JRCN,1580261080160
AE2FW2OTNWA6AW5K4OZ7DNPED3YA,B07QL1JRCN,1596834770277
AHB5KUPK5G3TCAYG5FVU6FZTZNXA,B0742LVLMJ,1579388795410
AHVJUFK2IDOHWD5K3RNBNX7WOG5A,B08GMY7F9H,1618161312358
AG3MRIUGKSN37IAMVV3ML74FWBXA,B07F8Y6BH9,1579393151432
AEMICHYJ5OK5AD5IQPU7EQMYCXJA,B083M6Q4F3,1656332879189
AEUXNP3JJQORTGTAV6PO5FEHXX5A,B07H3QNJ1Q,1599007872005
AEDW5KBOB7XIBH2GFJ4NKPHGFSDA,B07VGNQD8K,1598406082378
AGGUPIWVWQL37HYSKBKJ6G2SWHRQ,B07DNML26P,1541229019005
AHLISZKYUWOLQILJ6H5O3XRA6MMQ,B01M71IUZ7,1571553198257
AGGZTPKDUNTYYZFO6ENDJ27FAKYQ,B07MFQ69LX,1604709424538
AFAQZ6OQXVBMFZMGEPPWTLE5HUEQ,B07H3QNJ1Q,1546463414084
AESOOKNHYEW72ULWPXORESZEZACQ,B0742LVLMJ,1605453187222
AEICP5PCT66V2X5CPLTJGOYJCGYA,B07NBPQL3C,1625801412813
AH7OXYQVIINIP2XPMZIDMKVXYWUQ,B07F8Y6BH9,1537807146269
AFM47RIS7A523BY2BHLT6HB4FWRA,B07X3Y7S2W,1654627592980
AFEHCFNGR5ENWBIJMLDRGKKT4FFQ,B09RQRTCCK,1671206352297
AF4STVQM32HOVRCTGJ4GOZ2XY2IA,B08H88C2JB,1619711412982
AF2NW5W6MKN3RSUQ5JE6J5Q5JDOA,B0742LVLMJ,1549371539210
AEEU43NCO3PBMUFTZQMUDHO3MBNQ,B07WGGH1C1,1572130274695
AFGRUBXXTT3M3ZXY3YFMCVCBD6IQ,B075NM1M1Y,1568924940490
AHU7RJXO6JUSEKQXWPRZQVWZIIWA,B08DDK1T6C,1608135171737
AGFQ73WKBNMADCQCM4E5LAFDMZCA,B07MGJZ2MH,1582836480091
AFYSWP4MPCTT5SAXSRS2LZMYJTAA,B07WFHJDB7,1643322658466
AGMZSQ2JR6CPXE6LUSEN7S6OWJXA,B01M7UDAVI,1596796618399
AEBSVBI3GJ5NSDNMAHOVMNTJX4SQ,B0742LVLMJ,1597518399029
AFGI6RRNSQV6DXEUNGJIHXOMFKSQ,B0742LVLMJ,1569182862881
AFKX23VWYM6RIUWJD65WDD422ERQ,B084KNZBM8,1633894510669
AG3JJLI4BDO55Q2U2UCQJ7HTBQ2Q,B08N6Y69K9,1661902554202
AGGCIQB73EMMJWGEF7GEZAHDQZUA,B07MZFYSHZ,1595439539035
AEINMJ2BZ5O6ETJK6R4PUK4JP4XQ,B07G584SHG,1678653988862
AENFMUBXGNOMMH6HMELLNCM6FT5A,B0742LVLMJ,1592365041612
AHKS6AFSK6QGCFGVHETUUZ7MG43Q,B07R5VH7XT,1606937168887
AGWWYLRG5DYUGNIAWRV6IK4VNUGQ,B07TWRWCRT,1606075790302
AHYBOBT6WCHZ6XDPTVCR4AGUS6MQ,B01M7UD21X,1559241892558
AGOLDJAOSVUSJRFARPXUGB2ZMY3A,B07SPDBR1J,1591975648798
AEPG7FGEEEI4E5SMGZV224DQWANA,B07KJLV75L,1598671471690
AGOUGUASMMIN337ZSMFLKKR5GZTQ,B08MW4C2BR,1662586260627
AEHOMHKYBSLL33PHEEQWEPZM4DCA,B07MGJZ2MH,1600452354985
AEPWGGD5COVO3SPTE6LBHV4XC2KA,B0742LVLMJ,1516240002610
AEPWGGD5COVO3SPTE6LBHV4XC2KA,B01M71IUZ7,1497790876402
AEQ7BVBV3AEJRJ72XUFWJRU7YTZQ,B07VXJR1PF,1612619797061
AGIU2TBNTHVXU5NTGJLPKSIGDOVA,B07FT4FMWX,1620673584569
AGM3F7J7ZTHTHV2OTVN4KAOBNISQ,B07VGNQD8K,1604436729539
AGEZKOMIQKL35C3J36DR5BFWPGIQ,B07F8Y6BH9,1614897041795
AENFG4UFWMR327PL4QNWCIAYAHDQ,B07DNLPCB9,1554119618269
AEUGJN7NI24WVMC5SUEECXYR7F7A,B07GNWWTRV,1544317681876
AH7K34NQNOIERJDJARHECOALMNEA,B09LWP4TWW,1657946221153
AH7K34NQNOIERJDJARHECOALMNEA,B07DNJ6N8K,1596791670218
AEV4IWVV32Q6YPC7QZTOARKA6CPQ,B07R7WVRGL,1579919691309
AGXOG33PZ23Z65OGC2TBOS7ESFDQ,B08WG66WYD,1644208055844
AHLAGBNXZX2O23CSONPFO4PA4IVQ,B01M71IUZ7,1577926726632
AF2T7BC62B63EYLGLAIHCRROCWKA,B01M71IUZ7,1494860711000
AHRADQTCOUCLPCX4RHMZOYWIBJKQ,B07GC3X8V7,1599262172960
AHM7PSXPGK25BGQ4VPT3OSRDRDVA,B07VGNQD8K,1626539551412
AFGBTZWI47LGCZLQHI67JQHOGBDA,B07G584SHG,1539756055565
AHNGYAL2GEAASC6H5BWNQHPBOG7A,B07TBGM8WB,1661278628292
AEXNN32YQMJOY5W7LJNJNIF7ELTQ,B01M7UDAVI,1578492952215
AFV3ZVU62JFEGNTITDGSU6VLPX6A,B07R5YW9J6,1596376877108
AHVQDU42TQSPB4TSCEZIEJFM2SWQ,B07Y23PKWC,1601497515984
AEFTOSFPQQ5G35K2YTDLW622JL3A,B07QXSYDGF,1604366519608
AER3F3H4GGDYFJRAARVCMXCHXOXA,B0742LVLMJ,1581423922773
AHGWDTZ75E4IIPI4US4DFVSDBNJQ,B085YFDSWG,1657874350786
AGH756GDKKJGN342P644FP2XITSA,B07F8Y6BH9,1581875588093
AHMNVAJ2LJTLH4U6375GLXHI5HGA,B08D6WQ1Z7,1612125472836
AG2FT4GXV6PTWI3BTWAWNIFWEIZQ,B07F8Y6BH9,1541551662350
AHTMSVQQH5XM2EQLFXDZFXOBMBMQ,B09M7DPMDJ,1654284470763
AHBODVC2XRXHUZFTRROCOB25FQPQ,B092MLYDGR,1627663189734
AH7QYYA6OX7CU7QGY7LP52FPBDJQ,B01M71IUZ7,1531707699613
AFNSY7FHT4XNJW5TADFHAY6KZYUA,B09KHFMXFQ,1675106433124
AFEZSFNZO4OOWSFFLGO44W5ZTT6Q,B07GNVJ6R7,1541106600242
AFEZSFNZO4OOWSFFLGO44W5ZTT6Q,B07DNKDLYV,1533924596739
AEGFN6ZGGEZF4X7M4EKYXNGJCVTQ,B0742LVLMJ,1596760635806
AG7SITAK72Q5HIVRBQNRWA2DFVLA,B01M71IUZ7,1577658112208
AETRDRAOVXS3A6BLEEKNPKMMPA3Q,B086JC92M8,1605313570985
AFHUXTQXUJNHA7US4FS2U6VZZDIQ,B07QL1JRCN,1626627721195
AFXGFWVWNEIZZR7TJKJ3GUNPSIKQ,B07YZPDHK3,1606526562176
AFBXPY2YDYTLAEFTYMDLCDCGOAMA,B07X5SVBJW,1622599442964
AED7EVNCRVGKZVTJMNYIBHVTKU3Q,B0742LVLMJ,1594936375306
AF3S4IISBDJ6TXENOZ7ENQOPZM2A,B086JB197X,1628437264028
AH5DJWMOQBK7PJ47YXENWKYHOXQA,B07KCLWKR3,1548890893788
AH4VFTPBIRW7UKVEYUD4PWY3UBEQ,B07DNLPCB9,1623090484041
AELN6BTBFWQIXJIZJMBYNR5CJNFA,B07FSYKGSH,1539969008275
AFGR2F2CP2XAR2NHMRWSMUH3ORPQ,B01M71IUZ7,1503682679574
AGPGTZGCREXK47Q4SKXNWS6MNGIA,B07N7BG8MX,1582858284661
AH6XA32PBCMJIWD3LCGIOIVOWRAQ,B07V5VWTMB,1582503513760
AGTMTS4EC7GIU4W7DVK3WMWGOOYQ,B08MW47ZLC,1614843391853
AHL2RYS5UMIKW4YNMRYENE2ZRT3A,B07VGNQD8K,1594290967714
AHPSOZJQRM54EEZSHNKW63Q22RYA,B0933CDYRG,1621896530487
AE4WESNW6AWFVA2HMOVML7OIQEZA,B07R7WVRGL,1607381426607
AGQ5RZ5KEYSXWZIDP5SGGFTJZIEQ,B0742LVLMJ,1524172867315
AFPSZMYBBQHHB7Z6JA5MIN6RC37Q,B07HP62FDJ,1581960318897
AFLIH7XODTCBLUIQLMU2CYWDYY7Q,B01M7UDAVI,1500430049718
AHELNVCFEKIOWBITZIE3NW2R3QMA,B07M5H99Q6,1580924091296
AH7OWHUODREU6T4JORE22DV4ZAIQ,B07DVM8MM5,1592496514431
AFRAZFVYYE2OURS5G5GNITVERBSA,B0742LVLMJ,1621990295831
AGV2J2435XELOP5KXPSYQUMHCLHA,B0742LVLMJ,1613257068111
AHSWGYDAKZLHK7SJEQRL46REXLUQ,B07DNM6GBC,1543783839483
AEPQMBJS3ONRURIM2VCMXIY5KHPA,B095WFPM47,1642298566625
AGKHF3UZNDOU5KA7G2JIQ5BQLGOQ,B08JZ4SVKN,1628913498047
AGKHF3UZNDOU5KA7G2JIQ5BQLGOQ,B0848KRT9T,1589227349296
AGKHF3UZNDOU5KA7G2JIQ5BQLGOQ,B07M93XFK1,1573078090590
AHF3V42EEPN4PSWBMW6QZBXL3H5Q,B07DNLG9ZR,1559258933331
AHZFZPD27NCMITLHSXLBW6V2WQMA,B07KG5RPCF,1554941900735
AGHLWK3LXY4JY3QJK2IWD7JRDOTA,B07VGNQD8K,1604361223534
AEQFHORMQKBWW4LV4YM4U34PEXHA,B08MWPG77B,1623345924398
AFUT4IBY5XIXWPYWQRHGZUDAW7CA,B07F8Y6BH9,1601176690161
AEQIWRDKUXGMFSNXII3LK42DAEFA,B07SPDBR1J,1579442248236
AH4BV3HRV5RN74JZCUNV52FH2H3Q,B07GC3X8V7,1554663875503
AHXXU3JDRLH5GKY6REJZQ2NOC25Q,B07R7WVRGL,1628839586817
AHOITNII5NKO3FKKOI57AZL2YS2Q,B09DCVGT3Y,1644279250539
AFCY6AWNQK5V5ESKDEYKTSVQI4KQ,B07QD9WBGB,1605472786279
AFCY6AWNQK5V5ESKDEYKTSVQI4KQ,B07QXSYDGF,1590899087206
AEUVHM3AE6UBZQZ3B56EILKB3BWQ,B07L3K8S42,1579653003367
AHWQX32LCKD7B3WULNRRA3ZPRLCQ,B0848P9FN3,1648752813654
AF7E2P6L5WY7EGQ7WFIPJEH43BCQ,B07NVL6TJG,1579427272706
AH2NH5A6CWDLWB6L5KQLET6T6BJQ,B07GNWWTRV,1557277470295
AGEMLK4JZAJIUVWA7T3AZNWYQVWQ,B08N5BDD35,1608481838551
AHV22SIHU2NPH4ZAOWNMPGMOAMUA,B09R2M2SDN,1659886979769
AHV22SIHU2NPH4ZAOWNMPGMOAMUA,B09LWFPZPR,1655671832436
AEJRWZVJLE5HSOVWNJ2OHHAFP7OA,B07KSZGDD1,1592928868710
AHNWE5GBT3UMKCBL44H24V43INWQ,B01M71IUZ7,1571274464156
AGTIB37ZZHC5GGW6CJB4DPRRRX2Q,B07VGNQD8K,1619574010693
AGXZYW5PAWLS63J3STMRG56FMKMA,B07DNM6GBC,1536805411498
AHVWBDOYPAXIMO6MEWR6HEH2ZDRQ,B0742LVLMJ,1550449467806
AHIQVIYPEYAKWRUQEF3KOT7XMSIA,B0848JP197,1593044039474
AEOO2ISG2LS52QHVYJB365UAXLKQ,B07XGNHYC2,1679924967907
AHUECWY66PFOVPDJRIE6PFS4WZUQ,B01M7UD21X,1577489023532
AHSTCAGUOGKITWYSSEROIUL6A5EQ,B01M7UD21X,1498749115544
AH4NOS6NIFZ5PSDDVICIESKFDMCA,B087YPRGKB,1679943762269
AFBHOK3U2LR4U72HASP7RSFQC2DQ,B07GNX34XV,1568664878810
AFMJIFTJH44S4VJTUMTHMHFOOTUQ,B08MKLHHBN,1615081079352
AEX2D27Y4BB4QWJWFBH2EG4HKDDA,B07G584SHG,1566050143190
AF2NDRDGMIMOAJRNTUNXVEJX7F5Q,B07F8Y6BH9,1606673861804
AHZSIQ5XUBCR7DKXRH7H2DNN6NFA,B07XTDSXS2,1601919751934
AHKGNNS44XFRTIAUWKAY54PQBFTA,B07SDGKP88,1589384165820
AFDAN5Q7IE3XKQ2MNSV5AYPBDBFQ,B07NBPQL3C,1549492542077
AFPCQ6OWPKXXZ4XOOHSFO6F2GHWQ,B07VGNQD8K,1599845776226
AGCYNAF2TGCW7UFK374T73TYRZ7Q,B0742LVLMJ,1674203826805
AFSNEOY7UN42AGW7WMTEVW6ZQZWQ,B08GKMF8BW,1607279613392
AEEV7R4CRXCX2TTEQHCJVG45KF6A,B0742LVLMJ,1666791769445
AEEV7R4CRXCX2TTEQHCJVG45KF6A,B07VGNQD8K,1666791578321
AEFEDOYSYKWSNFFDV4V2MNRAW6UQ,B07G584SHG,1632616185831
AE36XYG3XF7OQHOKWCA7RECPP6PQ,B0742LVLMJ,1563477547663
AGGXLCZFO2OAAHZZ6JZEGHFJQYSQ,B07F8Y6BH9,1612822923862
AHTXKWI5WN3DNLDZY2UQXOO3EEBQ,B07XGNHYC2,1621396743302
AEFN2TROJUDQ3TDKBFZMJV5RVVYQ,B09R3WJT82,1660489379911
AEFN2TROJUDQ3TDKBFZMJV5RVVYQ,B09R3WJT82,1660489379911
AHRFI7HVHF6M2TPPRIJGOEIKAECA,B07V5VWTMB,1647225203806
AHRFI7HVHF6M2TPPRIJGOEIKAECA,B07XGNHYC2,1621162797769
AG2DREYA56XJHNZXUWBAQACP4CYA,B07KSDPDM6,1609710640176
AFXJYEL5KTB4CRZCHVY3WJZ44VCQ,B089NXYL3W,1665072465156
AHVYBYZKV5FQNJWJAJQGLX2MIHGA,B09FLYHNLM,1634350509767
AGFONK2X2DAWG6NQQ6UDNVZNBKFQ,B0933CF1DM,1664787354640
AHK237XHBHHTYFQM4Y5CVJQAZCVA,B07SDGKP88,1601297839058
AGT7CWHQO5BJOQQHOUXU7XXW2BOA,B0742LVLMJ,1599766730893
AFDSUZGZVFK3HHIRL4DQ5THTFBIA,B07T737NVN,1632160909016
AFDSUZGZVFK3HHIRL4DQ5THTFBIA,B0742LVLMJ,1628791251592
AHHXTCBAUODFMPA7QRVHELUKC5VQ,B07X5SVBJW,1670280318480
AEQYPGJFIWPHOGQBJ63ACVBAHSXA,B0742LVLMJ,1619797505700
AGBKJGYV42BW3SYKBYJKE2Z2XEQQ,B075NM1M1Y,1572372000496
AFKHBUFEPWYI2JL2XUWHHVRIIBVQ,B07SPDBR1J,1568227983133
AF4AG5GVBELAERDMZGD7RBCWQA6A,B07G4ZWJB6,1602093715592
AFGZY5ZRYUGEQWGJYCSORTVZJYPQ,B07G584SHG,1591039103566
AG6TGW4NUQBKOX7DB2UK7XR4MHAQ,B07G4ZWJB6,1616347303676
AEWJ2GCUW5XPIALEPFYS74XKTLGQ,B01M71IUZ7,1494704425000
AEJZYAVV3NIL2ICMRA3TTS7IE3NA,B08GDYSVNN,1602297118422
AFV73NZST2O6VHBVW5GZTNNM36CA,B09BFP8K5G,1657045639122
AHTI3DVEC6G6DYZCNIKTNM2VDRQQ,B07VGNQD8K,1645828581705
AH7RT2EGCNF527JZJQZE7REZ4CCA,B07VGNQD8K,1588539389848
AHBCDPKVW2XYVJEGDLBGH3EVLARQ,B07KM6T8GV,1644434907122
AHFSZYEVQCPVMIKD2LC4A2K3MUIA,B09M7DPMDJ,1652173354336
AHFSZYEVQCPVMIKD2LC4A2K3MUIA,B08DF5KX4M,1650064132848
AHLRD6QPDN4CFUSRNCH7MKNPANCQ,B0742LVLMJ,1603741581881
AEKZXXMYIJ2ULXXMVBK7EUXRU5PQ,B07NBPQL3C,1622749480198
AHX5VWKRKEEHOO7BQ37UQECMK7HA,B0742LVLMJ,1549407540274
AF4Y5WNO7TXGUFRYEECITGHJLICA,B07WFHJDB7,1607424014652
AFMHPEWROH46WAOOXFTQRY3NUS5Q,B07QXSYDGF,1649259484874
AEXENSJQB6PDZAQP6NFFZK252QPA,B07THJZVK1,1629716607164
AHYE23V5OGHHLYNZUNQ3TZQAIODQ,B01M71IUZ7,1536706608425
AHE77B6Y65T5T3YNGBW7OXELWZGQ,B01M7UDAVI,1531341365947
AFWGCOSC3DSA44B4CN7F4VSANJYA,B0742LVLMJ,1610685603116
AEKL6H2S2YYGUASWTOTH7X42AB4A,B07GC1XFJ7,1549481935879
AHCCEIJ554ODRI2DHDKCUPCN4IUQ,B08LDXMH5F,1630621152007
AHCCEIJ554ODRI2DHDKCUPCN4IUQ,B0742LVLMJ,1597319110877
AH3JXG2PFLUNEEZESTAKMN4HJIAQ,B0742LVLMJ,1574129023917
AEV55LY2GJTBSDOIDJQ4FIZVNPNQ,B084KNDTWP,1613583694791
AEAEX62IMWPMQ3KQAH362EINABRA,B07F8Y6BH9,1544827205913
AH5OTJLS7YHSSXJ5CQRX5QH2EH2Q,B07RBYJN37,1613145572756
AH5OTJLS7YHSSXJ5CQRX5QH2EH2Q,B01M71IUZ7,1553739208135
AFFXCL7ERCP75GEZ6HQUHYMJYJHA,B08DDKJQ4Z,1621502189492
AFSTK5QIH6FLX2Z6AQIVDGLNMVAQ,B0742LVLMJ,1592611235724
AFXYG4GJWN7MBPIB3MMW225WSI2A,B07G584SHG,1546994655463
AEKNOLEM4TQVYROWRB5YNSEHXX6A,B07WGGH1C1,1609289506146
AEWXHDXOFJLHTSUMNNYL34QLNANQ,B07VGNQD8K,1599330742668
AGYZDFPE6EZLRZXSVAN6DT6GDGIQ,B07PRK81VF,1633384663211
AEAM7BGHVEFXCLA7G4RTVQURUJBQ,B01M7UDAVI,1571701406057
AGZZUDKOCXBXVP5JS7FGGCJILAFQ,B08GS38B42,1646279239273
AGNKLUO7KUNG7CBAFC7GGXMLJIZA,B0742LVLMJ,1526516089472
AE63HJZ525XNQEPNIHUCXP6SPQNQ,B086JBCVB4,1621111752773
AFB4WJDLK6LXPMKBTHXF6CD4TA7Q,B081TBW1FB,1655667007052
AH34AKVGJIH5T5UZLQZG5RC7ZL2A,B07KTB8PHS,1656784931205
AEZSZKLJTQIKXDCBLBUIDF5RHZ4Q,B07WGGH1C1,1574821391674
AESOSNEDEYVU6IW3NORVKBTTD6RA,B07FT4FMWX,1594399398577
AGPSSACIQP2AGNX2FJKPRVALWD6Q,B08GDYXWBG,1603505354671
AGZ7ZKSOWJNYGCWVUKVCZI3VF2AQ,B07DVNJ5LP,1534015163296
AHRPRCZN7SX6NNO6ZLJETSIV52YA,B0742LVLMJ,1617052603707
AFXSGG4UD5RV42YDL7STCDKQ75XA,B07HQJPGL2,1649093771247
AGV73AWANO7D3Z77MPSTAIFJAGLQ,B07Y1WGP67,1598881291544
AHM5HOYPVPIXMMGR3C47IECHCD5A,B07NVL6TJG,1600632748373
AGO3KOFRMSEOUY6EXCOQAJWIID3Q,B07GNX28KS,1541986375985
AGQJ2RZ77RRDSVJTYLCNHDAU2HEQ,B07R5VH7XT,1608750583604
AGAKCKHQUOBNFG5FS4IG7XRJDBVQ,B0742LVLMJ,1525302552987
AGN45WM4KFOJBDG6ZVOR6INCU7TQ,B08F7XZHC7,1615476595815
AFOCFKRUMFJBX3SS7IXCPKO6WO2A,B08GD26JQX,1658687741522
AGFSK2PTUKIGDHM7JI5YH7CF3RRA,B07KZJ9GKY,1549442517489
AEAD3SLZXVDO3GKOOBSTVNJKH5EA,B07V5VWTMB,1607095193274
AF7SYBBQ6AVHULIF6Z4YZIR3D2EA,B01M7UDAVI,1552525404901
AHRTWT5HM43A7V66Q6YSNUL4QLRQ,B07DNMN7X6,1543941770597
AHFMXLR6UKF73AAUL5FKCNQTEC2Q,B07F8Y6BH9,1551657663007
AFQ7E6Q5NDDO3Y2LERIIP75453VQ,B07G584SHG,1574615059171
AHZPBXEQ2R6OOJ2KZ6FGIBHLFCOA,B08Z48VW38,1623258744634
AFEVB5BS4645IOULJEO2EYEQFIHA,B0848M96D3,1629221376047
AH3CNUQE2L7Z67CO32BC7JO5U5LQ,B07R5VH7XT,1560874832008
AEGHAOKOD7FKPHG4LT6LYGPL22PQ,B07F8Y6BH9,1639788870588
AG6AM4JMGZNZHJCYUW45NL6B7XOA,B07NVL6TJG,1610774103190
AFGTJYLVINS5VFRGGKDVOOQVTDPQ,B07Y1VQXJC,1617630778320
AHZV4ZB674UEO3TTCWHM6BOP4PUA,B0B6CPL52Y,1669478486705
AH7FSE6HL3RCYXQGVGUHQQAYVJWQ,B086K3FB5N,1607627117065
AFIWB3OEOTHMGO5H5ZP4M4O37T6A,B08GDKDMDT,1642040881069
AGN7X3SC5WFIND2ALTK5ZJZAT4UA,B07KT17L2S,1564257123324
AH4J2SBYFGCRMWQQ4FBE5AZL4EGA,B07NVL6TJG,1567128866473
AG5DNBGRHZMLVEN6YUJKN6JEL5BQ,B09LVZ3T6C,1660394990552
AG5DNBGRHZMLVEN6YUJKN6JEL5BQ,B07VGNQD8K,1599852030625
AEICLBNSDUTZHADQ6CFGHDRFQKDA,B09FLZWCJX,1635107916926
AEICLBNSDUTZHADQ6CFGHDRFQKDA,B07VGNQD8K,1625808947682
AEICLBNSDUTZHADQ6CFGHDRFQKDA,B075NM1M1Y,1579987982613
AEICLBNSDUTZHADQ6CFGHDRFQKDA,B07DNM6GBC,1575575733074
AEJBOQJZ2YZETKG3TD7IZ3JVX2BA,B0872GR7SR,1651597835070
AEEUUFRPYT5MQPKCIIFMQVJYVEZA,B01M7UD21X,1519601089284
AHVO545DNHSNV4SWH46XTXGVRGZA,B07G584SHG,1556392245114
AGWZTCXB5CX37RLQ6PSGMA3ZPXOQ,B086JBB4HD,1594854867325
AFQ5I7EGN5NPT2AWFU44HGECRMGA,B08WF5R2BW,1642645095012
AHOOIK3ESQE4DJXJDYTUWJX7ZCDQ,B09R3MQLXY,1664071702892
AESQKDBCZYKBGGB2RBJCY36Y43EA,B07VGNQD8K,1583031981416
AFDY2RONSPQA2HX6DYT76ITTQUOQ,B07NL8SM91,1621084821793
AGQVGNN2SBWGOXOF5LJUTRS5DECA,B07XGNHYC2,1608006085152
AHUNECRFGNCIGIPVN423AJV6WPHA,B01M7UDAVI,1485456966000
AFRFJYXCY4MO5M2R6QSWB62DT4NQ,B08LDV5MBB,1679519736292
AGVEBCYKLKDIFK4UCEJR3OLSD4QQ,B07T733WLJ,1613676223225
AHUNI75V2PBCYCPYF6IDX2SJ56SA,B07XKF8CB3,1643305981819
AFJBVINVYSKCSUTOY5CWZ7D4YZ4Q,B091Y55Z1H,1631467933447
AF2P334LGRTKXAJAMGBPYPB3RCZA,B0742LVLMJ,1606856181747
AEAWEGRWKOESFL73K5RZMDFASQYA,B07T5JT9D4,1561916050088
AE2F5LF4AGH5P4UHNN7UHLEMDF7Q,B0742LVLMJ,1524841681821
AEFE2HVSBNPP5CMM7SNZ2YANLASA,B07G584SHG,1577302744936
AG3MRRVN3HR5MCZ6GDHRHQXZRKVQ,B0B4BJYG11,1676707363063
AEITYDSEAUO7EC5CVYTWLOMT6LMQ,B0742LVLMJ,1600465659181
AHAEH33G4TXUZYWSDDZLERWHJPXQ,B07SDGKP88,1577232145048
AFX7F4R7S5SP5CLFJZ7FXYOQCYXA,B07MGJZ2MH,1613833064597
AE4JQH5MXVFQNRLKDLF2EVBFNTUQ,B08DDK1TP5,1605733057603
AG5U3I5QUOPGMINR7GODTFGIQG7A,B07G4ZWJB6,1615823117404
AFOCUZZJ2S44LDIFL3HJFQTHUZSA,B07G4ZWJB6,1571955574114
AE6FRM34AYJHQN7VDO6K6ICV3SJA,B07NVL6TJG,1582631377672
AH37JT6OF4JVF7CQMZOLFUGEA2FQ,B08D9S5ZW8,1628331993814
AHL7K4X5SEW72H4EDZ7UC3ODWFBQ,B09NQXKDLF,1642341454207
AHL7K4X5SEW72H4EDZ7UC3ODWFBQ,B08GDKDMDT,1641945937779
AGVLUUUBZHAJEEPV3UZMSPYTLBSA,B07DNML26P,1536673854375
AGRIJEGHDFI5V2U5YKAVP2REX6TQ,B086JBCVB4,1630195119035
AF2FOAAALFQYJWTIE32RKP43S6DA,B07G584SHG,1608239018322
AEI56LKAW7ECJPCLODGCRMZ2VZOQ,B0B5FK711S,1674166637690
AHYE5CNYBUS23UZUMPJJSHYUFXQA,B08HQNC3JR,1643303080857
AGZC62TX5TMR4FRE4N54WA2CII4A,B0742LVLMJ,1592489598086
AGL4L2XPER4QIXZLFLJ2XJMMJSZQ,B07F8Y6BH9,1624659668574
AGCYEFSQH6WXQICVD6TEWXC7PF3A,B0742LVLMJ,1596898579630
AGKNR7XDU6FKLQWKK7FVM6M64TEA,B08R5JJGB3,1620228290579
AFZL4I55JJ62TNNQLJDLUCD4H7DQ,B0742LVLMJ,1611964463593
AFEFZC4R64SAKWVCQAWSSUUWKXVQ,B08N6V63N7,1613441412648
AHHALBSMIG4DMCUU5AJBHC5ANQWA,B085W6VHP4,1624456079378
AG7BREU6S6GIZM3LUONVHRJ3TFUQ,B07L3W2MDL,1612899198606
AF4H6HQC3AN2ESKO3VZHQMZ64JFA,B07TBGM8WB,1568520011829
AHXFJ5A5622NUU7Y2LPCHHMJRX5A,B07DVNJ5LP,1630521448396
AGJJQZCE4T47LI3EMA6OM2WLUMMA,B01M7UD21X,1542482312365
AE36FWROM7HZAFUGXOSEJ4UZ5C3Q,B0742LVLMJ,1600777716589
AGY7L2KSMAU2WJCDFYKRY62WBHVQ,B07XGNHYC2,1583252434987
AE2GVEKOJIZO7JANE4K3N4P5EF3Q,B08R939TKC,1616604257108
AF2DYRUMERCDUM3Z5XGTNBUHDTCA,B0B3XT1CRP,1668881539785
AGYN7B6NOOUO6MEZY3PWELSTRVYQ,B08R5KDXC7,1623465804131
AGYN7B6NOOUO6MEZY3PWELSTRVYQ,B0859KKL7Q,1609981228101
AGYN7B6NOOUO6MEZY3PWELSTRVYQ,B08425CZRC,1601012209491
AEQ7OEVDQZI2PU7IMIZVIJRW76DQ,B07DNLG9ZR,1602737787188
AHUQ3QE2XFOL6UUPEUPDIOD46QHQ,B07NDZJ8YT,1579142479879
AEQC75L6VUMAMMUVDZEVL4XSO2YA,B07H3S5Y9V,1602431988902
AHNORT7EZCX7KGOZLPEPUGUE7M3Q,B0742LVLMJ,1547936403324
AHCJFCDBY4UDFVM6IN4EBJDAMQ2Q,B07KT17L2S,1576955166736
AH7737KWLE33MALH2O3U72YQVEWA,B0742LVLMJ,1581855071450
AFSHD3IUMXOVIYTUJ3JW3D57FBHA,B07QL1JRCN,1593221517993
AF4Q6JWUY2YDCCY5TDQFQTK3J42Q,B07F8Y6BH9,1578526557755
AERZU2U4D2XUPQK75TQ64ICN5C5A,B0742LVLMJ,1555760913891
AH2EIVZUJ5LI7KTY2UXH5KJRE5SQ,B01M71IUZ7,1497278993716
AGHYWKWOYSQUOALUN7G5TDIQ44AA,B07XKF8CB3,1601606405785
AHGX6XWLZI643ZCIC6WLAIPJ4MMA,B086JB197X,1628870741325
AFIG5VSK7U7SQ5LD3GJMKRC27DTQ,B07VGNQD8K,1613281284935
AHM4RB2EFZ2B3PACFY6VYPFNUUVA,B07G584SHG,1548380374238
AGIOWJ4F4SA4XUDL2HEJMPSLLFMA,B091Y2L7NF,1653501163228
AFDBQKEIMQVVQ22E42I47A5PENBQ,B07KSZGDD1,1593400413852
AETULTDC22JRFWPXP75MT35SME5Q,B01M71IUZ7,1493676701000
AG2X56AAOUQFWBPFP34YQUY5J7OA,B07H3QNJ1Q,1553983541927
AEL5MYLWDDOP6UIWU33SOB6YL6IQ,B01M7UD21X,1490633232000
AFXZN6YM56YRM5IQXB6BDLUZOQNA,B07GNX34XV,1573789580417
AF7YHPEHVBATAWOZSBAV2NW5SUJA,B01M7UDAVI,1489949580000
AGUBLAP5WIGFUTHLNTJO7LLFCNHQ,B07R5VH7XT,1649251783930
AGXIBCD4ITLN3V6R6QBVQJHNXX2A,B01M7UDAVI,1502420247898
AEVN7FRBIQY7R4NFUIV3ABUGRQNA,B0742LVLMJ,1550969216372
AGEEZBKZP6XEM2AI2MVTAFBB647A,B07GNWWTRV,1564710430929
AGEEZBKZP6XEM2AI2MVTAFBB647A,B07QHDPWTR,1562646177869
AEON52LW55PICJIUXNDRK63KKGOA,B0742LVLMJ,1592314300148
AFLLLPPJNO5OZTEC526KGV7EA5FA,B07G584SHG,1627483447928
AGWGWSKWAIAJZXT52JWELAB4S2RQ,B087YPRGKB,1617424574482
AEESKPECOWLED4CWWAXMCE7SUANQ,B09LWP8KL1,1657576257465
AEF5WQRWZ6H7FS3HSFE425DDZN7Q,B07G584SHG,1640180867924
AFPB2IF4C2OUQBSQOYTI2FXT3ZCQ,B095WFPM47,1624591468650
AFJHEX53U2LFPY26IJPLCG3A4JEA,B09CZB5GP2,1632009140045
AF2R7JUCAQLSG6WW4QT6K3AMUKZQ,B07XKF8CB3,1580869504038
AGUPEUVJYT25RJYDQVJN5LIFLNKA,B07HQCCD29,1621460251463
AFBCDA4SX2KD7ADJVU2GM36IDJZA,B07DNM6GBC,1675968845196
AFP22JTRFO7EKAGBW6MBT3ATPEMQ,B084KNZBM8,1621627983229
AF24FNFZ4DMMJA4ZA5IRLFTHYSSA,B08DDKJQ4Z,1627498542169
AEXUAYCS7SEH5U7IKMCIF3KC3O5Q,B07Y23PKWC,1577309003840
AFRFM7FZCFUPLNXC3XWJBWYSSNZQ,B084ZT9NDT,1632856462612
AGYFY6WVE5EIKCJGA22R36UYTV6Q,B07S4CSB3N,1658452714531
AHL5HONZX7TYLLCPELXS7AX7MW3A,B07DNKDLYV,1536822536656
AF2YLMY2FWP4UPAOYMTTQORALVFA,B07NVL6TJG,1602171453062
AFMZBWTBIX5W5NEMPFKYFAKEFUSQ,B087YPRGKB,1658205844535
AHTB5AJTN3CQEG3UYTQGGR72MJQA,B01M71IUZ7,1539611341135
AHOBXQXI5NO3Y7MCCH3GP37462YQ,B084KNDTWP,1612464522185
AEGZUIFZQUXNQHJP6ZUWN35RXLFQ,B0742LVLMJ,1590363631574
AE5JYVR5VDS3JYE55KG3WL3HMKHA,B07MGJZ2MH,1603381550853
AHCLGMKYZHBUP5E5K25Z5OZACIJQ,B08R5GVY3W,1661018841672
AGICRVSXOLIA3FQFYJPGLWKWUPQA,B07NL91XW9,1596744312607
AFXG3KKJORXKRLTVBTSD4H3ICYJA,B07TWRWCRT,1605322294259
AECY2Z3DKGNZD7RILF7CNIB2YBCA,B09ZJ5YQ1B,1664061495203
AEMFUMWVCQZM4XZWG6LKB2XD672Q,B0813RKSXT,1625808681139
AHZPA7IXZJKDIU3N6LKN5AJYF3ZQ,B095WFPM47,1629041869795
AGX363STJQMLSR6L6Q6BZYZAREVQ,B082VLGWKY,1630388993669
AFMQOGHSWBUB2DM4BFJRPXEJ62BQ,B07DNM6GBC,1534259774231
AH7UKUWOZNLTBKNY5VU6CPQRZNSQ,B07DVM8MM5,1568906380923
AE6RGRHS6YDLAABHAY6IB55DNSEQ,B07DNLG9ZR,1537617292733
AFLJQK2UBRETL4PEEBRRVTTXEK3Q,B08PVVTTWW,1630867358648
AGBN7QWXQCYMIRGRCZ4OI45UGQBA,B0742LVLMJ,1521054441221
AGNAGDYJ36HYUGUZLIKKYSBMF7VQ,B0742LVLMJ,1518637238121
AFFKK4HEAN54FZHO6VVILECB5PEA,B07XGNHYC2,1599839817272
AFFOVOKAOZX2LZC47BL3IBQS52OQ,B0848HYLW9,1651082112765
AET6WIF2F6ZAUE356AWHELUG5B5A,B08R8Y2TP6,1674745119285
AFCEWLPFIISDRPJKYDAI7X6F4H3A,B07DNM6GBC,1544533371177
AEXRLZM3HVTKZH7A7TFSF57TDZMA,B09BDBSZ7F,1638471069410
AELU64PTG4TJPMZLXOXDPNXWKG2A,B09R3KVR5X,1662244772540
AELU64PTG4TJPMZLXOXDPNXWKG2A,B09R3QJHH1,1662244105020
AGHPM2UL5EQ6ZJMAYAG2VNUAP7CQ,B07G584SHG,1621722881470
AFBJXIOADL4EVJW5DUKJ6RREYDSQ,B075NM1M1Y,1578101343945
AF44CF4DGR5NGXY2W6TX4JJQHK3A,B07DNM6GBC,1552414158160
AGJ7FCB4IFDCKYKN54UX2NWGZ7VA,B096MS17VY,1659160087807
AH3L4JVL2OAZHZDSODYGTC7XL2OQ,B07R7WVRGL,1606673100077
AHELJODZABNYYGA7JUAO67DKDQKA,B07VYTBJKP,1583009658290
AEYRTJUE5E3VROLWCN6UOZVIQTOA,B07G584SHG,1545588153355
AEYRTJUE5E3VROLWCN6UOZVIQTOA,B07HP75X12,1545588028238
AEYRTJUE5E3VROLWCN6UOZVIQTOA,B07H3S5Y9V,1539922469468
AFIIV4WMBDIB52P2BN5IU7TQEM7Q,B07KJLV75L,1606595934649
AEAHC635DPOTR522JW3NTTOX7LJA,B092587ST1,1624958558726
AEAHC635DPOTR522JW3NTTOX7LJA,B07VXJR1PF,1609798347080
AELDNWUJYK2CTL47R5OJABPIGTDA,B07H3QNJ1Q,1541776358573
AG5GULJU6PIG7AGO5AMBRRKDOROQ,B098QY92FL,1638227987277
AG5GULJU6PIG7AGO5AMBRRKDOROQ,B0979WBBT8,1630193560062
AFR4FNFXUXAVJEYPMDXSYNYTVQEA,B0B3XVR923,1661029464306
AHYSIGHCBUBVIMEGT5N2G7LKYAAQ,B07DNML26P,1576305504574
AGRFI2RJE6GR2KXC5CU6VGJNCKJA,B09M7BQDHG,1649723953292
AGRFI2RJE6GR2KXC5CU6VGJNCKJA,B09M7DQGG1,1646963191651
AGRFI2RJE6GR2KXC5CU6VGJNCKJA,B097B5M7VT,1640885943955
AGRFI2RJE6GR2KXC5CU6VGJNCKJA,B097B34JVF,1640885898507
AHIWJYBPK6HQC3M5JXZLM2USTX5Q,B0742LVLMJ,1529800513160
AE6PX6GR6EHARWHPYKWPPUU5TNLQ,B09DCVP6JZ,1634405890834
AGLUC5KOJGKRR2GJZVK3NJ6Z3HPA,B08682LT57,1597944783936
AFX6OVIR5MVEG7HC5BPVCMQP3LFA,B08CKZLD81,1601428929932
AENR35I2CC3IGKKOER4VDVZS2BJA,B08PKR32TB,1615949124296
AHYITC4GF55AQFDCHC4DKPW5GCPQ,B07R5VH7XT,1632149287794
AFELUYAJESX7ZWCEYQJTNI3BPEPQ,B07F8Y6BH9,1591878660158
AEJAIE3NICHLDEICT77JIA26NT6Q,B07S63NKNB,1578174309672
AEI35XRM3MAQSEC4U2C4M6GSRTHQ,B07RBYJN37,1600648194181
AFF5QCGJNINE3ZZO3GEO6XPWCIQQ,B0742LVLMJ,1645311043204
AGCHUBU4ACV72WPK4Z7ACMFAQ5YA,B07KPH6D57,1551320612742
AEVL7HXPLDY2MERPGTCBTD4YX7TA,B0742LVLMJ,1521926696921
AFYCSJBFDGU4SWY3TT3DCNVUC2BA,B07WGGH1C1,1609277231102
AHSIJDLRLSP5RLRI2B73BAE7QUVA,B086JBCVB4,1628402588515
AHSIJDLRLSP5RLRI2B73BAE7QUVA,B086JBB4HD,1625979464391
AG4SV64EGGRO22FMETWGJ4C3LPFQ,B0742LVLMJ,1577931062307
AFAJ3T76M5E25HITD2VN2G7HTYCA,B07H3QNJ1Q,1572306113612
AFSZGDBSWWIXH252SFGQCZOYKVXQ,B07GNX34XV,1541118983449
AHWW3MLXM6K5ZQTO3JEIHESG43DA,B07S4CSB3N,1577642895156
AG3SJKCDPRSEH7GO6HSKUEVU45OQ,B084L6QXWS,1601748981064
AGMNJXRNYJG6VY4HZAOTMHTZBYTQ,B086K2ZS32,1600011858939
AHXRSYUP6AYCWG5MWSAUA2YDYEJA,B07THJZVK1,1568845489404
AEI5RCULFM3XVSLATGLTCR7ICMAA,B07XGNHYC2,1610324802666
AFSYGI7SPPEJ57ZGGXZW5UZ4SGYQ,B0742LVLMJ,1516132272641
AHOU3UV5E3QZRBZSUMJ5TJC5EEKA,B07KM6T8GV,1556929568044
AHJTBVJZNBKLOM37AC2CY7KDE6MQ,B07KM6T8GV,1646969276823
AFERPOWXVTPSWUWU2OKEJ4MZ5J4A,B07G4ZWJB6,1567814781031
AFITFHX7MMOWWXFENOCNNFRVDNXA,B09DD9F3KH,1646777863758
AGV2JG2NPPMUTD4ZK4MU3EWSDOYA,B07KPH6D57,1557429324524
AEKXIGQG54HEZTPF7LCO3IEAADOA,B07HP75X12,1566745491713
AEITZYZKTN2HGOSWHFOUUBXFW62Q,B01M7UD21X,1497982786731
AEIOZDCUR57NX2VJVVAINMKEPYWA,B07G584SHG,1626541671937
AHOQFG6KHD6SJPJR5B35DB56FGOA,B0742LVLMJ,1546566750225
AGQUFOR2P62GVUOSIFXDOKHN67PQ,B07T43BXRD,1590602593308
AGG7ABSV3THEZKXLOE2IXIFVJKCA,B07R5VH7XT,1670858700624
AG3KEIDSB43SGIJKL4LX64QLJO2Q,B07XGNHYC2,1618076755345
AGDFMR3S3QB2IF5EZTNAVYNWBBNQ,B07VGNQD8K,1597207160285
AGDFMR3S3QB2IF5EZTNAVYNWBBNQ,B0742LVLMJ,1595143698961
AHQM6U4WT4ZBT3UDH4JBYT7G3CKQ,B082B8JVMJ,1636742606480
AELFXJLX3FVVU35464TMZFUQRVWQ,B07DVNJ5LP,1538257741386
AG3754IDKKBVCL6QE2T2XQ4HCDUA,B08MWNTF1Y,1619101592356
AGZ6VEUNYKYZ2F37G6QVCC2LSLNQ,B086JY4F3Z,1603842951160
AG4IX2EAJXKJCHAOWP4JIMU6KKVA,B0BPZMYLHL,1674088458827
AFWRCD3U7A4YOUSJPCVNOHK7RN4A,B07HQCCD29,1544405130331
AFB7IJEWBZWWCLTNT3QOHZFTIR3A,B07DNKDLYV,1536214325002
AGR6PGGMOT7OEPUXEJY3HOHUZBSQ,B07S63NKNB,1678069007060
AEIWGOG5PF2HICGFUBB4HYUTDVAQ,B01M7UD21X,1485829018000
AENQIJZ3F57SVBRWXFVTUXRRKISA,B07RBYJN37,1639757026684
AHFWK2M7NNW7JWKGFZ4ENPLVL4KA,B075NM1M1Y,1583107031859
AH7N7VKGKUKLZQRDS6LJG36QW3GA,B07FT4FMWX,1595733703225
AHKCTAD3GPBYQ6YA6U24IHMJBMCA,B07V5VWTMB,1581526017157
AHAZRWHOEALMAVWZGM5NON4GSFGA,B0742LVLMJ,1502908586699
AETBSP43WOHODWTORXMQN26QX2OA,B07QHDPWTR,1578912253736
AEUAVCFBB2TI6Y7BXJCMYUC3OSPA,B07G4ZWJB6,1572654377932
AG4X444DCGSV7XM7ECWZXUD33MBA,B0742LVLMJ,1524202982595
AHBFV2UKWZJK6S52FMWAYQXFCF2Q,B01M7UDAVI,1553091061433
AHGYCCPPFYCZVQRZHZVZWACFGOSQ,B07T5JT9D4,1647709287920
AEDLSNVCLGUXWE4XFQXYJPCWM25A,B09Y714FG4,1661373774451
AFQSZWCAAIXISRJRDZD64FUGRSKQ,B086JBB4HD,1628358497715
AGRGJOTNT57KQ36I22N6ZO2YGVDA,B07G584SHG,1679906172486
AEM2762Z4ANVELFYQ2WBLGCKFI3A,B07XGNHYC2,1621185782082
AECBZU3E3EUMWP27HKZ7EBBNF2QA,B09HXYYY4P,1654124155935
AHEXK7GBAJGQBKGSTIEDU3472DRQ,B0742LVLMJ,1607223793893
AGVFUJHWTPDQJBLNVYDU62NIPQ6Q,B0742LVLMJ,1560815422774
AFEMSSYPEWLYUTKSPLCFEEPPCUOQ,B08PVZ417Y,1646855186425
AHMAPROUEKVG3PBUBBNE2S4XQPBQ,B09LWP4TWW,1680988966241
AF2HCUEQYTB2AMANLXD6GG2IMNMQ,B07FT4FMWX,1613093859261
AH2YVDME2G6UPEVISFOB7PIGNDVA,B09F9G91N5,1656744418837
AEKDGQLGV2INJV4X3MEHXICFKVJA,B07XGNHYC2,1624632634584
AEYYIVCPKZ6PCLJPHKID3EBYH2PA,B07G4ZWJB6,1640888898339
AFU5FUP4UX4MNYQ3BN4N7EBC6JYA,B07DNLPCB9,1537141259887
AG2YNUPOD3TYWCSS5UO4G3FIS5RA,B08BRZ8J75,1603567253563
AHOX5A3UGXPTBDGOFV7FOJPKCU5Q,B07RBYJN37,1642003925052
AGP4HI7SDENZRTT3B63LLXJYUZDA,B07DNM6GBC,1535002682664
AGSACXC2EUCFLFBWSGT7TZYD55JA,B0742LVLMJ,1546372664473
AGOAV7PRN22RNIXRAYNAY3O7ZVSQ,B07DVNJ5LP,1534869931109
AFHNMCCCJUTXBFRVEICYUXIZX7SQ,B07H3QNJ1Q,1550288152577
AGDWO4DWZ6PA6UD6BC2ZLAEUIWMA,B07NVL6TJG,1669590031158
AFKUIKIGWDEVMW4SGD5IZURYSK6Q,B07NVL6TJG,1565878728256
AGLSGKGHZRG2FMGJHUCH63GI3ABQ,B07VGNQD8K,1597019117057
AHLRORQJBPRMLVZKSLGHT6VCU3IQ,B07H3S5Y9V,1551892723522
AEBUCLFXA4VV5RWUOLKRHZTUBJXQ,B07NVL6TJG,1593190122523
AEBUCLFXA4VV5RWUOLKRHZTUBJXQ,B07Y23PKWC,1593189228816
AFTOCIRLXPYDJ735OXVHA3QELRSQ,B07XKF8CB3,1591634293518
AHYTLQ4UYAL5NOHSVR4EI447FYZA,B07XGDM47D,1609116608989
AFGPL74Q7WV5OOKZP45WYBFECFDA,B08GDYSVNN,1612976773916
AE42GCVFHOQJSE6WJHJZOHYZKFMA,B07GNX34XV,1557600128035
AGETK3ZDABWZM3HC5SCCRYISPY7A,B07DNML26P,1533224315571
AEKRR42YOFOSLT6X3UW26SAVZMMA,B07DNKDLYV,1572741568897
AF5EYGXQM527J7MGZBHECZOMGQYQ,B07DNM6GBC,1612546849248
AHTCU46JOR6DBA2JRO5VFENIQINQ,B07G4ZWJB6,1580421978716
AEUT5I4KAL5Z3TQR35EDTNXYCYSQ,B0742LVLMJ,1544581109672
AH4BQN5YKI3U27HDXGYCTJ77GM2Q,B09J8VXD1Z,1646672606216
AGM527XLXLQ5HBVVRJP66NTJE7EA,B07H3S5Y9V,1569368757133
AEVAJ52TYTWVEMLNHMXUNFKEBWLQ,B0742LVLMJ,1604298037030
AEJJLJ2QOYWRSBDEMVSEHRQ4JGSA,B07KJLV75L,1617004301450
AGB6JYDKVXJAWNRBD5ZU5J6M3JOQ,B07QXSYDGF,1612932049801
AHLHRJ2U2WBLCSDBKLCMCDMVY4CQ,B08DDJNJ9D,1643655321204
AEKQIPKY36T5ZAAB63LNRL7BRXAA,B09XVBYB61,1657653326891
AHC7ICFQKY76BOLYT3DS7TOOKQAQ,B08MV63QGQ,1610751211213
AE2H6ICQE5QZQTLZ3PUVORU5JXNQ,B086JBNB84,1641005760020
AFED3O6C3NVHPHJMW7TFIZKL4JLA,B07DX3D8W3,1539686407756
AEYEBOU7RY5HFYG26YXA2TU5OOQQ,B07VGNQD8K,1592154255681
AEAHTVPQUOWCGXC4NCN2KRM2ZWDA,B07VGNQD8K,1662262319171
AHY2WN2D7XWFARKNL27IDINI6PBQ,B08MV4RPGL,1612093953050
AHVUA5YZVQSIDXS6STSSFACDS4TA,B081TBW1FB,1613425554985
AHTZU5NNW3Y65PUUXXNLP4RAUXLA,B0742LVLMJ,1560604624362
AF7VCDGSS4DPNZA3HJSTI66HFALQ,B0742LVLMJ,1594352124100
AEBRIMVSGHND2I4MORGXQQLLLUZQ,B07G584SHG,1591997159275
AENUWPZ6FNWR6A5PZRVEKZLWNJSA,B07G4ZWJB6,1572191190851
AGR5EQQ7B5I2FYWFIALKINKRX5BA,B07DNM6GBC,1559253325933
AHNA5MO3Z4GW5VH34H2U22TS5QBA,B08PKR3KCF,1658587190618
AGXEGRQUYQMLY42SEJ6TWERNJIPQ,B01M7UD21X,1547665771137
AGBWIOKQQQ3GKN3AU4FDSCVI456A,B07THJZVK1,1579260827731
AEJMNS552LYNGF6CDD7UIQDSAP6A,B07S63NKNB,1563909104955
AEX65AEY6SHAIPOPTY4XYPPKX23A,B07DNJ6N8K,1575345083536
AFWECTQBFOOZIEXEHFLQHR6SJPNA,B07NVL6TJG,1566680521532
AGAQVHK2KZV5IR7N5AQPG5ZFUEUA,B01M7UDAVI,1493834531000
AEWLA4OTZWATFZKVBD6YPILOV2NQ,B07KM6T8GV,1596472553669
AEWLA4OTZWATFZKVBD6YPILOV2NQ,B07KG71FKH,1547480388958
AEHM3CYELNIKCKE7SU7C7KNIF4BQ,B07L3K8S42,1607277080370
AHVVLHJVPLKO6NICUOCFGOTEVUPQ,B07QXSYDGF,1586990857823
AGW6IDX5QUG2VAQT66OWFQXR7I7Q,B07DNMN7X6,1544561260548
AGWVEJM6L56PTJDQKHXJ7NNYSKYA,B09NQBMSFB,1655521293264
AEBDEADMAPWMHJLS2XINON7WW7MQ,B07XGNHYC2,1618424102831
AG23PL2RVSKDAEIGMQZ4PVHJGCBA,B07HQCCD29,1561254819900
AF234IK25SAQHZDTUXBRGWAZZANA,B07G584SHG,1563019421640
AGHJPGP3TM72O7JR7TM62OJOOFIA,B07KM6T8GV,1571242270966
AEVSHIU5T6RZXDNGTRUH3KB475HA,B07G4ZWJB6,1567127550159
AHM54GBTTAJ4S3FQD5MYMCUSHGWQ,B07VGNQD8K,1612759264567
AGUT6KBDQFUUKZ7XGTPX6S2V32MA,B07G584SHG,1545496786019
AGSWPHTXUG62UIEZJIAPU27IOXKA,B07G4ZWJB6,1613675582438
AE7PSHH6Y6EDFFVGNVETVZWHVC3Q,B07HQCCD29,1542763135922
AGGQDY6IWEGCWUP4NLCXW72UWJNA,B07FT4FMWX,1548096645787
AFYOR4GGK3CTQHSANR6D73Z5BZXQ,B08Z4C1W8G,1622400583107
AFYOR4GGK3CTQHSANR6D73Z5BZXQ,B089NY9NB6,1609039130639
AEQHKNJSZHELIQS2GIDPLSBF6XGQ,B0742LVLMJ,1513547150126
AHLEBLJWGFZJ5X4KRZSWRK6IPZZA,B01M7UD21X,1542272473113
AGC5RG5GLA2NRJTCYUQGQ3JTZOIQ,B07V5VWTMB,1577619729583
AE443RVSRP3DWAXWZ3IU7MFT2ACA,B08N6W22SR,1616763008362
AFBX7JGPM4VTZELWPGLL3I4GXYRA,B07G584SHG,1588218668581
AGUKKJO45UX6EA4DUKFREIHTVY4A,B09DDCNVWM,1648995492927
AHTFP4XDQYJFXGQMIUXEZKQGSLLA,B08M3JP1HV,1646248762689
AHTFP4XDQYJFXGQMIUXEZKQGSLLA,B0742LVLMJ,1598558852920
AEAKGNIBKIR7W2WRGXLH53NIK4UQ,B07XGNHYC2,1621129959964
AFDY2I2EJDWXJJYU52XP2X3FMZKQ,B086JBCVB4,1620270457735
AHDOGJOW5Z5YO6FQ2PXZ3WO3YMZA,B086JBCVB4,1635707601419
AGU2A5XJO5S5TSOFTSMK6ABT6UXA,B082VL8846,1610762175557
AE63XJ54LQEYQ3FW523E7C4VYTCA,B0742LVLMJ,1599580873185
AH6OOKTQZFM7R6SCSX74YBKP3Z6Q,B0742LVLMJ,1649876254040
AHYXYFELC7NSVIXXW2AWXZ6TVNMQ,B08L3SSNL5,1627060275030
AHEAN4JABABKD4TMFW5NXJUI2VSQ,B09FSV539V,1661796384679
AFAC43EOTVT6QGTCOFAZQE4GYK3Q,B07R7WVRGL,1636206262975
AFE42HT2NYI6HTDHDY2UVH22VPNA,B07J2LB2XY,1587129366518
AF2V4W4O25CPA3MRG4W7DHDHUKNQ,B0742LVLMJ,1577583732981
AGDCXVKU2CSVZPAEMCE4PEALQNNQ,B0742LVLMJ,1616363766695
AHJCVPM32XZVVKBN6RRBFXYCDCDA,B087YPRGKB,1597563682109
AHZTM5LLBXOK2BA6JKQD5ZKHHJLA,B0742LVLMJ,1543612312369
AF2QZYSMA3GRUTKNBDFZPAVUAERQ,B07Y23PKWC,1646871470261
AF35B3LC5QMXNKJFRAN3TYSINDTQ,B07KCLWKR3,1563393981104
AFUAEKDCXYMV4FSBLHXT2HJGMT6Q,B0742LVLMJ,1579055459034
AGM3URUM6YMMWSRMRTFH6MWQYRCQ,B09R3MQLXY,1677415329641
AFZMFKQNNOXTHSEM5ZNWCCKRJHEA,B08D9S5ZW8,1642201368464
AGTHEFXS2OKUQYCPDENGXGIX7M7Q,B07KSDPDM6,1620956243042
AFQFDX4SXSI2VE47NQIN4WO6ZGSA,B0742LVLMJ,1598016373065
AH5CHBBGYK7XXOAEMTONNFOXHMQQ,B07QL1JRCN,1594698169419
AHAVOFU7Y4NOC326VXJN4JNQNZFQ,B01M7UD21X,1500481526614
AFOKGHP5M7CQARJTIB5SXRPDEVHQ,B07J2LNG43,1565924730710
AGG54PLMM3V2PWT6VQIPKYRSNLJA,B07DNLG9ZR,1540755205312
AH4WLKJQYW4ASN4OX4PUVPHWXLIA,B07F8Y6BH9,1575946754155
AF3YBSGNF6KT6FY7RHVO4THHTOSA,B082B8JVMJ,1629496428687
AF4ZFVN6S2SPK65B5Z7SJPUIVEJA,B07KJLV75L,1560346889707
AF7RUEWIUZ4HFLD4R5NEJKXF7OSA,B08LDV5MBB,1615172926493
AF7RUEWIUZ4HFLD4R5NEJKXF7OSA,B07XMD44LR,1613408637928
AF7BL2FMHM3ZIB63PQUUE6ITTZPQ,B07WGGH1C1,1574821494157
AFJUYASRSL7OO47YQFH6EUTWV2MA,B07S63NKNB,1581483128313
AE6G5LHYN4K6ANSCLEMD4ZMLWP7A,B01M7UDAVI,1549116913731
AFIL3KYYHMCEA27QFUWHWF2G6E3Q,B07SDGKP88,1619028431405
AEW74AHJ2E76KC4D4RIRVT25LQTQ,B07PRK81VF,1624466809233
AGPMWV6YRD3LOIHCH62R6H2YIUIQ,B07QL1JRCN,1588361454777
AGZDCO64MTCQM6VRBWLPB4L4YL5Q,B092587ST1,1658533590505
AGZDCO64MTCQM6VRBWLPB4L4YL5Q,B08C1NC54P,1598537767880
AHV2RIT3NJKUKWCI7MV4Q44T6M7A,B07VF522JP,1575589954372
AHBAQXMHKNA2KYHGDA3ZK57PMX2Q,B08GDKDMDT,1609041532832
AHBAQXMHKNA2KYHGDA3ZK57PMX2Q,B08DDJ5LYG,1609041477302
AFUQIFXOSPLHAGMVNR6HTWPY5EUQ,B07QXSYDGF,1590633118287
AF4KVERRHTPTH34ZAK2X6BXYM7UQ,B01M7UD21X,1503512494011
AE3NKVPA4MQGEML2PGUCL75WLR5Q,B0BCM2FKVB,1673045675104
AECHRE6B3E536DDSY2IAIDQRJPSA,B082M86VL6,1593747168174
AFNELSB6IWMCGH2NJQPHFA564FQQ,B07GNX28KS,1562576228015
AGUFNHMTOOEFB5DWDD7RSUTSZCFA,B07NL8SM91,1563966873996
AHP5YOSEK5AGRRE4JNZOPIZ5FDSA,B07NVL6TJG,1603395013235
AHBNCUFQUT7XGN6FA3QORSE2ESKA,B084KPMB89,1613068694509
AF6HEPD4EIMS5LEGUYPINTBSFPKQ,B07NVL6TJG,1591572020724
AES7O3PGYBV7FVRIWS2V3STUZCBA,B07DNMN7X6,1580444423434
AEFK6EWBATMFSFLROBJ3RKKKSTAA,B07F8Y6BH9,1546393024938
AERKGGKUWL7VY5DWDAFBKE7KZWCA,B0742LVLMJ,1582172175544
AGUQLZQPKFRBCKN25QF74UZR637Q,B08WRFTMB6,1622112522548
AHFV4JN53OCJUFJ3CYWDHESF2O7Q,B08D9SNKK1,1598819122163
AHLYCUG5CYS6QNW235UX5S3GX6TQ,B0742LVLMJ,1608296984597
AEEEP6KNKRGKI7DZKNRYAWSUFZZA,B07HQCCD29,1573096552888
AFPGVDWVJIW3AICFIZZCUSB3HLJQ,B07HQCCD29,1562993870960
AGZVCM5NZB7ZN7FX3M5SREPMOECA,B07G584SHG,1619199614471
AGEAP2NEYDSRI4RMITIJEPLX76RA,B07R7WVRGL,1613932122189
AEABMJ5NFYQ4ZIPAGNYD7XJ6HF3A,B07KCLWKR3,1551992626656
AHRENSVWZRHMRXRMF2TGMONHDLGQ,B07HP1T567,1596810062013
AFXI4QJZVOSY47AV5PEB33PTOIXQ,B097F3PVMC,1637545070710
AGE4CGPTHT3YWQH7RGKVT55S5XBQ,B0742LVLMJ,1583115025842
AHKAYNOXOSA4QNYM22FWP4QMGX4Q,B08R426Z1C,1626385781657
AH2V7KQWO4QE3GVPC3DC7X5U7P2Q,B07VYTBJKP,1662087778599
AEIRTPA53YUT2THG6T7ICIZF3JYQ,B07F8Y6BH9,1608147458033
AFO7TZYOC7M2GNGHZKZMPOGQYFEQ,B0742LVLMJ,1579662559467
AFFRY6JRD24EAGAS5ANQVC36AUGQ,B07G584SHG,1547493313205
AEMMBPZHPE6YKGAMWEOTMXYDGPJQ,B09LVZ3T6C,1665212640383
AEMMBPZHPE6YKGAMWEOTMXYDGPJQ,B09R2LDK24,1665212580245
AF4TFIGL6R3DX7DKF2R56FPS7PKA,B07NL8SM91,1589572439959
AGYYCXMSLK57IO4Q3C7O5VSIR3RA,B08BQ2KCG1,1607728516723
AFXJTXRKEVHOFGZQRH3IGNWVTZ3Q,B07SDGKP88,1665704990977
AFJSRYP5OABS2GVZSCML2BBTYOUQ,B07VGNQD8K,1678067387216
AEFRFTRRI3ECQHZXRD5HI2VTXE5Q,B07R7WVRGL,1627154790319
AGAK57GYX5FNK2UPLLDLDMCHQ5SQ,B085YCC8P7,1607451193960
AFY2Q77FU7QVNVSPPHP55SF6MDZQ,B0742LVLMJ,1626575177041
AECEWO5GGQRN45ZG542POJLV4UNA,B07VGNQD8K,1612359846776
AECEWO5GGQRN45ZG542POJLV4UNA,B07KM6T8GV,1612359801060
AG6CJYCMH2PZNDYCFFX2T3MHXL2Q,B08LZDTCWC,1608932666260
AEY6GEBL6XEG6VZHVHXVAP46HOBA,B08JZ1H84F,1612185631282
AGZK4XQUTOE5DWL65RQQI7WJKJWQ,B0813RKSXT,1609998116620
AH6UX4J6QAIO3UGMFX7IA6FIKNPA,B087GQ51ZB,1628810699303
AEFRL35VPO5EUCKPNOCJZ4Z4S4GQ,B08M3ZFWDH,1619458141524
AERY3M6OK7HPIITG7ARNV77UZPDQ,B07DVXFP2N,1578162074744
AE5KHNIX7HST3VWW2B34WUHO3TUA,B084KPMB89,1616379394199
AHKYSEQN4IJ5P57RQJN3EGGPQI3Q,B07GC3X8V7,1556217820901
AGBZJEUNPJISE5HJARDOYYK4P6KQ,B07G584SHG,1602276533462
AFMXVZMLWOE5NMGDNOTG2ITPB62A,B07H3QNJ1Q,1592009757944
AFMXVZMLWOE5NMGDNOTG2ITPB62A,B07F8Y6BH9,1592009205638
AFMXVZMLWOE5NMGDNOTG2ITPB62A,B07QL1JRCN,1592009141270
AF3J4QYZDPEHJVG74PEJYYTIBSLQ,B0742LVLMJ,1525315711564
AFXTCYAZXOHBPABUPRACOSIIOWMQ,B0742LVLMJ,1504575854809
AERR4TCINAGU45INSLATTPKEQOFA,B07DNLG9ZR,1539906553538
AH537Z6IGRJ2J2LQKEDGMUVSDUZQ,B01M7UDAVI,1529110559830
AEH6ERVKD4UOY2D77QXKYNRGYEGQ,B07DNKDLYV,1533326093080
AHIBIBENSCB6EHMQFXJH7J5XVL4Q,B09NQD5TH9,1661007424181
AFQFVOB42ZGBGEWEUEJBU7N6S3FA,B07FT4FMWX,1541457277408
AH5H7M2GOIE4BMPXLP557I4P7WCA,B07DNLG9ZR,1534820638901
AHP4SNPIXQC3EWZG6HUSDR2GNZNQ,B07DNM6GBC,1540004004953
AEQ77JVUIZQCPV74ERHCH5XIP63Q,B07DNML26P,1535682119509
AH7XRZVFGAQXRQXTB4ASIIP56Z4Q,B0742LVLMJ,1562583108524
AGC2RHAISUQZ4C4NYLH6J5IPTOLQ,B08N6W22SR,1619116779471
AENYEBZBGYCKRNOAXR7PVCAUQQ6A,B09KHLSGWV,1639172649580
AGBQ226K4VVBK6JFCBOL6FJU7NEQ,B07GC3X8V7,1545259186388
AHMVUOVXDZJJLCEHKAYVVN3ZXBCQ,B08H8TXYW6,1662728284702
AHJUC3UTRBFG4A335FAXWVO6YIMA,B07LGDPY7P,1598329578350
AEKLQPSL7FTFKELA35TOQ47JWHHA,B07XGNHYC2,1623968988899
AGXSIR7JLDAJHSV6WTPBQTIRKQHQ,B0742LVLMJ,1549325543545
AEQXO3XG3AYAZPWAS5L47ILPSN7A,B086K2ZS32,1601323281888
AFK53OJO27GT5H5DMG3GESFLCFQA,B07NVL6TJG,1580049891542
AGXMPZW2JHNR3RYJSZSTUGZBFQWQ,B08CZZ54C1,1629223458310
AGDBHQTXCVA3Q4SYNTGK2E6BRLWQ,B07HQCCD29,1565827550612
AEAKJJHUDMTDPOF4VALAE3BD5GHQ,B08D12MRCT,1607998855353
AGYG27YOKR3336S4UDFACZ4PPZJA,B07GNWWTRV,1567882441977
AEVIE6GX6QDTBDTLX2NVHEGGC4JA,B07WC2239F,1572024763739
AH6APGYT4NJIEPQD755FR74YPQVA,B08L3SSNL5,1678509325165
AFDF65ICTW5XR7OXEPAETBAHR35A,B07GNWX112,1552550885692
AEM5DCWGCLFPHXEZYORX5VOHEX6A,B07GC3X8V7,1539561746271
AHFYCGWSCQM4NR6MU3MLB2HA2OBQ,B08D6WQ1Z7,1631743574127
AF2ZMDX2ORLJTU2NX36XQQLXT6BQ,B07KJLV75L,1599421629584
AF2ZMDX2ORLJTU2NX36XQQLXT6BQ,B07VGNQD8K,1597789766251
AFEQJYOE6KIIOUBMXDTKROFDZLFA,B07STGWT1P,1611265624789
AFDNL2KQRQFUUXOHJF77GKOSFCCA,B01M71IUZ7,1485353731000
AFZYZZ33VJBTDFPMVPY57LFW5J5Q,B08GMY7F9H,1650921447297
AFETWNPV3KVMXOQ3QRASI4AQ4BVA,B0742LVLMJ,1562009552956
AHQFGPCQBWLRPGNCS3RCSGPEFXOQ,B087YPRGKB,1678051943853
AFPIPQ664CP7FQ4YZ557UJ7UM2OQ,B01M71IUZ7,1542393468294
AHXIG5PDWQQBS22FXYJMTTOGNBWQ,B07G584SHG,1547238653943
AFJQIH3GT25RYH5PQIVLGPDO543Q,B08GDKDMDT,1635972859789
AE2ELU37CYQGQT6W37EVFNY5BO6A,B0BFRV11T6,1672008706136
AGTLOZ5NQDGRMNKB6I6SL2XW5POA,B095WFPM47,1623527869429
AG3MCU5QJPZ7GOOXPMN3AW2OGPHA,B07MGJZ2MH,1600045662787
AHSH52O5LBQBJSOJFXXFRVQGFO5A,B07WGGH1C1,1581539384400
AHPGI4RFHPVBO3JTIFHVNHDF3BJQ,B01M71IUZ7,1536596963871
AHAQXYFNGNGABAGLH7IJZBMNZGGQ,B07G5915QC,1581447830166
AFH35K5P6ZC4L7GTXX5ACXY7J5KA,B09DD9F3KH,1648319241986
AHX2BLLSKQITLQT6SR2KMO624COA,B07VGNQD8K,1652636057837
AGBAGW3LZTWQTNNGW72DN5ACZ6DA,B07NVL6TJG,1564252207557
AFOFMCWUKLGVAQPQJUZSIVIDVFGA,B07DNM6GBC,1535856853683
AFK3IMCPZEIP4MB2TFINJJJBKXAA,B07STGWT1P,1609540528882
AELNPQLSGJYXSXTJWKSBHZCWS4GQ,B08DDJNJ9D,1622501875723
AHH4YDD7CB2JFKS6WRY3VJFQIJWQ,B01M71IUZ7,1522719725116
AFNFJBCEMLDO73UXYI34RN54YK4Q,B087YPRGKB,1666116614148
AERJCFA22KONWLYK6QXU6ZQWY4GA,B07DNJ6N8K,1560633816801
AGOK34TWZ6Q6BP23V6Z4YI4HTCLQ,B07NL22GPP,1666033700435
AH4AS5NWP2YWPP25WCWI3K5FPYDQ,B01M7UDAVI,1496151570000
AF4OWD4Q3PFJQFYCJFPKQQIKPRRQ,B07WFHJDB7,1587222822275
AFNP7JKBTQWM775E7BKVGHMMBFPQ,B07DNM6GBC,1538570336164
AGEP7FG3SM7KVFFNNNSTNJ4CBW2A,B08MW56SPG,1618947902093
AF2FJJOVXAGI2SJMDLHQRP7JZKLA,B07G4ZWJB6,1588832663084
AF4YTN7KKQ4AXK57MVK4NIM7FFAQ,B09R3KVR5X,1660224493809
AGRFRCHQMS7NHU4547B5JTHFUAXQ,B07DNLPCB9,1534264066654
AGLNP637DN6TJLI2PXT5HJNCOQ3A,B01M71IUZ7,1500650307360
AGJKCZE2QS6Z4YAVJ5CTBPCEULVA,B01M7UD21X,1500419978044
AGAYAZBGKNEJTTXRTPJ5FOE4EWCQ,B08GCX3JCX,1636430211878
AGCP4QDXSPELQQKADK3SNP5BTUBQ,B08GDKDMDT,1604687552638
AHUBP7BUW6NGOK3VTXWPH6USJ24Q,B07TWRWCRT,1609183023267
AE6RUCG3OS57YPPJVA6IGWM26WAQ,B07T315X4F,1615198879500
AECYWQ5MN5VXT5ON6BDFUM6MMXQA,B07DVM8MM5,1577953323578
AGSFDEXIBKTSP3VHXJNSFZ5SGDYA,B07RBYJN37,1622748104586
AFTUUNIG22ERFMADJLB3SQRHKS6A,B07G584SHG,1587541402482
AHOQTCGZZPK2BTJ4L2EKULS75ZAA,B07G584SHG,1621786976221
AEZV63HU5EVEZAJUABB2GDMTILSQ,B01M7UD21X,1493831459000
AESDCEJIAXC6ADONAUOEGXQSQX7A,B07G584SHG,1590075861049
AHF6JFR23BGH7HJMU2PRAYO7KL6Q,B07HQJPGL2,1576426134949
AGIDDZY4ZDTUYADCT3V5TPWWOCMQ,B07KPH6D57,1551017650367
AEAOD4K4WAPCZVE52OXDOPU63QEA,B0742LVLMJ,1524960245242
AGYJ7GZE763MC3IUBBX7RY73BJOQ,B07DVM8MM5,1579898860328
AGY73BHON4MMUYNFIGU4YLS5UEZQ,B0742LVLMJ,1598488309791
AEKSHWMJU6DXB7V4CC76CDGXZALA,B0742LVLMJ,1551308486021
AEH5EXCIXJ7AMX6DJNB3CCNCRJ7A,B07DNJ6N8K,1538855197187
AH6QYINZAWTMAUGDYYFOX6L23GHQ,B0B6CPL52Y,1662927929076
AH6QYINZAWTMAUGDYYFOX6L23GHQ,B0B5YD31KQ,1661189884898
AG3SVTYTSKGDV35JA5Y4TGLNQHHQ,B01M71IUZ7,1497043934279
AHEH5PHOGQCCWUQC4N7HCTNYFG2A,B07DVXFP2N,1597148052889
AF3WY5ZQYCWFEEOY7OP5SJ4ONM7Q,B08PKR3KCF,1607382366150
AFX6FL7CUIQJO4SLB4KZRWCESFMA,B08MV5RD1S,1616050491115
AEFIPH5T7PDCVGUWBTUA3S5YBMXQ,B07VGNQD8K,1619444268012
AEFIPH5T7PDCVGUWBTUA3S5YBMXQ,B07S63NKNB,1590107751569
AFF7PGCBYFXLAZIJMWD3K26N4JVA,B07R7WVRGL,1562510502220
AEDZ6OTPOD4YXV6GVOMB47NMZSCA,B08KQD5BVB,1605577661410
AGA2MVS3SL4H6BIYATPOIWBABZCA,B082B8JVMJ,1625841390453
AHL3W24EAKEUFHAFFG726KZAAFMQ,B08LDMKH6K,1641075533339
AGAPZK33IJCWIYHHBHHJWYZX6REA,B07NBPQL3C,1624368910090
AFAT4T6R3SRVMIGB6NZTBQ4WGRMA,B07NBPQL3C,1612318911347
AFPZYQTY7RY4TNCARFKVMVB5NTQA,B07S63NKNB,1576449139934
AGO5ZTMP6J7Q5XQEHSAULKIIVIHA,B085W6VHP4,1601759451925
AEMU5U5OVRGWCREVBL6ETPZAKRUQ,B07DNML26P,1596977151831
AGFSGER2YYFDJ5CELYLGQVKLZ3ZQ,B08M639361,1611616380962
AEAGXZ5DGZLM5LHH5ZCSSJ4XQT7A,B08JZ3JYKJ,1616119300066
AF3UREYUAZQZK5KQS6NMN2XCRZDA,B07VGNQD8K,1594089028998
AF3UREYUAZQZK5KQS6NMN2XCRZDA,B07PRK81VF,1592974267372
AHBGUFXHPTRBOXL4GHW567I2QVXQ,B084L6QXWS,1609080109580
AH7DL4UZMY2CP2V3DKSCNYKEGEOQ,B0742LVLMJ,1614732663933
AF2FJQSMVZMI5SO6XNA3ZMHH2LPQ,B0742LVLMJ,1544734704099
AFMSPRJEXCYPGI4N25SHF2RRC2JQ,B01M7UD21X,1491952187000
AEODRSSELXXCSXPREWW4MN26JWZQ,B07DNKDLYV,1554542834927
AGKVWUEVWLD7Q3IQ4QTTH4MARDIA,B07DNML26P,1661413615016
AGKVWUEVWLD7Q3IQ4QTTH4MARDIA,B09R3L7WXL,1660540393554
AH6XOT7MJBBPQLXJNW6O6PWUZTCQ,B095WFPM47,1624993417026
AEUDXPU7CECCEAAVML4WOLRVJBGA,B0742LVLMJ,1597115356151
AFZ42YYY4CK4DFIBB2UFDSJXFE5Q,B07XGNHYC2,1614210246421
AE55H3JEDBQB23M4CTI2AZCPDXUA,B07VGNQD8K,1596841194080
AFM6Q3A4DB5IQE6DSKEXUC3HQXTQ,B01M7UD21X,1530735340790
AGNIZO7IDQHA5JZV32USOPC72B3Q,B07HQJPGL2,1542758382640
AHZP5N6N2TRQQ2HCDVMHX4PR35UA,B07KM6T8GV,1574084419571
AFOG66757LRP4H5KRHFNJK5WTPGA,B07G584SHG,1614950111491
AGSNQH7VQBCIEIMFYKR25VSKGBHA,B0742LVLMJ,1526404562631
AGHR43FAFTWMFBCWYEIOHINANDQA,B0742LVLMJ,1529608003355
AE5BSSL6IEQLNOZTDHPBDPLGH4NQ,B07WT5CCKH,1572316131946
AH273KJZ5XYSH5GW65VK6LZ4YQWQ,B08JZ3JYKJ,1607894887248
AED3SJ7YBPC6EBDKOCMV5F5EN62Q,B07R5VH7XT,1608903305570
AHHU24XXCBJ6Z2ETZYTTXXMDFLHQ,B07L3W2MDL,1578284530777
AFBEBOAGR2QAOOAJWE2EYNJCSYLQ,B07TWRWCRT,1576155120112
AEFIOSSCLIWFK7DZMYQ2VESAA2TQ,B0BHL9KY9C,1673325982792
AFVUJ3H3UFS6HI66YQ4BU5AYIQXA,B07G584SHG,1592658025121
AEBXJQBH65QWVHMX5CFLVHDYCUAA,B07NVL6TJG,1646419647856
AERPH3IKWYEGPGSTBPKDSEJJGHQA,B07R7WVRGL,1655938543135
AEC6YFTVNIUXUCHXMDYPL7KH7CRQ,B07DNMN7X6,1536628400620
AGUTM35D3T73Z42OJACNWBGVBDYQ,B07SPDBR1J,1609447178055
AGKPL3PQLTOOBRXSVIQK7RGEYDBA,B07NBPQL3C,1617477905536
AGJQE6BZ72LSPI4EJPUPB4VMY6EA,B07NL91XW9,1623596800896
AFMBKBZCX3TKSDPIUEJEAOC737SA,B08JCSPJKV,1637285342273
AEQIKUIFWFWLB3FUUJ6LZC6AUVFA,B07QD9WBGB,1599176508587
AGWOENV7LW7OTYHE75VYXLK7YYRA,B08DYDKVB6,1603841727711
AGEPCPXIT5VMITBHTCRL3GLI3DNQ,B07J2LB2XY,1559415501752
AFESAW5AUO3LDZVK2DIAWPQRPXMQ,B0872GR7SR,1605797802721
AEHMGAWAZ33JVKJ6EZZAYU74OGBQ,B084KNZBM8,1605559869981
AG2BYPSTN3QDSBA3KED3MHTZPURQ,B08D9SNKK1,1602900210454
AGGECIIVDMDA6POIBGBUL45DXCPA,B08D9S5ZW8,1598914272400
AG25CASFE3L3LOVVMTT6BNWL6O3Q,B07L3K8S42,1568516498702
AHEJBML2RTWMR4ZUC46NVIERRZGQ,B07T43BXRD,1624053469628
AGKINDTH5QAQKZCOZFLDHO4WAVHQ,B07GNX2VPX,1557150210992
AE6TIUKPTVABNMS6J7AWAE7TWUIQ,B08R5SZPNZ,1638189310751
AFJ6N7QPKCZJHDX5IOAECA4VCH3Q,B0742LVLMJ,1639442771884
AHTKYWY3EEPSBQZ5BK5IC6IYPQAQ,B0742LVLMJ,1527987290308
AHQSDY5KAHLZJE6ZMFCYEGXBQ2PQ,B07S63NKNB,1592324580215
AGXEXM2EPATKNMH7HAZQ4RPDWRBQ,B01M71IUZ7,1537503602009
AE44LDTACPOXAR7XW7YG3HSNXKIQ,B086X4FPN5,1606219984249
AGE76AMXBF5EVE3JYDBJOF5HB4KA,B07KPH6D57,1549565098170
AF4GXAPGQR2QHDWO6AM72FJAQG6Q,B07KM6T8GV,1617480883301
AEI6I6SOJPFV6C3VTUE7SX5SWDWQ,B01M7UDAVI,1496158493000
AHQZFFD4WVBKBRQ7XKAKNSGAVBUQ,B07VGNQD8K,1591159691539
AHOADCKSM5JLADS67WHVZNU42AWQ,B0933CF1DM,1653277192644
AE7V3OE7C7UCE27ZAVLQ7TK5IUPA,B091Y386PQ,1622830874405
AHONHX3CY45ZBAZAYNKBLBXC4HSA,B07TBG6VKQ,1608665712036
AEMZXYXQVFBPBXTO3QWT2KOKGXPQ,B086JBCVB4,1608169068099
AHBCAGVXRFKNBE4BTKMKUJE3BLLA,B08BQ2KCG1,1600728250584
AET3JEEVC4ZBGQKIEOD7PNUFT2LA,B097F3PVMC,1651729539290
AE4Y6OHEOGZK5HBE4Z6UHCTWKL6A,B07SPDBR1J,1587082350618
AHVU4H7CWPDY7TGJUGJMGYGYQHJA,B07VYTBJKP,1612320389425
AG7P6LWKO5DQ6ARYW4XZWJXP6C7A,B07GC3X8V7,1537975127364
AHV563ANKB2T2Y2MYRN5OZRREVKQ,B08WGBJKW7,1664812174372
AE7TKXEYVAUMGUOZRUBDFVPZGW7Q,B08TCGN1JQ,1631644346123
AFLL7ECWRXDYYVLGTAGWWLEBYFUA,B01M71IUZ7,1558718859154
AED4AB7KNICKO7FG4Z5E2ZNW4FDQ,B07T5JT9D4,1577557719397
AEYSY3LO7HVZQWW4HQFFZMQC66ZA,B07PY8C43F,1578113988580
AELQPAKFTA2BNLYQZEIYAINNAHHQ,B07TWRWCRT,1614004383797
AHEQGKDVENFLWBKE4YSF3CFAFNIA,B07MGJZ2MH,1554856306842
AFIXPUVY7W3HZJ2R4RXP7SJYZZFQ,B0742LVLMJ,1519002244637
AGZ2JXXBNCG324J77MXO62PFXYPA,B07G584SHG,1597013634920
AFWVCGH23QH5F3ZUMTE567UBODIA,B0742LVLMJ,1577481207203
AGKBTK5A3PFNGPLX5YSEZLRN3JWQ,B07WFHJDB7,1627604356567
AGZGDT6XNYAOWAD6RQFXUY5LVJVQ,B07DNLG9ZR,1544677388778
AEICPEREI7DQQRQ2E6P3FED26C3A,B07SDGKP88,1565662769321
AFQZEHDJPEACI7OLX2X3JTL24ZDA,B07Z412BFV,1591209402647
AEKWH2YQ5QXDGETWGOX6LHICS6LQ,B095WFPM47,1649212087058
AGKQ2GCMLEV6COI5ZZ3R7RLBPSUQ,B07DNML26P,1535996600109
AEDDUDMXG7TTLH3JJYMVEJAUDCJQ,B01M7UDAVI,1573699672422
AFMQ2WJ663TA6UOFAY2OUAD4BKWQ,B07TWRWCRT,1595957119992
AFBKPQ6WKV666QGSSQKW4RDZTXPQ,B08N6WFYN9,1653235459286
AFXWATT7DQZOW6YVOHWKZIQGR2UQ,B0742LVLMJ,1515816629654
AFE2HGZT3RQHO2U57YDJ744WNQFA,B07Y1WMH7G,1601488364957
AGUN3WRJ2TNCVGXDBDNHOIIGNU3A,B07DNML26P,1535715781912
AE7RMSMTXZTP4IZMNCFQ5TEVVXZQ,B08LDV5MBB,1606184358716
AHDR53VX76UPUG5LULQJEO6HCJJQ,B0842RP7RD,1672141611720
AHDR53VX76UPUG5LULQJEO6HCJJQ,B07KM6T8GV,1628533823684
AET6VSKSUMFM4IBJJGHTJR3Q4GVA,B07G584SHG,1615735348054
AEDSDVJA2YSIAJDXERS4XABLIG4Q,B07X5SVBJW,1597718677277
AEMXMMO3HJOSTTFKCGNY5TH4RCOQ,B07PRK81VF,1603566060916
AH7CEOLDQR6JVLHOWJKLBF42FHUQ,B07X3Y7S2W,1601396824865
AEYUNTK3PPCI5GPBAZ5L7FZJMX3A,B098BJM9WF,1649445999622
AHFBSZSZHACTNM7NKBLE7BHCL2FA,B08DDJ1QRS,1614459233787
AH75XZ62WM5KJEMIK545MXZCMHLA,B08MW4C2BR,1619320380931
AEFLHCJWMDEFPPGZ6ZNWWXUPIHCQ,B075NM1M1Y,1573566598160
AEHHZMRQQBGILHWHTTTW3IIBJM6Q,B08GDYXWBG,1603810978218
AG626R536GEJJG5ZWDQD7DYX52XQ,B07NVL6TJG,1571581809319
AFPMG6ECW3H6CSYWMNXBU4T2FSXQ,B08GCX3JCX,1605726321704
AH2ZL7BWPTA2NJIGBIOLGYHL52LA,B07VGNQD8K,1588767830531
AH2KB4BMKFNAUC3Q6VMG7EITTSWQ,B07KFM1ZL8,1548045062488
AH2KB4BMKFNAUC3Q6VMG7EITTSWQ,B07KFM1ZL8,1548045062488
AH45MR6F537HJOHM5Q5KAC4PC3JQ,B07G4ZWJB6,1616206034306
AGDFKK6BLQRGTQ65UWZVBFLGJXHA,B082B8JVMJ,1651309319498
AHXT6553NAFQOS4CQFSGI623FGWQ,B07SDGKP88,1580480811475
AEZXQ366JEY4N7IGZ4YCIFXZBYZA,B07GNWWTRV,1542879878860
AGAUM3Y5AQFNERVFDIAWGSWBBFYA,B07MGJZ2MH,1651257986069
AHJCTYB2QBYHYMKCTY7QUPMVV5WA,B07Y1WMH7G,1611640418768
AGZ2K5RG35GM3AHVNYMSKHYG5MMQ,B07DNM6GBC,1539886639190
AGAOJRNMRGW4SZX75CNK3Y3DDZVA,B0742LVLMJ,1566241805695
AE2OOBVX7XDLGFWTU2TQO3CNZVOA,B08R5YRMNR,1621454195964
AENRRVO5VAVR4667EVEITQ6PA6YA,B01M71IUZ7,1578971029605
AE7E36GVDMCN6CZV3W4BTMOKTJPA,B07VGNQD8K,1615595563937
AFK54TKC5ZZTJR2YXRH2VW5DOMKQ,B07KJLV75L,1617135582532
AFK54TKC5ZZTJR2YXRH2VW5DOMKQ,B07YZPDHK3,1613878545417
AG43FV5PPASTVWFIFC5KQ4K6SBRQ,B07FT4FMWX,1575341821089
AHFHMEWHGNAVWERG7G3CW7VODKNA,B07G584SHG,1601919229393
AHVW3EMQF3AJVQKH4PNORBAMVDNQ,B08N6XSSRN,1627433306559
AFOMDNTNIFNSXZCKUSPO5QDFDPQQ,B07KC11QFV,1568462321101
AFTMNOIENXYGN6DQMJDISCKACSKQ,B07MGJZ2MH,1613433249754
AGBRHGKEDLI6NEXBCEKIZ4J3URYA,B084CT5YWM,1600968278342
AGLY5QB35O64DXX3VWOEHBHAN2OQ,B0742LVLMJ,1501289009863
AHJCJLMDMS6KCIDT6UUUK6W4I6WQ,B098THS67H,1635537965093
AHMEMCUKLMWBDKHQC7LHR7MFWS5A,B07VGNQD8K,1606609446089
AEXTZUSMDO553BMMJDYTC2QTKQVQ,B0B8P6TR6C,1673228268440
AEXTZUSMDO553BMMJDYTC2QTKQVQ,B091Y386PQ,1673227527575
AEXTZUSMDO553BMMJDYTC2QTKQVQ,B0B4WRG88G,1673227481417
AHBCMO2EQ62ZKDCD2MNRNW75RIYA,B07MZFYSHZ,1600205886988
AEWJUXDHV3IWS4AOYKYJHPZTMF6Q,B07T315X4F,1641763440292
AGQ2GDII22WOO2GG4ZBWPUKQSXXQ,B07GNWWTRV,1541457694549
AF7VMNYERHCGWVOFO2M625QXLB2Q,B07KSDPDM6,1635368285986
AFX7PLJEE3R3L5GMMILMU4FWSB2A,B07DX3D8W3,1564885460087
AEAG5SWUPKHNZP3SP57OK6KEQUFA,B07WFHJDB7,1611538968600
AHKGLICMY6NFYWK4R5KCQR2742GQ,B07DNML26P,1539242514165
AEL5OMNYP4QJG52KGLC6VQ5IVCLA,B07NVL6TJG,1598992307218
AFPSAT6JZYOZSPA25W6LPKWTEBVQ,B086JBB4HD,1628970205512
AHXHEFNOWBNNVK56XGX7O6NT3SPQ,B09NQXKDLF,1646599098855
AEDNHGN2CWSPXQX5XHHE2LM5NWKQ,B01M7UDAVI,1530498767822
AEAKRPUD3DTCEHAURZPXODSSZ5BQ,B095WFPM47,1624805112188
AFSW6VJZRELCGKSIOHWJYWU44TTA,B07S63NKNB,1572264167497
AGX2AAIAA2DK5CBVLAYEOMXHU2TQ,B01M71IUZ7,1563396508852
AG3WFHZZV4V62TBTI42WPFDEGG5A,B01M7UD21X,1496862007000
AEL4PWT3RG6FVJYNECVMKB3Q7XVQ,B07F8Y6BH9,1620218135131
AEHE3QXKTLT4CD756DSEJ7C74T7Q,B07XKF8CB3,1621036544121
AGFURYRBYFMNBKOU7VQVZVECHKRQ,B07S63NKNB,1588600888268
AHHTXNSOXMRPW5L3RHJG5KNMIBZQ,B087YPRGKB,1661834778512
AEGHSX5RYSXRSV4D4S3OXSR24FJA,B07F8Y6BH9,1602192915100
AEJSC3ZMDNEOUDAEQQG5UCV6PBJA,B0742LVLMJ,1651599546290
AH6TVLYHVEZ6Y6JYQ5S352U34SRA,B08N6WFYN9,1654617957547
AFXG3EPZZYDSIX5XYHNQDS33X6PQ,B09CZB5GP2,1632451621212
AGWJ5N47265HLJ4ORPODYLMIOJ7A,B07G584SHG,1614003796989
AEHHZ4OA7DBD2M23KMV2G3XFY5OQ,B07H3S5Y9V,1590951722673
AGQFISU4FZYRYTJXWZ4NETKPRYLA,B086JB197X,1616899665935
AH3XKEAZNSPUPRMIQ37BL6NR6CEQ,B01M71IUZ7,1521175818803
AF5PM3RHRCWK6KXS7BBSSYGKWZJA,B07F8Y6BH9,1536768334652
AHMWZJF6QTIRLZEVV6P35QXOU2TQ,B0B3XT1CRP,1671496822900
AG2LW45Q53Y4BFJABQOZZTXUIS6A,B0742LVLMJ,1565501563927
AG44V3RCFNW4WHUAQNBTFMASZFKA,B09DTB44BY,1648577200353
AFEQVBCFFAJTDIIAPESOVSUMM45Q,B07G4ZWJB6,1606075844014
AHHGHDFNOKZXVKIABHBMWO247QUA,B0742LVLMJ,1601679212859
AHHGHDFNOKZXVKIABHBMWO247QUA,B07MGJZ2MH,1591484353445
AGA4UF25NFOPPUFGHF5PDOZWOP7A,B07GNX34XV,1548382321757
AGSPGNP5RVGJV6UGFWLHMQETWJLQ,B08M9X9KTN,1638631870212
AHSKFNM2TZR4NAQJZI7AR7CLD6YA,B07GNX28KS,1552777543890
AGF4B4IT2O7AB4RE3MYILY2JU7XA,B07F8Y6BH9,1564689804453
AFVNAVDRT4DUXSHN4EWIPLTTX54Q,B07WZP744D,1577727216604
AEKHA6AOJA3I4AYH2JU3JUAIATXA,B07GNX28KS,1557317834477
AEFMIQDALSNJYHXUNKS3PI4WHA3Q,B07GNX28KS,1556330113827
AE4GUWN2PQ2RDTMCKGHFO5BVFY4A,B07F8Y6BH9,1593827705609
AFKOFAHGVGHNOLMT6UGZLGYQZOLA,B07HFKL5DZ,1550348887313
AEI3NW564WJNX67V5CPGUM65FHHA,B07G584SHG,1541979775902
AG7UXLOVOJLFQ57V44WGPJHTYMBQ,B08GDYXWBG,1627139940906
AEDKT7MWLYMUG4MFJJKHJHP37I3Q,B075NM1M1Y,1537895380973
AFEVRNJ6ZTI5MIWFOHUK3HM4VPUQ,B0742LVLMJ,1609454603356
AEHQFIKRYOHBPND4VUZJZYLTCIUA,B08LDQGYYR,1641844146872
AHVN7VF4IP3XLAIPNBJIYXVPRMCQ,B07R5VH7XT,1623467704825
AFILBPH75VUXXJHWIFY2SALRWSOA,B07G584SHG,1626014280273
AFDSIFED54DZGNNFLM7VNSCLNXNA,B0848M96D3,1593210616373
AE5BZA7SETQBJ6YIZW6DNLDUFSQA,B081K8LL98,1580072627731
AHR7XS36B6QGVPJYQ64CPLGC4L5A,B07T5JT9D4,1582495758193
AFMV5QECEICY3234CZSIDUUVEEIA,B091Y2L7NF,1621342886766
AG5AKJWFJFQFJSS44NKKH4JK62RQ,B07RBYJN37,1611364194618
AFWSLP32QAESAXXFUCXWLLDPND6A,B07DNKDLYV,1534907692520
AHAGHVYOAQ3IQK5LWL6YQ6KNWEWA,B07DVM8MM5,1596817631930
AFBHLKEYFLBFSVNI52R6VTNEDESA,B07NVL6TJG,1628477600188
AGGVVX3XGZB62T3R25E5KX4ZT5XA,B08LDV5MBB,1642182032283
AEPI5RWUJV2TOK72IZQ7BDTVHXZA,B07HP1T567,1644475792274
AHVEFPZHNLA3UFGVHH6CFDOT772A,B0742LVLMJ,1555376799994
AFNUUBP7KFQ6Y26LZHU43L5C3PTA,B07VGNQD8K,1625596412545
AEZM2HDE2FYK7SSMBT2BWYBIZ5XA,B07H3S5Y9V,1592301136296
AH7MVOZVVZZMKBSDG3EP2ME335HA,B08LDV5MBB,1666538188790
AH7MVOZVVZZMKBSDG3EP2ME335HA,B0742LVLMJ,1631470810095
AFYOE74WGG2MQZOIV7EVJ4VVXMGA,B07QD9WBGB,1572982391767
AFQ7BR4E2SEN6B5JE2KXULQ7Q3QA,B07HP62FDJ,1611123988904
AHJGRNOLKUO7ZUJLK6X6R75HTYVA,B07NVL6TJG,1604427611003
AHDDO53WFVGDENAZDKDD7TEJ6KIA,B07G584SHG,1667931307983
AFEU4Q2KJKKBDZDM6HJC7VPJB66A,B07VGNQD8K,1615762737323
AHZERNQDOENCM3KJNODO22NLMWAQ,B08M45BGDN,1617454349931
AFQ6P4WFSPB5VKHODD2W5RSIQEHA,B07Y23PKWC,1594680591950
AFFSLCEZ6QSVXIUW7AWHQ2PB6EHA,B07T43BXRD,1595323776908
AHYSS5SP57C2FBVKLYNARZ3X3H6A,B07NVL6TJG,1557007570849
AF2B6OT7Q2Z623ECBGTHWXWG7JAA,B083M64QG9,1641069172221
AECMCFKRR7XNIUNYIGCTWZBSZ6ZA,B0742LVLMJ,1593293394257
AEZNP4OPUDYPJMYOLAHA67LJKBHQ,B09ZQM18KG,1655256068174
AFYDJTPUXNMLAZ4Q6EVHJVFCTOZA,B07DNKDLYV,1534902554077
AENZFGJZI5OBN35JZJRMREQHX5QQ,B01M7UD21X,1554930682471
AFUZBWPZTFHIYFDUSS7MTZMGQZLA,B07PRK81VF,1612909686310
AEPRG5REMEXWAMOM72NDAP3T7GNA,B07FT4FMWX,1543189599587
AFWHSII4C7NFHFFEW4DKXQKJRABQ,B075NM1M1Y,1546891960756
AHLJ4XQITH43WJP4QBXW45LPWIAQ,B01M7UDAVI,1527178279450
AE33ELX3ZXOY2SQUBOS6REZ32GWQ,B01M71IUZ7,1525199467639
AGL35E6UDHR4N3LR5FOGMRSP4WUQ,B08MV4RPGL,1631560935057
AEMGREK4OW6MVTBJ5DYQSOF5ZFPA,B07R99144F,1600369327269
AGDU77IP43WB5UKLKGDJRCP4GVOA,B07VGNQD8K,1597187324409
AE6QYHTBSHMK7V4DQFEFHYC6EITQ,B0742LVLMJ,1646872115700
AEZTKD4736ZETKCAMYIK7UU36HZQ,B07GS3H343,1577288074082
AGES7RBFS7QAZVPCLE7E67FN2SPA,B01M7UDAVI,1535465701541
AGIFGYNMA3INJTRLSEEON5FF5P3Q,B07XGNHYC2,1587904038945
AFNZIESVBG3REVF24Y3DNCDM3LIA,B0742LVLMJ,1657854569610
AFNZIESVBG3REVF24Y3DNCDM3LIA,B07H3QNJ1Q,1657854402804
AFNZIESVBG3REVF24Y3DNCDM3LIA,B07Y3XJ5WN,1657854234467
AH6EDK7VDR3P4IGP2IX3MNIWVLYQ,B09B2GG5PF,1644705555996
AHXVUGRRGD6RPAQ3XJAUTTH2EXAQ,B072MHKTYT,1538684572249
AGDOJIY2TLJ2VSOBBK6DLABOSC4A,B07TC8GD11,1594992792925
AF2AKANEWGQLC6XY4FMZYQZHPTWA,B01M71IUZ7,1522908981816
AEDNXDPZHPJGNEWX3LOWNK5QUIOQ,B07J2LNG43,1607808780631
AGQUKWAPNFUZWZJ5Z5P2NXJYM7RA,B07GC1XFJ7,1567715568380
AFQRQIEYWWE3WPE4OWQ2DMZOMQMA,B07XGNHYC2,1603124244334
AH46KQX2O5N7VYVGXUCSCODOW5RA,B07FT4FMWX,1646099040664
AEAUK5VW3QL7VIYGHVJE3Y3P23GQ,B07QL1JRCN,1561875265321
AGFKWM32ALNPQZIJV5AD4MEUJH2Q,B07GNWWTRV,1561836210440
AHUWRC54UOWRVD3BVWM56UUKZEJA,B07GNX2VPX,1554050471757
AHOTMERXGI44NOL55CHZNM4PSLMQ,B07GNWWTRV,1556676053206
AEH3E6RL7QZSHO7SGSVF7EY2V3WQ,B07S63NKNB,1582829084285
AG6IUTC2ELP7CPUXWDKFSRLSI37A,B07T43BXRD,1592542872378
AEB6ZDQGP5D2QEHZBEUGYUYOSBGA,B08GF6HCM5,1608062798971
AEH3QZ4AISJEJ2CQASL747XZ2WUA,B07NVL6TJG,1604181213152
AGV27BEZAII2BG5RV2JP6RPZWQDQ,B09R2M2SDN,1665794978723
AGV27BEZAII2BG5RV2JP6RPZWQDQ,B09R3MR7DN,1664763572297
AGV27BEZAII2BG5RV2JP6RPZWQDQ,B09LWFPZPR,1658468001215
AGV27BEZAII2BG5RV2JP6RPZWQDQ,B08WFF8R8V,1642617777894
AGQAXFPGF55MLAGGX2N2S4JTA5KA,B07R7WVRGL,1614651599963
AECFR4ZVUOXURTKHARFU6IPTI5CQ,B0742LVLMJ,1553433765317
AFC24OOJNN52BNKH7ZB4AUHWKDVA,B08M9M92XD,1638557681230
AFFQTUZMZQBSZOAGBSCFUMQWKTLQ,B0742LVLMJ,1620239925320
AHO3SE2KJAW4DUIK37LXFG4X5NHA,B084KNZBM8,1610079007907
AHOTHGO7VSMPWAHZPLQG66JDPXHA,B0742LVLMJ,1655490068210
AHBRYIBCSF2ZDW7LSHAHLVTVIC7A,B07DNMN7X6,1562137470084
AHVYVCMGMRCZYAEUXCKGDO5VLDIA,B07PRK81VF,1621819856149
AHUHRJINNYN6QFJRRCPPUPXFMGHA,B07NVL6TJG,1601434418171
AFFS52RE3TJ4USA6MQBA7JIEUHDQ,B07V5VWTMB,1680716668844
AGZRGWM3SH7SG3FJE5NBBUH5LTQA,B088YB3PRB,1596344864429
AFHBGR3O6MAB6UTAAVH7Y53ZU57Q,B01M7UD21X,1572174764759
AG4HDH2K4IW3ANZLALOVVZIKZ5ZA,B07RBYJN37,1609803573982
AFBNX562XOQFOS2MHH3OZ3DTFM7Q,B07SPDBR1J,1566903961708
AFBNX562XOQFOS2MHH3OZ3DTFM7Q,B07DNLPCB9,1559782669875
AEJBNEW4HJ73XFFIVAXQVFCQ5QNA,B08L7LX6PG,1603211681927
AG4FCJGU7NOFS6MQLCQOWDDN2NWQ,B08GN1MJYB,1609385706459
AGXLNPXX2V7PAHVYOLYWKLHCBFRA,B0742LVLMJ,1524282825907
AFDNEC2QH3NTC67GTBXPPXLKHFDQ,B09RSMMMK3,1674528096490
AFESTYMJLOSIEV45MKPAIP26WFIA,B09293LP97,1659248616876
AFJSL5LWZEGMFMQGZFTCUVUG3LJA,B07M5H99Q6,1569416404719
AE5FMQ24HAIEE7XCY4OTDKI63SXA,B07F8Y6BH9,1614090197174
AFXURQHDTG4YIDKQFRZ2BI2KUBEA,B07PRXJMLZ,1577710463655
AERGOJOWPRRF536X3SNQLVJ2GOTA,B08D9SNKK1,1598559231921
AESCRPMVUDJZWDMDAIJYQWFZAX5Q,B08LDV5MBB,1639583481943
AHRIWKB4QRAZPQFBTMAAXHR6AZ4A,B07WFHJDB7,1580493860950
AHLG4IHBMDZUBQH4YNBUJET4HYEA,B01M7UDAVI,1495712978000
AHQZ2RO6YMPM3I5Z27DZ4KDGWNHA,B09R2PCK8N,1667151873793
AGMGBDF5K3ZPDRGNRC5S4FAITKHQ,B07GNVJ6R7,1547768136796
AEREMFBPKS6MOJNNNUSILMRK2FOA,B087GQ51ZB,1621628718272
AE5IS7I2YUTZKHETBWC3IV4QFAKQ,B075NM1M1Y,1576672906615
AFVRW2HSKNQJ6DQUMY5AWYDFK5OA,B09R3KVR5X,1663969926012
AGNDQHA4YRX5OSCVAPIJDKZGPHLA,B07VGNQD8K,1596609190641
AFXEREDUPXRS5S27RRSCQHEN6LSA,B07DNM6GBC,1558102518498
AHO4QSOM6E7RF6A4KS3U2UXTEQDA,B08DDJNJ9D,1618461265931
AEW6IC5JZTMJI4YPVTD5M3KWF76A,B07S63NKNB,1563638048233
AHB525KNKO3AGAZBPXASFJ4ZFOEQ,B09J8VXD1Z,1664671091604
AGJLEFJDY27ZJXXXDTGC7XU4M53Q,B075NM1M1Y,1545960973485
AFQTZZVF4P2VOQONIDEIFF5N6STA,B07G584SHG,1628008384831
AGCKT7IF4MQYEV6PXBQNWNMQCXPQ,B08LVQWH8P,1609137490758
AGKUJARC76NZ6BIQRUX656YEO33A,B07S63NKNB,1573949178594
AFVQ4IQGHAXC5G5OS3Y3KG3A3SJQ,B089NZ8D82,1621647272061
AHW646KVB5QBV3M3PT7UQFT72YBA,B07SDGKP88,1582603863184
AHGEVYD4XVPUXKZXRXDDY7NVTAUQ,B07TBGM8WB,1636716616372
AHGEVYD4XVPUXKZXRXDDY7NVTAUQ,B07VGNQD8K,1606244509523
AHQTCIYFYHP23EUINOTIIDSXHL2Q,B07DVM8MM5,1579775281504
AEKDVAOBMPU7Y5MS6PFD65YOXFIA,B0742LVLMJ,1593883337780
AEF3S67BAE5DRDKCEXZZETTN6EZA,B07WFHJDB7,1609198748029
AGJ4QSRBQIV5M2X3QN3NEEJEETHA,B07Y1WGP67,1600538545974
AF6NMGRBCRMSUIXSG3ELHKA6OOEA,B07G584SHG,1602784027216
AH45QEASXNJ3GCDTDT2CXB7XKGRA,B07QYVCWHD,1577566446013
AG6PE6753OLRR3QRABOJBVLVGBPA,B01M7UDAVI,1536412467871
AEKMJVJCRHQF333FOJGHGL33ZPWA,B07HQJPGL2,1676174766536
AHZH7BLS5DLWUITVSKHMGL5ONGAQ,B0742LVLMJ,1553648322264
AHXKKC2EMS3HXLYNKJ36DCSKME3A,B07THJZVK1,1603321626133
AFDYG2OIH5ZDOHJGZZRULPVF2ZAA,B0742LVLMJ,1635124138637
AFDYG2OIH5ZDOHJGZZRULPVF2ZAA,B08M3PRYXX,1635106898230
AGOK65GNKYRZRGRYWGL74BIITVQA,B07Z9HJSKM,1597434449241
AFGO542M6VR6H25OPCFPF7S7UKAQ,B07FQTWGQM,1555069506332
AG7GFE6CWWVY7LSXZJPK45X2Y3UQ,B0742LVLMJ,1559604678414
AFYWCTZEVCBQWSGLXHWCQLPWCQSQ,B07R5VH7XT,1565486484666
AFK6672K22DSP2VTEG5ZGE44DGBA,B07X5SVBJW,1598135644177
AHSN2KH4E3RHHAUMXLCKOWX2LYNQ,B07F8Y6BH9,1553812482130
AFAU772IPRDTG4DDZF7WNHF4AGGA,B07F8Y6BH9,1544937191372
AH6VGP7CKG45UZIPQUJJA3A2VPUA,B081FDV3HP,1627932417596
AEWUG56GY6DQTMJDAF5CF7UM3VNQ,B07V5VWTMB,1581452160616
AEQZISXJSUGT2M6MHO5AZ65TCBZQ,B09NC55YJG,1646240267773
AFGHAP26CXAD42ADEFEEIJGIARCA,B08GDYXWBG,1604780620667
AGMIBPGHCMDEIJUZ22346MPPR5KA,B09R2LDK24,1664060792558
AHRG5TIEX5LT4FYIZZGGADJOUEMQ,B07HFKL5DZ,1607910199224
AETNGTVI2LQVUN3GDNHJR224EMZQ,B07H3QNJ1Q,1571334728756
AG47YVWBY7R6IKWTXJVU73FFG4LA,B07X13T5H1,1642651831177
AEBLYGQ4IIQNFTJCHDW2DSBHZKDQ,B07STGWT1P,1608960718733
AHPNICYGARCKCLORNCMUTSHW4HEA,B082B8JVMJ,1617272813160
AGCWD6ITNAI65YBJ2GOGYT6ZUKHA,B07XGNHYC2,1583277193648
AGBAL2KGE66UUYGFHUNB6CYF47HQ,B07MC49XCY,1582997488166
AGZFQVFQPIDZRRTAKGDOQNNYYNUA,B01M7UDAVI,1504577204629
AHVCMCEK5OLY2RQLLUUEJUCHMHNQ,B07XKF8CB3,1600946776308
AGV3UPJCXUQUIZ32XD6Y7SJ4GSOQ,B07KC11QFV,1604938087382
AGV3UPJCXUQUIZ32XD6Y7SJ4GSOQ,B075NM1M1Y,1604937306208
AF4LZET6T3MV2X2CAK37Y3XPZXDA,B08GKMF8BW,1622145621840
AE2C34NGBJ5VGDSTQ5MX6ITI2PXA,B09J8W1TDZ,1672008538871
AGTAAX4YWTVSGEWMGLAFO7JS2GHQ,B0742LVLMJ,1561067374716
AELWXAIVKSXTHLWOPEFTMZ2XMM3Q,B07NVL6TJG,1562086578241
AGUGMDQQIJC44BVGAJMAICBWFZEA,B01M7UDAVI,1566532305913
AHPVMRWAG75PBPMOPTBXT2DJMNMQ,B07DVXFP2N,1544474403193
AHQS6ACEWDCJMZXH6A5KD5RDUC3A,B01M7UDAVI,1525818664764
AFEME2TCMHO3DAYIYQR6BF27LWTQ,B0742LVLMJ,1566155945817
AEQCRP7DHAOWXTBWIMCUJ7BPK3FA,B07HFKL5DZ,1614870497333
AEEF24C6XHCSRDPKOFLFHCXLLD7Q,B01M7UD21X,1543634306271
AG4PWMHMSGKHIOAXIXL5TTU2F2DA,B07R7WVRGL,1607124752181
AF3MDYOE7BDGXSWQB55ROSYABUAQ,B01M71IUZ7,1507063173221
AFU2E3ZWPIIVTEOFISRU7XTE6XFA,B07H3QNJ1Q,1596641007236
AHJED6XOPUMPJUTJ5CXUPFVZ2HRQ,B085W6VHP4,1647699430244
AFAJYE44WK2RFDXXWGR65KJM5RNA,B08JV4SYTC,1635628906528
AEAV4VKWW3DVNECQ7I53IN2TXTMQ,B0BM2QT9YM,1675379610781
AEAV4VKWW3DVNECQ7I53IN2TXTMQ,B09R3MR7DN,1666659502923
AEAV4VKWW3DVNECQ7I53IN2TXTMQ,B07DNKDLYV,1664137296265
AEJ7CSRCCZNMTGM3VXIEAGDWB2DA,B086JBCVB4,1613843040891
AEJ7CSRCCZNMTGM3VXIEAGDWB2DA,B07QL1JRCN,1594743329356
AHEMKHNM2MRHWTZ445KYOLNF4KVQ,B091YRS343,1649179279821
AGALG4OOUWN44MF6ZAIGSCNFQOCQ,B08D6WQ1Z7,1642288687737
AFESAQV5TKHSIK5MU7PM7PQGKPIQ,B081TBW1FB,1610670719714
AHPNR4AUOYZMTQBU62QZCKOVPHWA,B07G584SHG,1608565625028
AGWHXCL42F4DUKNKZHSXK34P27KQ,B0742LVLMJ,1536860183139
AF3Z3JYALERL3CXU3V6IJK6AALMQ,B0742LVLMJ,1631061837992
AGS4KU7N7EBKLNYS3ZJ5MN2ICMXA,B0742LVLMJ,1525827595147
AF56VJRM7USFGWCYJY2LOTJMHQSQ,B0742LVLMJ,1505070099628
AFVZWTSW5XE5VSHBOF2BGOV7HERA,B0742LVLMJ,1573822607039
AFK2OAYKM2CQQGYZYO53XQPHNDDQ,B07DVXFP2N,1541503116044
AGYSL2L4ERPG2I3BQ4C5ZIE7TZXA,B08WF5R2BW,1641643991649
AGADGJQI6PMNFGLY6KNKHRVMMPJA,B095WFPM47,1643479019856
AHCTCMZ4RL3KSMMCUS4DWAGZXUXQ,B0742LVLMJ,1596146780151
AHPS6C4AHRUZ7XTH6LTVRLBK6J2Q,B07DNKDLYV,1540966619692
AGAES5KDL2X5YHNMWOS37FAVW7ZQ,B07DNLG9ZR,1533684143990
AE2TXUYVET6ITM7QZFMSHJQMVGSQ,B08D9SNKK1,1600123680220
AGA3FEAFUNEQBIOVMWI5CSGOCJIA,B08N58XNT2,1614920314822
AE22YVO4OJM7C3SSKBHXSFFE6LQQ,B09ZYHKPNH,1652199326972
AGV576TLFPG6BN2WNMY3TEWZV2PA,B07DNLPCB9,1554572799087
AFSHBFOWSFQLMCX4CJ6VTO7C5VIA,B07L9GL97H,1579820929107
AEJCFVESISGL4ZKJDMZMDI5Y7O7A,B07WGGH1C1,1656183267931
AG2ZGARSIGYVB66KMDTTCODX2BNQ,B07NVL6TJG,1561502039941
AFJASBKST5IN7IKHV27JJNIJQIJA,B0BRQSY2ZF,1676861015456
AFWJPSFECRV6YBYSQTHZ2VL66CYA,B086JBB4HD,1640484220778
AGLRRYBINRVO6BLYV7ABVCPL6ALA,B07WT5CCKH,1588035506538
AHZOKJON4B3VCMZ7YGUGTGUQNI3Q,B07YZPDHK3,1599539673847
AHCBESSA7GGTXEHUTZLU2HQDR25Q,B07DNKDLYV,1559422348763
AEGXX7SW3HUE5JQHM26SEGLLBZJQ,B09NC55YJG,1644185061816
AFAVYAGGBELW2UV464CN6LVC7I7A,B086JBB4HD,1608979892077
AHV33RVHTJI2KON5TN6VRZJ7BVSQ,B095WFPM47,1636022978775
AG52MKK6H2DHUEI6WWUBQ64NJXNA,B07KCLWKR3,1557565073911
AFQERDNVNVINWFEQTGXCIIGRWPYQ,B01M7UDAVI,1530820304385
AHKTLKWFJINBYIWRFDFZYZ6IQ2KQ,B01M71IUZ7,1486047587000
AFNMO6WQWDNGDIRJBP2OJTZW2VAA,B07G584SHG,1621306569690
AEG5BXSLTBQF7VVFUUS4FA2SW4RQ,B07H3S5Y9V,1552255207159
AFFPEFQNNMW2MJYFMIUO734CTSTQ,B07GC48H1H,1546909195544
AFBMHY6VEPH3SXCCNGDL3LMH5ZHQ,B07MGJZ2MH,1564877261212
AHNJ2GRJUDD3H4QH4Y7AD7KZMKMA,B08DDJ1QRS,1606951754708
AEJCMR3RS7GBPCCYB5IPXXUW257Q,B08MW4C2BR,1618247596690
AE47YH7WOL2JY45B6K7743GD7TDQ,B07HQCCD29,1580584055542
AGBGWF5HGOKIHGOE7KHMYH3EHA4A,B0742LVLMJ,1510693832134
AGQYJITUL33MBPRGFNHAHH5VTYLA,B07G4ZWJB6,1641140982760
AFXNDEKTLQA24GZ7GJC2YMIGTENQ,B07G584SHG,1571188071913
AHKZBQJOTPQSLVTU3RNSJBDZC6SA,B07QXSYDGF,1563905009079
AGD5GFWCYWTBLGFFFJVH72T2LZKQ,B0742LVLMJ,1579070414927
AH6ZTW4DZ4ODLF2WQCIN7DMGG6AQ,B086JB197X,1618876997677
AGQI5MFWM3SB7KA4UFIUOS4XI2UQ,B07VGNQD8K,1597160859156
AEQWMODUPQ7M3D4HVJ7GF3KGR3SA,B08M9M92XD,1616284133588
AEEFROSWL6FJM27UCHNRMSLBUJ5A,B08614Z91S,1649428074395
AEEFROSWL6FJM27UCHNRMSLBUJ5A,B07VGNQD8K,1646679785826
AEWHOUQE4FFH4DDD4LYEZORBFPTQ,B07VGNQD8K,1595082476438
AEWHOUQE4FFH4DDD4LYEZORBFPTQ,B07T315X4F,1593473948058
AHJGPBOUFR62BS5U53EACUN5BWXQ,B07DNMN7X6,1553195946129
AFDIEDMSRNCZ47RELP3OZCZTFKJQ,B07NL8SM91,1577950826955
AH62C64M2XI4LBX6VH4LOPSXNSAQ,B01M7UDAVI,1577678684576
AE2QEBOTO62SWQLNQTQXQFW4QMMQ,B07QXSYDGF,1591460538661
AGJ3W6EIHEBWILRMFXRDF3HSF3BQ,B095WFPM47,1641748825607
AGMGDNYJE6BR2HYSQBR7SNQGCW2A,B0742LVLMJ,1620134554034
AGBPPJ6Z4TWEOGNVNDJHH62LNVEA,B07RBYJN37,1607359713589
AE463JDXBFRX5UAPWGR2F2XTOOSA,B01M71IUZ7,1485317179000
AEO7RJQYPIYS7QG5EUPLYATBO62A,B07XGNHYC2,1623955450180
AGLLTSNKWAZUYYPGULSSDW3PYVYQ,B0742LVLMJ,1636145942009
AGSVWCXV4CWKDGPQB2LHI66FTR2A,B07SDGKP88,1649143829573
AHVKTTDLCJPNOVIKN5YDM5ZJNIKA,B08GND218J,1669067664783
AF4EHSEE2FPCC4H6NDQGMEVLHLKA,B07V5VWTMB,1599498784776
AG6VIWHM6UPLUO2Z2AFWHKRZ4H3A,B09T3S8D1P,1669558570517
AHSDOCNZDB5GHJKIWVAXVIPMGRXQ,B07KJLV75L,1601848127819
AGNJEXHCGTV2SFFPJ42KSKS7DCBA,B07NVL6TJG,1573353371786
AFWVLI6PAPC5YTUKHSUHQ25KAOQA,B07VGNQD8K,1666843205203
AEWTBPTAQUWXNQHRSOTFBA4VKSUQ,B0742LVLMJ,1529634107667
AE374UGKYTKVFI4Z4DFSLQSXSI7A,B07R5VH7XT,1612487314611
AF7UPRCSU4AGUEZ76AG4JLFEFI2Q,B01M7UDAVI,1496082608000
AHYNDWQ2NTKDJSGPOXKYYNVC65NA,B0742LVLMJ,1642442116788
AFW2DU7CV42AOIVYUKFQVDDB2SCQ,B07GC1XFJ7,1602085474167
AEV4KVKE343I3IGYTT2KGU6UVA3A,B07MGJZ2MH,1617209174060
AFGQMXRH6MD3EUXYAWVDLHBY36FQ,B098QZJ5TK,1642310937056
AGIKLKQTLU7GJIAMZCL3D52RCTMQ,B081JS67KV,1663878291929
AES2VTQSYYY43VFCDZPSRRKWGXYA,B07RBYJN37,1588807644938
AH554EXFQPZZXQ6264WMBD5TNVRA,B08GS38B42,1677520831262
AEDKXBTRYNZIM53P4UJFAD6I52CQ,B08M3PRYXX,1656789876507
AEDKXBTRYNZIM53P4UJFAD6I52CQ,B07SDGKP88,1649367777913
AHIBMIZCAVXNRVUJI4U7HFJTCNFQ,B07G584SHG,1607145605014
AHMKHUZDHEAE6SBLKFKUOW7A3EQA,B07DNKDLYV,1548238576529
AF5ZVMZ5ZE3PDDGCI5CCTCODAX3A,B07PRK81VF,1611860914604
AGPBOU77ZVUI34WW5CVBTAZL4BRA,B07PRK81VF,1615569809364
AE5UXYRB42KI3AMABAOQMBS4ZOQQ,B07GNX28KS,1557694134377
AFX6YEUKYWSUQXKCRLWUC4SAIXZA,B086Z1L7Y3,1611675321527
AGWVJ5M2NXOP3P7MF6HPNM4K736A,B086JBCVB4,1629413932524
AHKD5K4RNPRVRFJO5PGCDPDC4Y7Q,B07DNLG9ZR,1560137761999
AHJSUXS5PQ47BZME22ZMXKHFXLTQ,B07KG71FKH,1563137569817
AHHWXGSFKRZX7A4RC43WMRGMN4OQ,B0933DPMJQ,1647969092662
AHL42NRIOGJZIUDVBUPLFDFPLYMQ,B08H5MHM3N,1649808864688
AH7UTWPAOSD2JDH43LUSSJMKJZGQ,B07G4ZWJB6,1564358540726
AFUR5UYVX3P5VOQAZXK7NED5SHPQ,B07HQJPGL2,1608230748516
AETQK3MFDRCCVSLPVDSPULPUIHLQ,B07HQCCD29,1545872927548
AG36VZWQDTK473UJCVGUCGFWPTSA,B07G584SHG,1566166316053
AENP227JQ5ZMHM5DJ3WGVBDZ4BVQ,B07DNML26P,1555217383986
AHHOLT7SAZAMOJMXGICJHMDY26BA,B07GNWWTRV,1540999213666
AGWSSEG3UP3QFVAGAV3BOOD4UI7Q,B07HQCCD29,1544439153072
AENXJJAXPLELVYLUGPRO5BTDN5WQ,B07HFKL5DZ,1596820483991
AGFZKW5JXTDF35KBTXURA235L7CQ,B08H5M5RX7,1607036788354
AFZKCFAPQZ6HGGMO23KYBGYXLVUA,B07KPH6D57,1549578185584
AFHDTGQEAP5G2RRFN43ROFKGDTEA,B07MGJZ2MH,1595250967501
AFV3YYVUERV64GF3U2TZQ2VUEKUQ,B07G584SHG,1566991607659
AEVGETLCOFVZVW7MYYGSE2JO64PA,B08N6QVB6F,1632435771244
AEJEQDVTFP7WOLY2SWNUCXQKWAQQ,B07WFHJDB7,1648244590853
AHVLVDPXV5SUNPZ5RXCBFVZZ6MPQ,B089NZ8D82,1628305945604
AFUFL4AP6K5VDEZ6CN2C36HJALTQ,B075NM1M1Y,1548529573390
AEF2V5CC6E4QFUSYLXA56BXY6WOA,B07VGN44WK,1582361650994
AHW4LFPVXQJCFLEKIPA3AAEA2JYA,B07GC3X8V7,1593218615407
AH2ELWKEATQAWITTH6OS66ZG5WJA,B07WGGH1C1,1607922913780
AG2EVHKFPVSU4K3X4ISRH3AVFW6A,B0933CF1DM,1648002807605
AEYLOM4BUPT2YFJVL572S4MTLLEQ,B07KPH6D57,1548464943465
AHS5XATXSMKE63MAQQUTGXI5ESQQ,B07R7WVRGL,1606964703815
AFUDRY5TW64OPAOVZUMKVFQI2WHA,B07X5SVBJW,1597953599183
AELUPD75BMNRGCWIBOPZNRC7ON6Q,B01M7UDAVI,1576037018107
AHYBTRSZA25JU32QDZ3QT2HT3YKA,B07DNLG9ZR,1545169382438
AFCL4YVR5KEKRZXF7VXNJPBQKRUQ,B07F8Y6BH9,1604445321416
AFHLSRGT2MUNM3RAGRLSBMUBJNIA,B07PRK81VF,1595032216753
AEX5IQCJRWLFCKXSG4VITZJK3O6A,B07MGJZ2MH,1625424560488
AEDIWWZINRUE2N2X5UD3OU6JTROQ,B07KC11QFV,1663498248913
AGZLALALQ6XPJVQ7W4FTYXNJ65LA,B07Z412BFV,1607808167870
AHTNKPQNO4GEF3IS7CABT6F2VFRQ,B087YPRGKB,1625940128738
AGZQUPPUOLWMIPDJ5JNF2GKK224Q,B07KJLV75L,1561473004626
AEP4VHOB7LJTWZBTSV6WRBRNZBQQ,B082MH51J3,1603332770612
AGDMXKFIG3ANAKDAOOBA6EZTJE2Q,B08H88C2JB,1638932056747
AG5BJ7DSGYQR7FZUVBMJZIQBA2GQ,B07HQCCD29,1565225969955
AEMQMTXUC7VEXLENJED2IMEGJR5A,B07NVL6TJG,1580411630973
AG6O3WYWD43W7CVWFR72J2456NZA,B07SDGKP88,1582747279765
AGKFD52MGTKSPVZLPNVI7RJEV7JQ,B0BM2J47PC,1675954540823
AE7GZS5LRUNMZDT6NE5ZHQE5NDVA,B07DNJ6N8K,1557514964785
AGTOSVMTLDJIDKWAAMRRO7RKRHDQ,B07DNML26P,1539907461041
AHDGCQ53ASDNYF76D4M3WCQ3Y6AA,B0742LVLMJ,1547065066562
AFVF4GR5V5EPLT74FBPDEIL7VTPQ,B07VGNQD8K,1594122130982
AEZMB52H5DSM67RCTHMFNUZIV7LQ,B07H3QNJ1Q,1551733570790
AEAVDUATIS5AB5FI3CZEVV5XMXMA,B07THJZVK1,1595165361867
AEPKQUDIMIJ5QZSAI3WV5WVIO6PQ,B07VXJR1PF,1581739016036
AHS3VJ2WM3HDB7XHVX6RM75JDD4A,B01M7UD21X,1581680797771
AHDATXYNG6IM5YWRTW5TBAFZZHXA,B0B3XYQQC2,1670878005445
AHENYNZQXG5MOUAPOIKTIDTUTQKQ,B082B8JVMJ,1610175514753
AHENYNZQXG5MOUAPOIKTIDTUTQKQ,B07H3S5Y9V,1568932399992
AG2LFB7RFOXLIFZ45OO2ZDAF2TTQ,B072MHKTYT,1546370589793
AG6NXERUZ7JXSPOEYZMJAKLNFTCQ,B0BM2QT9YM,1679357356079
AH2P5DF74UR5M2SXSZ4CTU7YW6NQ,B07NL22GPP,1571359649289
AFD3UZNJHMRM4XWKBVCC25ZVJFJA,B01M7UD21X,1556929699478
AFEAJSZR7CNVWYWNCJBMYGTMG4RA,B07NL7BQS4,1612046088206
AE5SZXRVCGCPH5KSH6FPSN3R63SQ,B095WFPM47,1645864270710
AG7ABPVTN5V4Z3KSFP33AZXINPZA,B0742LVLMJ,1627500463533
AGEM35YWTWY4XKYCSJR5GFS5UXRA,B09Y77SF92,1660790781115
AET2UM2D4ZBRXJY7KPRL5I5X4TWQ,B01M71IUZ7,1503362273393
AHA77E7C6O2HVKJUSMREBEPZITUA,B08C7HCJGF,1606842182788
AG3FNN3VBO2E3DZY4LXMYRCVVBVA,B01M7UDAVI,1564884283513
AE42WII33XTEWC7INAEMRTLHV55Q,B08C77PS29,1613261692661
AH5EMQHUKLA235GXIIHN5DZZWPWQ,B0742LVLMJ,1526814739220
AGTK4N6GVMVC7WJIKEKFIJYBQLNA,B075NM1M1Y,1571341924888
AHRRAGG545UPHXHTDSKIMDQXJEHQ,B084KPMB89,1659810075983
AG24HESABLSYEJ2TXPU3ZVZ52QQA,B07H3QNJ1Q,1561332161667
AHXXIHVMYY4APC23H6QLZFX7MLRA,B07F8Y6BH9,1536772105204
AESE2WYFS4BIZW2TD5H6GPB36VOQ,B0742LVLMJ,1555554283331
AHD7CWAHNW22CHFNXSOF7FTRPVOA,B08N57VT7X,1619374780626
AERPU66GJ6PYFKEBKJMYZT474KPA,B08GD26JQX,1621740346387
AHAZMZVJSXPO52GUOSBNSJKBXS2A,B08GKMF8BW,1607567802237
AGLEU7JD72NEQ2UOHC3YMOCJWR4Q,B08CKZLD81,1606351763290
AGLEU7JD72NEQ2UOHC3YMOCJWR4Q,B07X2J2QV3,1606167999730
AGLEU7JD72NEQ2UOHC3YMOCJWR4Q,B07KSZGDD1,1571422121891
AGLEU7JD72NEQ2UOHC3YMOCJWR4Q,B07L3K8S42,1571422068354
AHJQVCVUO6HMANCEMTJ2OPOS5UCA,B07VXY755K,1638324450725
AE6SE3CAXFVI7L25J7FCEO3AGK5A,B01M71IUZ7,1493517072000
AFOV6SCZRWIQJ4JUV5M2HSFORP5Q,B07X5SVBJW,1623701776652
AF2R5X2P7ZFJNZ2JETPKNB65YT3Q,B01M7UD21X,1503921516527
AH5ZPMSNOFG7ADYGIHYPGCTXPQBQ,B07WGGH1C1,1574562799027
AEDRCLTIJPZWMUIYTW4T4DYPAVYA,B07G584SHG,1609894174725
AFN3O4BQJFLAZN7S6KVGUUPVWWIQ,B01M7UD21X,1553945852430
AFINTMECFP3IZ47CMZTMAJZSVQGA,B075NM1M1Y,1565300332414
AGRJQQP46GWMUF33TSRWOW6AKGAQ,B09CZB5GP2,1632010636924
AHP53AVQBMAPUK2CEEK3G5AOIABA,B01M7UDAVI,1496619299000
AFHLT6KNNGZAWSFF3HXOCMZNKDVQ,B07F8Y6BH9,1545886821086
AHVBZ6DXUNL23PWRGDO2MDH3RNUA,B08VDX39DK,1645900750478
AHLMVRECIOR4B3GJWLCBGAZVMJXQ,B08K3VPK1C,1653070752317
AHLWJFQZK7DGHVFBERWVSG4AU4IQ,B07VXJR1PF,1583194470339
AH2XAMLUEE33J36MKKALVI7PIIUA,B01M7UD21X,1496166382000
AFVZGKDSPALG3FINFI253R6C2AQQ,B07G584SHG,1568890423809
AGNRPYQVXONWOYDS5TWSKHQTNQBQ,B01M7UD21X,1525984578440
AEIISCEVGOGFM3IOQY3LDX43YEWA,B01M7UD21X,1503537834578
AEDYO34Q2PO3EIGBTTJJ7FZWBMOQ,B098KGN8FD,1641881752354
AHTLGH3KYBPJIHPO3CTLGROBFX6A,B07N7J7PSD,1551712137045
AHQFUTKUVT6737UYLCMKBRMGWCCQ,B07DNLG9ZR,1655842224359
AHHVZS3R4ZCAOMYZ3ISU7MJQ4Y3A,B0742LVLMJ,1601603689612
AGL34EPJ2BJVSNYK7HMYECPILESQ,B01M7UD21X,1496774513000
AHKW4ODDJKCXKRWRWD4Q5G7HKH3A,B0742LVLMJ,1524100240985
AET3WOVAMZ2JRBY6OZ74S7W6KM4Q,B07VGNQD8K,1597508700233
AEE5LJ3L36WCA2X644X5KG7M7GEQ,B07DNM6GBC,1576332082286
AF5DXFSMTNABIFJQOPNRM65GBSDQ,B07DVXFP2N,1567522577514
AHZSU5EC5HG26Z2L2FL7AGZGCR5Q,B08L3SSNL5,1639487739670
AGYMCUOJZ34F5B7HVQQIXI6QIICQ,B07XGNHYC2,1641870974710
AFP6LZMHJHSEES542S645IOP4QVQ,B07DNLPCB9,1540779768965
AHDG5BM3G5MCVW5CXOLOXLIMHSYA,B086JBCVB4,1598771003086
AEINYEU2SAXTVGJNOXRSSWCWMOIA,B07HQCCD29,1609072988325
AEON7JQZ7FJKHI46UPGPXG2VHACA,B07HQCCD29,1593103714167
AHFBWFVA7ZMQEYY3ZMULDQSB4NHQ,B09NQBS63Q,1646169957126
AFQF5NB22TW3XDZ56WT36EF3I2CQ,B07DNM6GBC,1549503549275
AHK7HCSBIXF4RTRDQQKAXWHFPHAA,B07TWRWCRT,1580519728082
AEBZ4I6TBN3ZHOM4U3CPEDIWUB7A,B08GYDJQ9D,1650135602607
AHAIORGSKAZP5FW5TAWMHUFDRZWA,B07GC3X8V7,1557568221727
AHP477KCDUDXOR44CVEECI5GH3KA,B07DNLPCB9,1532999985236
AEGALAIB6EYMQULYNYZRFD56HR4A,B07KPFY7G5,1578671119673
AGWTZN5EOLVEYLB4NLJUSTZTQXHQ,B08C27S4H6,1598904118536
AESQF757JJFDSQI5TBOSRWQPG3FA,B07DNLG9ZR,1538231506422
AEPBX5LH53IQ7VQYCPJ3TY5WJFEQ,B07H3S5Y9V,1551719846042
AFOSJHQQLXFKPRLYRZPCOEHYAJ6A,B07DNML26P,1538795356771
AHV3UNO3S43XMD2LQVRJ6FVNIAKA,B07WC2239F,1569366197342
AGZM37DZDYKUTAQUJVQWXAVJAH5Q,B07DNML26P,1600706558516
AGOXZJB6JPIWERMMHQT2BVUQ7A6Q,B0742LVLMJ,1543760965108
AH2W24LBQBH5ZWY5PXUR5JUOGE2A,B07DX3D8W3,1537991425985
AGRBL3P4CH4RE6PQNO3X4BFR5NXQ,B08GDKDMDT,1603461234515
AGRBL3P4CH4RE6PQNO3X4BFR5NXQ,B08GDKDMDT,1603461234515
AFW244S7XP6IMS6Y6VZWBM3KQ2SA,B08DDKJQ4Z,1600218824099
AHBCGWXDPNEFAM5BXHOKPDXRDMSQ,B07R5VH7XT,1636352543801
AEAUFDZZH5QL65ZKIOVKX6NDYDVA,B0742LVLMJ,1589813636002
AELINTOYA6USRZLTQGL7PYQMOWQQ,B09WDYD1QX,1677606086524
AFPU6725C6G3VQHGLT7BZNIDSBGQ,B07G4ZWJB6,1614006056121
AGQT3MFIXSQYTWIZ47E6ZYVGMTXA,B084KYP7VL,1609183424857
AE5AJOZGWNXFUI2I2BA6FRTTWW5Q,B07LGDPY7P,1565315426109
AE5AJOZGWNXFUI2I2BA6FRTTWW5Q,B0742LVLMJ,1540001822446
AETCN5IIJKEUTQDIXFYTIHK52STA,B08MTD3PKF,1664462491335
AGZ3FJINOT5WNBEHQ64IJJ3S6QOA,B08PKR3KCF,1619388796997
AH3GKVMKEFN2P5OAFL2LSIG6BUUQ,B07T733WLJ,1617412637180
AEWFCWG2HH6BX2ZRFIOTI57MIMSQ,B09SM4ZMFJ,1650908446511
AFW243TF73EU772QGGOXYH5GVS2A,B07THJZVK1,1608237496533
AF7QCMMQFQK5SY6MAUIWBFH3JG5A,B07R5VH7XT,1609251001625
AESP32OMLGTTRV6ZELR7MKTDX7FQ,B0742LVLMJ,1533573504009
AGCUONNZQHPD45BM5BB2IIJA4JLQ,B07J2LNG43,1545852123467
AEFDWA6IFCX22G6FQCVX5DXRPCAQ,B0742LVLMJ,1529334791331
AGDQXL2UPX6CVX577QBCU7XHFOSA,B082VJXRBP,1621201023804
AGTGZ56PTUYO6QRRVDIYN5NDKPRQ,B07G584SHG,1571953139702
AGAYQ4FZNMYLDB7PUD4265FUIS4A,B01M71IUZ7,1529960524510
AFOR3DHT2AF7UDRPGSURLH2BTPVQ,B08DDK1TP5,1603844118051
AFLBH7NYOY2KO6JJ5IM6JQTSUTLA,B08DYDKVB6,1638631009473
AGZ5WLXHCVHVN5VQFD6CJZBQWVSA,B07DNM6GBC,1577716735731
AGO66K5PXRG6GETCOUTO2MIHYVTA,B07KPH6D57,1550701289799
AEP5FURB6DWS525M2NQOKTCWGCMQ,B07G584SHG,1559737846574
AE752FKBSMB6YC4RCOJOYU7P6R2Q,B01M7UDAVI,1507730972770
AG6DA6WWNHNJX5R6GWKQAOQDDJPQ,B07NVL6TJG,1628118714356
AG6CYRED4UPRMN4UBQFBRES5Z7UA,B0742LVLMJ,1599362262681
AEAFCN4EXPJ7WNPESSRV2ZNL7Q7Q,B07RD18X7P,1623023559806
AFF6HXT4C2BGKQ3PZL3ACAE7JE4Q,B08MV4NRSW,1614495945312
AF7BRACQ3ZFDLXVQ4C6VTQCG36BA,B07XH69M6H,1606742668285
AGKD445SCD6SCZVR3HWMJEL5ZXRQ,B082M86VL6,1614566588820
AEG4QZ4VGICHNAEVAUXA7SALKBKQ,B07TWRWCRT,1640826310875
AG3OQTUEEG47OHUCOAW3GHL5UCFQ,B07SDGKP88,1613174288209
AEEUNWNZ7RJPT5HA6WIA73VEMIMA,B07SDGKP88,1611824220229
AGZWZFBSRF3WOOKSGYR6JCBEOO6A,B095WFPM47,1624028983071
AFBXL4N5AQVMRSLMJ5BJNHOFV3PA,B0849MMHLJ,1648872811706
AGFR46FZN6DQPF3ZXZN6L4TOWL7Q,B07GNWWTRV,1547580009763
AE3FHKSS2VVKZKL5632YXTHOPW2Q,B07H3QNJ1Q,1575995477665
AEE5AJ7UC7XHL5X3XAJB24ALO4YA,B07VXY755K,1602269431026
AHXS3RP57O47Z2R5AGTCUQK5PE6A,B07WGGH1C1,1572188560728
AG2CZVHBAIOGAWFYJKGFTTW3WVNA,B07XTHKPNB,1612793713648
AE3JO657KRDMTST3FAVH4O2XOKCA,B07VGN44WK,1581392612144
AEC5KSCJ4W3XWS2YQBZRJPPSUSBQ,B07G584SHG,1566857740762
AEYOPXXWTAF36YIFGUHBG6F5V2UQ,B07DNML26P,1540059103787
AGVP5HVJPMCI2Y2HFYOJ6VEEIJHQ,B07XGNHYC2,1601158426977
AEAXPTZCEAVUT3MOGH6PEADIQGFQ,B07HFL1GS3,1599601256104
AHNLSGWIPXTE5JVPTZT5WCLFD7MQ,B0848M96D3,1614277519775
AG34FBTWWD7IPQFELDOXTKSMG5MQ,B07DNML26P,1538875503452
AENSVHZSF66V3J7WZ2OLIGBM6WOA,B0742LVLMJ,1581797085560
AF2VWOY2BEH2PAXPPFH76TXABKTA,B07YZPDHK3,1600132366783
AFYXGJFQTZR25AHY3A5F762BHIDQ,B07DNLPCB9,1538443050009
AEKYHPMPYZJTPKTLCPIBXIF7N2EQ,B0848M96D3,1596093736556
AFJGQR4TW4AQXH2JALSLE6I7722Q,B0742LVLMJ,1539736601452
AGE7AJHXZEJPPIG5NBKSL7VFSQIQ,B07PRK81VF,1618350316916
AGKY3U6YMET2OQPFR5ANJZHWZ6TA,B07G4ZWJB6,1604698182676
AFZGRKMHML5UWMQCMNDVJCLAKJNA,B07G584SHG,1608838452829
AEPL4QSW42VHAPCN4PCXZTWM5NJA,B07THJZVK1,1597863301961
AHQIT4S6W4MUO3XDC74LFN47SW6Q,B07QL1JRCN,1594694256087
AEIIYW4J66E422CWCLHZRMFFCVMQ,B07F8Y6BH9,1641518886368
AEMD6KWSCE3FZGTEYYVRRT4ITM2Q,B07KM6T8GV,1593812924553
AGL346D5OWCWOE55SQM35TG7HVXQ,B08LDV5MBB,1620739988492
AELWGQ5PEQS67SALNSZAVJW5VTQQ,B07MGJZ2MH,1616507009177
AGLBQV3MR3JZHS5FCBNWK2FAHAFQ,B07H3QNJ1Q,1568219990903
AFML6B2XATO7LYCS324KPLCBS6HQ,B07DNKDLYV,1533930008972
AH2MJYAVGU3S5FPBLLK6QUSBQ2EQ,B07VGN44WK,1603339585960
AGTF72YGSEFB5T4ICWXNBON53TKQ,B07RBYJN37,1578760198787
AECSWVXQLCILRHYFXFJEFXISFKQQ,B08GDYSVNN,1652057216949
AHJLNRDVOQIDQCWBQKUJQWU6QTFQ,B0742LVLMJ,1529605337757
AE7YKMHIDTHFVGAV5PQXQOBVEKSA,B07DNKDLYV,1538679124075
AHAYOGRQ2EZUXHHGPHH6SKFO7GVQ,B07HQJPGL2,1566227946252
AGUOSK4LNEBN5YTM4Z6WDRG2NMMA,B07V5VWTMB,1632451014743
AE7OAMVCTF2URCLNDZIAH4MJSZHA,B07H3QNJ1Q,1597117455931
AHGAHKITZ7JQS2D7MD5U26IRBFAQ,B01M7UDAVI,1572372251323
AEYNX6I6HARKB6GAAULBGPYU6JSA,B01M71IUZ7,1534511002420
AHKBU7LZ63TX2UDYXFDOKA52X7ZA,B075NM1M1Y,1597782693509
AE5JBQNW4BGXF6G2DFJJOIC4N6AQ,B07PRXJMLZ,1636921863919
AGZHNGKIULL23HFMQZFOIWNYOI6Q,B08JCPY4TR,1632169841156
AFF5ITZIHMRTBB4Y6BN6KSLAA7XA,B07F8Y6BH9,1546173422515
AHWNMGI6UXNRWY3TRVQIRWICRWGA,B07DNM6GBC,1536861371572
AE2TUCUCOPGCFZAT4QDTI3XVZTOQ,B07VGN44WK,1577983927090
AGYSLHQ4RMKETL7HU6U35V276EGA,B01M71IUZ7,1558406173356
AHLSSTXJKEUL3NQUJNMEG4JGWM3A,B07R5VH7XT,1565894169638
AH35JNZ6F5WLKMJXDZ5EVXL5G2EA,B0742LVLMJ,1569769016365
AHMMU4LZFNYRJUQLB7SO7KIYY2VA,B07KJLV75L,1555426784298
AELKH5NU3D7YIIQDU34LJBV4Y4IA,B07G584SHG,1547182782895
AESIXXEYK54GXBHWMJSAZSOYE5OA,B07WGGH1C1,1606951326054
AFSOAOYRG2ME3KYT6JPBTJYZYC3Q,B082MH51J3,1601263863919
AFS2C62P42NJLORNCLHGCNM5LJRQ,B091YNJ5GT,1624510156508
AFS2C62P42NJLORNCLHGCNM5LJRQ,B07XLMV263,1622958780329
AFS2C62P42NJLORNCLHGCNM5LJRQ,B08R5TXCFH,1621743470876
AGKNHEIYH6N4IG54D5TX3CTIA64Q,B07G584SHG,1628693423203
AHTZDXOYPUAW3D77CWV5H5III24A,B07R7WVRGL,1626084237233
AE7QIRI6S5MFZUAORBYY7G4FYR3A,B07G584SHG,1597005555168
AEDDL3LGFWTRF3JA67DKI2VBA2DA,B07PRK81VF,1608911088609
AEIVKZGWZCD52PZUV55XE3N7YOXA,B01M7UD21X,1506169189992
AFYDP6IDGGLHCZSLQK4JL3W7VZYQ,B07WGGH1C1,1576204354643
AGCUJWNUEDSLMCU2A5U2EW4X5K7A,B07NBPQL3C,1600176365803
AFFHMJZYHL2IAIGNRPGE4SWUIEVA,B08D9SNKK1,1624296850784
AEXMY3NK3W6EYKRRG6QZ74XI346Q,B0742LVLMJ,1513552178967
AGH2UKALNYIMJHVMVXSTT7K3GDTQ,B09BDCTCKR,1641068059734
AGCRKELBUYVBDIY4TGAFITTWQNWA,B0742LVLMJ,1620065853537
AGAK6C6II3ANHWDH7VUWB6I4KJ7Q,B07KG71FKH,1642220910143
AFO2DKQA2VB47Z7FYHBFRGEC4X5A,B01M7UD21X,1562860556615
AEK3JQ7BUQN5ZCP3BMV7ZYB567EQ,B0742LVLMJ,1528503873842
AHUKURHB4FUU3C5OAPUMXCJO3BYQ,B07G584SHG,1608786800946
AHQVESYA2SVGJEVJ73AHCK64VCZA,B07QYNFHVH,1620332951900
AEUOJGEPL47ZCGMKSNT42QERML7Q,B08MTF8RP4,1625360864308
AGXMXJPONRH6YXUZOYNS3CTKTAHA,B01M7UDAVI,1496176499000
AHCENXXWF67BBI5CKH4YNMJQY3GA,B07GNV45VX,1541562006400
AGCFQWUO472FJO5U6U4WA3334ZVQ,B09BJ9YJXK,1640022152296
AGCFQWUO472FJO5U6U4WA3334ZVQ,B087YPRGKB,1624450446024
AF4GE6NPPY5OVZR6G53SYKCXGAQA,B07VGNQD8K,1616982499287
AFVD3VNBYENTI4US7EUNFEETAHAQ,B07PRXJMLZ,1646449707707
AGGWJQ3LPFSRT6LDK24ERMP274JQ,B07XGNHYC2,1594941253615
AECEVMJN5Z2SPITQDJ5BBOAMP4LQ,B07VGNQD8K,1610391706596
AHNZHABBNXWMVOD6NRNJSZNU3VVA,B095WFPM47,1630098985822
AGG6VRKVJWHG57TQDE63ELD55LSA,B07G584SHG,1626641600995
AE2OIU7B7CTNBWWN7DVJUZWLAV6Q,B095WFPM47,1626733480116
AEJUUNV7OCX22PRYNU2TIE6PFNQQ,B0742LVLMJ,1591408981326
AGZ2XN2XK4XLULBSBJ3MVGCVVL6Q,B0742LVLMJ,1611783352780
AH4KAIAMAU5T73PODJ56G22EFCOQ,B07V5VWTMB,1582045485846
AGVFNIQ2ZMGG4XFC3EMHCFVC5VKA,B0742LVLMJ,1594193987057
AEHI2FBVT3HQVRTIOJ4NPQ77Y5TA,B08HHDNDHF,1614899095364
AELGXHSZCQKLPWOBEWWQIZ5HTMWQ,B07DNKDLYV,1567896633335
AGO5CBPQ3SWDEILYFJJYQJY6HIDA,B0742LVLMJ,1590166857414
AHOTVT6YAHQKOPR4LPAYH6QPQSYQ,B07R7WVRGL,1641604752920
AFG5LGWFVXZ2WIWHEYZUW5GVTYDA,B07XLMQBW8,1611717629409
AERCJVHV4R33PAERCDPP6WLVYYPQ,B08M471M8J,1630238900806
AERCJVHV4R33PAERCDPP6WLVYYPQ,B07G584SHG,1601887892541
AFBCBUANCXYBJOG7JK2ZP7HZOPXQ,B0742LVLMJ,1645590188538
AFJDWAVZYY5GC4R5WZ3LFKQCZAEA,B086J9WXWV,1590709971282
AELKAULAVVZFE5MELQS3BJ3W3WZA,B095WFPM47,1624826587653
AE3BCEAP7MI6X6IQLTS6WUMCPQJA,B082VJXRBP,1616713075871
AGB3GI4BTQCLQ7IB6JZZPS7QHKBQ,B07MGJZ2MH,1651103061850
AGLXABNZVOQXUHYZDWUWCRZWJF3Q,B07RBYJN37,1575847185742
AGI6RSKY4AURJN4S4IHPZQ7TWW7Q,B07SDGKP88,1679858167467
AHUSOQN6VKQLC7J33KBJVF43WEAA,B09R3WJT82,1662763949673
AF2Z77XEPP2OLY73Z7ZJ5I63SIUA,B07S63NKNB,1601530801122
AFEQXLQMPSGSEUZEWJUPOWO2OX2Q,B08Z48CVLY,1629513625367
AFU7MVRMFBYCWEVHKFJ5OACVRRMA,B0742LVLMJ,1515523971956
AERN5MWD763EN376G7KNA7JDMOQQ,B075NM1M1Y,1613466143929
AFUHV5X5A4S6TZYF5R3UXXB27UFA,B01M7UDAVI,1542169155682
AGVXZPGFSZ4A3NEMCUBQJDTWIYMQ,B07MFQFKGD,1592598564706
AHQKGBHW75SHKHQCOO2OYAGS7C6Q,B07SDGKP88,1601351677454
AFJXK4QVFK5WPAQLA3PLAHBJMSSA,B0742LVLMJ,1604184343812
AHHVWIDMQWWPUUA4AIPHXM6PJ5DA,B07F8Y6BH9,1550273823221
AHHVWIDMQWWPUUA4AIPHXM6PJ5DA,B07J2LNG43,1550273621594
AHSM5F6PMHK6PETU3TVGBKTJKY6A,B07WGGH1C1,1651008548113
AFGARH7D57P6QKAIZQVNYQK3YJ6A,B07XGNHYC2,1618452110693
AFJOKIG7RW5ZPMVTQEKGVN3774YA,B07GNX34XV,1541532518495
AE4X6UVE4EAKRWKC7EU5JQ27JAJQ,B07J2LNG43,1545519530722
AGHODHDSTK4THPB4VB2W5RWMLOPA,B07VGNQD8K,1612538250732
AFBEO2YCFSW6MKY342GYTK3ZE3IA,B07FT4FMWX,1558297531362
AGP5LVTCB42PFJSUZVFJ5446FLWQ,B07DNM6GBC,1533741359578
AGZIUAKKQYIKG5ZME2GXIQH6GBNQ,B0742LVLMJ,1547003049168
AGB563SEUKTUENBZ5FSSFFG2F3OQ,B07RBYJN37,1621178491976
AEERMUGGW5HZBAVPGARGAISMI3YQ,B07GC48H1H,1554326532381
AHHRNWEAY5K7MUXFPTT4AAZNUABA,B0742LVLMJ,1574777476951
AGEEEBPUQP6YBQUOOT4XKKTLACHA,B07F8Y6BH9,1656472367730
AFK66ID6WKOU6PZOSOJ5KTABCOYQ,B07R7WVRGL,1564257156323
AGS65QLPGPASUH4IZ5UW6BKJOHHA,B07RBYJN37,1622857076327
AFJLR5TO64INSZLOOP3ASZEKOWWQ,B095WFPM47,1626351673584
AHBZJQOUAEI6JVTHNUUSGDFNGQGA,B07X5SVBJW,1609074275854
AEHM25JRN47FZKQTO4FU2OZ6KMRQ,B097F3PVMC,1647714658246
AEHM25JRN47FZKQTO4FU2OZ6KMRQ,B09NQB5JCK,1647639927906
AEHK56PK6L7NGWYL3WD2XKA6FROQ,B07G584SHG,1566962877161
AF7R2NTOGCEPED556SVYEPIGIVNA,B082VLGWKY,1609614074713
AE5F4WU7HVDOKOX2Z66TYZ5C7YWA,B08H88C2JB,1654032630386
AETIZPBQ2BCYFT6HGQWNOEK2VIWA,B0BJDWHDYC,1680304771155
AGXZJN4IUI5M5KRL4XNXOHLSQH3A,B0BNC8WGGG,1678461285960
AFENHIVD3MBWOVHZQ7WXNKZD53FA,B07T315X4F,1609441820379
AGBD7PU32JUP3NQDVX3TAJZZVSZA,B07QL1JRCN,1594850737562
AEQIXPS4S7Q6ZCC5WQ4F6GROFBIA,B0742LVLMJ,1590693102672
AEXQSP23E2S5Z5EBTUBJNVY4CABA,B01M7UDAVI,1504569350313
AHF6PTIHFEE5VGWJ2PKEMT2ONASA,B0742LVLMJ,1516067817474
AGGDHKTMX5VCCTOK7UD4CY3UYVSQ,B07MLWTP68,1615147668576
AHFEEKU3FVBCC3J7URZCXRQD6HYA,B07X5SVBJW,1593751147208
AFYQLWGFNZSV54EJ3ZHJTKPXJNRQ,B09LWFPZPR,1660850852903
AHCNCUHP5CWDM75IKWQTLUKORC6A,B0742LVLMJ,1566841218280
AFGBTCCBCIP3BZQV2FR7MTOPVPJQ,B08DDH4Z5Y,1627600778545
AEN5PGDTHNHSRJ3G2BROVIPKRVHA,B07G584SHG,1607738116330
AHHBKDVYRIDQNNUJF2XPIQM53RRQ,B0742LVLMJ,1565464929262
AGYAQKEU6ZHYW2K6J4ILJMHOVHYQ,B07KFM1ZL8,1554727263041
AHEQ42TCWGVUBPFCMHUF54P7QPZA,B08DDKRJRY,1615748898731
AH4VDKCM7AZNBXUALRLWSTJ2G4JA,B0742LVLMJ,1577638872869
AEGNLK7MVNHIJ43AMM3DZ7KEK36A,B07KSZGDD1,1556387804608
AG2A74SKXIJQWECS54TFIDNUWSAA,B08BQFPZBT,1603308113543
AGGYJQPIM7OIAADMWHW446FVZ3YA,B095WFPM47,1643236133565
AFRJWMXHAFXHH3YLUAZNMLBSA5HQ,B01M7UDAVI,1495645363000
AGSEOL4GUTEUATN5H5D6WFTSBKNA,B08R5BZDNT,1635450195510
AGSEOL4GUTEUATN5H5D6WFTSBKNA,B08DDHWKTZ,1634248532949
AF4MY4UBY4SQXL3P64N2SAKXKHGQ,B08HHDNDHF,1634677815737
AF2FILMK26S32LJI4KIYEHBYI4PA,B07PRK81VF,1590809389637
AHMQPRFTGKTYGHVD33HSO7M7AMZA,B01M71IUZ7,1540254638424
AGURVZT6YERME3C7OTQ6IGYHJBTQ,B07GC1XFJ7,1582515657545
AFVHTAKVZP54MFXHEDOU3OG7BHXA,B09M7DQGG1,1651470834071
AGEQQYPZ6SKNJOVIIN63DWNKJO2Q,B07NVL6TJG,1580433257827
AGEQQYPZ6SKNJOVIIN63DWNKJO2Q,B07DVXFP2N,1563625307272
AGNKXC3EHBFWG4LHINORUNT4ERRQ,B07DNLG9ZR,1548510409598
AF2BL2SYVLQMJG2HKCJYM7PZPQCQ,B08H5M5RX7,1620080246613
AGUCMDFZVOZIAMDHZUN7VGSNV4OQ,B07H3QNJ1Q,1541034377393
AFTRSLUFHXJC64YMT5CWVFKAPBXA,B07VGNQD8K,1639966203257
AHCFXLLZ7M7AHXFYBXGD3K2DKHFA,B01M71IUZ7,1515523621253
AFOAVLCZMGESGJ2KOEY2NPTC6JOQ,B07DNM6GBC,1613272063397
AFMF4VHYM7CV735HQ3CHGU7KLZKQ,B07QYVCWHD,1612486966775
AGBBFNTPFZQ22MBXWICPLNKHOFKQ,B086JBB4HD,1593773603515
AGBBFNTPFZQ22MBXWICPLNKHOFKQ,B07T43BXRD,1593773414344
AEEXJ2N6NLQIDOKZLOIJWVCGKWSA,B08GD26JQX,1605058093738
AFMCJQ44E77A5MGZV47H6KIYJBMA,B08GCX3JCX,1603579844217
AHSQJTVMJLXDOJ2W235WJYCGHEVQ,B07G584SHG,1601922152195
AFEMFCGPKQIDH4P6NKBXFVJHAUGA,B0742LVLMJ,1559661422263
AHJHU4K6VSVICNUTFSH333GSSSDA,B07WGGH1C1,1574820225989
AHJHU4K6VSVICNUTFSH333GSSSDA,B07WGGH1C1,1574820225989
AFR7ILHKP6CRH37SW3YOKWMPAUCA,B07NVL6TJG,1588524382657
AF4KRAUBZIAIOYEXBM6RUFXYN6ZQ,B08GDYXWBG,1606891257180
AGIBRYPYPP3CWKIUDURJBHLJCMRA,B084CS2LDW,1604169048800
AG4HNFA6S4D4YHEHNECGCFB4EBOQ,B07SYP2176,1563604211900
AG4HNFA6S4D4YHEHNECGCFB4EBOQ,B07KSDPDM6,1563604015152
AF365CLRJME52YROBSONDDMOA2FA,B07L3K8S42,1607274623339
AEC6MD3E45H3FYERJX5ANNA3HYNA,B09M4BS3WD,1681078337303
AEHDPJMEZCNPOXIDFUAP3CHU5LYA,B0BM2J47PC,1675033388648
AFVYOUECHUANYIP464LMVI2IRFFQ,B07FT4FMWX,1616023334743
AEUVGG7WNCEYQRPCOK34UGDKJ5XA,B07H3S5Y9V,1548565555346
AF3JPMD5NZ7GZKSRQ4ZQSNONQ2BA,B01M7UD21X,1554993012198
AFEF546QTP3Q5JDIZMNPWX4WM7UQ,B01M7UD21X,1506481571743
AF7JY6CDPCHN5U7ETFM6MLRJQ3BQ,B0742LVLMJ,1560025633799
AHQIMPTYUWZXQ5FICRNW47FZQORQ,B08H5M5RX7,1604608954700
AE6QXSUX62SOOSGS2Y5ZNDYPCIIA,B07XZMR3K4,1593528308233
AGI2ZBKTBWAZ5WIAVON6WB4VJTMQ,B09FLYHNLM,1649532524800
AERU7GWTUJIE6FGR265ZQGBDS5AA,B01M71IUZ7,1514927984407
AFINMMSJ2COWGDJUYANMSOOVQ77Q,B07NVL6TJG,1580352934428
AENCZKGOSHYXN5QXHELJOWOKHELA,B07NVL6TJG,1564573922011
AFIO5M33HK3HK3T4QA3ANFSPZGHQ,B07DNM6GBC,1554946989935
AFSIFYQZGKMKRJYD6KHYAI2ISBJQ,B0742LVLMJ,1563338622672
AF6PDTYZ4WOLXTBEMZRAZ3OECWQA,B07DVM8MM5,1594164744335
AFWOIFSL2NIFZYN2FQVQKQXWL3DQ,B0742LVLMJ,1628964462262
AEUZBNRCHRNZFUECRVCJEDV6USZQ,B07S63NKNB,1633212503285
AEY5UB75VIZ7N7DTZYZGAGOLSGZQ,B07HQJPGL2,1613602528346
AEI7N4ZTBJOQNSSBSXIPZZKTOLKQ,B08GCX3JCX,1614571180150
AFYRUIEV56GG4WEU4JLKBJ4XQNRA,B07HQCCD29,1578556204377
AGR6C2MYMOALC42OE2GDMUTKR3NA,B07WGGH1C1,1609590753482
AEZN2J5UU64BDMB6O3WYJHZRALXA,B08LDV5MBB,1643247656165
AHW5GKXA6Z62X6KQLB66CLKUU27A,B07R7WVRGL,1594138071967
AEAW2I6C7BCWKN6QI2HFYUPZNOBQ,B07X5SVBJW,1623261063779
AHBEQQPBRQGYPWLPXVJ47S2PQNFA,B07N6KVR3G,1578508497656
AH6HCCGE27PX4RMOPLWPDML5NX7A,B07NVL6TJG,1608031882965
AESIUZ5IAC2VHV42TONN7QJEO4LA,B07S63NKNB,1577976573481
AFWMKLJ2VZT3OGHMCX2ZIAZM4GAQ,B07G584SHG,1658457255795
AHNGKWQ2IMTLWQ72DNTZXLIMSWXA,B07X5SVBJW,1588443216139
AESG44GHUZ3SBSWHDEFGEQ4OBXDQ,B07TWRWCRT,1609294470261
AF4PW3CNSB6GZ3QUOPF6YXEPNTGQ,B07FT4FMWX,1580577734285
AGAQFL3RIVI2JDO3ZCNZLSZZSZ5Q,B07DNM6GBC,1614872245440
AF7B7Y5AOT5YU23PC2QHKGULSYGQ,B07DNML26P,1552921285502
AFFZE7XXMYYHJJPZ7OMCBUHA6WDQ,B07NL8SM91,1559160629125
AFWM25KHXASAOXFJCW5UINLJGM2Q,B07DNML26P,1548808499666
AETUDR352T6IAXD4TYLYQELW7HXA,B01M7UDAVI,1485638783000
AHJT6VH6QE52JG4E5JTRKN5A6CIQ,B07VGNQD8K,1632338965701
AHXQHKQCPYYNB3Q4JZHR6YPKR5MQ,B08PKVPLTD,1638508694389
AGCXC6Q42YKVXT5Y5S6DCXH5DIPA,B07RBYJN37,1608093456140
AFRMNLK7OHPGT72KGGT5HIZ2WSAA,B086JB197X,1633228646019
AEOV6VTN5YUYKKLFZBZLQG54YT4A,B07SDGKP88,1579909908557
AFJCRGLPE5Z72AFNSUCQHQ3W3ZWQ,B07XGNHYC2,1618569741959
AHSLEHHC4VPAAS25TEOXYNIIPLYA,B07R7WVRGL,1569004016022
AEJOX5DUU6Q3CZWYATEGBBZO5WPA,B07X5SVBJW,1624640429013
AGVXFGLZKKU44T5QH7QFZA7KWJPQ,B07NVL6TJG,1575461362443
AGXMWOCWVMYZGV6WG3FKYKGOU3ZQ,B07QL1JRCN,1560856132337
AG2C2UT7VK5X6CHB42RCJ4JGGA2A,B07VGNQD8K,1578238393516
AGQFJ5BGF25L3KA2TBBV2R2NPKXA,B0742LVLMJ,1605047892133
AF35YGVGQEAU6PAFZUIBLWRBETUQ,B07DNM6GBC,1554133310797
AFH2I6MEW2EKJXKE5OCBSW3YD5VQ,B07H3QNJ1Q,1562511184492
AHHHQNUDXCPGWPISPQX7HEEBEZ5A,B01M71IUZ7,1523412908500
AHHHQNUDXCPGWPISPQX7HEEBEZ5A,B01M71IUZ7,1523412908500
AEICFBBRBM6UCPG3NEWC76VYQSXA,B07HFKL5DZ,1552251373408
AESQNJZ3YASBQLSZA5VE2WIAVPXQ,B07HP75X12,1547835220966
AGVU3BNY6OAIWHZFXFOBSCJPTCQA,B07NBPQL3C,1635953068650
AGVU3BNY6OAIWHZFXFOBSCJPTCQA,B07H3QNJ1Q,1611594973597
AFUZ2NOYZN5QVODNGEXPGNDTDMTQ,B09FSV539V,1634764703466
AGMM75MVRRBMCBRTPK5QW25LK2AQ,B07YZPDHK3,1603706648367
AGMM75MVRRBMCBRTPK5QW25LK2AQ,B01M71IUZ7,1568460381692
AE2P2TEFIUJ5KDX22VFCJDBKYCRQ,B07S63NKNB,1573097881592
AFQWSOPXWM35FJE6MSHMJKLZ4K5A,B07KM6T8GV,1588478745679
AFQWSOPXWM35FJE6MSHMJKLZ4K5A,B07KM6T8GV,1588478745679
AE5EUY46HYD7WEIA7V7VZA6GG6WQ,B097F3PVMC,1629496649407
AHV72SDPV33RMPSPGGMDVYSKWJ5Q,B07F8Y6BH9,1628149058504
AHV72SDPV33RMPSPGGMDVYSKWJ5Q,B08M45BGDN,1628148722494
AEY47UNK6UOL4PKAK2S646IAYIZA,B07NVL6TJG,1558313344614
AHBAJHWK3JCKQXHUDWRPYT6GQVMA,B07XJY11B3,1632167958144
AGNUUASSY3MH6JPNQTGMVMWT4AKA,B07GNX34XV,1578625985552
AG5UKW2YNRGZDR3ECAVISG5KRY5Q,B09LVZLLRH,1665272629242
AG5UKW2YNRGZDR3ECAVISG5KRY5Q,B09R3KVR5X,1665272584341
AHK7UBQSAVNWNEAZ73MW4N5KTNXQ,B088YB3PRB,1627406004028
AGZENNAHFB374XRDDV6EKMCKRICQ,B07SPDBR1J,1643664179784
AHPQ6FAMUY7MSDSDWRPSQYAI4DHA,B09DDBZ5WX,1649613585679
AHPQ6FAMUY7MSDSDWRPSQYAI4DHA,B09DTB44BY,1645887671704
AGYATE774APJTTM5PHWQA4OHU3RQ,B08LDQGYYR,1647390781879
AH5OLOA3U43UWOM7VD6USZ3NAGOQ,B0742LVLMJ,1577760202111
AEH7XLFGZT2DNMSKP6VHAZYUVXBQ,B0742LVLMJ,1608339565109
AGM6SXKDYB6KQWTE2FV6RTEZWCQA,B01M71IUZ7,1526904931908
AG7UDBPUZ7XWDOA5VEULJHRL6LHQ,B01M7UD21X,1496703098000
AGLIW6FYTYKFQ53BMDJPCPRZJBQQ,B07XH69M6H,1608056983009
AEKEDU2PJKIJMCLCEPPNIF4C4CEA,B0742LVLMJ,1600547830649
AGFWAIXZDZBLC6FOGIPREAPKSF5A,B08WBYYQVC,1616344844781
AGJDHIVIVL2M6NIL5AHYUGY4R2MQ,B0742LVLMJ,1600538803260
AGP6QP7OUDO7HDYMXS4M45OSCJIQ,B07VGNQD8K,1626055140126
AEV5CHFXOKE6VXDQAK7EZGCXRIYA,B07STGWT1P,1580167037638
AEA2EATYXURZ6TQBYLTCYHR3YPKQ,B07YF1TGM2,1619030557761
AGJK45S6362AOPMXVS6GCPE5AOYA,B07DNMN7X6,1544910588678
AGDLRJY3OROCRJBE33UY3WIA5KAA,B075NM1M1Y,1572838487574
AHZW42LJHE3KNP2JSBUWBXVAG2JA,B01M71IUZ7,1547217419411
AHX2VMIYITF55V7CUCQ77PP2G4RQ,B07VGNQD8K,1636302288549
AEHNDBTOEYVKQXRBXZL3DZVN4FUA,B0933CWY6S,1626198777348
AHQXBEPD3QYCVS27OPETSUN6MIZA,B07KPH6D57,1554236200523
AELJNAU5PPVNNKZ4ZUW4GQOJFATA,B092R25R68,1644085693467
AG6RAGBHFC2BZRKYPUP6DO5MWYPQ,B07QL1JRCN,1591876692000
AGZIHYVPZPFONPWNPZUMQPVIKPXQ,B07KM6T8GV,1570285572669
AFMH5ES33SAWUDJMTA437MGKIEPQ,B07FT4FMWX,1582343486596
AFEAQE4HTYK47D3O4A4YLNSPSOIA,B07WV4XWTM,1600497875599
AFSJOX62ORDB74CLOIRZP7AF7P3A,B07QL1JRCN,1579377785591
AHH4AIHNF2LKR66MIZWDLTZM7KKQ,B07G584SHG,1595025993306
AH6NHPAPC2TBQVY5AMF6AHRZTZ7Q,B07KJLV75L,1577986811651
AENTR3X57TMA2PN6O6IDFA5CXUMQ,B08C77PS29,1598316181992
AG6F3C774FFL7A63CAGKGGVUHZVA,B07HQCCD29,1609001763935
AETMNPVRGXMSQ54BTZTH7RC2NHPA,B07DNKDLYV,1620510714113
AGHURYKGX3GGJMVISVR4DHQVCWQA,B0933CF1DM,1622144439521
AH6JHSDUYYBEWOZSSXXB3ZFTNASQ,B07MGJZ2MH,1579184702209
AGDORAGVW4AX3PWPJ7TS3GGN52LA,B07NBPQL3C,1627957641116
AHG4V25VOUWLN7O4WI3OPRTCXQ6Q,B09BDBXJYK,1653210560861
AEAZLEKYLN6CZNUJEI2DLST6L2HQ,B07KC11QFV,1632268632960
AFZPNUTH2BNMXYEMWDDOGMPTB42A,B07G4ZWJB6,1651846264828
AEMMGAAAJFSQRVATGCLJDBQ6JGBQ,B08MV4VYL9,1610653856221
AGMSAV654ZBJNSFVYHPIHG3EQW2Q,B07FT4FMWX,1578065697919
AGBAD3YZIT5HCXIPCKMD7QWYWZJA,B07VGNQD8K,1592412995253
AHENMH3JU363SUVZLDFKM5O6AV4Q,B07DNKDLYV,1651840335130
AFERXUR5BYWGCWA2QT6APAA37YFA,B07NVL6TJG,1583091613619
AHXH7F27DS452A7HPTWLFUHVIEVA,B09LQNZ8VD,1661347550641
AHASE3BEUUNQ7ONSQVFBJSPK7C4Q,B07VGN44WK,1600103532697
AFG2ERYVEFCIH4DA4VHOCVP2HZPA,B08LDMKH6K,1628963307897
AGEHZ3Y53H7T6CGWVNEDLRBJRJSA,B07G584SHG,1641234839490
AEAJGYWCC5U7UR6MZ7A5LIKK3ZCA,B07VGNQD8K,1619741015927
AFOFPSJGEULBR3GOQM6U2Z4LTXSA,B086JBCVB4,1609790299857
AFZFKCXZDL4K3TKI7P3A4MJLXIHA,B01M7UD21X,1516807417271
AERGI354RNSS33GBNSVUMZ5ESNWQ,B07KJLV75L,1570592388434
AFFSL653JN36LHKBKSRUTVQFGFMA,B07KM6T8GV,1564849681302
AEFEBSEV6V6VIWWHU53RFL2Z5WRQ,B09R3WJT82,1662133780506
AEUMNL5JKIDCRJQ5KKD2WOWV3YPQ,B09FLZJZ3C,1633974025922
AHTRLT2KI4WYWQRWMWPIHOWEANWA,B07G584SHG,1634237260003
AGCMCKFJWAMTGNFGIXUVEBSYRJ5A,B01M7UDAVI,1538252099771
AEYWNJGTCKT4P3U4DSQZJX2JXRAA,B09B2NN3DR,1673355964760
AHTTJEVTW7ITWVXL3ZBMOHDV3SVQ,B085YCC8P7,1608837759789
AGPGI3MTTYYGXHBNBZZVF4NVQ7FA,B07TWRWCRT,1616873220586
AGLYUJN3IPGXRCGJNT6OMR7PI2QA,B082M86VL6,1605851603080
AGLYUJN3IPGXRCGJNT6OMR7PI2QA,B07YF1TGM2,1605851422909
AFSE3SVANVML64WXV7B42KE2HIFA,B07H3QNJ1Q,1564725193184
AFMKQHNEXKAXBJU6MDMILGQIMYDA,B09RQRTCCK,1668643542751
AHSFSUW2KV5TZSHOLVZUMH7JQQKQ,B07TWRWCRT,1650234924082
AHOMTYBTA5J234XLCOBPCEPSPTOA,B07GC3X8V7,1547518668637
AEQCXA7IMCBUNTY73AVZGSZLQ2XA,B07G4ZWJB6,1550789752011
AFDLDXJR6M42P6IYT6WKBC2A4PYQ,B07R99144F,1572138169950
AHZEAMZNGIVZT6H4Y7HY44OYVPBQ,B081W88CFK,1601218818011
AE4JPVUDKV7WWSQE7TY7TXP2LJYA,B09Y714FG4,1667588835228
AGMWLJQVRSOPNS4TYYTD46U3RARQ,B084KNZBM8,1642280206871
AHX6PSSDELAXCLLVXRQYVHZEKUPA,B07WFHJDB7,1609472463364
AHOL3YUJ2M7CRHKH7N5DX5FMNRMQ,B09FSV7MBC,1634763937682
AHHCNUKNI6ZHW5Z6ABTGYGXESYCQ,B07KM6T8GV,1588734939338
AF2Q76FQRLYQSYS5XI46TEAPBMTA,B08KWDXTH9,1618426014899
AHQ3KSGFBRYQR3WHM2ENSQYOJHKQ,B07KG5RPCF,1571147675983
AFMIJAEZFAHDPUMNSODRWFG6OCCQ,B08TX6W5MH,1625793144576
AHV3ADDXTLAYCTGQ6CGETMSLPXXQ,B086JBB4HD,1639957952076
AF7ZOAUK3V7ZVRJSLAR3ZCCVFRZA,B0848LZTJP,1673969755795
AGXD5VEZYV2UHF52N33JNYHBUI5Q,B07G584SHG,1627017249008
AEQFOCLXHVVZRRCNMHGCCDXSCACA,B07DNLPCB9,1549327469570
AGVY7W4JUI3TTSNRUGEJMVYFVTTQ,B07R7WVRGL,1622949601214
AHQ2YRAAGKPULD422NAEI3CANDSQ,B01M7UDAVI,1485974590000
AHO42HVI53MKRJR65JGLFFMWRMKQ,B07V5VWTMB,1648483307414
AE4ZS6EFHJI3NQXXPFIKYW3WWV6Q,B0742LVLMJ,1552610249433
AHOJYXAGECEO55EE52B2CAQKUX5Q,B0815VLVVX,1625458403018
AE4ADERQ73EW62YDFZJLCZLOR53A,B07HQJPGL2,1544725909449
AELMTUI42MKGFQWYKW7H5JJWM5YQ,B07YF1TGM2,1603946362751
AHJFT3IHSSMKGMVRBHVG6URKVB2Q,B07G4ZWJB6,1640648925384
AG5TKPG4RE2IYLVHVJSBVNKWBTEA,B08MV4NRSW,1618532516055
AHXCJN3LKAUX7V7WJLFNEATDUGMQ,B07KCLWKR3,1566494738756
AECDOF3OFNUELTNYPMF5BXQFKISA,B07X5SVBJW,1602786695131
AHZUULLDK7ROZPJEW766GVJQ7ZVA,B08MTF8RP4,1620934414120
AFXWH2WPALK4BURZ5SWF5G77QBGQ,B089ND96K7,1615324549446
AHRFBIBVNHHB4X2PHTLAYIRUY5HA,B07NL91XW9,1597107988101
AHPRD2CMJ57FFWFZ7RVLDTCXD2NQ,B07F8Y6BH9,1565904790852
AHQKIDSVZSSX5PYTVP3ENO32WCPQ,B09K783XSD,1673895167701
AFBNIHPWYOI2JMWIDVQOB2OPWZWA,B07DNKDLYV,1533250059776
AGPIAROII76QWC5QTSVUAH3FY3JA,B07R7WVRGL,1564121985404
AGF2GQ7Q47LC3R46EHLG3MPIDNMQ,B089KVB2XC,1643045064024
AGEEUIGZNNMHNSWDRQ4FHKKNO2SA,B07KM6T8GV,1657062012444
AFYPHISXLTDUZFSLHKPFF4Z23NWQ,B07VGNQD8K,1627732344693
AF3V3HWYEK2NGS4VXLJ2U6N3FKWQ,B08DDKMTWM,1631234424929
AGFB4X32FS6O5PIVBIA2GSR2WN5A,B07N6MXJT7,1565065020802
AGFB4X32FS6O5PIVBIA2GSR2WN5A,B07KM6T8GV,1562872387719
AHP2U7SC6WS7SY6XO3JKVE5BYDMA,B07DNKDLYV,1540776984006
AFG6IZBYR2BN5YEUBX4TYX2RIZCQ,B07SDGKP88,1657772647306
AF5N3JUAU3FD3VNNTAS2G3FQZ6TQ,B0742LVLMJ,1628817186165
AF54RPT343LPG3N5VB64DFT4CV4A,B07G584SHG,1594517808411
AGNAR3ZBINVU2YVIEGWJ3GIXMNRQ,B01M7UDAVI,1510623010808
AEBHGRHCV4GK4GEJT2IJGX2G2T3A,B07KC11QFV,1595307980574
AHWI5O3O2P7TDBWRKGMHC73DWEMA,B07XLMQBW8,1580338660085
AGMEJ4YZC25K3M7U2TKMWXLRZX7Q,B084L6QXWS,1597026220000
AGMEJ4YZC25K3M7U2TKMWXLRZX7Q,B083M6Q4F3,1597026124215
AHWAF42TCMI4ELHQEKOSFWI7JZSA,B0861D7848,1622524394916
AHPCACG3GUTCWEJIAY633LUMH75Q,B07R7WVRGL,1671762974163
AH3MRLYEUSK4MUXUJGEKSJXWUOIA,B07R5VH7XT,1573695854461
AGDHXWN5EUIDANFSEXWDIN6SHKWQ,B0BBW3GPKW,1661606522661
AET2SO4T5UUNGZUBDCGSZ2UZ6NAA,B07HFLPR27,1615741725242
AHBZK4ISBWVZI7BU3GKSFPQZTBEA,B07R7WVRGL,1609029722278
AHTQHKBU56OLRUR6PN4EXLLB4H2A,B07MGJZ2MH,1594333670219
AEVQIF7S73O6OO7VZY3GRJ7RQC7A,B07T5JT9D4,1641697076523
AH7QGF4C46FJZAGZ7C5O3RFXCMYA,B07SPDBR1J,1574812314615
AEXOWWCGDMXFK4POWFBLMKD5AY6Q,B086JBCVB4,1628177372996
AHL2M4VLTBT3MH7UQTZP2QQHPXKQ,B08DDJ1QRS,1602194179530
AHL2M4VLTBT3MH7UQTZP2QQHPXKQ,B07SDGKP88,1602194064056
AFCEPYCDF5CZSOJSDMDOUV46IWPA,B07XGDM47D,1639617914795
AEZ55NKBGSUB324PPCXAQEXESNZQ,B07GNWWTRV,1562720443926
AHFFGT4IWFDIHNPA5H252MCWUJPA,B07XGNHYC2,1607996442708
AFSNC42XBGN5EJ4JACGYNV37UEXA,B08GDYXWBG,1622765277567
AH3MH56I7ENOEJODW62U4WNOO5LA,B07STGWT1P,1593452827678
AFSNC35YD3YWB6AIFJPO5AWTF2MQ,B07L9HGF36,1544741051584
AED5I4ICMS3XHAZLTPU5IPPSNNTA,B07H3S5Y9V,1590847584789
AHSOC5SRUYFI2AI547FTNW3SYBMQ,B08DF5KX4M,1610029113285
AHFVBK24AY74ZLMRCMRRZSI25S5A,B07DNM6GBC,1549243369197
AGT6GKXEZAMGBDUXKMGUOUGSKTOA,B082MKSDWL,1596769608206
AFWHGUFTBLHUKD7SQC6LPLWBTW5Q,B01M7UD21X,1576591842039
AEI2FIWRCFBU2TBWSNCWCRVXTRBQ,B09R3L7WXL,1659820145449
AEI2FIWRCFBU2TBWSNCWCRVXTRBQ,B07GNX34XV,1551989707140
AEI2FIWRCFBU2TBWSNCWCRVXTRBQ,B07DNLPCB9,1538678559436
AGDKWDNGNGOXLSYMOZ5KFLWBDN4A,B07NVL6TJG,1599175100431
AG6KQUQOPP7GSJYP2CYZESJDTKKQ,B09DTB44BY,1645827377593
AFWPKQQ6PLCCGXMDTOXTZIDI6QVQ,B088YB3PRB,1592249929160
AF44XJMUDQNBQGRZJHUVHWDGVV3Q,B07NVL6TJG,1603964811226
AENKDBAN2PNCJRBI4HMGV6POE2RA,B07KSZGDD1,1578014494226
AHQPROADL6HQQAT2CIJEQRQRQD3Q,B07F8Y6BH9,1567569259775
AE7NHKJK2SNUQO2X5EA6WRCPGOLA,B084KPMB89,1606637855860
AFTX2IIATUTIBK4J24M2366S6FHQ,B07NVL6TJG,1606934989015
AFHUSXQWY42EN2CNXMPBPNRVUDAQ,B07Z44GHV9,1625857758881
AHHUDLMMQJIVCE6BVBPEWZQBLDFQ,B07DNKDLYV,1613082926688
AEBN54CR7WCMHMUS66VCTG6JELDA,B01M7UD21X,1500410666007
AGAUJIMBVR7N4GY3P7ZTMSXYY5CQ,B07DVM8MM5,1576125512639
AH5CJVIRN75CB3SGJIMGCLMIH5RA,B0742LVLMJ,1512085235669
AGQCWDMRDNZOUFC3HISCCHILOZCA,B08H88C2JB,1618039444514
AFPFMIN6R6KHDL7XK24BPI2UO3MQ,B0742LVLMJ,1525628670037
AEINWU643RSNECAZFRF3QHUIUBGQ,B07R99144F,1597954256625
AE4HKV4MRI5VQLPTS6J5OJCFZDTQ,B07XKF8CB3,1642562421570
AE4HKV4MRI5VQLPTS6J5OJCFZDTQ,B07RBYJN37,1642562319643
AECGCI577Y4UPQ7NHYJ522XG2DSQ,B07M65D8PC,1591964520560
AE7QZGG2AGXBQ2LMHPUBWXJBNCNA,B07QD9WBGB,1615719731532
AH4DSMMKYKGZC2Y7ERGUHPIDGHNQ,B07VGNQD8K,1671481363711
AET35XFOAXVH3T6E5BMTBNARVV2Q,B07G5915QC,1607712850438
AET35XFOAXVH3T6E5BMTBNARVV2Q,B07G5915QC,1607712850438
AHWDINYS4KWJSYQTLKABBWUKWROQ,B0742LVLMJ,1519234827407
AG5XKHE3LE5AK5FFXQGVXUYXHKUQ,B08GDYXWBG,1604694138798
AHGCXLEM5TFWDF3NLFSCCY2JAO5A,B07R99144F,1576860238897
AHGCXLEM5TFWDF3NLFSCCY2JAO5A,B07TBG6VKQ,1576860206843
AHGCXLEM5TFWDF3NLFSCCY2JAO5A,B07R53GC25,1570828354093
AHLUPR7HPUSFJYT3TNKMJA36HWRA,B07DNJ6N8K,1554055686909
AHW3Y7G4D23T43RFUGTN4S526K6Q,B01M71IUZ7,1527879933390
AGTOFUNFU4UHCKHBXWDAA3YKQJFQ,B0742LVLMJ,1582080130455
AEIN66YDEROBJFCVMGU7QW5VQB4Q,B095WFPM47,1633725523029
AGZUQAM3NKABSMSHWMT6DGFDZ2FA,B07KCLWKR3,1564857191854
AFTVFNPMIFS3KZF64RNBLBOE3BMQ,B07S63NKNB,1577943033418
AFKUGOPFRDOTDZJNHZ37UJALZEFA,B07VGNQD8K,1597145746255
AEK4ZJYZLYVTEUGRRG2W3QHDO7PA,B07T43BXRD,1567982230507
AFA5V4GY7RC6FE7PVLU3IEZ27I7A,B07R7WVRGL,1606971256736
AGBTIKTLUW5VWIAKLTF4P4QNJHWA,B07SDGKP88,1653405176546
AHOS53LMLLNNDDOYNCIETM2LGGKA,B089NZ8D82,1657402531963
AFNDFYSARPMFF3Z56ALKN5GQCW4Q,B07QL1JRCN,1605455618869
AGY3IKDI4BMVIWFORKJDOREWNCAA,B07J2LNG43,1549567788331
AFPHLXJK73KOQTDR6NDNYUHBYFWA,B07SPDBR1J,1570100446678
AFPPXT7FF4OECMRYVJPS6S6LGM4A,B07H3S5Y9V,1597772141638
AEXGVW3LY53JI4ZQ4PDO5G56DREA,B07KCLWKR3,1549378871665
AHT3MYIDWJ3H5P4XBBVFMWVA3NDQ,B07PRXJMLZ,1578415142060
AHAHI6HW27L75T75RAGHORCERZUQ,B0742LVLMJ,1647575723740
AGCU3NLETEBPNN7CXCLDPENSKG6Q,B07KPH6D57,1563066897643
AFN3N2NGYWACTR4TT4KV7BXDKLUQ,B01M7UDAVI,1568954565119
AFNTQ2H4QCOCZOTV5JRW2FMIDLBA,B0742LVLMJ,1560866740744
AHZ7KCU6BWRW5ZV5T4MSYVJAETHQ,B07G584SHG,1639876829846
AGUBPNGJAVIZAFQYBGQJ2NOOSZVA,B09R3MR7DN,1665210712541
AHMR76TGVW6J3WBMREP6Y5MDWPPA,B07KRGB574,1651633213564
AE5RXPPMMETF4XMUGHLBG7AH42NQ,B01M71IUZ7,1581080817437
AHHPZ2SQFI7ACRB5AWIKRHKTN3PQ,B08T9WY6JX,1617731530807
AFCZLDGGWFBJ7KNOSJARORRLDEFA,B07XZ9MXHJ,1601585776528
AFS3JWVIUHXB5ZNPRIB6RZBIK6PQ,B07F8Y6BH9,1581306249875
AG6N2KRGEFDJ2ACBCKRYRJIHP4GA,B07XKF8CB3,1594395544539
AFZF7UEGIORQZYTQRR4JKCV5BXSA,B07NL91XW9,1648896609249
AGVLGZK6VPTJGWGTVKLINSV3LWPQ,B07GNX28KS,1627799606966
AFW73EAKJLH2MVMDMNFY2NU4HMLA,B07SPDBR1J,1642685950545
AHPNWTX6UP6OF2RQ53U62U76R2DQ,B07HQCCD29,1654711420267
AHY6CQWYPI6BET2MV33SRLHJKSSQ,B07NF12XPB,1620969819750
AHCHHPU7T464QMMXAC6WIXOZT2EQ,B09NQB5JCK,1647955187839
AEL3DSO4TEW4WIX4UMEP6M5GZN4A,B07NVL6TJG,1580493382856
AH6JEUSZYDM5XLKRKJF772HLQCOQ,B0B3XT1CRP,1670532159937
AHCZ3SUI2BCFCE22CMZZI7ALF56Q,B01M7UDAVI,1498522940556
AHIAAV2CRNMCHWD44HOSTTRGTNOQ,B07X2J2QV3,1617089562555
AFDCTEOTZP4NDC5CYFJADDDJUOLA,B07HQCCD29,1542659824424
AEHCIONFZPIJUO6QV2WKPXNHDG4Q,B08BQ2KCG1,1610305752172
AEHFPMPMTGCXNUP2TWXIOJCPMTDA,B07DNLPCB9,1533089313365
AG75JHC5ZTOC7GLYKGC764HMONFA,B07FT4FMWX,1564544448924
AFM2F6GYQJDWIJNIPHZTTCQHGD2A,B0742LVLMJ,1564353095926
AEQO377UKPYOVFDI4TRVAYNGX5SQ,B07DNLG9ZR,1576299521918
AFW7FVDA3X7P6IGNMX5U6DBSWRHQ,B07XJY11B3,1626541063033
AGG4EYHHZVU6SPXVZJYSOZBGAJCQ,B082VJXRBP,1659059412025
AHLMA2KCWEP546T4LI2X2N2U3ACQ,B0742LVLMJ,1561070385932
AE464UZHHWVCT4FYZO5ZBX5NVKTA,B09SM1SWJW,1648760306744
AHRRNFRZTMG2GGAEE7DSO3N3PGVA,B07VGNQD8K,1619054946107
AFEKXADFB7EW5YVAU23WGXBXYYZA,B08M3PRYXX,1619351364387
AEQSNTJSSZGSWFEL7GCZERENJ2FA,B07GC3X8V7,1550081161297
AGNXZG6KNVFTMBVNL7G7Y7T7NGRQ,B07G584SHG,1629008139271
AHIBSUWLUMVQLNFBJHCURJJEEIUQ,B07S63NKNB,1573579123395
AESSKXPNFIQZZBCY5O7QI6T4IK6A,B07HP1739X,1548897752061
AEK7R7FVA4UWRCUKODVUYEJR6V6A,B01M71IUZ7,1496187203000
AHTPQBLQPF3WSLMLSXXA7BZ3GE7Q,B07R99144F,1568660952476
AHTPQBLQPF3WSLMLSXXA7BZ3GE7Q,B07SPDBR1J,1568660633424
AG7XF4W7XE2CW5T4REBBGP2QU2CA,B07L3W2MDL,1570675624885
AGEFIY4M3JNQWDS7XN7R4JCOKOEQ,B087YPRGKB,1625591583655
AFX6BAPR7QGY2OGJHYS6MF47L5JA,B07G5915QC,1647120387561
AGHKXIIA2GF6URPWSCTJNY5PYUNA,B09DD9F3KH,1647517795119
AFUO6672QA6QTYRZOTDFYMG4D6EQ,B084KNZBM8,1620805900049
AGXS23YXK2FPYFWALSY7QLXGENVQ,B07RBYJN37,1676127993134
AEJGTC6WYDJRLU2N2I6GV63NIYAQ,B0742LVLMJ,1593865146275
AEJCFWJPEURTENDFMOZH4QJM2BDA,B08R5BN2VH,1613750728346
AE77MPXCYF5I6DXISEFYUSDF7Q6Q,B08KT5WM5M,1662837172469
AFRK4U5FZWGGVPBG4USYRIIBL25A,B07F8Y6BH9,1536919782657
AFGGE6R4JZ7BTE7UI6YHRC646UXA,B07G5915QC,1577672429371
AFX2FAEVDJ3Y4UF6ESRN27QLXB7A,B07N4TC26M,1577701731309
AG3OLWQNCFJU5OWGZNDHSTS3OMVA,B07VGNQD8K,1594605377931
AEKP5PKEJG5SEIS5RQ6HIEVM3NMQ,B07XKF8CB3,1611454933016
AHACT3OJMLPBULI2NV72Q2YJJBRA,B08DDKTDSF,1600536763135
AGJGJYISAXTB7DF5UG7F4ETR3WHQ,B07DXBJX27,1610561008450
AHEMCRDNBJF4JYCHIVU4AVDS4HLQ,B07MGJZ2MH,1578971233282
AGARNZYHZLXLQ3TRJDFBVM2HZWOA,B091Y4S1MN,1624018822232
AF2TK5F3GA6EPB4IG77USITCX7GQ,B07PRK81VF,1619484398503
AF2TK5F3GA6EPB4IG77USITCX7GQ,B07H3S5Y9V,1619484261799
AEXI3DNP6NDV46A7MKHDQRLQ5BWQ,B0742LVLMJ,1611859846726
AFYWTXDHYKAWRU3VTXK6HY32BFRA,B07QXSYDGF,1679354042168
AG7XC22DSGH5U3V3S3E543GQPP3A,B07GNX2VPX,1541457681678
AEM37LWDBIDGYYFJFXX5BILRNNTA,B08LDXMH5F,1675558516836
AH36BSW455EPIYB5IRLEOQQQ5UEQ,B07QD9WBGB,1604858431910
AH36BSW455EPIYB5IRLEOQQQ5UEQ,B07QD9WBGB,1604858431910
AF6S4HLVVE5AIUBBF6EQFW6QPNZA,B07VGN44WK,1598825645323
AGIKWWBRCZSC6IN2ZGOK7MSIUYWQ,B07G584SHG,1536358222960
AGIKWWBRCZSC6IN2ZGOK7MSIUYWQ,B0742LVLMJ,1513290829525
AGYIQN4RSUI2RXQD53OFFFKNTAAA,B09NQBS63Q,1645075735323
AEGQHT6375CHOIXWNLUFT3COFZMQ,B01M7UD21X,1512316315927
AHHMQ5IB4WTTWX5FT37TBU7HYVDA,B01M71IUZ7,1529097948966
AEWQQHUFVFUSKGIUJ7LNZ3RWGQCA,B07MMT3C5J,1564968590876
AHLX5UNAVOQVRXUZR5FUL7OD7MFQ,B07F8Y6BH9,1603401087612
AGUFHNWL5YNVUDXZJHPLGBONERVQ,B0742LVLMJ,1533571861704
AGVZ4GH6V75CCHLQ52P2QNNC67WQ,B07DVNJ5LP,1620870804040
AEJEC5NZFKGDEGJJPFWOFLKNPT2Q,B07KM6T8GV,1607477878025
AHTBTFNBIBKKMYYHI3UL2I77NRZQ,B07QL1JRCN,1566996865576
AGPEK3HAVHJXIA4VHAQ45IVOCBUA,B07DNMN7X6,1535242762558
AHDBBRS5LLPUMU32ZT7WQELYMZTA,B07NL9J4BQ,1596679902129
AEYPWH2C3JKKGI4FIPNZWVSJF4WA,B01M7UDAVI,1502929762143
AFSFH2GY2HTOJX733MNHBMKFSNOQ,B08KQH8KW5,1602619528858
AFR7NFKCZYW7VC3JEMXM44VMDSTA,B07DNLG9ZR,1675100983857
AGUF2ZWNWRAEYWOC4W6CB7H5LINA,B08DYDKVB6,1610983157250
AEE6UTDEPE6NSNIJQQUA74IFRY2A,B0742LVLMJ,1595712348073
AHLRJIYGMNJGEUUSLDTO6NFTUNMA,B07XJY11B3,1639961050732
AEHI6IWK3V6BDE56U6WH2OKABP4A,B07H3S5Y9V,1598817361224
AERCK52O3WVL34HHJWNA3LXJPMYQ,B07DNM6GBC,1532977496684
AFDN5YX4FFE6TLQ7LID2MNPU6HBQ,B0742LVLMJ,1527110113265
AE5UADZLEAIMJZCGN32TWRGWNKHA,B07S5C7LR4,1581801648410
AEIRQU4YMMHC3BDIY57KGRHJP3IA,B07KC11QFV,1619615661503
AGWXTPWZ4GQ5T54DTDNIAUJZ5JTA,B07RBYJN37,1625413601025
AGG5CRUSMCLBWPXRHKBEVOSBVTTQ,B07VGNQD8K,1673031254439
AEXKMVXCLH2UQQ5E6RIEZZXHKMPQ,B07GC3X8V7,1590612470116
AEXKMVXCLH2UQQ5E6RIEZZXHKMPQ,B07QXSYDGF,1589605898873
AFXGBBXM64YKEZO7CNEOS7EBMXNQ,B07G584SHG,1589288677564
AEKIO7YQD3WPNLCHD52X4AWISSDQ,B0B6CPL52Y,1680919855375
AHVLXSKQN5L32IYTBBMSXZ3U2LXQ,B08BQFPZBT,1596065715456
AHM7XM7DHCIK5MWN2K4X2NYOZE3A,B01M7UD21X,1562612898400
AF5AKJXMSP7ELTZ2XHJ2TOO3M5HA,B09F9G91N5,1640779449550
AGVXGHK6RTIPMVPTKRH5KHDRINUA,B07HQCCD29,1543526444810
AEJE4NLNMCDRXWKPM7Y65KUIWTZA,B0742LVLMJ,1544644354502
AG4RTALBEDX26OMY26MVNY3N252Q,B084KPMB89,1624829497612
AG4RTALBEDX26OMY26MVNY3N252Q,B084KPMB89,1624829497612
AHWJBT75EOLGVCDXCZA4AVBL4MXA,B07VGNQD8K,1567291436138
AEVKIWCZWM6YTHV2VR3X4WM66E5Q,B07XGNHYC2,1600569391145
AHCINPVCETSKCSWQ25YDAU4EIFZA,B08DDKTDSF,1611092076572
AEILLGUJK5X67D5ULKCFGON555AQ,B07KC11QFV,1644351982124
AHTREB7JEPM7BLXCNXY5TWW563MA,B08D1W87FB,1657741198850
AEE44UB5KPBTUT4X5TKJN3JRHLCQ,B08N6WFYN9,1608444889035
AF2OOQE2UKXUTHTMXWN7YJE3KOMQ,B07VGNQD8K,1612922959191
AGH4L7ZNPUNOBVVJSBHX2HIVB4NA,B0742LVLMJ,1594941565996
AH62X45VDBV7L2RKTRFFIEO5VTGQ,B07NVL6TJG,1561789480253
AFYLOJVOH6USDQHUDAWMMPHMHKYQ,B07KFM1ZL8,1567460498195
AE3JIQG5OAL37FZCY5XAIB2NRYKA,B07DNKDLYV,1533095229505
AG4U3M6UBYOYB3H7PYCZLULMWH4Q,B0742LVLMJ,1570464899674
AG5NHUTJPTKGJFZVWMK5JG7CMK2A,B08M36J14L,1626999757386
AG5NHUTJPTKGJFZVWMK5JG7CMK2A,B07VGNQD8K,1626229701282
AGVWQ4WDWXAPFKSK5A33AIR7A54Q,B01M7UD21X,1506368137588
AF25WWX4IOUMACPEMJJF24RALTFA,B0742LVLMJ,1516834712952
AGN7XL5FGE5Y6D65OLZNFOKJB3TA,B07NVL6TJG,1603826406087
AH2R3GXLAJHMODXE7DMTU3OMCA6A,B07MJBM6DS,1561489998106
AF3HTV6WJBHJSX3HKXU7EMUOQBVA,B07N7BG8MX,1569538267733
AGJBO27R3TIQHQQJET7WRYVBINUA,B086JBCVB4,1628077249034
AFTB6LZEE3CT3NV2N7CQTT7I3FQQ,B01M7UDAVI,1529150938764
AFAOIJ2GCN7DQC5UPGN47U6KLGQQ,B082VLGXTZ,1598664099517
AE5BYA7Z4C4BYQDEAJZQYV5LSQ5Q,B07QXSYDGF,1591585227924
AF5OSIUTVIF5Q46BIQMDSQI6TYUQ,B07HP75X12,1596679633755
AFAF5EQQGFAGUGTVZ4YBBJLNVRBQ,B07FT4FMWX,1607995088398
AFBQJLZXJD5M3C5NPR2P2IUDSKRA,B01M7UD21X,1502583354475
AEKGUXPXN7DLITYM2EEY74V4IE2A,B07DVXFP2N,1597256298518
AHL53P2REN4XUMODGZJHGMFVFHJQ,B07WFHJDB7,1571958146644
AGNDIAZZOFLXS43QFKTYRVPGMF6A,B08GKMF8BW,1625249312585
AFSCYRG2HWYIPQ2FWCECKYIQULLA,B01M71IUZ7,1606065012087
AGD7COG7OK36VBNWWO5X4F53JJXQ,B07VGNQD8K,1649359002833
AF25BVRFMQP7QC2M5WDAWI3PIDXQ,B08LDV5MBB,1646739569882
AGLCKC3QKUKSOI3ZZ5MJUM2ZISLA,B07DNM6GBC,1618061793904
AEU24RUKONRA7A5EGGZXFUG3ENOA,B01M71IUZ7,1541529712125
AFX2QDGKGT26D4LROE3MKNPUBEGQ,B07N4TC26M,1600103695232
AGTTIXMW5WMYRSHASPZZH76DOIUQ,B09BFP8K5G,1657147908422
AFGWXJEBTKMWXU5GMDGSWQ3HFVIA,B07SDGKP88,1602015841693
AFHOB3T4HV3QXMKWZYMLG2UGILGQ,B07DNLG9ZR,1541462636972
AGBFRKTMGXPFXUBOS4T6RXK5HBXA,B09S3VN2MY,1659008374084
AGFSL2ALYKQFAOPV6QV2EC6CS7DA,B084KNZBM8,1616636337225
AEOGVQAJS6CQQ6NYINRBNU7YKPJQ,B07F8Y6BH9,1597524477135
AG3AYIKBT2GQPRM3ON3OO5OCD5EA,B07FT4FMWX,1538436195336
AHKFXNACIERVPAGAE4S225I42PKA,B07MGJZ2MH,1619462317338
AG4ZUUMKL3AQVUZJCPJ2AGT2SPTQ,B07DVXFP2N,1573646340132
AFHZJRYXPGWTKWYW7O3DFQGVW73A,B089KVB2XC,1647143497541
AHWCMU3DARYIQLC3V2SRPF2BYE3Q,B07G584SHG,1613843935121
AEQ5LHWVMBQ423TMZCMCCD7CFCMQ,B0742LVLMJ,1597799645205
AEODTG6L3LFVPHKTVTYEL5RENSUQ,B07WC2239F,1599045901037
AEODTG6L3LFVPHKTVTYEL5RENSUQ,B0742LVLMJ,1521596211915
AF7M3LFVHDN5HE2U7WDQVDW5R7YA,B07SQBKMPT,1604541491616
AGCSBILDGHGVGL7ME2KJDUYG62FA,B01M71IUZ7,1496110688000
AFPQZ3SW72PB724JKCSLMFUVUQCA,B086JBCVB4,1608248932933
AFDRMQYBYZSIUDTWHQL33QCGROKQ,B08DDN95VQ,1605995276751
AFG2FCVZM6MJGEY3DY6IRCQREW3A,B0848GLB12,1609363380929
AH7PEOUIQGFQ45IUUHJNOPV3J5KA,B09R3WJT82,1660055569740
AFSNEB3YJEZILXIQACMKVQEB6EUA,B08GDYSVNN,1609025624277
AGPNNION72YER65XJSR44YFAPKPQ,B07H3S5Y9V,1539530160391
AFA47BNJL3FP3Q7DK46LJLY4YGNQ,B08JCRNKBH,1619113151981
AHXX2TPJFIW24R5ZG5CP5AK5CYGA,B099S5F8LV,1639614917792
AHXB76WXFNYMZM3XPSBTSRADYLEA,B07GNWWTRV,1542408632907
AETPVT5HCQOOGGRVSZOJYYALSXJQ,B09DTB44BY,1653351341739
AETPVT5HCQOOGGRVSZOJYYALSXJQ,B09Y72P3QD,1653351252286
AETPVT5HCQOOGGRVSZOJYYALSXJQ,B09DDBZ5WX,1653351003630
AGMXFLYQSFHF2HSIXKX5EELLQFIA,B07DNLG9ZR,1540592464031
AFMAD72AVN4HKKAJ3UC5PYZKXIUQ,B07DNKDLYV,1555701284617
AH57Q2YA67H5KGR5IXGJL2UYIF6A,B07G5915QC,1608984518916
AH57Q2YA67H5KGR5IXGJL2UYIF6A,B07SDGBPGK,1608984423646
AH7D3OB65BOK5PBE5KSMSY6PDFAQ,B0742LVLMJ,1577480015118
AHSUORANDGKNEKNPN5G4KHHTQGBA,B086JBCVB4,1606320112341
AHECKHUJLGADNF6ZHDZ2BYYY5M7Q,B07HQJPGL2,1545051371056
AGINDGTRSJQVVSNNGHLOKX5L3RHA,B07G584SHG,1604170611609
AFU7WZHJM6IOPEZEIM4F2TBGYVLA,B0742LVLMJ,1580352783963
AE3KZ5LROVXGBKIANGKVY3SVBWSA,B07RBYJN37,1657661878690
AHXN5WCRTVBDS5LTE4ES3NBXH6VQ,B07DNML26P,1538621776144
AG7MRAVKTFQ3ZW6E5POZIRR7EYHQ,B08LVQWH8P,1673316163951
AFSC7DPGN624KE7CDRNAP7KA2Y5A,B09R3L7WXL,1660402315452
AFT7CRVHKNYCMMFZJIA5BJRXVKNA,B0742LVLMJ,1581999081224
AHP7EP4IU22EHKUCRP4AR3VVRUSQ,B01M71IUZ7,1521484998234
AHPU2SXO3LVBYGETOKAPDQFCEF5A,B07DVM8MM5,1573402493498
AFU7ADLE33D4NOVXHQ2ZYROIP37A,B07QL1JRCN,1594326788566
AGLUMFUBQPQ3DUUE25CAAVS7OQTA,B08R5SZPNZ,1623589242651
AHJGLJQC25QDGSEFEAWRT2HJFXOA,B07NVL6TJG,1559252700415
AE3V2UTKFEDELPYYVVALRLJ3RHDA,B07Y23PKWC,1627259174810
AFHHXP5GAEJQFVN2RQUILL3LMU6Q,B07R5VH7XT,1577627144050
AFGKI2AKF6XXEPRNAHFIHRHB2FBQ,B07V5VWTMB,1623091785931
AEDKN7CAR45U3PGP7UWT2OUXLYUQ,B09NQBS63Q,1642631991890
AGLEDACUJI2FQ7ZNG7PYVZCS6D2A,B07F8Y6BH9,1601933862491
AFXECXMKON6T2OFK7EO2QVRE3HYQ,B07WGGH1C1,1571782958258
AG735SMCLFDOU5CVM2WWPUYSGUNA,B081TBW1FB,1603333111855
AFEM3M3ZTPQTH5OLYRXNPQ5XJAWA,B0BGMCZZQB,1672115498752
AFEM3M3ZTPQTH5OLYRXNPQ5XJAWA,B09BFP8K5G,1667267652465
AFEM3M3ZTPQTH5OLYRXNPQ5XJAWA,B0B13643TH,1667266520058
AFEM3M3ZTPQTH5OLYRXNPQ5XJAWA,B08KWDXTH9,1657371798637
AFEM3M3ZTPQTH5OLYRXNPQ5XJAWA,B09BW3QVX3,1641068330577
AFEM3M3ZTPQTH5OLYRXNPQ5XJAWA,B0848KRT9T,1615753734375
AFEM3M3ZTPQTH5OLYRXNPQ5XJAWA,B08R7K4WPB,1615753652041
AFEM3M3ZTPQTH5OLYRXNPQ5XJAWA,B07KJLV75L,1610379718577
AFEM3M3ZTPQTH5OLYRXNPQ5XJAWA,B07VGNQD8K,1610144171402
AEKJIDBUEYQ33LBI2EMUSH26GDHA,B08GN1MJYB,1619213609159
AFAZLV3UFC44ZO76MANJAOCLNCSA,B095WFPM47,1627819313216
AGUFYJK2R2OLH2FKCCP462VCC2IA,B08MV51CXP,1616775847505
AG53M5LC67MX7TKNUTV2IN3FHI4A,B07XT7MGK4,1598757330667
AEU6OOSEMKZ6C3T6GZVNZOE3OXEQ,B0742LVLMJ,1528897556490
AHMGHLQCQ7H4MCPTEYHEVAQDWUBQ,B0742LVLMJ,1564801823301
AHP74ASLENUOSIKYWGCLIMZEXOHQ,B075NM1M1Y,1581022531437
AHOIMQR6LX3JUYGFZDMWBXN3WKDA,B075NM1M1Y,1598756383678
AEO75RZX7CIHHN276X5GLZZNXUKA,B07KC11QFV,1605898070827
AEYN5JGNIXWBPTQLOI3AJIP7LG4Q,B07QL1JRCN,1580690133758
AE7FQXFVMDN2PHLAPWU7EAE2UJPQ,B0B3XVR923,1660843467211
AHOMKC6GJQVJYIUNHFPTBLJXMQ5Q,B07G584SHG,1545864655991
AF6OTE3G7THUUL3OHXGC44EDKO2A,B07F8Y6BH9,1611367631208
AHSOLOFN6T6HOGUDEECWN3AXRL3A,B095WFPM47,1679760973756
AGFTAWZ22323HMXG44O4HMUKXNQQ,B07RBYJN37,1624546455090
AGFTAWZ22323HMXG44O4HMUKXNQQ,B07QYNFHVH,1613497857516
AHRVSAY3SYXZCTYJXAY6JGP35ADQ,B07S63NKNB,1569852827372
AF4LBXXRUII3CVJJ2QVDO2H25V2Q,B07VGNQD8K,1596557192590
AHUCTVUN2LXHC5FFRYMRSARFZFZQ,B07RD18X7P,1567732216354
AGLI7U7XJLWMRXMYN3P2K7TPTDBA,B07FT4FMWX,1577986830300
AEQTYRFJEM7W5YGTKYSQL7C7625A,B08JZ4SVKN,1630498334636
AGZ53BXVJBZC6XOVOTVDH5NVK2NA,B082B8JVMJ,1645225318476
AEG6G3MYJPHA2W25AC6EZ3N62LEA,B08DDLB9S5,1600726003534
AEQPH6IQSGEKRHNPBCOMF5VKGXRQ,B08MTF8RP4,1630582088102
AFBP5DDM72FLZEXPOF6BU5TJJLAA,B07XJY11B3,1594224721045
AE6PGVKWWV2PFXKLAPRWO47E75TA,B08KWFT16F,1615293109684
AEMYD6GXBTGJB6DPVDXQ7H7L4TAA,B07MQ5GZ24,1554923831952
AGS7NONZ4YWW4KQ4XIAXCRYZT2YQ,B01M7UD21X,1510342698303
AHNIBHP52XINVBGZHWP6C45QUOVQ,B08DPYMZQ9,1599748384101
AFRUXO6I7I7MSIUFOAGL6TSFR2KA,B0742LVLMJ,1597157309047
AF2T7AMZRQHGXP4PN5QRQ5I3GQFA,B0742LVLMJ,1534877651435
AG4LTHJV2I2JTGSGCZO5VW3DCX6Q,B07XLMQBW8,1603914160022
AH2INGEC4VTH66A2EOXKCUMHSIQQ,B0742LVLMJ,1581022281043
AFRWIML7ZRMXPEZUPFLAHJU7NOAQ,B07VGNQD8K,1591622905638
AEMUWF2R6GPER4XLN2NJ5RGGHQ2A,B075NM1M1Y,1540346889657
AFIINCQ4WYM522HQURBIM47XRR5A,B08N5B7FZP,1608232015915
AEQL534OWTNATFZ2URCJEUF376AQ,B01M7UDAVI,1526053255749
AEQL534OWTNATFZ2URCJEUF376AQ,B01M7UDAVI,1526053255749
AGBTRWT2BFS2DKZS4S72J7DXIITQ,B07GNX28KS,1544111697150
AGE35U5GF6AFTHEMFFQSQCQU5WKQ,B08D9PW5SK,1625588086415
AHJUZ7JB2IISGIUQPTLECL36QLDQ,B07NVL6TJG,1623558769675
AE4LYGXJU32DZB24EAM4GIIXQ6PA,B0742LVLMJ,1627685055643
AF2CR7ZL6QG4AK63HCGWFWFDDJYQ,B07DVXFP2N,1544266459073
AGMXWSNB6R2GWBVF5TXJSQMALFSQ,B07S63NKNB,1573927309427
AELRO73AHFZFMKPC4JLOF2TTU2HQ,B07DNJ6N8K,1533048081128
AF7FWNXGPU3ERIWV5WLONJIZ74YA,B0BM2J47PC,1675307733327
AGZMF64JKEBIPARIAYR7GXVEWDOA,B07KTB8PHS,1633868721783
AF5AELOHJNCRXZNO2ZPNA7Z7TEIQ,B08G4W464K,1629144365484
AFTDQRIMVXCEJZQ5MDZU3A6YZFTQ,B095WFPM47,1644096393819
AGW3XWFLZMQPJ2YEMQKXOBHKJX5Q,B07QXSYDGF,1562700745714
AH66KEU77AWSSXOZXPSQIQARYPKQ,B07H3QNJ1Q,1596661882254
AEQET7RZPYCOWWENZCESYUPUMYFA,B07SPDBR1J,1566909220011
AH2QZR2MK4755QEX2RRUXJVUVFJQ,B09R3L7WXL,1662601276314
AFPRDNSAI5Y6HS4ZZYHIXBNIDDLA,B07NL7BQS4,1606018065899
AFRYOMDIEYOC533NH6Q5TZVHH5EQ,B01M7UD21X,1528334177379
AEZU2PQ3FLPWVMZTZRT347QW7SKA,B0742LVLMJ,1579904595507
AHCLCY3QWETACJAASPRTXHS6QAWQ,B07NVL6TJG,1605941037800
AHAW5G6N4OEV6YNNRDIHZJOOGLSQ,B07H3QNJ1Q,1539392034031
AFHUBTBJF3WKYQAWNVKUSQDAPGDA,B07FT4FMWX,1543530643638
AFUE572Z2ZXPBCARBT5PF2CJZALA,B01M71IUZ7,1494560836000
AEZGSR72QV3GG4IVKXLP4BDXUFFQ,B082B8JVMJ,1594869439673
AHC22P5P7NP6LPANC2PWPIZS5PFA,B07QXSYDGF,1591494276840
AF3LC2357EYPYUDKLOUW2G55S75Q,B07H3S5Y9V,1677795375014
AHXCKWATNJDXL7QSFF3SZ4BCWMLA,B075NM1M1Y,1577046532264
AHSIMXP44BKACCMECNIKYBHUX5CA,B07HP75X12,1627857146934
AFKESRBL73ZWWBKZZ4DXQUR4FQAA,B07HQCCD29,1547859391385
AFU7DVANJQZEMB64MBFOEQADCVZQ,B086Z1L7Y3,1596404868333
AHYJYDDOOA7EZF4MVF73UCJMHHJQ,B0933CWY6S,1622135208107
AFLFMTWVSKF324E373H44QYOPXTQ,B081TBW1FB,1663874584161
AHQIAJHUSI3YMIIY4VRQ4QNYFXJQ,B07DVXFP2N,1554757054094
AG6PEQEMML2K6NI2FI7MR5UK7CJA,B07VGNQD8K,1630699984512
AF5IE7UCEW27VP3UK5OI3GVQUK3A,B07VGNQD8K,1601691228764
AGKFMNTJNBCWC7ZPI4QQA7F6XJDQ,B08DDK1TP5,1602293979520
AENEBRZGLQ6NUHA57IVFTHLXIVMA,B08PHL29S8,1616340499413
AEIEKDEUXSJIN53WYTVC7UZE533A,B01M7UDAVI,1533170939591
AHZLTDCNKTTJUTQB4M2TLBKOUBFQ,B086JBPTC4,1677818427240
AHPG4MK2ZWTTDEDBF4UZPXIM2WCQ,B086JBB4HD,1608771754424
AH54U43H6BZFD6LVRFI4LTXKB43Q,B091YRD7RV,1624306848729
AFQFFII3IRJ45XN3J5LS3JN2C7ZQ,B08JCKKDP5,1681072217019
AFH2EK5JK3P2AUXESOWL73L56C3Q,B07GNWWTRV,1551930573911
AFH2EK5JK3P2AUXESOWL73L56C3Q,B07DNM6GBC,1538457153925
AGADDUXFFXUWTSPC34L7SN3GPIDA,B07DNKDLYV,1534973755987
AFT3TBMJGYIJ4IUMPAICJYCDBUTQ,B07NVL6TJG,1614989676129
AGQLYLJK7H2ALE672THV5QGXXY5A,B08QMJY26G,1621890598308
AEUW64T2NSCJV3BXQ37G4PEV3JFA,B0B1VMNBXF,1663017305370
AHEQXG3HSQDADL4OLFLF4RN2BNSQ,B072MHKTYT,1528076439998
AELY5GFSO3KWIJZTCBEVF5WGUN6A,B09M7F3HYK,1655132487893
AHX2XBRUV3O2GLEVOOR5PT4V7YDQ,B07MGJZ2MH,1567664281375
AFZIAOYRVGG2HC6HROS7XPFJKAHA,B07G584SHG,1590422947265
AFRIGBN3E3NDBEJQM2OZV6I2K72Q,B09NYFMW51,1648675125764
AGYRKQLOE3JL7AKTD36XJXIXBIFA,B07G584SHG,1542339038619
AGYOGWFJFTRTWTFK23WHEEZUL44Q,B07KPH6D57,1553643615838
AER67DRCF7LVLMMUL3UTNSLAXYRQ,B01M7UDAVI,1497462672182
AFOJEXGACRQYMCTTJE4VTFOGLSAA,B097TJ2YWL,1631372620611
AE3TIJP3BHAIVVUDZ46OVIFTSKOA,B07G584SHG,1615298953805
AFGXX75G6D4PVLH4VUGOS2DRINGA,B0742LVLMJ,1587872011409
AGELWNVBA3WRO4KXXPCD2MG3BNRA,B07PRXJMLZ,1601260962697
AGTTJJWQBD2S5PGBWEXUAM7NCRJQ,B07FT4FMWX,1561846635865
AHHPIDN3ME5EUG4UVQVKQGEKLCJA,B0848P9FN3,1648230534370
AGAHIJ25RMSCGJ5VLQF2YDXUSWEA,B01M7UD21X,1566674104542
AGIVHJHOXWITAHU7L5XPMB6ZDXOQ,B01M7UDAVI,1578174566206
AF2D5OVW2YGGBYI42HDJ52PMDAYA,B084CT5YWM,1640632426548
AGLIMMJGIS7FQ45JX6EGXT533GVA,B0742LVLMJ,1600969438422
AFMKJ3EFNBSNFHKLM4TLGGMXJ22Q,B01M71IUZ7,1515331916355
AEBJTTMFKCZ2P5IH55TM24PTNLNQ,B0742LVLMJ,1626380084935
AGSNJP4IF72HQQV2FYC5BP2J3IQQ,B08GD26JQX,1603684664384
AESE7L4ERA4EHJDRZB7ROSO3MJ5A,B07SPDBR1J,1612122277441
AGRSWN2P7ZUQFQ7XCOBMOKUCSBVA,B0742LVLMJ,1548953679066
AFOCTFKAIV2FMWHRBOJLTW4K7JJA,B07H3QNJ1Q,1579041190505
AGYQ25JARGKOSZVHDWBXPOHWUFTA,B0B4BLVTF4,1659636917618
AFENK3CZBWIZ5MTSXXNNMOXXZ6DA,B0742LVLMJ,1524083584928
AHMBCMKTC2XDP6WX74CZTS6GKHDA,B08FTJCSMG,1604064838109
AGFUMENTCZWDU76D44NMYANGGWFQ,B0742LVLMJ,1570036223783
AGCFAUV437NA5YR3PWEBME7NQWXA,B07G584SHG,1626614389379
AFE4FUDSPZH4LR3TQUWK2UANKZDQ,B09G6XM27G,1644009799924
AF62MKHHVDE72UPEOZDLBSAVCPVQ,B07HQJPGL2,1658757710591
AE7OLUWHP3UUFE3S7KYV76WWCEAQ,B01M71IUZ7,1576976639340
AFVQ72I4QX4XBK6UOS3PZRPDVD6Q,B07GC1XFJ7,1538582614298
AFNTZRGROUUNFHBDVGNIQ776H7CA,B0742LVLMJ,1555175284114
AEDWPPT5QD7TBUV4HOAN5HB2TJNA,B093T2CT9H,1653412187535
AG6NTAPFEDVD53XKRW5EYBU3WVQQ,B07KC11QFV,1593562678597
AHAJH46HSS4IIQBWZDL4QSUO37WA,B07DNLG9ZR,1539111858688
AEREPTLTJW7NISGK2PBK6ADOEJHQ,B07MMT3C5J,1566922925807
AFFDIOGSPZR7W4S5MYOVTB5MUQMQ,B07HQCCD29,1544210975382
AGUWFIRYSSJKBWD36GP3FKLFGHZQ,B01M71IUZ7,1527431508371
AEFDXJ542CUK5YC3FCMOFN3GLRTQ,B01M7UDAVI,1504299281218
AE2CRFVSDY77U3Y4LGMMABZ3UG5A,B075NM1M1Y,1553164792489
AF7P4SDEVBLDNYVACXKTRUI2E4DQ,B07VGN44WK,1574192612361
AHFP7NAOYZKMMY3VDK25GZNWXBRA,B07DNLG9ZR,1587752187537
AF7VNCVGEADSJHSVF4PMHA544AEQ,B07TWRWCRT,1577910793525
AE77273WEQ6BFQQQEBONRCAXMXXA,B07DNJ6N8K,1559309565426
AGFMGSQFOC3RBL7QI6HFFEN5F6NA,B07VGNQD8K,1588517670444
AHZQS3BFREWEHUHGE52EAJXYSUGQ,B08JFRNFXM,1605393162651
AHJG3UI44CNMWKRA4QVVJLOSXDJA,B07X5SVBJW,1594324988971
AFZXZCVCSXIVVXQE6DZUEI5TTXZA,B07R5VH7XT,1592228487478
AG2GVJ7PD44CE6X7QRAHKPME5PFA,B07GNWX112,1564176297188
AFPBMQHEKRXCNVCYZL7MLKBHAVUQ,B07ZHGPJG5,1608421227356
AGIF3EYF2R5KYOBDTH7LRWFHMZYQ,B07DNML26P,1538797619823
AEEYABEAHAOMDNUDD7NQ4GGFCG5Q,B07NF12XPB,1589214892911
AEOQ2PD3JHHVYV6SO54NGVACITLA,B07DNLPCB9,1549952993991
AFA6ZA5CCQQNZPAWZYHCGCZ3CZGQ,B08GF6HCM5,1614038844590
AH65OIKVEE5B5PGUTSLJT3I5OMRQ,B07GNWWTRV,1616455909062
AHKAJCOGIU4ANEVTDOMGBZREMKCA,B0742LVLMJ,1568420049693
AF36VGTDWVBON4ABGZ3KIZNCKHDA,B0742LVLMJ,1524444717089
AEBK2ATHRFONLKPATKRVNGLEFUAQ,B08WF8VMC4,1645538861961
AFVOS56SNXCS7A64DBS6DAJOZNFA,B01M7UD21X,1503939863504
AFUD35JTMNSJZFJJ3CSTP4RVN6BQ,B08BG388H9,1600214440338
AGBDMWNZ4ENKXJXMER4GOUI6AVUA,B084KPMB89,1597866491018
AFQCJXUTZ6ZC6M3757ERBEAM6WXQ,B098BK15MQ,1643140073406
AHH3HZV5COARKZN4UU2PJJV34TRA,B095WFPM47,1625169550582
AHW6VTQEKHBAXQISTRV2DHIROFHA,B07G584SHG,1636754355627
AFXCQHRHNRQCDGPKRIOV42AI7CMQ,B095WFPM47,1641227729034
AFVZWZFDBW6MXIXX7ZLDWSYLYJFA,B0742LVLMJ,1529535872038
AFGMPNDUNVYLFBUBYZQQ4L6NRBZA,B07KFM1ZL8,1579471804420
AGAPR3NDA7QEHMXHEMELMLQJORRQ,B0742LVLMJ,1595313506934
AGAPR3NDA7QEHMXHEMELMLQJORRQ,B0742LVLMJ,1595313506934
AE6ZKQOZNV7DYNH4BCLZ3MV6OOBQ,B07PRXJMLZ,1591838488649
AFHIU6NFHC2EDA5BMQQPAMCEHPCA,B07S37W913,1609777945162
AFKL4ZVZLQEVLXPFMDMVMERSFFGQ,B098R1NNTF,1640377244591
AHSYCOTSOCZG6E7F32I4WDPWSNZA,B07RBYJN37,1622904494138
AHNPDGJPWLBQ2R73YT6FF2PMUE3A,B01M71IUZ7,1536510327169
AFKUVAJ3ELURJVZMLLJTCJWBBYQA,B07DNM6GBC,1538612645770
AEK6RVPSQ3RBQLCDNQZY6PZM4MZA,B086JBB4HD,1643455741776
AEPQOBBB3WOMSYY6AQFI4CV253FQ,B0742LVLMJ,1679352673810
AEPYNLVTUDMEAIXVJXYMCMUT46TA,B0742LVLMJ,1548364990291
AFGH7IH5JGHY2GUFD2GBKYJYKXMA,B0742LVLMJ,1593706624732
AGBTHAEWIMGDVJGGL2WX7PYLE7JQ,B07HFKL5DZ,1595045117405
AEYBADQIP774HIAK7JGLA5WX674Q,B0BLZTPK6Z,1680146880944
AHBFV5CRD2VTZSY7F4MI3SI6KUCA,B07T43BXRD,1623520120116
AGPJWFNCXVIOEZMENAQLEL5DRCSA,B0933CF1DM,1671822481343
AHTEEHG7HMCV3CTZJ5QDYXI4OQFA,B07XGNHYC2,1615908135401
AFLOOYGIWEDOJMBN23E35NGB2K5A,B07WFHJDB7,1610570367895
AFFHS4SQGSXSY4O4Y3ODO3FB4DFA,B08KWK6N6H,1681132262387
AHWWV35ZTXXF2AJBSUSGPJOIINYQ,B07MGJZ2MH,1600715995641
AFP2ZGQBQTEM3DTDZ2P3CIQMF7EA,B0B3XVR923,1663351712163
AHZMGKAICSVPOZCHSOKWBHZG654A,B0B3XVR923,1664891640849
AHZMGKAICSVPOZCHSOKWBHZG654A,B0B3XVR923,1664891640849
AHVUI2465NUEHWW3XGDQCW55V45A,B07HFKL5DZ,1546457618486
AF7R7R6YRUKYAMMIEEZE4FZ4KSVQ,B08GD26JQX,1605127430195
AF7R7R6YRUKYAMMIEEZE4FZ4KSVQ,B07QYNFHVH,1601498421776
AFXNM63Z555MQFFAS2R6NRHFUYAQ,B01M7UD21X,1496091881000
AGMIT5SALWJLBZXDQCGQWJOJCGIA,B095WFPM47,1660852736597
AHA3X54TX6JZIBUYMGNF2NUWQBMQ,B07DX3JYH8,1599260951428
AESAOOOKS3AUG2YRZTBBB5ZPZXAA,B01M7UD21X,1543465803182
AGO65YFRWM5HB3CRTXQ2XOT7XIVA,B07G5GNLG9,1597549790446
AHWNQ3FMOV7GL24JDKCJH2ZJA7GQ,B07DNKDLYV,1536066525896
AFV2YHYMHFZXMGZEVGOOCFFJRNRA,B07XZ9MXHJ,1594472997956
AHR4PJPMLIUA4LDSGJ2J5Z5DWQMQ,B07G4ZWJB6,1587413626171
AHOAMLOXRZXQWD7MAYIPRDECQHVQ,B07XH69M6H,1608999900413
AEGEIDCKBHVVZH67XZ6GE3GO5BEA,B07RBYJN37,1654270606434
AHBXV2Z2WGL6EWSXJTNUGWS2UXDQ,B07KJLV75L,1623013181263
AEE3AFIJ6FNKXGHMZ5PYZKXV5REQ,B0742LVLMJ,1542739668438
AHL6DRGVQYJXIZ372GQANE2IMONA,B086K3FB5N,1595680257440
AFISM6DXVBTAJWNWKR3AW5ZKPCWA,B07KM6T8GV,1607571921306
AFPXZNHTTSYAZFF5OJWP6BJ2BBPQ,B08TCGN1JQ,1642082052069
AHJAN6GTM7RZ7AKMPTWZOLZVAIMA,B0742LVLMJ,1534078283222
AH33IBAVJOX5MGD56VQM2QJ7EQFQ,B09Y714FG4,1661138166547
AFSPMA7GYCIX33622LR4P5YMSIBQ,B07G4ZWJB6,1637374010577
AGJCRZWVFKRRQUU7Q6YALFX5HXOQ,B07XZMR3K4,1618664314739
AE465FAAHH3V4DW2JAPNKKZSYHTA,B0B3XW9R5X,1668555677234
AGX2OS266W3K7NYA3DNC3AOTSTKQ,B07VGNQD8K,1597276809752
AEJJLOUADB2H5BSE3ERTWGH5W5DA,B08LDMKH6K,1620595196056
AEJJLOUADB2H5BSE3ERTWGH5W5DA,B07R5VH7XT,1620593333254
AEQNBD3HF5DZAIMTUAPR7M4VYVWQ,B07MGJZ2MH,1625528983484
AEMYAEJMRY4222Z5DIJKZFB67JKA,B07MGJZ2MH,1600734042420
AGGRJN7AVZB2U7LQUXBU7HJHBFIQ,B07MGJZ2MH,1576455605233
AGGVLU6KXPZ6EY67X7JN6MG7ZLTQ,B08PG479LF,1618435483265
AHQWJQ2QP4E6XENTJUHQEOJH5QAA,B07S63NKNB,1593401615507
AEIXEUG5QRQAZCEIQYXAO4NVHR2A,B07DNLPCB9,1570802709294
AF3OPRWJ5A2HHIHLMQRLXU5JGJIQ,B07KG5RPCF,1626612494610
AF7LPHDH6WE6EZWRBZXS7KGYSM3Q,B0742LVLMJ,1552924058515
AE4JOGFXGUD5PWZDDPNISE4GVXNA,B07G584SHG,1603336197278
AE4JOGFXGUD5PWZDDPNISE4GVXNA,B07SDGBPGK,1596514127499
AF2ECVTWTDYBGSQRD45VA3WDRN6Q,B07VGNQD8K,1597109568556
AHVUIHI36VTYKYKDAIG7C6UHDS5Q,B01M71IUZ7,1493384063000
AGPNDGZXMU6UZ7MYNNOU74WZPSVQ,B07GNX2VPX,1562933801836
AGM52WBX6OPVZHEXVRCSGF6RJLTQ,B07DNLG9ZR,1619091688926
AFGCPEJGW5DLNOTTQ2NSUAR6DSMQ,B09R3WJT82,1661284943069
AFGCPEJGW5DLNOTTQ2NSUAR6DSMQ,B07DNM6GBC,1655622728827
AHWKVID2QUAFP4VSCPJZ4R3VEBNQ,B07G5915QC,1564159139340
AGMXAMWRBXTX2MP3GDGVWJJFKCGA,B01M71IUZ7,1523810798334
AGHKGEOFIP2MZ3MY7OPH2AOWDCAQ,B08MWPG77B,1618769013838
AEBQTEHNWP2MWYWUG7EHUKMVDQMQ,B09DTB44BY,1646337415906
AEXZGP7Y27XGKOF7BE5NR33KXZPQ,B0742LVLMJ,1528651066867
AEONBZCK5M665A2NKP3HMHD6X6WQ,B01M7UDAVI,1509182408903
AE4UTKAUL37SCCUSG4O4CISKOPLA,B07R59N62M,1565978990691
AGAJVS3KANE3TS6YTN77GQOLYIMA,B07DX25MZK,1564484253312
AHLDY4G4HFQUIZSPHCSWA7N4GJ6Q,B07WGGH1C1,1614033472276
AHJQAFNCASAF2LBXJZYGOMD7ND3A,B07DNLPCB9,1539111932721
AHOWD4WFCYU2SARZL7QQNWQLQAHQ,B0742LVLMJ,1603833933165
AHJMXWL53OTQZOAAX44J2S5NUD4A,B082MH51J3,1604700753996
AGGGUKKBVWCVFX676ZXSQADAM47Q,B07F8Y6BH9,1564421148044
AHBJB2RNIAHLRI3IH4LZALZ2N5JA,B07GNX2VPX,1552764263067
AGAZ6JETBXR3VZXADPNBXM2HBFIQ,B0742LVLMJ,1598638795721
AHGWO5Z2W7MX44O2TK3I6ZCPNRCQ,B0742LVLMJ,1577614604305
AFCRZM6PFPHMMSALJUMD65D2ZJIA,B0933CLYYV,1626819505886
AH5ESHUB3Q7MXHMTFTNMQHXDDBHQ,B07XZ9MXHJ,1574565458307
AFBTMPJ5UFZVPSOPM57WIN5UEOVQ,B07DVXFP2N,1573691251237
AE6J55JEI3QUT744LCVZ3MTCQ72A,B09B2GG5PF,1633021903272
AG2WNZMIOW4OO5MS4Y4IXLOLEH3Q,B07DNML26P,1549329944699
AGTI5MKY2EY35F2JZW25BA4C62VA,B07RBYJN37,1568240425379
AHLGLY7UAJMG65XLYDPUKNQECUHQ,B08GDZRBB2,1608739468528
AFM6LBMYKWWWPARGYIVESRGGPRDQ,B075NM1M1Y,1598357691775
AGP5FEMNYUCKAANVXKXZRLBOVY2Q,B0742LVLMJ,1538282901393
AGNWTPHSB2ON6OEXNZ2MHUI4G6XA,B07X5SVBJW,1607644272004
AERYMAFML4XEGKBIIUB47QX5RXLQ,B07VGN44WK,1591276335038
AGPBUKHKVEMFBZFXLGWSHFIWVIAQ,B07NVL6TJG,1609631317394
AEIWEFSCKDLAWVYWCOMD7CPV7SKA,B0742LVLMJ,1549044042721
AHZ2HPVF44IHQLVXFWNQJXRX3L4A,B0742LVLMJ,1535484886319
AH33TWCYPNZN3MNKR4ZXR3PKDMFA,B07FT4FMWX,1637632485408
AH33TWCYPNZN3MNKR4ZXR3PKDMFA,B07T43BXRD,1637631706892
AH3GD4PMP7OSJGS3ZSSAHWBEWSCA,B0742LVLMJ,1593044628631
AEQXA7NNVEXVPCHKB767LDTXQM5Q,B07KPH6D57,1547162216523
AEDBY2MGOSAU4JNH22T66WJX7EYQ,B09SMKFKXH,1649706679830
AHKGLEZJL6CADEN5M3IORJ7M6IYA,B08R5XBH6M,1622766920719
AGYUJ2VJ3OUPEBTENDCDHAKPIYLQ,B07NVL6TJG,1556251057346
AGBOCWT262M77Z54QEB5LAGUKMMA,B0B39J6S4X,1673121234264
AFDZ7BMEHME2DFNP2V7E5YVYMGNQ,B08VD2BNVG,1657118270882
AGVSQPFIV644J5HAR2WWRG6HGYAA,B0848LZTJP,1671454876554
AGSTZZYRS543LI7GJT6RDCYYM2LQ,B07R7WVRGL,1621017931790
AG6GF6SNKWZ3UKUI4BB3H74Q4MFA,B0742LVLMJ,1569807675588
AHKCX3A44E3Z7RYQ726A3OUQLXSQ,B07TBGM8WB,1633150591372
AHKCX3A44E3Z7RYQ726A3OUQLXSQ,B07TBGM8WB,1633150591372
AGQKJHYIHRXXKQT2OZBQQYGFIOYQ,B08GYDJQ9D,1606790059977
AGQKJHYIHRXXKQT2OZBQQYGFIOYQ,B0859KKL7Q,1605915766401
AGQKJHYIHRXXKQT2OZBQQYGFIOYQ,B07F8Y6BH9,1551042682476
AHQR2UCKSYO543KY6UKILNSEWYPQ,B07NVL6TJG,1558727492991
AFH72E7GOUFLCSQ32PYZ7ULIC6TA,B07L3K8S42,1567689778761
AF3XZNUXPOLLO736MAGZMVOO7PEA,B07VGNQD8K,1602099505784
AHY7NXWUT4E72JYJC2Q2ZBAF3TCQ,B08GYDJQ9D,1650649114421
AGYSY7INMWZJYDZPBC2UML33SPGA,B07QL1JRCN,1618678905314
AE4HU6ENCP766XF7ERC5PJXZHYCA,B0742LVLMJ,1558738459832
AFFXPC4MG3DXT64INV6ZWWD5HFSA,B08D6X2RD4,1607029554007
AGXXVPEXKMKGOGB5KTOLC5HGY4YA,B07VGN44WK,1598013015257
AHYJFRNMMIIYO5M7RG22ZNZH6DFA,B07KSDPDM6,1639702111103
AEE533UZHDRUEB6T2SCOS65FEYLA,B07FT4FMWX,1561078607808
AFEST5REWBHMEFOPSJEK7J2TZVHQ,B0742LVLMJ,1546188729608
AHW6L6SEEAWQAMLXUFDJ3HW6RYTA,B08LD62NHQ,1640738380533
AGJFHMVFRI4EBKXVZ7LFVWGKQPCA,B07V5VWTMB,1578807675263
AEAEJM6FC4LGFSFNVJSG4SCPKNQA,B07RBYJN37,1669847013773
AHC4C7OJLX2HNU4WR2FDGE42HCCA,B07STGWT1P,1566691518296
AFGVGF67NIUS2UACLVLR6UXOX3DQ,B07R7WVRGL,1607312703325
AFDXRNGMFEN4G2F3QFHS63PMZTGQ,B082VKH841,1604185466390
AFMXDAGH267K7FQIWQMPBDMIESZQ,B0742LVLMJ,1534246687401
AEF4KOCJCYVZNZVMWOYK35FAKY3Q,B09LWP4TWW,1679976253947
AEF4KOCJCYVZNZVMWOYK35FAKY3Q,B0BLZTPK6Z,1679976026409
AEF4KOCJCYVZNZVMWOYK35FAKY3Q,B0BM2J47PC,1679976008025
AEXHWUE6IUG2LCX3IN6PTT53LOTA,B01M7UD21X,1500591102835
AFZCVEGTAMSEE74AKWZ7ZGZOCWDA,B08GND218J,1655742108293
AECWENKU4GZDIHLCT52HCSVSG3SQ,B01M71IUZ7,1528416975759
AFSUNJ4V7HG7JMORZLEK3WJG6R5Q,B07G584SHG,1570240644266
AFZFBO4RVGO34MQCEH7C7CHW3TRQ,B07DNLPCB9,1537080095460
AFCBKMYKQPWCOHY4YHZNCN4J6DDA,B07VGNQD8K,1623784934428
AGZD6DFHNGMUUFXTFPA4NOSIALSQ,B084KPMB89,1604690519416
AFHEFSEYCA6RRXOCF64ZCQYXK54Q,B0742LVLMJ,1504554014355
AGCTOU6UCWE4B5OBOHIZ3GN6ZHKA,B0742LVLMJ,1503385110799
AEHPMYPES463RKWCHMKJEJUHDUDA,B07NVL6TJG,1568032350554
AH2ZC3SN5KZ4FMNQF6R6AEH7A5IQ,B0742LVLMJ,1651804408674
AGQOM4GFPYPBGDLAAX4ZAYMLRLOA,B07GNX34XV,1547317957552
AGBGVQBIKIN6Y422WQAQESB5RIAQ,B08M45BGDN,1627983546482
AGXS5IP4TROM2QIGPWX7EGC6FPAA,B07NVL6TJG,1594585106230
AE3NFXVTOYAKBRQMRNYWSCXTXP4Q,B07QL1JRCN,1576003949746
AHCQ73XZHMYUYXQ3GWHGWNNVRZUQ,B084JGDV6P,1594798667374
AGIBAVUR2JMG4GUCWVLAN4YB7KIQ,B07GNX28KS,1541452793679
AG5SJPB6QGI525QLTT4M6EBNJPVQ,B07XGNHYC2,1622954694905
AF6B75LLPKHSZW5V65RORS27I56Q,B0742LVLMJ,1569380964550
AES2X4EBQEPSU4ROIDUZGPQC53BQ,B07G4ZWJB6,1616974887694
AES2X4EBQEPSU4ROIDUZGPQC53BQ,B07QL1JRCN,1616974772168
AEJAQI4D3YVL6PMIUGGZ7H7TGMRA,B0742LVLMJ,1520799780483
AG6Z24RSSG455T2EXBQUEWEEU6FA,B08LDV5MBB,1640017214678
AGKNLNBQBBPPAMDRI445DYNHXN3Q,B07GC3X8V7,1545947437347
AFU3NOXFLA7N47KSTJMPPL7D3ISA,B01M7UDAVI,1514725054107
AHTGWNVXLZRZ362WXVEXPQRD3KYA,B0742LVLMJ,1596679169738
AFOJ2TYYJB5FJE65GRR5EXMP2UEQ,B07GNX34XV,1564664338370
AFTYYPK2IOXIHEEFZPO7QZNRIRTQ,B08PG3CJV5,1615153059088
AGEGLAOFAXCGAQ6IXOAYAGVXGMLA,B07VGNQD8K,1599786460024
AHK4LZQBZVYGDXE2NAG7M3LRXHFQ,B075NM1M1Y,1613715985574
AF25XPRGIIOL3PYW5OLA2MWH2ZQQ,B08C77PS29,1644526347952
AGKKLEIOYBB2NIFYNPTCNQAY5OMA,B0742LVLMJ,1620092338642
AEHAVFQCVEMGTOJJTPCNRTICSCZA,B01M7UD21X,1485302279000
AHZ3OTDRYD72NBYZK2L6OZ6NATKQ,B088YB3PRB,1620650843616
AG7GQ5S5E4C23LX5WTGW33LEIAAQ,B01M7UD21X,1506653161573
AGKFQJKL4CZMU5NDEQHTYKVWJX6A,B07FT4FMWX,1588255528202
AFL6IXEIB667IFHNJ7QTV5QXDKWQ,B07R7WVRGL,1606806119913
AH23BSO32C2WXY5LBNBQCR5W6ANA,B0742LVLMJ,1654967438409
AELQK3ZKK2N66CQJPJS25E5MG3JQ,B0742LVLMJ,1542304797052
AHDE2DTXTAUISYCBJ26A7D75PZCA,B07QYNFHVH,1598111415286
AG3ZU7EYMZ7MS23SEJ6A6BNCMTNA,B07KJLV75L,1565105600766
AECFAJUCVASGZFQQNPYUZPDHXICA,B07VGNQD8K,1600018121866
AF3VKXT77LZHL5CHFUSI6VPGS25Q,B07X2J2QV3,1592931300766
AHSJA4TBW4MKZITBSGTJNZDPINZA,B07QD9WBGB,1589117154112
AHSJA4TBW4MKZITBSGTJNZDPINZA,B07R7WVRGL,1579424832435
AHSJA4TBW4MKZITBSGTJNZDPINZA,B0742LVLMJ,1579424781920
AF5BK5P7IWVHGNPYUPJGEAU5R5RQ,B095WFPM47,1668548442693
AGMCABGHCQKOEDYXGY3DD57IKISA,B0BPZMYLHL,1677255213896
AE3NFPFCXKMDO5AXGR4KWG44LURQ,B07GC3X8V7,1560261757053
AG2V2M3RXMORIJJ2CTEXKANC3AWQ,B07DVNJ5LP,1612975607125
AESA5TTVZS7LJ2QDULBWSF45LEXQ,B07DNM6GBC,1550723744035
AHPCY4SBTKPJVLE6R4BYUEA3WIOQ,B07G4ZWJB6,1535407304225
AFSIHZM5GR574RETJDOGITSUPZWQ,B07SDGKP88,1578323724785
AEPQYU6WGD4RPUMHSZ4YXQE3IQ4A,B08M9M92XD,1620781166164
AGP6B7YDDIGGCFVROSXQEG2WCQSA,B084KNZBM8,1596367918675
AG2ZHTMCFSJM3UHWBXIIOXJN3ZFA,B07SDGKP88,1626137595172
AE6VFUYSGEQJSP5MPYEUHOHD4DGQ,B0742LVLMJ,1555902517342
AFZA5VO4HHRA4OBTISULFA4TUYEQ,B0742LVLMJ,1576868444196
AFEI3H5456GT4AHAW6DFRNZBPK2A,B07F8Y6BH9,1612652232444
AHPQYPKFWLQQISCYQ2WUVIYVKWLA,B09R2PCK8N,1668625075683
AERFGABWQVLN5BNKIDTJJIFCV4PQ,B08C7HCJGF,1602177627634
AGVNM24UCML6WHXL6QYKUHO32XRA,B07HP62FDJ,1561477075792
AFQTOVJ5AW2IBNQ5LYRCYY6G2D6Q,B08425CZRC,1602339778608
AFQTOVJ5AW2IBNQ5LYRCYY6G2D6Q,B07QL1JRCN,1592846272307
AGNFKMHIOVRAXNCLJ7FWAYEUJ6HQ,B01M7UDAVI,1559697761091
AER2CZIUHEHVXTGP56NGDW6GMD7A,B07NVL6TJG,1577400678583
AFE37FHZFVORWK56S5JQIBMA5H6A,B07VGNQD8K,1670376022282
AFBTHFMZQA2VAAXER57XNBAD4ROA,B07KM6T8GV,1593586705923
AG5S6LX7GWCLLVF7WL7UY2WHEQXA,B07GC3X8V7,1569804717881
AG5S6LX7GWCLLVF7WL7UY2WHEQXA,B07KCLWKR3,1566922810491
AH7XX6UKZRINP2E6CGIJ4XTHGUWA,B07GS3H343,1614865746201
AHI5ZIYCEH7VD2GBRKRW2YOYTREA,B0742LVLMJ,1597945604308
AHI5ZIYCEH7VD2GBRKRW2YOYTREA,B07VGNQD8K,1597945123087
AHDIKWJRAPJRHGNZJD27MC632BRQ,B01M7UD21X,1579327567276
AGCCP2CL7KKANQGG4SQF5CE7J5YQ,B09LWP4TWW,1660962746204
AGCCP2CL7KKANQGG4SQF5CE7J5YQ,B07GNX34XV,1543939057979
AFILLXJMUZXWLPCFOGAOL3FCRWRQ,B07RBYJN37,1591965157966
AGY4NNVHRTIHN4DTS4CU26FYFOCQ,B07VGNQD8K,1611957150226
AFGFKEZIDIX3URQFWX7XLAVJZSSA,B07KT17L2S,1569447900716
AEC7UJCAPODINOI3ZXITH2IHS7EQ,B01M7UD21X,1485445910000
AFVLDUAXQR3OHSJ6DIXA2JLXHZKA,B07NVL6TJG,1577485346054
AEWIQ5JFVURAENOOMFX25RORRXAA,B07GNX28KS,1561926091170
AEWIQ5JFVURAENOOMFX25RORRXAA,B07GNX28KS,1561926091170
AEWDINILVXK62P4WYWRXTVRCPBTA,B07G4ZWJB6,1626804043026
AEWDINILVXK62P4WYWRXTVRCPBTA,B07G4ZWJB6,1626804043026
AHATVIAF56MDRBDMLOXS5QTZ3RTQ,B01M7UDAVI,1489201024000
AH5BQN3WDH3OHLT5ORYO5E4CSGBQ,B07GC48H1H,1544553796019
AG6M4JRW5PW3UOFDD7WX5NICIBFQ,B07DVNJ5LP,1555158263863
AG6M4JRW5PW3UOFDD7WX5NICIBFQ,B07DVNJ5LP,1555158263863
AG6M4JRW5PW3UOFDD7WX5NICIBFQ,B07DVNJ5LP,1555158263863
AGZIYV5TKCWBYHVSB65GPBEDJKFQ,B07G584SHG,1547421230692
AHVIEVOTWC5LOIPGYEXETHHWZSBA,B07G584SHG,1609465715269
AEPUUAFBRKVT5TG6XY4CKJFMY4HQ,B0933CWY6S,1634233178564
AEN5LJIGMXMGMO7K7HXS2RQD2LFQ,B01M7UD21X,1485487536000
AGCNCSWDSFP7HUJ2TJYZFEJ2UGUQ,B08GDYSVNN,1605126554203
AELREDLJAY3JXNAGT5DXMRNDCDBQ,B07V5VWTMB,1625289795947
AGUUBG3UBZSVUAYWKTRXIOFBFZQQ,B07DNLG9ZR,1534668797205
AH3XJRLG6CC22VONYLGEAIVGCCZA,B01M7UDAVI,1517609196732
AGEXYS6OXFEW6BVIQHVMDLWS3JWA,B09J8WZN4T,1659575222948
AGR2M6BFCGICUAEPKTULE3RUGY4A,B07QHDPWTR,1578149174234
AF6YG465FP6UXJDPOZ5CDJGVY5IA,B095WFPM47,1628254486723
AGQXQPNX6JWDMEGOIGTDGAHBYXUQ,B07YF1TGM2,1611858956661
AFHS4KV4NNZOA3AKMT23NGA4KYFQ,B0742LVLMJ,1522734684422
AEQYIJ7MLITDCE4HBFPPNUCUZE4A,B07MSB1YJQ,1565091032423
AEN2RDYHQ4FEERQSHL4ZM2RXAKQA,B0742LVLMJ,1595084914239
AH6NLYVDQH7JAIDXLMF5N452FVZA,B07KSZGDD1,1579621300280
AGYUSTK7SO6WTJO74NSVA42VCXEA,B0742LVLMJ,1598147346038
AGTGGHXEQ4RV46B3YATPBZRD7B7Q,B095WFPM47,1648004133570
AGDBTJWUGJRHVBBTQNWPWG7XGTJA,B01M71IUZ7,1525049228864
AEGT7ZD4IXBCVC62GDHHBYLOEDIQ,B07XKF8CB3,1613948770812
AHY4ERNTDLAISZ524MYJZOAUAECA,B07G584SHG,1562929531260
AGOU2HXBAR6T4AWHUHI5LYPUO5BQ,B0742LVLMJ,1575942750204
AHLZRFSBQYRESK5VZ4LSDAXM4C5Q,B07V5VWTMB,1619206772762
AELKUSMPLCDVL5OP56527SOFVF4Q,B0742LVLMJ,1535681545326
AFRXJCCBVLSWQU4WTFASSPOEFAUA,B07GNX34XV,1541485070290
AHO5XZJ4D2KHRSMOP4AEVVLZGLQQ,B07NVL6TJG,1618163499317
AGEQ2ASM6DTKQ6VA2TITGFVZBSAQ,B07WFHJDB7,1594076717991
AHGYSZZAAEWRJLRKGLPEVEQBYNTQ,B09NC55YJG,1650801755771
AHWGG34LDBI3ZVHA6DUU4ZFMRCDA,B07KCLWKR3,1560091623200
AG6VPYXOLOD766CLYFVEJ6LEFTUA,B07DNKDLYV,1534197275374
AHH3RQQ65SOSFZNHI5WRYKVK73LQ,B07G584SHG,1623942897840
AF6RGTAI2G5BQRIKRFHLLZAR2PCQ,B0742LVLMJ,1600709939979
AG4CHOEGKKPX3LZT3VGJ5DUX22DA,B07RBYJN37,1561151227542
AHKI7HKN3FJ7HPELQW7WBG3RI2YQ,B07GNWWTRV,1542056808105
AGFSBRIXUMXIFEAGRRKXFLM6CICQ,B0742LVLMJ,1616803356485
AFPTEOK7PTIITO4HLQTBOUCZ45NA,B07GNX34XV,1541468160324
AESRC34CMPDSX7X7EYGR34ZU4Q7A,B07YZPDHK3,1607716834656
AEFKQZVNPPH7UCJUT5UXCUPG4GRQ,B0742LVLMJ,1557031075997
AG5KPBBCTGOVYX64A2YDOACEHYXA,B09B2NN3DR,1681329376460
AGFIOVZTH4QBGFNVVTJJVZ45CJQA,B07TWRWCRT,1666387105158
AEMQHX4ZWJIYCIOT3PVOABU62QKQ,B082VL8846,1622909419414
AFLX42YJSMVDOLHFYD2ASYUFRLUA,B09NQCWDNK,1645853365386
AFLX42YJSMVDOLHFYD2ASYUFRLUA,B098QZJ5TK,1643265303991
AF4COMXRM4VDLLHCOCT5EVGQBIRA,B082MKSDWL,1605800632458
AFYMPENUD6PEDZ7WLK4KIORCSODA,B07DVNJ5LP,1547067276409
AENB2GSXLK7PWI3FQRGSEH3M4PRA,B07VGNQD8K,1620438846649
AENB2GSXLK7PWI3FQRGSEH3M4PRA,B07QXSYDGF,1619027918775
AFTZ33GPCOBHBPGAPRMMH2E53NQQ,B07H3S5Y9V,1547145301681
AHMEFY37GHEXD6TOUJSBU2WF6JZQ,B0742LVLMJ,1604024744790
AE53MMK3SOWRP4GPAI5NLX5BNNLQ,B08R5BN2VH,1627586405666
AHJYBT35TZFCLZPAH6Z5IKGGPXVQ,B07DNJ6N8K,1544466153664
AEPL5Z7P4HMN5QI4SCU6PIBTHMXA,B09J8W3PFH,1655310319109
AF5PZ5524BF4DCJRZACQW23QHCJA,B01M71IUZ7,1525042075629
AGGRBFTRTGFAZHPWHUXZERWJNZ3Q,B07QXSYDGF,1591722041476
AF77EC7PRTUWNQUIP7IR7JMJY65A,B07VGNQD8K,1599281269920
AGZL35Y67AFDHAV6RHS63WTGO4XA,B07KSZGDD1,1627495882525
AGZVTA35O5ED5JP2QXIPJC3HONGA,B07G584SHG,1551899454686
AERYLJEGZKIV7FWUGL75XV64FG3Q,B07DNML26P,1596738815813
AGSF2MZGLDI4T7UDRYBDFUHXBYBA,B07QL1JRCN,1620058973180
AFVMYKPZFTTD6J6IF63LKNI3ARXQ,B07Y3XJ5WN,1613025160464
AEI3UKCYL5GSST3GAUYWSZ7A3FIQ,B084KNZBM8,1610424345159
AG7QDHMWZ6UFUBHVHRJCHJWS5RQQ,B01M71IUZ7,1528337245161
AEH3POC2I2CUNLY7AB5H3U5VE5TA,B09RQRTCCK,1667794913333
AFB5HWP6MVR4CF7QSWXKZTC7AL6A,B0742LVLMJ,1609193741473
AE4K6Z5PBF7F6YV4DLUYCVQPIZUQ,B0742LVLMJ,1556412126276
AEUQILWB454DU3GH7VRAGRVPMV5Q,B0742LVLMJ,1559676283203
AEW2BBTTCS7MH2W6JROHOPWLSVZA,B07Z9HSWW3,1599999064663
AEVGFKEGCRUDMW5ZHYF3QJUDKWNQ,B07VGNQD8K,1597343875167
AGZD3OMAQQHYWWQFBFVYGRP3EVTA,B07MGJZ2MH,1554994728704
AEGMK7YB5XGCRRN3EXY6CNAVFL5A,B07MGJZ2MH,1577814281308
AGEZJ73PHXXQBMIQX5276D4RLDBA,B095WFPM47,1636129687823
AFWJPODMK7KXD5M3XC36KXSLE2JQ,B0813RKSXT,1600273999047
AE7EZV2TQZU2K7MHVCSZNB2UEMEQ,B07KSDPDM6,1572085697145
AE4YXESZXWRM5JXHWXJS7KPU7ZSQ,B0742LVLMJ,1535415912277
AFPA3A2B5IJUAF7U24TVHZWYZHXQ,B07QL1JRCN,1605388878891
AGJWITRXBJ7WF3IZTTXI46OE6C6Q,B0742LVLMJ,1552426507942
AGD6ELTKHPDCW3R32ZC3WI6UFV6A,B0742LVLMJ,1521934778921
AENXENH4WWNDOAQQJCCOEMPT3RIA,B07V5VWTMB,1617147225378
AHPBVI73JOHEMN3O2ACBFZASWU4Q,B07R59N62M,1569603417591
AEMOAAGWIKNIDF2KMVHZ6Z2HO5NA,B07KM6T8GV,1614912057176
AHVNAL6AV6QMJ4I2SDRXRQZAV37A,B07MGJZ2MH,1603654625399
AGNZ3ALT2LYSV26MJNGCV5BZDOAQ,B07T315X4F,1592793652955
AEB2AN2G3PPEO66N5RDNMZVE3VFQ,B07QXSYDGF,1595075235862
AGMIEMDWVFRJRDJJZH63DTO4GOXQ,B07GNX28KS,1562398766201
AE5UTQ7QIN7YQHKYOBAH6ANWVO3A,B07F8Y6BH9,1568339771284
AFJDQADLFYAP4L7UAZVVXITMCEYA,B088YB3PRB,1617059811836
AECBONDZ2NJQQBATS7UNNMDC6RLQ,B07DNMN7X6,1671151092507
AGUQM2GMGCUJOAPBCW6WHHOHKE3Q,B075NM1M1Y,1587243900765
AGYW7SCYJ3MJYMTBD7EF54IZ4IYQ,B08R5XBH6M,1621278571755
AEZ7DQ5BPRV4QO5RG2QFTY5X7BKQ,B07DNML26P,1543703908576
AGXBVVOLJ4JUWRLSRIZVLQYZWEUQ,B07DNKDLYV,1538575981476
AG7SCWJYYWHMKAHSZKMFHLARAVWA,B07NVL6TJG,1582586949031
AFVY5XK6J3WCZENERMG3FTSLJUUA,B07X3Y7S2W,1579243242719
AH3VGJKKGLAETPV4DZY4TVBITOJA,B07XGNHYC2,1598316890461
AHTVUJLAOCVZF665AFYMWNBRC55A,B07G584SHG,1609184038013
AFUVOIMBDE5VG4VQZQ7MSVY5AKGA,B09R3WJT82,1662640018381
AFUVOIMBDE5VG4VQZQ7MSVY5AKGA,B09LVZ3T6C,1658067413077
AFUVOIMBDE5VG4VQZQ7MSVY5AKGA,B08WGBJKW7,1647967587380
AH4CSU5N6SDCX4J57M3546YKFBMQ,B07HQJPGL2,1547934421678
AFHMQSWVQPSIIDYD3BDG6RCWIN6A,B0742LVLMJ,1596797188910
AGUSTLDFYVGW6KLGQ3FZ42M6T2DA,B09BDDB4GW,1659548072681
AEAUN7WWMNRJGUUCVYDE2AFY35YA,B07DNLG9ZR,1570129487902
AG2YFAVEZSNFDWKJGHKCYEHM376A,B08DDGQ2CJ,1619023546538
AG2YFAVEZSNFDWKJGHKCYEHM376A,B08R5V22W3,1619023180760
AHLCDDXI5ICYOHWCQPMKTHFWYIOA,B07RBYJN37,1676477830545
AGJKVIHEM2SCD4FE2NG2MTME6BLA,B0742LVLMJ,1604684431639
AGJKVIHEM2SCD4FE2NG2MTME6BLA,B07QL1JRCN,1600708113348
AGJKVIHEM2SCD4FE2NG2MTME6BLA,B07KM6T8GV,1591290911996
AGJKVIHEM2SCD4FE2NG2MTME6BLA,B07H3QNJ1Q,1588196656785
AGJKVIHEM2SCD4FE2NG2MTME6BLA,B07QXSYDGF,1587227275191
AFRA5ZG25AH63TK6WRODDOCZMWGA,B07KT17L2S,1616307444874
AFRA5ZG25AH63TK6WRODDOCZMWGA,B07KRGB574,1616307398514
AEX327CY2PJW5DHVYGUK76KM362Q,B07DNML26P,1534893692119
AGRCQVZ3NQF63E3UTNK7DU5TMK5A,B07DNLPCB9,1634838537316
AHGKA4ESCKZX7RDG5S2SDR7YEQSQ,B07R7WVRGL,1624903360674
AGI4FWMYXDRGKSGNBIWW376EXV4Q,B07H3QNJ1Q,1580955660823
AHX5653RIY24Z6FHJ5VLGFZYCICQ,B0742LVLMJ,1527485498105
AHEVDBAGUIJ7WOQYUU6UHTM7DU4Q,B07F8Y6BH9,1554837294691
AFRHIKJVLXN3BIPPH4FVLDX3PP6Q,B07DVXFP2N,1600384168929
AHLGA3VKWHPLJWVWGUEQGYAUBC7A,B0848KRT9T,1647880967376
AHLGA3VKWHPLJWVWGUEQGYAUBC7A,B0848KRT9T,1647880967376
AF4P3DPTTVYVQPXI3M2JLL76KTAA,B07VGNQD8K,1623737058021
AF2UWVJOLDLB6CEXYAPEB3PLVJWA,B07GNWX112,1572477141665
AFQNOJEBDMCL2W2QEMTTNWFOODKQ,B08MWPG77B,1610734112453
AGJATCLVJQTDRMWP25VLMZ73YGNQ,B01M7UD21X,1506532230348
AHE6Q465RYHDWWEF4FPHZ55LS37Q,B08DDJ1QRS,1634914407642
AGENQOU72YK2USJL6WQIKEGQGCVA,B07GNWX112,1554168423702
AE2ERGWKHK2RNEWA3H6H6M7MQMSA,B07G4ZWJB6,1674252589174
AE2ERGWKHK2RNEWA3H6H6M7MQMSA,B07G4ZWJB6,1674252589174
AHKMHZW6Q35PQDQ24BFYXIH7WP6Q,B0742LVLMJ,1532886324570
AEXMDPH6O2NCFQVRO6X7XHE2GU7A,B09HS999PP,1676083457169
AH37FWGQFJD2RJHEPRM7IKHQ55MA,B086JBCVB4,1632100626774
AG25EHGTTMI4CXTNTLHTCD4BASHA,B07KTB8PHS,1559936561538
AEXAHADS5ZNP2I776P3D57STGWQA,B0742LVLMJ,1608869312605
AEQRDN6FDA6CQLTVU4VTFSQM2XXA,B01M7UDAVI,1488602998000
AFCYUICMRQRVBSKA7UL5CM4FQKWQ,B07NVL6TJG,1622561543320
AFBZO6YUPX4CDJK44JLAX4BHOUOQ,B07MGJZ2MH,1664052659742
AGPHLLNC6Y5N7GLBAU3XMVLVH32A,B07VXJR1PF,1573669345494
AGSKBZF4FSIUKWJHPVO5JYV4LRBQ,B07G584SHG,1615852632468
AGDDWRDLQD2KD4YSPTOPMMVZVYZQ,B07R7WVRGL,1598462755964
AGBMDJBFTLYQK2I5FWC45Y7OJSAA,B07G584SHG,1664995393582
AFN6ICHMY57NBW34DSW6Y3DKLB4Q,B07DNMN7X6,1540057391111
AHFGOU4U5UZV35HMLSOJEDO3GXUQ,B07G4ZWJB6,1599932026571
AHHJZPGEDOVB7L75YKZF44NIU6QQ,B07G584SHG,1577291204588
AELGSEHZFW3UP3LY7LDCEG5XIJZQ,B01M7UD21X,1493403797000
AGN2GTRV5B6PKZSVW3JUJKOXVT4Q,B095WFPM47,1658545380404
AGZZ6WN3QXQNRI76NVASSUZ4QK2Q,B07DNLG9ZR,1681494873925
AEOA2B3PSUFW5RZVUET5RXTCXPMA,B084KPMB89,1597265281871
AE6XWBE3HOZ4WDL7NUGB5NXSJL2Q,B07KC11QFV,1611515780250
AFEQNMZW5AI5UCHOXHQCTFANDYUA,B0742LVLMJ,1544300843833
AGWG2JYPCY7Y2LBK5V4KMGD6PV7A,B0842RP7RD,1609351841973
AFWKTZAVI2SWX5BGZI23D77D7MUQ,B07SDGBPGK,1600017823519
AG4XET4WZFVQZIQNN6UWOEGX6GHA,B07VGNQD8K,1665011712905
AEY35LJS2S7ZIGSRR3YSQO3AD6BA,B07KM6T8GV,1652139834219
AG5PR4H2BQEHXBGDN364OOQHVAVQ,B08GZ1KQTB,1613000574089
AECV6UNNOYCD2IRNCGCHNEYGFOSQ,B07NVL6TJG,1633518743964
AGFA6MT67KIJBCSOWEDJVAXAXXFQ,B0742LVLMJ,1562825330674
AHCL7FEPSUJPUI56D7TDKI7WW2BQ,B088YB3PRB,1593905060249
AGZ3A2HVB6EPQJTWR6HZ3SR6KVUQ,B08M9X9KTN,1617693453683
AGGUQXSWDW4OHEBY42NYD6X5QEUQ,B01M71IUZ7,1552673328113
AE25F6AZE4T5WRKUDKH52HHABVPA,B07DVXFP2N,1600987321264
AHB2HARFXDMYAF23AQY7B5DA7RVA,B088YB3PRB,1681987943403
AEP6HD4WL37VIZ6XNEWV3NAINBHA,B0742LVLMJ,1528926135466
AE2QTDVFI44ZIMWKOVGE4QV2RORQ,B08R5BZDNT,1618442927801
AFR6HSJ6PHS43LTI6KI66VYJRFIA,B07NVL6TJG,1570375797519
AHO3MWA227TPQ5XHJAUHGQIXNKZA,B082B8JVMJ,1613586569856
AHJ7YYGB7H5RP7WKQFQ6ZRAWEYRQ,B07R7WVRGL,1598131873149
AF233FYGTUATQS5T3NGIOW7UDQRA,B087YPRGKB,1625682449035
AHK22VBBW7EJTWSLGTWHLZMNF6HA,B08DL6Z83S,1640556643143
AEORPKC2QSEFM6YOF5FNHIT2DQ6Q,B07GNX28KS,1568169802288
AGGXNNE36GREQAUMBZBWWHLUGEAA,B07DNM6GBC,1611965637559
AG5XIE6DB3OMJM5NM2GHO6GNH7TA,B0933FHCTP,1654647694094
AFWZOXLUOALZ3L4LWSCV62X5QDCA,B07NVL6TJG,1597447811402
AG2EUC7P3YT3QTN6XXP53RXXKIFA,B07R99144F,1612708497964
AG2GUY2VYEBWRVEO6I3WCOSPTFBA,B07GNWWTRV,1552772688117
AE434P5GRKCLUSXTOAQ3IN2BCTWQ,B01M71IUZ7,1490202662000
AGXZ33RSNYRYJPNPMOESYAJNG37A,B097F3PVMC,1680215699881
AGXZ33RSNYRYJPNPMOESYAJNG37A,B07WGGH1C1,1615042669093
AGXZ33RSNYRYJPNPMOESYAJNG37A,B08C77PS29,1615042455216
AEW7RSTSZIN2SYRX4SCRHKQY6WUQ,B07DNM6GBC,1587581826928
AEW7RSTSZIN2SYRX4SCRHKQY6WUQ,B07SYP2176,1587581485443
AEZUL3R34WWAORYARPTJG2X6KC5Q_1,B08H8TBHZ9,1641319574018
AHWS53URMAMYGNSMKLIOJXJSXWUQ,B07NVL6TJG,1567540828548
AEDAVSV7ALJSNZHQLPUEZKTEWUYQ,B01M7UDAVI,1497287219566
AHANOWIULK5MUOD2DVNC44IMRCHQ,B07MGJZ2MH,1564002509462
AG4FRXJPO7LVNINNYVKNZFXOTMZA,B07G4ZWJB6,1569874827488
AEODPJAKLNLWYL2JO7QEU46NC4TA,B09LWP8KL1,1660943463924
AEODPJAKLNLWYL2JO7QEU46NC4TA,B09R3L7WXL,1660943192716
AEFHQXFISQUVNZRQE3W5FJBLCTDQ,B07WGGH1C1,1590859991091
AFHUSMMQZ6MNJI3RWDSM762WMRFA,B07DNKDLYV,1533004520276
AECTOQUQAZRTR7U4KHHUDKLC3RYA,B01M71IUZ7,1540674774879
AGR7J6FHJZGNQ7IOLKEG5FUGX2HA,B0742LVLMJ,1591744788226
AF4IG4GLBHY3PUOMFB6BLBNLW6IA,B08GCX3JCX,1608245226206
AEFVJBPLM24KAQ4JKYA3QHUH7IEA,B09RQRTCCK,1658337229216
AGMAKMTWZ46MHVMKOOUPOOOOISJQ,B07DNLG9ZR,1534107985035
AEWZGPXCTJK33MNX3LYVY6ZPYWKQ,B07H3QNJ1Q,1547420104687
AHXDTCWBLQDRITD2ADNNS4IJX74A,B07DNJ6N8K,1544327698396
AFMQ4VB3WPJFKXX7CVO5Y5BRPNUQ,B07X3Y7S2W,1602501667023
AG6GFVXKUMPDQLE5IDJ323D5IUBA,B0742LVLMJ,1661729926481
AGL44EYZDXEENSORQNRJAWVGBQCQ,B08DDJ1QRS,1637363709769
AGPFAXG5FI4MNT5BCS7T337XT62A,B082MKSDWL,1610051065775
AFK76GLW4MLLGY6JCJYC7M6UOGEA,B0742LVLMJ,1571017138814
AFKTII2IMBCMZNEIROQFVWGJZ4MQ,B08GDKDMDT,1604932040454
AEEG3BBBTWCTUZQLCKFU3JQFEPBQ,B07SPDBR1J,1575924694971
AHHSQ4LYYNDX7A5F4PSIZZR3OWVA,B07DNM6GBC,1537561694161
AE7Y2BNTDRWYAX7I4HSDNVNJDJIA,B07RBYJN37,1625373938897
AHNKILQGAGYUXBPJ5WYEDBHKK4XA,B07STGWT1P,1635966473006
AESYYK5MBUG2X4HZ5UU245ITU32A,B01M71IUZ7,1536881186112
AHS2BITSVOGFJZU7QEE4GSFUNLFA,B08R3XGJN1,1658418715858
AFLARXIRZBMHO4KUBZBXCG3KQXQA,B09MWL8KVB,1655848652961
AF25ZB7YV34FLDKHCEGTZKCJHGFA,B081VWVPRW,1595424658509
AFA2W77PGJ2KBQIVMOO4DM35CW6A,B0742LVLMJ,1510927237102
AH5NACPJO7SWZBEGJZ5GSLUTCNXQ,B07NL8P5Q6,1604612647459
AE4ULFAIA2SNVAD6RM3KVBHYTPMA,B07FT4FMWX,1572487278575
AHE6JLUD4EG7V676DM25EDSCEI4Q,B08W59XCLW,1663048427740
AFPJJZQKIQP32VFGJA6LSDR4IM6A,B07DNKDLYV,1538769052767
AHMF4LKLP6K5SRAB3DFBHNL3Q7JQ,B07VGN44WK,1599069424096
AGQNKRJ66G5KBAYNJ726MJKCW7DQ,B0742LVLMJ,1546226685710
AELTX2FWXKD6LTOQGAWDYSALCT3A,B01M7UDAVI,1550033825669
AHZISUOHFCGRFFYRQMM4LVTPIAOQ,B01M7UD21X,1500429689727
AGVRLYBIDFQA42OYWMFRGO5F6E7Q,B0742LVLMJ,1531620700299
AGB5Z7H6ZLT6YBRWVKPYPZKID4XA,B07SPDBR1J,1569514964728
AGS5RT63BNG3H2XUDTULX3QB3S6A,B07X5SVBJW,1598737101986
AF6HMLSKKMH7O5U2MCFHBCJCDBDQ,B07KJLV75L,1561055736270
AGOG5L4SW2VVX2CPSKA2NNYBVLOQ,B07NVL6TJG,1570027829842
AEN35VZLJP5V4GIIPO6KFQFII3FA,B07KM6T8GV,1573751992070
AFW3XBSXGOZZXTB3BD4NAJAAHL5Q,B0742LVLMJ,1521642040712
AEABU3VCFML4ZASO6NFHXGMURN2Q,B0924YYMYX,1641499172138
AG5E3AMLPOK7644VLNYC3YJYNXPA,B07SPDBR1J,1567614805852
AFGZI4GUWEJ6X5IBNNGDTM45X6DQ,B07STGWT1P,1596942750229
AHLNL6B3G6RQPLWVZ2YJ3AHZC3VA,B07DNML26P,1538500488282
AE4CEXCFJ567NU3QY3AIB4K5UMUQ,B0BM2QT9YM,1675028946885
AEJGWMMCMMX5J2VLTJ52CAG2OP2Q,B01M7UD21X,1507836659123
AF37LL2YHFTEN7DBCQ7GAZNENAHA,B094VN1N97,1658094735212
AHYQ35WNWZJPOXVUXE4K5IPPPVXQ,B08GMY7F9H,1616252866280
AG64PZN2SLAF5VAUSIVJK2XZQRSQ,B0742LVLMJ,1619029010096
AFPK326V7RJ6TP4FEDK3JBC67BCA,B09LWP4TWW,1655692416160
AEKPHY6C33FBO67EMU2T4QVMBKRA,B07NVL6TJG,1648242068047
AHVC5R22HGKQZRZ7FTDCZJV63V7Q,B095WFPM47,1643405389224
AE2RWH6JJRZDJTC2QRWK3YM7LHDA,B0815VLVVX,1608652099834
AHYXYVXSJOUU5H5GQ6HCT576TBXA,B0742LVLMJ,1561485431164
AEHWKP25OV2XBK75XX2TIZ25YR5A,B07VGNQD8K,1625088799011
AENE5PNVT34XX6QHEDV6V4OUKHKA,B07S63NKNB,1589737941348
AG5BU46GPTHDPTCAFCDN7HJKUGHA,B09DD9F3KH,1647137689843
AG5BU46GPTHDPTCAFCDN7HJKUGHA,B09DTB44BY,1646007785957
AHKR635RN6E5NUF2OYYD6PZMI64A,B07MGJZ2MH,1627308794545
AHTN7LMOO7KWNJGIH7H5BJEOB3VQ,B089KVB2XC,1616613558688
AHTN7LMOO7KWNJGIH7H5BJEOB3VQ,B08LVQWH8P,1612105731150
AHL4ZKLPACEBAQTF2NGYCSER3ZGQ,B07GNX2VPX,1541891052618
AETBPB5IFL7C3UQF7V7VGHSSUBCQ,B07NVL6TJG,1561762567054
AEHFEAIGFSUVL3KOY6B74GWFVUBQ,B0742LVLMJ,1530136069883
AFL32G6OI4MDJB7ZWK6DDYDUDNLQ,B07G584SHG,1614040001487
AE762X3EKUYZV2UUVXHBO522IVHA,B07FT4FMWX,1539818356106
AHG5ZABTPZFA74N5Q24PJ4WTOKZQ,B07WC2239F,1610857388155
AHQGRSPJINHEUG7HXAZUZTJADNRA,B07SDGKP88,1660744666108
AEDB5E5ZDBD5T5BJYNVR7HMAGZNQ,B0742LVLMJ,1598396724640
AEUSTB6NNTAAZNJA45UBCXTXVVQA,B01M7UD21X,1488734857000
AHMKH4IZJOVV6JFDHT4UXV7KW6SQ,B01M7UD21X,1533510621538
AFKMOKLL6LLN2A5QYFHLLVNFOG6Q,B07KPH6D57,1549897943763
AGZZQOM3QJGKBSMJPNV4EUP6VOFA,B07MGJZ2MH,1579302814997
AEHOSGOVMCR6AOYUV3DQ52AY6JHA,B08VD2BNVG,1650976555735
AEYY3IHAMUKC4VLX47FMM2NTGWGQ,B07KJLV75L,1605226631619
AEKMPDEXFZY6L2S4M4V424W5WL3A,B07VGN44WK,1576535017555
AHHZFLNYRVJP7LECZ4GZDBTBVJDQ,B08LVQWH8P,1615923377732
AES5H72AVBF5O6GNBG5E644L7SFA,B07DNLPCB9,1554841497240
AHTTAJBXURLZ7U2HDZE6DMFCNU6Q,B07KTB8PHS,1599252999078
AGKGTICOLICJQPTGD442D3PHD23Q,B083JK91W6,1671304651962
AFNOKAM2LCN6MRUKVIGF2RSP2MOQ,B07WFHJDB7,1609271824933
AEZHIRVQJ4XGLVDPH2KK3AIJ4MRA,B0872GR7SR,1597109471874
AEZHIRVQJ4XGLVDPH2KK3AIJ4MRA,B07V5VWTMB,1576380330727
AEHAAQO7Q3S7JPGYE6OVDVXEIOLQ,B07F8Y6BH9,1590755135835
AECF2BEPAFFJ6D4DNMP2KGTZBSEQ,B07KM6T8GV,1607713455200
AGWTLH4POKR7DOM33LYEQJWTGGHA,B07VGNQD8K,1594592255698
AHZLPR7GA4UWHI3XSTPBRHTSSFJQ,B07G584SHG,1567647287973
AF6K54KMONSGZ74JIRYM4PUL6DEA,B07F8Y6BH9,1536790371009
AEQFMBP36H63H22FAEG6DUXNBDVA,B08R939TKC,1624249088723
AGGRXKWQ7TORJ6PRZIINCSJMVPJQ,B07QD9WBGB,1593108427586
AFK33IWMTQHZC2S6TMXXMVGYSINQ,B0742LVLMJ,1543971033493
AHG2PK7YNQMGP3KW6KLMR4XBDXUQ,B07Z9GCBVF,1633722670350
AEPZCYKQZKVNWWWLKSNQBO6YGKGQ,B081JS67KV,1609332667840
AEPZCYKQZKVNWWWLKSNQBO6YGKGQ,B07T5JT9D4,1608643380525
AEJWSXUIPVLFZLVMHLRMB2JG434Q,B07XT69WH2,1581233459352
AE5UHEK7TGF3ZLPDCRJDKP2X6BBA,B01M71IUZ7,1525094265078
AGAO74NWCB6Z2MOKSOAW67DRXGAQ,B0742LVLMJ,1595098013359
AEK4Q4QHLVZLPBOT2HLYCHKRHSXA,B07Y1WGP67,1594087265801
AECSJFXWNZZYS34MCBP5ULNN4DDQ,B07S63NKNB,1571931425273
AFMSMLKB6R363ES7R5JSGCF2ACHA,B07G4ZWJB6,1552585105083
AGTSPXSFARLCX2Z3JYAOYEOQTBEQ,B0742LVLMJ,1560279459128
AFGVNELBG63NW5VL5QGAPTTGCXGQ,B07J2LNG43,1591821339493
AFBKJURXH3D5IMABE765POUQD7NA,B0742LVLMJ,1526768393739
AEAO2J4EMRPGISKREY6ZUFTKD64Q,B07GC3X8V7,1592402701855
AE623FTDGF3E4QMTFE7DPMKK7ZWA,B07XGNHYC2,1620843617861
AEFBRCHV54UE72F4VQUZC4LF6UTQ,B0742LVLMJ,1555179269981
AHB5RPN4RBNOI5IB27G3RVD724HQ,B0742LVLMJ,1532625584543
AHG2HFUTDX5U62ROTX2TNJXR7M7Q,B09Y72P3QD,1659976711787
AEAXKG2GTTNWB52KWPBV4GCAMEKQ,B07R7WVRGL,1568250633907
AFPMHSAZRM2YGMJFKF5GZ6I5TWSQ,B07VXJR1PF,1617719500111
AFXEQVNHPDUGRSWUOWTA4DTHR7TA,B07GC3X8V7,1567538975230
AHLZT4ONNKJ62NEBRYRGRQDCYX3A,B09R3L7WXL,1660319389254
AGFQV72G54FI23IE4ZTP5BJTOYWA,B07DNLPCB9,1554747325718
AGFQV72G54FI23IE4ZTP5BJTOYWA,B07GNX34XV,1553809633400
AG2KI3S7WDTYSHTUAUMUPZXU4AXA,B08D6R4RZ7,1679327810276
AHRJP7ZT6CJP67ZGWV6LOVOS46FA,B01M71IUZ7,1573952062604
AE2DB26ERDBMUATDVXHMDSE52LNQ,B07TYFDPQW,1563745984303
AFGHAMTCS7LQVHC5NJLAO7ZFZL4Q,B07MJBM6DS,1566034779143
AE54CU3522ZHMFWLVYF45M7DYBXA,B072MHKTYT,1525482104726
AGWNDTVIF7J6CGWCUKY4GW3TNFCA,B07KCLWKR3,1549481746366
AGYQT3QXTXDUIXRWWLCSTXUTJA3Q,B08DDKTDSF,1621950633350
AE6AMSL5RSTQ4XJUH2V4L5YB7OLA,B07F8Y6BH9,1601449807548
AE6AMSL5RSTQ4XJUH2V4L5YB7OLA,B07DX4VYPM,1601449737809
AERWW33KKKMWJYGFBX7DPMORAGAQ,B07NVGQ2L3,1569337059949
AEFPPFH4TK5ZASCOGZO2MODERPIA,B01M7UD21X,1504715448963
AHVO2NSMVEW44NZSX5YCKWXKOKCQ,B07NBPQL3C,1613761134199
AEZGP6NLEBXSR3GRJKLEAGF22WAQ,B0742LVLMJ,1528679955185
AFY67QUSLYQ3LFUODDFJZ3OTH3AA,B07WC2239F,1651030614476
AHGDIS7LFSIZU6DAQRQASKTNQ2CA,B096MS17VY,1679753739952
AG3RBF57C6FCXZK2P2KBNQQ5QVBQ,B07VGNQD8K,1589420168317
AFNUPPGS7BDWQFM6ATUIMLDZWYGA,B0742LVLMJ,1576768331778
AFL22YAXSBFGCOF2HBSUG7EHJJ2Q,B07G584SHG,1668389423317
AGXMDWSELDVGYOMZWF4E33MGI7PQ,B07GNVJ6R7,1547518653353
AGWAES3W7ZKPNNW4K2UFTA4FHSVA,B07S63NKNB,1652709255975
AGN4TOEEXSLLB3WJ6HNJFD6WEDHA,B07FT4FMWX,1624811401538
AHEDYNUCWPTX6UTVTEFS2TKQVVYA,B084KPMB89,1618942136093
AE7WEAKEICJEQBCX5BO7UT54W6OA,B08MWPG77B,1655317390134
AFPNIXNJUGB2UBYHDYY2WOVXWDOQ,B082MKSDWL,1591495169874
AGJOSV3NKRXKUKSXTQ2EIRYIGKTQ,B089KVB2XC,1641926621865
AEACXDJOIH2KRFRCXFPDCUSUPNTA,B091YNJ5GT,1625715647751
AFFYQMKYCCYAW7QXRAGBAGWPGJNQ,B07SPDBR1J,1580691970650
AEK3W6I4Y2453YXNUNPW3UB3PROQ,B0742LVLMJ,1598362831354
AGABKF7ZOSNQGYTQRJHAEAIABOVA,B07FQWLCT4,1537459331899
AEMPZJQON5UN27F7O4JW2366NHWQ,B07TC8GD11,1572483517413
AE63ZNHFFVXW4Y5QVTDU5UZAUUYQ,B08LDV5MBB,1607397550261
AGX4NQMAU5SCDHNMVJAS64S3FDKQ,B07QXSYDGF,1600306834855
AFTGQMH2DEXZLSJ3ZIXFFUDQQD6Q,B09JG87ZXT,1639581705194
AE3S5QB2ZFA5JEPNCUJLGKTKT6MQ,B087YPRGKB,1612742084993
AFFCADH6LNLH63GS7O6BMQPTLGDQ,B08M3PRYXX,1625688834678
AGGAWRHZLBZGRP5KWBMR32HUIZLQ,B07G584SHG,1642096946599
AHBVE7THPN3ZYTU5CCRW4WG5NJJA,B08M9X9KTN,1618877783619
AFONMG352RKMD3SLVD2RAFIJAJUQ,B07DNLPCB9,1559402406775
AHAO57FVCD3UH6YHTDXLQWM5TR6Q,B01M7UDAVI,1535748156124
AHVOJ6XEUQBUWJF2J35U5JT3CEOA,B0742LVLMJ,1600041799149
AFWRDFYSGUJS2MAK5GZACF4BYOOA,B08MV4RPGL,1624727700013
AH3M3HZ4QIBFTAXUUWPWJMGP44WA,B09WDYD1QX,1661312609715
AFLVRAQAEOM5MXYTMMTNRJJMC5PQ,B07G584SHG,1599698644303
AGCNRVGU5R7JJWC5YHRR7QEUUS6Q,B07F8Y6BH9,1608759380346
AHWOKBJVFFB2GLSSRTJFU2GXMKHQ,B08C1NC54P,1620150816614
AGBCD4AGR3D5KP6VQJMC5WOKGXTQ,B08L3SSNL5,1674943502969
AFUQJRVQGTUV4MWQHAHY6IFOBLTA,B0B7PBQBWV,1663873800399
AE3N7KYA6HJSJPEV7YLNWJDYYYPA,B07L3K8S42,1580525682624
AFWVEON4PGD7DBOSJINLUWJ2JNFQ,B07DNLG9ZR,1538017074551
AGCQ5B7HHGBWWHIZ6HNL7WOGMGKA,B07MGJZ2MH,1628323958819
AEHFJHINVA3NFLKXGUW7SKWMMOLA,B07V5VWTMB,1625618652764
AH646HBSPCFPSJEORI55YMWVNPWQ,B0742LVLMJ,1579811564535
AEJIUECDFXXA27TKQRFB7DLAA43A,B0933CWY6S,1626179170338
AEIEXU43BRLW4JRTRXSVJK6TRMCQ,B0742LVLMJ,1520655400782
AGQBMR3APOQWODJQNZTAOGGUGPZQ,B097F3PVMC,1670442144637
AFH5P6WNGEEDE6GEXM3IN26JC6ZQ,B07NVL6TJG,1617622524798
AENLKGEEGA4PFELZUO4WV647WA6Q,B0742LVLMJ,1549580137272
AGLBDFBEJKZ5RNOICHZNPIPR3MSQ,B07XGNHYC2,1643126737477
AHZRND4HZTSWTCNMX7AHQL3N2VDQ,B086JB197X,1628885681725
AF2IO2DWYOSTKMANJV7NBTIZMTSA,B07L3K8S42,1626384296542
AFTA2SGPD5Q6CDDORMWDSYFHZVTA,B07R7WVRGL,1593457957343
AFJ3LZUI72ULTPHBS6MK5N26IIPA,B0742LVLMJ,1522034471758
AHXQNJYVSZLXZYMO2LPZ4UL6XR4Q,B08VDX39DK,1645866416676
AFNBZUG46TAL5NVTMYIYGNWUEVPA,B01M7UD21X,1558664984518
AGPK6S6OSR7OPTWOQTOF6DLW63OA,B07S63NKNB,1563938304942
AFOKE7TPASQI26AOJAFNDRRD3BDA,B07RBYJN37,1576628925310
AEJI63JMKWBD6WLK5F7533TL4DGQ,B07NBPQL3C,1620590587163
AG4GXLLPLKC42IUY6OQL2KQZVOOA,B07DNM6GBC,1563322560371
AEDJJQ5ERQNRF3NCTQSQBMLQ6HNQ,B08LDQGYYR,1636156940909
AFS43ZFIA2FECQ72BBIO3NX4YBSQ,B07NVL6TJG,1580330432516
AGRNMDULQZERCFEQXFRBZVZMOMNQ,B07G4ZWJB6,1577479548213
AHBTRCNBL67B7SUUDJQ67OY5WXEA,B07VGNQD8K,1602865641155
AHBTRCNBL67B7SUUDJQ67OY5WXEA,B07VGNQD8K,1602865641155
AEMXX75ZEASBBABNK25LGFL3NQ6A,B084KNZBM8,1630061602794
AE7TXVF5D4YH7F6FKS2OJZSTGZBA,B07GNWX112,1542012567104
AFOEMYVOVVWXCE2JG5VNQYUJURUA,B088YB3PRB,1602183236497
AGFKBEWVF3NJ4RKHAWTJRJPBVTPA,B0742LVLMJ,1581086485291
AGWF3PTXL6EAARSBVAGFU2YUPRCA,B07DNM6GBC,1554506525794
AERZJZWSBXHOJKCI75DFAXTY337A,B07DNKDLYV,1544847528384
AHNJLRJX6XPBXC55L7DNSCTLP5XA,B08VS3JL5V,1628354759013
AGUHXX6G2EHBCEE6UGAVOTKEXELQ,B086JBCVB4,1619214946195
AEVOU7UVVSSZ6WPHIS7QQCI6R3SA,B01M71IUZ7,1526540533145
AFODCMT3AQXLJVNG5U3BYFLVOLUA,B07VGNQD8K,1616247623471
AHZ4YKJ6U2RS2FKR7OFZ5RZECZDA,B07R5VH7XT,1636386204936
AF3UJGLXODLGV5QWQNECIQJY2LOA,B07Z3WRYR1,1596779582988
AGIAXQEDVNWIUGQKYLM2ADVHPW2Q,B084KPMB89,1644003040426
AEBFV4OWAOUGHV7QPKNDGZA7NTBQ,B0742LVLMJ,1521591648039
AG5INKMSGJH32IJHKQVWWI22T62A,B08GDTCVD1,1604105048971
AEILVJOPGU3HWOAPRZOH4ANKWDCA,B07KCLWKR3,1548284147085
AHHHTIJWWSKK7JEL4RPUNXZ3V2IA,B07HP75X12,1549314874179
AFJKPKROCF7WWLQ7R6VRRGB7NTPA,B07XKF8CB3,1618340512336
AGX3ADT5LE4ZCGRZGOSRFT6SX4CQ,B07GNWWTRV,1541999157240
AGX3ADT5LE4ZCGRZGOSRFT6SX4CQ,B07DNKDLYV,1532960506792
AF4UMB3TLTSFJATATHG2PLSUGUZA,B07DNMN7X6,1662256117534
AGGMDE3ENXJ2Q2ODLU4DPAWZGHIQ,B07NBPQL3C,1665533537645
AGYVHZLE25BSIUGUACKV5WD45M6A,B07R5VH7XT,1609194131936
AFQDAJRRY5NSECCEXZ3KLP2MRAMQ,B01M7UDAVI,1500427021468
AEDCR4JUQQVPY2B2NR4CSFCTCMWA,B07R99144F,1595686092758
AFRFYIXZZDL2XC7QO76EG5O56YQQ,B01M7UDAVI,1488511157000
AFZ7VMHTJAMPZCTYVAI7PZ7KAL6Q,B09SLZ7811,1651019574849
AFR3MAYZI2OZEO7CQ2NJVE2UXGHQ,B084JGDV6P,1642961896762
AG3RWUF4ON42X7IVLKS7AHPFX2MA,B0742LVLMJ,1602904959441
AGSLH3Q2TIUTGC7EVR3MUYE267ZQ,B01M71IUZ7,1502043706010
AFSJV7NMULEESL6YZGN3VUT3HO5Q,B088YB3PRB,1593002713029
AFTL46G7HDTTD55GTQCI4JU5JZTQ,B07GNWX112,1565864328302
AGTL6ZOIVPBXUOAMNFPOZLYVH4QQ,B07KG71FKH,1560308045622
AELVFG556G5SKFBIP3KQ3MSBRIBQ,B08GCX3JCX,1603566018974
AEPT2ZE2P5M44PP2HHYACYH2GR4A,B07G584SHG,1545748484574
AHNHW2NST3ECQVCYUFJEFMWWFI6Q,B07FT4FMWX,1545061733807
AEMJYOVJZ7L54KER7BO7GUMZYR7Q,B08F7XZHC7,1620939410314
AHYOAZ3K7MPJFIQ4HP5CBXOOQYNA,B01M7UDAVI,1615739871214
AGB7CNBWMY65AVFQ4EUHYXRELKLQ,B07VGNQD8K,1619210708821
AHZIRGUPG5HUN5HK25RPG2WKK3AA,B07VGNQD8K,1575892981581
AGSLWNFVUGDYKTFNHDOBGU4ABGMQ,B07DVXFP2N,1555530779469
AGOMJYDGHUWZVA7USTOKMPYP7IXQ,B08GD26JQX,1603475398768
AG2FJRAKUVLGDWCZFNSZTG7W7RGA,B08PG48JQN,1618273439593
AHALL4DP7WQS4C27XVAHNBBKOU2Q,B01M7UDAVI,1515127637468
AEUQO5GBV5HHOEYG5EFB2WN5JUYA,B08F814PSW,1638925295850
AEUQO5GBV5HHOEYG5EFB2WN5JUYA,B092587ST1,1638925233047
AGVPZP62Y5SPULUYJV25G2AW43CQ,B07GNX28KS,1541469293682
AG7C2FLAMFIE2H7VBYRLR5FVZYXA,B07VGNQD8K,1612640827871
AHDVUAIPM4XPIRPN74US5CGKQU2A,B08H837FHT,1664807902248
AEFGDWBLXQW5URNXUOTUQPWOTCHQ,B095WFPM47,1641996191647
AHPIXGMEXLTNR4CJ337622UOM22A,B07DNKDLYV,1533006313512
AHOJBTU5O4KMSXWPFB3B2NE6UV4A,B089KVB2XC,1644174424850
AGGKYSNTQD44PQCUFRLJNTNX4YOQ,B07DNLPCB9,1533073705987
AGH54262YWEHBZSSF7LISREOJL5Q,B07NBPQL3C,1582522436161
AHIF7S7YJZTAE4LVMCPM7DPDD7LQ,B07KM6T8GV,1554555834426
AHHNVUVO5N36ERSX7RX2DZUT6KYA,B09Y71L3BJ,1662640979746
AHHNVUVO5N36ERSX7RX2DZUT6KYA,B09DTB44BY,1658584016485
AEQMVG6HLENKVKDJFA2FOSJGCNMQ,B086JBB4HD,1626803995773
AG4OI3VA5XCTOXEPEMGDJIDCCW7Q,B087YPRGKB,1647735384731
AH7X44NDCR44CGABRFWPGFRXTFFA,B08M3JP1HV,1659045858826
AH7X44NDCR44CGABRFWPGFRXTFFA,B08DDJ1QRS,1605055449410
AEWTYROCSVO3NZFI4II5K6FNXG5Q,B07WGGH1C1,1572560076123
AHS5KRTLOT3CWDEKXUWPLJILFEZA,B07QL1JRCN,1590538471003
AEYEROTIULQHH7POVJJ2DKB5TW7A,B07GNWX112,1578091377285
AEYEROTIULQHH7POVJJ2DKB5TW7A,B07DNJ6N8K,1559247763553
AF5MFB2IMC45RYYFPAX7MDAMELAQ,B0742LVLMJ,1533306785189
AG5ZAF7PBQ2ZIYXQZUNA3G7UIIKQ,B07F8Y6BH9,1572018675971
AEGPQ4KR5UFT5X6K6UMFJZETWFWA,B07DNLPCB9,1535998286532
AFNNSNXKTSUXA3HCE6XD7XMDYMUQ,B07F8Y6BH9,1675441072767
AG5JNHOYDRIWQ435RRUS2GWWGDFQ,B084KNZBM8,1642280273470
AFNUON2YO2JA67Q55JWSV7TI2MKQ,B07DNLG9ZR,1665101481576
AFNUON2YO2JA67Q55JWSV7TI2MKQ,B09R3MQLXY,1665101394509
AGZYN53TPU6B2ZXVVTDV3YODEUMA,B08GF3622V,1610805711379
AGCE3NBDYKHXTBVWHPLGKTPXBOZQ,B0742LVLMJ,1587847772111
AHD56XP6MLWYZNXJTZR4ZUCEZDFA,B07NVL6TJG,1598612561826
AFENLYYLVFEZ67DFKJ6J7QKDUMJQ,B0742LVLMJ,1564519471135
AFENLYYLVFEZ67DFKJ6J7QKDUMJQ,B07NVGQ2L3,1564009542811
AHX6CNB4DLS7YVXE2UU34F32A2DQ,B08VDB47GF,1629744936589
AHX6CNB4DLS7YVXE2UU34F32A2DQ,B08682LT57,1602010939708
AGBEXWVEKIMPMXRBFNXHCWGGIAHA,B07F8Y6BH9,1609722992439
AHTM5WNMPDD35Y4T7UAKGLQYJAYQ,B07VXY755K,1618486379581
AHTM5WNMPDD35Y4T7UAKGLQYJAYQ,B082VGMJ19,1618486056044
AE4C3EFUQWUCXR4F755HDOEPOS5Q,B09R3L7WXL,1659824695473
AE4C3EFUQWUCXR4F755HDOEPOS5Q,B07DNML26P,1533165168484
AHGG3XG3ZBGXIHZ4L3AKR27R7MNA,B09NC55YJG,1640185211353
AG4NLEFPH6ICXGJ3Z3GGNTHS7OYQ,B095WFPM47,1647635768945
AHTCQ35C5FPJHZT5OVNWRA4LEAYQ,B07GC1XFJ7,1551807408117
AHTCQ35C5FPJHZT5OVNWRA4LEAYQ,B07GC1XFJ7,1551807408117
AHP2THJXVSLV3ZS3LXMREEMCI6QQ,B07KG71FKH,1618521255807
AGEJZ5AI2HX4EGHGTKZV5DAKHG6A,B08JZ315MJ,1610392581477
AFU6QTUO4YANZ7BK4Y56ZWRJX26Q,B091YHTPJN,1670297575188
AH4GND3OPQQEG37H42KNV57XXL2Q,B07NL91XW9,1596834681838
AEAKB2JYWCA3TI7WKFEY77KLDRPA,B07HFKL5DZ,1615235998894
AHNUHK4T5RM35MQZORCQZADMK7BA,B07PRK81VF,1635821722512
AGZCFV4XTJRMO7WG7OIACOWOCEPQ,B0742LVLMJ,1563821954340
AE72N74LQ4EMBKMT62V3JRR4TC2Q,B08Z48MSW7,1626107315691
AFLL4BAOHTLQGFTETLFWH3FTCJAA,B0742LVLMJ,1536863349821
AHTEELTXXWYJWMJ4AAJEAG3WZBYQ,B095WFPM47,1661535515777
AGJG7RKCGWKFZQG54G7FPC364N3Q,B092587ST1,1672184990365
AFF5S5V7PES5M5LMOD5APG5GL6OQ,B07PRK81VF,1603569107672
AGHFLO3O2IWEVNFHE4ZE24UK3JKA,B07DNMN7X6,1538686819866
AHT73MS4YJTU4P6OMQCK3EL4KQXA,B07MGJZ2MH,1592633292042
AE6RQDYEKYASRRZJOA3PNZRUTIUQ,B01M7UDAVI,1510511250042
AHHMPKFMZZEZABTANEN73EENL4DQ,B08MW5CYDX,1651822547286
AHHMPKFMZZEZABTANEN73EENL4DQ,B09QPWZ2M2,1650804300467
AEKYOINIT4YMZDYVBMD3UIS73RDQ,B07G584SHG,1565712470839
AG5363WJV4XIHCJZRESAA4WW55LQ,B07G584SHG,1579183803894
AF5I2D4D4U2ZDW2C7NM3GZCERRQA,B07G5915QC,1554683319840
AGRGP44GXFGVWSCLA4YSCIKGSJAQ,B07G584SHG,1597158448823
AG5363WJV4XIHCJZRESAA4WW55LQ,B07G584SHG,1579183803894
AGXP5BMLLT2YKCQFEC34V5CB7ROA,B07G584SHG,1541743618535
AEZDZHZW5GG4TYTVZ4WFQS47W4NQ,B07G584SHG,1595444166020
AH4RXS7MOZ2DRJME2N7MGPSBW2CQ,B07G584SHG,1627885404852
AFBXAMEBXPYAMGDGH7IHDV7CUC4Q,B07G4ZWJB6,1569080954433
AHJ4XCXPJYDOOPA73IKV4UXWWUFQ,B07G584SHG,1548779552491
AHOZWITQ6ZT3J5JBR4OZZRQ7PHBQ,B07G5915QC,1607214938359
AHKMPIHQMCOQG4F2TPOWRE3UGQWQ,B07G584SHG,1602095236110
AEOAMEPMSNVJKRZVEUBMKNBQ7DJQ,B07G584SHG,1607116614081
AG4Z4NAIPFVFCMKSAOZ65GLXKZCA,B07G584SHG,1609865677343
AGCD4TFX32LXNBKIHYGN3WL5WU4A,B07G584SHG,1535420262318
AHJSMOE2KUBB3TNH3USSHRGSDI3A,B07G584SHG,1604687934824
AFPXQZ2UBGMSSINTPBNHWHCIIAMA,B07G584SHG,1555955433216
AG3ITYQI3FRVMX6U7MA7EH5IRZQQ,B07G5915QC,1634229521610
AE2SBCPBL34MDMED4WFG3GRGMLQA,B07G584SHG,1565840680869
AE74337T23KTMLFXT3QS24OAESHQ,B07G584SHG,1605370674566
AGQNQTOOHHXUOZMUDLBT53ZTIHHQ,B07G584SHG,1541156253862
AE6HEKF3LSPFP33R57L6VJLROVIQ,B07G584SHG,1618095092211
AHALGPM6SSE2QEPMCWAX4Y7W3QBQ,B07G5915QC,1666592302493
AGJ56YRS64SKBEWQ3O4JRPKXZEYQ,B07G584SHG,1611786955384
AHVLZFIBVALE2DE3HDUYT2MU3J3Q,B07G584SHG,1580788247507
AHUQEN5YFBWS3DI24DQAQEN36YIQ,B07G4ZWJB6,1639598882666
AGVKRASG2GPEGL2HEHB33X4T2CYQ,B07G5915QC,1582654878257
AHCULMICGL2RN33URITLRXLQUF7A,B07G584SHG,1587209482164
AGD4XTNXADBWSAJYMDHDIF3EZ7YA,B07G5915QC,1579593786686
AEF2P7O5LNQE7FOPWFUJOSZOO3IA,B07G584SHG,1622691758441
AFQ6Q2NZLJUI57IICGLEMIX7EFFQ,B07G584SHG,1625928496421
AHYJFVTCINZG2J6OL6SYIFQZGMIQ,B07G584SHG,1601560570702
AE65M423NONL4DQHSTU3CHPUWGJQ,B07G584SHG,1626028233092
AHS4CLHYQ6375B3ZYEDYKZOCCHDA,B07G584SHG,1653050539249
AFRVIC65YT5C5BLPNJI7B6JMWBPA,B07G584SHG,1536246838999
AGGR3ATNW37LE4XMUC7QSP2CEE6Q,B07G584SHG,1629928515984
AEG76JHRJSC4MJ2UVBO3QUTBGBIA,B07G5915QC,1609356882827
AFG2CXDTI6JU5DV6BWFZIBIF27KQ,B07G584SHG,1609541306831
AF5JHYWEBCV4DNBCIKAZUISVBFEQ,B07G584SHG,1565722860823
AFAHKV27Q73AZSEUHL5GAM3W5MPQ,B07G4ZWJB6,1544486234853
AE6KCD2CA4PEOT7HS475PHLNU4DQ,B07G584SHG,1573773105546
AH5D2PJKF7H6645OEJ237VMPGOJA,B07G584SHG,1563835342388
AHJVHR37UBTLPUVYWM5I47GJ656Q,B07G584SHG,1576255480313
AGOV2SFEKPXMAA7JH7TFJJVYCFLA,B07G584SHG,1638838775764
AHEY5EH6HG3RRKTHBGKEXPSURFBQ,B07G584SHG,1611607187695
AFK333DS4MULTD3GC35F2JFBNICA,B07G584SHG,1619128516672
AF5D2W5HX7CZNP4GV5PAI2T5ZVLQ,B07G584SHG,1544764133553
AHW5QZSBQPUTYPE3X645FFPLZXVA,B07G584SHG,1617684247175
AF7CJDCF36AUGOCK56QIBW3XZQLQ,B07G584SHG,1641046186796
AGEYBHZI3YFRQ4XROC52GBQFU3WA,B07G584SHG,1557546484087
AHJ4SWJT5E5JL4UHATHI6RGR2KHQ,B07G584SHG,1609017814190
AF7CJDCF36AUGOCK56QIBW3XZQLQ,B07G584SHG,1641046186796
AGRW3RCKTQNK4P2W3MAVJXZQ7GYA,B07G584SHG,1566927457247
AGSNQAOMDDXZGTL7GRLXO5DBQR5A,B07G584SHG,1598755461518
AF4FMI6CLXBLUB3FYD4GF7U723KQ,B07G584SHG,1617760543264
AFSN7MM2KBG33QXCUCKVYFG64DDQ,B07G584SHG,1605330749417
AEGJRR2IUG2U4QFXL5G2NI7ORUBA,B07G584SHG,1603051273344
AEGJRR2IUG2U4QFXL5G2NI7ORUBA,B07WFHJDB7,1603050995236
AEGJRR2IUG2U4QFXL5G2NI7ORUBA,B08HQNFQR4,1603050571882
AEGJRR2IUG2U4QFXL5G2NI7ORUBA,B07NF12XPB,1603049922772
AFFWH3LDG7QTWA22FS3JTVF6VZQA,B07G584SHG,1671129946763
AFDNHRAKVHRADHVNRFAJRUAUAXLA,B07G584SHG,1552521352569
AHO5Y6TUC5CROSTSCKDQXRZANMIA,B07G4ZWJB6,1569181907265
AGEYBHZI3YFRQ4XROC52GBQFU3WA,B07G584SHG,1557546484087
AGHXFN25IJFJTDTOSZH6KP5L6NHA,B07G584SHG,1591395196296
AHXCLYJCULJR2LQGZRQLWVKEAS7A,B07G584SHG,1629836359731
AFQLWFQEX4REGXBGEMHXRUQWNKJA,B07G584SHG,1605744404872
AHFNMKVR3D7J66MB36QCJGSEXOUQ,B07G584SHG,1660764080016
AH7VJWH4NLFPBQMF4J2O6KVSKDKA,B07G584SHG,1577112285462
AEAYZFHR7BWK3HDR42D4O2EC7UMA,B07G584SHG,1566105901754
AFHYP5U4J3X3K7WDSJJU3ZUG2XLA,B07G5915QC,1538181541009
AEFHF332OI357YYESC6CCN5JMW7Q,B07G584SHG,1566333841015
AGRGNSGKNGDYFAY4WWHJUATDW5JQ,B07G584SHG,1543364994530
AHIH67YSK2VCR4QOB33L26RGTRGQ,B07G584SHG,1652548282098
AFQAASLHXRXA2ULFNNPFPZTWAK4Q,B07G4ZWJB6,1613010672436
AEVUMMR2WGJET2TG3JW6KTPEWW6Q,B07G584SHG,1613805506998
AHJDCBSTOGU2DL6CTUN7I7P244FQ,B07G584SHG,1622311512727
AF7YQOL67IRCIACBUXFGJXEIMTSA,B07G4ZWJB6,1601439185219
AE4NYSPUO5BV224PBQ5ZBAG6XHEA,B07G5915QC,1579611768613
AE37FC7YBUWDBW5TDKYLGLY6YPUA,B07G584SHG,1620067958601
AED4UNVA3G2TNH3VNQ66AUSUBGZA,B07G584SHG,1628948251337
AEZVTSONWMVYF6EG3K2SRZRDEGWA,B07G5915QC,1605057701874
AGSH3R3QLKHZLCXVTUNZGQLISXIQ,B07G584SHG,1549257709944
AGKOVZIM4QNHQO4N6OFYCZKYVRSQ,B07G584SHG,1654361831497
AEC7HBDXCBPWCQUEBMPDBAB45BNA,B07G4ZWJB6,1535407665010
AFNUO6D2HRVDQO72TCUK666LQL5A,B07G584SHG,1619664118941
AEADVRCFXX5Q6IJO77SFOI24YNRA,B07G584SHG,1631381722228
AENYZ36AHXTRYHN4OON2RVKJNDYQ,B07G5915QC,1535419661904
AFRKSMUZAXA6GCPYXTNTSKLBFASA,B07G584SHG,1590117160718
AEVOZKTATMCMNWTAZ37EKRR73UQA,B07G584SHG,1628965460249
AGMN7G6HJUWSL6NFNH3AN5FVSIIA,B07G4ZWJB6,1575055354086
AHK4UQZMGH2LKVJ3SHPEJ5ZIUGTQ,B07G584SHG,1605025407217
AEWUP7OYRZ566M7PZTFNCIUQ62LA,B07G584SHG,1535491078128
AHHIPJQ7Q2BSQOGA4TGS7QHS3MYA,B07G584SHG,1556216355236
AEXLY2RRB4HQPICE7PCVKKPJTIWQ,B07G584SHG,1607902949258
AEMQANJXSYVPNUTM2PBKJXWOTRHA,B07G584SHG,1614801962672
AGNMM6HKOGHG6AUZA2XYDRYUW7QA,B07G584SHG,1608486836698
AECWSAYLRIILBPXQLHHF37Z4J6JQ,B07G584SHG,1609010641282
AHB2PAYYKZU5ZPOKE247ELYP3GZQ,B07G584SHG,1557960317227
AEGBH27FLWOC7JAQFVEXK7XQTMBQ,B07G584SHG,1625872667191
AHQXSVEFX75DEQ7RSHH5WAD7NRKQ,B07G584SHG,1565726530883
AHGVSC2QL54R4Z774P2DPU47U7FQ,B07G584SHG,1593569825833
AECHKF5R4V62MC43HYGHIHK7NWSA,B07G584SHG,1658265577747
AFAE36KPF33VWMKV4RATIAUMW7ZA,B07G584SHG,1601946615559
AG7NCZ27MVCJN7JPZ6CGFIRGRFBQ,B07G5915QC,1599947137507
AHT3KGNWYVC7CNDYNS4OPDDRIV5Q,B07G584SHG,1570736516690
AHTC7AYDC6YHHIRBVRCZQWGBHIGQ,B07G584SHG,1612737744307
AGLCG5N2IBZG35DBJMZQDGOQ7UUA,B07G584SHG,1677716507807
AGVLBDYKPQQYNDDCYSZKBSRUCJNQ,B07G4ZWJB6,1580474950791
AEUUDOMKLOGNOPZX4HXGY4DDV3IQ,B07G584SHG,1659374581302
AGHFEHXRUW5BGYSJKRAW6MCZN67A,B07G5915QC,1647395351331
AF4QRYLZ62IMV7CV2V4T3Z3MEHSQ,B07G584SHG,1658846426985
AHFUTDJLDWM5TVBE74T5ZNBP2IKA,B07G584SHG,1559258673875
AGK6WOYHFPXKZIG427E2WM5D4HYQ,B07G584SHG,1602015346983
AEQRDS7GKOGPJWXJ355THJRFG4UQ,B07G584SHG,1596881673601
AFC7IV7MQAQA4CXSQDJTBPCPDK2A,B07G5915QC,1668114713044
AGFV5ZE7ZS67L4REIHXH2QUXNC5Q,B07G584SHG,1549644922358
AH4C7QG7CS5MF6YEIRIP2MOFNRWA,B07G4ZWJB6,1603567847346
AHLHTKQJJJQL3TPCZ6RUPEPJ2SAQ,B07G584SHG,1593728284645
AGC3S4MFWNYXZXV4HAHWO4VJESEQ,B07G584SHG,1566102721697
AEBAV74ANO3YSZJQSZJAJXH5CSNA,B07G584SHG,1597163529050
AG77IYGXGMLFYBDEQ364V5KFMHFQ,B07G584SHG,1607348124452
AGM3SU5AZRVCPJGCAADQD6ODRDDQ,B07G584SHG,1547729368484
AECXX7Z66MCEHX656VU46UOZ4C4A,B07G584SHG,1625360901542
AFBDBD7IC37LXA6ORWUWPDF3KPGQ,B07G4ZWJB6,1548607303751
AGT63B5C6BJLFOLJMKGYWEZYO6MA,B07G584SHG,1563416072266
AGAK243NDK6FGXSNGI4WA5JTMAVA,B07G584SHG,1616431206227
AEUCFIZOXVKT656CQRP5P6AM7RWQ,B07G4ZWJB6,1535406736888
AFDT2QJ4HBKO3U4J7G773TDV5U5Q,B07G584SHG,1631548655118
AGXEXKCAUK32LFWMULQH354NZF7Q,B07G584SHG,1535477753596
AFNPDU2HPHZPOTPBTWDC65HFBOMA,B07G584SHG,1566259234161
AHVR7UQQUYLXLRYLG7E27HANCDSQ,B07G584SHG,1602642044029
AGQPGUCISOYNW5TDLYJTHBXD4RDA,B07G584SHG,1633875791896
AGWLA52L47CHZ4B3F5XFPFWD2E3Q,B07G584SHG,1645148923285
AHDLRP4QRREJ3QYP6MJMYPEAMWWA,B07G584SHG,1551465907841
AFWQKYT6JDIWYXE6BHD3NY5GTZGQ,B07G584SHG,1606944921170
AEM4P25IG5LN7SEK5YFQ4KOJQ4GQ,B07G584SHG,1566061069103
AHIZ3D557WEHTFEUM53HER7SEXSA,B07G584SHG,1601921320783
AENWUHDAHXQ7HCBM66PVZ27SF74A,B07G584SHG,1574224486590
AEBXP5JW7PVXUYRY2GD55IKCOLNA,B07G584SHG,1616704702242
AEHTGYFRT3FPQVZZX23I3ODA6RRQ,B07G4ZWJB6,1535408522471
AGTZYLQZFFBJ6EN5ICLO2VMUIQHQ,B07G584SHG,1555984486973
AFO74FVRRMZZC5UK2R2TWSCHZ4HQ,B07G584SHG,1588591191675
AFF6PKP22SWD6QJ3Q2FP7PKLS26Q,B07G584SHG,1632331249311
AG5WOFMC5V6H3JAK7SM2EKU47YRA,B07G584SHG,1620438377761
AG4G7XHPREMDRRTRUYTMDQ32HKCQ,B07G584SHG,1608362748228
AGMUVUD6L32IS6FD4YUZEJCT3RRA,B07G4ZWJB6,1602961167481
AHLCQ7UWHMUVS56NTWGPNX33EZFQ,B07G4ZWJB6,1626235538076
AGILZE5NHC5TSCS7UAEFWD3IXZHA,B07G584SHG,1610679595827
AEQ4PGMWJBPSIMCLVM6HCXKND27A,B07G584SHG,1605149003102
AFQIDHF3X7YB73C2KTEHSM4MXOLQ,B07G584SHG,1629264868449
AG2HPUWVOR3ZAGPFP7IRUDFYRHZA,B07G5915QC,1648845417690
AFGN2XMH72JWDHHR3DUBLNPZJ36A,B07G584SHG,1565925243358
AE37E7WX6M4TFKCZT5BAGBDRO2CQ,B07G5GNLG9,1558651186889
AFZ6SNZWKJZ6FU3WKPJM2KSUNHKA,B07G584SHG,1570078561337
AGDLPN2F6HFFOLSMFB4CDCSO4ABA,B07G584SHG,1602091368762
AHW42JPC45EZYT6ZBZSHKFPV5KIA,B07G584SHG,1573690219585
AHJZNREWDPIGC3UCYBTOR6FL22BA,B07G584SHG,1567561905980
AHAYVREHX5BEQPN3WFQEEBAPJG4Q,B07G584SHG,1612058202049
AEW4W2G5KYTJOTC633JJLSG6QSAA,B07G584SHG,1612128007833
AHHW3F4KRYYOUI3OV7A5WWDU5JRA,B07G584SHG,1633123769230
AETRPRIHKMBDOKBN2QEJ4JIZFT5Q,B07G584SHG,1613172109518
AELTRXIJJZHSPGGIISJYICGAWU7A,B07G584SHG,1626206626101
AERQKSETLXD6TS33KMM5UK3LPDDA,B07G4ZWJB6,1608813700878
AH6YWM4OME3IWJDYHXBV2IC54GNQ,B07G584SHG,1553198759985
AHSMVFLWOAXEM3HSINWIZVMFA72Q,B07G584SHG,1537925864548
AF6IKAOR5XUQ7F34Y77L4PFCOODQ,B07G5915QC,1572355897480
AFO3DAB4RQC523VDSH3CU6VCRZZA,B07G584SHG,1607840278589
AH7XOMUICHWXQ4DIEIPVV7B4LYBQ,B07G584SHG,1602019427114
AFMJCLNLJ7FGTEZ7XJ7JHO4Y2S2A,B07G5GNLG9,1567691135932
AGD2C4JUCYPCZFAB6TF3WLHZC5ZQ,B07G584SHG,1591381483945
AHU7KSG532GGXVO4LPRJDGFUFR7A,B07G584SHG,1568199632948
AF565IG4IFKRRTODEQQ7FL2A7KJA,B07G5915QC,1637350552648
AFQGINVBBXDC4BFI545OWDZRDJDA,B07G584SHG,1571353546638
AH5UEWCDTMEE2TZ3TTDSP33T3K5Q,B07G584SHG,1567439588814
AGFVYV2FCSJP74AIK6SBVOQLATXQ,B07G584SHG,1576227306954
AGJFTHV5HW3OYYQAK4XOYOTNNTNA,B07G584SHG,1627591989812
AHLKDNPMZVZNBMPEZYIJS76D7CCQ,B07G584SHG,1617924669739
AE7KXRLJU6GMJRJMFSESG7GIYHCA,B07G584SHG,1635943579460
AHDZDEQG6DNI5VZQOWAY3ZUK7F4A,B07G584SHG,1542601623608
AGCXS2YBSVSDZSK7K6WGP4FB35TA,B07G4ZWJB6,1608948081526
AH6QDBWBYYZHWM4BOU5P33XFP4KQ,B07G584SHG,1626539443974
AH5XLKJGUX22ILWWSVR7QVBFOZ6A,B07G4ZWJB6,1602098933202
AF63T3QZ2INUWQV5CVTYLFSRLOYA,B07G584SHG,1577288305701
AEEUUPKZGRMO5DV6PIEF6RZKGUOQ,B07G584SHG,1611681939639
AGF2VVTMUO66Y6WSQBCGB2X7OJTQ,B07G584SHG,1568777038872
AHZARVON3UJY3WYB4PJM23JOFLQQ,B07G584SHG,1565637841002
AEOUPBVVMRJQJ47JG5YOQQIY4HUQ,B07G584SHG,1551059005160
AEJZ5UP2U52QKPWLSGZFB24RQZ4A,B07G584SHG,1578293947046
AECM5HZQG4YSYYTNOMZQ4EAHHO3A,B07G584SHG,1613598873760
AFBU6L6YC2CMGZPZM4YDOTXZMEHQ,B07G584SHG,1594425205538
AF3GMQPGH5BME6WJKROEBHBGASZQ,B07G5GNLG9,1575259553843
AHHWLFPOGDNHSEPSSU5VATUWBJ7A,B07G584SHG,1603830011612
AGBAY56LWOGEXLZBCI4FHDC3JW3Q,B07G584SHG,1588532328645
AFSVWIUJWUW344T6KYZIHPACVA3Q,B07G584SHG,1633447565093
AGFSUYPGISTPENZFYSW3HQVKF5CA,B07G5915QC,1569140615856
AFLHTDZKT4RJ3P2JTXRZQ6MFHTWQ,B07YF1TGM2,1619318163256
AFLHTDZKT4RJ3P2JTXRZQ6MFHTWQ,B07G5915QC,1556335525415
AGELUIWRXU2T7A2F25TICO76ASBQ,B07G4ZWJB6,1598624570395
AEKDPKKSEJUXRSGOBZ3V4E6KDA7A,B07G584SHG,1634162812272
AHUVCUEDWPDST2EIY7CMSLFNEEQA,B07G584SHG,1577384166457
AENUMR6AG3DBALMAE3P5VTKEJ33Q,B07G584SHG,1630883285118
AHFKZUDPXWZNOSGYK7MUVB7YWBPQ,B07G584SHG,1613089573738
AHXTT3WR7Z6UE3ZUYLQ6RPNS46UA,B07G584SHG,1578333949454
AEBVMU6ZQSU5EZLCHQIFLG7J4FUQ,B07G584SHG,1617504832325
AGQRZPKX44JSW2T2GKH3S3ZRMYYA,B07G5915QC,1626037211623
AEPXOO33WR67HNI3CEZ7PU2MAJ2A,B07G584SHG,1598056421623
AH6FUUAETQ7BJKCXEI26H5BBFAFA,B07G584SHG,1541463552191
AGXYQDYQ5M2IYXDRMT6TGQDUQQOQ,B07G584SHG,1633202668135
AETUTC6IJTFNF2CXFM6GUQSCNFQQ,B07G584SHG,1624724775114
AHPZVCMHQQL726RDCMM3C235Z2FA,B07G4ZWJB6,1626288822620
AFNSIPD6VLV7T5AO4VQHR5VWT22A,B07G584SHG,1586943877086
AGDCSD7GJHEE4KGZWLRX2BT4YDCA,B07G584SHG,1566137957634
AGKI6ANVKSKEUBQNBCBGRZ5HEBWQ,B07G584SHG,1602005105960
AHIL4VGFUVUPPSSI7GBILBHBODIQ,B07G584SHG,1617912155915
AFTGBYAAG5AHWVDYTQHHR2MJEQQQ,B07G5GNLG9,1609785904440
AH4ZSYC7CXSFO4ZJIAJUVBFDXHRA,B07G4ZWJB6,1599171090721
AF2Z3AI3YF5WDLFDUQKLOO3VVOSA,B07G584SHG,1599243362987
AFRUUWAL4OLFVCQ2JRIII2VIINCQ,B07G584SHG,1544642083907
AGWN7HCATSGSNC7QQGV4SP7KHW2Q,B07G4ZWJB6,1566104163990
AHK2DBAOUMMD5WSVFAOW3KLGXCEA,B07G584SHG,1580047990173
AHWTDP2K3N52SEPLQI6ALQBRLZAQ,B07G584SHG,1623274525809
AFK36Z44MXEJXQRSZCYM4CEKMNLA,B07G584SHG,1665946627161
AEGCKUKTAL4LOUUV6G2M3QXHLVIA,B07G584SHG,1600806790021
AHG7MQMQVLR3PXX5ZIT324TZHGDA,B07G584SHG,1613014570856
AFUMX3GKH3TT7EXOPGBA6XAQYMLA,B07G584SHG,1627042877541
AHOF3KWMOBMMUM47CTOLBNGZM4RA,B07G584SHG,1596997006868
AFKXBZXO3SJKQVIHLRLG2PNTD7FQ,B07G4ZWJB6,1609476387883
AEKJH5JSWE7WGPMXNYHNYMW24YTQ,B07G584SHG,1566101819358
AEDV26LR727ZDNNT7OYFYUJ2S2AQ,B07G584SHG,1605133701357
AHFKFEN5U65TBIBR6Y4BKYHR4COA,B07G584SHG,1571354788514
AHWM2MXCEHJZCHIIPXJVXBDMEIDA,B07G4ZWJB6,1567539521083
AFWNZ57ZHIMT5YFS63IVQFKAVX6Q,B07G4ZWJB6,1630633740744
AHJ45DLSYUJZYP6HWMPZDW7CT5NQ,B07G5915QC,1613690737443
AHRA4TYQJU53WAH2OD6UAKP2SZCA,B07G584SHG,1542825520188
AHCUEAKGTXG4PN7M7RPGCV2P3E4Q,B07G584SHG,1642438582000
AFSA7CVUDUVN7OFTN3S3ORNGX57A,B07G584SHG,1628710744735
AGD3P7EH4G4G42DRYWMLMVTXJKQQ,B07G4ZWJB6,1629333854458
AEUQNIIAQOJYPJBQFUQRAX6TGZRA,B07G584SHG,1626576521824
AHLIDPYE6MFEYJRHNSCIPJRAQOCQ,B07G584SHG,1601140924575
AFA4H57GXO77JOZ4NOAENBV6NB4Q,B07G584SHG,1569594903533
AFWXXGSGF4NY2ZHINJFXIZZ3FDEQ,B07G4ZWJB6,1628892933214
AH6A5W3L75RFWLVF3HB3J6KVHGCQ,B07G584SHG,1633113555557
AE2PB4VGQS3DX5YHDREZNYSFRL5A,B07G584SHG,1610949328862
AHQKHSNQ53VEO26OWYL7NITQRRXA,B07G584SHG,1596767425940
AGBHLRJ7QH5AY6ZEO6OUDVND25JA,B07G584SHG,1550707907215
AG4PK2VVLNPPWDXK7LOHDSSJTFOA,B07G4ZWJB6,1578283602610
AEX2SNQT2527LHJKGQFMM247SKVA,B07G584SHG,1642346350373
AEABO4HQWPN7VEYHL6AJTOONUYUQ,B07G584SHG,1572014664147
AHQGWVKA5DJHHSH4FPNWWWQHSAYA,B07G584SHG,1607875549529
AHH7IYL7MMLJJUVMTZR2MGMOQO4Q,B07G584SHG,1624644882718
AG7TR23L74453XKPICK5SG5MSASQ,B07G584SHG,1540677906495
AFN5VL35JNDJQDQ4RWVVIFLPOFPA,B07G584SHG,1535910550756
AG7E2FFCZXMN5A5B2PT34LEZYBMA,B07G584SHG,1560090550326
AEWT3HRAOHBHDF26EDPJRP66YPMQ,B07G584SHG,1626492400239
AGLK63N3PFA7FHI5WHKSRTNW4G5Q,B07G584SHG,1627330012302
AHT3U2XKD2QFIYTNVD6LSY6CNQFQ,B07G584SHG,1675816617018
AHDVZTYVLPELRJ22EOA5FPAPLWOQ,B07G584SHG,1619248796916
AE4RBRCD5TT4O2LZTQNAQWAPFKOQ,B07G584SHG,1556406157371
AHSHTBM5UUDOU74WGLQ754OTZNFQ,B07G5915QC,1636495636384
AGZ76I2XLRXMTRISB4ORFLJVVSRA,B07G584SHG,1620601563208
AF6W4NCC2HVZM5YAAGREVLSCGICA,B07G584SHG,1589306637824
AGGEJPQUTBEVL5MRM7VLEIB74IBQ,B07G4ZWJB6,1602109153454
AHXJ7OZXPR2T7OY7V4OETJMPJUKQ,B07G584SHG,1626023230752
AGVTCKCRTDYYUWPZHABDX5PA64CQ,B07G5GNLG9,1608665545051
AHXDXKEHOA2B7QXA42JYJX33OXUA,B07G584SHG,1608591471675
AEVX76V3CSF5ENCS33ZUKDWBT5XA,B07G584SHG,1600219289842
AEYCJ47KHD2IPE4HNUS3CR5366YQ,B07G584SHG,1571024662849
AETTITX7ASWBKMHNWOBPSNCENE7A,B07G584SHG,1598230681086
AEHDYOHUCA273HNWOZRVBGCFU4OQ,B07G584SHG,1619071810842
AEYCJ47KHD2IPE4HNUS3CR5366YQ,B07G584SHG,1571024662849
AHAREGNAZ5OOHKGFBRZLYMC4H4TQ,B07G4ZWJB6,1576330312745
AGGWEO3WD7VJQG42IMXIHLDIV5YA,B07G584SHG,1595622996885
AHW7ZUGK24QJRRXB7UMS3UK7KQFA,B07G584SHG,1573564613404
AGN5PXP5W4YOLJD3ELHNRM3ARWTQ,B07G584SHG,1629248968819
AFGVLNGLNUQRG46PZPOLPE2PYQKA,B07G584SHG,1625950878722
AGXTEWOJHNILNAVD2JQLZM5KWXXA,B07G584SHG,1599764406887
AGKBWV77FNTVBHVBHCPGOJ66MEDQ,B07G584SHG,1577391661299
AFAGIMMULY5WJ5OJAIT3TQMDEUMQ,B07G584SHG,1550854584837
AFVVKZTJ6TMYTLLK5X6HI2ULL2MA,B07G584SHG,1578526157683
AEX5ES34Z2N5KBWZGMUS7PMSYKXA,B07G4ZWJB6,1640631700668
AEX5ES34Z2N5KBWZGMUS7PMSYKXA,B07XKF8CB3,1609601278215
AF3FI3EG3FIBYVWHDJIPFKPKNM5A,B07G584SHG,1618448098233
AHHR5SVRUMYASKBP7S4E4VAMK2RA,B07G584SHG,1613576114174
AFVXYHTHW7YQ6AKCO7E3XHBLX3ZA,B07G584SHG,1634168671770
AG4XQGY7FV4YUE6OZ3EBEOTUD2HQ,B07G4ZWJB6,1602001992330
AFQHJUSVYYKXCMQ7TCGTIX4D7U7Q,B07G584SHG,1608784157090
AE4SRBICYSKWBR4UOXRSZJFU5RKA,B07G584SHG,1576799014261
AHDUDUGSZILR53MVBWOOD3UHCFFQ,B07G584SHG,1573785446255
AGTJCMFG4WWPPON35KJDZLBSOAMQ,B07G584SHG,1626236778517
AF7FZTIIEXR7IWSGUJL2PPTC7SMQ,B07G584SHG,1542505193095
AG3C3NO6LSLWJBJZF66UK7VRFDMA,B07G584SHG,1571060392068
AF7MDQ3BAKFNPOVBH7WQLUB2ZW3Q,B07G584SHG,1619765614637
AFPEXMKOWS7EZJ74W4YXQZB4RPMQ,B07G584SHG,1567830102827
AHYA34QQJ72JUD6AOVK3VH2EJ4DA,B07G4ZWJB6,1563842678457
AFIQHAECLWXXYPCDJQC4LLIPJWJQ,B07G4ZWJB6,1601769437181
AEVYTG76CZ3LSCKVKYJUXS2KMYDQ,B07G4ZWJB6,1645324931352
AHUWT7V6LMUA6PBSI2447ZYU43AQ,B07G584SHG,1602562886501
AGZFS66CPO2RXUQC7CMOF6A64QDA,B07G584SHG,1626953056133
AH6FQ4AK2IHTOGAQNYWRLSMSSYBA,B07KM6T8GV,1643339143255
AH67EBBUMRUST6FUQD2VBFOSR5UQ,B07MGJZ2MH,1579454431427
AE2PZ4XNNKZBMNGJOZK4V7BW4OUQ,B07VGNQD8K,1610057366896
AHPUG5VOGYZ3TVUTWO6PXJYGGZZQ,B07NBPQL3C,1652909547657
AGKZWM46FF4DYQXERKXPXPNJ3VHQ,B0742LVLMJ,1559970040466
AF4W7JWOMRHHJNJXWJPMNG32LPLQ,B07NL8P5Q6,1653112356806
AHWUUYARSWWZF2OSA2J4BI2INOMA,B092587ST1,1632524083358
AGDAFO6VC7LRNMZWGJEHGYER6O3Q,B01M71IUZ7,1523027110345
AHKHJAQNZ6G2XUTM47JDCA4A2PNA,B085YD3D6V,1625627940760
AFLQSSGU2F7BNIZPMLUMQCHAJV3Q,B07PRXJMLZ,1647135758488
AF2TTYO3QCVUASHKMUMUQREWZALA,B07GNX28KS,1563028790392
AEBMAKMGO5RCMBUU6K4C3RUZVIHA,B07VGNQD8K,1625093115431
AEBMAKMGO5RCMBUU6K4C3RUZVIHA,B08SHQ43N1,1617672548943
AFKTPUJWLFUPIHPA5FPLOHLCBEDA,B08D9R31JV,1600972605916
AHA7YLUWCMYLAI44FAK2GYE2Z36Q,B08H5M5RX7,1637123532459
AHUCIKB4G4SXKLFUWEW3B4DUMQWQ,B01M71IUZ7,1496330693000
AHIQ4S34UBC2MBS4FA2RIY36INIQ,B07VXJR1PF,1577298516692
AHIQ4S34UBC2MBS4FA2RIY36INIQ,B07F8Y6BH9,1577298264593
AG73IDDVZNIPWAKSU2ATCMLCBWRA,B07XKF8CB3,1590952344102
AGVMCIQB4H6E6IZI23EG7QOKOLWA,B07KM6T8GV,1578011587149
AFGNYM272B3F3NBLRV5K35IXSLQA,B07VGNQD8K,1599258559579
AHWEVWTS72QQUGWIBDHFRKBIP2DA,B01M7UD21X,1504850151398
AHWG6N2VC5YW3YK7MGT3POXLYS6Q,B0742LVLMJ,1578754799202
AEGAS3OHCECR5BXPRRP44AX7LPZA,B07SDGKP88,1603487109041
AHTFBYWHJNJ3VPX2GA5XBG34V75A,B07QYVCWHD,1613001402551
AEPZNZZX7OLQZYKAWFYJVMC7ANSQ,B07DNM6GBC,1539210312664
AGMTPFHIOFNVIQPTNWUARPPYOS2A,B0742LVLMJ,1536612166341
AGPMTCDTNBVECDCFFTFPS7CLVSMA,B07DNML26P,1564183915952
AFJDNYSR57C3QKOATGK4MQY5CBSQ,B07MGJZ2MH,1616644593270
AFEERRNM7IDVQAL7T23Y4WEE764A,B07DNLG9ZR,1633961706367
AHGNYSMUJBPJK2J5P5TXCGH7RGLA,B0742LVLMJ,1592579744439
AECV2OFO23B2DOJIPWJ32AFUMMEA,B0742LVLMJ,1542255846902
AHTWVYVTMZ6DMFSURO6AX5HVCJQA,B07RBYJN37,1624846668985
AEPU5AQXANEHUE2CRVNRJ7ZTTOHQ,B07XGNHYC2,1619297092674
AEIXXIXIYAETM7KJNRU2JKPKPZWA,B08H5MHM3N,1672247639265
AFM2TXREGDVKELHGB4WMTX5IUYVQ,B07WGGH1C1,1609272846682
AH7J2BBYGOHAFZJANWHJ2SQ3LOCA,B01M7UDAVI,1496301763000
AGCGBWWETEEFD425ANV5MBG5L5WA,B07DNM6GBC,1597273656321
AFACD7OILJOYXVDUYATYTJI7X3EA,B0848CGDFW,1604166711561
AFACD7OILJOYXVDUYATYTJI7X3EA,B085YCC8P7,1596916135959
AHQVK5Q5QNYTZ4RHP44X6S3HDXRQ,B095WFPM47,1644383101652
AGKPUZCJ6ABQB4G5Y36S7AKRIJEA,B07DNM6GBC,1545052582700
AHJXFAC4C6CWFTAVWGBL3HSMIVHA,B07RBYJN37,1631634970175
AGLJTBEIZEHBHSPVZOO5TB5REAZQ,B07DNM6GBC,1565293927274
AHNA4P3CYM5W2D4OBHXRXXZFEBMA,B01M7UD21X,1521567564816
AFISGXXBZRSLR2BZOULQAWZODBDA,B07QHDPWTR,1562402081923
AH2EMXN7CVEWQXNE4IDQRYFACOYQ,B08R5DPYK2,1629398111439
AHOIXI3LGTWNDWUD2S4YCTBPA4GQ,B01M7UD21X,1561222874451
AEZY2QOLFSDTPXZMEQYU2RRADXZQ,B0742LVLMJ,1577347974777
AEAS23BLT52EHNYILCA4JN7SN5VA,B07SPDBR1J,1612886535125
AEAS23BLT52EHNYILCA4JN7SN5VA,B081JS67KV,1606675272961
AFUSHJGNIPGPT5ANGQPBECRDI7MQ,B01M71IUZ7,1488323640000
AEIAGFYPUVFUTFHMN7NR3P6XFGQQ,B07NL8P5Q6,1561175710311
AGH2BWJ6K3OZ7GRHLCCQ2KW2SOXQ,B0742LVLMJ,1536509444128
AHAFZKXP54HL6SOXHBG6225ODLXA,B07HFKL5DZ,1612205629233
AEV7X34QHV7V2QYMM4I5SSEXLMIA,B07HQJPGL2,1542670261527
AHBUOO2HUYOW5S25YEGGYKUZ25CA,B07VGNQD8K,1612465784721
AEIDUKWKPQ2YGY3STKEXHUZC722Q,B07HQCCD29,1576234922707
AHKAUFULZGFABQMHRZBQRWEJFKYA,B07DNMN7X6,1559444214863
AE3J3LH4SBFRQUN3SE6GW6274KHA,B07MGJZ2MH,1571698607812
AEKF227ZCRGG7ALW4XYFIJJTDU4Q,B08GN1MJYB,1649720446802
AFZON5IKSJQT4JCJNFHXRPOFN57A,B0742LVLMJ,1540959254016
AEEL65HXBKWK5RV6O35DNEWUBZ4Q,B07VGNQD8K,1597141735662
AFPWDQRZVZO3TIEXDGUJTP3Y2VPA,B08M6559CT,1613500885028
AGYNGKMGQRPRA2V7IOINIXIVPWOA,B07PRXJMLZ,1594478283631
AELJLKNQBG5MK4HQAWC4XMHQDXAA,B07VGNQD8K,1599505029454
AGLPAJOS47G25BPUZ7EBAN76VZLQ,B08DDKTDSF,1604805827619
AHMWG27FYV5OMXZZA6MBWFLETHFQ,B07L3W2MDL,1619747050607
AH4BQAQAE4E3BUDIJUSHZDH6SGOQ,B0742LVLMJ,1551747944902
AHHOACK22EABD6XJHEYQMBYDZJUQ,B0742LVLMJ,1527771137428
AG2MKJ5UODZPBNRKR56MXNMTVXFQ,B07GNX34XV,1562978342692
AH4SPB2NEJNTLNLR4EBL2SI6TXXA,B07NVL6TJG,1598816895024
AFKIV6Q2WKKTEGX3QA34AYI63EHA,B08GND218J,1623548213267
AE7DB23SD53GDXAGV5KDM6QG3RFQ,B07NVGQ2L3,1594215150967
AFAOKNRYLHS5LTQPXMMALJAC2TIQ,B0742LVLMJ,1609427607400
AFGD3LOPYUG2XT6ZFYISIECYHESQ,B07R7WVRGL,1595540278481
AHNSRVILIRPXH6F2F7H35W6ESUWA,B07KG71FKH,1655086036092
AHDEQGVJ4435M7BKOQ4SR4SQUANA,B07NVL6TJG,1573860691950
AHQ55MTPERDXWGQ7AMBLOVQ3O3JA,B095WFPM47,1624491667117
AHV26HPBRUJXIW2G2U6B6TP3JJYQ,B07DNKDLYV,1574265092503
AE27WNQJN2OIRM3VBMSRLNGYWXYQ,B08GDYXWBG,1622633001739
AFVYJ3QHZZMXZEB6T7A7GDBO7AIA,B07NL8P5Q6,1626496552999
AFJKZHY45PDGBTGDAI72YXU377KA,B0742LVLMJ,1560003756458
AHU7UNISWMBERV2PPY4Z2TQLNHEA,B07VGNQD8K,1597152331673
AGQ7NDTHVTISO4U4DEA7REW6PFIA,B07KSZGDD1,1609166587891
AGOPZSHTKV2H2R6HGZLLTIZHRX2Q,B07F8Y6BH9,1557862432054
AFBVEH2XIXSF4MK4NEZUESA4IE2Q,B07DNML26P,1537480835797
AFY7EUCVDAO5KAFUEERE7PSDF3RA,B07DNLG9ZR,1596997184727
AHPGJF3LWGY2OZIXWT2XU6KOOEJA,B01M71IUZ7,1520741580300
AHUDAKRP6JBMA4L5CU3PP4CE23OQ,B07DNM6GBC,1553741353598
AGCOZWBDXHJIKTKAIT7U2ISLNXEQ,B08SHQ43N1,1617645818536
AHNMXLBPZNIABEH44PENS4GZA56A,B07NVL6TJG,1575870450657
AFUMPC5HATR5UZHNGWAJVWPRWUBA,B07GNX2VPX,1548455322698
AGMGY36DC37ZCZJSP2I4EPQMGCHQ,B0742LVLMJ,1568996689455
AHDLNKXPL3KOHBDPNTIQQRE4PXSA,B07DNLPCB9,1543698017489
AFVLBKRDHKSJQSFB56IJMLDLUMOA,B07MGJZ2MH,1565122133243
AFVZQDWVAAGUJQ42HWLFYUWMUIGQ,B01M7UD21X,1568855054282
AFBX72WFR6YJL4XLQJFGWR5RWWOQ,B07F8Y6BH9,1608821666018
AFQO2CI3CJNHPQYZMC2IUETKFYSA,B0742LVLMJ,1517337245267
AH2SSJ3GCIGCBAL4B6TJN2R4OS2A,B08DDK1TP5,1605618388025
AHVCN7DAVTY3HVPCIAKGO4HBFW4Q,B07S63NKNB,1578884746165
AGHNRPWCULA7VFCGTVV2ES2VXPDQ,B01M7UDAVI,1516732974833
AGMSBJ2K737WCOUFOMCBI2YZCXXA,B07DNLG9ZR,1549659497807
AHPF3UVAIDGOAR4FG4MSXJNSZXFQ,B07STGWT1P,1577721494790
AEA53MOYTU3ZR7IWTRFBX4BZZVCQ,B0742LVLMJ,1605469784069
AE2E4RHERG7FBLCSIO5YRN4I2LAA,B07F8Y6BH9,1611872985500
AGKHUPTNAP3WKE2SALAPIOBUQ6QQ,B07DXHG3MG,1600009737294
AH7QOFK5TW665Z46QCSFAAFO6E7A,B084KNZBM8,1621908945831
AGIDUQMHHHUYQUXUXQYCNHN3EXAQ,B07Z9GCBVF,1615993771526
AENPSLU5RQ3PB2JTQQVHQDREGN7A,B084KPMB89,1618082091372
AHS4SQ62SZ3O2KX4FP3GTUJIB3ZQ,B0742LVLMJ,1555422000063
AGJD5E4O4MFG4AIGBKIYP75WPS2A,B08GND218J,1634854759584
AFTKXSB5GK5IEWR5ZXJGLR5TKSLQ,B083M6Q4F3,1599860803118
AFTKXSB5GK5IEWR5ZXJGLR5TKSLQ,B07DVXFP2N,1581723600526
AGRYSESS47LZQPVGLLMCUVRJF64Q,B01M7UD21X,1508992887894
AH4LXSGN5Y4FHJK5NS4RBULJQELA,B07MGJZ2MH,1593924632638
AG3PJ6UFVS2JCMQ3J4V3EI3LZYYA,B07DNM6GBC,1575320106576
AGS3ZIVEKPTAAMLATZ3QDE2KJS2A,B07GNX34XV,1552779441364
AGIH7KJY67CPLC62HPEAOQJIJ2EQ,B07KPH6D57,1549679957604
AFY5LWJ2Y7N5IX5ONJTUVYUSVQPA,B08DDKTDSF,1600727145277
AERDW4T7ABSCINFCTUMQ46L6JPYQ,B01M71IUZ7,1537690832987
AEQL3IGJSVRXDVX2TDCIKL3N2QNA,B07GNV45VX,1556743294458
AF2AY2PNUGPNVXAEOOBIE43NQEIA,B07GC1XFJ7,1539829336282
AHJ6J6UPVZKMJAS5OPHVXZAP4RSQ,B07Y1WMH7G,1615840904203
AG2UTGLGAZMJUKQGS2SFLECAC54Q,B01M71IUZ7,1519091152422
AF4MT3G625UMYFT5474PANHAD3LQ,B08D9R31JV,1662553863568
AFR3YMK57DFTJSJPLCEE4O46A7BA,B07XKF8CB3,1667914653324
AGYDLGVA5MTH6JKWOGXXCSF6EXDQ,B07DNLPCB9,1534831991802
AE2NVYXO4IF6KEXAC4CLFKUJQEFA,B083M64QG9,1592611280610
AHQHTJ742UJRKN4NYPQNEEXD6OQQ,B07T733WLJ,1599430912254
AFGZ6KQYMUM5PLVJKN5QSYXSUKPA,B0742LVLMJ,1603532230157
AHMVYMQWVJSBYQRPR6WGIO23VGVA,B0742LVLMJ,1568843227118
AHMR2V5DNMCF5AJFE26S7WNVJG5Q,B01M71IUZ7,1500426005753
AGVEWKQ2XWZUC4CAQLAE2ERXUG6A,B07DNLPCB9,1545774457469
AEO7RFLY275E4CN7T4GZGUK6XK2Q,B075NM1M1Y,1546834924543
AFPADCHOFRDF5LIOTWFEDADYGMQA,B01M71IUZ7,1486663906000
AH3FGPEF237OPN2JAXL2E3XGSV6A,B07T5JT9D4,1648958871829
AFUC5SIIMR3JMXLWRSJ2CWNZTUOQ,B08DDJ1QRS,1600885784173
AGVHQKKBILQ6EQMK4UZW535RILJA,B08DDHZCZQ,1626179249952
AFBJBYGA56HZABMVOOT24R7I4MSQ,B07L3K8S42,1620663354709
AHLKVHKLHUZFGBWLJTA5JYI6V3OA,B07DNKDLYV,1554240214582
AHQHJE3LOILTHCDSRNXP55UG5E3Q,B07KG71FKH,1621768139517
AEHUN2CL3PYDXYKFPRG5SSMHTOWA,B084JGDV6P,1591655426029
AHZSXOZRYJZ7TJFEIZ5GVZH5N5QA,B07DNM6GBC,1549639914932
AE7WJOU6CA6QYHQTBSCLG6NUUWKA,B07DNLG9ZR,1545074031786
AFHIKFHZWINNR575LWOPW5JR5W2A,B01M7UD21X,1577149787907
AFB6D3X7B72EAETXQWY4PYTZ2EHA,B07XKF8CB3,1626808076181
AFB6D3X7B72EAETXQWY4PYTZ2EHA,B0742LVLMJ,1607627097439
AFCKLTMVVSAUELLTGZV647VLFPZQ,B01M71IUZ7,1588781886863
AH43YGIEOOJOXAZT4LZFYQALFHYA,B09BDCCKHR,1633741953624
AEGL66K654DXHZ56NGQQ5FZUIUKA,B09DD9YY64,1638644728731
AE6R76GIPDZ6GVZSKYNLLO56LWIA,B07DX25MZK,1613057507114
AHTRXIVIDSS6RDPXQGMO7RGQ774Q,B07NVL6TJG,1562279061859
AH5MUAZHMZ3YMUESNEWI5HZU4K6A,B08DYDKVB6,1628022664200
AGDGA2S4F3JJQYGQSF7FNNCEMZ4Q,B0742LVLMJ,1551999560697
AEI7SEKGGIWZX46K4775GOVFJ3HA,B07GNWWTRV,1551967884899
AHA5G63OPJ52XMKTJ3NSI77CZLGQ,B07NBPQL3C,1563228275887
AHI3ZG5HSOPC6SIS4J3VCQFFOASA,B07DNLPCB9,1597042737053
AFECUREL6ELDK62W3EPTQLSY2BKA,B07R7WVRGL,1607027561719
AGAQWP7OCQBNEBEQVZJYXGYG3MGA,B07RBYJN37,1579920184735
AFMWT3OAUANYUMYPDUT4DMDSWWTA,B01M7UD21X,1502751861346
AE4YLR2CBQND6U26M3JCDQJKIQLA,B07GC3X8V7,1575835235134
AGZKQMMY2MTPRVMVWKIV3SC3WH7Q,B07DNJ6N8K,1559236939070
AGEY5XBRKP3WLMAMLY2CJV6VO45A,B07H3QNJ1Q,1566804340436
AEIQK6WHW3JFTD7RZC47L4SHZYMA,B07DNLG9ZR,1536273624894
AHEQ7EHOOHWXVDX4C44JMH2MXOVA,B0742LVLMJ,1609699620167
AHFNCKUQJASNFO3YW6MVRIUC7ZMQ,B084L6QXWS,1627264062373
AE2V3J4LLTQ4WP6GU7YFQMWHVETQ,B07NVL6TJG,1601745484585
AGSJTKEZTLDOCJOSDAGO2N2LAOMQ,B08H5MHM3N,1623442254312
AFZSIYCLVYUJICXCX2XUJ5J7NOHQ,B09LWP4TWW,1678488296303
AFZSIYCLVYUJICXCX2XUJ5J7NOHQ,B09R3KVR5X,1664382771403
AGZTINQQLWCU5IH5S6VUBQEPO6QQ,B0B6CPL52Y,1670952301002
AEGVEUXL7M5RKKRFBGJ3GDW4S6MA,B08LDQGYYR,1609978635457
AGVVW5HDPRNXEW7FL7Z73KLZSNVQ,B0B7CCFTQG,1682128803057
AHDHKIF4NDLW7HETDWH3IKVNBZTQ,B08VDB47GF,1661985420082
AGMCQEQDTY2G4VH6MBPIH6XSA4UA,B081W8SGPY,1600716069401
AHVM2JMJVVSTFCZTAXZNHQOQRN5A,B07L3K8S42,1617479704555
AEGHQ3A2VIHYD55UQJ377HZQCF2A,B07F8Y6BH9,1576111240946
AFCZT2DFAAZMLNLMDUFAWUMVAZYA,B07DNLG9ZR,1560339781647
AFI57IWHDBONP2QIKCTT7RFGYRNQ,B0742LVLMJ,1537980818841
AGUI5FJQMPDO33NKWMJ7TOGUPM7A,B0742LVLMJ,1527195922145
AFCZXRVG2QNTTHF2OL7VBTZ3D2VQ,B01M71IUZ7,1506891615220
AE6KD6CDH2DRF7YWIJ3G3W3SF5NA,B07DVNJ5LP,1583098625509
AESRXZE22ZL375H2R7CDOEQ7GFNQ,B07MGJZ2MH,1612545922055
AGSLSQRJJ5A3L37PAKXTYXS5BV5Q,B075NM1M1Y,1590418468373
AER3CKNLCBHGGIPHWV2DCFORMALA,B0742LVLMJ,1528138989255
AF6UCYLCS6UKOAJONER52GSH3B3Q,B07NVL6TJG,1598987981906
AFOHUPTJ7PUJAMVEAJKYJHPI76ZQ,B07DNLG9ZR,1559360854029
AE2OBFFTNKPV3YKFJ54PGAIY6HYA,B01M71IUZ7,1487870591000
AFVGIEZ4G3FPTPFGNIXNQWVHR2NQ,B07GNWX112,1541123431476
AF75ECUGH7ZQP3V6UORV4CZCIIKQ,B08LDQGYYR,1617037797654
AEB6C433W5B65FZYLQI465JM2EWA,B07DNM6GBC,1554253699276
AE3KWMFWNH2K56SXXDNCXGU2JGDQ,B07KPH6D57,1587270096304
AFFJJDQI275Y6QSCPWWYXOG6N3GA,B08R5PHSL3,1651623765354
AESNEP2E7OYFR3YNAP7CB6FDPFLA,B086JBB4HD,1628546069197
AESNEP2E7OYFR3YNAP7CB6FDPFLA,B086JBCVB4,1603060670077
AGTVLXXWSZNKCS4UCPU3VPGFNWPA,B09RQRTCCK,1659056642168
AFLKU476SW3WOTT42TVUHKVWD2MQ,B07DNM6GBC,1563036748382
AFBVBBCSTH56APXRYAV5WSO7CJEQ,B07DNM6GBC,1613174743436
AF5BVWNGSJNDPV4UMMMK4A6DEZAQ,B07RBYJN37,1590622815953
AF5BVWNGSJNDPV4UMMMK4A6DEZAQ,B07HQCCD29,1590622743307
AHBU4AM555HRZTCYL7ZAKQGBZZGA,B07QL1JRCN,1594697455710
AH344333MUEASNH4CRBHYOXEK2PQ,B01M7UD21X,1533264382070
AFVMZXU5FSCM2UOXR3FONCSNM5NA,B08LDQGYYR,1623459414157
AFTV3F4JFXJDF6N7NY3VVQWXFFBQ,B01M7UD21X,1515867352076
AEUGFXQCPX7OS6WVENXAJG4Q3ZOA,B0742LVLMJ,1649201190678
AFYISJ3EEO6WUD3BUHGHMCCHEZHQ,B07R7WVRGL,1655341179590
AEVLOK4YPJDFVJX6D4CBC3RC2RRA,B08LDMKH6K,1622134427314
AGPJJOGGW6XMBIPGBGFXCCOP2P7Q,B0742LVLMJ,1580705501398
AEHU6S43GXZVRNCVGIPVK2WWLHMQ,B08LDV5MBB,1657294188859
AEGSZNY5GI2QZEY432OSPEGDL4DA,B08R939TKC,1619562717448
AEGSZNY5GI2QZEY432OSPEGDL4DA,B08VD3ZVSL,1619562438559
AEGSZNY5GI2QZEY432OSPEGDL4DA,B07VGN44WK,1595110889592
AFJKURWQ34J3DGHVHKEEI7JB6OIA,B089NZ5LGV,1597171622422
AHG3M3Q265YIJSQBU6LR2LG4UDBQ,B08GDYSVNN,1608145275141
AEKKGSOXEEOYL2KVNHD3XI4INGXA,B07PRXJMLZ,1613436340709
AGDTEBZOYU6D46CDP5EKXFJXJRRA,B07H3QNJ1Q,1552387445231
AFNE6OKT4ZTEBRDVGPFZWPJNFCGA,B07DNMN7X6,1542640683512
AEI43NAIHRSJ3DHHXCFIDCLDNQAQ,B0848MW5ZB,1662279647992
AHXOM744WJ2MDKZML6DD6XZHKNQQ,B08CS3K852,1614762775407
AHQVTKF74SCLZ5CTMXTA32ASFVPA,B0742LVLMJ,1510949506296
AGYMLJVMVYHDWGDJG73YI2JGGN6Q,B095WFPM47,1624766087560
AEYQ27K6CM4HGIEPI72KFZFW3WXA,B07NVL6TJG,1563111998292
AEGV73VNWIS32FJ3D5G6IRHUIXNQ,B07QL1JRCN,1579379603102
AHZQA44XJRUXPRPUR6ZEGUQ5USOQ,B098BGWMP2,1633741472562
AEZP22D5B6O4ARYI74PNEQ44IAYQ,B0742LVLMJ,1533723570597
AH7EJOB74S34Z5Z5YVKOIIYWTU3A,B07RBYJN37,1607601975471
AFRLWSYKYQGHYJ3TDL6A33EVB23Q,B07QHDPWTR,1556686415762
AEZOZRI7ALU7L243NCYZK2ER6ENQ,B07R7WVRGL,1670538439824
AEVOYJOQHMCR55YDR32KVJ36B3SA,B07KM6T8GV,1662572822741
AG7EUESJYVTWB6KSXIBK7CYQJNQQ,B07VGNQD8K,1619689761078
AE5E2OENF7YTHQOPHPZHXZ7XJ6VQ,B08D9R31JV,1619123175046
AFXC6IG7PDOUECIX4H5P4F37RTHA,B083JK91W6,1657730416659
AHY5QG255YXIAVXY4D2O22OPDWHA,B0742LVLMJ,1534023922058
AHW5ZMORJKQXUF4BASUKDM3XB6QA,B07NVL6TJG,1597509039690
AFJ4BZ7OMLZP4QAWU6ASDIMAGVMQ,B07SQBG2VG,1573914865993
AGAJ5XJB7GD6YHMQVI7SXANRYXDQ,B07NVL6TJG,1602594200362
AH3MHAPTKLO3I5IIXHDFTG4KD3SQ,B07VGNQD8K,1659387184826
AGYXJ2K4XKQZMBJOLEXBMHDBPTDQ,B07KJLV75L,1665684488815
AFPNNMIGROBSHRQIA4AY7O62BHVA,B0742LVLMJ,1566277146990
AGF35H4JCXTUII7OCAIK4RQ6DFHA,B084L6QXWS,1593169082751
AGF35H4JCXTUII7OCAIK4RQ6DFHA,B07VGNQD8K,1592236423987
AHF5A366HU6ZNKHJOJFR5NDCXBEQ,B08LDQGYYR,1646870952986
AF7H5ZJYKF37X7HIQGSJQICOXP3Q,B01M7UDAVI,1577587789597
AE55M4WAJURH5ORGO5S75PJDI3CA,B07DNLPCB9,1540579847124
AFATQLJ2SXSZLWFTO7XEGYAOHJZQ,B08DDJNJ9D,1601325373578
AHQION2EMNTQPCQKVGD46NCBQDRQ,B07DNLG9ZR,1548960665459
AEFHXCLE34M56RYHF2YN6LWICKFQ,B0742LVLMJ,1534130194777
AE2KQ6ERYV4BCHJOSLLSVHFH2A4Q,B07N6L9XB7,1580169285473
AEQQEODGZU7XL6KFJKVHI5XXQC7A,B0BQ13VQZS,1680620387853
AFSN2UQHAIJVGZ7TX3HV2HOL6GPA,B01M71IUZ7,1515521688472
AE7UFEQ3BL67JGXRZM6DCS7TG4PQ,B07Y1WGP67,1630180290429
AHJQHN6ILDPD4GXI5ZAFLF3R3XZQ,B085W6VHP4,1626824482344
AEWWHYC5M2N57BF2RM4R63Y32BRQ,B0742LVLMJ,1619466568396
AFDURDWNWR6QJRLE6DE2JHO7OXKQ,B07HP75X12,1547222083855
AF5X73H7LLZOLJ3XZDQ62HPJ3MMA,B08R5XBH6M,1667865038440
AEYYJ4BJKWED4KSDOW4WPLIWF2LA,B07HFL1GS3,1619549244688
AE4WBVBVMQCEDFLMUWCNJ3FR6HAQ,B087GQ51ZB,1653016719755
AFOBTNUG5H75SM6MYYPCW6AD7BQA,B01M71IUZ7,1485888472000
AFP5YG2R7EILQFTK63RVPGSWV6RA,B0742LVLMJ,1578694512186
AHR2M7FQ7PQCHZMM2PV2PIAZE22A,B07THJZVK1,1623938989488
AHENVYZC6LVXYIZWXVGM2RURNUPA,B07NVL6TJG,1601233080985
AHBEQJ2I4D6OBZAK2ALGFPG7R6KA,B095WFPM47,1625783093900
AHOTUWOTBT5UZNVGCQK3LEMKKEOQ,B07KM6T8GV,1581208920557
AEFQHXB45M36SCOFOJBBMHLQMB4A,B01M7UD21X,1489893846000
AERXHCMJZNAPMWIDMDCU5SK3RVCA,B086JBB4HD,1610381470904
AFXGMKCSNW462QJSNZESFDNAF2IA,B01M71IUZ7,1524172794184
AECTUZQSR7IDDMUZC3L77RC24DMA,B07WV628P8,1629421817655
AEKQJAIZYDZJEOGAC5UMHPJ7XZPA,B07GC3X8V7,1558275165383
AE5AGVRKX4TBKBXUELIQV4PSKNDQ,B07Z9GH8PZ,1595039166111
AHPYOBZZM6YICEQPRJMMCXQPLTKA,B01M7UD21X,1534035900837
AEQTOZ5I7HWQWYHTOYVX4UB75AQQ,B07H3QNJ1Q,1539466739077
AF36UCWF6SLDKHYMBV7K5DOONUZA,B07KG71FKH,1595801285351
AE6UWR4LPRH4UGZX5IYBDZFZGYYQ,B07VGNQD8K,1657577894961
AHA3CN44LQPYGIRLBSLTGW46AVXA,B07DNM6GBC,1537444808043
AERJ6RAWKZZQMRFXXBFFHHBF3MKQ,B0B3XVHQ87,1673337595869
AFAFWT4K6WPTJBXOS7SF7E63ZHNA,B07DNLPCB9,1543949744566
AEJC3JONWCRRBF3IIGJZMWSTNE5Q,B0742LVLMJ,1561232031053
AHGNTQBEKMWHFELJIQTIQAC24PVQ,B07DNLPCB9,1555775609769
AHKAUTUTOHCZCHRE7IY5CPSR3J2Q,B08R5SZPNZ,1623456140980
AGSMZG6YRPY3EPMB3XISYEPBERDA,B07Z9GCBVF,1614981755377
AGYGDFLFE4USFD3EGGGIDIJLKXIA,B07DNM6GBC,1597433480855
AFQPLIVRGZSXUXNVBVVJ2CYZ76JA,B08D9S6BZY,1598755729847
AGCNHVIW3EVMPNOAWW4CIEHAVK7Q,B08D6WQ1Z7,1609684205926
AGJEWSUIYLJELDL3M4RQPIAL4QHA,B07HQJPGL2,1545691402804
AHQTJIPSPFY4R3LZWCR5S5FKPVEQ,B084KNZBM8,1624584020510
AHIVOPGX7NKPALSDSSEEEBM2UBKQ,B07NF1GN7H,1569867897813
AGFFGR67XOBHMSV5HDGPBUTQ6RVQ,B01M71IUZ7,1540917009965
AGFFGR67XOBHMSV5HDGPBUTQ6RVQ,B01M71IUZ7,1540917009965
AF3JJN4IKX2IKVARCQZA5DL63VTQ,B07HP62FDJ,1577280333866
AHBD7YNN5EUOW3UMWEPP5BCEIDCQ,B01M7UD21X,1500540271685
AG52MDYBKL4G3FGW7ZWSF4SDPS7A,B0742LVLMJ,1515553608982
AHP3IAKWMAU67LGHADBBV37H4FTA,B07V5VWTMB,1610213080929
AGWZ6ZSDCR4ONSDLUDL7QBILSSQQ,B07HFKL5DZ,1674264434760
AFSP6OBV4YEFISK5APYU72EKBOUA,B07VGNQD8K,1610500336379
AGNJP2OLLQKSGZYRMUJJDD6HK5SQ,B07XKF8CB3,1621692752530
AE6EIVNDU3DCLGCUDRKOCEDUVRYA,B08W584JQF,1675906788710
AH6PR622KDXFHSFXFKAJDLNSIJEQ,B01M71IUZ7,1523619031359
AEMEPDHBOTKFSS6PMKGURIZLQYGA,B01M7UDAVI,1563747870653
AHQYU6LDPIPNW7LFMPJYUCU6HO4Q,B01M7UDAVI,1496164243000
AH37G3NG7MAW2V2W75TFB5LPOUVQ,B08MV79RGB,1618975073050
AETRHA3EEFWQQTAPPUMCAZL7RURA,B0742LVLMJ,1594173329550
AETRHA3EEFWQQTAPPUMCAZL7RURA,B07Z412BFV,1594173218237
AETRHA3EEFWQQTAPPUMCAZL7RURA,B07QXSYDGF,1594173135842
AETRHA3EEFWQQTAPPUMCAZL7RURA,B07YZPDHK3,1594172931461
AF7OFO3LSFDZHDDM3O27ED3RVQPQ,B08LD62NHQ,1639584318477
AHWUEDIY6YJTX353IAAZZM5T6I6Q,B084JGDV6P,1649029924454
AEDDX5TXFTRQHJDQVETODVCUAQ2Q,B07DVXFP2N,1600121442170
AGVFOJY5WJJR76YMSRXHQQ7KXPXA,B08BQFPZBT,1609784553335
AHNVOXF2LRDB2HK3PBJ57HCAIRCA,B07VGNQD8K,1607704844717
AELS6TA3WI5L4ZBID7G7LZU4V4VQ,B07MJBM6DS,1578415201077
AF7ZYSLYYC66BNDQBVZ3JVNUY4DA,B0742LVLMJ,1528940661599
AFY6EKZNVDK5QVAJ6PWI7PG7AGRA,B08D9S5ZW8,1605671002610
AH4FKDBUOIYTSO6Q77KV25H7ICDQ,B07QXSYDGF,1594506744328
AF3RIHIBYMJBWJ44YZJGOCVOEXWQ,B07HP62FDJ,1607203759359
AHXTNQPXCXFHLDOHQJPOQ6RHDBBA,B07WGGH1C1,1597294080378
AE5PRZJDZJRY5G6NAFFH6HS6XWSA,B07NL7BQS4,1610338238345
AHGJJQE3EG56EIGMK3M2EEUNJ2MA,B07NVL6TJG,1594084153148
AHASM62SL3AU7IAI2WSIWLMJNASA,B07DNMN7X6,1557510217509
AHXKFQQYHJQMRW6TTBYQZZSBWOZA,B07VGNQD8K,1649260812504
AEGMIH7VQEZG2UICSNBEYAE5CEUQ,B07VGNQD8K,1614440051913
AF54G75FTBESUJTAA7SKEVXJUV7Q,B07KJLV75L,1562523192420
AFYJSH5C66OMVA6A74Z66B67JEUQ,B08F814PSW,1628032260166
AFDMTHN44N4GBIB2AHRAGIO7O3SA,B07KJLV75L,1578028013169
AEAJQ4MJBZO3QFSN2BBF2QNYAJEA,B01M7UDAVI,1485721084000
AGHRVU7DLRVRD62M3ZZPQFT2ZFHA,B0742LVLMJ,1556054700727
AGHRVU7DLRVRD62M3ZZPQFT2ZFHA,B075NM1M1Y,1534616298216
AG2UCRTUDVTNR5ONDZGE2D2OQCDQ,B07R7WVRGL,1610556550930
AFXRVS3Z7L2QKPXXQ77NGYIXAG5Q,B07DNKDLYV,1564502736440
AGIF7ZQ2KDKUTZOMA3YLV3GJDMRA,B07GNWWTRV,1541019361726
AFHO5IKQWGF3UDKJCBJNE7BQOYYQ,B08GDYSVNN,1614795484304
AGA3W6WUEZ4PO73FGDNDSPH6X3NA,B07GNX2VPX,1552765603820
AE4SN4KEFYDF3SYBJVK4ZXSTK7PA,B01M7UD21X,1496616611000
AHHCHAI6EIIPF5TIZRFKZJVWIVMQ,B07DNLG9ZR,1534870411864
AFZZPGE6DC3MMH3J63GXANJ52ZAA,B07H3S5Y9V,1598547412327
AGNQ7EIR34ISUP6IRA3MJN2HDDOQ,B07M65D8PC,1591374908731
AEZ6ZC6JIGJO76CJKVRWOLBWO4AA,B07LGBQHFB,1555765175862
AGUTSSYXH5NCZNDFHZDOSIFXJGNQ,B09LWP4TWW,1655934882534
AEQ7HTUEB7AODCIO2M5MW5UV2Q6A,B07FT4FMWX,1540719633223
AET7K2SGNYB5TXPXKJ3RZAYE3PUA,B07RBYJN37,1619203803818
AEVG43ZKRUGNYXKFRXMAVQOJM2PA,B07Z41V1GX,1602059549934
AEVG43ZKRUGNYXKFRXMAVQOJM2PA,B07Z41V1GX,1602059549934
AEPLJTGGLHLLHGSF3VXSBTJHDILQ,B07VGNQD8K,1644619262995
AGY7L5TZLQ6O72ZEFXK5K2NW6EKA,B0742LVLMJ,1607621740785
AGY7L5TZLQ6O72ZEFXK5K2NW6EKA,B07R7WVRGL,1607083107970
AGY7L5TZLQ6O72ZEFXK5K2NW6EKA,B07Z412BFV,1602018731048
AGY7L5TZLQ6O72ZEFXK5K2NW6EKA,B07SDGKP88,1600025288220
AG6MCYCVSTBTJ3DSRKCMJGG64SRQ,B07KC11QFV,1603117358561
AEEIYE5ZMRDEUVPUJSLWA2ZVQ4MA,B08MW4VG7D,1629657698698
AHBEHN2ZKVFH7QUQXYWYH27GJ6XQ,B082B8JVMJ,1640810681012
AHGIRVNQWZBMNDGDTU5EZNPEZF2A,B095WFPM47,1641494462082
AFETWET5U4SVQLPYPNUOGS36EXZQ,B08M471M8J,1612033572406
AEW3GRNKQGNW537Q2HCGKKVS6ALQ,B01M7UDAVI,1501029612125
AERLXUX3CP5A6XHPO5RBXKSKQI4A,B01M71IUZ7,1532221455352
AHIM7PY5TN6N37MNMEIQGSNKDBUA,B07F8Y6BH9,1589249118703
AGKZHSVT5YRQTOCDT2FTGQT7FZRQ,B07GNX2VPX,1557437708847
AERNVTMUP3P7DBXWSXDAPOWIENHA,B01M7UD21X,1496175564000
AE2BAGE6YAPZGIVFRFDCLEASXIFQ,B07VGNQD8K,1625882406939
AF2DD4BW5VVTB6BKQ7F2DC4SQVIA,B08MW4VG7D,1619012804179
AFBT6XQKSU236UR4UEUQ2WXVJHEQ,B01M7UDAVI,1537495001275
AEBMV2GE6TELQRF23TUBRCY7W3IQ,B08C1NC54P,1615757373237
AE3XIYY5E5F2TX3GZIGIMZQ5NFYA,B08H5MHM3N,1620283289171
AEQV5IEST3VU7FJ32SX46NKQVRFA,B0B2X45J5N,1681843111343
AF4XMEKXUV3AKUI2NRTEPGKPKNIA,B07KT17L2S,1607374391871
AHXHYJV3R462JOGPJTU7YJI5G6RQ,B07HP62FDJ,1573080945212
AFRV7QLING3SIXRZWASBJQHH7FZA,B07KM6T8GV,1580772278669
AETZLYK3QH5TZIGPC6GDXAZWP5FA,B07V5VWTMB,1613783637908
AFF5PPGCKTZH24VTXNBLX3YVA57Q,B07SPDBR1J,1658592991862
AGK5R6PJURUIN634HVU62UIM4KZA,B07TWRWCRT,1682349194527
AHHAVHG3CHRJDBCRSW6D3YZGX3MQ,B0813RKSXT,1596941244000
AFTS44AHJNK6ZC46LDYITJS2YSEA,B07KC11QFV,1631473071399
AFCUW5NKY5ZB63STGMME45ZIWJJA,B09QD6R1DL,1648219265291
AHVWTIPL5FCM2GON5B22EYANGRWQ,B09R3KVR5X,1659914361877
AH7NTIEKLQTHS5JLC7FCZKIZTM3A,B09R3WJT82,1662336268160
AFLJ7VBTUGXAHZGM243T26VBSPNQ,B0742LVLMJ,1540404249445
AEIPAHH26ZPLYNABINQZN7ZQK7SQ,B01M7UD21X,1514231412047
AGEOOMTSNSJQHYKRTLUMRZE4JZEQ,B08DDJ1QRS,1619384301056
AFY6WIKACT2EW2RAIXNERF6VQJUQ,B07F8Y6BH9,1566946895587
AHSD2WYNPWAWV4BV5WUW7BAK34MQ,B07DNM6GBC,1535040771787
AELOG4SC3Q3CKLNRYDWMDNWISOHQ,B07GNWWTRV,1544793904691
AE6L6HDHD2IQ7VEXOHFUKMO3IWSQ,B07DNM6GBC,1534463717086
AEKQ55CRPD2ZWBOB2A254T2APGMA,B08JQMD7B6,1649423115569
AERRKZMLMET2DWWFV4BVOYTYSYSA,B07XZ9MXHJ,1579530103398
AEQ5QRJLFEZXPZDKWPRR6NFSCS5Q,B07DNKDLYV,1563572260231
AHOLE7CRIMTYUKTSLEDXTXXSVIMQ,B07H3QNJ1Q,1547165640751
AEDZBHE5GKOFDW66DG6ZZOJBIHOQ,B07SPDBR1J,1621102247457
AET2GH4ESDHBFHXWUAN7FA77T3MQ,B01M71IUZ7,1485605934000
AFLCJWH72IVNQ7ZUPFWKRDRYTIIA,B07DNLG9ZR,1548972579359
AFLCJWH72IVNQ7ZUPFWKRDRYTIIA,B07GNX34XV,1546910129554
AFIW7ZGVL5OFNPYWXOWWB7SBMJNQ,B095WFPM47,1644482116476
AGQFY3E2H7NZOPJDA7IITRHRV5NA,B075NM1M1Y,1552147606018
AG7UDKXLN4JJW2LJNRUWCAL3HKFQ,B084KNCD6W,1618083688885
AH35TJXMUTUWX6AEKIMFM7JJSJYQ,B01M7UDAVI,1575938532883
AGDRRJ5QDA4BKNY322NZHYH6X7RQ,B07Z9HRT4B,1597859916028
AEOAN5VPNLLTG3ZUABFCF4NFWCKA,B07QL1JRCN,1605567931238
AEUQH3F3XQEGOOAVNA75SYB2OILA,B093T2CT9H,1646869442081
AEUXUGVMOSM3563Z6CMB7V43CJCA,B07DNKDLYV,1554724011496
AHXPTUZIBSXEHKH42CUMAG7RPJYQ,B07KT17L2S,1608406952417
AESITNQNJYHZ4HROAWY3ER23N35A,B07HFKL5DZ,1551117233893
AGEXNO3EL62PZRDREYZQTRCMVUAA,B0742LVLMJ,1587505067830
AEPJ3OVU6EY4EVGJGLHF7BMWLYHA,B07GC1XFJ7,1610817168569
AER76CHX4TDV4VROTI5VYO2MCIIA,B08MW3YHLS,1614287878039
AHINB7SFAEKFFCDLGISDRGRHJP2Q,B08GDKDMDT,1614025162316
AHYOKOGBVNEJS4Q3FQPJ7LNLHJ6A,B0B6CPL52Y,1673149052617
AHYOKOGBVNEJS4Q3FQPJ7LNLHJ6A,B08SHQ43N1,1615611990268
AHYOKOGBVNEJS4Q3FQPJ7LNLHJ6A,B07HP75X12,1598980274479
AHIUKGGYLGRA6FE455PP4QHKPRXQ,B07GNX34XV,1577838731640
AEN56F6VDYIMLNK2DLHOQLBJJCIQ,B07DNKDLYV,1554744313565
AGYYP6TJPFAYUA4K5NRDAZNXGHRA,B0742LVLMJ,1610717191417
AFL77S2FDZKPRYY4HSWOPXHCOILQ,B07Y23PKWC,1588357472783
AEEHYSMDCVGJITWCLNS74UCC6B3Q,B07DNKDLYV,1650051765704
AGBAB775RSRDNO4625G7ACSCXLUQ,B07RBYJN37,1640969756211
AFESZF5MCDKYZ3XVTNTRK3RNXHBA,B07SDGKP88,1579360237666
AFNQ2ZPE7OL42NXXO5M542BIPCJA,B01M71IUZ7,1507567658429
AEG54WWTF6YNNTOYBY7HDXVDKJXQ,B07SQBG2VG,1604612242373
AGIHGJ3BBEW5TIIIFHLFVI3FOBTQ,B07R7WVRGL,1624415536078
AELMWOMHJKY2VSSVYVBUHEPCAHCA,B09NYFMW51,1648293473812
AH6YZRF56LYJ5F47ENAIUY6BWNQA,B084KPMB89,1639255823108
AE3MQS2ZP5APB47EIADRXEJWBN6Q,B07L3K8S42,1602002803881
AE3MQS2ZP5APB47EIADRXEJWBN6Q,B07X5SVBJW,1600991855098
AFZP3CENCH2D2RQIVCZADGE2D54Q,B0742LVLMJ,1597595851188
AEVBRVJF7FW3V4ALSVVLPNIW5UMQ,B07HFKL5DZ,1603206405088
AEM344RSFUBNOUHWLM6QNLF3VM4A,B07XGDM47D,1619330842846
AGXQG4S24U3PYDGVNUGQAVD6AGIQ,B095WFPM47,1638302351193
AEM4OJ24SIVHM3IIXQUHD2MLYD5A,B0BCMLT399,1678827333380
AFSUCN43KQBSV3PZ2JBIBEWQQHJQ,B07GNWWTRV,1546473928811
AEKDRFLS32RP56XGD6GHQIDCLIUQ,B0742LVLMJ,1528244088673
AGNBPA5LSOQVS5WBDOQUVSR4BTYA,B07DNM6GBC,1578958974477
AHTRFBQL3WKECCXZDRD3ILZRHGDA,B07YF7KHLP,1577495155055
AGBNGMZAOSQUW763FHM5OUEOL2XA,B07X5SVBJW,1581152021321
AHRYPZRW4OPADCU6XBCB2DOZNB2A,B07WGGH1C1,1642897135368
AHE4E5IKQ4UUCFVCPP7HDWAC4IUQ,B07MGJZ2MH,1577444870437
AECOVJFGGCNYXJQ5A57ZEAROIKCQ,B086JBCVB4,1595523422295
AEIFXWHNQJW6PMMFR4GJ5J7WZ6UQ,B07HFL1GS3,1650391841435
AEN6CTJYTANJB3ADDLAGKEWBSG3A,B07NVL6TJG,1606926223125
AHJ5FKG7ZUUMR5HFM2XDZZEUYFXQ,B07MGJZ2MH,1594583222907
AGC4IY2SDLGI4YPBM4I4ICWLC5BQ,B01M71IUZ7,1486234784000
AHK72LUOIEYKTYUETWU27KMMHCEA,B07DNM6GBC,1578833458320
AHC7PZHTBRZ3NKWDX6TF4HYOM2SQ,B088YB3PRB,1597064524340
AGKG3PKTABYBOGR6O4VJDROS7J4A,B09LVZ3T6C,1658153734712
AEYKBWAKH5XUL2PJPUFKLIXE35ZA,B07DNLG9ZR,1538888828368
AHYPU7GMVWXKXKG5X2B4SAV5LBCQ,B01M71IUZ7,1496613560000
AEWZ7EJIR7ONRB6K4IPCILXN5YJA,B07H3S5Y9V,1590157225930
AGRWBMBICS3NKRZ7RCHSGDUAGM6Q,B088YB3PRB,1598286826425
AHM6EWRJ7DGEQMXVN2XG3VR4BTAQ,B07WGGH1C1,1606592273430
AG65OWZQP5CT5USKJW4LEANMURKA,B07DX25MZK,1567660578766
AEPUFXDBMZPSA23ID4F2L7ZOY7XQ,B07V5VWTMB,1597322246789
AFFP5FOPWCBKIO7TIQJSCDIHC53Q,B07DNKDLYV,1627947267710
AESL5JPIKYNPKMGYLCZQRT72SOBQ,B01M71IUZ7,1541851259073
AFAC6RVAU67PFODB45JNYAUDBG3Q,B086X4FPN5,1605645230229
AEAVVYJUR5J6LF5NCW3I2NNBBPUQ,B07L3K8S42,1607007548780
AEPRVLZJWMPOXTGD7SAPT6UFELQA,B07KSZGDD1,1631301306013
AGEYREUMRTGP3REDAQNLCJARKJMA,B07R7WVRGL,1578533451132
AHXRRATJYQSS2R2YH7RTPHRULLFQ,B095WFPM47,1660319857848
AFZQ6L6Q3QCHKJYWA6PES4ZIAFBQ,B01M71IUZ7,1533488873899
AEXATMNZVIVL4776CMLPOCQGKYCQ,B07HFKL5DZ,1609602690215
AG3GOZTW3ASY7I7XWEWB3GXVR6MA,B095WFPM47,1633617746882
AHOIT7PAP6EQ6KSTFVA2H47I3KJA,B0742LVLMJ,1598739044313
AFDQQATEP3XECFM7I3H7IN6VOBEQ,B07KCLWKR3,1580589906853
AHZTL3FLIVVEJVUI7CWDVZFQT7PQ,B07PRXJMLZ,1614218553606
AEJL4OHBAVCGGY75B7UCBEX5ETRQ,B095WFPM47,1624669378840
AEI2UVO6J5Z7TUCESXAWEZCNMSLQ,B08GN1MJYB,1632157608132
AEFIIPPQN6ABHSAVQ3XYIEJVWCTA,B09QFZB4QS,1651069183409
AFWT5XQIKQ3JNQQFAFSCCZSSAQZQ,B08VWL5GXJ,1645184778013
AEDQ5I2YKRVETHUAAP4CQBZBV6UA,B08GS38B42,1625487522782
AE4OJ7LOGA4FC6WIYASREBQ5VDAQ,B07KCLWKR3,1558329220317
AHHGKA7AYGQPDEDDNZXPT22OA6KQ,B07DNML26P,1533136549400
AHOJYC77HWMWSAPS3ITQECFUZKEQ,B07STGWT1P,1567651870884
AEJZJ6VEYAOES6KH7TUYQJWPCLSA,B084KNDTWP,1594162476458
AEAG5Q4NKA55CS6G5LCPIBH57ZMA,B0742LVLMJ,1592845167825
AH6ISNH2SHI6INWJR77AHAU4NINA,B07SDGBPGK,1564497851002
AFJ2WO4DII3PCDJC5N5MCEKD5PGQ,B07PRK81VF,1587095139648
AEVY33P27BERPW2IAQLQJTQCHJSA,B0742LVLMJ,1593823482357
AFL7GPAGQCMVQIWSMYCC2KLJXTGQ,B086JBCVB4,1627688547724
AFGTETYFNCN4NXQHFVOLQASS2Y6Q,B07KJLV75L,1557923263692
AHEB3C3V75FK7EPO6CECPQYUIDTQ,B0742LVLMJ,1576735325318
AGRGZKFVU7JAMMO2CLHL77RCXWPQ,B07DX2M8S6,1593925048808
AHTSHUJU2Q4IBCPQ75XP3QSBOP6Q,B07T43BXRD,1609125981512
AGG2UICYDZDL3SIZAPLE5JRBLXWQ,B07S63NKNB,1574882186731
AFZWCRFTXGYTLWFFAYNKX372FFEA,B07GNX34XV,1541550480584
AH7UIUM7GRBBZN2HFNKYHSBJS65A,B08GDYSVNN,1603422990257
AFOJXGHVLFWJZXGSTMX6HKN2Q4MQ,B07J2LNG43,1545662309725
AH7GJWOXMKPAEDD4PXQKTI6YWS5Q,B07DX2M8S6,1540419139199
AGSF3KP3THONCNIA667WGC2DYXVA,B07F8Y6BH9,1549739282761
AEESSHSFHXVNKNJRB2N2YEJWTGJA,B07VGNQD8K,1591637513410
AFNWY2ET2CGXF2YO5RWVJVHKU7TQ,B07VHRZHQT,1576594481368
AFTLRFCK3L6CIS5RPVJBQRGCGQFA,B086JBNB84,1604513845063
AEAIXD56GRSSBU4VDDO7EZS7ON2Q,B07VGNQD8K,1599313098693
AHX6MSBEKOZ7JROYTDJSH4H7XEWA,B09VPZPKZG,1654752475351
AHB3KGJFSSUWSWMOBGSRFRIGCLWA,B0933CF1DM,1650134078718
AEO4XRCDENL5QT3XTGAYGUWRONKQ,B07KM6T8GV,1573867418545
AHP34B5ADCYFV5YMBVFXJWUUL62A,B0BCM2FKVB,1668972903363
AHP34B5ADCYFV5YMBVFXJWUUL62A,B082VGMJ19,1622749478252
AE65RMXEMSMF2AGGEZBQS2TUSI3Q,B084KNCD6W,1642111935596
AFT54TSQS57HBCUSSYUBQLEQ7XJQ,B07VGNQD8K,1611855345258
AEZA45GBUVPZ4SS7G7FOILNUVSXQ,B07S63NKNB,1581486498934
AHPXJUJQD3BAQN7FMITD7XHFALFQ,B07DNML26P,1554859484007
AFPAMHM6763P6YTZFKA6CIJR66KA,B01M71IUZ7,1518413886177
AEKZJWOPAMJ6YFKZW3FLANYYQIWQ,B092R5FPR3,1653149014105
AEELB5XHDWNL2GF33DZJXCKNPU3A,B091Y2L7NF,1624403396396
AEX3WA3SXWXUU7YNQ7GK5Y3554XA,B07Z9HRT4B,1602817274656
AHFWT7AV44ZGULALEXQPJNQKTIEA,B095WFPM47,1658601436273
AH5K4VZ5L4VKFB7FEIT6K7AEVVLQ,B01M7UDAVI,1544476107734
AG2IQWAXGBRJ7WBK2C72RAZO4CNA,B08BQ2KCG1,1610424798725
AGE56V2LRJBFMG5UPJ2TXKMRMVTA,B08LDV5MBB,1679009764447
AFBXUIRX3XUATAGIL3BWJMO3VVDQ,B07X5SVBJW,1641845003855
AHAJABLXZFYMQLU3DHEELI5ZLJQA,B07H3QNJ1Q,1597804337305
AGK7CUTP2HKIMTB3HY3BXSUVCDNQ,B0742LVLMJ,1595718289180
AGAOZZXERVATJDHVYIYP4X4HXMQA,B07FT4FMWX,1558839859652
AHW44QMJEWGDXE3XNYAVHQRDW6VQ,B07R7WVRGL,1611444901908
AF2AUEUVBFDRXCWHHZTGVAVFK4UA,B0742LVLMJ,1523128211814
AFFIJAY5E7ZSG272YN4CVC3XSJZA,B0742LVLMJ,1569352447529
AGVQG7UALSUWMBISIGA3YEIKOBAA,B0742LVLMJ,1513917747118
AGL7VVNHRCR6JWBMRLFRQKXUX66Q,B07VGNQD8K,1597955478054
AHRV5TCF7GGCPG5UPWE6AHFW6UWQ,B07DNM6GBC,1540867755790
AEVYM7II3RE7ROQWGWWMIYUK6PQA,B09SM1VT1D,1660430197494
AFONXX4CPURSGQ33RGLFL3EVI63Q,B09CR7BH9K,1649557498979
AE47A37JIUM2G5IDHP2OWEJS53DQ,B01M7UD21X,1485627751000
AFOPVYIF6VNQ6KVYSGSSG2DJFKCQ,B07DVM8MM5,1563385791638
AH7FFN7X7DWPXIKHAXHOKQYJIEMA,B0742LVLMJ,1561002368338
AHXJFPC2IKGOUPYLFESNTYZUZMBA,B07SPDBR1J,1642545614499
AGR65BKC65RQ3BA5BCNSWHRPGW7Q,B092R25R68,1643463888651
AEYH3YTVC7DEUPEVZEPKBOY32WXQ,B0742LVLMJ,1581598611293
AGMVV62PONBQU5WN5PK5SHPD4OGQ,B0742LVLMJ,1607763167286
AEZ6BBKLPP6CVIPSHARJJTVCAVFA,B07N6MXJT7,1608233284669
AHFWZQDOIUX2C4VL5NXTY7KN2JLQ,B07DNLPCB9,1564623431957
AGYK3FFMLAUTX7WKO2UDZ3TK2MOA,B0742LVLMJ,1501252046885
AEMOKEITKCD2RIX7ENQ74Y2I63NQ,B0742LVLMJ,1659120625907
AEB6HHBVEU4UUIL5F4RT6W4XYOFA,B088YB3PRB,1606933586677
AGVCAQKZIIDEF3EOZJPROZCH7MAA,B07NVL6TJG,1655925396811
AHTDA4NRJFC7T2PAHLZ42ZJOGRXQ,B07DVM8MM5,1593351612243
AFHN2BF44JEIJ7UAUFCGGRFD6WDA,B07DNMN7X6,1538068512321
AEACRO3ELQ4HLPGES3PGWEJ5PJXA,B09R2M2691,1664064974641
AEKMJFDEQDDY73OVI2LFA4QFWVXQ,B07VXJR1PF,1582150602941
AF6AD25CGOPRDBPHPY32JVCID6NQ,B08JCMD2DD,1615880401790
AF6AD25CGOPRDBPHPY32JVCID6NQ,B08PVZ417Y,1615880366342
AFD7MVIWAKOGXHZD7UOCGUDTZMCQ,B086JB197X,1607607675438
AH25RJJRYW6OB5Y7VT2OU22SN3NQ,B0742LVLMJ,1590430207452
AFBPEB5PZDRF5TBFDPLKETWVBQHQ,B07DNML26P,1533401105436
AFTMOS7K7T724LL6WBGMXNU6PNUA,B07QL1JRCN,1566674188511
AF6YXKYAX7JVDF6RI25HQ2AFLFRQ,B08GCX3JCX,1652340866546
AF6YXKYAX7JVDF6RI25HQ2AFLFRQ,B09FLZWCJX,1652340580030
AEJ5KAELEDAAHKFIJJVIAUPSRH3Q,B0742LVLMJ,1555088937519
AEE5VJIDD3COZ7DX2Y6UQHWF2Y3Q,B07TBGM8WB,1636302773495
AG7UXQ2CCGY23EYTQ6T7QYFQR44Q,B08R5SZPNZ,1622083408916
AGELO5W4IW64YC67QULNTUGE3ILQ,B0742LVLMJ,1521583561691
AGBPDJC677TJJYXEJHKLELQDVFSA,B07VXJR1PF,1612625746402
AHWSUZBS7OTEND2KKL5JMPC7I62Q,B08M3ZFWDH,1619308239832
AGOEDKZNVSNQWSYKTLWEGKOZJUVA,B07VGNQD8K,1609964803484
AEVDCHPFY7NGGGYDLV6ZDUIVNLLA,B0742LVLMJ,1605210473707
AEQS6TSZDXUAIW3BDD3NS7ND74SA,B01M71IUZ7,1518446851997
AFNXUPQDO666VE5DDLNWWZQOKNSQ,B09SM6QNX7,1653836892051
AG4MYS2ASUAANMRKNFJQ4XFHTJZA,B07Z3ZCJC2,1589849002294
AEIGANHQCIS6SFKCJ2TO3KJZDJRA,B01M7UD21X,1576380343753
AFTSF4OY3NF2ZBUVOVYBIMXPDPQQ,B07DNLG9ZR,1554663821894
AE3CY2TKBU4QR4XK6X2OQI7KFOVA,B07XGNHYC2,1600116703480
AHYFTWFOHQSGNHAEYJG4TQR2TZBA,B07VGNQD8K,1630278043864
AFQUUCNAQTFRWZSPVERULS6KIQEQ,B086JBCVB4,1606079910965
AFH6FHRE6KIEPQMLEUHVI7L2QHUA,B0742LVLMJ,1572436129731
AHIAPPIX7RCHSQ3ABD3BRRDGFJ3A,B0742LVLMJ,1540934644837
AGAASNG7KSIJWTJMNSJB6UFN674A,B091Y55Z1H,1624393521770
AH3NVFOKHY2KZ3YDT3FJO4CBH2QA,B09DTB44BY,1653595332591
AFEOVVYLOW2VNQX5SYZERHCSYRNQ,B07NVL6TJG,1566182518701
AHQVINIYX63CKM6L2M7HXYOLOY7A,B07WGGH1C1,1612933762126
AFXTDXEP2HOVXSIOIZKY7ZCRQS3A,B07KG71FKH,1595766692085
AHVQ5RYLZ7UBA6EGEOFNA2FNKBBQ,B07WGGH1C1,1620444094122
AF6E27MCVFKIOXSNLU7UVBYSAF4Q,B07KG71FKH,1631855081509
AEJLPW74UWKQPI7TH44T3XMTDR3A,B01M7UD21X,1528153845329
AGCR7JS4AGWTJU3L5AJZ2IAMDB4Q,B07L9FN2CY,1569600046208
AFPUNHGYWGPJPELTC4AYSWPBRXTA,B07WGGH1C1,1575881996311
AF7SRPCZRN2R2AOUSKKPZVZBFUBQ,B07VGNQD8K,1609090456134
AFZSLU4SCFPPBRFU4EKGZCQGIMWA,B07NVL6TJG,1598744190129
AHSFGMBNCQLYAYPYDDKVTWHDSYGQ,B07NVL6TJG,1614629019395
AEM2KPH42PKRAKRXTB4CBESO5S6A,B07NVL6TJG,1602016802364
AHZPV2ZUEXUYQ64C4XBP5N6VCLKQ,B01M7UD21X,1572901438140
AEXEE4UX2AZ4UD5JKRBMYRITKTIA,B08DPYMZQ9,1597761408204
AFKVVMMBK2TBCVSVYSMRNK5UQX2A,B07GNX28KS,1542588514609
AGO524ATVULJVRZZVOE6TBWJXELA,B07DNML26P,1633180848821
AGVUDFPGQKLLLEISWHNCGQDFN2AA,B095WFPM47,1626109868936
AF5YFAWKBWYKQIIFU6YP5WSBE7ZA,B07T5JT9D4,1580154973062
AGK7FEOHIX5FB3MLODTAJO5K5JVQ,B087YPRGKB,1646591973701
AH3OUWFDIANYXUGI5NO2E3PESMZQ,B084KNDTWP,1660066055397
AEKMFQ7WKYNFUZWWRRCMOGRSKLUA,B07R7WVRGL,1641184357769
AH52QPPQQWKHG7PXU3L3SGZFJIGQ,B07F8Y6BH9,1559688236571
AHYIHJLWBNQAXAXFNH4REB73V4XQ,B094VL53YW,1642471993981
AGJ7NFI7MYSAUGS3EMRQOCYQ6CXA,B0742LVLMJ,1553457719617
AFJYRXFXYPVURNVXDUR6BEIO26BA,B07KM6T8GV,1649369445601
AHQFNXQUZ7ME6XGQZCLZVTMIRBBQ,B07RBYJN37,1613326708428
AF4BGWZYXY2HF26DQ3PDRBHJE6TA,B01M7UD21X,1552796864141
AHS3RZHFWSLH7WOUD4RTRSHQU76Q,B07YZPDHK3,1652325405070
AEUA6K45QJK5VFCT637VYA3XI6PQ,B07NDZJ8YT,1644698054023
AHLIBKZNRQCZIBDRGF6XPQ744E3A,B01M71IUZ7,1513183266987
AEELRXIB6RZSYHGNEZ425JTSDRAA,B08GD26JQX,1622581604338
AF35XZFTCPWN4HZT2FTH47DOHYMQ,B07QL1JRCN,1605388862656
AGQQNDRFB5F6YFELPYSFSWITLGXA,B07DNLG9ZR,1623679827483
AGQQNDRFB5F6YFELPYSFSWITLGXA,B094454Z1Q,1623679404051
AGU26ESMLM6T5AQG74MY2MK3FAOA,B08N5BJPBD,1664494129176
AHQB47V5CCQTOW6HRCDLKF3DCTFQ,B07VGNQD8K,1625954376415
AFMJRDRVUA2ZEV5ZEW6IO75RALRA,B07NBPQL3C,1560650063514
AEMOZ5PMNP4YUVDU65QEMY536VLQ,B01M71IUZ7,1494004994000
AHXK7BKIWYDGC73O5MP2RQSG775A,B07VGNQD8K,1592242700095
AEWKC4CVVZBNN4VVP6YGH37CGASA,B07KTB8PHS,1614983231842
AHTDZE6TUYDWNSQ7H74JAVX7YX5Q,B07NVL6TJG,1563215939873
AEFDQWYIDBQBQWLOFGRQ5BM3U5TA,B08SHQ43N1,1621476219557
AGU4GA3BZV7IFTXFRRDBZN7XMTZA,B07FT4FMWX,1608687068277
AH7KXY54QXXFQ7LTDX2JHAKPIMHA,B07DNLPCB9,1535164980500
AGKJKB54R37WPG2WXN2BIFILDHDQ,B0742LVLMJ,1537320966168
AEI76EJESAPTKNZ5BQBYXITJKFBA,B08C7HCJGF,1609215616914
AFQ5VZSX4C5JG4TURNBVASOB6U5A,B07DNLG9ZR,1632289422289
AGPJFBG7WDMOJPN5WEAFUYGBUUVQ,B07DNM6GBC,1535917090820
AFR726QVS5CW47X27AJKCEGA3HMA,B09B2GG5PF,1657419262592
AH555HX46YFWPZJR44F5RXPY3ZAQ,B07DNLG9ZR,1613243274266
AF72GDR6ODLURPV2KBEC5XIQOVKQ,B07XZMR3K4,1663288806724
AFCDZAS4CRWCXE4VOFBWWGOL2O6A,B0742LVLMJ,1596539914543
AF4LLGMIQYRFGAG3SVZUMLWPSGMQ,B01M71IUZ7,1504376738487
AGQ6HTJC6LVZ7AWJIT6KOXZBMN6Q,B08MW47ZLC,1640979268568
AGQ6HTJC6LVZ7AWJIT6KOXZBMN6Q,B08JD8K71G,1625347137271
AETJO2AGCHJTU2UEPJYOLAGIJVCA,B07DNLPCB9,1541777733754
AG2RL4SJOXGUDCSSM2IC5YNQJQLA,B084L6QXWS,1623948898186
AE47J6AJVDDHYMK42UJHBRYZAYNA,B07DNLG9ZR,1539642243098
AG6T6O6BQLBYWQTOI42NTCOQPYEQ,B09M7DQGG1,1649775163234
AHSWXDBTNCBIW5Q67L3EGO7CMTGA,B07VGN44WK,1576709501580
AGVNH66GDJNKXCBACNEU25L75DEA,B091YLQ7RG,1675154809114
AHTKIUWQ7VTHQZINZEKOWSEITHWQ,B07DVXFP2N,1611001924383
AEWFPQVCCHIMYLVQ2KL7V4ZVCVRA,B09X7CSDW6,1679793822459
AFRPFOLWCYJWEPSYSNO24L247SLQ,B07NVL6TJG,1610244774823
AEVR5TJLZLFKJ2ANAVP2U25RPFZQ,B09BDDB4GW,1634577737945
AGANPZZYSYIDLLMZLRMH2QTV25WQ,B09DTB44BY,1648066394208
AFHCA7SIBT2G4WBM672ZHQ3M3EVQ,B07KC11QFV,1623970630470
AGJLG6NVPWSIANJ6CVEBYBDAZGPQ,B0742LVLMJ,1604751779057
AH52DNERCX4XSVAWESYFGMBVPXKA,B07FT4FMWX,1563658952168
AHTIUV25Y2J5LQEFIABVUSCDHUNA,B07VGNQD8K,1625312854258
AFEBFKAGLWYSPV7FDQGHYNJV63PA,B01M71IUZ7,1567565969182
AHTOABAZGY5UWDDFWJVPQ3S6Z4FQ,B07GC3X8V7,1537047888362
AHIHEL25JI6CKWZBZW3WUFFNUY5Q,B07FT4FMWX,1547827362066
AGWUL4AEEZ6RJBRPROHRK5S27ZVA,B0742LVLMJ,1568099925494
AHXCG7Y4PS5V5BWIEUI3SNJJFHCQ,B08DDJ5LYG,1610050050788
AHXCG7Y4PS5V5BWIEUI3SNJJFHCQ,B07DNM6GBC,1533080785160
AHYNEVULWNS2FADPUV3A46P6OB5A,B01M71IUZ7,1511915578857
AEQXXABRSGZ2KLJDJ43JX5DCYHOQ,B07WGGH1C1,1588679492416
AEP7IBRKTZQA45ZOK4SFILBKHYSQ,B07VGNQD8K,1659649147859
AEXEW6ZUP5YW3PGUZFPGTWRIVOCA,B07KC11QFV,1554327536098
AENY3G2CJOJSM5GQ5CIVKN6IEH5A,B08PFZBXM1,1619063148320
AFM73ICUEUYMXBEJRTPQ535RKZIQ,B07DNKDLYV,1552752080620
AFO4ATIJIBTERXMJ5EANP4GWJAYQ,B07RBYJN37,1616502930048
AFOKGUZU3QPZLN26TBDXTPF46FNA,B01M71IUZ7,1518488370848
AE3OXBLAP7TH36QPZOEMIZ6RLAGA,B07GS3H343,1623020670172
AG4UV5BAHAQJIWW6IC62UW6ZAUPQ,B07GC3X8V7,1557239369376
AFAFOMTGFF74TYYTEAGEWZCMECYQ,B07R7WVRGL,1611015126509
AE2JRAGSFE2PKCQ2CDGZIVTKUJHA,B07GNX2VPX,1541730160644
AEASDZI45WYIBP5V3FMBGBEBMR4A,B07GC3X8V7,1536696327514
AFO6CSUA5BZ6I4WLKNHXJL7DMIDQ,B07DVXFP2N,1544115641777
AEQ43ZQYERFZ4DJLY5ZPQ52Q4DMA,B08DL6Z83S,1640722285021
AHFMFZCNBSN6ZC2VVO733PNH6SKA,B07DNML26P,1538368202238
AEEX3USWKGI3NB5DQRTROO65K5HA,B07VGNQD8K,1662866984460
AE4DYRU464PIJRCOKMVNYODZTB2A,B07DNM6GBC,1544908022593
AFKHH6XFUDRAHBJQJLCHP5PQHTSQ,B01M7UD21X,1546728617158
AHN2EFPHKTYUGHWBC4LXBGPDOZXQ,B084KNZBM8,1644392160379
AHM5TT55XACWACTRUFWBL42WPSPQ,B07NVL6TJG,1582589938637
AGRR2LNJLJJCLIEUG5BXBGMCJHDQ,B095WFPM47,1633798044667
AH2FRZ3LP5A5WKOVIR6O2AVQNM3A,B07DNM6GBC,1565311761807
AGNZWZPLDSZCTHXBWEZD3VQKBVHA,B07FT4FMWX,1545003438791
AHPS26P344LSE4IT7JKHXRSLVNYA,B07DNLG9ZR,1544555417474
AHCLIIBFWI6ZYJKQJ56VNB4YDNMQ,B01M7UD21X,1498914103838
AERPISOWDETF6XXMXBPMDGAPMZ5Q,B07V5VWTMB,1620836691084
AERJZCJUQFNSJOTCRJZ457TYGFGA,B07RBYJN37,1622757443865
AFZDDYPLBBXWQRVYU7N7WWWWAO7A,B07SPDBR1J,1570131823227
AGQCJMEMR7OWIYTRAFNVYQM3HGBQ,B07MGJZ2MH,1566672948425
AF4546Z5SCG3J2PSAMEXX3ODRJVQ,B07GNWWTRV,1578742534722
AGZQGMHGM7ISG2AP5J7W5TKBYANQ,B08DDK1TP5,1608545609634
AGBK43S36XSDX7C53WGLQADUNBCQ,B07F8Y6BH9,1556919792326
AEEISJQZFCRK4SIIFBL3CEBTWYGQ,B08DDLB9S5,1634345506212
AFTZKK72YWQOHJ4L3YBUJK4KRXXQ,B01M7UD21X,1527987400801
AHALPZCNMB5OCGWZOYUKWZHN6LRA,B07WGGH1C1,1662393116667
AFZNKT3KDTFQ3NGMDBJ7WIAEEGVQ,B0742LVLMJ,1653676210829
AHIB5UE7CU7F5ZH6GC56VIMXUTZA,B095WFPM47,1634751113951
AH4Q2F62LZQVKNQCIH2LL2SJ4CUQ,B09J5HX8LH,1648932762919
AGHJMLK46UL7Z7JW5EOGC54NZNKA,B01M71IUZ7,1511284231844
AELHSXAJPOVVVYXYV32FMCQJCXLA,B07VGNQD8K,1668819194002
AFS2U2JCEIRK4V2CJQ3NFJIYO7YQ,B0742LVLMJ,1537160771637
AHEOFUAWWY7W3DMX42DSTQELXIEA,B07DNM6GBC,1619716885432
AEUF6LP64PTUCG57XIWMFG66MZAQ,B08D6WQ1Z7,1609906461658
AEYXNJZUIPM2CCOEWI5EBG5HLXCQ,B07XKF8CB3,1571493389970
AFBPLH355DAI7ZZ4KDVLGS4LWN2Q,B0742LVLMJ,1601036424634
AGBRK53BB4HVU2LOSZBNU65P76TA,B07VGNQD8K,1608479982172
AFTUSBVLZZROT3OERBQ3OWKZ56YQ,B07KC11QFV,1599688730506
AHL4JWYZXEY5FC6TU5R6C5AJ6X7Q,B0742LVLMJ,1589308604201
AFZINUZ4SZMNRWACP7N55H6QGNPA,B07RBYJN37,1580603660954
AE6B6DUCQRC5LX4I3SHTTTNVUBRQ,B085YCC8P7,1608234080206
AEAQJ6SXTQCHQH4XLHWMHEGIWW4A,B01M7UD21X,1493852815000
AHQ6R7IYLIRBDBED3G7YCYTIIZGA,B07FQWLCT4,1540564475991
AHKCIGLW3EZKU4WHK33JEYOYFGIQ,B0742LVLMJ,1568179972822
AFCV5ML4ELKXC65ZMEAUR4XIPAWQ,B07KM6T8GV,1572323421846
AFKNZAQWTG7LMS4VYRGUZ6HZBRCQ,B093T2CT9H,1677960498327
AGXVRHLDXNI7NIFQSKRCS4OGNN3Q,B07GNV45VX,1541110979871
AGZS5VT6E22IBIXXH4EJ4SQZAZ2Q,B01M71IUZ7,1494037589000
AF3WPSZ3G7FHKMK6RRSN547B3E7A,B08GS38B42,1620065550129
AEC4RDB3RTJA4KOKI4WWESFO2NUA,B01M71IUZ7,1522547529711
AFXIPM5NMEKTDY3CJVTQZGAK4K6A,B07DX25MZK,1531841426500
AGUDGPSZ6Z2CWVKB2UJO3KEFCM4A,B07M5H99Q6,1614211561806
AGKV4BLT6W6IFKIXLSJZDA5BXFNA,B01M7UD21X,1500857368646
AER76ALQYMYZJRJPNBPA7Y6LVJXQ,B08KS7865F,1631008849125
AET2WF427HFHJJNHYFGY6BZ7QS2Q,B07KC11QFV,1578943911276
AFZX63C4RK2TYI4DBSRKIQJYFHEA,B07DNLG9ZR,1532980133852
AEGGAXH2MVHYH24FLI53USIU775A,B08D9PB24W,1618442187990
AFSSWPGNUGTAGRT6FV5H7PLU6VKA,B0B6CPL52Y,1664024308094
AHMNVNS4FSCEURCENYWBCJW34TKA,B0742LVLMJ,1523941797082
AENRVISCI2J7EKAX6EFSX2RCHTGQ,B07DNM6GBC,1536097216898
AEBRAYETMO3ZVWBJ7HU7XJKZYURQ,B07THJZVK1,1591747489086
AFNMBP6ENOSH7TZFLTHECWHYAACQ,B09MWL8KVB,1651260266434
AF4PNOVP7GV2ISTKC2JWI3MMBHHQ,B07H3QNJ1Q,1544374715852
AFADRXN3OKKCQXGDLBTGMI5HZR5Q,B09BD9Z9WT,1648583374270
AF23RX4PDSJSLPMYQSZAAW5TJOGQ,B07DNM6GBC,1554229873139
AGQZPVBFUURRFJFLRMRYMAXFGATQ,B07DNKDLYV,1544727179810
AHQKPZOTWYR2QBKFAH43K25PO3JQ,B01M71IUZ7,1525991416670
AHGSTWHJECRZJEQRKC2XLRDZ6LIQ,B08MV4NRSW,1622599479481
AF2ILB6QZL74GPVPLFVRRECM5RJQ,B07GNWWTRV,1552825624461
AHUMVT6LU76VKVESF5U7FMUY6JOA,B07DVXFP2N,1596935859823
AHWQ7HQF6MKMTNXE56ERIZPQW5DA,B08WFF8R8V,1641147121472
AFTCXCAIPRUHLEZ5ERD4Z47HCCVA,B01M71IUZ7,1502478561886
AHDPK2RVRTT4QMGOZLX4VCSTFZTQ,B0742LVLMJ,1598608212863
AED5JPLXLKGECQJFIPE27MRNG7YA,B08D6WQ1Z7,1605119342560
AGC4T5VHLVNJVCRP32VIXXDL7CUA,B01M7UDAVI,1579016769351
AFSOSEOCCZLJEZOXLSRWMOOIGF6Q,B098KGN8FD,1626211998022
AFADVW3MOM6TPKQLDBU452PBHZOQ,B07MGJZ2MH,1614279495312
AG6OCNRD4BSZAAK3MQ3I5ZBK62UA,B0742LVLMJ,1570985475582
AE56LBK3BIN34NRZ7FWZMD2FLXBQ,B07QL1JRCN,1605380344448
AG3KIYMJGHYBVTRM3F4XXR2VEITA,B094VNJPTS,1648496670991
AEHAA4EIOYSUDKDABONM5KRRVR7Q,B07HQJPGL2,1608678480525
AETBAFJOVXY2DXG5WQ7J3IWQSQDA,B07KCLWKR3,1551911423101
AG5RW7HI7C4WMFCM6UUEBUG5CLAQ,B07NBPQL3C,1613235240266
AGM3RPVZ5RC5Q37ZANSDNHHQ6PDQ,B0742LVLMJ,1593665513292
AG3O2YYVIP77RFZBZMWYW2KIWKOQ,B0742LVLMJ,1610742194195
AFGKCJJWNSLHRDTEHUUAASOVHUSA,B07L3W2MDL,1588773113728
AEGE4NDSRAY2UPQ7G7FZEJT2MRNQ,B07GNX34XV,1541463938911
AEMPSXUFXG6VE5UU2A4PVAVMQCZA,B07MMT3C5J,1628716992512
AG4MKBHLCAOOIL7CNZNMZCXMZ3RQ,B08K3M57JT,1655077582616
AHGTQCSB7EQE334YGK7VWBVAP3NQ,B0848KRT9T,1611598489342
AE7WAOWZBYN2GLMSSGB4R5PTO6RQ,B07DNM6GBC,1538338303274
AH7OBD6NI2254I64I7ITOEJA5KTA,B07VGNQD8K,1597174785256
AHHWZPPDHF66ZV25MD6YCRHF4F7Q,B07HQCCD29,1548106226813
AGPBVTELTIV6QEO4R5KORPO3NIPQ,B0742LVLMJ,1640645966932
AG2KH2A3LGYBDJ4BHOFLDLK3PS6A,B07DNML26P,1560208142718
AHNCPVOKO6QDV7YQFQUDWLI6SXJQ,B07DNLG9ZR,1554609982953
AGSYTTYCBOKQHXH5522INVPWIQ7Q,B0742LVLMJ,1516107706879
AERRMUTBWONENNVXEXO2QUYJELFA,B07QL1JRCN,1594707499232
AERGXX6MTKSO356TFNIN73QLTWOQ,B07DNLG9ZR,1659904347408
AE3XP5VGRFDXHQ4ALNST6EZJZOMA,B09BJYHTSW,1650052242179
AHVHQPXG6ATPQB6MRCGE5VJTT4NQ,B07GNWWTRV,1559005463177
AENQHAMLHWILWHPMBVKBRTUE2F2Q,B07GNX34XV,1547331694464
AENQHAMLHWILWHPMBVKBRTUE2F2Q,B07DNLPCB9,1541466013656
AHFPU4FP2E5BLENXMUQNHQZ7RP3A,B08GS38B42,1630188991353
AHHUJ5W6SQOG5NGOHTDCOOL4CO7Q,B08JCC88F7,1616279480944
AH3EYEFYTK4ITTNVPFD2CBULQCRQ,B086JBB4HD,1615669784207
AFGPEBAOOGE5EI6XPTWB24NLEAIQ,B09LWFPZPR,1655136785334
AFGPEBAOOGE5EI6XPTWB24NLEAIQ,B07GNX2VPX,1541088124362
AF6XYRARHYBPQVP74ARLH53QNHNA,B08GN1MJYB,1606087676289
AHMMGQ4NBQHMBW7V6E3VP7DEWQ2Q,B07XGNHYC2,1661136046866
AGW6LDC4PSQESQGPNFUPWXZZAVZA,B09Y72P3QD,1655952985012
AHMNGEHNPWAMYDCFWBXZ5N667ENA,B07DX25MZK,1538844149809
AH22A2V5DC2SPFFDN6VIOESOCXBQ,B07DVXFP2N,1590277558871
AE2ZWH6KQRZ6YJODCYPHR6DXWPQA,B07RBYJN37,1588521853055
AHXYDL456HZ23K5YFVKN7R2IVPUA,B01M71IUZ7,1558199716243
AHBANA37U22CBJD62Z2WSDIQREQA,B01M7UDAVI,1516059040246
AE3SCUDJOVMFJ7NWLAFWVEP3CG2Q,B07DNLG9ZR,1548968920927
AGFBZRKCG46BVMU7ZVW7BQZDXY2Q,B07RBYJN37,1558824472765
AFPN3YTJLZVUTAR4OCRF7YPGBJ4A,B08GD26JQX,1673609698961
AEJCRLNZWGTA5SJZ4AGP5CS4KMXQ,B07R7WVRGL,1565443267706
AFQWRAVOXZMFFYRVKVNTWWJKWIBQ,B07RDZVJCZ,1579876845596
AFZVM4XQXUFMHGHIDUT2PP44WRAQ,B08D6R4RZ7,1633286142567
AGOV6ZPGYE23SUO3ZSOUYWCB64VQ,B07DNML26P,1533306424332
AETFEMK657T6RRUGR4DX4T3BWD2A,B01M7UD21X,1538929879106
AFFIZT4XCLOEBWYAO5AGZ74RYFUQ,B07QL1JRCN,1592340094526
AEG626NXDQRNJZ7725IS4HIKIGLA,B09DPCWY6M,1658339010273
AHANOH22GP5GS3KZYFPIZNOKVV4A,B0742LVLMJ,1555620389979
AHV6W4ZY6QZN4CYJYPVPII4LGACQ,B088YB3PRB,1652671348217
AHGFQIWA25NPXPDYVI64HTYEWBAQ,B07DVM8MM5,1594555307622
AESPSIX7RBWTKNQEPQH5J4P2KT7A,B09J55MJVZ,1637691480456
AFZZDZXCC2XRUQSH22TD36EHR4FA,B08HHDNDHF,1654101325169
AH26NCKFCDSGOWSVWXIAP7RUBBPQ,B01M7UD21X,1525198200498
AHORK7DN2N2A24ILYKURGFJU6QBA,B07VGNQD8K,1631460548669
AFEI752Q3QWIZCU5CCRAU5OAH5BA,B0742LVLMJ,1560133289438
AEDZLLO7WPQUHGJPMG7RCSFH7USQ,B07WGGH1C1,1609202156949
AGP3CABHQNFDDJA3BFZHXZZM5TOQ,B07HP1T567,1544468444777
AGEWXHRYLWS4CGUIVBF6AIUOLPVA,B0742LVLMJ,1605130602355
AHJVQ3HI2WPGKRZMGA7ZXRGNV4CA,B07S63NKNB,1581730810489
AHWJHYND6B2T3R2TCWWKL4J6IGVQ,B07X5SVBJW,1588075699007
AFYM7ZC2QM7TZVDVE4CRZAAKSIAA,B07VGNQD8K,1610435229466
AHPYCK7WKJJKNWAOZIKDTOFFPMRQ,B07DX25MZK,1597317838774
AHKC72SSFRT5ICC4ZBGWD43EZPXA,B01M7UD21X,1500418324731
AEWJFH4FFEYG75Q56KNUCNKG6SUA,B08KT5WM5M,1643649916951
AGOZY6KP3SNAE4LTL6CZYIA7RKBA,B07H3QNJ1Q,1574289693787
AFIVCSTOQNCX4ARFWJPBN3R4ODUA,B07PRK81VF,1637162762216
AFFGOQ3T3TBEL3F7CGUOZRSNCVSA,B07VXJR1PF,1607785983670
AGH7H7JIHLULUDDSAG6NMM6RTZ2A,B08H5MHM3N,1604522684723
AEWHZ77CCRJ5DTTBTJBC2ZJ73RIQ,B075NM1M1Y,1554865663288
AELAETUGGWK7IQ5YT5Y66RWL26QA,B07VGNQD8K,1596848090760
AEDEUXHS7S7VPGBTTPDESJHLO3MQ,B07RBYJN37,1625965577784
AG4UQNK5MPNPQSLUURP4YSKSAN2A,B07TC8GD11,1590552393386
AHGSV4B7N4PPL3LVOKGD7VAUZXHQ,B07KTB8PHS,1654440528146
AE727TXKCVTK3CDSBDCE3U4FI6KA,B095WFPM47,1631429893393
AFRMDWBD4RXSHKFZUOH6FGVP5I6Q,B07KJLV75L,1557178063081
AGHNKXUV3RQD5EFGFUFLTQCTBBJQ,B07N7BG8MX,1557500176771
AEH2XWGPBZQY6GPMHAXJEU7GSWBQ,B08DDK1TP5,1615926526864
AEH2XWGPBZQY6GPMHAXJEU7GSWBQ,B08GDWQ46D,1615926220232
AEH2XWGPBZQY6GPMHAXJEU7GSWBQ,B08DDK1TP5,1615926526864
AEH2XWGPBZQY6GPMHAXJEU7GSWBQ,B08GDWQ46D,1615926220232
AFFPK374KL3UTTTHS3M6NM6JCF6Q,B0872GR7SR,1603253945635
AH3LSPW7ZMQGBLQMJU3SHCJD5EGQ,B07SPDBR1J,1562805587622
AGNDAG7VJMXZ3LDKKB3XSXPUGZ3A,B07F8Y6BH9,1535652511651
AG3YABPHQSUVHRVU4ZOIWMUH55SA,B07VGNQD8K,1616106522003
AGKCWUORAUNLHLMW4F2CNMHSEN7Q,B0742LVLMJ,1590484820214
AGOTLBPIOY5HKJMM5WYMYFFMNLFA,B07KM6T8GV,1591315693692
AGHBJBKM7ETYSONYDNOLX7TPM25A,B01M7UDAVI,1588071906054
AF5F3URSIQJ6VTQOPB7J6HOFRLJA,B08DDJ1QRS,1656341223095
AHFH3EADDJ4QY4EJQEOBFIRUXFKQ,B07DNML26P,1532898349884
AFMYRVKFLKLN47AT4VMBLJ5JJZLQ,B07VGNQD8K,1592541514018
AGWJNVSXDBI5BITDFWA5FBRLYPRQ,B07RBYJN37,1588707939468
AGTV526KQOF3STOE4P5HA6QB5YUQ,B0742LVLMJ,1603478493701
AGVA5PWOIIESM3YO3UG2DUCHJPHA,B07R7WVRGL,1631024670145
AEKYB7YHWAB2PT2KE5ZPYVHS6AKQ,B01M71IUZ7,1532198471185
AEKK4GDPMJ2QBPYZUG4HZLSNULMQ,B07XZMR3K4,1588259716667
AHIY7RNTWJGQRHP2KSN6KCT44ADA,B07XGNHYC2,1613262649281
AELPP77D7PGW5FBOYXDWDCIUDZYA,B0742LVLMJ,1593378703879
AGCOUBM5QW5NIEKU7VVSA3GLVNWQ,B07NVL6TJG,1576782463168
AFZCOJR3ETDDFSA3MK6MTLS2AHJA,B08KT5WM5M,1615979763009
AHEB6ABJSE4DCHAPHBTA7F7TWNXQ,B07SQBKMPT,1612043418639
AFEL3ZQOGYI53Z7LS2QX4EGRD2BQ,B09NQ9P6ZL,1655934912638
AFEL3ZQOGYI53Z7LS2QX4EGRD2BQ,B09DTB44BY,1655934829208
AFP7DYYAHEZ5OBD42OI7HQIX2ROA,B07DNMN7X6,1541782640618
AFSUX7WTBOOCRCIOH6UK2CZRT2KA,B01M7UD21X,1516660111158
AHLGYFPJYKTPCC6ZSFOKVEGEE53Q,B01M7UDAVI,1551628891336
AEAYF3GVZXAXFYQTXATHJ7OWM7MQ,B07X5SVBJW,1590387850742
AGFFRB2H5M24ICUFFUDO4OCO2P5A,B08DDKMTWM,1606968410689
AEBT55JVOGT5MMELOMDVQO2LSQRA,B07GNX2VPX,1551985710424
AEMKFNQW2EE6RE2U6LHLFTWKAJYA,B07VGNQD8K,1626367549792
AEHE3N7HOEVCGEDSF6O24GY4AEQA,B07KC11QFV,1621879875747
AFA7AAKX5EC5PEYC4C7TESYMUVBA,B0742LVLMJ,1628708739536
AE2RO3TCTMWXLT5BYV6C76Q6TBRA,B07XGNHYC2,1626805934706
AFUPOHRCGYFAUWDSDNAJVRADQRIA,B07PRXJMLZ,1605264127160
AHSB3KEPRF6SCBDORLGFHHSTERJA,B07FT4FMWX,1563078602147
AFN5XI4ODRX4VB3HYKRD2DRTHBVA,B07L3K8S42,1578098338321
AGKFULLJOWEPPYGUENTTX6QJXFRA,B07QHBNX4H,1556810715282
AGVD3HINBMBQV5XPBQWJRKFEIA5A,B07MGJZ2MH,1594753651307
AFRNSTFVG7CN5IIJLNSCJAPAMEPA,B07H3S5Y9V,1602518868874
AHGSMF4FKRWI7TLNO3IOMZSVLHNQ,B07L9DWVSJ,1578149513062
AHGSMF4FKRWI7TLNO3IOMZSVLHNQ,B07X5SVBJW,1578149385934
AHMR7T54ODGNMRMCJRCRH3OJZBFQ,B07H3S5Y9V,1568904263029
AHLGOHTSU77UZJZUHW747F3KVH5A,B07DNML26P,1538525542030
AETCNE73ABPXUUYJBGDEOPLS4BZQ,B0742LVLMJ,1619241275612
AEBIIMYPTXDSJZHPYYE6462RHGRA,B07MGJZ2MH,1566669999317
AE2SHJ6YYAATO6I3PAQIVXVIPSKQ,B07DNLPCB9,1537477623406
AFU2KWGIXZON3RYFSILSMTHF2UYQ,B07HP1739X,1544396157717
AFF3WIV54OXWNU2ZAKI6BSGYXZCQ,B08PVW21S3,1676841210976
AF7LJSXK3OJU5AGHIQRRXIVFJMRQ,B07VGNQD8K,1597425619726
AFKC23LDY7LFAB5LAHIZ2IEYGROQ,B07XGNHYC2,1669234471054
AFU6FTA4DVB2KAS43XR2QUDYLONA,B09DTB44BY,1665672569407
AFZGEAGWKQT4PBDLCQ6EA2SSSFYA,B01M7UDAVI,1495564587000
AGVKPCJDFQIXSKJOLDERMZ6Y4GKQ,B07NDZJ8YT,1574797813784
AFKUIJ5EGGMGHNWLKIWFADISKAQA,B07DVXFP2N,1568739867406
AHQ4ZD3URYDTGXBVUUN6EHG6UFXQ,B0742LVLMJ,1523750856049
AHMLDAACPUVG45H27CCASZVZEUOQ,B07SPDBR1J,1579203656147
AF4TXRJ7C7SDL477VS3YJ6IZFFSA,B07R7WVRGL,1665501967161
AFVDHNBRYTRYNFJGE4DFI5T6BV2Q,B01M7UD21X,1528240601701
AGBOC3CBQQN7Z5DBDD62Q6QJJOBQ,B07DNLG9ZR,1560518262863
AGTXEHAYSCBP5DMAALHN66476M7Q,B07QL1JRCN,1631585081396
AH7XYLEZIJW7XJ7ICZDIF77VHCTQ,B07DNMN7X6,1592275648268
AFAMYWDMRNOJDI7QXALP52FT3NRA,B0742LVLMJ,1555170156146
AFIP4NAFRD5LQ3XDNAJNMXWU2S6A,B07L3K8S42,1605614655213
AEUSCYLNKZB4ZDLKMXXARQUNUAOA,B08D9LY14T,1628981848718
AEC6NLVBSNM2WBG25HJM2NTBP6XA,B08G53H82C,1632764324312
AE7T35JVED34IGC3RARALGREH66Q,B0933CLYYV,1667969096256
AEVDZ5WLY4LPRYEUUOT3F6FO7FCA,B01M71IUZ7,1525873166363
AG5MVPQOAKIKTT5T5XS3UQP4HWOQ,B0742LVLMJ,1523631668259
AGDA7NXTJ7223C4ENBCFL4HYA5UA,B07HP62FDJ,1600298189093
AEODMV3B2CLAA637BVJJHHEZK5UQ,B07RBYJN37,1629216855065
AG5LJMD3JXJYRN5EFWCLWABERAGQ,B07QHDPWTR,1634483011544
AG7UTHYZDMYXZOZONXETPVPKSGZQ,B07HFKL5DZ,1618946482918
AFVL67Q6H3TM5DJMKRXXOPWU4PHQ,B07RBYJN37,1600256871843
AFFV7VOWNAV43XVGESUMQK7DXLZQ,B0742LVLMJ,1536825969698
AFNRROAO5PCPX7H7WLXGE6DAUE6Q,B08D9R31JV,1627495457927
AGTLMMHO5AGPFIV64ZYX66MFM2TA,B08LDQGYYR,1616005700584
AEUFDRJPN3HSUL5CNN33CMQZSS6A,B084L6QXWS,1601573380587
AF3ZJ2LLSM3V3NDV3CFPBRIJBJ5A,B081TBW1FB,1611182542897
AG6MFR7BDHMNQKPVCCX5SH4B5TSA,B08CS3K852,1627288388194
AGKSMS3DYO6Y5U2ZUCF2VQNTJ35A,B0742LVLMJ,1593017739491
AFQJ2QEYCPQ455TILXBADM5K6YZA,B07XH69M6H,1624322976591
AFCGPRAN5DIKFCZQPLQC4VFF6RVA,B07S63NKNB,1573181479827
AHAR5JH7CL4Y5CJZ5HE4PC2IFMAQ,B01M7UD21X,1497737076525
AHDJUSTQHTSNI2X3D7RRXPHSBYGA,B0742LVLMJ,1525745737062
AHSNBQZXWZ2BARXFZCNNIV52INCA,B07DNM6GBC,1544048948350
AGFXTL7TRCNV34QZDDC2IJVEDI2Q,B07S63NKNB,1574448669099
AGUE4YGWYGS2C6OJQG7544Y447RQ,B01M7UD21X,1605937957853
AGSNOG4DPWDLZFQA5DW4K65EPAIQ,B01M71IUZ7,1528671546406
AH2P5VKHSJN3BD7ZGUITV2EE5EQQ,B08J5Y9ZTT,1608356685282
AGQ2G3FIRK5KPVBPXISFJVTBHBPA,B0933CF1DM,1646709356272
AGZ2Z7LGT272WMZ27JUJJVEFOTAQ,B01M71IUZ7,1505184322457
AHM2T4XUG7SBBQK6ARDD3KHFLYBA,B07MGJZ2MH,1568527317984
AF32LN2RV3DIEPWSXZUHTDXT7OVQ,B0BCMPTNLZ,1679983285950
AFNR4P3DG6ZFQVJ2GRD7YV26TWRA,B09BFP8K5G,1677955309929
AG75UOCMMNOX7WQGNF2HVVXPKY5Q,B07DNLPCB9,1627571454990
AHLP4EJB547PZUY2HME3URI6KEPA,B07T43BXRD,1573991441638
AGCKVTBF64F4FLXD7ICNQJ4MASKQ,B07DNML26P,1554755084513
AGWCCNPKWLYFT2XD3XNDRGM23W4Q,B01M71IUZ7,1501878880050
AF4XEEAMPZ3QH4CXTWDKOJSII7JA,B0BQ13VQZS,1679504917064
AF7NWPWGHPJBSZWLTR6WUYEMKR2Q,B07WV4XWTM,1599261384661
AFNFUJJEMABCYRHUVAIWDD73JXLA,B07F8Y6BH9,1603289582839
AE45VHE4V2JGKP4XS4RM3DYVH47Q,B0742LVLMJ,1553220397149
AGYOR5TLRXDE6GHUALAR6LPB4HGA,B07QL1JRCN,1591148292535
AGLVL6OT5LFTGQ6XTF65ATH5TMRQ,B08PVZ417Y,1626367997859
AEFZVJY4QK2ICQLBDBN2YRNJS4BA,B07XZ9MXHJ,1613281537748
AFBL2HXQLCQIFMREAC5HI4QZEINA,B07NL8SM91,1613027252766
AGV4VBPV7OQLSP337ORMEKFF75OQ,B09YZ1X9YD,1663280809427
AGV4VBPV7OQLSP337ORMEKFF75OQ,B09YZ1X9YD,1663280809427
AEBHXINJN3FI5J72LEHZWI7VJKTQ,B08VRRCRKP,1614906538728
AEFG4PDKVKLT4LZFXG4HGXBKTSPA,B083JJNWNS,1665946076015
AEFG4PDKVKLT4LZFXG4HGXBKTSPA,B083JJNWNS,1665946076015
AEVLSFDXY56VZIU2CEXD34UAZOMA,B01M71IUZ7,1504354821223
AHWYHYHIJ4G4LQNZLJUB4SD3HSSQ,B07DNLPCB9,1538513512086
AEML7EPRIRHPH4ZW76GCNIQHLCEQ,B07WFHJDB7,1573753621696
AFDM5MCGJTZKFAHFSFA3R5YYPUCA,B07MGJZ2MH,1570625964337
AFHBDDHWOP7NRR3T4XTXN6ZB74DQ,B08W5CTKKX,1655576464589
AEWUSSKQMDY4FR4KT6MIZJ45HF2Q,B0742LVLMJ,1598784068776
AHK7DNZIAQ55BQZ7DVDYE3Y4YITA,B07KJLV75L,1606829194332
AHTDCB4Y3IHPBOP35EEQSJT72KUA,B07GNX2VPX,1551196429268
AEZH5FFJZFWUZCLLCCPB7TFD34AA,B07FT4FMWX,1608695249599
AEZH5FFJZFWUZCLLCCPB7TFD34AA,B07NL9J4BQ,1597207179549
AETULQEYRAP5PW45QLK3LN5U7FFA,B0742LVLMJ,1512260414934
AFLKZGKYPGLGYRZY6NPOKSDP4POQ,B07VGNQD8K,1599448223781
AF4EP5LKT3H5BELSCBQWCL3NBRVQ,B07VGN44WK,1593327274968
AHP7UYQ5M5LC336U25BGKPPEZGTQ,B0742LVLMJ,1574039191570
AFDETZ2XS3IZXC3NF4CLGMFBSFLQ,B07X3Y7S2W,1598200962030
AH4FBMOZTTJBQX3LMTMNQNU7SVUA,B07KTB8PHS,1618249934997
AF6ETNLBOBQA76PBD3RTNNLOEUNA,B07DVM8MM5,1573330180678
AFEVD6NUVCBMH4MY4JR3BBLQALAA,B0742LVLMJ,1594578834756
AFNM2C6R5ZMZGIN6UTBRPRP6PPNQ,B07DVXFP2N,1544239936151
AHBRACBEXC532GGYGLVYIIE2JVNA,B0742LVLMJ,1599850766906
AEP4VDASWFN4CO6GVUXMZSSWILJQ,B07KC11QFV,1653685661438
AFRM2ENZBFLUCYKNHSRM2NVNPZEA,B07Z9HRT4B,1599337630314
AHZNMVSQCG5HFTOV3RYJ4HW6GDBA,B09SM15MV2,1663376310112
AFKTYAT4TMSFS45ISU4WIQFOHFWQ,B0742LVLMJ,1515876749220
AHAJQPHSUZ5KH6JZCR3KEYOVG7WA,B07T3CGMNJ,1577576086378
AGLGMTRHSNU3SNPGDVTZVTRWLLTA,B0742LVLMJ,1563188099767
AHHFHBJS6NRECXMGXLOASXICY2XA,B084KNZBM8,1603823539683
AGII7XUHKN7L73OE3P4UIABMR6MQ,B075NM1M1Y,1572541464423
AFBW7A2JSYCJK4LVK4XOC6IU3FNQ,B0742LVLMJ,1557181294333
AEABRJZ7EU4E36AVQ3VUMG3UZEWQ,B01M71IUZ7,1498671944337
AHPZGE2BNK4NOP5OUUAZWLSGZKKA,B07KM6T8GV,1581445188032
AFMKLP7Q52EOSMGHAKKKDZYYC52A,B083M66CHC,1641956356293
AGJTZYMZ5UZU2LU5YZNQBJVM2GFA,B07DNML26P,1623176100690
AF5JP25T2ZSRZS3KFP5H6KLUSHEQ,B07R5VH7XT,1598735870254
AEJYFYJQFBK7YPY644O7VSC5G66Q,B07MGJZ2MH,1621487857010
AGLJAPSLDSR3VR7LTPT5NK6RXFEQ,B07GNX2VPX,1541116358674
AEZZF4Y52THPMLLKZ65TYVCGNBAQ,B01M71IUZ7,1516304300524
AF7PF55NOB5QQ3USHOOQH7FLFQKQ,B083M6Q4F3,1591319900284
AGEQEBSIYMVHPP3TO4EMWWFUKXUA,B08R5JJGB3,1623985795600
AH5VQNCQILWTTIWWSY34UPOHSEEQ,B01M7UD21X,1540796030462
AHDA6GNFBAV24PPX73Y73OAYGM5A,B07HQJPGL2,1656077151291
AFFWW36OPQEJVTO4DXTCUD7RHPJQ,B0742LVLMJ,1616887586260
AFKH7H2O36UE3D2IFRJH5WEUHCGQ,B07FT4FMWX,1665676523146
AG4ZIT2UXUSLBVIZCP5EUCOCND7Q,B09X7CSDW6,1674405685383
AFQQEGD7JZGGYU5N5VH7AF5YUB7A,B0742LVLMJ,1594594018314
AFHQDIMA3EZ57EZ6MKZYEEQUOX6A,B07X3Y7S2W,1598643281961
AF3KY2S7URBX4QWDI6UCEZ4MW7OA,B07XKF8CB3,1632937020127
AEDHGAVOEQM2RM2TLZZ37T6CTD7Q,B01M71IUZ7,1496423160000
AEVM26C27NVNFN6FCJONU2L55SSA,B07MGJZ2MH,1654580408077
AFI7KW7BW5MWU5E7R6VVEDRRPXCQ,B07V5VWTMB,1623497393890
AHW5AVJO6AKQZNW4RZQCPJHEUIVQ,B07R5VH7XT,1593142848925
AEYJKS3EJ4VLMOEYG36VYXPSNNZQ,B07NL91XW9,1594757000407
AGLQLLL7KD42M7ZOFEWD2VIOB2VA,B091YM2LJR,1623121232659
AHINXCJKM54MFYSA7SE2YJFCY3LQ,B0742LVLMJ,1536373410468
AFFOPURMZEPGWJAX2KSHBCPDFF7Q,B09R3QJHH1,1665201247016
AFFOPURMZEPGWJAX2KSHBCPDFF7Q,B07DNML26P,1545417264553
AGHCV57HRKGWAV3LKFTAF44KXHIQ,B07YF7KHLP,1649882906548
AHGEGJEOOLTNDZQVT3D735XVS4MQ,B07HQCCD29,1619051933060
AE2WYYGDZLPF4MMFJELXKI5GUR3Q,B0742LVLMJ,1619284411127
AG37XK7DER27BEX22W7PVGCMQ66Q,B089ND96K7,1620319182085
AHZKO6SZ5G62WKZO65N6TXI3CAQQ,B07DNM6GBC,1554575175853
AEQ4HDZ53JSIFAW3QQK2QGOY2VAA,B0B4ZC6CST,1675560255237
AGCH5BKPCNSMY6F4OBTRFDICA4TQ,B07DNMN7X6,1534958877644
AHQCEHRTLSD77UWL4HQK4ZM2TWNA,B07DNLG9ZR,1564607660248
AGRHISWYGUUNT3UBJADBSFMW5WUA,B07H3S5Y9V,1550797090222
AF6R522YKISME7CFXOHARNHBVYUA,B084JGDV6P,1611412133781
AG6OE24WAIPWUHV6TMVPY3DBLPRA,B07MGJZ2MH,1616701907428
AGRLOG45MC4C5FFNEMTCHGWMCSUQ,B0742LVLMJ,1570082111123
AEX25RELAK7TQTM7KJA2GYKDXQ7A,B07DNLG9ZR,1541244197606
AG5GJRTTVC56UN3J5B7LPV3SMHCA,B087YPRGKB,1608924555815
AHBMXG6GNPWPYPL2VKJU2NYR36TA,B07WFHJDB7,1620406193555
AGNZCFMF3KMHDVJLWSGATHM5ZGYQ,B091YRS343,1649709846543
AFD63XBJHUIKMWLBZNO6SHN5WOAA,B01M71IUZ7,1503535144501
AHLNGOZ4ZJ3VBN6WQDC7MZGBE36A,B07DNKDLYV,1548102450611
AHP7WLMAMKM3JF7GWTKOZP4Y6G4A,B01M71IUZ7,1512598876275
AF65H4G3WWBJIR5FNOJQVVCIWLRA,B07R7WVRGL,1671507172873
AHDRBWHUCM4FGDM4DTQ77KL2UTNA,B01M7UDAVI,1509631935871
AHFM744SBKHVGYHBNOBUQ2QRUGYQ,B091YRTQTX,1629760796243
AFABWF7DHCO2WB4FUMUQ6P6RDRZQ,B07X5SVBJW,1614143702682
AH3IWJMC33JXLJA6Z2CKUA3KQGRQ,B091YNJ5GT,1625583918666
AGZDZ6FNTZJPUTJQCLG2CQ2NN7EQ,B08MW56SPG,1612879462138
AG5ITAU3LPOPWMA4MBLDILYADQWA,B07KJLV75L,1627600749286
AGBD6I76U5PO6JQQMNJQ3VYCBFBA,B09B2GG5PF,1631207666798
AGBD6I76U5PO6JQQMNJQ3VYCBFBA,B07QL1JRCN,1627937451858
AGBD6I76U5PO6JQQMNJQ3VYCBFBA,B07NVL6TJG,1606604127223
AFAN45TJ4IMI7HK4Y6BWMBD5FJLA,B07KJLV75L,1547613376527
AHC7H4PZD7CKZEW35ZXSWZXSPB7A,B07DNLG9ZR,1549551007665
AH6NC7JC4SPPSXQYC6I4UH5PBLMA,B07F8Y6BH9,1598556222249
AFOSJMPTPDXKEYXXKXP54NDGOAPA,B07FT4FMWX,1578971512719
AHKXFUXIOY223HNTM7JJ3LUKN4NA,B086JBCVB4,1627439540182
AGGSO62ERUILL4S7BNLTHHX5L4WA,B089NZ5LGV,1598896652232
AEATHEUNXTJRVSKY7BNECPFO6DSQ,B07WGGH1C1,1631124161971
AGLUH5JWJ7CTQ4UBQYKSG7C26COA,B0742LVLMJ,1627471087489
AHGQUIWO7UEVCLMNK7TE76DIHSMA,B093T2CT9H,1626366756376
AGHFGFFK2YA57LEYHYFPVHXNIA3Q,B01M7UD21X,1507581378887
AGHFGFFK2YA57LEYHYFPVHXNIA3Q,B01M7UD21X,1507581378887
AGKHBMAXKAGJC3FHYWDQH2RPUGMQ,B07WC2239F,1570785412832
AH4RMQ2KH7JUIE7LA6TM673N23DQ,B07SDGKP88,1606163934047
AGRFPDMBQSK6EJROMT5VEFYAHBRA,B07DNML26P,1554744968595
AEHS36TU4ENZFDCUEVZWVH2WEQ7A,B09DCWKSR9,1652379259983
AG64H5RRCJI7AR7DS2744ATYMMVA,B07THJZVK1,1625761424991
AGUVVNCLY4UJGR63Z4SPXT5OO5TA,B08DDJ1QRS,1605568345720
AFWN5HQO74I43PYSNYZRUYQZA4SA,B07GNV45VX,1542149851153
AHZGPYMCHLZ4OOY5ZNJZTYJDRPLQ,B08LDV5MBB,1623669332718
AHZGPYMCHLZ4OOY5ZNJZTYJDRPLQ,B07VGNQD8K,1608395889425
AFOR7EKECZ235GDZF3BGJBLFW7IA,B0742LVLMJ,1546581353009
AG7GV6NPNCDA62EPN6PYLZVFLVSA,B07NVL6TJG,1633990113640
AEXZAQU3JYZ2TWDB7DIHYZO5N6CA,B0742LVLMJ,1567276630491
AHJ2IXWS5PGUNLG7C6VGQT5YCJMQ,B07DNKDLYV,1533006683474
AGUFH4WPDMXJIXTN6ZDGUEZYTNVQ,B08D6WQ1Z7,1616947238471
AEPKJK6LMIR7TAY2KRYIMCNY7KNQ,B07DNLPCB9,1533157552684
AFSFBW77DSVXYJZSLJXKXDY5IFBA,B07S63NKNB,1577326971808
AF6A2AEQFNZGW6MEFBBFTRJ5PVPQ,B0742LVLMJ,1520277039625
AF57AOHOA2P7G4CO7RFJAKNDKJKQ,B07NL8P5Q6,1557713739466
AFWSJTEO35WG6SWLMPLZ3SG4ZWXA,B089NZ5LGV,1599416728149
AF7PLGGHZDUERV5YR465RBSXBYEA,B07NBPQL3C,1628879717049
AGBYU6HYPV3FMMTXMUZIGVSI5HMQ,B07S63NKNB,1596876484102
AEGAIGZXWN4UOH4637QNXXTT4I3Q,B0848LZTJP,1667635494854
AEPLWXDNACJWIMU5FAOWQPW2WCDQ,B07VGNQD8K,1605859296511
AH6HWGXX3EOFXF5FJEM4UROYFMQQ,B084L6QXWS,1609458493126
AENYNALHQT2Y2WTJI72PN5KJ2CVQ,B0742LVLMJ,1536150588929
AGZV4HNIV64J5NCZAMJXUZQMVHHA,B07H3S5Y9V,1588520140745
AHF5SRJMHMOXLNO2IRLZLWDYMYOQ,B07MGJZ2MH,1556504281632
AH2TH6AQYCVENFT5TEBIFCUNYTMQ,B084KNZBM8,1604287357769
AHJPL5G7IUKA44RBMCLLNLLPK3ZQ,B07NVL6TJG,1598916185936
AFBYMIJX35II4R2QIMQFQ2UT2YKQ,B07NVL6TJG,1605919113816
AFQO4BXMRX6DAX2C6EAIQWL3SN5A,B07MGJZ2MH,1612715147437
AHUPOH2PYTXUTZ43UJB23I5UII3A,B097F3PVMC,1674174172834
AHNUG5GSXWJRNIFJUK2JAK5WPAFQ,B07H3QNJ1Q,1541082344650
AHJEDED34CJVX3AFCS72HZFJCL4A,B01M7UD21X,1577397716404
AHGIUN42JR3LGPUIJ2MKUV3QK6JQ,B07SPDBR1J,1587743565112
AHMU3DJADXZQ4G22H22AGIEDCMDA,B086JBB4HD,1609086145264
AHIDGLQG2F57G7LZWXQJY4ZYBRUQ,B07VGNQD8K,1594595797602
AHTMOAY33OAMDQ3CQYKZWOQNDMJQ,B07R5VH7XT,1614984364183
AHQJO43MBTHQ2MY4ALUXSNJ3TFLA,B0742LVLMJ,1502201703726
AFEFSKPCFBBF7V7KARTHR7WATGNA,B07XZ9MXHJ,1597061258471
AED3VVN3XA3L4B647IDQUBHNU2HA,B07DNM6GBC,1612985277828
AHR5XUBNBNUVTUP4BSG7YQGJPITA,B07MGJZ2MH,1672814744185
AFU7UZH44DPYGKPOJUXFK3FL3Y6A,B07WGGH1C1,1648490024448
AGMYTGSAOUGJB5IFNNEAVIREBVAA,B01M7UDAVI,1493991322000
AGMYTGSAOUGJB5IFNNEAVIREBVAA,B01M7UDAVI,1493991322000
AHKLLVSWZSLB54UOYIK3DI5UUAQQ,B0742LVLMJ,1615681135881
AEF34E6C3GGLB5SR26TNZ2Q4XOYQ,B09J8WZN4T,1656949001836
AEGQ2YMRIEXQCIWHC63NO2LBRMUQ,B07R5VH7XT,1591927169870
AHGIPOQMQJFC5FR33H54SDJZZKSA,B0742LVLMJ,1541206231129
AEM7Q6NWDG5IES5SFH65ERMPL2KA,B07GNWWTRV,1543094899057
AETSEGXRNTA4MGPKFYT2VRP6EJSQ,B07SPDBR1J,1617653789547
AGG3NDCENHO4BCC37YJJIDHNUFDQ,B091Y55Z1H,1627661144081
AHDYBWZYDUFF42F7ELX24TVJPJVQ,B07VGN44WK,1595729389524
AFUHMGAJDOM72FABCNPBQK2CKOFQ,B07DNLG9ZR,1534828025691
AGNJV7ZFNM4DPPK5ZISHZ52UFUXA,B08MW47ZLC,1614378307397
AFCK6J5DHVJWOHJFYCLMS5V74ROQ,B07DNLG9ZR,1601588619751
AGQAFZTSDMRYTDFB6ZOYLYG427UQ,B07DNLPCB9,1534996920251
AE6YURWXID6L6UJZ2BWQ6IZI6D5A,B0933CF1DM,1631807358400
AE3DOFRKYXKNZAI76VUKZBNNISBA,B07H3QNJ1Q,1550457688364
AH3RXYMEZCDUPFH3IEOFP2BO5URQ,B09QD6R1DL,1646140081055
AGNFFLOBFVIQTI73ACU5ACRY4MIA,B07SDGKP88,1599794733273
AFF6WK55MBZTUT6YVIW5FIIMZ73Q,B07SPDBR1J,1567007193202
AHDFEWZPYXFNHXABK2X6MT3QU7TQ,B07NBPQL3C,1565836806624
AE3SCWZ6CDM3OWLUYYGKYDNSWMBA,B0813RKSXT,1600916038837
AGL44T6LXUNQL3I2BLV6UDTDTESA,B07NVL6TJG,1559150910060
AGBWZEMY5LHEDEEAWQ53HGIHED6A,B08R5YWPY4,1611679665049
AELNSFVUFP4LOWS4SORES2CQFRHA,B07V5VWTMB,1619393028807
AFSYA6BD4XYPZ7QPFFNL7NG6K3WA,B09BD9N1ZW,1635198388590
AERJ3L32OSIXVZOD36JL3UBA7DQQ,B0848BN9PJ,1601407222534
AH6F6KDPJDT5DAUAZWRLD7TTXAYQ,B086JBB4HD,1592390701143
AG6QSWM4G6GHT3VY5JPEW6J4LDGA,B0742LVLMJ,1541822081270
AFT4PHM5UT3GAZHZLUKQVQMVXCIQ,B0742LVLMJ,1644357531407
AE4XGK2RUG4J7IJAC5UEA27QN3CA,B07VGNQD8K,1604364328222
AEOESRRX5WVKU2O3NUWXBUYQCK2A,B07VGNQD8K,1600402280774
AFRCBHEJDEJ2BY3I7A5Z4GJ7BRLA,B08R7S7C7H,1666366210530
AHF52OB4267J6HNUEBB5YRLWJ3HQ,B01M7UD21X,1591621564789
AGJMZPAMC6TR546MBCVVIBV4DVAQ,B0742LVLMJ,1665576383747
AH2FFCN67XPNCVHVBAOYJFB3ZOHA,B07HQJPGL2,1546022788153
AHFQHYM75EFLZAOXW2LCWRIQ5EVA,B08GDTG1K5,1615941190551
AE5MZJTSZCMYIACIV3DVAWIFXXQQ,B07VGNQD8K,1595470530678
AFQORL74SZKG2HATOLF7ACHW3RRQ,B0742LVLMJ,1637433824849
AGPVWLRRRTLTXIRVLPGGARE7YTHQ,B08JZ4SVKN,1620759383987
AEEKVSMBSN3KZ4FIRHVSGFBGZ7QA,B0742LVLMJ,1539308042907
AGASZ377UAUXDKFUISLHCAK4KU7A,B01M7UDAVI,1556054921609
AFYKYLRF2MLYHZPBZUJVNRJVYAWQ,B07NVL6TJG,1576242475096
AHODRFVZRMXO2IPWO2KXVFZP5TDA,B08GDKDMDT,1603755951300
AFDGFP54X2SG62NDTWNOXDMAUDLQ,B07S63NKNB,1589048165149
AFPWCQPZO4OQGWEGA2A46JJNJMVA,B07GNX2VPX,1551906790820
AGZCNEGOJAK5ICGXMQ4X6BGGIEQA,B08DYDKVB6,1614635982282
AFRNIZDN43GYANOJ7ZNTEW6LP43Q,B07DNM6GBC,1539392597892
AEFV3GNRZB23OOKJJ42ESHWDXPPA,B07SDGBPGK,1625328966115
AF42U5S5OGRRKXQYYJI4IPOXWQBQ,B07DNJ6N8K,1543621699754
AFJYPTXL6WDJGQNVQP4OO6FTJTNQ,B07VGNQD8K,1613935896653
AFBMUQ2MNBRYOE6QFBD5WICZS4FA,B07XKF8CB3,1652987403335
AFBMUQ2MNBRYOE6QFBD5WICZS4FA,B07Y3XJ5WN,1649819826133
AGPVRUKQME6BN5BBLD4E5SXJS6RQ,B07KM6T8GV,1622961767145
AHLHAWARL56UGUPJ7YE3VC6XAS2Q,B097B5M7VT,1637470285942
AFEAWMP6G4IQFY725JQQSBQEY2HQ,B07F8Y6BH9,1628030549130
AHC6PJGWXZWWFYCVDSUPCOGG3KKA,B07F8Y6BH9,1600050172487
AF5DQPF6DWWAB5Q657IPBEQEPBTA,B07R99144F,1599141993678
AF5DQPF6DWWAB5Q657IPBEQEPBTA,B07X2J2QV3,1599141679007
AHA534WR6PEEQKIM6FKMT2FTXIUA,B07MGJZ2MH,1574894664398
AGPOGAE5YOZ7JSLXZQIT54SSEREQ,B07SDGKP88,1612848712156
AFY4IDOADG7JSC7WLLGZ3YGKSXJA,B09NQXKDLF,1643492344916
AHOKWFEN3HSXP7QXG4QJFV5EAWEA,B07S63NKNB,1562793595075
AGKEJXD4VO3476KCXXIJ5NJAKV6A,B07WV4XWTM,1606302654240
AFUHKO2P2A7IMXOXCXDH3TAIMAKA,B0742LVLMJ,1632603797792
AG65Z3TVMEWPVLQKXYJE6S6NTOWQ,B08DL6Z83S,1606103339948
AF543M43B5UJW2RJQJNZSB3TDHQA,B07GNX28KS,1547683372908
AHDR5TU45DRRKSNGIZGG5ULLTKBQ,B07FT4FMWX,1621880625799
AEZMFM2MBORH7BDBZLXFUJGCRQWA,B0742LVLMJ,1680022180673
AEZMFM2MBORH7BDBZLXFUJGCRQWA,B07G584SHG,1680021941789
AGOIBZBHBJOAFWWFV76DATYCP2RQ,B0742LVLMJ,1505427263244
AEQUOB4Q5XFKFLYI7AN7EFZJYOUA,B07NVL6TJG,1633035671109
AELRMTCG22P3PR6EHTRHTLBY2MVQ,B07X2J2QV3,1611878402330
AEOSJZT2GKMMUHPGDYLCZAXDZJXA,B08XKHD5NB,1618851983517
AH7FPTU7W7J5JKB5S5PIGAH2JILQ,B01M71IUZ7,1592241728924
AEKRNSF7IVAFR47ORAFHJOX62BLQ,B0742LVLMJ,1551309488925
AHQHWZIZOVZNL5CWEZIR6JWLQ75Q,B01M71IUZ7,1497292632410
AED5HOJRQYXXUSMLJWQJ5LPNI3IQ,B0BRQSY2ZF,1675199115200
AHV457B23RGSGA2YN4TNUABA57RQ,B07RBYJN37,1577427868418
AEN474P2SC4P7GP7EJBTN7UDZD7A,B07NVL6TJG,1578466031883
AF5JZ2EKSNRGQ5FKVWC6YTXIQIEA,B07VXY755K,1588130475031
AEG7H6UDGX5R3VHFHG3OVM4I4JEA,B091Y55Z1H,1644046841942
AFFB3K7NSCLBUPZRJHYCWWVMRIXA,B07XZ9MXHJ,1609180269762
AFFB3K7NSCLBUPZRJHYCWWVMRIXA,B081TBW1FB,1608231306513
AHXIGXZUTFAQZDE33EEP5BTJZRVA,B07WGGH1C1,1597366465343
AG6SAMF3HOO3WUJWCOEHVTWC4PBA,B095WFPM47,1625598107638
AELPIEH53TMAETQ35Y2IJDXINGWQ,B07Z3ZCJC2,1593863499496
AFFCECTXTN7RLGNO3DNPYIYY7TWQ,B07DNML26P,1555090194733
AEFRA3RE4RP4G62P6GS6BXQUXDDQ,B07DNKDLYV,1537038864848
AEUKOVW3226WASKSRH6BAEYG4VNA,B07T43BXRD,1597153293454
AHOWQ7WSWNMZTK6KFNXBBS3TY2OQ,B09NQCWDNK,1653945529200
AGBPKZ5ENFMQRRXSQOP4IQR7RHNQ,B07F8Y6BH9,1594079902550
AFCRVR5BF4INYSNAFWCKDCCNZXRA,B08WGBJKW7,1643915206872
AFE6XTTO4F4BROXJZJZL3YODD3DQ,B07THJZVK1,1578493523113
AH4UCUTDYCMQ4LWDZLGLTEYEK4CA,B07GNX28KS,1557033686954
AEILJYIGGJWT5GHWNI2Y32IAMCLQ,B087GQ51ZB,1623143747208
AF5A4GPQKVH66SLHWBS5MOIA5RMQ,B0742LVLMJ,1553895562167
AEOCCS3TZ65FXHEHZSVFB2NCM3RQ,B07VXJR1PF,1609008695893
AGU3OLAVZQSCML7XRNR7S53BMTGA,B07V5VWTMB,1600104266910
AEUYRVU4Y3FCGHXIXX3G6IV5IEQA,B0BM577CTW,1683024395377
AHRVF4F6G7VECZOLYWJ6OLHRKD7A,B07H3S5Y9V,1549904557652
AH2C22MWRQXFWWQRIPTHS5MI5Q2A,B07KTB8PHS,1560029300854
AH2VRMM6W2633EDUD5PIHOKEBUOQ,B07S63NKNB,1577145097485
AFNARCPQ6K3SKUXAPL4X6FXWNS5A,B08PVVTTWW,1660050713347
AFTYJFMUJNOVPYLX24M7KJG555WQ,B07DX25MZK,1532047502782
AFHI7G3WE7SZGXFOSV4OYHDQOI4Q,B07KSDPDM6,1578660926889
AENMMBE2QG4YR44YH2FNPMXLP7ZQ,B0742LVLMJ,1599744423729
AGVKSR6HENRODLV6PSJIJTAPBMSA,B081W8SGPY,1601823250368
AGVFUSNMLNYPFTHN2WFLFUFHVIBQ,B0859KKL7Q,1600391012186
AGIVO74BEZO75PXH4GYZVOG4273A,B07WGGH1C1,1599190513429
AEAODIQKQDPJXJJU5KF45ZBWWBHA,B09WDYD1QX,1661167951427
AHHB2WO2IPQMMAN33UEMJGH3DSMA,B0742LVLMJ,1597344208214
AHPAENKJIRBKK44YBB5I3G3A3Z7A,B08MTD3PKF,1627172695703
AG5CMDKOHPUZU5OJZMTBEZTH3OXQ,B08JZ4SVKN,1606918270094
AFBVMYNUQKOBU5VRMLCOXLVOJ4VQ,B07QL1JRCN,1594882259577
AGLNO5KWVMH2AENLDTAKYCU4TG2A,B0742LVLMJ,1537985288681
AG7TQAKA7HJJVBC5IDWTT6AWG3QQ,B07F8Y6BH9,1579996998379
AFH5RJMTHHCBYIHP5NIIHQO52DXQ,B082VKH841,1664003307285
AHDCZVHPFLKVVM4XBCYKLJ2ECBWQ,B0742LVLMJ,1537312254321
AGXKMEAFFBQ6FMADQYM6DG37QRZA,B07KM6T8GV,1586990095989
AFQ4373CV7G775P2DBOU3ISCV47A,B091Y4S1MN,1626475176073
AHEL77EBFYRO4JYXR3QWTU6BW5QQ,B07DNML26P,1576268420233
AGSJ65XITW3DZNI7KAQYDRO6GFJQ,B01M7UDAVI,1501607813016
AEA35YTRL6NJV4CL6A2RTZ37QJGQ,B07DX4VYPM,1581476026805
AF4EDQF42DJMKXEBYK37V6TEUIFA,B07GNWX112,1542184075894
AHFP2MJUYTX3HYULXNM24FIIHJ6A,B07QHBNX4H,1562098333854
AFMDDGDRLYOSULYBGGS6EPMIK6WQ,B07NVL6TJG,1564809893516
AGNX7QR5BGTG5Y37AXTGONTUWAXA,B0742LVLMJ,1600308295552
AGP4HUJAND3OEMB4XOK5KXCK5XPA,B07GC1XFJ7,1597712658588
AF32YRRB6MBYHQF2756B5ZU7HDYA,B07XGNHYC2,1605908326779
AHT5EV535HO2FBKO4L5ARPHLJROQ,B07TWRWCRT,1598049486689
AEVAREGBJHQDX6KCSAP3WYYWUHOA,B07QYNFHVH,1572313785642
AFXUBP4DJ6D4NS44G4REXN5LANTQ,B07FT4FMWX,1558108359973
AHCYY74OMZAHDAQVKATHWRTDVLHA,B0742LVLMJ,1597855424776
AHKOQCQ3J6HZKVA6YFHJDCJVQP5Q,B07X5SVBJW,1597780631932
AEO4GFZQAWF4CMEKXKW5DIG4TMQQ,B07VGNQD8K,1609982613710
AGDZLNXW7XXVGVUKEPE2LSNI2ZDA,B07VGN44WK,1574733996507
AFAV4UBLCTUPAXQQYSUANEOVPBWA,B07DNML26P,1541034600097
AGSEPFDUXCQQBY2UJ2GE6OJI2BCA,B084KNCD6W,1601183878968
AFJQ4OBA4ZV7PHBJQNERUVN7UZOA,B01M7UDAVI,1522012109138
AE54FDSSJOILRZTD65LP4YD2KNAA,B09B2GG5PF,1644536252006
AGU6SI3PL3BOOUH24DAOHHFITZQA,B095WFPM47,1626398545768
AFCRQHSMVCM7AF7LIKHZN4L7S7RA,B07TWRWCRT,1573670238208
AHCUX7GGUCD7GJ4RQXSHJMIJTNQQ,B07KC11QFV,1631231547746
AGIW57AAK5LXL62BHZF6W243QM7A,B088YB3PRB,1597406765761
AGV36YNA7J3TDPPR3YBBMACG5ECA,B08F814PSW,1607982671521
AHIQDYYXSLY4SN625TAGUUJWLP3Q,B01M71IUZ7,1506312442367
AEETVRBYA4IU442QIAFC4N3RBW2A,B07S63NKNB,1592748928191
AFIKBP77EDEK37EL4YK6YTX7BV2A,B0742LVLMJ,1557927517100
AHVNGMLNDTP6IIANVMHP3NQRATZA,B07KSZGDD1,1615296489544
AFCTWDQPOB4C4QKJLT6EBPRQ7KXA,B0742LVLMJ,1657758909401
AFERCOVJYRJFBEUQUE26KHJETFRA,B07NVGQ2L3,1602967343325
AE3BGELI5KLFP27I4IIFCKBCL3BQ,B07YZPDHK3,1580805792683
AE3BGELI5KLFP27I4IIFCKBCL3BQ,B07KJLV75L,1576981076399
AE3BGELI5KLFP27I4IIFCKBCL3BQ,B07MFQFKGD,1573711689311
AGV7N5YPUY5NRFV5H75EIXBMWYVA,B08GDYXWBG,1614109152862
AH6ODI4CS5SB4JYBGBTVM3WKXPNA,B08DDKTDSF,1626818512564
AHMHKIPEHQVWDNJMZLC4IMYDXKNQ,B07R5VH7XT,1572930053636
AF72PHO6DSM7Q377MT5V5LFIKUSA,B082B8JVMJ,1629200951154
AHLIMBWSO2BKQLQ42DLHCH2TVE7A,B07TWRWCRT,1669221240833
AHLIMBWSO2BKQLQ42DLHCH2TVE7A,B09RSMMMK3,1669220801661
AHGZ23NWUHQVWHCNVNORUJXBS7OA,B07HQCCD29,1551576977143
AHSW2WRGGZPVGP6FYHCGBVZG2GUQ,B095WFPM47,1634754565704
AHTJXSG4TDNPM4BTCMB43VHHTBOA,B09J8VQYY7,1636942701324
AFK2IWFMSNXTJWE2IG6WFGKIIJFA,B07HP62FDJ,1605712618585
AF7IJ67M7LJJLR72IZB4O4UESD3Q,B07NVL6TJG,1620931557519
AGHRYRYEAHJCBNHQZZNNWEHREUIQ,B07YZPDHK3,1657859310924
AH7RDU3577PDHY5QUSCINR6F2FCA,B0742LVLMJ,1515868406846
AE3ISRW26EKAGKPWFBEHM2ZAW7EQ,B07THJZVK1,1610948200736
AEKGLMKGA5UOPMVTLTANXTYA2QCA,B07Y3XJ5WN,1591126947474
AGU5VNGQCMHZGEHEPVWFUFW7HX6A,B07TBGM8WB,1633135926498
AHTVAVSVLENFWTFT2GK65ZDL3X4A,B095WFPM47,1630028034814
AH3UNCTPGYCQNFZPR2BGHQXSHXPA,B0742LVLMJ,1565064036184
AFDUX4JAWJJLD3AQAMPM5PHCCQWA,B075NM1M1Y,1570420029237
AF3HALILRW2ANCLIAD6XHWMPVHPQ,B07VGNQD8K,1667275733133
AHQK7W5UX2LVAYPJ6UE7U2LIWRXQ,B0742LVLMJ,1577770064426
AFU3YUY2TDNAXM6O6B72DN6OZRRQ,B07MGJZ2MH,1619906290471
AHS52MICQK7GY5WZPVS2OKEHKYCA,B08N6Y69K9,1632690771498
AFXTMO37XVTUXITGH2GT6KJK7WMA,B07MGJZ2MH,1593514490698
AE5WW4NUS3YLA2T2OKHSQ2IOOVUA,B0742LVLMJ,1534187347014
AGUSHDBRJ5W7BBUJ67SPX3OKPYOA,B091Y55Z1H,1628534415942
AHRDCINGOYDIXMS2YCWR2HJSAVEQ,B07HFKL5DZ,1599930635803
AH7JYSZ6V4TKOBH2TZ65A477YQGA,B07HQCCD29,1567102777989
AFHVJ6GNLCCEMZOZMC4XAI6QXTYA,B07DNJ6N8K,1629780468479
AEMJTMGI5X6AKWQTNNWGKGORIMJA,B07DNLPCB9,1535685334156
AEPG2R2HVRX4PMDJIDXPGCY5QWEQ,B07KRGB574,1609357347370
AEPG2R2HVRX4PMDJIDXPGCY5QWEQ,B01M7UDAVI,1567860914671
AGYFXMJTQIGX4LUDFNTNVX3R6BSA,B07KPG7RFQ,1548879821467
AEYQDIRL5H6Z54JI7KBYGX4BYF2Q,B081B5DVG3,1643318637061
AG3PY6ZAIKTKHXAKO5XSS4IJQ5DQ,B08DDJ1QRS,1610196670753
AG67M2TIDQTJ5ZYA53NPTW3K4X4Q,B089ND96K7,1672337252943
AGMJSZVF2ENGTQGXQARHP5I336XQ,B095WFPM47,1660488273420
AENCGNF7SBJURXUZ3SWHHZLBM46Q,B07VGNQD8K,1621286465616
AHQXRJWR6OHNTAY5ALWW4LV7DOYQ,B07GNV45VX,1552253566042
AFDV2YBTRW72FAV6FBUBFJF4CQXA,B07GNWWTRV,1547691844428
AEPPZMVMNGX53YGBS5VGY66HG6NA,B07SDGKP88,1634070594227
AFGLDHMHBMEOLG7BNDUQHA5J452A,B0742LVLMJ,1596247276617
AE7MYS2BDTOATBME2C3LWVRBVKXQ,B08JZ1H84F,1612658276142
AGJFPQOAVR3GR3LONFDHT74DR5BA,B07VGNQD8K,1612563143093
AETM7MZJI3ZCAY5TLVWK5FKQSXKA,B082VL5NZC,1601511368343
AHL6VPINOMNTHEK3ZJVADKPNJAKA,B07GNX2VPX,1541473234536
AEXDSLRLJRZGGLQA72WSL77JFBNQ,B01M71IUZ7,1538312696461
AGX6M2C4YL2B37XPHCNRVU5NL53Q,B0742LVLMJ,1563279702622
AG6I5FPLUQIO2LGIP6J4GRZZMSUA,B07QL1JRCN,1636428675507
AEVE6RNAEPMIB5PYTQWPOC64WAHA,B0BCMGF6Y4,1671567300319
AGVVZ5DM4ORNTEAOEWYNMQNHYDMA,B085Z2WM76,1595164787523
AGJH3VGQOC5FIEJ5ZZ22SB5ONFPQ,B0742LVLMJ,1556972757620
AG3HS7BLWWLXM5FWZNMRMKN2XYUQ,B08GF6HCM5,1603493107001
AH5ZBP4EPSUR2GELK4PEKWRUIP5Q,B0933DPMJQ,1631921530548
AHLDSFIEMR3YROFGHEI34J5FISAQ,B075NM1M1Y,1548439727069
AHL65P7MKJWQ3SA5QU6O72ZZM3MQ,B097F3PVMC,1632418690410
AGEJTPTHJASA4PLNMZVJNIYCEGYA,B07NVL6TJG,1625604313086
AEMNKTKQQX5GNUDJCIH6HDJDR4CQ,B0742LVLMJ,1589346765668
AES7BFG4IC7O2PGGEZGSCJYCEC7A,B01M7UDAVI,1557002065499
AFDZWQF5RHHE47MGB74HW5XXDZIQ,B07DNJ6N8K,1554869496715
AHKKBKFRB273B6O76BUGYTLPDCZQ,B07H3S5Y9V,1595517769686
AGBTDVCTDRBVKDLP7NC32GWNJ2VA,B07XZ9MXHJ,1574990322265
AGHQW73DF4KCHVDEMCHVOT5HSKUQ,B0742LVLMJ,1619899249293
AGFPV2T2TJUEQOMG6IZVAN4XZBAQ,B07PRXJMLZ,1580589527294
AHBFL6RYVZXEEQA3U6LHDTNXBPEQ,B08DL7SV1Q,1616815675500
AHOQBGQAAYBXFTOUUKS2HLMA6TDA,B0742LVLMJ,1525889638403
AGZFV2ACQW2S2CKRCPN5HCSJQ5BA,B087YPRGKB,1616341120874
AEVCLCYFVXECVU7DQ4YCETOJDSTA,B07HP62FDJ,1562973786518
AEVCLCYFVXECVU7DQ4YCETOJDSTA,B07RDZVJCZ,1560541379366
AFUTGNDBKLDGMK7323TCQ4NCMGMQ,B07DNML26P,1554659581147
AEXMNUOLVCHLMWIRFXC57BNLQDCA,B08L7LX6PG,1603215071100
AHCWRBKEPBKPS4I7GJF3Q5U2RWLA,B07T5JT9D4,1566853161502
AEDBCYUUXGURPPAYSDD2YKAW6YEA,B09R2M2691,1665751654551
AHYCDX5RHWM3ZAH6GFHPFBOVGLPQ,B086K2RRJ4,1613070151335
AEX3ZHVJUEXPMITF4EHD3IOV4HAQ,B088VP76ZX,1616371622367
AGBGWAPTZOCFHXSJPKBQAGLTH6PQ,B01M7UD21X,1505214569339
AF3VQJV7U337A4W77M7HOP5ELN5Q,B01M7UDAVI,1525613834656
AGXCGHNVZQYU5NRYAIHNLEAEQFZQ,B07TWRWCRT,1591929352309
AHF5FSD5TLC7IIZ2DZPT45MLH4UA,B07M5H99Q6,1652822536231
AE3O52OEM2PT7UF7MOTVW7QT57EA,B08N6XSSRN,1614317749174
AFQFNNDSINJSRDI4657ATZDR3J3A,B01M71IUZ7,1549634956736
AFTFTCODSHCG3W7VDKEOYETT32IQ,B09NC55YJG,1644441778687
AHUJH3IY6OJXG6OML634TNDFB2EQ,B09BFP8K5G,1659118719204
AGOCJ6AWXKPZDZ2Q64NGJKDZBCBA,B07DNLG9ZR,1619136685838
AGEEHZLH4TFYY7PDAPEF4WYXFMSA,B07V5VWTMB,1578840694166
AENDNC7MK63LEVCUINP3CSUD5HMQ,B07Y3XJ5WN,1639149060211
AFCYVCFTWY5CAZDNYAZBN6KFPRHQ,B0742LVLMJ,1628535044556
AFN4AMRYNSTAY44D5MOGHDZHI2AA,B07R99144F,1579939282854
AFPNBCAFQ3ZTHWUROWB2Y4FWGOGA,B01M71IUZ7,1497445521151
AHUS53F5WFPJCNYZSETSYGKQ2XSA,B08GDKDMDT,1610131516575
AEL7OZRJUHPWMNCEXORD4N4Z67DA,B086K2ZS32,1595966514113
AHCELXL3EX4JRH2QFLHQKW6YI6WQ,B07SPDBR1J,1582574411170
AHBHOQATY7UC7ZQ673KQLFBCLZTA,B082MKSDWL,1624666288324
AF7T7YRIBCVLWE576IFFXHCNOPIQ,B07THJZVK1,1595274966755
AH3HND2OPVGVX3RGLPETEGW7VEBA,B0742LVLMJ,1519876841679
AGFZIX3NYZSPHOXVC6VBULS5OFLQ,B01M71IUZ7,1579631156811
AG3HFO2EDFWYT7MNZKUNAZOIWFLA,B07V5VWTMB,1610823088925
AGQ3U2XWYTCUHJSKK5XGOWUIXKWA,B07NVL6TJG,1581436301940
AEHGR3NDZ374AOH7TVIUB3ORPRYA,B07XGNHYC2,1615348388627
AFNRDMLEPTG44NOEKFYPAJR64BGA,B01M71IUZ7,1527467336458
AHMUBOVLLO7MDZQDMYOQ7CJNOCOA,B07X5SVBJW,1627761603730
AEUUADLYODCWWLMJO3NDXVTATP6A,B07KT17L2S,1621895370437
AHRCEP6H5ZMAX2WHBN5JFG5VV5ZA,B07GNWX112,1541732399672
AEB4IKWUTU2GPYO6QYNMPB6A5AWQ,B07MGJZ2MH,1552317081267
AHR2AGOL4A6FBARVY3HVPWCDMQTA,B01M7UDAVI,1598314581627
AHFGRY7AQH73EPVERPXMVLKAGYUA,B07KFM1ZL8,1547998532793
AES3SYAX5OFRY7MZLVUA6SG566EA,B07SVGMGW4,1596807449621
AHOK74A72OVXQHY7EVMIUT73LF2Q,B08M3PRYXX,1626576908807
AEWN5KLNIFRVR2INFDMQLP3HA25Q,B07SQBKMPT,1572735376721
AGF23NF47Z5AUZTWXX34QCJFVP2A,B086JBCVB4,1674114215654
AFEYIR44SSFYIOVYIAIFFPVOYB4Q,B0933FHCTP,1654099821150
AG5PZ76BY72XESJYQH6JVP32IZYA,B08GDYXWBG,1626469179866
AG53S54IXMYVH5O22LGEJCHY7S5A,B08H5M5RX7,1623254539670
AERNLMVIC4YKUFISPMWA27NNHL2Q,B0742LVLMJ,1622580360184
AGFDTS5VIIFNO3WNP6WVUDXJJ5WQ,B07H3S5Y9V,1541250627261
AGMQMEIVLJCHRP5MZBV42FBYCLNA,B0742LVLMJ,1533160738158
AFETYNIBLHXKVB3RE5QJIEXPW25Q,B084JGDV6P,1601350842405
AHVLSFUDPVRU7OAMPBRQVY55Y3WQ,B07KM6T8GV,1553302719931
AGAB7PVGA77MQQQD2J7CKMHZUMSQ,B07DNM6GBC,1612760284351
AGAB7PVGA77MQQQD2J7CKMHZUMSQ,B07GNWX112,1577911024893
AGFZDLV2SD35YTQK7LB2GWPVS5SQ,B07DNM6GBC,1534835186543
AF3BWCNNKYJT3NMQJTLKU4BLGDLA,B07HP75X12,1598317021527
AG4EHZ4Z7VXJKOWEHM6HZBYID6BA,B08GDYXWBG,1623535503165
AHWSEUAOBF3VBDLIVQLXHMO7YQOQ,B0BQ13VQZS,1679933377998
AFMWPY45V5O4U36R6IJK4ABZQJCA,B07N7BG8MX,1566590325259
AE7MKRKVCD4JMEKDK3QBZNW3SU7A,B07GNWWTRV,1557916793306
AE3JUREK6TVXDCQS6HITHEGX4E3A,B088YB3PRB,1604231431641
AFIBI5JMBDDKGYEBTO562HCXSYEQ,B0742LVLMJ,1596489563428
AGII3WXBCX3ALH7C5A6DI7Y6OSWA,B08GD26JQX,1617317770413
AHRVPIRXY7R634WM76IST7RWF4BA,B01M7UD21X,1500558738856
AHXBQOOZWYZPS3OKU7QSCHAE2DEQ,B08C1NC54P,1614710265863
AHENDUSFR4XV6GP3R6SWF5FZ2EAA,B07N4TC26M,1580488431262
AFBPN3WEMYVQVM65A4EVY7JFMGNQ,B08MV4VYL9,1647396867887
AGZZVFSBCDYBIWFAI2BY66YYBLWQ,B08PKR3KCF,1611794430418
AHDI3JXN4GOANTGFEHF3VHQ6F6QQ,B097F3PVMC,1668738912671
AHOOIGB76H4GMYGPBUIX7ONDMX2A,B07RBYJN37,1576975695836
AFG5FAUSAEBSZKMR34EMWBLP5NQA,B07XGNHYC2,1594850339198
AEHDKK46ZRDMB3FBGVXQBYA4W4LQ,B07RBYJN37,1593974428920
AHHKODYG4YPQ73TRKRQKTUDF6Z6Q,B07PRXJMLZ,1613749418206
AGG63CD2QGKALKD7DHLQPUQSY2SQ,B086K2RRJ4,1671742886682
AGHWLW3E6VUA5OSLSM3PHEMPUOHA,B07FSYKGSH,1565582131824
AHJXIJE77YZO7P7FLW43UNUBNMLQ,B08M3ZFWDH,1620432486017
AHJXIJE77YZO7P7FLW43UNUBNMLQ,B08M3ZFWDH,1620432486017
AHZPZA547TPYXIC2ISV6T6ARSNTA,B07DNM6GBC,1547084024582
AF4JXRGUVHD24L2WEKCHFUL3UWUA,B07R5VH7XT,1593983485348
AE24G6P3PKC7P4N4H5CURQLHEA3A,B01M7UD21X,1502126656290
AH4QGIQR43I2D4J6VB2YUENH7PEQ,B08GKMF8BW,1654722888777
AEEJHEKAZYMDKS3WMSTIT5RTXT3A,B01M7UD21X,1493921795000
AEKAV4RUGF6S6LDCBENGUZTX4RKA,B07NL91XW9,1629770346094
AGFWTJDFUDBY2C4JYOQJIM4NDZMA,B07DVXFP2N,1545940045968
AGY2KCOLRM2TOJZTLJEYIMJ7HX6A,B07GC3QLWS,1544475801167
AHVERLPDXAVQ2Y2K36SJL5SU7PEQ,B07VGNQD8K,1601767922527
AE7W6YUKEMPFY7VZZGBGZGGZDFDQ,B07KJLV75L,1571251506008
AES4XFRJFIARYP3PNBT6KQMWXB3A,B0742LVLMJ,1606175864756
AEPNJB4AR3YOEYVBHE73OLONNIKA,B0742LVLMJ,1560941237758
AGAETERVYLW3ZL6TJMDYHBPXUSYA,B0815VLVVX,1601995627142
AGXXYGS64WFIMY5CQUYEDUSBAQKQ,B0742LVLMJ,1550966735097
AEQIIBU2DOFQFJ4RZFAMZLZLKVJA,B07KPH6D57,1549573291332
AHUGYVOL57N4UTJ5YHYF763DX72Q,B07VGNQD8K,1627690566473
AEI3GMFIAQCZFAZF6XPKLNHM7CLQ,B07DNLG9ZR,1549083482952
AHOL7Q7U7BQGVENQSBUQMD3MMMVQ,B07T43BXRD,1594689918798
AEZM5XMOMRUVOJAVEZAFODJ2RMIQ,B07NBPQL3C,1644318319722
AFJELJL6B7VICJHMLGMUNPCBXJKQ,B08N5BJPBD,1620942508323
AE5GIELANXCPCDMLVXK5F2PUAQ3Q,B07VGNQD8K,1621175212171
AEYWXJTN7SPKSGCRKTJ2HFAEHHFQ,B08PVVTTWW,1651504328769
AGLQCJC5MUFNSK4ZVKHA27CBO4ZA,B08D9R31JV,1633264590461
AEQ2MRRDLZDCANJHTAXA23IN5CSQ,B07STGWT1P,1588366756205
AFKUHKTPZOKV6RUQCSWA6RQF4OHQ,B07GNVJ6R7,1681420949764
AGUQCNBHJBKBK4GNASLZBRQVWVXQ,B08C7HCJGF,1641941431448
AG4EBHLFNTEHFM3DFTCTZMMLDD3A,B07NVL6TJG,1611956248674
AHNAWRO3V54VZ3SMWAVIY3PMPDAQ,B08TX6W5MH,1612094716323
AGIP2JJCXCTHMTWXTSFSC4TZSL4Q,B08WM3M1DJ,1618693953638
AGGGFGC3DJ2XMEVLVPC5QO4OL75A,B09DTB44BY,1653431722074
AHMPVRIIJYBBGHOC7FCZ4Q2FXI4Q,B07WGGH1C1,1609011809627
AGFTW27PMTMEIGYUPV5ZYS3LX25Q,B0742LVLMJ,1628035639867
AFT2YC4DJBCHN7QBKJAZMND5ZUVA,B07HP75X12,1551115971357
AGSYUNGJB5IPWXN554PCJRAZN2PA,B07VGNQD8K,1597177166230
AFB3WCJH6FAZBLLPLUHZEDTKYZIA,B0742LVLMJ,1534014705495
AG2TF4MAQUTDFKWMWKVUHGEOH3DA,B08WRG4WVM,1658721213522
AGB6LMXLMVJJVN6JEGZFEQIABN6Q,B07FT4FMWX,1614432470286
AGB6LMXLMVJJVN6JEGZFEQIABN6Q,B01M7UDAVI,1502733887143
AE5C2V5RXXPX3KVRMVLV6AGVUFYQ,B0742LVLMJ,1523926054408
AFI7HUS2GDBSV6AHQIUTHBMPV2HQ,B08GD26JQX,1615636084150
AEUNZBWXRTUIN2G2MZDIGPOPN3YA,B07QYNFHVH,1616639941151
AHJR4ACLFRUGIKYWVPEQ4O44A6NA,B07DNM6GBC,1648944239571
AFEY6UWPHLLKBMWNUBO5RUECKN6A,B082B8JVMJ,1665054873342
AF7VFYWSSS66QACALJN745PLLJLQ,B07XGNHYC2,1595372640611
AEEHGN5KBSXEXCYTRTLD3UPNHW5A,B08CKZLD81,1600917398999
AEEHGN5KBSXEXCYTRTLD3UPNHW5A,B08CKZLD81,1600917398999
AHDLKHAFH45GEKLOXL7B3XLTKO7A,B0742LVLMJ,1514603297000
AGYG5N5JTWIRKUQ35KLJ7TGLTCKA,B08GDKDMDT,1605400748236
AHOKM5MLV6PZCSINLOZ3AFKNUEVQ,B07MZFYSHZ,1571448614734
AGGTAH6DIYXIWLTGMLM3AOCPISTA,B0742LVLMJ,1589599934050
AFF7ZM4T2L6TGTINXQ3WZHMCVSMQ,B01M71IUZ7,1485339494000
AFFK4OMRMZRQ3AT3IB3GNKRWZX5Q,B084KNZBM8,1608517570342
AGPYFGYVCYXDBWSWCYAF6MWSBBMQ,B07WGGH1C1,1599866962497
AE2MBJMWN2XP5ARK3R3CHEW476YA,B08GD26JQX,1603580147872
AHYI7NXLEMZDEZWSS6JHEMWJT44A,B0742LVLMJ,1557789585440
AEZWYFRIGVJW76XA57RBHMR3LZOQ,B07SWHTHS5,1567525288987
AE2P7HFOB5OYJ6742ONJVQKNVKPQ,B084KNZBM8,1627488097374
AEJU22CIJ2DEVVUNAGOGBM63VFMQ,B07WC2239F,1613853503910
AGXV3HLQSHIUKX7YRQKZBUQNXIHA,B07R5VH7XT,1631143607495
AGNH74BQIM3Z7CJQZDX3IDCRJBIA,B07V5VWTMB,1618250238098
AELIROH2X5U3PZWODGKDR4ZPDGFQ,B09BDCTCKR,1641671569572
AH4B4N3QMUXQZRMTVSUY4Q7WNSVQ,B09T5SKDPM,1677531074488
AGGRJENPXT4J253AORJV3KPRWGGQ,B081TBW1FB,1642015147872
AFJZXQKOGISOPOE65QS3QWFH6XUQ,B07KJLV75L,1649308713719
AGMXBGGOPYENGPDDZEX3DM5CHTLA,B0742LVLMJ,1611180683309
AHVYMNFT6XTCXGMNFRC2MVBDPPOQ,B083JKYY2D,1657840888861
AEWXYQHTIXKNC2BFASXSX76T3XUQ,B07KSDPDM6,1582814417914
AFDNMABHZPBGM4N5CVOJ6D6CAM4Q,B08DDKTDSF,1609044122158
AF7ND35CVHP3RE35IUK7I5E6R4JA,B0742LVLMJ,1676909227928
AHPZKY5WVLHSB3A36P4XI25KFCAQ,B01M71IUZ7,1521479722772
AHDDYQKTOCSJE535CJ4CLTXAKN6Q,B01M71IUZ7,1503897185648
AHOS25C5TKTDP2T3W6WJV7DLFFHQ,B0742LVLMJ,1615768241485
AGHLN2BGPDNTKVE6LNQV5EAXGIHQ,B08D9R31JV,1600320861078
AHKXQYAFUSECHPLLTTWVNKH5BWRQ,B0BM2NJT6C,1677233506483
AHKXQYAFUSECHPLLTTWVNKH5BWRQ,B09LVZLLRH,1665016118514
AHKXQYAFUSECHPLLTTWVNKH5BWRQ,B09R3KVR5X,1665016050396
AG5Y2HLLNAKEOXU5F5UX22U52YXQ,B07GNWWTRV,1556652986979
AG5Y2HLLNAKEOXU5F5UX22U52YXQ,B07GNWWTRV,1556652986979
AEO3JS6ODD3ZNYKM22SKRA4C2RFQ,B07VGNQD8K,1609365463843
AFUFH332B5YAHM4KSEQWR3OGCXEQ,B09R3WJT82,1659906301741
AHILGWNFGA2NKLAUAV4BBWFK6YIQ,B09NQBS63Q,1642860026355
AENQUWE7VMQDSLZN32AFXAZWMBWQ,B07DXHG3MG,1588861010374
AER2YAQTL7MM5ZSBSTR4O6PIGPZQ,B07KM6T8GV,1641624588560
AHFMNV3QIJD24SMUFAYPV64EFCUQ,B07GS3H343,1615425715770
AEKQ25GEUHFSFCDRVQEYITTZWQPQ,B0BNC9ZXKZ,1677025042822
AEZ3O522PFANOERDUEMFBALJXHLA,B095WFPM47,1644593671820
AHF6ULED5OCKURZYAFBZ6IHGYK2A,B07X5SVBJW,1598677506054
AGXKV6AELUETKR37NUBEOQSP5A4A,B08D6X2RD4,1618513626944
AHJOP5PM7IINCAYZUHJNJBXNWN4A,B07GNVJ6R7,1540931260068
AFK3KNTWE5ARLAO2ZRM3IBLZU5OQ,B01M71IUZ7,1498164804645
AH5ZXYV4DUTFK3NDUNSFBRN645LQ,B07H3QNJ1Q,1643865469912
AHMIOHIW4MCW4N7UQOQMRGH2IQGA,B086JBB4HD,1613239366173
AHLA54J42PFEVOW5P4LA6RU7MDOA,B01M7UD21X,1503344386599
AEWB23ZTBMZYATQY2T43RTBLHMRA,B07NVL6TJG,1579878082936
AFGHXHPJVAZC52TU3X46LO2URHKQ,B01M7UDAVI,1541484759397
AEWLF65QUF42TNK2RQ4B7PPXNFJQ,B07NVL6TJG,1621047329678
AHG2CZH22RFCBNMIYQEIXIZ6CPRQ,B08LDV5MBB,1623020460810
AFHB6Z5RIUXK3H6TY4V5ZEWADMUA,B091YRTQTX,1626343582269
AGJHFR7E6AVMUANBLDV2HVDAASUA,B08KWK6N6H,1629905134809
AEDDTRITHHZNXVGM62GW6A2KKZ4A,B07F8Y6BH9,1596922103213
AETJYIDDI3MAXW2NLYLHQQOPLT6A,B07S63NKNB,1573178980432
AFIYS5CYEAYVUUCI32OH4C6Y55WA,B07HFKL5DZ,1677800520966
AGNBZMBUGGCKR23AQXO3FTSJ375Q,B07NVL6TJG,1601841739592
AELYWXN6ISFHEY5DGNZGPSMCSPMA,B081QDJ3NK,1608434687322
AG3Z4BDE55USMUISHW2F3WKQJDMA,B07DNML26P,1535482566556
AFP7BIL4ZSX5LZJMBAJMOE7QFXIA,B07NBPQL3C,1625514414014
AHRCOUOM2CRD7FCASZCC3UO7JVOA,B07SPDBR1J,1614971562308
AGR5DWONMLE33NTLDVIZ5CEIU4QQ,B07VXJR1PF,1613203325997
AEAORYWLCFPM6NPMQRQN72QF4CFA,B089KVB2XC,1604629293021
AETHSPKEQ2QZVHXFNDGERARLVZXQ,B08DDN95VQ,1623353637299
AGO2URXA7I2EJPGJ7B66VXZTJCTQ,B07VXJR1PF,1615481430590
AG4RV4JNBXHXUXOAOOS2VWVFSWIQ,B081JS67KV,1581021325599
AHADFMO6K5XNFPNJVPZWXBPKQT6A,B07GNVJ6R7,1540914696449
AFR245ATVVGRXWIMF3GACTQVHE6Q,B08H88C2JB,1632161316094
AGHEMJJOFRQLTJAIPCEQE7ONJWJQ,B07DNLPCB9,1554755214925
AF3KFLXZ56ZQXYWXIX5QANTKAPVA,B07DNKDLYV,1600793123801
AELCPXRMBMIR2VMSYLJYK3XEVZKQ,B07DNLPCB9,1541169300510
AHQ4GHY3YDID2VMQMJOSDZOPRGZA,B07QL1JRCN,1620082917431
AH7NIA67NWGTOU52JPEZPE6BOGXA,B07QL1JRCN,1594756383230
AGZHMAX5VCI7T7BK4TJ6Q4IM2YNQ,B07QL1JRCN,1621046785643
AEET3CHYGZE3BN4CKAZ3VDB7S5KQ,B07QL1JRCN,1591835952876
AFYF3JINTOQ6RSJABRAWFMNDZZLQ,B07QL1JRCN,1596852000675
AFVELW3GKJF44RX3RUCS5DQG2PIA,B07QL1JRCN,1608234783152
AGLX4PRVJZHUENNCVMAIVEGSV4OA,B0742LVLMJ,1580764619971
AGLX4PRVJZHUENNCVMAIVEGSV4OA,B07QL1JRCN,1580764397902
AHC5RYM57QP2RO2MP7CS6VOFJ3EA,B07QL1JRCN,1621738536448
AFG6FJI62OU3PBG36RUQRK7RI2YA,B07QL1JRCN,1613626160272
AECI7ZSJQIVTLNIM4DJUHETJVZQQ,B07QL1JRCN,1564445175737
AFGZA32GFFPG7JKJI2Y4WMX2244A,B07PRXJMLZ,1594009459385
AFGZA32GFFPG7JKJI2Y4WMX2244A,B07QL1JRCN,1593296315100
AGKU7BBSF5PO5X2A3TND7DQ5YW5Q,B07QL1JRCN,1561056053991
AES534C5EWOSTVDADH4QUGUELVOA,B07QL1JRCN,1560347929141
AG3OQMN3IPQFGRG3EUQAY2QF74HQ,B07QL1JRCN,1597572173932
AEEYBGB7FGDJG3USPINC6SGWVCPA,B07QL1JRCN,1615350846768
AGUVQ7X3JWI7ET667Z5X32O7O3VQ,B07QL1JRCN,1593450743192
AEO76FMVSGAQ2VSP5NTTR5LJKGEA,B07QL1JRCN,1594772257870
AEN3NJ4QRPQAD2DHQCSGDWVS6NCQ,B08KF5VWWX,1628023787174
AGTWFF5X6SVKBVKWC2SQ3JSHN5XA,B07QL1JRCN,1579389443819
AGEV4JR7REFYFCKRRJF4TOLVQZOA,B07QL1JRCN,1605552212955
AGRK7SO4X5BRLIFAY6QMWGSRX33Q,B07QL1JRCN,1605419664494
AE2WU73YGUKE4WXS4TDNMLAHTKSA,B08KF5VWWX,1616446655420
AGDUS2P32LL3T4ZYIJUKXGX4H57Q,B07QL1JRCN,1628977046303
AG74VUICY6F4QI3UGFTYAPHPDEVA,B07QL1JRCN,1608446114755
AE7NVO5E33TGMH74O5O6BX5AP3ZA,B0742LVLMJ,1566646997928
AE7NVO5E33TGMH74O5O6BX5AP3ZA,B07QL1JRCN,1566646295722
AFM6KZVHLGBAIYILYXZWI3SDUZXA,B07QL1JRCN,1646099563392
AGYZM2TUXS6EHGPKQJGCIZPQZ2GA,B07QL1JRCN,1642812454013
AHSSVBNYNZNJUVAORPI7543CYL3Q,B07QL1JRCN,1654956168763
AH2Z5H4VIMBYM35XZ5KKY2ARBAXQ,B07RBYJN37,1609044952156
AH2Z5H4VIMBYM35XZ5KKY2ARBAXQ,B07QL1JRCN,1609044876921
AHBIFJTJGG2G44WED4YODAJMAWJQ,B07QL1JRCN,1590617773750
AG3GD6FKLIWSWOHAV3FUV3WFWR5A,B07QL1JRCN,1601657166639
AEORYERRF3PDSJAEJIKFWOCIZUWQ,B07QL1JRCN,1583064691229
AGQC2NGR6MOVVHAVPB2LSNRCVL5A,B07QL1JRCN,1592336255052
AHAKSUZPDRWKKJUVESGV4CO3BHOQ,B07QL1JRCN,1594329515066
AFAAQEOP6ZCOKO2BQ5VNQ32VMU4A,B07QL1JRCN,1632165975809
AECHAMIGTNCEA23PIDV4GAASUPPQ,B07QL1JRCN,1626578627226
AGIR5YPHD3NU4RJIZT5UY7J5LNWQ,B07QL1JRCN,1633183620161
AHWXZ6ZOIZDNU6YZKCZTKM3UKU3A,B07QL1JRCN,1570255705996
AF5R5QZZB6SXDXFP2LPBS2HXHKZQ,B07QL1JRCN,1631852077647
AHZKJ74LZJQMNNPISIOTL36TXDIA,B07QL1JRCN,1605534607500
AEZOLLEXSHMZCGL5Y7VWMGENHH3A,B07QL1JRCN,1594735510176
AG3QNTHFTHTKYCQZI7EGP3L5FANA,B07QL1JRCN,1590990614525
AGEFA77WAFR76DKQVAXO5E6DUHAQ,B0742LVLMJ,1614219966146
AGEFA77WAFR76DKQVAXO5E6DUHAQ,B07QL1JRCN,1606535362150
AGSLRD2CCEVVGVZP5PA24RVTQMRQ,B07QL1JRCN,1621972554361
AHQOXKKGVV4CRPCAPWGBJVTNGBRA,B08KF5VWWX,1629757907924
AGWKYLHCHQSYWG44ALWNXV6FPXQA,B07QL1JRCN,1624087699798
AFO3UILLZFL4JSCWJMBEUR5JNHRA,B07QL1JRCN,1605209480193
AHTBQIDKMP2TR6A2BXVDAEULD5JQ,B07QL1JRCN,1594470108931
AFGBNFQUN2NH3MGQNP6PTQ2O3QNA,B07QL1JRCN,1595341098326
AHITVPYUVXLKLARTMSO4XKX7KVDQ,B07QL1JRCN,1581259629222
AFMAUNTNXUSZMYOIOAK3IKZY265Q,B07QL1JRCN,1599456439828
AGAFCVON6QNN343V4OHWPUDE3OGQ,B07QL1JRCN,1623330495483
AGATMDSQ4JE3RGTQONYHXE4W44HQ,B07QL1JRCN,1572303948870
AGQE74N4JL65Z45KZHUOQMWOJBVA,B07QL1JRCN,1595398764341
AGRBGB47WCWXF626MNYOODSBRSOA,B07QL1JRCN,1572719767457
AGRUTKNV2CI3GJHLYD4IPNEJ76RA,B07QL1JRCN,1629068949452
AGCTX4KLL5CWJGVM6D2FUHTPH3GQ,B07QL1JRCN,1619107088025
AFSHERW4Z5QUF7YR46CK2CNIMYLQ,B07QL1JRCN,1594692018955
AE2VUDFRKWGJOOFJPWFX4KFAMAJA,B07QL1JRCN,1620000864158
AEIA234QJZLQMFCHNH3CK64DSRCA,B07QL1JRCN,1582616892991
AH3JXYP32IJYLLFBHSSF3NY5VN5Q,B07QL1JRCN,1641144863224
AEX474SJJZWRKBB2W64M73QLHKWA,B07QL1JRCN,1579831369978
AG3GD6FKLIWSWOHAV3FUV3WFWR5A,B07QL1JRCN,1601657166639
AHVGUAQRPIFUOTMK4PPUIASARY4Q,B07QL1JRCN,1623650712044
AGVYYCOR27FNO3I5DLDBA6QDP2SQ,B07QL1JRCN,1605324884891
AG3KI4FAD3J4P3325EJI5REGSGPQ,B07QL1JRCN,1596472386437
AHZJAJWFV2ZDIK7A5ECFNDOCH7NA,B07QL1JRCN,1629124262023
AH5NB424HEBM2XWXF24MTDIOZXGQ,B0742LVLMJ,1534557670542
AEW2MJNVLWMOGQAJFMI4C4LS57PA,B07XGNHYC2,1602368830669
AFL2AJSLX7N2KIQVT3XKHLCOKJRQ,B07R7WVRGL,1587924946594
AGFOINUEFV75YIOX4AOXV7LQYKIA,B0848B8JDB,1666468379220
AGQFE2ERR5HFRVDVIG7AOSJ6BY3A,B07GC3X8V7,1538236527968
AFNPYTDACRHP2JJP7CIJIN4J3ZJQ,B01M7UD21X,1570569616695
AEYYPNLGEDZN4PG3SS3S67DBUBSQ,B07DNLPCB9,1591810120109
AGYEPQ4HJAHCXNRPRITHLEJY7KXQ,B07THJZVK1,1603059064542
AEIHGJOU64Y3VMGK3QNM57S4TKBA,B07X2J2QV3,1645263057541
AFTXJAPKCMLA56O362QIWO4GRRSA,B07H3S5Y9V,1666715828036
AEDW3ESZGNNKSKDD3MPA546BN4NQ,B07VGNQD8K,1657609534059
AHR6OLVEMPKBWVGEVLFNN4DOHVDQ,B07NL8SM91,1614105818019
AEWUVZJCVHKCPNY4TRB4DCLTX7LA,B07R5VH7XT,1560268837863
AGOAEFBWIZ27J47EMNAATFJW4G7Q,B07SQBKMPT,1578870878685
AHY46TJCS6C3JT7KQ4I726GFWUFA,B095WFPM47,1628131306835
AEGJC5TAE7HJGUEH467EM6ID777Q,B07X5SVBJW,1597858366888
AE3OTSD7GUXESCJGW6W6BNALUWGA,B09HRR6RW2,1651611917888
AF4YRPEAIWTALIZRFSE4XZWLMOHQ,B09DTB44BY,1645824436785
AEWASEX7A4PDVUMBDSDZ777O3UXQ,B07GC48H1H,1550538198507
AFVOILAM5TXCVAZR7CFE6V2JDA2A,B0742LVLMJ,1549381433262
AGEZQXLBLCLQSA65E5M2Y6BUVGJA,B089NZ8D82,1666037398038
AFONT62OBBWC2XTXT623KNSJFPIQ,B01M7UDAVI,1499338767621
AHRX3NLVDFSJFLBLSLQGXKFCSYWQ,B01M7UD21X,1517433956218
AFRZCRGFISY6Q63A6L26WJF6F3GQ,B075NM1M1Y,1547628580506
AG33NX44B7COWFBDEVDLOVSWWFQQ,B084BYQDJ6,1594667462875
AFC4OSX6BC52PAZYBQ47VQJFCBGQ,B0B4BLXNMK,1659802781431
AGQUXV5SGTTVX5CLRXE42CGWAO2Q,B087GQ51ZB,1610651462719
AH4LUAGDJJQHFJ6CBNLZWSEEDFFA,B0742LVLMJ,1589771953100
AGJ3QK26PDAUKMECBT54KWEA6NPQ,B01M7UDAVI,1523841864271
AH4EZ6APZ6WYLPMP4HSUXQCEJEZA,B0848NSXSZ,1611599893713
AFEZYVVZKRSKPP3LQSTLI4UKZAOA,B0742LVLMJ,1620518755248
AFI3BFVAVPDIHXMCQJQNIOP65KSQ,B09BDCCKHR,1642875682295
AFPCERKHBAJUTQHFL4CQCSYLGOFQ,B082M86VL6,1608815705490
AHRMMM4ZTAOL7PJJUXKKZ7IVXUYA,B01M7UDAVI,1503521724331
AEPIUG3JRAWMPDCFAQ4TVCPUPGIA,B01M7UDAVI,1496112445000
AFN54OM3PYWLANSOMQ5TZXFK5KQQ,B07TWRWCRT,1632367703142
AFZDYZPNROCH3XSM6A3ICQLVSO3A,B01M7UDAVI,1489038825000
AGTAN6TQYHLYPAYYTSUAZRHINXWQ,B01M7UDAVI,1556775212106
AE7TYCBIGYBFMDTRA4PCVAGD4X6A,B01M7UDAVI,1521139525620
AFZPMCEJDZM75WJ6YN6QN2JONOGQ,B01M71IUZ7,1525194400693
AFHBPNLFO7VBHPLQXE3MXIUCN2JA,B01M7UDAVI,1534319085482
AH532JKUUNUCJH7QI2VYNEABPSXA,B01M71IUZ7,1524154684198
AHB65ZTEBN2YLHDUQ73543XRLUFQ,B086JBCVB4,1596466541796
AEPY346ZBKRUL4WON2BMQVCPSSWQ,B098BHKFH1,1628961870968
AFPXLZAL7BZE7OOOAISH5K6GVHIA,B07GNX28KS,1550153155201
AFDR7MOETGHTFHH27UT2GDYZJBIQ,B01M7UDAVI,1510443977581
AEFU2VC4OFPOVJ7EKYDFSAGDPLHQ,B086K2RRJ4,1591801909776
AH2NFMKKIPHS3XOUQS2UOGFONR4Q,B01M7UDAVI,1567875656121
AGXEFZP7NZKBMVNVED6UTOLN53WA,B07DNML26P,1562712857452
AHXPVQZI34JQMNALMYLBZ56RILGA,B07J2K9ZT8,1578695242324
AHSSZV4M4E6O36SQVDGC7VV3N37Q,B0742LVLMJ,1522789779918
AGFNFNYYPH2QFFUQMAMJUYQSTIYA,B09XVBYTX6,1661536065822
AHLIF2NNXNJY256M3QKJQRE762YQ,B09H369RBL,1652844953516
AGR25F7JSKZYMMFSIH5LXPXRTQPA,B07V5VWTMB,1589693255103
AEOX2S6GAGUEFRPS7LMCIKCL2NWA,B075NM1M1Y,1547411110652
AEYXERBURO2UUWFLSP6NXKRWBXEQ,B08DDGSV6S,1632429378979
AEYXERBURO2UUWFLSP6NXKRWBXEQ,B0979ZV877,1632429292696
AHYVF72FKSPANJN56VHKFLWXJHJA,B0742LVLMJ,1545781717101
AETDWZM2L3UJKUGWQWNLRJ3FUKFA,B0742LVLMJ,1502136323460
AGXZGUJUJHC7PRRSZ3WGD25GCDSA,B07THJZVK1,1637346277348
AHDPNHYL2OAY4TUO5BWF7CVI6JOQ,B01M7UD21X,1493692108000
AEBURCEYWARK6CO7NAJDEB3I6KMA,B07YZPDHK3,1574380724522
AEZ45AUUHW477ZXBR5OLKTT7GLKQ,B07NDZJ8YT,1619220136623
AFV4TLUOXR6JCHTGVGAV4URMEDAA,B09R3WJT82,1662843947844
AHEVQZIQUWVO53N6KTHGZ3BOM3IA,B07NVL6TJG,1582786879833
AHWIVWTYONRMIUFVKWGV4I43WPYA,B07XGNHYC2,1610771369942
AFFJCC474RJ2MELYLLSQFRS2KX6Q,B098BGWMP2,1648580226284
AHDXPUHPAMWAAQSPBULHCDT54HJA,B01M71IUZ7,1510863943883
AEL6QTB5O3QOOPEDKG7UKANNTTEQ,B07Y3XJ5WN,1621560332383
AERR45GIRT7367VDMZZMLOSBE5KQ,B07WGGH1C1,1621276719789
AET5JHTFSIUXCTPWLTQAY6Y7NMTA,B07X5SVBJW,1579573575180
AGCLDKL3B5VXT44BYT6BJEFM6X5A,B07VGNQD8K,1620441197020
AFC5C5PFSWFFDFJDN5YOEFQXNL4A,B07HQJPGL2,1571331179662
AGQUPPA5THGB44KSNCLYLYSFTOYQ,B07DNJ6N8K,1581702257981
AHOLGSNIANJZZ4FFCJAFD7STDPFA,B08BQFPZBT,1604611791842
AEZFBVBR2M3NCLYIJ5VD4BHXOLOQ,B01M71IUZ7,1522159773841
AHLDQRZF7WWQDX35IQ5NWRSBJMAQ,B08GDWQ46D,1605389806669
AFMKHJKHZLHSUKWE6CLIVX423OTQ,B07THJZVK1,1608349246446
AGIYODNBORDTVGZZ7WRQR7OS3VDA,B01M71IUZ7,1577583336205
AGN5JLKONY4LE5F24C6FSAS4LKVQ,B07DX25MZK,1531858703580
AEYBKURT5CUCVF45USV7PCCDZC6Q,B07MGJZ2MH,1593133902959
AHBEF5UTLX3VUBRLMZJCDVQHS3RQ,B0742LVLMJ,1601520383551
AF3QUH2BXSLZJUZFGRZL2YZZVLKA,B08GDKDMDT,1603930076892
AFDZLQHN44DTV3O6WJDAGYYTIIRQ,B0742LVLMJ,1539964632382
AFB752IRMAIB646JV673ISSF7MGQ,B0742LVLMJ,1596329421750
AHGERVSCKA52V5PL33TCAAWLDF2Q,B07GNX28KS,1547078499819
AERCWTXSKN636XNTLXNW4Y6XRYYA,B07HQCCD29,1563848532863
AGR5ICH4W7BZLD2TVBQF3GNVDA3A,B09R3L7WXL,1666329864624
AGR5ICH4W7BZLD2TVBQF3GNVDA3A,B09LWP8KL1,1666329815172
AEAFZ5F6RXHEV2VBEGMALHQ2HSUA,B01M7UD21X,1493486776000
AFT6AUMMGUNLI4S53Z6QF5G4A37A,B08CS3K852,1630109917168
AE2FZG5527KOXNEHAA3HRXPFBTLA,B01M71IUZ7,1511210370884
AHDE25Y4W7A4EJSDS4QW24EXHF6Q,B01M71IUZ7,1523499723096
AHU7O5XWFOG3A7LJJWD5TGZ64WMA,B08GZ1KQTB,1649008144128
AH6IFIIBJZBCGX4XHWAQK3QIRKCA,B07YZPDHK3,1668092479136
AFFBAWJYIT4GKGPW4INFOAFT2VZQ,B07DNML26P,1555102587824
AEVGNPZHKXYGQ4GRU52424DSI2GQ,B0742LVLMJ,1598154914012
AGAE2YWPD4GDKSNZI6KPXV2SRHMQ,B097B6SGSR,1643432211186
AEBP4XB5WMOFXXRU6EGRJANNP3CA,B08GDKDMDT,1605649954784
AEGY7N4FTVGNVXBFWNXWTSSQ47SQ,B07VGNQD8K,1597264050801
AF4D4HS5LOPHGTXEQAZQC6CLDEJA,B0742LVLMJ,1593745874022
AEQVY36N5OAYM4EDUU7RFYCSXEHA,B07M92KQS8,1576202462171
AF43JVSCIT4ULFGUHTOI7US37QTQ,B0876CWHZF,1609347244942
AEWRAE7JWF6S2B5PZT4UONRYV6LA,B0742LVLMJ,1649470537243
AFMWE7KO6IRYVOQEKOIAIHRJS66A,B07NVL6TJG,1567306098416
AFIVQUPK2CFAV75QRZYZRVZXIEFA,B01M7UDAVI,1519363837772
AGMZ3FRUMGF3HGGEGRX3XMWKF4WA,B07XKF8CB3,1591894400327
AFM452IKPPKP2STZM2IN73XYNMCQ,B07WGGH1C1,1643150960484
AGHGH5OUSUP5FU7S7EEXPOOEQSSQ,B07Z9HSWW3,1599953269042
AEMQSNW6LRMDJMQKVG2RTOVRLBJA,B0742LVLMJ,1555621052348
AFZUFCN3JDUCRKXWHTLJUJLPMC7Q,B01M7UDAVI,1534363888917
AGEK7V5SIYLJFL3D2WLGIL3BCQWA,B07KM6T8GV,1622752488980
AGMDHASGSL667UOEKDHRKJWYS5NA,B09LVZLLRH,1655815727460
AGHGNFTE35CTKQDS3BOBIS5RT6CA,B092MLYDGR,1625939585487
AFKWKG4QK5WQDUKUAL3Y677S6CUA,B07KZYX79X,1550074091778
AHSPFHCREJCEGGU6N2TOGSO657MQ,B075NM1M1Y,1618673785776
AHKIRV3UTTXDQZHHGX3MUBJ7QEKA,B07KTB8PHS,1644800416925
AH7QZEXQZZFZGARWJZDTY24YPYSA,B0742LVLMJ,1597704618033
AG63AB3H7IFSTOOSLLWCMQUIY7LA,B07DNM6GBC,1539895252615
AGMTJ5NEXKYQXAI3I23T7PYRYUSA,B075NM1M1Y,1577030734630
AGMTJ5NEXKYQXAI3I23T7PYRYUSA,B075NM1M1Y,1577030734630
AHKLREKAAJNMIDVLP6FTCOTYT5MQ,B07VGNQD8K,1599607033865
AEIVH7ATBLMNNUGBYOAC2VUW732A,B08LDV5MBB,1613246375214
AE7IJFEIIDA3AGZ2KV6IALVPYITA,B07R7WVRGL,1624580788212
AHF3H42PUBBU2YBAV6OEBBB2NWAA,B01M7UD21X,1493939208000
AHF3H42PUBBU2YBAV6OEBBB2NWAA,B01M7UD21X,1493939208000
AHT3RM53DEEPYMIJEO4OXNSPAJBQ,B08MWPG77B,1622306654627
AHEYSC7SWV6ZUMSO3BE27A5IYJ6A,B01M7UDAVI,1515682106474
AFYZCRX6KCPK3QK4BDHMXN4XLGJA,B07V5VWTMB,1582396798971
AEJO6HIQ3IWOB752DZXX4NZND2OA,B08MWNXTQW,1615729139892
AFI7KLSD46F4ZLJJW752MZUKKGBQ,B07NBPQL3C,1591654700957
AGA4VLOCFYNDBMD7PO4QB64J3OQQ,B082VJXRBP,1620051462166
AEA7KYRR7PQZNIE775ERDTXELNGQ,B07KT17L2S,1564138644004
AERARDI5RBXVNJZYQ4CJKLSAWX5Q,B09NC55YJG,1644532142725
AECIIZTCSO7Q2VRR6N3FBVJTA7TA,B08GDYXWBG,1619735297319
AHBGPEMKFUGTAPLEMRCRSKUDBLRQ,B01M7UD21X,1561502405085
AH6M7X7XRKOIBJ53WEVIHNRGUEEQ,B08LDV5MBB,1631993772089
AGQI7RSG4GAF5S2R2Z5IAW7JKTXA,B08D6WQ1Z7,1667783456150
AGEH3GZJPAYOMZAXPGUZYUQZA7ZQ,B01M7UDAVI,1547212326455
AG7WMZ4UFCHLADNJ6KLPFZY7SUMQ,B01M7UD21X,1485924555000
AG7WMZ4UFCHLADNJ6KLPFZY7SUMQ,B01M7UD21X,1485924555000
AGD7ACOOG5SC3SDSPTOBUH54DOBA,B0742LVLMJ,1600292250248
AGUXWJ7VBUJMCYRKH6TMMP2OJIMA,B0742LVLMJ,1602198197211
AGFHVMYARGDJIHYRGR76BG2YWNAA,B08N6Y69K9,1619476966576
AGNSO4H7UZ4TD5LZ3TOALCKRHEMA,B0742LVLMJ,1526686497074
AHXMPVXPWQEEI6VGJUT7LGHJGT7A,B098KGN8FD,1626211654130
AEPRKUEQWISM2DBG2SZLXSE7MCIA,B01M7UD21X,1493469542000
AGHPZYNAWXE55XYF7U6BF2NOMO5A,B01M71IUZ7,1559432133560
AHXWPG466RV3VI343CCNPFTOFI4Q,B07WGGH1C1,1573929809855
AFVP37SGVOAXWJOOJKZT72RCX67A,B07R7WVRGL,1567367067925
AHCMJHFXIXXK6BEUSB7KS7DJWD6A,B0BLZTPK6Z,1675467059412
AHOIJN3YGTGXE7N3NPLY77KHUWCA,B0742LVLMJ,1528681238419
AHCVBEJUCCHX6SET7RVAZND5UKDA,B0742LVLMJ,1548690810221
AFCCQZ275VTKPYKXQK34PFPNEERQ,B07VGN44WK,1599068268914
AEAVWMGCKX3E5EDPIH6BYEMMDYOA,B07KCLWKR3,1560616022382
AFF7KTNFLVODZPB4EPI73M7DM5VA,B07THJZVK1,1605650751044
AGRG56J4K6THJXXRMEOA3AKVQVZA,B07KJLV75L,1564561737877
AGZRGB3UWNLOJONNI3NU7YQ5JNFQ,B07T43BXRD,1564504774876
AFN4FUASJMOTKRS2JAD6HSTG55WA,B07R99144F,1575555178571
AGGHT5BQF5ZCOCU6PJYZHWYCG4IA,B0742LVLMJ,1598797930911
AGGHT5BQF5ZCOCU6PJYZHWYCG4IA,B07H3S5Y9V,1598185815555
AFIQ4HGM5TZWVVYADXY44CKHCP7A,B0742LVLMJ,1634928865143
AGF7R56QMWBBGTCIWFNNUBVXIKFA,B0742LVLMJ,1551659246685
AHAKCYPQFKI6LGJNER43TJDBDX2Q,B07R5VH7XT,1573303080558
AERXH7SQ2FNT7KPWZYJRPI3F7LRA,B07VGNQD8K,1635622443364
AHH5CGRPMLGPGVYX2TKE6XH4KHGA,B0742LVLMJ,1643739733006
AFO4GJZ6CEBKU4WLN24ZTAKEB7OQ,B09J8WCYC6,1664303097505
AE6J2PT6EWJNO4KZEZQIQRAFHFQA,B0848LZTJP,1620148003510
AF7SPVW2Z3XORJNTU4E5ONEFHXQA,B07DNLG9ZR,1556709799711
AFZOZBLJJPHYMDVCRQGNFKM6BVFQ,B0742LVLMJ,1546490974317
AHBKYTSU6LHGRQNGYKY5KGYRWWPQ,B07MGJZ2MH,1620697464620
AHANLD7AZ47WSA2KCUJOHOCPVAWQ,B07RBYJN37,1579905669883
AG43D6MXTGHHEZABB4BXJVLDMZAQ,B07R7WVRGL,1608764316565
AHG4SECTWIJIHNDM7FUL3NHFZQCA,B07RBYJN37,1594601652366
AE3K2SH7RAH3RWUEYH42BVK4FSEA,B07R7WVRGL,1610343955205
AFCZ6EOBTD7OGJUF63QKON5SURKQ,B07R5VH7XT,1592513072198
AGOCSDMYIINO2BXEH7WERIK3X3OQ,B07RBYJN37,1678994376446
AHYCVA2VB4OJLFMVLQUQU4X6XDNA,B07R7WVRGL,1599189730595
AGG2HVX42RU5AKPNKDJXBNSCUDZQ,B07R7WVRGL,1607021036317
AFVCIYRO33USCG4R2CVL47XSV3AA,B07R7WVRGL,1670619656955
AF5FUHKWCWUG72GIVAUY4IE5NB2Q,B07R7WVRGL,1568077332381
AG4BFUQPPGUKPN3TOWAOANWEVLSA,B07RBYJN37,1574563504744
AEAKW6E2PN47NIGVHUJECOQ4MHUA,B07R7WVRGL,1606965658653
AHZ2FCNIOX2QH43QCUARESXPQ3TA,B07R5VH7XT,1559696269043
AH6VIE36OTWQSRBGSOGWKWESSPZA,B07RBYJN37,1665258490003
AGMOXB2GJJJHSI4WQPCKUTCWNZCA,B07R5VH7XT,1578928490440
AHIWWCHSNH3NUY33RF43BD4IIZSQ,B07R7WVRGL,1599081485767
AFHHP64JAZ4JE7HSPR5ZZEKB7WUA,B07R7WVRGL,1564269248073
AE37MEAS3FMNF7WNXW4FVKU2WTNA,B07R7WVRGL,1606411933258
AGS4UXVCLL65VZRBRTPVCFD3SXXQ,B07RBYJN37,1607767625347
AGARDKW3BDZRBX6LPCA4TB6VYL3A,B07R7WVRGL,1663376506392
AGA6UWMPUE5EVVCKYMKW7U64KAPQ,B07RBYJN37,1578752481110
AF4PVAKJE4G6GPNEXNK42VHZFCLA,B07R7WVRGL,1658591293029
AGARDKW3BDZRBX6LPCA4TB6VYL3A,B07R7WVRGL,1663376506392
AEN5MZ7SYKK2PRE54X3PZY3EVRBQ,B07R7WVRGL,1616898431189
AHWKOKC4PJ3OK3AD3WZDZM5IJA6A,B07R5VH7XT,1609010325972
AGIJPJOZN5EKEMFM6U7QEMAPG3DQ,B07RBYJN37,1567453634208
AH7MPIMFSRNJMDFJTKVHCD2NTN5Q,B07R5VH7XT,1595540683209
AGWW62PXBXZU6HYOLNSIGKAHXDZA,B07RBYJN37,1637354039670
AHGU7DBKVJ6CETVCVUBU3HFWG55Q,B07R7WVRGL,1568587901252
AE4MOP3FM2ISS3YXX372XQMMKB5Q,B07R7WVRGL,1577068748516
AG5X563JUQM6LHKVNCLNPF3ISCKA,B07RBYJN37,1578103888069
AFFPZ3L3FF3R2M5ZLRPBXNUZTZJQ,B07RBYJN37,1642066022038
AFCL6EJM4R5EGCKWK4ISYIJTYHSQ,B07R7WVRGL,1623184608556
AHOXGUMCXPXRUSS3SDOZ2JWKBLOA,B07RBYJN37,1563841674544
AHQBUSSD2XBCSVBPGWZ3OYRBZVTA,B0742LVLMJ,1580415926871
AHQBUSSD2XBCSVBPGWZ3OYRBZVTA,B07RBYJN37,1579630454631
AHHFG2P5MFUXOCWOBVROBFASKLEA,B07R5VH7XT,1636512249957
AFQ5EC67E44YB7TCGXYUHWMCCOWQ,B07R5VH7XT,1591739344005
AFVQX3KKNK54XYFNWL6M32GOAEDQ,B07R7WVRGL,1593468617239
AEU2JTXA7YGFPR2EV7HNPV3OOW7Q,B07RBYJN37,1580464676175
AFTFLEJ2VFPERLPW5R3SQXW2ZRWA,B07R5VH7XT,1596468684376
AHDZEE2H2VKNNML34WCJU5R5SDXA,B07R5VH7XT,1560312613255
AFSLCCFHYUFMHWN7PRLCFWIWTUKQ,B07RBYJN37,1580950158239
AF6MOPWAAYIOJ3KYMPWXAHZGG2LQ,B07R7WVRGL,1625961614818
AF2CUU6JDADTU3MWVMH7N4ZD6BXA,B07R5VH7XT,1623427668300
AF4MJEISHCAPKDO4TWHEXABICU5A,B08GMY7F9H,1647633702100
AF4MJEISHCAPKDO4TWHEXABICU5A,B07RBYJN37,1646338874092
AGGH7L5OA3Y2HBB2XDJJCRNIQMOQ,B07R7WVRGL,1606907540261
AGYDVE4ZFOQ4X6CRRA2HRARLQA4A,B07RBYJN37,1612149701823
AFP2PZRRC5ZVZH4CP7ZFAICWWWUA,B083YZM2GH,1597221062212
AFP2PZRRC5ZVZH4CP7ZFAICWWWUA,B081K8LL98,1578343573498
AFP2PZRRC5ZVZH4CP7ZFAICWWWUA,B07R7WVRGL,1560800287227
AFP2PZRRC5ZVZH4CP7ZFAICWWWUA,B07L3K8S42,1549929174348
AFP2PZRRC5ZVZH4CP7ZFAICWWWUA,B07DVXFP2N,1534883064303
AFP2PZRRC5ZVZH4CP7ZFAICWWWUA,B07DNML26P,1534882981630
AH5NYX5CVJIV66VJJY34VLNWOJFA,B07RBYJN37,1617481996980
AFT5NYM4MTHEM3L3NUM6PMY5GPDQ,B07RBYJN37,1624308671399
AFWFYSA72LCRZKTT7QLNIFWL3UPA,B07R7WVRGL,1606947638759
AFQVJZCQDVUXTLH2I2JBWM2FHMGQ,B07RBYJN37,1573012493836
AHATF3W4L3CW5ZR6E6MOAMK4CJMQ,B07R7WVRGL,1668622893023
AE6MEJNVCY2KQQNWSF3KGXOKGDBQ,B07R5VH7XT,1590707364927
AH7VZ6OR27VV4SZEGI5G2FDA752Q,B07R7WVRGL,1624394635315
AHUOG76DE7JMH7WIB6NUJ3S6OYQQ,B07RBYJN37,1622311491763
AG6TY6MNK3DHAUV5NPUB4YWP3BNA,B07RBYJN37,1568894013684
AGRJPC5LFBKO4GGLIA26LTTEE7LQ,B07R7WVRGL,1566520654476
AFIWBVRGHENZG5VHENSA6P6BMLXA,B07RBYJN37,1595782779381
AFUH6DGW7RCBWX3UUYCOWPZ7LOAQ,B07R7WVRGL,1645833380832
AHFXY34JU35ICD5VD4RXZNFCMXWQ,B07R5VH7XT,1582566928006
AG3CJMKP2XL4INPM434Z6B5CUALA,B07R7WVRGL,1603633361675
AHRMDEXUYIRZECJ5E44HRYXF4HJA,B07R7WVRGL,1638689048752
AF5AORX6KGP6Q7ZEGRKC73FRN73Q,B07RBYJN37,1606933650823
AF43FPQLMCSBWFXLOVSX2GYWCAMA,B07R5VH7XT,1606878402676
AFHJHCJ3WLZ3Q2RDWTSOPA6Y6UIQ,B07R5VH7XT,1610834372707
AGN2NSJ2SQTCOV6TNW7VHR4O6E6A,B07R5VH7XT,1577291695918
AEIHE2L55EK6CIILU5V7UTE3FYAQ,B07R7WVRGL,1580161777174
AFRIKDG45QHYELUIGDOGVO3X3BJQ,B07RBYJN37,1589063355659
AF2XMN7GRT77XMPZPCWBCARTHFWA,B07R7WVRGL,1607020862314
AHNQYS3C4HMSTBVFSCHYKLXLBZSA,B07RBYJN37,1618973261654
AGIKQRZWMY5EXWBDYSLATAJ2XHFQ,B07R7WVRGL,1573769743507
AHVVRZFS2OACFFLJAZCG5UQ7Z44Q,B07RBYJN37,1627076430915
AGDTRFZDQMZHSY4XUX7JZ6LZGKCA,B07RBYJN37,1622572634523
AEFGRQS52A7JQP4D73GGSQTCYDAQ,B07RBYJN37,1624584524005
AGDVRHZIZAPOLX6WXKCQLNXJAIVQ,B07R5VH7XT,1644601819564
AGRERHRA573ECQK5JCLALMUVJM3A,B07R7WVRGL,1653681999774
AGZG5UMBX62CU4JNUVSSPD2Z5ZVQ,B07R7WVRGL,1600639146246
AGYZHBQIE4HC2LUREIYXNCWQZJHQ,B07R7WVRGL,1645159886748
AGYRYABFNWJL7Q3BOG665QOUCJ7Q,B07RBYJN37,1598661724247
AEZD3JVMRUUCILS33XKYVVGPGXBA,B07RBYJN37,1559045252517
AGVLUF7SWHYPUOLOWLPITAGEVHYQ,B07R7WVRGL,1608149823883
AELEN6DEBRPN5SI56INNSTVCUUEA,B07R7WVRGL,1568832459862
AGYDM6V5F7HM5PZAUMJ34AP2OYQA,B07R7WVRGL,1566137573707
AEP54Q74NWYZPAPBFNF7VREWGGBQ,B07RBYJN37,1622936368053
AFEWUREUVMPJPU4NXG6ETDZ2XWNQ,B07R5VH7XT,1619470815057
AGVJ3VLCLITI5FEY2PRWVP2QQ6RQ,B07R7WVRGL,1628363750906
AGTPYC7EMUGPX7F3RA5GFA7DUY7Q,B07R5VH7XT,1565197909129
AGEYJA6IM6TPCA4SLAAYFYXDG55Q,B07R7WVRGL,1632998620397
AGMLPHTPZKSQ6HQZRMHSXJGYHPAQ,B07RBYJN37,1575901759836
AHA5LITHCDKUMQG3Q6ZUQVFOHOUQ,B07R7WVRGL,1670077666772
AEO2RSRKOAIUBPQHJJDT5YI3WJOQ,B07R5VH7XT,1599074847286
AGILZLIEWZMWXAQFU4QHKAKIIQYQ,B07RBYJN37,1606955642195
AFWL24VWVV4NEADUEKNNI5JJ42AQ,B07RBYJN37,1581989752501
AGS4DTPNXINV6AYHOZIVZ3ED7CRQ,B07R7WVRGL,1635728755165
AH77S4KIBOKL4SEBYUUE7QNOLTTQ,B07R7WVRGL,1573873262119
AHEJPIQYYSUOZDMQULDF3MFZUCAQ,B07RBYJN37,1608765159632
AEF3CCOFNW3BM5OGJX6DFCT2LZAA,B07R5VH7XT,1633631586713
AHDZQ5K44KBCVASGPKXEWA5KGMTA,B07RBYJN37,1642219078394
AE6OQ6EW3I7YJVCZ26Z63M4CCERQ,B07RBYJN37,1607231524885
AE5RUIBME37PUJWOJJSJHJ3OJ72Q,B07R5VH7XT,1566439517254
AHWHLTQK5BVMR7DCDS5AWICJZ57A,B07R7WVRGL,1608945155584
AEMWMUXLKROADDHG736AOEBX2JKQ,B07RBYJN37,1612108315975
AHLUSNTD6WZ34WI4DHDZM5GK4DDA,B07R5VH7XT,1572496204051
AER7PO2X3LB5QK5TPQE6K45EGRYQ,B07R7WVRGL,1679622719103
AH5HKRTB565EPZ66JKD3URBMM4WQ,B07R7WVRGL,1568769601619
AFJHZRRSNUF7L4PB5GRZ5UC53LFQ,B07R7WVRGL,1560540975380
AERBDTZKFSZNR3NURPNRVEVYHMBQ,B07R7WVRGL,1655472208684
AEJXYRAJ75STTUNG7ZFUCY4QWVVA,B07R7WVRGL,1563475924805
AF3CHP6LJIF77V4NF6MEHJTBKLAA,B07RBYJN37,1590465760790
AEMIXX4UP4D73TCLOX4CSUT7COQQ,B07R7WVRGL,1666520122610
AHMXH4FBURZXNTME6Z6QEBDZQRNQ,B07R7WVRGL,1610764935082
AHU5JZXVH3XOYVMJ46PCNWA55OBA,B07R5VH7XT,1563309781573
AEXZVJ6V2GHVGXS3OZ7MOYHFVTWQ,B07RBYJN37,1606969015940
AGAY4VCGWXRHIA562LTEORPTX33A,B07R7WVRGL,1559936477145
AEPZTERZDGXHBTWZDI26UEVMMCDA,B07RBYJN37,1606884525593
AHQP3CKUCX5B6YRAEQW37DHR4AXQ,B07R5VH7XT,1568322041125
AH2MWSIN45Q2DSURQQQ3FUU4Q5EA,B07RBYJN37,1598383826808
AHSQJ4LAVBT4ZLOSOS5GL6NQYOFQ,B07RBYJN37,1578542150401
AEY3NYCTFWUVOPUNQD24WEUS63AQ,B07RBYJN37,1606933598840
AEQPFJFMCIVLZNXVRKR27JNPXPXQ,B07R5VH7XT,1578526673477
AHVRELR6FCNRSYTIYVRV2DM53PNA,B07R5VH7XT,1607207719308
AFMEMTRIHEPNYIAB2ZYHXXWTIEQA,B07RBYJN37,1567874273026
AETREGHZD4BIFVYD4DTWSPGV5FAQ,B07RBYJN37,1577127251438
AEO363TZMV7RPI4C3JFY566OM2FA,B07RBYJN37,1573168488484
AFKIVM7KJKP2ZPNEZN227EJH77OQ,B07R7WVRGL,1565455528954
AF6RMHR42PT6FCVZPBZVAQITZBYA,B07R5VH7XT,1565966470461
AHYFUFPK5SCT7Z242F4AUBWIYGFQ,B07R5VH7XT,1572727402954
AGROHMLTEGYAV7DZYPECAWXLXCOQ,B07RBYJN37,1619908044249
AF2H5DPULIIJCFXU46GJLICR3QLA,B07R5VH7XT,1578334842082
AFQZ5IE2IVMGJEDDPORERH4W4J7Q,B07RBYJN37,1591662971693
AHRV7EX4RXGHGDY2EUR5ZEKOWCCA,B07RBYJN37,1605120112707
AHH23UDWIM7KABVTVFLIRLBJJTAQ,B07R7WVRGL,1623245587893
AEDZXOY5WJ5PFXLWX7HKGH4TOLKA,B07R7WVRGL,1608753730444
AHHH3IWNMWG7ZIG5MDEPVIVRUT5A,B07RBYJN37,1654543963458
AF5P4YM6EMKVISL6NZSXRILMIZHA,B07RBYJN37,1590926596275
AFYX56V3NS2BUP3EUWLPZBE6HAAA,B07RBYJN37,1576262176904
AFU5VPB7VKDQ7JXQMMUKMNAGBLSQ,B07R5VH7XT,1617132472856
AEY7GIZCH3FNUCCPBYYVP65KMYSQ,B07RBYJN37,1607031358507
AHMDIYB76ZGQUEYQW46ZWTORBRMA,B07RBYJN37,1588970937226
AGCDD33BJASUVA6LJOZC4OKZFN3A,B07RBYJN37,1609586002487
AGCPLXABTQV3PGRABPNHQCAYVAPA,B07R7WVRGL,1577478004144
AHED3NLDPNAZUFYKVC24GEMHCALQ,B07R7WVRGL,1562382431663
AEEIUCIFCVQLFP4QQM35VST4AFPA,B07R7WVRGL,1599715183839
AHPJ32MFDYOLIIUZHG33O22EW2BQ,B07RBYJN37,1565174739082
AH26WN7WDKRTWPOFWBEQXXP47XTQ,B07RBYJN37,1605197512999
AECHEBHSX5LEC34VLZM2MUH3SCUA,B07R5VH7XT,1626653612384
AHPY4IKOVFG2BQ7R35K4SPAMPEHA,B07R7WVRGL,1607062486576
AGC6XK46NKZSGIMI4ZZCCP7Z66EQ,B07R5VH7XT,1591149655511
AGF3BL4DK5KJYN2GY4DIJ4ME7XRQ,B07WGGH1C1,1612547801194
AGF3BL4DK5KJYN2GY4DIJ4ME7XRQ,B07R5VH7XT,1612547642295
AGKOK5PMI3CJGZ7IPTBV2HONY62A,B07RBYJN37,1599243164207
AG3ATODGTPH6CXQ2SHDSTYN2XJWQ,B07R5VH7XT,1604867906480
AEL4E2NRXLGMPMGBCPB77FTO7TDQ,B07R7WVRGL,1663722941015
AFA35X22SX4KLRM77BOXD43EXPPA,B07XGNHYC2,1577909833679
AFPHX4UT6PLJKYVIJ3WB7QTI7V3A,B075NM1M1Y,1581879135082
AGVTISAMUH2XFS6PHIORUAKTTVDQ,B097F3PVMC,1629145880998
AENASVTQB24VKNHFBZBLRRETU43A,B07VGNQD8K,1607726004947
AGHVM3Z5XITU5MYV4VUXC3M5I6CA,B07KJLV75L,1612193955041
AFXRDWFYHZS3FVN5X4IBM77BFFIA,B07GNWWTRV,1569272456157
AGUAQHA5ULWI6ZN5KBVE6YIS62JQ,B08667FB4J,1673990655801
AELWODU2ECIODI7B4T7UJVPBND6Q,B07KG61VNT,1598866965918
AGGC5H6XSBD6YBV7WNBL76P7QZBQ,B08MW4VG7D,1622752294341
AG5K7RQXUEOX7IGAVXSKJKSHNMZQ,B01M7UD21X,1496176320000
AFCH3WTQMXRTK2P2ZITKFXEY5OWA,B0BGT1P9L5,1678730405943
AFCH3WTQMXRTK2P2ZITKFXEY5OWA,B09T5M42Y5,1678729378024
AEV6TPNRF4HPH3FTXYQJP7G6KKYA,B088YB3PRB,1594911640116
AGKJT7RTWGBTLINEJ2FXGESCUG5Q,B07R53FHBB,1607821179389
AHNKBTLQHU7KQOOBX6S3SLDTAEPA,B07R99144F,1600708404126
AHJNM5CTAOSZAOBPAZGC5BL5BKCA,B07X2J2QV3,1594952886345
AGJH5EEJ2DPVOF2XZEHEIB3PR7GA,B0B61PWDXD,1682103645674
AHMS6MIV4FNBJQBOXTLA5NQBD4EA,B01M71IUZ7,1530066557378
AF5SKCUPZE43UUMUGLHBUJSTM2BQ,B0742LVLMJ,1549553705331
AFIUBOPMWYE2NHOUF63AMUNQUOKQ,B07NVL6TJG,1636776587208
AH5AMGRP4YKCIFAGHDPX4NPWA33A,B01M71IUZ7,1520439974572
AEYDMDG6NRZTPZB6CME6FUX7JPQA,B07H3QNJ1Q,1597936080494
AGC47JAM6NYWDDC72MPLTU673QRA,B07GNX2VPX,1646838687900
AGQGXC5G5NAQJI6BCZZDHXX25QZQ,B07KG5RPCF,1605496775493
AHHQ5ELQAYHDN3ETLPELCZH3DSVA,B07DNM6GBC,1553188606572
AHEHWOQVBU564JAZL6P7ASELUYYA,B082MH51J3,1612040373388
AGBIHTCPHTWG45HHY5DJKTOTZXMA,B0872GR7SR,1614484821313
AENZTNZ2BB6DOC7AGV75RV7FEC3Q,B09DGNPZMP,1634259890025
AEMZ7CBHI4LPNPN6XOVTLTK3HLWA,B08GD26JQX,1610489350091
AGGCYHHMX3DEALICKKX4KNQZEMRA,B08D6WQ1Z7,1607476456272
AFHCVLLVWUTX7SYTDYVB7SXTFR5A,B0742LVLMJ,1601229795705
AGP3W7TKQF6QBXS4DZBBFLBXY5IQ,B084L6QXWS,1602179159388
AF4OKO4Z4ZFF4QJKMXAPAYF42RCA,B07VYTBJKP,1639185331508
AEVYDNEK6BIL2ONBWKHMXMG5QZJA,B088YB3PRB,1604662043931
AHTHTVNL7MGRIICNR2RNQNNCBFDQ,B08N6W22SR,1620658776205
AEMOTGCCYRJ5KGTT2T5OGJFCIDXA,B07XGNHYC2,1607462502815
AEZDMJR42HCZYKVK6OEUFGI4X5OA,B08L3SSNL5,1617133654150
AH2MSB3PZW3SKR2RJBND55QGZGHA,B07X5SVBJW,1587479485259
AEOOIVJOTZBNMT2GYY6MVEPWWDVA,B07GNWWTRV,1561944030260
AEOOIVJOTZBNMT2GYY6MVEPWWDVA,B07DNLPCB9,1548339790888
AFTJRT376E2JRE43LCG6EB6L6FDA,B0742LVLMJ,1552840725358
AHE6JVU3KUH4PALHUXMRKQTTHXOA,B09339PRQW,1661021407603
AEDN5B6AWLMGAJPLMU4K4UUQRZJQ,B08D6R4RZ7,1599707932214
AHC4RMDWIQGRMNBR4U4E6BNUSWIQ,B07V5VWTMB,1569877340667
AEKWMTGVM2HPE4FM7EGXWMPFSVRQ,B07L3W2MDL,1634933867372
AFICHFYS7DGI77P5EOJYUYVKN5UA,B07GC3X8V7,1546731401935
AEU5PRHGP5PMTHZXBXDDFZJCU5CA,B07VGN44WK,1595200752368
AEU5PRHGP5PMTHZXBXDDFZJCU5CA,B084KNDTWP,1595200703239
AGJFXMK2MD4PPV2T4DDZWAKVDEZA,B01M71IUZ7,1520190063492
AE3YDVTBIR5MCICE5XCVRNU6GV7Q,B07YZPDHK3,1593633792492
AE3IGH5CD7KCKS7DW6OGBDSM5ORA,B07DVM8MM5,1536423519151
AE3IGH5CD7KCKS7DW6OGBDSM5ORA,B07DVM8MM5,1536423519151
AGZJLNUWUXOEJI7DVVBSS4FR4X6Q,B0742LVLMJ,1581527971490
AG5FMKYEXLUM2LVJ7CAS6LYLGUMA,B08R5GVY3W,1637261641366
AG6FPINALCBKYDIF6WIYWEZYDFIQ,B08R7KM1G3,1621371444322
AG766NNGNI5LLUIRK7EESJ7DZFWA,B07KT17L2S,1564194120339
AH6N4V42FXHJSDSX2Q3X6XSCNMQQ,B07NVL6TJG,1580421702433
AHWQHIVV3ELITTQVVNRQDEJVAU6A,B01M7UDAVI,1548543824962
AHNOLFRZXNQFVIUS2CAARSPU5CDA,B07SPDBR1J,1611805013567
AHI4BSQBEDB57IRMGYVE7IO5CKIA,B07L3K8S42,1562075479407
AG4VLHPMS2SRDADY52QWQP3VB6CQ,B07Y1WMH7G,1619638364526
AE7JKDI7NHCCEZM3KNJLLXTGSEGQ,B07NVL6TJG,1579985017936
AFCZWJDKLZTNNEQSCKVGQCXVYCGA,B07HP1739X,1679347319555
AFOY3EVOMWMM5EUAJRJMW6L3S4DA,B08GN1MJYB,1648160996395
AFMZYOIYAMZ5ZS4HY3Y7QPKGLCBA,B084L6QXWS,1649448837215
AEJ3FPJXU4MWMI3BJGHVF5ZHVYAQ,B08GN1MJYB,1605587930447
AGXCJSK26QTEDVKGYRUPW67PJCOQ,B0742LVLMJ,1523892325107
AE7XF4OER4EULZKRGW25HIFBO2FQ,B09J8TWPTY,1646824173149
AEOSTHZGPJV46OMIAJIXJQJQLS6Q,B07L9DWVSJ,1564133476541
AFB5VTOXL46OJOWFGUQGE7UYRWAA,B01M71IUZ7,1549418630047
AHV22U63MXTULSYYKCU3FRCZMKEA,B07DVNJ5LP,1538259673195
AHFP7CWDNXWVKCW4MFF44MU5IJPQ,B07DVM8MM5,1572390730263
AETWOQGOTMFF7BBPYWXU4HUDM7HA,B01M7UDAVI,1543269016048
AHTCNO6E6M3QBV6W3VR64OGO5ZIQ,B01M7UDAVI,1566329846833
AEFLNL27S72FU3UIXYFRRLEVLXEA,B082VKH841,1622955169443
AHSZ6TEBQF6J4I2V5LMKVRI4JTHQ,B07DNLG9ZR,1534718962876
AEJ3R5UCE7VIX542H3M6BGW32PHA,B08GD26JQX,1605826285020
AFL4WZHVHSM5EIE3TKYFUPH4CVWQ,B07DNJ6N8K,1625778354358
AEQ6EJF3AZZQK54YZ4TXSM5ARU2A,B07GC48H1H,1591733534729
AHQ6MLF2HZMMUMFWJEN4TTAUFEHQ,B07MGJZ2MH,1643900686809
AE56BNFYK4SAUD6P6AR7V67N47ZA,B083M6Q4F3,1650920211218
AHONR5R7JBUA3RJT2INCJNQQE3WQ,B01M7UDAVI,1534090404925
AEXSTPWDG7HUZB4UUOEBHNGXFC5Q,B07DNKDLYV,1537389131968
AHTRF7IBOQLJZ6X4PSKQG7J2Y4GA,B08D6WQ1Z7,1609719627380
AFP5PIPHWNS6Y3X7KLVL76ALPWPA,B08GDTG1K5,1608443405753
AEPBNZEVKKQG3NT3WQCHASW52QOA,B0848P9FN3,1649086784011
AGVM3KE3WIVLERHSOUCUG3MKKDSA,B07XGNHYC2,1634765038655
AER7XLI6WLMOQJYBYUQZNSJFLFQQ,B07XGDM47D,1628998808147
AHD5ICVYNB6EG3N2RGM3TITAOCLA,B07WGGH1C1,1629058075811
AHD5ICVYNB6EG3N2RGM3TITAOCLA,B081JS67KV,1629057967424
AHDV5TSRBC5ULXRJWJH5O47AXQUQ,B07KCLWKR3,1564764169218
AFPFX3EQPUJNIDB2LSYM3C3O77WQ,B0742LVLMJ,1598377309206
AG752SWGFHL6PP4N5J5WIVCAOUUA,B07NVL6TJG,1596370616544
AH6KY7YIO7TV3E2SEJJRDSNO3YOA,B0742LVLMJ,1528507949358
AERBP4ZQ34KVYIJ22DA25GERYP2Q,B07X5SVBJW,1593571525533
AGW27ZUAGUULJYDJVT4LGWPZNK7A,B07THJZVK1,1595601403871
AFVQBTZS5QO4ZZLCDNBEH5SKIVAA,B08LDV5MBB,1624759322018
AFVQBTZS5QO4ZZLCDNBEH5SKIVAA,B08R8Y2TP6,1624758999285
AEKZM5ROB5PXVDUT5BPDJD24STDQ,B07X5SVBJW,1651082222712
AFJMAT2H2DIYULNEJQ3LFCKVJS3A,B0B39J6S4X,1663179084833
AGUX3OJEQHOAIJCFCDCIEWVJV3YQ,B09T3R4Y79,1670707026733
AFM5RETXPABBSEAGWYKGHFFQC7HA,B07DNM6GBC,1532996037210
AGJYW75T4C25BNA6G4VBEVKINWIQ,B0742LVLMJ,1528453418288
AGAKWNJLWFAV2OACNNVHPYQHFH7A,B01M71IUZ7,1582804906158
AEMPM2ZTFGSTRWWC5I42SGP6KHIQ,B07GNWX112,1552761164283
AFXMWTJT2X6URKPZM7FLM674I2OQ,B07VGNQD8K,1646067871003
AFACJW3I7VS53A77SVLHENHGWOOQ,B07DNM6GBC,1559850177953
AE6Z5B36D4WG2MIY7I6P735SSKHA,B07KG6RTZK,1600179662607
AGUHQE5P4PX5VMBH7A3QF6VOD23Q,B07DNKDLYV,1535385550285
AH4YIXAEBJXK4UEIGX7R3EE6G5NA,B01M7UD21X,1587918985891
AEG5UEJUQHD52FYLK77ZMVMHEXYQ,B09LWP4TWW,1681281290563
AETIRDZMZUOYAMILP47PS57OLE5A,B084KPMB89,1610834600101
AGSOSJR3HYW4PVD7TAFJNRH43GOQ,B086K2ZS32,1595442316858
AH6LEE2DGCSUWS3GEUWV6QV2BXFQ,B01M7UD21X,1504363708218
AG7YLNN6PHNLJTEMAFXX2ZHBML2Q,B07PRK81VF,1609080819006
AENJ3THFZJYLQYTTTVAFROI4UR7Q,B07KM6T8GV,1648953922168
AENJ3THFZJYLQYTTTVAFROI4UR7Q,B0742LVLMJ,1564804415622
AEKJSG22QTEHZOPZX6NSSAMF4B4Q,B0742LVLMJ,1517339658664
AFERNOW7PPR6OSIUOAYOZAO4IJEQ,B0742LVLMJ,1535165829212
AFTUJXSDY3XL6TIZWNIUHUAZAVVA,B07VGNQD8K,1646590641161
AF4DSNZELK25FMB7UVQ5WPAPMSJQ,B09B2GG5PF,1659809350229
AE4HHLVN6JD2AXWJFBENTHT3SJWA,B08N58XNT2,1628799762321
AEHF7L7CK3RHZ3PNQQSTZDS2UF2A,B07MGJZ2MH,1557874882340
AETOJGYFECP4PSAJOHP2EACZYNDA,B07SDGKP88,1607813019658
AFP7RXM45HLRNDD454PUV6R7QXYA,B07WV4XWTM,1591720650301
AFV6EJMDPVMYB3VRE74G5Z4TJCCA,B07VGNQD8K,1596919857791
AGX2TUHSJSY6BA6DHTM6647IBDEQ,B07V5VWTMB,1579121843815
AEOPBU3YPJ5B6P3ULREI3YWNGQZQ,B01M7UDAVI,1496083643000
AE2QF7KUNL5YZ5N72Q7L5XMFPLUA,B07WGGH1C1,1605385159225
AERIJ35L35FTSPVSCLADMJJZQCJA,B08DYDKVB6,1597775138272
AHDP74W7Q3J67KEWP3E2QVT663MQ,B089NY9NB6,1623271814294
AHDP74W7Q3J67KEWP3E2QVT663MQ,B089NZ8D82,1623032406877
AFY6VH7M3XDFXHSMLM6D24KPYQHQ,B07RD18X7P,1592507416087
AHPF4N6LVL6PVTUM2MZCFPYT6KCQ,B091YRTQTX,1624719994382
AFTSUGQ3FRWYBWNT32UZF6VCZMBA,B07XGNHYC2,1615587147144
AGSVPWRGSYXXZKRR4WZNI3653WCQ,B07WFHJDB7,1614450333359
AGF3MWTWDV2EG5KU3HIUQ7VRKAHA,B07VGN44WK,1583277975793
AGG4BBWTLFIM4HPPGZAU363A4VTA,B07MGJZ2MH,1611096800475
AESKEJMF4F557ZOMXIOI4HNDD6OQ,B08MV4NRSW,1625447417668
AFH27XIGHEYPW2QBCOS3TFMLNVKQ,B07R99144F,1576532702046
AGFBPVDFZ3RVZALEXBYR4MM6XFJQ,B07YF1TGM2,1582401516965
AGFZAEBBN4CLHAEP4YQ6UB24XEAQ,B07R99144F,1603287462788
AFRYKC5OJZ63GYREDPT4EWR6DWPA,B07VXJR1PF,1624473308585
AESKTKF3U2A6QEPSV2DPYT6XA3XA,B07XKF8CB3,1615670179062
AESKTKF3U2A6QEPSV2DPYT6XA3XA,B07XKF8CB3,1615670179062
AGYRDGS5TPBKGL625MRD4RDL4MVA,B0742LVLMJ,1536866755791
AEY5RRMGXW2TW662HRKZAS4FQO3A,B01M7UD21X,1582775696479
AHMP6SNRSZ7BS2DOZCZIJBTOBSVQ,B0742LVLMJ,1600849625250
AEYJEMKV34U7ZFFKP3C6ZQDM7NHQ,B095WFPM47,1624735614588
AG2VNAJ3ZCD7IZUVVG4KIRSGFHCQ,B07PRXJMLZ,1578512163661
AHKBNRE6UTS53HP73JQGHH6SZBVQ,B09T3R4Y79,1652993708329
AETHVYLQBAAW6OHMIZBH2P23A4CQ,B08KQJ1LWJ,1614537889815
AGGZBPBMHLJ4PMJP5NWE6OL2M2HA,B07GNWX112,1573171616263
AHU6UBRGXMZBWPTYPUE4MROSGMYA,B09DPCWY6M,1669942769273
AHFYRPUKRNSAYV7A2CJFCOCZVYCQ,B0859KKL7Q,1594700703429
AGVXRKEDYJIGWVR4AWFXO3PXXBZA,B07DNLG9ZR,1543446687484
AG7FODLOZJ4RHDOM2GZCTJLJDAUA,B07DNML26P,1554648110476
AGALUF2FZCOJEWUBPDTJOUBTMXAQ,B0848KRT9T,1646674126620
AGB7FS5SWTJWTVYKIGH634VWZR4A,B0742LVLMJ,1608426386909
AGL57AUOX5TMSNRTHMTKKMR2Y6QQ,B089NZ8D82,1632883725215
AEJCY7B3XLNQSIASEQY3TJMGOREA,B07DNJ6N8K,1538767692506
AEQ7AICJWFKYJZBLHX65ETSYVO2A,B086JBB4HD,1632745950964
AHL7XXFKJQMX45KDTH7DTW5PBPLQ,B01M7UDAVI,1506619394413
AGZA56UMVUMGZ525MKXOCVC3B4UA,B0742LVLMJ,1598629695418
AG26YPGFDBF3ASNO4P4VXH527ZHA,B07SPDBR1J,1573578993072
AF5QW5XZQ2XFCD2HFOYKDBRJWPYA,B07KG61VNT,1612658554265
AF5QW5XZQ2XFCD2HFOYKDBRJWPYA,B08D9FTHR8,1605355299977
AF5QW5XZQ2XFCD2HFOYKDBRJWPYA,B07KC11QFV,1597520668036
AG4UJI322G2RZ6MPZ544R7XUANWA,B08JFRNFXM,1616470365897
AH72Y3FDQYACHGKUETDLS2TR5WRQ,B07S63NKNB,1680538334566
AHVW6TU5GCP7Z4XLDYIFKCAX2XNA,B07H3QNJ1Q,1650500057029
AHNTYSRO6SCETPTMSVMIDGIMAP3A,B07VGNQD8K,1597156425552
AFSBB5QPMKP24UNQTLPDSLXMDFNQ,B095WFPM47,1634699127953
AF45KGYY2ZVXZ7P2TNHNBHN4NOZA,B07KCLWKR3,1556926870404
AH7DP7N677KL53UCNPRUTXWAWBSQ,B07XZ9MXHJ,1623061775635
AHYYO2WWNE6T2PPEQVVKGGRYQOTA,B07VGNQD8K,1614987166756
AGCDDPQ42OGDCCKH5QVLUCGL3A4Q,B0742LVLMJ,1606301155201
AGNSA326KD5SNM2ZJCIHOVIC4WFQ,B075NM1M1Y,1544880115575
AE3BELP6OG2LUC66QWFSOFA3U5ZQ,B07GC3X8V7,1552508059383
AGU6AJXRTUIJ26S7YMPLQPBEFOXQ,B01M7UD21X,1513128518782
AGO464CAG2XCQLBJITME2QDXTJKA,B082MH51J3,1642117460537
AFC43N6P7654REVHDM5CBYXD2XIA,B09NQB5JCK,1649448953642
AHB6ZQE3CPHDBCIRVCHFWVHDB2KA,B0742LVLMJ,1529280482350
AFEFIGTKA2M3L4HXS332EOL4V7EQ,B0742LVLMJ,1602376929251
AEM5LOPLABLNFZX6OLIG4MNNPF6A,B07VGNQD8K,1612853621034
AETABT5ZDTYJ7ED22N24T73RU6LA,B07DNM6GBC,1538350997739
AGYV2MOAPUEKI2OMI4AFOWJRWVIQ,B07DNML26P,1544644298034
AGUEFUEPHIUV6WNLAMDW2K5DLRYA,B087YPRGKB,1657728986968
AFP2V3U4NW7RB5PWZJCZ5NUMR2KQ,B0742LVLMJ,1594153591553
AGK4WFBNPPFIPJOK2B36UH4G2AEQ,B07DNM6GBC,1559151396669
AF3MF7WWR2SOLFYKLMQRVIIVS5TQ,B01M7UDAVI,1496089917000
AGA3KOW5KO4JLTE2RPGQ23QG55YQ,B07VGNQD8K,1597114448349
AEDFLNI4VA4WRQDZWTDSKYESGURQ,B07VGNQD8K,1592909872996
AFN3SZE7WRKVGO4UNSSCV6NN4ADA,B07DNKDLYV,1626992713201
AFN3SZE7WRKVGO4UNSSCV6NN4ADA,B07GNX2VPX,1626382102016
AFBRMA6LXLIXUCUZAUP2URGX55KA,B0BCMJFM49,1676075448343
AGN7KPBFZJLM5IWM4L4QKC7VVRMA,B08MV63QGQ,1617122911517
AFZBMYVSJVLDACLM7IOCWQKLQZPA,B0742LVLMJ,1535494678349
AG7G6L5UNVL3KI6FY65FQJZVEOYQ,B087GQ51ZB,1613498583524
AGHZLZ7NGSD7QSPEWZENMAPWCLRA,B07VGNQD8K,1608841838102
AGU33V7ZB2RNPV4HQR4ALVRVRLVA,B07DNMN7X6,1538350286316
AFBK6LEVJ34HCWMYZVIWKOP4RRAQ,B07Y1WHNT4,1593987596630
AG6KG46LVCWGEGEFYU6J5KA3SW3Q,B0742LVLMJ,1527719820495
AH3IW4JGRSNJBBE6DO22JRCQXXHQ,B01M7UDAVI,1513243384834
AFGOCK55WAA5W234ED5EMFQCEDCA,B01M7UDAVI,1504208519580
AGCFNQIWYDDROG7XE2CKWRP673DQ,B01M7UDAVI,1503114311485
AEQPNLEVHNHMCDMR3CCRD2TMWIHQ,B07VGNQD8K,1597027847423
AFYFGTSOEVCSZLW2N6ZTPSW5IO3A,B01M7UD21X,1517686299818
AHXJXNW6VMSXHR7TQJXOLEQRDBFQ,B07V5VWTMB,1580997759513
AFEQQSBRXVG4XVNW4UTSWDH4LDJQ,B07NVL6TJG,1653501889150
AE6YZRO4WEMYSCTZQIQBMNJ36RAA,B07DNLG9ZR,1543703380866
AGATGQGKJNLCWKJZHYVDBREQGQCQ,B07SDGKP88,1646105606973
AEGE5IFNFP7PPGKQKHLEJHUGMACQ,B01M7UD21X,1555800053824
AGKREI2J3TBPFMCCLI6I5S4FAENA,B01M7UDAVI,1554834507556
AH5XWPVCPVZKUGZWEUZSZRKXAX6A,B0742LVLMJ,1609305528299
AGSNXL4AW5UHOJLCPAE5G6MFNJHA,B09NQ9P6ZL,1651914510486
AGI6CTXRZ7Q2UWOI6HVUG67BLETQ,B07S63NKNB,1573747442287
AFB2ETGMADHKNLWEZQBK2QXBVF7Q,B0742LVLMJ,1543977809252
AHZM2S2ODHXETBF26TIODRT5RXDA,B08MTF8RP4,1619112262781
AH7QNY5KFA3C2WR3BD2YAGBUS7SQ,B01M7UD21X,1536527682802
AH4526XQFMBWE5HX3Q56NQNK6ZFA,B08WGCP6RF,1648517138151
AE5QEFAQCZQABAR3324D6QB2STAA,B07GNX28KS,1543812931664
AGILXDSXSIRYF5PVVJVYYVJ4XFEQ,B07KC11QFV,1616600035521
AFJDTBQEIITMWP5RJWBK4HCDGDQA,B07XGDM47D,1638563532715
AFNMH4RNN7CXVC3Q5GQQMWLFDQFQ,B0742LVLMJ,1564461262615
AHRRQSUEM2A6N4MOUPDGTAGZ5E7Q,B08LDV5MBB,1622643855892
AEJ7OKVZZ6F6T4SNGPJPT7A325WA,B07STGWT1P,1567639694604
AHRSBNE7KG32IS2F7NWEGEW733NQ,B07MJBFRVZ,1557506664965
AE5RY6H2A243Q2WS6TYTJ5JUPHCA,B07DNLG9ZR,1548951734192
AGHEI7LGIMBICH2WWQABHBVPYSFQ,B08MW8RVK9,1621370802887
AHHYOGE763QSQOUIORSZOBRWQ46Q,B07VGNQD8K,1594064335093
AFXTH6DOS2W444RKK4KZG2IJ7OSA,B08DDJNJ9D,1605120654393
AHAHBQBHJELSHBA6BMR53BBM3CMA,B01M7UDAVI,1576458430020
AHQFXVDZJRD4EIKCQPHF5JPXGCTQ,B07GNX28KS,1562358180305
AF44A6TMLUSS4QL7Z2QTDV4ZIRFA,B01M71IUZ7,1525866101004
AGOSWZ76X5KGCIUL3YY4HD2S3S7A,B08JZ4SVKN,1606919029086
AFC5UH7XMI5GRSKTI4H4YSWTIRIQ,B07MGJZ2MH,1630259107004
AGDA52UIPINCRXF3EP6VY3BJ2UOQ,B07SDGBPGK,1563989457330
AFH343I65FJC46LB3TKVDPBPMIGA,B01M71IUZ7,1493861871000
AEMM6RAANDPZ5NQSHX3CMJSK56MQ,B01M7UDAVI,1500596902199
AEWJY2LV4AAYYAG7WUKEOBFP72BA,B01M7UDAVI,1496094905000
AFODZP7OAAWEYIJSFVHHYXYSGUAA,B07NVL6TJG,1564169848262
AFNOOGAMJWPQH6PYGRXA3ZBWXBKQ,B0876CYNG1,1670090240390
AEVQKHMPKLNDOYRPIG6P3BET6U5A,B01M71IUZ7,1529157174002
AF76L6NAXL2DNKXQHMAVPYHCVTAA,B086K2RRJ4,1608240523246
AHY5LF2PD6ENRMHQLX7RAO7ZRESQ,B07DNML26P,1660673989436
AFQBKC25MJW25AKCOUSS2OAYJ7VQ,B07GNV45VX,1552780097636
AFQBKC25MJW25AKCOUSS2OAYJ7VQ,B07DNMN7X6,1534823682527
AFSUEGI26KEZDBF2XELZSXVTVI4A,B095WFPM47,1645667887248
AHSMI6UI3B42FFTF23NM2LY4FNOA,B07NL86LGD,1580612638915
AGRRLROL5JDL3E4KYN4FXOXEGNXA,B01M71IUZ7,1498905470061
AEFIHLL43TUTD3QLLEVLST57FBIA,B07DVXFP2N,1544631541663
AF5V4WJCFLMP442LXUB3LD4DSGNQ,B01M71IUZ7,1532984351040
AH6542BG32YY7WSOXGYCIW7MNH2Q,B07XKF8CB3,1626639610584
AHCFWKKB6AO36UDXJGKXZLGQHUPA,B07F8Y6BH9,1549143866920
AGEYVIPO46IMX6DCLKDCIRS5DY3Q,B07VGNQD8K,1620417604980
AHHGZHXEVHDF2PZBSKC7KULSTPBQ,B07Z412BFV,1610984505201
AF43NBTWV3HERHM3QKKDFAEMZWBQ,B01M7UD21X,1503605816508
AGE35EUI77BV52FLBAAQ2RJ6OENQ,B0742LVLMJ,1555436139518
AG3FWVT5UH47FSCQ75ZIHIHI52KA,B07THJZVK1,1605730254656
AH3NPJ3PZOPK736RQAL5X4TPND2A,B07NVL6TJG,1604269727470
AHELIKJ2E54LX4B4IOLZYYHNKY5A,B08K3M57JT,1614527733752
AFIIEJKLA2JKBXA4YMUBNCEYAVDQ,B0742LVLMJ,1612149691552
AFK7G4SWJZAHDGFD2EKPAOBLWJSQ,B07S63NKNB,1637962017768
AE3BTCEJVQWRQGOLT325R4WBLO2A,B07KM6T8GV,1618497886709
AFA5GRXZSN4FL3MKSZKX2OTCVV2A,B07KTB8PHS,1551809965544
AGKXVJSRK6E647WWYJXRYI5QVXBA,B01M71IUZ7,1493836230000
AFRC7CJJK4VKIC7O5JNKXTVE74RQ,B0742LVLMJ,1609495772010
AGA2RTT2ALSOLMNJT2O6JZJUEI2A,B07S63NKNB,1580309406247
AGCRRKLZ4XT2K6RZDTWEITOTWPBQ,B07VGNQD8K,1602014380650
AGAP6CYQ2BW7O6DFLFS2FM6WLS7A,B07VGNQD8K,1598221739755
AEJSPFOF7EUIHQKXGPL227S3SB5A,B07WGGH1C1,1575391175738
AGB6KZUS2JNHYA5PTDTMBPGMKPOA,B07WGGH1C1,1572432185850
AG5BR6QZAXUNP3STIPAOLMKXS4YA,B08DDJ1QRS,1605568176884
AG5SSHZDE6QR3CBAKVR2CNGKY3GQ,B09HRQML8T,1647801504286
AGPPEPGHG6KWZGOGR5YHXLJLDLYQ,B07DNM6GBC,1630168424821
AGP6CWQ3EMIZDQZSPEV7U4YTI5DA,B07DNLPCB9,1535648670785
AH5T73WZHSTXC5FM4EPCDWZRX3PQ,B07VGN44WK,1609215583633
AEVEFLVHT2Q2K7C4VZDS4QMG4WKQ,B07SDGKP88,1577824946272
AGZBLILFHLLQ3RPMZYRCTYAB6NLA,B095WFPM47,1650150943944
AFLFSR2ZJZ6A2JLLAA3MDK4BXOEQ,B07STGWT1P,1604179547677
AHGVXBVJUHHBZMFI34F3X3RZ6VCA,B08WGBJKW7,1645938450420
AFEBRRW4GJBYEJDSUSIIXOU4MYYA,B01M71IUZ7,1580545018481
AFBLDDJA5RLPJD2VKRUZUMA4SA5Q,B07NL91XW9,1608046285609
AFHQLTDK65ZTHLCEYDYBPWUNKOBQ,B08GDKDMDT,1604683707011
AFHQLTDK65ZTHLCEYDYBPWUNKOBQ,B07NL8SM91,1596840246788
AFKNHJDWOFDYJRBUIJD2W3D2DYBQ,B01M7UD21X,1530489928436
AF26VPF3WL57NAH6GSAPKGWIUCXQ,B08LDV5MBB,1653870346359
AGKQHL4F6X23DO67KJEJHMPNOZOQ,B0742LVLMJ,1532523321008
AHNPU5P5KD2THIV6NVDBB3OVIAQQ,B07KJLV75L,1619885666772
AHNPU5P5KD2THIV6NVDBB3OVIAQQ,B0742LVLMJ,1581306460388
AHIJ3IYJQ4KDQU5BYHRCEE7CRWDQ,B07VGNQD8K,1602182061830
AHUQ5LOGW7OIH3KZN5GUKSPAPGSQ,B0742LVLMJ,1527283396268
AFIWXK5GAKYQLBUXJZFJLTMX2SWQ,B09HV9CFZ6,1653995838989
AGRGSZGENZBFGPRNMEKPW4WJQ4NA,B01M7UDAVI,1485818095000
AEIIC65G6766K2CYMVD7NDHV3A7Q,B07DNLG9ZR,1538528042086
AHHE5VBCT7D4QJXGV4KHVVVLTZAA,B07XGNHYC2,1621104378749
AF5DQAAY7EG4LIUMEMJSFXUWONKQ,B07VGNQD8K,1655835785782
AHEWH4ZLDFZBVZXF2RXBRYXTHTTQ,B08N6V63N7,1677568622654
AHDLTJHU6PKEYHAXT7BE2U4SVYEA,B0876CWHZF,1614604356579
AHKCDKCKNZCZAX5OD2YRHP5PWDTA,B07KJLV75L,1606605604002
AFIYBO3JFJRZ75BOT2BCJRUVPJXA,B08VDX39DK,1631647615798
AFDPXYCU5B6VBVA3UEGYSGLH7EBQ,B07NL7BQS4,1570933946965
AHBWDCWYAJMFE47XPQJMTKH2T24Q,B01M7UDAVI,1516076717348
AH4TQ3ORH23XPZJSUX3DVH4JF3XQ,B08D6R4RZ7,1598905463752
AFDR5K5AP5KDLPSZCXDBBKUIHIJA,B08BQFPZBT,1604737500810
AFV6CYQL7QQRUHAF37DPHOFZ64QA,B07HFKL5DZ,1576689572085
AFIRIVGRE3ZMQ3NY7BPLSDYGCDGQ,B0B4BKX2ZV,1663306625282
AHUCIUVQOAVGO6ONMXHYYCEV4LRQ,B0742LVLMJ,1592159072313
AFPUW6CS6KZOJYC7F7MEQWXKXZQQ,B07VYTBJKP,1652104028054
AHNI4CKJ3IGADAGRF56LC6E52HXA,B01M71IUZ7,1493582255000
AG4FOA4FMWJSI5R6AY56TATJ4K6Q,B0742LVLMJ,1549075246510
AGKWSCGVQOQGK2WNDGHGOPFYWLPQ,B09339PRQW,1646507583956
AGE4YFBVG5UZCIJPWQR3KPHCK7YA,B0BHL9KY9C,1673399529246
AGE54EX3E3J2RDMT7VRQKERQBJCA,B086JBCVB4,1672112472097
AHNMXSGFTQDHOPVZNP4HNPW2DVZQ,B07XKF8CB3,1615238719871
AEI47B4LPKF6AEBZD6GCTYSF3NIQ,B01M7UDAVI,1501887276190
AHWDE3OFRP5XIFU4G3DB4D3NGX6A,B01M7UD21X,1540654264418
AHVY2A6T4CW3ZOWOZXT6PIUWK7JQ,B07VGNQD8K,1597090067829
AGYT4PSZDYFUSOLYG2J4KUOVLZUA,B07KJLV75L,1606607511149
AEEZX3R7HLUBNPPX2MU6HZ3O7SVQ,B08R3XRSRS,1614463286481
AHVQLYDRQULEHDQ4QA557APWNXLQ,B09BDBXJYK,1648027770244
AEWGEIGSE3LCTVWVCIMCEUFTMU2Q,B07HP62FDJ,1574135462275
AG3JWRQAR5QYDN3KN335ZV2LLWAA,B07F8Y6BH9,1590070016249
AGQM5L76UNGRUGD2PVW5JNFNYOOA,B07DVXFP2N,1544223311641
AF2XQ3TJVZGID6XWCA3ADI32WBGQ,B0BM57HJXV,1680305424259
AF2XQ3TJVZGID6XWCA3ADI32WBGQ,B07DNLG9ZR,1602368830872
AGGSL3CE32WHSRSVZTIQKOUC42GQ,B07NVL6TJG,1561934561420
AGRWEOM7CBB3MB76GEPC7TU2WZSA,B07F8Y6BH9,1615305536571
AEESQMYFMQI4KRC3YHHI33WPZZ2Q,B07DNJ6N8K,1539129042584
AEQAABEIG4FZKY67PTCXNFFCSNJQ,B01M7UD21X,1502643811616
AEQAABEIG4FZKY67PTCXNFFCSNJQ,B01M7UD21X,1502643811616
AGFMUUZBPQZQUBVKGRJLSVWMIXEA,B083SRBRD3,1599162966483
AHZWPLRVRC7B3HIKF4D2OEXUCPCA,B0742LVLMJ,1523555077968
AH6I6R4J5C6UDXMBGZNLU6Y4T7EQ,B0BCMLT399,1676236059175
AHMQM7A6UT6WDIMYEQRUZHGTJOVQ,B07DNM6GBC,1645763267479
AGWPOSEUYL5XU3MT7R6LS7OG4DBQ,B07DNKDLYV,1538419046292
AF3BKHVGGA75X6NCI7LS4EIQW6VQ,B07MGJZ2MH,1582918871248
AHRSMEYITHVL5UOIIKPB3CHUTLWA,B075NM1M1Y,1601164703645
AEIIEHMRM33WBPETP62JD6XEARXA,B0742LVLMJ,1593197487031
AEGCLAXDSESRBFBDNSJ3JIMQKSQA,B07MGJZ2MH,1607127025806
AGGAMI6HOI3ZOPVQQDNHJVOK64LQ,B08H5MHM3N,1620065515136
AEB3ZYQ23Y3S5MICKONITOXHJ4SA,B08K3T4XXV,1652932790000
AFBROCEXHSGEKXPQMF6G5VKZXKEA,B07H3S5Y9V,1589304199174
AGYD2N47ORUVROH2ONFY4SICLT3A,B07DNML26P,1570819299330
AFBI7OENXS3FVPN4RS57DUTRW4MA,B07DNJ6N8K,1613184287667
AFI724IRB7TP3YTDGWCUHON7BMQA,B07DNM6GBC,1554344236282
AHTBYMUVFV5DPSTYELHOCXL46TQQ,B07WC2239F,1657387998632
AEJPUASVBM4MVCUXSB54RJ5IP5AQ,B0742LVLMJ,1578795720273
AGAU6EOUZVCUNAJNLJ3OXYVBASEQ,B07DNM6GBC,1538326937332
AHHDT2BVNZABDRJ7WGVQSQZPYOGA,B07DNML26P,1596961277830
AED6IGV54XQMVIRSHQFAHOZUW4YQ,B0742LVLMJ,1581514682586
AE2FDDU7C4LI6V6LQ2RNBWKYHVFQ,B07DX3D8W3,1534446884398
AF7G7YO3LBDRN4UY6RGKDGNGPCRA,B07M5YBZP8,1646030230294
AH4OU3JOMAJ6ERSBVORSD6CR6ZSA,B07FT4FMWX,1534625780227
AGBPYVUNMMDUFPAJKNGOFSQAUTLA,B08GS38B42,1617901752792
AH3ODYUHF3K7THTO77ENYUFWWJGQ,B0933FHCTP,1643058955562
AEX3SFJ3ETOR4LTWMB2S4ZSOJL6A,B08MW47ZLC,1645861285076
AG6TX2J2ZW2MIZOSIOP4XGG4JLFA,B07THJZVK1,1610823245261
AECZGQYRZGV2Z2JKUGIEG6XXD3EA,B0742LVLMJ,1575296301934
AFHEF23VXHBU3ZMMG3IULCCBUNYQ,B0742LVLMJ,1580855352727
AF62Z53HHPM74GN2YYNBCT5FRHNQ,B07HWX4GF9,1544193132162
AG3NFQMJNGNDCKFNF57UZX25UQ3A,B01M7UD21X,1497373520701
AGH7GX7N2XOZMEXHWUFYYEL3WH7A,B0742LVLMJ,1551036115017
AHP265WQTGY3ZNJXE7ZQJAQ47YUA,B07DNM6GBC,1554501835416
AH2A5KOHEFGNHYHTE5MSZNHK5BHA,B01M71IUZ7,1497902447718
AEFZDFHCPWYDJLNN5OWZTHZT6EBQ,B07NL86LGD,1632265848966
AHCU3COVFMN3RDK3CNF5PTGYJ7PQ,B07XGNHYC2,1618703232063
AHQJNFMF4HDEYWFWP3TDXM6FTUVA,B0742LVLMJ,1644620540213
AFL3AWWOABDEZJX4GJXWCFAP4N2Q,B07GNX28KS,1556675418418
AFLUBMIVP5UBJBUSFHUPZBY2WZEQ,B01M71IUZ7,1524937451131
AFLUBMIVP5UBJBUSFHUPZBY2WZEQ,B01M71IUZ7,1524937451131
AHVCS5NYVAZ5YOC6GKKVFDN3LOBA,B08VDP1PZ9,1616347575533
AEGCZSIC2RJFCQUMNU4LONR3F2TQ,B093T47K7D,1657733644714
AG747RMN65VB7YGUSN5YSMERGDIQ,B07FT4FMWX,1582581381681
AFJHQISCX4HDOQBK3KGBOYI776QA,B075NM1M1Y,1551724081832
AEH5GAP4WXEOBOKYNB2JG2HHXSLA,B07H3QNJ1Q,1542467488930
AFL7AAKPR62E6EWQOW34LTMXF2GQ,B07SDGKP88,1618933460815
AG5GHPN2NBQXJJHXBL5CRO74DKGQ,B084KNDTWP,1656793912995
AGH3RZVS6F2GE6SJZ7ZWBQJ2BIBQ,B01M7UD21X,1501733549468
AG2GMHB437SAB5CVPDVF3P37GHTA,B01M71IUZ7,1560364526800
AHD5OVVW3LABHUVRMOJL6YOZUPTQ,B07QYNFHVH,1572488483782
AFUFK4L3MHAWJQVIJQLPAY756SOA,B01M7UDAVI,1525975167036
AFQVRQQXTDBRJ7XLLWGBYZMN7KSQ,B01M7UD21X,1577411361538
AGDY5JWUI7CRER6W2DSKPHYCNSFA,B0742LVLMJ,1555282668937
AHRFRJ6ID6JF32JLLKLYY6LWLWEA,B01M71IUZ7,1561260342997
AGZ4EGITXDKQQDIKLIPYAWJSTEHA,B07SDGKP88,1612804663835
AEKUY3SROKWGLXGDKIZOFYDAHTXA,B084KPMB89,1683740974092
AHS4U7KDDHAF7O6H33463AVSTH7A,B0742LVLMJ,1563545520575
AF472VV3HETJA3A6GDKO2CP2VYKQ,B08GDKDMDT,1603881292648
AEKY55JA2OUWB4FBWRJ5ZZ7GX4MA,B08LDV5MBB,1631574057502
AGFAV2DEPS54WWKEWTMRWOXUPATA,B0742LVLMJ,1542681895549
AH5EEXO6ZX3KDYROVCUZVWMGLS6A,B01M7UDAVI,1493994685000
AHXU2CLJXVAB3BZC3R7ZUB2BGQZA,B07KM6T8GV,1654541366261
AEZNVTS7FSZK4X6KWKV4DK5A2YAA,B093T47K7D,1626419729961
AF2GIKF362GPAPAAM5FDTKDTVIYA,B07HQJPGL2,1652790264627
AERD2P6PRYK5SNEOOUYD3B3MAWPQ,B09KHD7CKX,1673749758201
AH6LETLW6HPHUHAHHY5KI66E7KBA,B01M71IUZ7,1524692968288
AE2ZAZVHCHE4GSNUE5WRTUREDI3A,B08LDV5MBB,1623867250658
AFS6VJKXSBJPRQ727YFXHIJE6P5A,B0742LVLMJ,1603908754997
AEZQACAF7QVNQVA5H76F3KBCZPQA,B07NVL6TJG,1572279279930
AH6DUMEJZL4QIRZKKW72VCUQ6IFA,B07DNM6GBC,1537994046382
AF6WOIWRK2PBM4NGPOFFQH7FHB2A,B07WGGH1C1,1572940405929
AGV76XVCZYQ3QKGOHS2AL4MIQWOQ,B07DVNJ5LP,1632818852348
AELWCZWVUOR74TBZHMDVD6X4RBIQ,B08G4W464K,1631302148473
AG566JVUV4RLEHXR6QRM45CTLOJA,B07WFHJDB7,1631841232326
AF7T53R7ASK3AYO2XU6KYGU6T34A,B01M71IUZ7,1493919901000
AHS2YBAIXKJRDCTEZFLXYSPJIZ4A,B07STGWT1P,1579311276756
AEKHA3V5OBTLYSRBDSYBNCF6HB6Q,B08D6WQ1Z7,1618742218634
AHLK43PILGTE5HS2ZKOOV2OK7DQA,B07DVXFP2N,1536274362707
AH3QVXNLBYC7AXQVWKL3KDC2GKKA,B07X5SVBJW,1666475452495
AETBA23VMIKSHT4BQ4BXD5CJKMAQ,B07FQWLCT4,1552771237965
AEVJ32IX4FUP33DJOBZBQVG6PCVA,B08D9SVRGD,1604098473356
AETHYY7MESGWW7NRCDHBPZ3YZBKA,B07GNWX112,1541723263095
AF42ATUSFK3K7G7AVFGXDBMFKRUA,B08LDV5MBB,1619426495537
AFMFMD2MXGL7HBKTRHSOGCQMO5UA,B09R3KVR5X,1661957757479
AESLHMBQCYJZKH6RZM4HFH44CRYQ,B09R3MR7DN,1668355400107
AH4W3KKKK24QMWDP42L37KJ37QSQ,B0742LVLMJ,1630415977537
AETVGI57WXTBFQCM7QKUHQFGHCVQ,B07DNLG9ZR,1535429500003
AHJUOJTUSBYIRQYSYFVKQDUNSLYQ,B07DNM6GBC,1633801162646
AF3EZM4KSVRUVJXJLT5Z6FKGZMNA,B08F814PSW,1618405230456
AEXYHBKFMFYLGOO5ZMX4L3STJGNA,B07Y1VQXJC,1596161727303
AGIXHWE3SXV65UCZY2KU5TFEP5MA,B0742LVLMJ,1526318044963
AHXWSLMJ4JPVLC6D2JWORX5B2AZA,B07S5C7LR4,1564019302299
AGXUAH4JG4KJTWQFVUGXBE4IZXTQ,B07GNV45VX,1545162348256
AEIFWXIJS62IHDRIUVTQIU5OUYKA,B07KM6T8GV,1647222174849
AGI3JEVGZNWPQ6LILCQCASTUMPMA,B07KM6T8GV,1605910005831
AGI3JEVGZNWPQ6LILCQCASTUMPMA,B07QXSYDGF,1605909912793
AGN4TTK7SST2SPFSALLRYM6CXONQ,B07KM6T8GV,1610681418045
AHYPXG63AN23RFMCCAGFOIGKUHCA,B07KM6T8GV,1556361820902
AEXGFET4EI72X4XJYL4QJHW5UOYA,B07KM6T8GV,1580775366338
AGKWOAOIXTBHYZI7FUYHNKEFVCIA,B07KM6T8GV,1588643792282
AH6M7L3ZAWNGIMQ36CQLAJQRGZ6Q,B07KM6T8GV,1587810400141
AGI4QSQ7XP57TQ6WISYTOGFCICNQ,B07KM6T8GV,1607880450992
AE7YC6RWUZERKI5FHZVW7CFI7CKQ,B07KM6T8GV,1558578643631
AG3IPZH46PQXJ4G5VEGTDR42F2XQ,B07KM6T8GV,1593027165202
AET2PZFMOCDVSX3MGK6DP6KG2RHQ,B07KM6T8GV,1591211218418
AGBDXT7C3KEHIO7KNLGA3EP7VP3A,B07KM6T8GV,1582156388695
AFNYXUGZ2RAGS67CGUBVRT652AOA,B07KM6T8GV,1580839070322
AEZURZAYYB7QNWAFEDWASQDEMH7A,B07KM6T8GV,1652470439272
AHY3XDZ7LROKJSFV44NUA5MJHZPQ,B07KM6T8GV,1612014997306
AH2WG27UKK7UU3U73QYNJTHV7RDA,B07KM6T8GV,1591358813064
AEDBG6FC7XCZMEDLHSJZY64GW6WA,B07KM6T8GV,1652135904912
AGTS7RR7FJDHFEKRNQCP5UKBJ4YQ,B07KM6T8GV,1580949458496
AHCQ2LCAYZ7JLF7U2CFBO4WBDWYQ,B07KM6T8GV,1626211987873
AF63U5KFUFHEMB64GHHB3O6QPZKQ,B07KM6T8GV,1580871743129
AF35YTET6AIJFSRRSQPTP6P5L6GA,B07KM6T8GV,1581047168299
AG55NQXULLUVKCWJVSD4NZ6D7FLQ,B07KM6T8GV,1582240961737
AEMJU3DNIANQZKGHO5W2UV6TWYBA,B097F3PVMC,1666478201152
AEMJU3DNIANQZKGHO5W2UV6TWYBA,B07KM6T8GV,1591229983341
AHZNZJX5BOFTV7OLLJ4XZP5SVS3A,B07KM6T8GV,1581265045847
AFLBBFR27YIVPGJV7NGMPMJDLRBA,B07KM6T8GV,1581371233717
AFP3LYWL6VP64BPB4I44TO3T5J2Q,B07KM6T8GV,1609611289945
AEUP7B6PQZCDA2R6WPEEW4VOCMHQ,B07KM6T8GV,1610477608847
AHIH3ZMW2VW362654ZJP5FAOZMJQ,B07KM6T8GV,1580777898630
AHJ66K5HZO2TDPN7XS2OYEYLS2NQ,B07KM6T8GV,1650584137480
AE4BMLO63DHEOJGQI7BN5FJPJ2HA,B07KM6T8GV,1663608604367
AGTGMIAO5GKZ7RPCR3TMZHSBAS3Q,B07KM6T8GV,1580757898611
AFGUWJKZ4YWXKCLI44GBZ227RFOQ,B07S63NKNB,1576643367796
AH4F3GKJZJWEOQ2QVMB3O3JVBBPQ,B084KNDTWP,1655488472498
AF67WGUOHYTECIPISDOMXXLBT3CA,B075NM1M1Y,1542830203083
AHXF2KBQVCAVEY6OAO6HDBPJ7CSQ,B091YCDRY1,1639418754590
AHA4D22BLXFLLL2XLAMRLD54A2IQ,B01M71IUZ7,1561046605149
AGCD6O3GU6ETQYPGAJBCSTH352XQ,B09LWP8KL1,1657696454720
AEWI37E5JGLG2TDEZXZEH7YFF4EQ,B08HQNC3JR,1630790529226
AFYT6JU4TA7X3CCQDN2R2FJYYZ6A,B095WFPM47,1626697219390
AG7H3ETAKPCMBF55ACIQTQOY5YKQ,B01M7UD21X,1485671957000
AFC4VUEGTTOJJRNCNFXCCR6WBONQ,B07DNML26P,1665599965054
AH6XOBXFFSWFSPOCRAEDWFQZKSUA,B08GDYXWBG,1603563017608
AFWQFQT4XY5N3MDA7JFGMKMATBXA,B08D9SNKK1,1681615951222
AG2TKWGBLACPCEV36PM7IDUF7BIA,B0742LVLMJ,1602698058568
AFPLCYWI3BQOKPCAAENLTM3QHEWQ,B08LDQGYYR,1658181350234
AFCW4UK62CGNC6EKTG3CUX22WQMA,B0742LVLMJ,1607441552301
AEPBTXFWRURHB52HBQX2BSLH5KFQ,B075NM1M1Y,1539164641470
AFFZGDCOLCIGFT5E3OQ5TPYEYGQQ,B087YPRGKB,1660283784850
AFK5IFDHRYS32CMIYU44YH2UQOAQ,B09SR5Q5BQ,1650586515204
AGBR4T4RGSFFHSDK7IHYYAUTLO2A,B07DNM6GBC,1554685475463
AGBDB33OX664ZOREDISMQIDA7QFQ,B087YPRGKB,1600364070579
AGIHNU3U7ALDJIGPRJOWI32K7ZOQ,B09YYSFW3W,1654080000920
AHTVPUYZPZFCC4TAU25BGA4GTLRQ,B07VGNQD8K,1608321912711
AGA5ZDJXQQBGNUPJ3UGJMASHTOZQ,B07VGNQD8K,1647457593479
AGA5ZDJXQQBGNUPJ3UGJMASHTOZQ,B092587ST1,1647457492120
AFXFEH4VBGNTLR6TH5GSIYSMAETA,B07NVL6TJG,1596541538217
AEFHZL45CHRDXN4DUEUW4IFQVVWQ,B01M71IUZ7,1540919112129
AGLR2AYBL2MRUAWODD3ZZZ2LSC2A,B07DNM6GBC,1539714123572
AEWWMJLBXSA2VSJFQZY5J5H53SKA,B09HXYYY4P,1679962612161
AEY2QXSFX7GJFMEEHCWE7IQJLQXQ,B08D1W87FB,1676517261319
AGFQITW25YAECVBO767WE6TWTDFQ,B01M7UD21X,1501070481062
AGT346D2RRQPJLEZF7TDQ2ZSGBSA,B08N57VT7X,1627151144161
AEGPE26U2JG5BXGJVGU3M25ZVWFQ,B07FT4FMWX,1540150614390
AEACHFHKRWBW7OFZWQ4FG7B6PTRQ,B07Y23PKWC,1572581744808
AGZEFGW7FG2CLQCOOTPTVWMXZ2YQ,B07GNWX112,1543496470597
AG3VTB6NLNC7ZAR5IW5ZT3MU2D7Q,B07MGJZ2MH,1567952837865
AHJUUASEEF56VZFJZT3K3YTLRR3A,B07GNVJ6R7,1540922421994
AHS7AXMNQOSGDNQMJIGJOLTKEXCA,B0B6CPL52Y,1678676565285
AEA2TRGEKXCFFOQ7NN73WNJBX7QA,B08BQ95TR2,1607121866429
AFQ3EDHRTIQ4KC35K63XONUEDKBQ,B07WFHJDB7,1656866326524
AFQ3EDHRTIQ4KC35K63XONUEDKBQ,B081TBW1FB,1656866231550
AFYL25HMYPKM7FYYFWA2WXDF6ZHQ,B07DVNJ5LP,1598505320788
AGPYTJ5OBJ34AP3JEKQPVCBHWEUA,B0742LVLMJ,1513810461879
AGNNP7Y73APJ3NVGJC4WT3HSWEUQ,B07XGNHYC2,1575497930986
AHW6C6TUW7TDVTBYSQUEHR4G2MDQ,B07QYVCWHD,1643807027548
AFQNTYNPZOLSK4B57S66CT3ZAA5A,B01M71IUZ7,1493850326000
AEF3PEMWA37DCJUJKSN5CTY63GHQ,B088VP76ZX,1613575453016
AFHTCHX22KEZTVDQJUUMO65JQVGA,B0BXMLNHQD,1678827944662
AFIC4OHJVYRG7JXQAPIOW2YCUGPQ,B07XKF8CB3,1621107310897
AGDCXTZJLK5Q52FFRJWABFKZIIFA,B095WFPM47,1643651403983
AE5HMZ33Y2UQOJP2MB6IMVWKQ7JQ,B07TWRWCRT,1618758804901
AFGFCAB67HK55AV5HVHYGTGE2I7Q,B07NVL6TJG,1605989376666
AEAYVCH6V3HKW25FKOFGMSYNQQCQ,B0742LVLMJ,1659473046608
AETFZIJRI25DYTOFO76RTCJUCZIA,B07DNLG9ZR,1543962664821
AEXYGZUUUGMQTIKUQWMZPCMIQMRA,B01M71IUZ7,1564109501611
AEANSWAZQHJKO5SYAOFUZJPRQIMA,B0742LVLMJ,1638816900631
AEVUYKDK5KLIETONL2FCOZJ7YEWA,B07PRXJMLZ,1564082054272
AHV5RBMA32WCS7PB23NLO4BRIKQA,B07NVL6TJG,1612974143833
AFVQRYHUEVCO4BPJ4QKM37MCAPYQ,B0BPZXDL8Y,1681944180941
AGI3BMVIDGBUWJXV7BZIVXOH45PA,B07KSDPDM6,1552503820099
AFRXCZUH4ZLT3H57C4XO27FCFRKQ,B0742LVLMJ,1574292071749
AGUZ2KKVFCX4ZEEANKTSYUJ3HPOQ,B07NVL6TJG,1594591420037
AFAZKZOEGDV65BUWZRJMXF66DLEA,B08M45BGDN,1682258518784
AESBCYDWCTEWUG66KLU332CT7OWA,B08LD62NHQ,1626277506496
AGEPTUJFJGX5RHIKL7FFNGOD4FZA,B08GDKDMDT,1609097837698
AGMKCXFBBB7G4LGG64HUJ42XM6XA,B095WFPM47,1625510756461
AELGDLI2MNSSVUUVFC2QC77OXNDA,B07M8D817D,1564788280459
AFYSFK2E2K2GON7TRHKR2DPJ4AWA,B07H3S5Y9V,1566664371434
AFTBRINJLAFUI2YKXK5UN4LIQVCQ,B01M7UDAVI,1496165500000
AFGSOYFF6S2AGQQ55LL5LCV5HBMA,B09LZ5D6NJ,1660328935275
AFA4UM3PZZWWPS4VO5GHG6SFJSDA,B01M7UDAVI,1520544091028
AG5RIOYW2HKBZOYJY2XASE4Z6U6Q,B08GDKDMDT,1605137415502
AF3LIOHHHEQH4MBURINYFB3YVZ5A,B08D9LY14T,1636662115477
AFKG3BFLUN422JWF2G6QT747DTHA,B086JBB4HD,1592460638317
AEXDGLZK6AFOOHOE4UR6OBFOXIOQ,B08DDKTDSF,1602957549121
AHPSRI6JPW6ONHLIK4WIIGMR5PUQ,B082VKH841,1604064122277
AHPSRI6JPW6ONHLIK4WIIGMR5PUQ,B0872GR7SR,1602854978741
AEXA2SAWRAKNJ6L4JLYMWTCM3ZJQ,B07NVL6TJG,1598835428585
AHKHUXIB7TFVP3DQVO42IFF247UA,B07X5SVBJW,1597868099817
AE2TTDBI2LDCD7IXRAHJDJ6NBE6Q,B0742LVLMJ,1536218178762
AFAZITJPUKHKYK2FRCCVIQ22VRAQ,B09R2M2SDN,1663265249915
AEZX4UHEOI3JOKSTC25EUODYVPEQ,B095WFPM47,1660590336322
AE22KB3C5Z4OPFUQZKC4ESM74P4Q,B095WFPM47,1644525590147
AEHUNWKMRY43H5OCFZ6D5IZZIOJA,B095WFPM47,1644693894885
AEJFB4WZMPUSUO4YFN4OZRPYPELA,B07DNM6GBC,1565316922703
AGYSEXQJKN2MGSO3XYDTZPPDDBTQ,B01M7UD21X,1512074166202
AE7NAFHLWKERDZ6H5BETQXGJFF3A,B08DDJNJ9D,1614373974654
AGMRNUJ3YC4XXJVW7DMAZKI3JE5A,B01M7UDAVI,1493661690000
AGKADV7J6PNWPXCSY5JDLSFLJ5HQ,B07DNLG9ZR,1554917652910
AF4TAWC3LIC533IIPH4C2JJZY6VA,B087YPRGKB,1594213829535
AEUZT727UYFNJYDWKJVHVIX66JQA,B08BQ2KCG1,1610460480256
AFNMIMHMWDQFIVKXUTGSRXKMAEJA,B0BM2NJT6C,1677110142263
AFCXTULP7UTIX72UAWXVOZ7GV5LQ,B07XGNHYC2,1651940834838
AGOGQNWTD774O63QPXHYASTXT2RA,B0742LVLMJ,1599402123056
AGPAU6G3ROKJN32XZJOLOO3MVLEQ,B07DVXFP2N,1647987037231
AE42BFSLE3BEAFN62VKGHHCXLHBA,B07X3Y7S2W,1654208978804
AFGEQVQXDD2GGKMOEUNCKZV2ESNA,B08QMH1TBG,1659783087258
AHWWRCBAZRM42HJ3UX5CYIUPY6PQ,B08N57VT7X,1608807025838
AFBHAPVZ67HV52BXBA2XR4T475YA,B08GDKDMDT,1604958803696
AFNQ2GBT3YH3RIM56PYVOXG5STPA,B0742LVLMJ,1631624507832
AHNJ3AGRVO6BHVHRCYFJ2SVKRNTA,B08GDTCVD1,1605728890655
AEURAO2W4T5PRSZODDCYMM4I2XFQ,B07DNLPCB9,1532919169253
AERMV3H4YA53GERK2NSFZACTDXCQ,B07KCLWKR3,1546434763454
AGJRG6XAUJPHWB5NO4PECU6SP7UA,B0742LVLMJ,1591776910690
AH7HLN6SD3LAV65AO434AZKHSWPQ,B082MH51J3,1609365095371
AF2OJ2SFTLXHMV674WXPYP5CKJGQ,B07X5SVBJW,1577994420549
AGUKIVULADORIIAAAVBMLGUAWUVA,B08GDYSVNN,1615392515211
AEC2JPYHCF4LG4RNLPNXIV3OAXCQ,B07GC3X8V7,1558517769779
AFUKA3FKZTDY3SVAKLHJTJU7N3FA,B07WGGH1C1,1618407779955
AER32CSOMW6PILQ3HSJXUM2NGNPA,B07T5JT9D4,1587920189491
AEA6RVVHMWSAZP4MVLNW3ALPVX2A,B0859KKL7Q,1594511641112
AFOG7Z6M4ROJO6V7LKCR5NLPPNBA,B07MGJZ2MH,1562355320930
AHKTTFMAWVX3VBWUQAJRP6EKBRYQ,B07DNM6GBC,1534363880486
AGQI2KP7AHXUSWS534YLPXFXNPPQ,B07DNLPCB9,1675884951127
AGXLEEKPD2GGJJKUIIS5KLQCC4AQ,B07DNKDLYV,1537319127501
AGXLEEKPD2GGJJKUIIS5KLQCC4AQ,B07DNKDLYV,1537319127501
AHOSOUAYCLBJV4QWBTSKKZDLQ5UQ,B07GNWWTRV,1542445526082
AHGTKRHZMM2H7ABH6GY4622Y36KQ,B08GCX3JCX,1605563817399
AEKVDJ4TQW5OAVF7JHLZECDEDGGQ,B01M71IUZ7,1507828729663
AFYNFXSA5D2DSO6BCQMIEILQ4DOA,B084KPMB89,1611719170921
AGU425SFJ53RBQBTXNAMDBJBKIDQ,B01M71IUZ7,1502819188200
AGRXOMEZNIEKRR6G7MLEERPS2JNA,B01M71IUZ7,1523820575515
AFDZDJ6OD4QX2437DWZG3X4CRSNQ,B07HFLPR27,1615248394656
AEJ2BZGXVQ5JTVYF4ITP3EM3O6JA,B08D9SNKK1,1599046103281
AEXZVCY73UO7M7E5CY5WOFFWF4RQ,B01M7UDAVI,1518614194618
AFGSLOA2PN34HKMBLLRFK75NUMXQ,B086JBB4HD,1629141251256
AH2KBTJEKLLQWDUM5GHGOX7QDNRQ,B07VGNQD8K,1633198674789
AEOFSBNPAYOBHJFRXPCWRCNXJZZQ,B07DNJ6N8K,1533076322901
AGLQBR4J4TYCAE6HOF4HE4UDA4QA,B08DDJ1QRS,1617303452469
AGZZ3MA6JDKAXB47G7KOBBTREYIQ,B0742LVLMJ,1560872765821
AF74LXPZDIOLND5V65Q2WYZHDBEA,B07DNLG9ZR,1649529202637
AEUCJORNDO6AFSRYPEECXWTJKYTA,B08MV2K9CY,1617036230255
AHAO6TU3BPDNEFCXJNJU4T6D33BQ,B07DNJ6N8K,1534822523192
AEBTJCKBIXYKAA5QP6VLOVHRKY4A,B0742LVLMJ,1555545996045
AG3K4TYXJ5X5GM27AKLVBW3JKLZA,B0BS9YXJH6,1677102126522
AEN6IBAWEHTN3RATWU5KMEXJLD4A,B0742LVLMJ,1560339492480
AGGP6ORGCLATGI5XUECJRPI4ZPJQ,B07SPDBR1J,1567177304988
AHXJUONOXGNGMEMBD6GFILOH2OYQ,B07SDGKP88,1629466669473
AFHTL55HRFAAP4OYUHKDYRHBRVXA,B01M71IUZ7,1518551903775
AHKYTZHCRTITL5VR4ACAOGWU4JDA,B07T315X4F,1590755446578
AHS55R52NYY7ENP6CC7CRMMCM6QA,B08M45BGDN,1624050784088
AGX6MEYFRIFK6EIX5J2OIBDIQOGA,B08D6WQ1Z7,1600542728000
AFQTS6LJJKAPKOPI2ECM7MRPU3GQ,B01M7UD21X,1569118685219
AEWNOXNXU3ZJTWGKFSIY2K7OZVYA,B0742LVLMJ,1542754862224
AHEHKRPBD7KXLQMK7SKYQPJQ7PGA,B07MGJZ2MH,1577197475099
AE7WGW3AUN2JR7623XFTYU2CPO2A,B07HFL1GS3,1631372699397
AEZ6ST2S3KCPT3LVNVDPJRVGYKEQ,B07WGGH1C1,1633445244013
AH6U7POLPCZWC3M5O4UWANXSVZ5A,B07DVNJ5LP,1647396489190
AFY4IJYXPYUJNAHFOQIKM3FOAHEA,B07XGNHYC2,1631764539406
AFWLI2PACEJLSALKDN5TS3JN3RPA,B08GDYXWBG,1608238483434
AHSGQ5P2XTIOYZGPKVTF3N4EV72Q,B09DTB44BY,1648148802819
AFWZDXHDMWVXQF7PEX24BWQYJ3PA,B01M7UD21X,1498067736272
AG5LZOHRTTQTAVDBIU2BTZRCP7XA,B097F3PVMC,1627433763575
AFQCYGMOBKP3QCLQ6LMW73MZK5WA,B08N6WFYN9,1614301422995
AEYVJVMMB6FZWWVPX5J4LLF7EL4Q,B07MGJZ2MH,1649380133227
AG26H4W27IOLIJ2NUAFJNBYQ46OA,B01M7UD21X,1500417136404
AE4F3INT2QCZ3HRI6UXZIBQ4MZAQ,B07S5C7LR4,1580031861301
AGKEAOOF3ZZBUN3PR5KIGGY46YMA,B0BFF56MN7,1681394627096
AGAZOWSGT6MUYHTA4RG47255F6ZA,B07THJZVK1,1628948431108
AHE65GFP3S3ARHAH3SI3Q2NPZ36A,B0742LVLMJ,1636222207525
AHISDZZFVGUX3WMLUG74UY733DEA,B07L3K8S42,1615490953879
AFMI56JJAWSYBCMYRWQAHGM6EY6Q,B09JJZTMRN,1681706980823
AGR6NR6KMSBRQUBGGX3BDC576DPA,B07DNML26P,1535646991492
AHK2YYSLZ2YHWI7UEMWPPAEFMZKQ,B086K2G1SR,1608506466014
AEWKISRRCEK7LM4BAGSLJK2QTSMQ,B07TWRWCRT,1650052028167
AHI2ICJJOXUW6GBYY3JSSALFJVBQ,B07Y3XJ5WN,1582561593870
AEDDOQIRKZ3KYFT7YDBJ2DBY7TWA,B07NBPQL3C,1572379891895
AGWMUFQWIBLS7GEXUB2Y5XTUR6DQ,B08DDKTDSF,1600718413768
AF7S7KHFW5CVDS6MYYTB6LMAR4OQ,B0742LVLMJ,1538260996560
AE2XG5FIVVDOAMLYXLONOZE46DXQ,B07F8Y6BH9,1611923502716
AFC7DQQYW24ECB7WPZ3LZL4ZEUTQ,B07NL7BQS4,1668028565359
AHMZHU4LBXV4TI475Q36LKCINFIA,B07W813H6V,1587954295907
AEAUBOOENNVMPJNCH23UHHEKDNTA,B0742LVLMJ,1554099137160
AGKLC26ZLVGVEQ76FI6UVOMF5ILA,B08LDQGYYR,1669879777068
AFYBPJGSLN2ADYB2W2QLI7RBE4FA,B07DNLG9ZR,1537479349985
AHZBQFF6BVVIAI7OHS4JPOR7TXEQ,B01M7UDAVI,1493853332000
AFBTZ7FBRAGQ2I6EDHR6OSLDK4XA,B07GNX28KS,1603239377564
AHOT36ARVTGYIZM6VRERDCOXX3WA,B08D6WQ1Z7,1609923648525
AGEBRXBWBLF5XCPA4TVVLRDFOS4Q,B07DNJ6N8K,1659167922393
AHWKYHFWT2NEOX2V5DFHXFK6ICOQ,B07S5C7LR4,1650392852747
AEHP43XQXGTG2B2WN4ZWQXC5FDXA,B09DTB44BY,1653449399946
AE5IJEQPZBGWCJ5YQNRABVYN2G5Q,B09NQBMSFB,1655137634238
AFXME5WHYCY5TEQ2CCOVCMWA7KJA,B09NC55YJG,1649268383345
AFPEXJHDETRVH7BDB2HT7ZPISIEA,B07KJLV75L,1559255236837
AGGJ2SF3ZMQAECG74SCV2ZBGK3ZA,B07F8Y6BH9,1597341169863
AHI7RQVBCQX7T2SA4BSWJSB3HPOQ,B08J5Y9ZTT,1606058709253
AHXYA3DR7LHRDENGMW2ID7PR5Q3A,B07DNM6GBC,1591143801044
AHKVIOZWNBO275F2JO4JFBWXONKA,B08C1NC54P,1608740385718
AEK6NSQODZOX67SNTITDLGYEFKVA,B0742LVLMJ,1538136150355
AEY4XJKJD6AMG3YIW2P3P3H76FIA,B08MWPG77B,1610502601030
AGB4KFYSGD6PDF4CNZTPKWA234JQ,B0742LVLMJ,1573392276951
AF35JKNP3WTNAFC4QYDHU6AB4YCQ,B07VXY755K,1588972140400
AHQYGRRL5QZAUTIKDF2XGS4Z5T4A,B07VXJR1PF,1620066213190
AEIQ2LWBLCYNRU7YRIQE7JSUJSRQ,B01M71IUZ7,1567560331884
AE3FTNVOZIVHEHDNOKPMZRDGUXVA,B07S63NKNB,1582152962426
AGODBKTYNV47NRV7ADP446A5H2LA,B084JP3Z2R,1639694554923
AG6IQLPP2QHVDPA46NFUYDPHEPWQ,B093T47K7D,1653843845272
AE7JQY23IBHCYARXOYO6TWAZSDPA,B07VGNQD8K,1594685946556
AH5ISAGD7STOP7GQ2JRKFMMMXWTQ,B095WFPM47,1627852538647
AGL4KO623DUUL5IDKDRQTAVJEBQA,B0848B8JDB,1610802874327
AFTXZNE3GENHQF5PKKC3WAO3JMIQ,B07DNM6GBC,1542311100241
AEH27CRXHHLLRYFJBACKWR3G7KFQ,B0742LVLMJ,1525314608524
AEVIY7Y6FYYD3PVYPFDABSAHIDCQ,B0742LVLMJ,1552286368844
AEIKYKM5FX6V7BIJGR5FVPRYJQLQ,B07XGNHYC2,1591383093800
AFFMJPC3OMGDIVQJANZAEP6QZL4A,B07F8Y6BH9,1605711581063
AH5VBNFAPWQSWO5UAOIXXR7YNLSQ,B0742LVLMJ,1579796909815
AGG2NIVPEKZJYKCK5UHFA7BU4GVA,B08TCGN1JQ,1666699628125
AGIUPPI7ML3DCWNAWRV6AFSCUM7A,B07DNM6GBC,1551027033822
AEDU4F2YBGT7IOAFYBB6AYVQPMYA,B0742LVLMJ,1593459144992
AFY5YKB5DHYKJNH4SL5FIHYPC5OA,B07WGGH1C1,1606681868209
AGBS6BVIBZEZHD55UMKVIPAGAV7A,B01M71IUZ7,1537474582356
AEKIPQRGFZX45Z4XR4M2OHTBYIJQ,B0742LVLMJ,1545842391463
AGC3HE3JMBRNQVBUWB7KNQC6KF6A,B07V5VWTMB,1613190183765
AEBGRBBYBO733I67OVM3MXUBEKOA,B07X5SVBJW,1588090761269
AEUJQOHS66KFF4U2TP7KH4Y34HMQ,B07KJLV75L,1646606030938
AENYVZ7CJZQPN3BJSOXRRF2XDGBA,B0742LVLMJ,1553512627402
AE43MVSCECOYACEUTMJCVZ7ONCWA,B08GD26JQX,1630102358372
AGCL6EESCRAFLRYW7SIPC2PZUDMA,B01M71IUZ7,1495576322000
AE65XG52U6T24MHLWTXCHOGP7WOQ,B07L3K8S42,1617388703826
AG2CVCPOJXZQPS55NOXXY2Z77EOA,B07KJLV75L,1576433324545
AH6REKKJ6C7KEMQ566QAFMQIBSDQ,B0742LVLMJ,1604081522632
AFMASKLL75SR5JWQ3MSQAHCRQODQ,B08KWK6N6H,1650504707216
AF2TFX4S75M3H2X4KMIPNDSJFXOA,B07DVXFP2N,1566865657516
AG7FKV6BDYANPV36X62K6W5J3Z4A,B08LDV5MBB,1645812866692
AHKS6JTBMSTJ25TIFZBGYSJ6A25Q,B07KT17L2S,1552573200157
AEUII6TMMOAQCOUMHRGWCBZBFSAQ,B07NBPQL3C,1676590743096
AF5XGWVSXKAJ5CCTFZ2BVOK7EAFQ,B087YPRGKB,1603824892712
AGXQDHKGI2XJYJIH64OOWC2ZEKPA,B09LVZ3T6C,1679500107334
AGXQDHKGI2XJYJIH64OOWC2ZEKPA,B09R2PCK8N,1679499908515
AGXQDHKGI2XJYJIH64OOWC2ZEKPA,B09R3WJT82,1679499623161
AH5ABXNVE5CJ3ZL3H6MFU3BZU34Q,B07DNML26P,1623444189951
AGXP6FSWHLM5SLHBC3J4NGVNT52Q,B096MS17VY,1659205286223
AE4347SRV46KVFC7NAM3NLIVOSGQ,B0742LVLMJ,1528134504374
AHDE7JA7NQW7NAEMMLUWEP7WAU2Q,B07DNLPCB9,1578348399390
AGPMPHJ724R6F3T3TPBPBZZCO7YA,B01M7UDAVI,1506913198299
AHGKGU3DB34L73Z7OJ6YRY65JUEQ,B0742LVLMJ,1594692434432
AHW2VN22V63VLWLXEQAC7Z2SSENA,B095WFPM47,1625075031757
AHDQBUXZ5OA6IXUJZROMYWHOE4ZQ,B01M71IUZ7,1549314515049
AFMY6FS4X7KSCE4M4QJNYNP4TILA,B07DNM6GBC,1554832519101
AFHICMEN2JEXSYOYM7NUCZCT5ZHQ,B07HQCCD29,1544963886752
AHQIBAJH3YT4SDYXWVE5OB74FVZA,B0742LVLMJ,1665595895266
AEWVSDAXGSNVJYYGC7TWTTPDXJLQ,B07DNM6GBC,1539166760932
AFH7PJMZFNPLBOVD7LMJBZEK25JA,B0742LVLMJ,1620583564319
AFCTIE2DNUUDAJZVT62YEQYYGS5A,B08PVVTTWW,1652233423163
AH3OFUVMWIP7Z4AE2MUEROLKKKUA,B0742LVLMJ,1645142842858
AGRIJ6KBERJU2RXJMRZ7IFIO7XXQ,B08JZ4SVKN,1626303816697
AETZSKLA5I7IIKCYCL5PUR7VZ5RA,B07DNJ6N8K,1539633065984
AHZ5FDP2J3NRRYY3HAH4Y6IDQR7Q,B09KHN4XWD,1647050126880
AHGPPZJLKMAB3O3LOF3D5DUJJNUQ,B086JBCVB4,1608578885751
AGMXNSIBVYWSVLWHPPVCPJDDCYBQ,B08M3PRYXX,1623379767772
AHADANLUIKD7TWATBPZDD4B7JCUA,B01M7UD21X,1485436057000
AH54UFC6NRFGZC3IZMG7EZZIVP7Q,B07WC2239F,1628365689620
AGSWZWNHKXSAR3LD3XJMDBCCZ5MA,B07GC3X8V7,1539719636105
AFR7FPLWKPRKQ6UMVZJ6ZG7LG5FA,B07MGJZ2MH,1654711658601
AH7POK5N4674MFAUQ45WCPG3GDMQ,B01M7UDAVI,1502844670464
AEB4FYDLKUO5KVAMH24MEI4XGSSQ,B07FQWLCT4,1538750777112
AHBQFNCJ2IAUL2OGVT3MLSSRNMFQ,B07GNWX112,1572354683642
AFFW5SUVVQQ62X5QQ2VF755QYGYA,B08MW8RVK9,1621286124636
AGGMVXY4DZ6TW7XLZLUXTOUYIPBA,B0B3F1NJLQ,1657238968239
AF5RNL6DZEB2QVYW2AHC2UP2MZOA,B0859KKL7Q,1608568962594
AENFERS6IKJPMJWAMPC6GCZVU2FA,B07V5VWTMB,1645851400620
AHIMJYGFEIKYJIV6PA5UBZ3CT4FQ,B091YCDRY1,1642938150019
AFI2MFIDMHH6HSMRTN5V6A67UDWA,B07S63NKNB,1646762230198
AG3L34H6XKI6SNTRLOOLVQF2UH4A,B07QHDPWTR,1560865444034
AH3663T3SBLOCGZAJVIC7BACZOTQ,B07R99144F,1596211600553
AECZVM6CSVF7SUCWGDURX7C5CKZQ,B09DDCNVWM,1645729878888
AFDYJK4GCUKOFYZWZZX5L5YXL7CA,B01M71IUZ7,1569776825564
AEPCVIAOHX5AXZR43QJV5KX5QLGQ,B0742LVLMJ,1681503265924
AEHEQBYNRPHDX7A22G5EIVNYNDCA,B07DNM6GBC,1537319819498
AEOA4ULB3U7NURZQGKTN5B6RJB4A,B0742LVLMJ,1533149690732
AGIGS2KGKTGJFWZANCF3Z2XPZPXA,B08M6CBDPT,1619840116602
AFCDMCX2NRWY3B6SQTREULY7UPHA,B07DNLG9ZR,1649190327849
AHUVQLLDUWYQQYERWKQO74A5ATFQ,B07SPDBR1J,1626651209672
AEDZ3J3QNHMBTP6NAZOLI2R2XW7A,B01M7UDAVI,1561856080892
AHBB4Z7PXU56ODNSHEPB7GKYASGQ,B07DX14G6K,1535477861107
AEK6PCZWRXKFMEOQQ5OM7XMUT5EQ,B07DNKDLYV,1554895119884
AGTWK3O5XNNBZDXZLXZWSJD3GO4A,B07DNLG9ZR,1554938651877
AGF5HHAZ3CVGRWUDBXTPVDFVP33Q,B086JC2D6Z,1660769762920
AGJL6YPSY6ONAC64B2TF432MNBWQ,B08C77PS29,1621054017891
AGJL6YPSY6ONAC64B2TF432MNBWQ,B08M3JP1HV,1621053920135
AHTJ2QR4QZVV4GNJTFKHNGA3BB3A,B08C7HCJGF,1630852190476
AFSZWAQUQFXMLS62L6TOGPUPIU2A,B07WGGH1C1,1571957437938
AG45Q6TPFF4ZVK6UEDQ42FEHWZCA,B08DL7SV1Q,1617045329308
AFXYQ2LC3WC653DN5W5XLGW677KA,B07FT4FMWX,1577472116352
AEI4Z2OHQQ2WOZYT7UYFSS2F724A,B0742LVLMJ,1559840171074
AH6A2QZGMIPG5OCA5P2L6XLOSAGQ,B075NM1M1Y,1572583357502
AFBRTZJG6NPIGXGFIZ5F2BKSWV2A,B07FT4FMWX,1605810865138
AGSEYCBTXUMQ4VCKBY4DNRVIGOCQ,B07NVL6TJG,1601768122609
AEC6JPYVMZ6NMLUO52XSA5TPZIUA,B07DX25YZ1,1532290474414
AEVQJKB7FNOCNGSPXSQCF5XCXSBQ,B07F8Y6BH9,1544323943327
AEENG7GTYLRDSZNFC6UZYW6YIKQA,B07S63NKNB,1593272966456
AGBQLWDQRHD7MVVC63ZG267LJECA,B07NVL6TJG,1605889773148
AHM3RQYUN6UYBZ2WSZWTJMM4PK3A,B07Z9HNLT2,1599092102923
AGLWPJWS2YUXCP7URX36IJM7NPIA,B0742LVLMJ,1534814662815
AG2PRIVSDCQUZDC6F243RLAMGUIQ,B07DNKDLYV,1580406722846
AEEHEQTPQYKPJEVCXSPGDTT47XNA,B07FT4FMWX,1558830941741
AEWKTSMC7OJVUM2MMSYBIVQ3NDOA,B07MGJZ2MH,1566593289385
AFEDWJJYSROF7P5PSNCY5NQ3GUJA,B095WFPM47,1645023067380
AFTNDFIQFLI52E6NICBWHW2G6W6Q,B07S63NKNB,1590807986412
AF7V2BMQW2D4P5MP2HFUVB5HQ73A,B075NM1M1Y,1552589084892
AHLDWNI5JP4L4JVQQSOHYG6TOBLQ,B08W5CTKKX,1626546520098
AGKXQVLVLNFAXE47VI3WIALYQ3IQ,B07XGDM47D,1614537724503
AERTQTBUEZCTG7ULGYXAZVBAZCRQ,B08DDJ1QRS,1606009762186
AEWCFCNYWCKEI23PUIFGDGGRVE2Q,B07DVM8MM5,1576528678519
AGRD5UNT6WNS75CA3PEVVKCXQX5A,B07SPDBR1J,1627167973005
AEXPVVPYHB7FKQXBQOOCXMJYHBUQ,B07MSB1YJQ,1557969476771
AEXPVVPYHB7FKQXBQOOCXMJYHBUQ,B07DNLG9ZR,1554855412788
AHCZ3WPK6SPXZJTYBCCWSB7J23ZQ,B01M7UDAVI,1523987674526
AGNCF5WB4JLI7YVVNENEF3P7MQ7A,B07KPG7RFQ,1551033904605
AE4WOGCY7TMY6YZ6DQPAUDWWXHMA,B01M7UDAVI,1597270125107
AFWEUNQE5YJ54OE2ORRQE32BREOQ,B01M71IUZ7,1496191360000
AEJ6HTGQOXDJ3S2I3WY342JYABPA,B0BM23TXKZ,1678486204689
AFDC4K6R5PTLXHF32PPXOALJTGCQ,B09DD9B9YB,1642000259717
AEV4JG73JJY76ABMBGOFB4EWO4CA,B07GC3X8V7,1573998664474
AEM4GUPLNEEB4PES2Y56LASK4DZA,B08DDK1TP5,1610741245501
AE2TGH3HF5KHNLJPHT3KXJNQ37NA,B07V5VWTMB,1577321116307
AEWEJMMQFFZD2MIZEVOMEV7EUQGQ,B01M7UD21X,1541465422379
AHIYGM4QI6LD2F6BN4VSTDWPSUVA,B01M7UD21X,1495579544000
AEZBIFDYGRHTYQJJERY5LL2NRIWA,B01M7UDAVI,1551885950310
AFGZK2FPTBFOYSS6RRHKD7RNNSCQ,B01M7UD21X,1505248032515
AFDW2AVG7FDIM2WHT7J35CBNAXNQ,B01M71IUZ7,1522112313963
AGNS4MWFQ5QL2BUPD6RKWSB3UDXA,B07R499K42,1614207738867
AHBGBSIWDBVDA5AMGXXIBWVPJNCA,B07WFHJDB7,1627510784811
AEFVTSIWEZ3CJNTGE44WDEBZLCCA,B0742LVLMJ,1601199415671
AFFF72U2YMVQRLLK5ZORXRQA2Z2Q,B07X5SVBJW,1608333949036
AHPPR2BVT55XI7VPQP5357WCEEPA,B01M7UDAVI,1528291097116
AH25S5WDOBQ5WEKIDQAIJ3ZQ7QLA,B0742LVLMJ,1622164996403
AGNRECIQ6YX3VPFHHHRBE7SEXDNQ,B07H3QNJ1Q,1597504081608
AFBYSAVRRDQLF4AEW3J3QQZJ5EWQ,B07NVL6TJG,1576593306839
AGAFLLH6CHW52NVWSMRXGGBDVCMA,B07R7236PV,1557496001988
AFFPDESEB4NQYI7IUUXPYFLHA76A,B07MGJZ2MH,1609699789976
AG7B4XRL2G7H5YPHM6C2FWYJG4PQ,B07DNLG9ZR,1535664241028
AEGUPT3ZGATBI3JOHEG2T557X45Q,B01M71IUZ7,1522175459795
AFJK6E4ZJNTA6PJANUDR56CVHIUQ,B07GNX28KS,1547647097754
AE3TXJ73XALW3P4BZLA3GQR5VC5A,B084KPMB89,1614100781793
AERFYTJHX7XHOH6KE4LD2COIGKGQ,B075NM1M1Y,1567107873026
AFGXNHOLB2U37B6V7JDJWDHHS2KA,B01M7UD21X,1508234216517
AEAPMNWJVNME3H3BDTTTCGISV2YQ,B07GC48H1H,1593449901014
AFWN3T3WZAKVDM2WIZTA7LN3QNMQ,B07DNJ6N8K,1559065025261
AGXV7ROIQRVEP3TMCCJVAV7Z2ESA,B09R3WJT82,1659563298994
AHV7D52XGJCCEV6UW4JIPYXTONGQ,B01M71IUZ7,1488828843000
AFO6X5NNVNXZ6YXXQPIKGSMRW4IQ,B07DNMN7X6,1540387477375
AGS3KOYTEVKXOITHDNG2AZHMWCQA,B07DNLG9ZR,1533239442590
AGBFCRPNQGKL5OWHRRGJ3XGRJ26Q,B07X2J2QV3,1616019753851
AFRAYYOGKVOG5B2SGEOLZTPLCSXQ,B01M7UD21X,1519220489176
AH3XAGQ4U5TPHEK65J2FZTNH2MUQ,B091Y55Z1H,1660347929725
AGTT4YFEFCHMLMKPPG6TQT7TZRIQ,B07DNM6GBC,1554744351293
AF5PFUGXQSCIIV6KFD5TWJ25L6PQ,B084KPMB89,1616544620042
AFZVRJ2XSJLOX3OXSA3JVBRH3RGQ,B01M7UD21X,1510353220311
AEGF4GTAQZ7X5DXOD4PMVS7L4MBA,B08WGBJKW7,1639952560912
AEGF4GTAQZ7X5DXOD4PMVS7L4MBA,B08WGBJKW7,1639952560912
AELOY3GXR45RLJWLWCL6E3PK6JYA,B08W5CTKKX,1626107356339
AF62ZRNQEBTUDNEZCABX5OT6GPAA,B0742LVLMJ,1628806187389
AFQJCWNOLTNQT3YKFPUTGBUSELRA,B01M71IUZ7,1503628117333
AEU7E4L3PB4IBPMML7FZMW3FR5AQ,B01M7UDAVI,1496760513000
AG2KQ3KBD5SGMLCMLULLLTQOHZSA,B01M7UDAVI,1523983167247
AEWYSNYQXDEHK2KD3RIQI35GLQDQ,B01M7UDAVI,1507828981284
AHERF62XYB7CU27NMI6FJY7FEEDQ,B01M7UDAVI,1510781560666
AHXZ6UKKKANDKZJ24DPFJPJETQOA,B07GNX2VPX,1552070906724
AF5ZRBHTYI6NV5MFKMJK63VIPWHA,B088YB3PRB,1595160120623
AED7MRCMMGGIBRJRUITY4AXKIF6A,B094VP5FNV,1625431381801
AG3LHAJYGL6KSYNSJL43EJ6CJF3Q,B08R939TKC,1624130173480
AF3N7HFXT3FNIT6HYI6IOQZHEGTQ,B09XF4T5T9,1681319078581
AGQHK22ZAQIPLBG2FNELDHEWRB5A,B01M71IUZ7,1485341878000
AF4POWU4PTEPTDUFJ2K2ZP6NEUXA,B07DNM6GBC,1535935963117
AHTFC2KJ7ROTMQOTTX2C35IAN5GA,B07DNM6GBC,1594773485420
AG4N7N7DHATTOE4WVFWL25TWX44A,B07QHDPWTR,1569520252423
AGVUVD7CT4CVM5ZKACKGFVNMV4SQ,B01M7UDAVI,1502840941762
AHAQHNAFOTHAA3GX7UCWCSQ3JFUA,B088YB3PRB,1621397263861
AEITV2DTVLKWJHSDU4BCR65MR6OA,B07GNX34XV,1541004402226
AF4ZFWAHBHTTTXRJH7ORTZTVYF7A,B08682LT57,1654730192898
AF2NFAOAEB5OZHFM2XB7BGM6WMKA,B01M7UDAVI,1500590101116
AF4F5LXH3WIDG34QUXQKCBX35O3Q,B0742LVLMJ,1534352466751
AHDAA2CSF3HXTQZZ3LPSI5L7NNWA,B07T315X4F,1595381370503
AHWQUBH352U44JGQGUCTRVTIIIDQ,B07GNWWTRV,1541440225374
AF6PKPJOJ5Z3IWVXEDWPNVGE4M3Q,B07DNLPCB9,1589359374513
AFCNIKKEIPXFPU7SLF7HB3NFLFFQ,B08D9SNKK1,1618211737402
AGSEQ7UEZM3STJ56GOLJJJ7O2GMQ,B0742LVLMJ,1559703092393
AE3KPK56WJXUM5GLLGUTIZRX76QQ,B095WFPM47,1624651742949
AGMWRBCLNSZ4LOKI3VLM5QKSQD7A,B0742LVLMJ,1600709058140
AFRDHIUFABOJUDAFVK6YQWKUGHMQ,B095WFPM47,1625948807356
AFQS4PBCHABDJLRF4UZMV6BN4WUQ,B07DNMN7X6,1537301390432
AHIML4TPETI37V7UYGUQMBT4BKHA,B07KG5RPCF,1580882368250
AFOXXN7S5XK7GPQLJ3VM52AAT26Q,B08GDKDMDT,1604048555148
AHNSCVVM3LWXBF7DCSQEEC2Y4XIQ,B0933CF1DM,1659392173774
AGV66L4CY7JBD62OC6KPVHAA6IQQ,B08W5CTKKX,1658288605402
AEQOIGQWNBAQIBN4ZBCDWY7EMEGQ,B095WFPM47,1625251730282
AHOASMDIWSHMRFYASDVZXLYQWGCQ,B095WFPM47,1652018569017
AFVAJAY6LBAP2C2CVGM7EI7NIMZA,B01M7UDAVI,1493856452000
AFU3ULQ3UJPNWJ43ZTIQ7IYRVB7A,B08MV63QGQ,1623402738812
AG2LX6PH2YN4XDIZT2NKYNV5PLXA,B07DNLPCB9,1533210080843
AGZXTZZH5EANWXOZKST24DPQPZUQ,B0742LVLMJ,1607624957247
AGYGRNYBZMTR7R2I5I3ZWNYIVTSQ,B07DNM6GBC,1643954192631
AGFYTK4MC27DHZFG7AG5CQOLCA3Q,B07VGNQD8K,1606342874879
AESHSR3IWDBSYXBRAVCT5IUANL7A,B01M7UD21X,1572291340692
AH6I6WATZXFDGUYVM6GPXLCFFYKQ,B07V5VWTMB,1607762636790
AEQYLONS5JGJ62Q6BGNWJDRWH4VA,B08GF6HCM5,1627947148362
AE3HMCZIEGIELFSJBIADOGJBWT3A,B07DNLG9ZR,1597157369767
AFYM6GYRZSXXADDH35QCSEML7YNQ,B07VGNQD8K,1657393329804
AHNDC6TMVZJS4EWMYZLCVIXUUTBA,B07MGJZ2MH,1615193322513
AGQKJYR3W5W22WRTDD6IP6R5SCPA,B07DNLG9ZR,1532884207623
AEQEMAMXMKLXQMIDYOEFBXBVCG4A,B095WFPM47,1624477328171
AEMSGEAIFBZNIR7ZV56H73NOPHLA,B01M7UD21X,1485371763000
AGPQEWE7FNI4B4SSIZ7M4TLZG7VQ,B07HFKL5DZ,1594419805740
AFLB5U2PNXGVEMPN7YO5UO4VZMFA,B085YCC8P7,1623171110218
AHS3ACPTGGK2S47YXLCJRCAXZBVQ,B07DNKDLYV,1545025384160
AEHMOBD2466JGEBNVVJIWLL4LAUQ,B07R99144F,1595705309601
AGQX7AQK7JJ4TWXX5N47R4XZAMOA,B0742LVLMJ,1567187975724
AH7XTEFROLQPCZTASE6PAQVTF6FQ,B07NVL6TJG,1622686468242
AF32S3OUISEEI2V2ZD5VWH5V4F6A,B07SQBG2VG,1592779736709
AHQFYZMF6ZT4JBZFYPU6DHH5VHSA,B07NL8P5Q6,1589395603519
AHV7RP7PI56KUS5JRL4LO457MOTQ,B07H3QNJ1Q,1577672583965
AHV7RP7PI56KUS5JRL4LO457MOTQ,B07H3QNJ1Q,1577672583965
AHUQPY7YADYDHTYMET6NRTGU6YYA,B07Y23PKWC,1595040879108
AGYRWHVU3LZ5ZSRWKWEL22NKGNQA,B08MWPG77B,1619777209767
AE3TNHRFY45HN7533QNJBUI3TJQA,B07DNM6GBC,1612306982353
AE5PFDGBMGKG43JPMQYW5VA67WIA,B09R2PCK8N,1668575026943
AFKDYNK6X2TUKY2G6A75R7BQKYHA,B01M71IUZ7,1488726803000
AGSP2FN6UNJSLYVAKPZCDOHZZGXA,B095WFPM47,1628016989052
AFN3LVOGQAO3QCHJKOXYRZIPERWQ,B08L3SSNL5,1627299831488
AHYJ6STHA6HBHKD2EAR336DG5D3Q,B07NVGQ2L3,1571858291137
AGCJGNI6UFXRUJ6PDUM2PLDBCDJQ,B07HFL1GS3,1550946035237
AHDL2ZUULZY6WCZ7VGM2N7BKQNPQ,B07VYTBJKP,1579008397095
AFEVOQAHBT4OH7QZLXTBVHDSRJ4A,B01M7UD21X,1497655933914
AEIVJ4UXRG6H4C6NWRAUMEDWPRCA,B08C7HCJGF,1620733096204
AHW3NYPRFXTVFZAEHADYYQHY5I2A,B07XGNHYC2,1607811034430
AGY2MYW7C5ICJXN4QXU7PX5FW5UQ,B07DNJ6N8K,1543190073869
AF4I76AKXOGEJBFPG7HVTOP7BBIQ,B07NBPQL3C,1635372525119
AELGM3SXZSTZ6KCCZ5ZSOQQUEQRA,B07DNLG9ZR,1557774464851
AE7S5RSJ4SVUF65GJDZRSHT4R6OQ,B07GNX28KS,1562616033202
AEZFLMSUDPI5R6QWWHVIL27BKA7A,B09BDCRQ6Y,1648571527977
AHJH3HWEQT6N4DV3TG7IKJ7XLCUA,B08J5G99FK,1621994037871
AHJH3HWEQT6N4DV3TG7IKJ7XLCUA,B07GC3X8V7,1598197162730
AG656B6LQOZ5P7OWJIS2ZZB4Y55Q,B07WFHJDB7,1648431287638
AETV22QGEQNN4AJPBZ6QBYUXSI4A,B07VGNQD8K,1654948661209
AHQWERWB4ZNBRITPYKCRPQW7EYRQ,B07WGGH1C1,1603608070612
AGY6L2UKVS56TJ6K7ZH3R5PD7B7Q,B07DNML26P,1561684104931
AEQOIAWLIVGTRA24ZVIHBSIX5GTA,B01M7UDAVI,1500668346233
AGAJHRJ4AEBBJJ7COBQYVHR6KTXA,B0742LVLMJ,1516650444005
AGTR6SMXVFKL3LG4QW4Z5PM7YFFA,B075NM1M1Y,1615828549956
AG7ACJZUARZJXBHKEXGXDYAUQCJQ,B07VGNQD8K,1604342720331
AFH5I2FJJVNR6YZHBYSODPUISQCQ,B07KCLWKR3,1556862639380
AHJ5MATUG2TFGFEQTNIJ4M2JBUOQ,B07SDGKP88,1580145833275
AF4GIRU4EGDO3ORQHEATRPHYT4KQ,B01M71IUZ7,1534913795042
AHZD5SVKGBEHYSZQF73WHWZ2P6SA,B0848FDZ7Z,1596766944271
AEIZ3VXP7BP5CTZ73OX62R6MNT2A,B07DNKDLYV,1533323613633
AEJSFVJ7MVZTKWPGUOIW4WUPQWMA,B07DNKDLYV,1534828805101
AFMZGGMYNPVNVN5GKBRC65RY4GTA,B075NM1M1Y,1539282339172
AFL7AUERJ3KVC56UBRGM3OIWHVQA,B07VGNQD8K,1620607965938
AGB735KSK4J6KSEISYJGYDLSWSEQ,B07S63NKNB,1574168307443
AGZTRYI3CXGGEY36ZXNZSLHEMSWA,B07MGJZ2MH,1655818365560
AH3OFYSYY74O2RL74B7PNTS3LSMA,B095WFPM47,1634518112354
AGGLPFWS3SRR4NUKYFNMEGZ6BI4Q,B07DNM6GBC,1544485790294
AEHQYKKGGRLKGTIPVTKYYLLZJ45A,B07KRGB574,1558707560321
AGM2AFXQOXP22LQZSLQG7O7W3JHA,B09XF4T5T9,1670992482106
AH5ONF57ZY3KSQIMRFKNNK36OOPA,B07TWRWCRT,1591721403258
AHNDFSDQF3F7WTQT6SHU3SR7OP5Q,B0742LVLMJ,1561600553491
AEC3KLVQAPRG5O75MIV6P4SXJA6A,B08DDJ1QRS,1615728029412
AFHQ2QHYOGNPXH3ETIY2BBO7Z2CA,B07MGJZ2MH,1580354423326
AHT4L26IHKA25JCJDF55N4IEGJ3A,B07L9GPFQJ,1577510158655
AFOK54CTMMBYVWAHMRE6SNEJEUCQ,B08WG66WYD,1640375370260
AFOK54CTMMBYVWAHMRE6SNEJEUCQ,B07DNML26P,1640375164677
AHSJ6EDD4S2S2VCMVVITT2OA36WA,B07DNJ6N8K,1544150001964
AEEICLHPWZQXPGXZQP4WVBKMABZA,B07GNX2VPX,1541334578739
AGZYBYZIQWI4DMRLZSEANIF67THQ,B075NM1M1Y,1542825311528
AG422RDOC6W64FU7GIYRQATJZ7JA,B01M7UDAVI,1494437326000
AHPQXSKJLPJR65OHFZM7AJH6A2LQ,B09R3LBZXC,1670109459075
AG3PAUNJ4HKL3GW7IHJPRJFO6Z4A,B07GNWX112,1547666843511
AEKGOVDQIPTH3JLHJWH7SC34MSHA,B07MZFYSHZ,1556586381798
AEDG5YC7Y2CQ67SCJOQHY4KYBCYA,B07DNKDLYV,1536869582659
AGIERLSC456XDYRWGCCLJOELNEYQ,B07SPDBR1J,1577417164191
AGILBV3GR6EP6ESIRZ5XLGA5NBZA,B0848JNY8K,1640963403977
AGILBV3GR6EP6ESIRZ5XLGA5NBZA,B082VJXRBP,1616800835889
AFVVKZ7LLWI3KL5JSHGZENREDTTQ,B083SS7B35,1589722901131
AFO35BXSIUFFKRPUBRFJYQVEX6CA,B07DNM6GBC,1543958421206
AF5WHVLY67BRHCDKGCBPF3KIKBSQ,B07NVL6TJG,1590512084280
AG4777OGCA7GSDIGII55ZDT3EUMQ,B0B6CPL52Y,1678544439024
AE2XVZACR5PG2XEOAEJI46DJPPBA,B07YF1TGM2,1577327461430
AECL2U4FB3WDIZCLVVLLBB7S2AKA,B07DNM6GBC,1559185916528
AFZ7BOKVLLLBQ77V3G2RGAXV5JGQ,B07GNX28KS,1557347699877
AHSQHS5WSHDK5EJ2GQGDFPTTFW6Q,B07SDGKP88,1614231280245
AGIOEZ6Z26K5NG2M5GOH3AGI7K5A,B07H3S5Y9V,1592495506691
AGCQWBP43ZQ3MYBHWHBYDGRGWVHA,B07X3Y7S2W,1597965516505
AG2ODBPQ4OOND2IXVJNLEB6BPLEA,B09LVZ3T6C,1678391159559
AEAPWMDW436OSSHBZJ4MIM5LSYDA,B07NVL6TJG,1674812645456
AF6WFZXSEXDY76WOPXJKYKGZMW3A,B08D6WQ1Z7,1601953092181
AGJP256A446P6HFY26UCGBNSJUMQ,B07VGNQD8K,1592408745703
AEPPK55FO3QHSMO45ZYGMRY47LDQ,B07DNLPCB9,1535564592866
AFZ4H4HU2SMV33JHOR5HXGSDPPNA,B089NZ5LGV,1600264202782
AH4ZKNEHMOOSZZ33GKV7OYH4A4XQ,B01M7UD21X,1523279663866
AH5VX7FDAAO33RMINM7T33K3M6ZQ,B087YPRGKB,1612099094924
AEDAXXWQG2NVGWCJ7FLXSNWUSS7Q,B0742LVLMJ,1614873881511
AG26DQBXRVHKDX3ZY2WADXE7ZZEQ,B09SM6QNX7,1656930816230
AHE3KMP46DESQCZMGPX2ZIG3XTCA,B07QB7BMJ9,1564452236579
AF4YI27W7FGASADR76IFMYBD26XQ,B0876CYNG1,1614781025456
AFU6QG7YJMH42HU7K7XVWZ467ESQ,B07DNKDLYV,1534822832096
AEURV3LCCEXYWFHZFSKIDGG2WMMA,B0933CLYYV,1634269487059
AEMJFWQP3MYCM77C3IALXIT7PVAA,B091YNST7M,1635912580558
AHPKKLXVQGESJLWCIGT4OP5QD4XQ,B07PRK81VF,1615696391753
AGB6XZGGF2KLQM6T6X2HUE34RAJA,B07SPDBR1J,1568338055836
AFL2SYLM6B6DIBEPESA6DGYP2C6Q,B07GC3X8V7,1553448988965
AE3TOLLPFAWTXLECXF3DAEP6WFOA,B07FT4FMWX,1561208723890
AEXDNKGAYU7WCZM4EXU3ROLGCKWA,B01M7UD21X,1555540163514
AHH4WTNMTPBSE6BOLVNSG4AVYEJA,B07DVNJ5LP,1598555711856
AHZY7IZ7A55WTES6DTMDCLRGNDTA,B07DNM6GBC,1623181311008
AEPATJ22CF3IDDHKR6VUU5D2TNNQ,B07MGJZ2MH,1595631203716
AEO3XWOX5RFBFKBQNC463XVHEKHQ,B0742LVLMJ,1575673913780
AH7IGZNUNHRSCD5LXJHT4LO3RCCA,B0742LVLMJ,1565498224239
AE7FS3O4USHA7J74RGXWUJZJJP2Q,B092587ST1,1657350109572
AHFYENHLSDTI2UBPIBWOBCMBMACQ,B07WGGH1C1,1577385370595
AH4TEZP5LA3CJFPDDCUYGWQ374PA,B07DNML26P,1533074599894
AGQAAQERI7M53BVKYLNUB2YOB3XQ,B07TWRWCRT,1679178634824
AFDPZ3J7EROE6DDMFSBQX74MO4OQ,B07NVL6TJG,1561770567130
AGZ3BQJW53MAPSDD324LPT5Q35HQ,B07SYP2176,1591976267260
AHSU32MPL7M62LD3CMTADDS5B7PA,B08682LT57,1613374553043
AENZG32PQXZBWZONOLZ5ZQBNNT7Q,B07DVM8MM5,1576635292085
AGSNN7JGWUUWPCPMPRBE63RMVY3A,B087YPRGKB,1673714182419
AFX6PSWR2AZ5PZHF3MZXIE4LVL6A,B07H3QNJ1Q,1550760672546
AHEWW5TLHI5JAPN5VY7E6HEB4S2A,B07NVL6TJG,1587340065358
AF6MTDHEL77YJYIYB2AH44AAAROA,B07N6MXJT7,1557426442896
AFXYUDOXBWRKW6QRDCTDXZ4UPB4A,B07DNM6GBC,1640544141837
AHTXMKG3D7FNJ3PUOQHI7BVPQT2Q,B07H3QNJ1Q,1550475502578
AEEOE6W4J2DVKGKB62XWDGMMO6JA,B07QD9WBGB,1630035842136
AED5WXMOS2CFZHG5H7XSWJETOUAQ,B07SQBG2VG,1648379229004
AED5WXMOS2CFZHG5H7XSWJETOUAQ,B082VG9CNM,1643618125229
AF7SOFRYFD3J7GYO7QEEQX32W2IA,B07DNML26P,1539038027648
AERD5EKV56D7FVEWDJISHF7NO6AQ,B08DDLB9S5,1605124614709
AF5AMGMVVDJQDGRBDLERPOHK5E2A,B07NVL6TJG,1596500643852
AHA4WYZUU5SU4EV4HGNRUTVBZVDQ,B01M71IUZ7,1519246829631
AFCYHJDZGSODNHA2PMWVXNC7YMFQ,B0742LVLMJ,1565812124448
AEKAMD6R72KLFU7JXXPPRZDM5JQQ,B08N6Y69K9,1631747798346
AH7G4J7JGMWY7GCHVCUDFMSSGBMA,B0933FHCTP,1626197548727
AHHE6Z55HKF5IAL2UZDU2UVVDZVQ,B07SPDBR1J,1568204114121
AHPAIOOK4JM4HTFYBUA4DWFS6DJQ,B0742LVLMJ,1632072098865
AGNDZDHEFVBKJFFORAVCYSDXQ2CQ,B08DDJNJ9D,1605266743633
AEEWEVGRKBVQ7N4EBTX4A4PH2DRQ,B088VP76ZX,1610548614545
AFMFIVGXYCHS4CVBBYO2RRY7LEJA,B07M65D8PC,1597959536559
AGL2MC24YRH7VEU46IWM2ZRGYYUQ,B07DNML26P,1535916614116
AFXMJM3RP4LG2EKXSCQJEDQJXDBQ,B08D12MRCT,1598628393798
AENLTTTIQ75VXJGV2JRW2DHTMU3A,B0742LVLMJ,1510772121796
AFQVYW5RARHJ5SXJOJP6Q6ZUVL2Q,B07TWRWCRT,1574614673606
AECVU2AIH2OLMDTEVI3V2GH3Y2OA,B07DVXFP2N,1602365526437
AFCG5QFGEE2E7SKBCCK2BBKD5SQQ,B07DVNJ5LP,1588786417847
AERDFAS576KHMLAE7L555YREBG7A,B0742LVLMJ,1511733574143
AEYGLAJA6QBQ67UX4ZLMCPYGF5WQ,B07F8Y6BH9,1613310756028
AGOSQYUBBMMSSALWGLOZH7G377ZA,B07DNLPCB9,1543787620478
AFRFW5VXSD4F4E4CPJZXBWJEOT6A,B07NVL6TJG,1577118714486
AH4ZKNWMFO27KV77SV72LXGTJ6GQ,B07DNM6GBC,1536855441795
AHFGA3USYTCO4ROQFZP2DPSSGDRQ,B08PVWQ47N,1631551644414
AHA2T6HLFI7DXQYACDIY4GMVOQOQ,B07XTL41D6,1625681922136
AHDHBRJIAZRHRIQ3DDJYLK66ZHDA,B07GNX34XV,1552761420668
AEPKHOKAVW6LH4AIBCL7PPIPWJCA,B01M7UDAVI,1494552635000
AGDQIOXFII2R4ECD5KJDVAYGO2YQ,B07QYNFHVH,1577903774046
AE6ZLVOTBCWCUFAGPVZO2RXLCTYQ,B08GS38B42,1681409126639
AE6ZLVOTBCWCUFAGPVZO2RXLCTYQ,B0742LVLMJ,1681348866813
AE3RCIUMDPOO5SBDHRD6BPKDTT4Q,B09NQD5TH9,1659028376089
AFMPTYSNPUN2G7CA6N532MQB4UXQ,B07VGNQD8K,1664298768038
AHAHUDNGSOCHNJW5KAGWVBLGCY7A,B07DVM8MM5,1579032039189
AGEKSTWGRRUVR5PDOAEPWHFFRPHA,B01M7UDAVI,1574107201349
AGYYDSVLDVXYSWOXCNOPFPRZCRDQ,B01M7UDAVI,1546367953164
AGMLY4EWXTIFXUCN6SRU6BSB3STQ,B07X5SVBJW,1627517779712
AEEMADZPNBWU2ZGZILQF34ABPNPA,B07KZJ9GKY,1551064948969
AHWFZD6ESXZUKNZKWAPGTKGNZHZA,B09M7DQGG1,1651635016585
AHNJN7765YBIQJBURKOEH5FSZNRQ,B07GNWWTRV,1541100392488
AHAHHTEBP55AHIDPNS2VVSLRA3QQ,B07QYVCWHD,1671490923897
AHAHHTEBP55AHIDPNS2VVSLRA3QQ,B07T733WLJ,1621637943195
AEFMGJINUSAPQVG6KEFDJUPWU2EA,B01M71IUZ7,1493915302000
AH3YNTPW2LFU3HSSHHKYUNRH3IQQ,B09R3L7WXL,1662610588269
AH3YNTPW2LFU3HSSHHKYUNRH3IQQ,B08WG66WYD,1642093985716
AH3YNTPW2LFU3HSSHHKYUNRH3IQQ,B07DNML26P,1631731280307
AHWA7RJKEVPIIW3QIS2U6PNWUZ3A,B096MS17VY,1648269142282
AEUPVR6UUBONROFKLDD7XA5NWPWA,B0742LVLMJ,1597864305442
AE66EK3HVIZVCEHYVYSOIJOWGRNA,B07L3W2MDL,1618176935794
AFCUTDIUYQADV6WPUJ6ZDHGE454Q,B07H3QNJ1Q,1597945179973
AHPKT72FESULXGCS6SC52XOU623A,B0742LVLMJ,1591302218040
AHMA5NNRVERY66PB2QM55NPHBWMA,B08D6X2RD4,1671639274093
AEND7WUGCJL3A5J2RMACTGFBZKMA,B08MWQ6FV3,1610127717277
AH26267RWRSSDEQIC2XYXFHEIHPA,B07XKF8CB3,1599863271330
AH536VD2BDUS7W5WOVZSGXRHRE7A,B01M7UDAVI,1506910610689
AF365USMOTNMJH2S75GV7YOSABVQ,B07VGNQD8K,1612236967826
AGSYTJW4MMGIZEKXOZCC2NPSNDSA,B01M7UDAVI,1496082797000
AFOHAWZT7JRYCR4OGDLVF77HNP6A,B07VGNQD8K,1598742985947
AGFCJHQFL4M3JLDUDQ2N34DMQ4OQ,B01M71IUZ7,1505071856008
AE5EG3TCWNWV3OLBMXBUGCIPKOPQ,B07VGNQD8K,1597115034363
AFIN3VZUOMSOYUM5JEWRES6AT35Q,B07DX3D8W3,1532212112722
AE4PPUX5WFGZOLQ465K7ZYH4IOQA,B08KWB734B,1636918949503
AFZMFKGGOTG4GKN6TFIRK6P64M6Q,B08KWK6N6H,1628356075254
AFZMFKGGOTG4GKN6TFIRK6P64M6Q,B086JBCVB4,1627562820836
AGYUF6BTHSGZVW2HE2JJ6USD7PSA,B0B4BFRLCF,1669315379883
AEEI5NEKDRKPSSYBT5PIEGZMBLCQ,B07DNML26P,1554658462448
AEEI5NEKDRKPSSYBT5PIEGZMBLCQ,B07DNML26P,1554658462448
AGRI3ULAFHZJ53MJ3T5A5QLE4PKA,B07GC3X8V7,1563494740279
AGDSQTCBWB76RZZOOC3CF7QEMNDA,B09J5HX8LH,1650884762550
AGDSQTCBWB76RZZOOC3CF7QEMNDA,B09HRQML8T,1646050928642
AEW4EVHPSWCX4KYTLEM5AVUHDIFQ,B086JBCVB4,1616343084132
AHDZKEPS7XQYFYUX55BULSWOPK4A,B081TBW1FB,1636946085393
AGGVIYIMNNBKOCP4LU5MWULP3EGA,B08H5MHM3N,1678163090086
AEA7DVQJGFBIFMDKGBPCZX6XTFNA,B08KWJ223H,1607383216788
AEIAVFYNDUEDYOGMR2K5XUYVNARA,B09NQBMSFB,1657330100347
AHUPJ7XGKDCBHXQRPPOTCMFS5LRA,B09NC55YJG,1640233767373
AFO6FBORHJJW36MSXYERDGBNCWWQ,B07F8Y6BH9,1624208844741
AFWL6ERHQRGGZ7XJX2HJVQULSOTQ,B0742LVLMJ,1576248092785
AG6WR7GLUBAVIZ7EU5RXAVGOPQCQ,B07XGNHYC2,1620928969582
AHMQEXIQJD4OEEZXEKCSLNRYKDLA,B07VGNQD8K,1573343781293
AFGEB2WYY3HYMP7NYOQ4WCJIOMBQ,B07MGJZ2MH,1579239007571
AH552STTQOLHEBL7446XLB4RGRPA,B0742LVLMJ,1620167591229
AH2X77FXB4ER4SFASKPRSFVA3XUA,B07H3S5Y9V,1620097475956
AFFGRGNHY42QTSDYOLKKLZR7TVHA,B0933FHCTP,1623527871264
AGY43MJNQVXKP3CIIKTYZHPNZ7EA,B0933FHCTP,1633025418943
AG7VUUL4VHO2QT2VZ2L5W3VLZL4A,B08GDYSVNN,1605554982450
AFQZ27EKJYP4ZVD2ILNQEX6BLWBQ,B07XDRFK3B,1577938972351
AGDAU3CNMIJVA555B2ELXUVGNJTA,B09Z1G544H,1657231979603
AFG5IZ4IJJFIV4IOEYKSKGSR54JQ,B07F8Y6BH9,1596047044641
AEOQK5R2VIF372OSXLIWC6GQMVVA,B07R5VH7XT,1634919994067
AG4OQK3N2IXFV5BHVE4XON42IAZA,B0742LVLMJ,1534993212152
AGOBKTBCMSMD2I34DB2KXHCTOSLQ,B01M7UDAVI,1497805882027
AHBMV7LJSG4VBY5SHN53JPY5PVQQ,B01M7UD21X,1498498109623
AGBXIWAOUXLEBPMAPHJXBFJG24TA,B084ZT9NDT,1650216549154
AEQHZQYSPUQVUNGJPCDSU4QMO4EA,B07NVL6TJG,1558767856341
AHPG4B55PZOHYRWQXYTSS44I2E4Q,B07NVL6TJG,1562193087213
AFX5XCQPRH4ZJOPCQH4SWPLPPCJQ,B08MV4NRSW,1654069139769
AHXOVQA73PLJXQDAMX2DG4K7L36A,B01M71IUZ7,1553104817271
AEU2IA5WKWQB2W44WXHJPZSTV67Q,B08D9R31JV,1621177777535
AFI6VB6PQFQ4Z7URK6QEKZJGCZJQ,B07GNX28KS,1563396014786
AGR7BT7TSPV7WPC3OWOZXOAJQRMQ,B0742LVLMJ,1593811682458
AGR63BOZ6JDZRDRSIGSYMF5YK3NA,B07V5VWTMB,1611017665645
AEAH7TFAMZYPUU3J77U53PY2VNZQ,B07DNML26P,1659884804467
AFCORAXGAJ4XTI7TPZQJKD4RGZQQ,B07GNWWTRV,1545716591666
AFGRUBBYKLPXGZJKO7VXJT4OW3EA,B08W59XCLW,1627684484670
AFH7HSATA2DMZBGOIDAPB4QYD2XA,B01M71IUZ7,1511993067617
AHRAIEWWSLY5FD7GRYBGYRDJCHHQ,B07QF978WX,1640992777777
AHZ4CRTNNETNXEMRGDEK2J6X4DLA,B01M71IUZ7,1529724396254
AFZWGWHDGT7F6PF243BPE3G4DR6A,B07NVL6TJG,1598666871821
AGLQMHJ36AM2QCXU7DJRCCMEVFFQ,B07SQBKMPT,1596842311527
AE6J5W2RF6EDHJWCJCTL764IXOPQ,B0742LVLMJ,1516669657930
AFZULO4O3NMR6D2N4B72UGEZLZRA,B08DDJ1QRS,1609464103275
AHEBKIURDE66D5ZBKVZAG6DLM5CQ,B01M71IUZ7,1529286776290
AGYL5VUBAFDEN5LRHBDMCHQNN3AQ,B07TWRWCRT,1615856115983
AE6H7MJQYYV55G6ZXUTDUTLMUSVQ,B07GC3X8V7,1547987135788
AFHDHGD5YDHDAQJRKVUI4YZ65N3A,B07NVL6TJG,1593967215618
AEQ5EMO6S7AHMLBB4A3M73FTDVGQ,B07NVL6TJG,1596566201807
AEIYVE5IEEC6MM2OS24JDYJFCE2A,B07NVL6TJG,1601679453477
AFZ4VVI2MJPS2HZS7AFEPAEFVL3Q,B07NVL6TJG,1593839345471
AEWGMRSIPDEMGPDDESKY3OZJWXIQ,B07NVL6TJG,1598969268293
AGHV2WI36VDKNIZLK53AFDMFUCPQ,B07NVL6TJG,1564933224382
AF3SFVDXVFNNNTTGYIDTYXCN37ZA,B07NVL6TJG,1570304886003
AEZJ2XGNVWGA3VTMBTUCOCYST2KQ,B07NVL6TJG,1654092433389
AHHANF5MGTNBJGJHYN3PSN6WHIMQ,B07NVL6TJG,1661983699326
AHVVMFOME367QQOEVYFBQYP7GZAQ,B07NVL6TJG,1557959375265
AELT64DXPGJYCGFKJCE6AP6MDZ4Q,B07NVL6TJG,1656437748392
AF6WK57ZAZKS3J7KWFQCSC3HKCIQ,B07NVL6TJG,1615722575197
AFQO6OIRCSQOB3RVJ7G7IZY46FSA,B07NVL6TJG,1569547412170
AFERH5AZPJOWGBUMILGBOXQYQ4HQ,B07NVL6TJG,1626027624009
AGR2EMQMCFINLHJT2622BDXBHG6Q,B07NVL6TJG,1602452434641
AE542ERY6CFXZVOM5LDZ66ZBIZ3Q,B07NVL6TJG,1573225228934
AEFYCBCXTUSVKFWYV32Z5JRTAQVQ,B07NVL6TJG,1554043810987
AGSJZLRGQO4NP53T6ZM5QONZFYIA,B07NVL6TJG,1624315447696
AGRZYFOJ4PYNF3JKMTWRE6BIA6RQ,B07NVL6TJG,1559526879894
AETJS5MGHNN2QWU7FTNQN42RXVHQ,B07NVL6TJG,1593868312018
AERBBS6G3O3HRS5U3MCXUJPNEBBQ,B07NVL6TJG,1594071578343
AEVE7JAQWY52A4R7QUEK5EJR6WKQ,B07NVL6TJG,1564914896152
AHCUAVBGZBGBH5R3HCLJVCR27O2A,B07NVL6TJG,1606610550147
AGKWDGXLGEI2ANPV6VU5LBUPCACA,B07NVL6TJG,1596255445646
AEUFDHPJPLHOJXJPVCVRHQMWLEEA,B07NVL6TJG,1588361195004
AFHNLCRSKJ4UTE7NAYUUT647AHYQ,B07NVL6TJG,1583018491213
AHFCX4TDQAK2CDWIXBNAXOCPOFJQ,B07NVL6TJG,1598996452953
AFQTJN4HPBDFIVWE6YVPVPG6Z2HA,B07NVL6TJG,1590786466252
AE6VB6K3QUAKARHA27JRJV5MJTUA,B07NVL6TJG,1593789414781
AEKZ4XLLALKOGGMPWTE5G6YV4F7A,B07NVL6TJG,1580331095398
AGNJJMPCTQFBXA2YREF4VCHNU23Q,B07NVL6TJG,1607028442404
AEDHJ7TFOSTAUTYFJOAXNCBR3IKA,B07NVL6TJG,1572891995135
AFQLFICLV6OW3NL7JYTC23MYVGOQ,B07NVL6TJG,1622659264784
AG4TPJ4EK4MES6ISSHKTAY5QEKSA,B07NVL6TJG,1593620569149
AF4DV7AW5S2INPUXCVSH66HECOVQ,B07NVL6TJG,1569998101416
AENJ5NPVJL4EA5RQ7BFCUCJ4QI3Q,B07NVL6TJG,1602846796456
AGBVFLJKMLKTH3A6XBYCY24ODEUQ,B07NVL6TJG,1601796154071
AED6DDWX4T4GGK4PFGAJ35E4O2TA,B07NVL6TJG,1598919539327
AE7G2W3ZUTMZNMBHOOWFF4DCBYUQ,B07NVL6TJG,1656792474615
AGSCZTAYKI6JIQYPRLLGLHZZRXWQ,B07NVL6TJG,1594619220574
AHLBVUTUIKPDUGTAWPTMWHSJB24A,B07NVL6TJG,1568930045855
AH24Z4BLICZNI4KSSVLGWQFCOOWQ,B07NVL6TJG,1625518892207
AE7T6R2I26NAPCYTQRWMQAOWZFZQ,B07NVL6TJG,1642359586015
AHLCTZLRREW66ASUD5WDH7P7DKFA,B07NVL6TJG,1593644481898
AHLCTZLRREW66ASUD5WDH7P7DKFA,B07Z3ZCJC2,1591466966044
AHLCTZLRREW66ASUD5WDH7P7DKFA,B0742LVLMJ,1591466543952
AHCGNTFLEO7Y3GRU2H2KEJQDRW3A,B07NVL6TJG,1602281629920
AE6WMDMW47CBLARCV74O2CFCNRFQ,B07NVL6TJG,1594141636055
AHR66BCR2ZSJDTBL2WKNOYTWYSQQ,B07NVL6TJG,1576107510200
AG3S6EF7NRFBSFJQFXVESDC7FLVA,B07NVL6TJG,1556328999070
AHX3HX3TDJ2QXCOHOXO42RZQSBNQ,B07NVL6TJG,1564889308227
AFJAWCZ3HZUC25M5UEQHU2CSW73A,B07NVL6TJG,1598991126469
AHZBRNBBPYHIEYX5HEESNQNWCNGA,B07NVL6TJG,1618676861405
AF24YJI2RYLZK3VIS4GV6A6ETF3Q,B07NVL6TJG,1604249068972
AHBLR7BJDGESQN6X5ERXLTCH3CIA,B07NVL6TJG,1562650984504
AHRIS2CTGGEHBLLLIFVY6VYEPRLA,B07NVL6TJG,1604171146481
AFOMA3AUM34QK4L253W7CUDHAEKA,B07NVL6TJG,1579102751734
AETWJUORFOBTIO3WKSNVL3FD7OBQ,B07NVL6TJG,1562509368131
AET54ZDRVNWZ3ZI5Y4E23YRQEKDQ,B07NVL6TJG,1567378183512
AE3XZSESDHQLHY4B7IBD2SXDJMEQ,B07NVL6TJG,1612016661646
AEXEBZGAC5HXBXAOW7V5ULRWLI3Q,B07NVL6TJG,1605801604461
AFD3RQL3AQFZDLREB6HTDE5LHEVA,B07NVL6TJG,1651086812575
AHDBHIQC2EVIOLRCHTCLFZ5PV7IA,B07NVL6TJG,1606866937246
AEZ73VD62DUVNKGHEDDWGYPJRFZQ,B07NVL6TJG,1627756131958
AEHAKU73QHQJNUQSCMYL3RBXW7XQ,B07NVL6TJG,1636330572146
AFQT4DVJD5SWMMMKPQVI3AMWCAGA,B07NVL6TJG,1577729375180
AHWMBHT46LFV3CQCFGMC5YRLN3AA,B07NVL6TJG,1564968666610
AGKZJIGCV37TVEIC6CACJFCZCEHQ,B07NVL6TJG,1596234172428
AGL5IVT7CSUBXYZWKZYHDNTLUZHQ,B07NVL6TJG,1599054803131
AFXUMBZEPUHDS45SGL6EUS44DBRQ,B07NVL6TJG,1598953623691
AHSUP72Y34SALST6W35B3SD5FCYQ,B07NVL6TJG,1607530002698
AGW4C363XRBVCCZSRJOEYK3IKYDQ,B07NVL6TJG,1603742630920
AGGEOWNDS5GDFUXKZ5OB325AJ7XQ,B07NVL6TJG,1568950420718
AHGT5MGDFVUX43434WE3VCGDA2TQ,B07NVL6TJG,1574116538285
AGOPBIZUIYOOSNMTO5UCHZDXMC7Q,B07NVL6TJG,1582426643627
AGEDS33X72NBB3ZZXV7BMQ2MYNAA,B07NVL6TJG,1559592109866
AE4L6PUXTO7UW6S35RYQH747TSJQ,B07NVL6TJG,1598925902217
AE4WAHBFGEFDSZAPHKRMEKW2F2IQ,B07NVL6TJG,1645416496031
AG4M3E5EZIIJ22YAYMDWIRZSW5YQ,B07NVL6TJG,1601684754733
AFBSKXGSHVODSC2IW4PLRBXCJ4CA,B07NVL6TJG,1610819942446
AEL7FUHGYOJDQTVRFDPAKXYXT53A,B07NVL6TJG,1617205540744
AGHNDDFTJWHVDVO34IP3D7VLZ3DA,B07NVL6TJG,1614876100954
AFO5OUIXNECPE7YGHCPTL6L66W6A,B07NVL6TJG,1617220335513
AGKDUAXB6STFUVW7NQZVISRGQPNA,B07NVL6TJG,1552520948220
AHOESGL5W4IDFVCYX4WTM77RSJYQ,B07NVL6TJG,1559062585861
AE52RZNZCOCFA5WKUDYFECTQ3EPA,B07NVL6TJG,1608501971496
AEHAFVKPDSH3NT5RFTHJ4IEWNC7Q,B07NVL6TJG,1561864160518
AFTMOBOS34GUXOPPH4JFKSEL6WNQ,B07NVL6TJG,1563388896852
AG5HQYD5OZHOVMYVCYSQGB4QPNHA,B07NVL6TJG,1598930032832
AEVDNG6UMT6XLUZV5NYF26RCYGEQ,B07NVL6TJG,1597149687390
AHBFGVTJAJLKKUBGOELYP7SBWLYA,B07NVL6TJG,1588145372315
AG5OABU6MNTKAZC46VAHVFK3QQHQ,B07NVL6TJG,1564773718585
AFADI2QDKP33IO4XBTFVNSKR7VPA,B07NVL6TJG,1611970425756
AGFCDVDL5BWDZNLJYZTM3K4IS2MQ,B07NVL6TJG,1634870046686
AEQTOCDSA3S2RSDGRYAW42RMBZGQ,B07NVL6TJG,1558675071197
AFCSSSFXKQ756Z32PLJ5NO6FX4VA,B07NVL6TJG,1582819384440
AFWYWJZEKTEHBYJKJ3JQMZESHHIQ,B07NVL6TJG,1556583182532
AEYZO3QD55JRYHP3IPLL3RU2HIOA,B07NVL6TJG,1564443518040
AFXENASJT5PZ5AG4RBAAQLB37VOQ,B07NVL6TJG,1614968864400
AELFMQEF5PIDQZ7NSYJJ2OBNIT4Q,B07NVL6TJG,1592320541917
AG7NGBEYCNAD7LKDKWIULT4VAKOQ,B0742LVLMJ,1533571425457
AF4OILV7UHHDITE3JFQJQJKHMOYA,B08DDKTDSF,1600975090041
AGQ6PC2DHUIXZSLRFGC7L7DGLPEA,B07DNLPCB9,1535465306999
AGLCNHZ5E5X23ONUPNRPPKWZPSNA,B07DNML26P,1539917749941
AEV7WRDKZYVOVRDGTHFH3CDHPDUQ,B07DNM6GBC,1539909528015
AGDIC7YY7L4JD3USHAM7Z56UJO5Q,B07FT4FMWX,1578000607616
AHTYGIOTGOZ2UBJOLVJA5SUJY2OQ,B091Y2L7NF,1621530785559
AE7CKDQENB3676ZEWA5AXZ24PQ6A,B07VGNQD8K,1599744331626
AGYY7QM2P6QPFY6VQ3QXH27MHKKQ,B07SDGBPGK,1563999529556
AHFC5WBL7DF6PDKY4K5RKZMOGADA,B01M71IUZ7,1524330703349
AGBW7WZCVRYZDCLUPWTNX22D34JQ,B0742LVLMJ,1628603250699
AG5GCENWALDZFA4RIFBWGESDZ42Q,B07DNLG9ZR,1537985675054
AFXZL3PVKGUAKA5MDHJOZ3NQHY4A,B07XGDM47D,1605009715871
AE3TF4SO37XUJAXRDNAWYQPJJGEQ,B08MW56SPG,1631201244377
AFGDBPTWVKO5FOFNK5QMWU5HDXCQ,B07GNX28KS,1541353724677
AGP4CCBJFUIN4OW3NKNQQYG5ZK3A,B07XGNHYC2,1598401558877
AH6446VKUNK2YANPAA2XO6UNI7SA,B07S63NKNB,1581039011905
AGBAWNFZSQEPKUFFJ6IRTN5SWKXA,B08MW56SPG,1618351956473
AFIPJLLVA76IPSJJSK3TDXQLZFYQ,B086JBCVB4,1599933647613
AEV7QRFGZTXXYWU55DRNMNAUKIEQ,B08614Z91S,1593137344778
AH4FPTUDPOGZCHJIYATSLXTN4ENQ,B07DNM6GBC,1546075861373
AHARUWAKGAK2JDIQ7G7OIALMC2MQ,B07PRK81VF,1620689304611
AFDOMHFC3S4Z5CHAY5ERUSGEJMPQ,B07XKF8CB3,1577385454661
AG4ANWSZ72LNJPJHGEYABTNRBAFA,B075NM1M1Y,1552758347124
AGOBLCNPS7KE63EZ4VQGZ3GYIOXQ,B07DNML26P,1533254966629
AFLRGR2CVABUEW5YUQWNVT5DIHIQ,B01M71IUZ7,1540927665888
AG7YKFPETZZ5U3JP5XCBOTDSHA5A,B086JBCVB4,1597861531489
AFXACBZ5A3SOL6DID67RZMU4ZZDA,B0742LVLMJ,1517247653713
AF4K245FDUILA7C3NOWP23GPQSOQ,B01M7UDAVI,1517044996245
AGGIHBCZOURP63SIXLG6UCDGBSPA,B01M7UD21X,1496085217000
AEGWYDMPWLPOT5E7NDQ2QA2J5YHQ,B07NBPQL3C,1621547742704
AH35MSVMONRHAX7WP52BDP32AFBQ,B01M7UD21X,1535765375231
AGEA6E5Y3LQITESRGLAY7Q2F5LFQ,B07MGJZ2MH,1649593985836
AGAVKP2C5W22CPSOBJU55RFKE5QQ,B08R939TKC,1612207335962
AGG2ORB7I7RTX2BHE42D53ENT5OA,B07SPDBR1J,1577140354213
AF5DO3P544ONOJM7YTIOWDIAKO3A,B0842RP7RD,1603136106201
AHMCJ36WDRK5772KOITQ3WOQ2Q3A,B07DNML26P,1650178558921
AHW3NZXSCBQJMZBBFRILRVAN6CSA,B07XGNHYC2,1607750702872
AH7QDADCSSMXEPEN7FYD3X3Q6MFA,B07HQJPGL2,1546476268754
AFATKM42BE5LHYB53PTI6EWNRFPQ,B084KPMB89,1658185502231
AFZCGTURCHJJBS5IJHUOONBR7CKQ,B0742LVLMJ,1538141236790
AH3U47DQ7LDZYHHLXCMN4XRQPD2Q,B07KPFY7G5,1610334834692
AHS2ZTNYYUD6EL5BDETMVQU7B3DA,B08M9X9KTN,1652300330776
AF2JJEFS6MIT3OQ5LCR5OV55QYLQ,B07X3Y7S2W,1625535479256
AGL54PVXI6EJK2C3EXXKQADJ4W3Q,B08GS38B42,1676386870386
AHLYJLPJWDKNKTPXRPQJTAXMOWAA,B07MGJZ2MH,1567084104539
AFPP3DEH2GQWBH23ZZUTPXU7VFKQ,B0848KRT9T,1679853099856
AHGWE6S2FGS5YXIPNXN2CF37GYEQ,B07VGNQD8K,1588592180842
AFTS3PSHXOFKQUWBNDOQX4SSTPHQ,B07DNKDLYV,1561837801150
AFYQV542FY32K63QJHSQOSIBDA5Q,B082VG9CNM,1618519663094
AHFAYFZP6NGEBIZVRMD5AW3FFQ7A,B09SM1SWJW,1652416503883
AGVBQS7G36L35K7AIDRQDLPQDXHQ,B086JBCVB4,1598130405019
AGT7CM75M3WSGBZUOSCN7IYI6U6A,B07XZ9MXHJ,1577245430621
AFMBI5A4VD3S7RCOQ6H5DJL6NWDA,B08GDYXWBG,1610797871984
AFR3JC6JBXHPA4JJW47QYC2MX3FQ,B0742LVLMJ,1545833156569
AHD35OVY4DXSYSVI6PPNV2DQVKOQ,B0848KRT9T,1609361460720
AFCAISBUNBWI7ETTJD775GEWF5LA,B07K2L1XXV,1547059002867
AFYXTFMAXFYSQRV6DFO76BIBHXQA,B07DNML26P,1535041192730
AGXHZ2VDNY2QYPX5BRQG53F7IC3Q,B07F8Y6BH9,1576415500013
AGRGBHDGWATL6PUJZ6SQE3TBTFEQ,B08M9X9KTN,1611800546797
AFXCZ6WZRSXUFYB36GYFFY4SDMAA,B07TBGM8WB,1596509950806
AEDB7AACBHCTJ5IZAXF3XT6J2XMQ,B07DNML26P,1546152893018
AFQBVTN6RHSKF4DTDWUZAYPOB73A,B07XGNHYC2,1615355158214
AECVL5Z5ZAXJT5I2MIAB4E55T2EQ,B07MGJZ2MH,1567257022463
AEACB5XESNVWVHOCZA2BAFUPTLBQ,B0BCMJFM49,1671500067976
AECGIUN65O6GWAQQQISYXBN24KRQ,B0742LVLMJ,1554925432358
AESUUO3SUBZEZHWRKL7K4IQGOVTQ,B0742LVLMJ,1550637045930
AESUUO3SUBZEZHWRKL7K4IQGOVTQ,B07F8Y6BH9,1545935262789
AFIREAKWBKFR3TIXQDDV25TUHWVQ,B07H3S5Y9V,1576213953848
AE3E6Y5KWB72WI7ELHP5GON3STKA,B07XT69WH2,1636136931016
AGIW3EGAZ42IB2HS5JXFMPKHHCRQ,B0742LVLMJ,1629255423749
AHMEYLWNXL5NY6NJLY5UPR3VJ6OA,B084JGDV6P,1601121130319
AGG3BXSP4MWN5W5VVDRYOHIIZJDA,B07DNLG9ZR,1535414980119
AEHZHDZXCH5OFQJ6E4TSC4EOKI7Q,B07DVXFP2N,1591424732347
AGYT56NQLRT5YRCIUMAZSK6RBP7Q,B07VGNQD8K,1604909009311
AEBD3RUHXYOVL73ALVV42IC2NHOA,B07VGN44WK,1576264449963
AHNRP3VKD4LEX4DZPDNKBM7N3HMA,B08GDYXWBG,1634091379050
AFI3VBY3Z426QHO7OCICCHA3LBVA,B07KPH6D57,1549500535695
AE6DMXDQD4SYAXHGZ3ZA6D3ONVLA,B0742LVLMJ,1608259295934
AGZQKUKEBNWOKNCJ67B525W34MPA,B07DNLG9ZR,1535575226684
AH2TNZJK6WBN5RCUI6U7YCT2TZDQ,B07DNLPCB9,1541452627866
AGUYJLWRHMZB2FT7IVLKOYPEASVQ,B0742LVLMJ,1534928105075
AG2CRVKWYK7EZEDO3KZV24W6P75A,B01M71IUZ7,1503404203434
AGX47HKRMTQHCHNY6NKKSINAYE6Q,B08WFF8R8V,1643833969876
AG75EWIMSFKPQNI6NUQZWPAOUMKA,B0742LVLMJ,1626500484442
AF26VNLZ2HCKD22SBA46HXXGAR6Q,B08KWK6N6H,1655748522015
AEWOPLCSMHA53VRPFGBWGKJO4QPQ,B07FT4FMWX,1608766655207
AEEXWX6ZTAVJ26SRAIPXCKT2W7GQ,B08MV3YV84,1621001452426
AEF3JVKH7NXDUDGDYSSY3UZ7TKAQ,B07KSDPDM6,1547307634859
AEPZWRW7QHGFFD73UPZJPQA2NXPQ,B09FQ4G79Y,1636565893865
AEWPZRD3LWFAG73P27VWVXSRYACA,B07NL91XW9,1605191780539
AF3FPKUGTYGISLVKFZTVAYUSEODQ,B07GNX34XV,1563385612553
AE37ZWRW4HNDLAIOW3PWWPOOR5JQ,B09RSMMMK3,1675309033868
AG6N63MWEIT47BDYU32LRNYQBNLQ,B08GKMF8BW,1643807764822
AEC4LTXK6E6KWQQUO3AGWXCVM4SA,B08DDK1T6C,1670135094030
AH6FBOCZCKJVYESAYERYS3P6EGRQ,B07PRK81VF,1633196337426
AERVUQYBZJOFAKOP6JMGG4I5DJJA,B01M71IUZ7,1543362898949
AFYXYB4FWBQ7B45FUOCCCVJWZGKA,B07HQCCD29,1545635188771
AEFSXP2ZO4JK5NXUQRRKPHAMBW5Q,B0BKLJF8PC,1671428822781
AE5AVOYUPBHL6V7FXV726AD2HCCA,B0742LVLMJ,1547767731084
AGHQMJIWFTWOPZSY5PORXWXOH7WQ,B08VRFNFBM,1620059669566
AHRWDVH7UM6I2HO6TJKHK7MTXOYA,B08WM3M1DJ,1619042245965
AGYPEQP34QQAW7J36SCZSOQKX53A,B0742LVLMJ,1564966634887
AHBTDJE4YKEBZWG6GNYPQYAFG66Q,B07DNLPCB9,1556299127490
AHDZ5WKF2NFMQKYZ6V3UA7D6JLBQ,B07GNX2VPX,1565990353232
AHCXE4QNE6NCLIMEUPFBYDTEW6VA,B0848NSXSZ,1601600983943
AHTJGGCSHXMINXU2P5APD4BUL3HQ,B07T315X4F,1635183355353
AH5BQPLR25RKDUCEX737HEM4T7XA,B07DNMN7X6,1564625823439
AH5BQPLR25RKDUCEX737HEM4T7XA,B07DNMN7X6,1564625823439
AFXYZI42ODHJO33WRWUFUXQGVIPA,B07PRXJMLZ,1629134748514
AELN2NAGQIIBXV2TPREDJNESMOIA,B08PKR3KCF,1622817974479
AEKCTXTIXURSRAN2KA42SZG2GHRA,B07XZ9MXHJ,1613145132358
AGXIENYFIM3WUB32V4YLRWYQAJFA,B0742LVLMJ,1580556373588
AFSHGIXT4OKPO73C634UTCUHMRLA,B07KSDPDM6,1617778799930
AGGOFLQ2ORM5MQUWRRSLBYU72WBA,B07SPDBR1J,1575442436093
AEQ6O3YMNWQR2KCAXWLLEJDV6BFA,B07S63NKNB,1580732536613
AHBVWROLAM66RQSFKY5VCNUF5WQA,B07H3S5Y9V,1596073674330
AEKDLAN3KJHYDNMV2ORUDA4XRACQ,B07XKF8CB3,1632982850837
AFGZXKEEUQOSGUQOANJVZZF2URVA,B07SYR7V9W,1570582762912
AH6FOUQHSO6XPRFT4FE3JHAZ5ZUA,B0742LVLMJ,1603773521628
AE5WQZQG5KNL4CQZSUEJLQXMUHMQ,B09RMDGN7K,1657134234161
AFXGDNABF4F2O5SC4ZTPE63AEP4A,B07DNLG9ZR,1576035395656
AEF7L2HNS32XZY2GJ3IQVBXMVVXQ,B08KS7865F,1627271658764
AHRIAJ6B3SDVZIWS7CZFSE6DWADA,B07R99144F,1570757917123
AHLKXOZDDZP4VIH4ZA6FQ5MY63DQ,B086JBCVB4,1665615024845
AE2TVNNNUC3PYPWXPO34AZYMYCTQ,B08GDYXWBG,1617068583777
AEZKTFHPDMCIXTU4Z4WM3RW7BFTA,B07KG5RPCF,1632765633881
AFBXNWJNEKP5KS5WLJHD3CJZOIJA,B0742LVLMJ,1548946748464
AFDYPFQE7SKR6MZWIBHH6EHI45IQ,B07HP1T567,1621429745021
AHXR5SXJI4T7OJP3EIULWPOMHWFQ,B07V5VWTMB,1642299277294
AEZX3OMFR2BHB2OVVE73G3H5FOJA,B07X5SVBJW,1597865607396
AF6OBV53WETESRS4SMVIKNWTU5UQ,B07KC11QFV,1621529403465
AFGBHRKJKK6DVTVJ4IKQAJT6QL2Q,B07FT4FMWX,1656343773534
AEOFNNHRJK57C5HUD2UAG6JAY2CA,B07KC11QFV,1551121551701
AG4EJF27EH6J4USAZYU2XGMPUWIA,B09FLZWCJX,1639006187872
AFEFVJBJ5PNBCJJBV56SPL52SJ3A,B07X5SVBJW,1597961900769
AGONAMYEKNH4FHB42CS4CYJ6IFGQ,B0742LVLMJ,1541985017111
AFRAXQUKEEOYNEUSD2E45ATUUGIA,B0BM57HJXV,1682791308520
AH63YNGWB75BSPQ4BTPWGMXXKXXA,B07NF12XPB,1557258887193
AHZTPWC6KTRX23TQCHRPS2S5MVGA,B07GNWWTRV,1556698880916
AHZTPWC6KTRX23TQCHRPS2S5MVGA,B07DNM6GBC,1539047887822
AGR6SVWDLSCMXBNSXNVJ7ZVEWWVQ,B07DNM6GBC,1633893832034
AG7RVSEQVD2HCV5LUTYP3EEECPTA,B07VGNQD8K,1610217348389
AEQQWYTM5USOARGQATPBUJMUUCCA,B0BM23TXKZ,1677619747199
AFI44DLDMKS4Y4M6GQVT65T5VLTQ,B07S63NKNB,1644285463051
AEWMOQ4NLCS3HMKG5AYFMWAGUHJA,B091YRTQTX,1626651094564
AF34J3OC2ZX4DOLSJT7IOOVGBDRQ,B0742LVLMJ,1568462615582
AF34J3OC2ZX4DOLSJT7IOOVGBDRQ,B07H3QNJ1Q,1563063046876
AEEUL4777OQEPUASJTMRE5BYOPIQ,B08JQMD7B6,1648320932750
AHDQQD4FWZJKVSMBCBAUMSHNEZAA,B07PRXJMLZ,1597708709102
AG2BW6XHTVGIYRBYWTGBYD4R2VFA,B0742LVLMJ,1580613799151
AG3AJZZP3PSRYQ4VM4MDX7WTBUQA,B07GNWX112,1553110006993
AHA66D7ZMKQVC5C642C5KLXUAWSQ,B0859KKL7Q,1620499290409
AFOMDZEZKQINTTDMPMUGJ72VV3YA,B08D9SPSCZ,1618422955812
AEBBJNGAFHFS4ZRK7ADHNCPC26WQ,B0742LVLMJ,1561565134806
AH4TCHFHZKCMPQMUPMW6CMVCEIPQ,B01M7UDAVI,1540575173660
AH7ZF3YA5LMSULHHCINIK5I4YTBQ,B0742LVLMJ,1515883984561
AFUGXFCWOPGRXB5B7G6YJR5ZUS6Q,B0742LVLMJ,1600049155343
AEHVM3QG7WTTLPDMDCFNCXXSJCYQ,B07VGNQD8K,1597547796354
AHCMGATMOW2XARLSYQTLM6LODVCQ,B0742LVLMJ,1613398911762
AEFAE5CH4L2T3ULJCC5CZDNXBC2A,B0BKLKYWPY,1677359943207
AHSKLGY7QQZMZ7MGIYI2KKIOPINQ,B0BQ12GM7T,1684590260239
AHAGU5323VN5QPGFBL7AV2N3ZB7Q,B07SDGKP88,1577916120877
AGZMFIIAB6WCCDZQGFNZA2P5RLXQ,B07KSDPDM6,1569031343135
AHQWVIGWGTCVML2JRE3WKHRG3YQQ,B07DX25MZK,1570923321544
AFWOTWAVOQHCZGECWZBVPQMCZ5BA,B07SDGKP88,1600742170300
AGI7PSUGMMCI3A54SLNXWE6WCI6Q,B089NZ8D82,1618939479573
AF7FQUXVZLT2WMSYGBQCXDTIZAKA,B0742LVLMJ,1544533931622
AE4A274FX2EOYEROX4HQZPEPH7UA,B01M71IUZ7,1532798875177
AFKT2BKJCMO2VL6CNOAKL3L3LKBQ,B07XJY11B3,1639958466578
AGKYECRM4FTMK734YRHBFADB2FGA,B07DNKDLYV,1552399001204
AFHAWNK7HTJWP7JG66Y3MAT334XQ,B0742LVLMJ,1534188396714
AHUSHO42EDNZJBRWRSTRAFQOQJMQ,B07DNLPCB9,1581052431220
AHWEEEUO6R4773B666Z7MHVY6JKQ,B07DNLG9ZR,1548682104248
AEEU7KOQ4I3KFPTOBVJLBX6VRZ2A,B01M7UDAVI,1496083164000
AGMVMU2NHRYA2RMOJ37M6ULE2EZQ,B07NBPQL3C,1619154269071
AHWDICISXANTTLFAWHH5CDQ2PTGA,B07KTB8PHS,1628641230664
AHSH6U7KZX4VHWTLV3CQSLXLNMKA,B07F8Y6BH9,1544554993728
AE2HQ2XIP3YJNJRGUWY5EJZ4TCAA,B01M71IUZ7,1511769280461
AFDQEOW736IF2EQL3TORVNECU42Q,B0813RKSXT,1596888794728
AF62SKFXCPLZXNPXGCHVPLBACAJQ,B0742LVLMJ,1563905636822
AFFO6YDUGPS4772YOYXIL5NXPXEQ,B01M7UD21X,1504022847989
AG3TYI6X5ZAUPRF4KKOE4VD2X7VQ,B075NM1M1Y,1612650364176
AGZKEU6775IB7BPUFQXEQ32UPSUA,B09FLZ2132,1636644871638
AGZKEU6775IB7BPUFQXEQ32UPSUA,B08R5DPYK2,1622992758268
AGZKEU6775IB7BPUFQXEQ32UPSUA,B08YRTK7MK,1619479523486
AGZKEU6775IB7BPUFQXEQ32UPSUA,B07DNLG9ZR,1536417481264
AHS4ZYLS5OEJ3FHE32H7SJUT6YMA,B07KCLWKR3,1552429734414
AFNH6TR54ILZDGTLH5M5EXGPW2BA,B07DNLG9ZR,1548828925608
AGNG7LK3BEPVUWRLSTBIWHZJMPTA,B0742LVLMJ,1579214978953
AFIKNSCKOXAHILFYPZMCILNZE3SA,B07LGBQHFB,1555233962834
AFQNKUUVP6QYIKI4UV76V6VOKJEA,B07SDGKP88,1656685728944
AGC63FKH4QRF3POOUFOSRY5NXLUA,B07F8Y6BH9,1610458978567
AEGP2OMHSVQBI2I7J42RPM4ZECNA,B08GD26JQX,1622500320105
AH7XZSVWLM2TJR32I3OXP7XR6G2A,B07DVXFP2N,1551372730155
AFIUTM5D4QTI4X56P3P2EIIT2UEQ,B08GDYXWBG,1603419591497
AFMUT2LEAKJFFCGNGI7I2OWO2LOQ,B07DNLPCB9,1565317821419
AFXNY2Y7QBDJHLO4NYQI36K53OSQ,B07DNLG9ZR,1554950234788
AGESU45EOPKJC6QC4OULCIHWLDHQ,B09R3MQLXY,1665080988933
AGESU45EOPKJC6QC4OULCIHWLDHQ,B09R3KVR5X,1663090936664
AGESU45EOPKJC6QC4OULCIHWLDHQ,B08GDYXWBG,1613164707845
AFE7FTG55GBUG4R25SPRYJ27S2OQ,B09SM1SWJW,1654202319571
AHQA2ZET346NQ5NPX4ADRIFIRPEQ,B091Y55Z1H,1621203360635
AFP4T6XFHY2CGORSH2YV33UNIQ6A,B07GNWWTRV,1556837029263
AFILYVV3YJE4PK7SPUPIYI5G3SSA,B0742LVLMJ,1608154217966
AEQHCWRT5CSWQ455AHJLJOY5WOBA,B07TBGM8WB,1596435819165
AFHOYJA4CMSUSNYE4ONQX4O5ARIA,B07DNLPCB9,1570929132575
AHYH43V6VBX7KOFGMS4OK4E2DU3A,B07NBPQL3C,1604774368357
AGY4XXSZMABBAQHDSX6QLSEBZYTA,B0815VLVVX,1582550869535
AEGJGJKC2XOPDOLLEYRG4MFQPF4Q,B08GN1MJYB,1605131889454
AF22N6XHBXHZDPVS7BSI2RJVTENQ,B07GNX2VPX,1541479517936
AEP7YSNCUFEWJM7X6LXNPDDMEB6Q,B0742LVLMJ,1531609493516
AHQ4AKOHR6DHYNP2VVJJDPCZR27Q,B07DNKDLYV,1532987848007
AFRXB2RTXZKPEGYY743Q5L7DFF4A,B07GNX2VPX,1552756655746
AGSUCXCP5FAF3I4XISI7F242NVYA,B08LDV5MBB,1665275250343
AEMVNGU4LLGKWLQXTCFOAU7HKJMQ,B0742LVLMJ,1567950203580
AHH4ILWQZII3QVG6FKEJ7C7VQPTA,B07DNMN7X6,1544469958688
AHH6O7JRDZLDNWOODVKXHFBT3VPA,B08R5BN2VH,1631670056416
AHU2RP5ISJ2TP2NU7AXSFF7RLRUA,B07GS3H343,1639630590345
AEYN63EI6ANIQUPAI3KTYFGEZ55A,B07T43BXRD,1600998206006
AEAFKGFAVYFG4JJCKLAKLGXCH7MQ,B07PRK81VF,1604334913395
AGMSSFK5PU5AXRZEAHDNBO2IEY7Q,B098KDBYTJ,1660067398211
AGXBORCF2LPUGH2IYKF6AKMIVVWQ,B01M7UD21X,1503363129912
AEKOEZYP2IUQZQAOXQQAE37VWQ6Q,B07L9DWVSJ,1559051929811
AHLWUH4Q6POMXE5L4BHFSJBDNXNQ,B07DNM6GBC,1559254632972
AG3YLIWCUN5MMSTTGXFKRZD5ZF3A,B0742LVLMJ,1607737816414
AHB64QC2EQ3H25OSWLZYVIWWWNYA,B01M7UD21X,1520943995211
AHFAOO3SCVOZJMI233LDSJXRXXVQ,B08MWC8WBZ,1615594203796
AG2HCDVGW6WO2JTS7BRRJTWKT6MA,B01M71IUZ7,1501201307233
AGN2WYV3N4FOQOJHYYVILQ33RTTA,B07DX25MZK,1541513581375
AF2PDFSWAQBA7S5H7BJXFJUG4VCA,B07M8NTKKD,1652410951425
AHTUTSKRRQYUUDOJOGD7CG5M62HA,B0742LVLMJ,1625088209397
AGLLXF3QQTHPYUTUOLT4BCHRUTGQ,B081JS67KV,1580601818598
AG5PDABSKSC2IVSX2WRRL6EYMYVQ,B01M7UDAVI,1521593808134
AGAV4FEPTCZJP5KAXJFJ3SYJ6OTQ,B07HFL1GS3,1579771980081
AFENPIXBBQ2H6NGODZZQVO4NOTHA,B07XGDM47D,1611299023349
AEAUCFPFZIVJJIMYNGNZPF2EYUVA,B08GDZRBB2,1618277572460
AFWKVE7EWRJ6XSV32SHK7MQWH3ZA,B07R99144F,1579840412581
AE4YUMZN5E7QD5GFC4TKMUBKPI5Q,B0BCGTMLJ6,1671601649486
AE4YUMZN5E7QD5GFC4TKMUBKPI5Q,B07HP1T567,1624770085412
AE4YUMZN5E7QD5GFC4TKMUBKPI5Q,B07WV4XWTM,1593839269799
AEIVFRAD34KIRAPSWAXWTZDM7Y7Q,B07DNKDLYV,1534977032304
AHZLYXFNNBYGDYOFYDHZTALIASZQ,B01M71IUZ7,1579055587438
AGVJ3IJJV2KRR64IFNK4SHUGCU2Q,B07H3S5Y9V,1600384202018
AGQE225BCBS4UXSQPO5ZEWD6XRZA,B08R43B9H2,1620249666754
AFBQGA72RHJES63BZB6HAE5ME3GQ,B07KJLV75L,1558927359140
AHVIPLQHBICUZJRLA2NZIXBJDXDA,B08CZZ54C1,1612807148755
AFNHGDZKKOURDETS6PLU3JHGF7QQ,B07HP62FDJ,1605986760986
AE5UD3PCUYRWSCZVT5YUXYMS2PUA,B07STGWT1P,1567044152157
AEAAPZVCI4BMFNM5S3AZXD5S6J3Q,B07DNMN7X6,1554586273502
AFBG4V3VQ6VSR46H7XED5M7TPM6A,B097F3PVMC,1627497564539
AGMKDUATB5XO63QFE3PMVYLQPAGQ,B08N57VT7X,1619027908236
AGPGFC2BZQYUEWIYSBH4JWZYM6JA,B0742LVLMJ,1591224461925
AEP56KWSTWG5MWTWIONF7MTBB6BQ,B08D6WQ1Z7,1612244629247
AHB5DRK7QJQO7FKWFC74KIPTOUXQ,B08MTD3PKF,1614649457185
AGBQE332I7Y35QTHKLDXJJYF6ULA,B07MGJZ2MH,1600725806824
AG5QV6IN6V4MAAKJXCOIIHWFTX3Q,B08D6WQ1Z7,1605287013182
AFIARZ3TCZH3AJWU5IKBDPO2IYAQ,B07DNM6GBC,1570685764146
AFR5JZ3I5QJNMHIIFKHW2I4OXBIQ,B07HQJPGL2,1582042979521
AGWNNPNSRVFQBGACZQFYCWHGKVIQ,B09LWP4TWW,1660453593108
AFLS6YZ2AHHY6GD4AY4HXBSSMNHA,B07KPG7RFQ,1623417007216
AHCODBUYHMZGL6645YQDCO4BH7SQ,B07KTB8PHS,1579202415656
AHHEZCZIKCJVXFLYZ7RJXPYSGHEA,B07DNML26P,1554745299279
AHVZGAKA36MQOOLYSKIVVBBAE6OA,B07DNLPCB9,1539030673693
AGIUKFGJX2DGF6TUOODK2WEXLK4A,B07DNML26P,1568894832492
AGXAPXN3P5MLPPRTZHTXVBVDZPZQ,B01M71IUZ7,1527167063690
AGXOYHAFRGPPC2IJ5ROENLICMLBA,B08WF5R2BW,1641774740113
AG2TP756JOILYAT3G6PTSCT3H43A,B07GNWWTRV,1559141236680
AEQBOE5DB5WINBLSB3LQMSIXYXTA,B07STGWT1P,1590517960690
AH43F7IA7CZJYU35DUGCI2IJ4TMA,B07DNM6GBC,1540590419162
AHH3O62OW74OP2U6S6PIKRVQPHPA,B0848GLB12,1672681686609
AH4LCZZMI5ZYZAZG3A4M3J6ZBSFQ,B0BM2NJT6C,1677518352813
AGK2GCVHRJYHIXLNQNTIKPBSTFOA,B07XGNHYC2,1612668806527
AFKSNOMSFXDTHE3NLM5XUICHLERQ,B07DNKDLYV,1549999817980
AFDDNHJ5VT5PH7JT6QXKCSVUJ2IQ,B0742LVLMJ,1554308599674
AEQZTFTCUJOF4VVDGNNQWA7NS6EA,B08MWPG77B,1665189767245
AEUGBWC3QXFNAQKAXSQCLGDEFZCQ,B0742LVLMJ,1548719733519
AGRRJUEB4UYSBSJ7WNUOWSF3G3HQ,B0742LVLMJ,1605196379133
AFMTPK4LEUWBKUEPBJYIHZLDBBLA,B08LVQWH8P,1672849321197
AFW55NORF5JS6IVS42TZOP7MYO2A,B09Y71L3BJ,1663287790891
AFW55NORF5JS6IVS42TZOP7MYO2A,B09Y71L3BJ,1663287790891
AEJRB3TNKS3IHW5Q6HOSFUZZH77A,B07DNLG9ZR,1548785916226
AGI4UXFYJFHBS67IJKZBEDDYVWGA,B0742LVLMJ,1606710316787
AG3NYI5WTLAACKUH3YV6G7GFQGLA,B01M7UD21X,1491054835000
AE6RS4UYRVYWQV6F764FA6MLBRQQ,B07GNX34XV,1566700079877
AE7F5UC4DDKWP5WBDL3ZEMSD344A,B01M71IUZ7,1503935106741
AHO6XXYGC6ISE6CWGLSM2GE7GFNA,B01M7UDAVI,1515812670733
AGE2EFH4TRRUDUDANZP24QV4BVNA,B08LDQGYYR,1615391290055
AETFQ275IWQY2LU6H3KU4B2WUFLA,B07DNLPCB9,1553902481287
AEKQKTNFE4WA7PNBHTRHW4MPVNBQ,B09BFP8K5G,1638128016237
AEIZUQM23FNQWOGLOHFNE2XHVRUQ,B08D9SNKK1,1640144799778
AF3U7IES53B6MONYSJNKWMHOKW4Q,B01M7UDAVI,1513017193200
AFWR6ZUZWHMFWD3AAHH5TT5E3DGQ,B07KT17L2S,1622078718306
AH5BUK7ZL6KSSU2HQOEANSDIWC3Q,B07DVXFP2N,1539565355946
AHJLAIXKLHL4SRXFJM45QMUPBPTA,B08N57VT7X,1641763155811
AGKF6NYO44RFNAG6DICOHAQQS4KA,B0742LVLMJ,1564960110513
AESTS2DVYPW7ENBADYNHXPQ62KDA,B08GDYXWBG,1609960072871
AGN5ON45UVJN7ETTI3UPYODR6S6Q,B07F8Y6BH9,1534443964529
AHDQKF7YAY7S6SD2L5G3ORDDQPVA,B07STGWT1P,1566794881840
AEFDMVQ3G6KXKCLLH4ICLO3FZMJQ,B07WFHJDB7,1575586033644
AEMK6KLFILY2RP52BI5ZIHUIR7OA,B07X2J2QV3,1633450240629
AEMK6KLFILY2RP52BI5ZIHUIR7OA,B08W23KDFR,1633450063608
AE4R7A7WNYAQM7LOIGZGJKK3B2XA,B07GNX34XV,1551892809014
AEBAQVASDO5KLUZUDF3BSEVZYF2A,B07VGNQD8K,1597608507713
AHFGG7FHSIS2NGV6PMCCJWG5CFQQ,B07THV412S,1576298916473
AFR4EJMLD7664A5IWEL7GEROHSFQ,B0742LVLMJ,1534844837589
AFRGMNZUVUPQRUCP5Q6CDBG3TFTQ,B089NZ8D82,1679510993908
AFRGMNZUVUPQRUCP5Q6CDBG3TFTQ,B089NY9NB6,1679506755807
AEBBO5PPUAOHQKADH3Y2EQYDAMQA,B08M9X9KTN,1608604106193
AFTVYJOAWKXRHLXCMVMB4TTFDPZA,B07XKF8CB3,1596496575548
AFB3CD7OZ5RMS2NWWQBF4Y6LGO3A,B0742LVLMJ,1580841538355
AH3UOOWQBICTRYF7MYBOQEGNEP4Q,B0742LVLMJ,1568140661943
AFUBNPEQKCGBDIXT5BRX4PGKS4OQ,B098QY92FL,1638655361577
AHEOIMVU7FCON5NDICFY6V5TA54A,B08DDJNJ9D,1608338832983
AEKMG5MWHAEXVRD7K5X7XODL2DNQ,B0933CF1DM,1633033650117
AGPUPFWNTKJBWTXZGU3VDDBASS4A,B07KG5RPCF,1597539504908
AFWTFDQJRWG4NVS4P4VPWJKKMHPQ,B0BM567CT3,1681838943392
AFWMXX2B4US2VHDMXTTIUZDHFNMA,B09FSV6Q5Z,1634841369302
AGSYSW6KAUU3WVGS5MGDC734ZZLA,B07STGWT1P,1561571071317
AFHMTJWWL2RV7DLRS2JJDXRXTFUA,B07DNMN7X6,1555088922307
AFUZRMTILMOWA446TOIZ27LKPTAA,B07VGN44WK,1582566665303
AG5ZFR5UJN76CIOCVW3XUU4YG6DA,B0742LVLMJ,1545296478227
AEBGU6Q45SFBEAD7WL47JPK4GHDQ,B07X5SVBJW,1640810121057
AENGDHB5377DULNIZOTBBYID45ZQ,B07KJLV75L,1548649307544
AH3VOLEH6FLU3ICDAKPGZOV2EBCA,B09NQBS63Q,1644093458507
AGRC4ZZYK54CKOKNLR5TUY46XFYA,B07DNLG9ZR,1535233847413
AEDU7J46NPTSWTTKGIYIGWQF5WDQ,B07MGJZ2MH,1647451590667
AFETPUT2DQ2KUR54P7Z4P27T3E4Q,B09ZJ5YQ1B,1679173110588
AF2LQSTRPJX77OKE5OUAA5KQ4MKQ,B09LWFPZPR,1679864840220
AEIMLGKK4REWJNDRM7XX4J3OSHVA,B08MWPG77B,1612286950997
AEA4B3VZEPDJP47AYOCVLS4RYOOQ,B07F8Y6BH9,1597777346671
AH7GCHIVNSPCYWR7YW3IY24B4G6Q,B0742LVLMJ,1560390906573
AETV54NTLVN336S2ADQYOVOMVLTQ,B07GNX34XV,1557439263189
AHNIBAQAYR7Q72CNXIZPCZQXQ72Q,B07F8Y6BH9,1603687489351
AF32QEJBUATDLU4Z7T7Y55CVEJ4Q,B01M71IUZ7,1496255158000
AEZCGCZBQRPW2UUCO6LM3U4LQRLQ,B01M71IUZ7,1559599762987
AHD2FBONJRERGB7ELZIFJNPDQTOA,B07WC2239F,1594351038206
AHOAUK4VNJMIIOAXK2E4ADXRBPBA,B08R7S7C7H,1666356859211
AFG4HQLBWFPVX2PQWPAGBTBCH5TA,B0742LVLMJ,1522399981778
AEUEFBTLQVWLNADV4MXPY2OLTQZQ,B01M7UDAVI,1500418956514
AFBSQT3VCPM4QAEZXRJQU22PA5DQ,B0933FHCTP,1676147713831
AEZSPZQCVE2WGPVSH5C4YGMK25PA,B07DNKDLYV,1544253604892
AE4IHRB4U7PEZNHWQ25KBHNN4I4A,B086JBCVB4,1629741291306
AHJEOL2P5SXDURXID5GS52XIV7TA,B0933CLYYV,1621378410256
AEJBSSSAQQC2J2WRVROFX7JKAU6Q,B07ZFY4N4Q,1606626527303
AEWUUROZOL75LITVZN7GDLEC5S2A,B07DNLPCB9,1618354036394
AFHHMHUES43WPXJ7IZNVWPWQC4CQ,B08R939TKC,1621898086523
AF4TBCGSY5GJZVBVZOD2DPJBF3KQ,B07XGNHYC2,1581979929120
AH7YNYRRPEKZMUFSFHIK7R5TKPPQ,B07DNJ6N8K,1630090642308
AESV2674IYLLEWBZHUPDCN7HRKEA,B07DNLG9ZR,1573503206993
AGX2INZ6536NNCCPIO2NAZH33N7A,B07DNKDLYV,1591487827001
AE3FRO3TS2OX2JWLJSLZIBGWDOPQ,B088YB3PRB,1601524177419
AH4X6QDIO7CXQELHG5DOLLEDJJSA,B07DNM6GBC,1550507373075
AEOLLGJGTHW6KDIMPZTY3TNKYGEQ,B08GDKDMDT,1603756527338
AF2REF7C37PYPPIY5FEY65RM4Q5Q,B0B4BLVTF4,1660006272155
AH6RPTIMRIGYYERNHP6ZHG4HWENQ,B07HP1T567,1618459737704
AEZOWFKYMD4EPTBFZ5SIHGEM52SA,B07VGNQD8K,1639557278315
AGXXVGTJQU7NV7XH5LBFPJTE4X6A,B07DNML26P,1538347704758
AG25J2VVRIYNNU3UH4TMZEYZIOKQ,B07H3QNJ1Q,1592916308909
AHOHUXUYF45EJE5AE5OEFVBH54CA,B08GCX3JCX,1603756432669
AFO6OHAHM27IAIVRWC6NN3OWBR4A,B07V5VWTMB,1617915164401
AGPJ5DCH4ENW4OX6YLP3E5CUD6XA,B09LWP4TWW,1655878628456
AHO5F5ODYU7SEWJ5P5GEBIZPUE2Q,B08GDYSVNN,1651002242707
AF2LKEPGFRAEM4K2LQOJXEN3W2GA,B07MFQFKGD,1644288737457
AGOXN3S3FZZRGQGWHEEM42YNHDGQ,B07MGJZ2MH,1577761591121
AG7JTINJZ6CRXG64ERZD6EMZPSZQ,B07GNWX112,1556666429091
AHU4ZPSSVUL6GX5XQO3YEGGPOWWQ,B0859KKL7Q,1608959159894
AH7ABEKSOL63ZTANTVRQLJQ6W6FA,B07DVNJ5LP,1580665677982
AGC7DKG6T5GUFP2B3455AUAE2D7Q,B07KJLV75L,1564269237991
AEY43NU363J3TO732XSYMB5RTQCQ,B0742LVLMJ,1525807544079
AGWJYBNXQHNVGH7I2HDZURUQXD3A,B07KT17L2S,1647540932134
AHY6N7KM3VDGP4B2MIICALFSCL3Q,B07DNM6GBC,1533529670595
AFCMFONPKQH252C3HBDOFYNDABEA,B08W59XCLW,1681873080045
AEBAQ2E55Q43D7PHTLTCUW23TYYQ,B0742LVLMJ,1589315506695
AEUHA3VLSN6BRV2KMQGKWAXZPZOA,B083M66CHC,1644362587329
AF7QWCVCPIDUGUPOTD57YOU34SLA,B08GCX3JCX,1608185550221
AEQ6VXZRHPTXFLXGB2O6CQYVJNAQ,B08GD26JQX,1604854993379
AGZVPSKSNRE7VECJLVUBJIHNHWUQ,B07WT5CCKH,1572656938564
AEKDNBII5G4SL5YRNXFZ3XMKHJUQ,B07VGN44WK,1593789989928
AESSOCT6FA65VGSMWL36BTRJUANQ,B07WGGH1C1,1572287763349
AENO7UDTNKVXAKK7ARQ72BJFNHRQ,B084KNZBM8,1640197763718
AHHVXQ3DFQECYCKKJ5GTEH6FL2GQ,B07FT4FMWX,1546532672590
AG2NXCEC2RNAWHQJOZFIMGGO26VQ,B07VGN44WK,1589845095675
AG2NXCEC2RNAWHQJOZFIMGGO26VQ,B084KNZBM8,1589818414761
AEFG5ZZ5FXKBPLICUJKPVQU544TA,B01M7UDAVI,1531232015342
AFXG6MJCGPR6PADRHCPZI4A2Q2XQ,B01M7UDAVI,1503244342146
AH4PBNAV6EAQLQFSHNWIDFETBXZA,B08PG479LF,1681079352328
AEYEGDOTKU6ZBLOVPSEUQHAVIVNQ,B07DVNJ5LP,1596836026895
AG3TCSRJSPGMU7GLMUBTWEH7TJAA,B01M71IUZ7,1633985103439
AGGZE5IO3U6RIXGUURLIRKHEPDWA,B08GDYSVNN,1618360451392
AFMOGK23R7FZNBY74TM2ZP4ZH6OA,B07XGNHYC2,1577462936755
AH5DHDJJS7V57RDHNZAKTCAR2ZEA,B0742LVLMJ,1530805951233
AFQXOHEMBLCNOYLTVRPFA3IMHN6A,B07DNJ6N8K,1543471296058
AGXIGSVPZ52WFT4A54TFKHODIVYQ,B08D9S6BZY,1631724806632
AGIGP2GMCJ6XLGBMCF4SNLV6VWRA,B07DNLPCB9,1576038129265
AFABB24ZLP4THNF4OHKQZK4RUMAA,B081W8SGPY,1620096009903
AGUNUCXPSWWG76Z24FFS4AQONLXA,B07HQCCD29,1545001670396
AH2PY4NYIYUVTOUVRYJLO5GS4U6Q,B08JZ67C2C,1612655081412
AGKVSGG2IWJZ65H677D5DDN36KMQ,B0742LVLMJ,1572023563206
AEMZFKNULCUWCZBNF6HP4CPN6FMA,B07HQ7T8VL,1579656885874
AHPI443TIEJEX5M7W7N5KOG7W2XQ,B08YRRD3YC,1619706079452
AG63U2C24HVURAFI7SIXEU55WILQ,B09ZTTSL5P,1663036564763
AGR2SMF74NEYUSFMDSL5N6WEWYNA,B07DNLG9ZR,1535236463958
AFB6OIX7FQCLUBYVZE3GDLEZLBFQ,B08N6X9183,1673196832570
AF7U6LKUB2O3U36Y744KUB7EPCZQ,B09K215D62,1659039466963
AEIBTI6J3TZKSMIW4VLC2NTT6PFQ,B07TC8GD11,1590677450466
AGY5NTW6ELILTYRLZC7WIYX35FJA,B07DNKDLYV,1540339476984
AFZ2HEWD22DXVVT2PKR6YQACJKRA,B01M71IUZ7,1520315272991
AGIIXSSMRNUJETTGGL4WMZ3KGQ6A,B0992LL6TG,1648160936214
AHHWYCCTLAWDHDDNCLXAH77MLFIA,B01M7UDAVI,1489685159000
AF5H6TSICPLPKAYQ2S2BLTLCDKQA,B07M5H99Q6,1577497006269
AFFT26M7KWYC5Q6TPJKB2UR4X6NA,B01M7UD21X,1496163981000
AHQ5GSZEWZTJ4EQRYZ6ZJMLCWAUQ,B07VGNQD8K,1608303340312
AHVQKGFSWYNLIO5T3JFJNES2RHOQ,B095WFPM47,1658132465556
AFQGHL5ZUDZ3OTOLCVYSNCIMJCVQ,B0742LVLMJ,1540222229163
AGH6PZMNVHI5HICO5ILZNUHT27EQ,B01M71IUZ7,1547663938199
AEGLWNHPMYDS42UXAW7MHMKLBGQQ,B01M7UD21X,1495569640000
AF2NRMG65D4JFHIVUTLCD4UPVWMA,B08R5QQS2P,1634420566319
AHB6E3Z6AJ4LZ76OG7DBC3ZRBHSA,B07SPDBR1J,1607121462591
AGXO4TRMI62VFJYJ4VXGESXGDTRA,B09DTB44BY,1682033588227
AE7TVGWN5XEF3OQGHSSETCXWG5KA,B09R2MXZHC,1665254369331
AFG5H3RM5QBRHTWHHKOMEHKIQB7Q,B07DNLPCB9,1548078489358
AF6X35DCLIN6ZQU6OUGN7WM7UCHQ,B086JBB4HD,1620665494137
AFZNLWT47TE7SVGIDQHUJ4RBMFVQ,B091FJFZ2W,1646761352177
AGPNEBHGLUQ66WYMR5XZXURFRRWA,B07DNM6GBC,1549483857876
AF3QOURSUNC74CHYBMMT3XDSENLQ,B09J8TV2QH,1672523021768
AHFPIOLH3ABAO6PIT2EZ2L72O7QQ,B07DNM6GBC,1597118410694
AHRKNSBZULPFG2VV453UM6VPTV2Q,B0742LVLMJ,1627960313166
AGOR4VCBQBGHQ5ZJLPAGQZ7Q2OFA,B0742LVLMJ,1593194378547
AECVTJ6ADEXOPX7FUKE2DOVAC7FA,B07FT4FMWX,1561323805866
AF4Z3X4A6MWGTWXNTLKCYQACAKDQ,B07XGNHYC2,1607827703721
AFWPXL26KZVXWO7KIOJHQOMMNC4Q,B085W6VHP4,1659412530844
AFC4N4PFLWO5MKUKXDTPEV4JRRXA,B07DNKDLYV,1572136869805
AHTRSM5SETG7PQDK5AM3XMMZ53WQ,B07QD9WBGB,1605473785372
AGX53RKAZRGVO4UESAAUMQC6RH4Q,B01M7UD21X,1494012535000
AELVFMQTELGYL6OWZ5RCLU2PXU3A,B07GC3X8V7,1543342662698
AFMGV3XBP5OWECUYZT6OD7TZTZBQ,B07KG71FKH,1626887189450
AHSEDZ4ZZG33CFVUPZM5XSG3TOCQ,B07DNJ6N8K,1537378078322
AH3NSCNBETKC5U3KO5LM6YJE4CVA,B0742LVLMJ,1537721727036
AHC4RCIWMS4SINR56WRGLTGKP5AA,B0742LVLMJ,1557029187467
AFFNVTCWIIU2IFBB2HBHV6SD6KPA,B07DNKDLYV,1570788719658
AGBGF5FQ7AQ2O7UHH3CUNKQB6O6A,B089NC5XM1,1648752430253
AEFHNWM3FBUTIAPBXENAOFUCLWZQ,B096MS17VY,1667729116387
AEYCDOU377PMJJIZJVLD2RGEXJ7A,B07L3K8S42,1627706286331
AF6FKCYU57KBYRPLC2JS2734UVIA,B07HQJPGL2,1549491509275
AGH4L6IJLTWWJI3NLJRWPCTKSPNQ,B07THJZVK1,1580171427617
AEUC4GIZ3YBDK62U2Q23HB3N42OQ,B07VGNQD8K,1625852749840
AGI7IT7F4AL4X62YWNDLGHV6W6BA,B07DNML26P,1544570530597
AEUC4DY6IB2T7YUE7SKPTJDFAHQQ,B07GNWWTRV,1546875632349
AHLHUTI2EWA54AU3IUQZ7K5DVEJA,B07NL7BQS4,1597083066712
AFJGMAQPOY73O6NWLO3SAWYHWNLQ,B0742LVLMJ,1547005988840
AHWH6W662YSS37GTXFZVVCWWL3UA,B07DNML26P,1542389213324
AH7ZLN572M4GKGPYWR5TBHJH7JSA,B07VGN44WK,1574484857006
AGHRKSYOP7FBRAM3N5V4MJA5ULMQ,B07VGNQD8K,1614721058385
AGQKVXLGSCFLSIW4J5XNAG7EWL3Q,B07HQCCD29,1614971967528
AEV6X6V6IJNHFI44MCGONGWRHPSQ,B07HQCCD29,1547737653148
AEVF2PWBTSMM32ULZV3277Q7B2UA,B07VGNQD8K,1597115560459
AG23VHZXPGPGJMFAWP3WVRQNTVCA,B07DNKDLYV,1623258856460
AFR2BS4QZWCDT5RHJORPK7K4HQQA,B0742LVLMJ,1586954092982
AHDIUG3EGDEQKTSBUM2F5UDYZPBA,B07DNML26P,1539616474850
AFKDOHEVP4UWTEML7ZCJT5HPVYAQ,B07FT4FMWX,1577317166651
AHOTFX63FDSWMPLWZFWXY64XKV5A,B07VGNQD8K,1579019812407
AE2VSTOCKD5DG2QZ5IJSJE4QKYXA,B07VGNQD8K,1598622949693
AGA6VOKYWC25STD2KWSQ2SG25GLA,B09RQRTCCK,1662818397555
AEYCPB4EY7Q3HWQLX2VSZNT5BDSA,B07XJY11B3,1673568315772
AERJHGMJXFRV37DAYARPL36LHOQA,B07H3QNJ1Q,1588452534964
AGXTBG3XIVDKBH3Q6V2QKVFF5ETQ,B07X5SVBJW,1610831471188
AGLGJ2MKELFVBJPRK2A7WIH6WNYQ,B0848GLB12,1634323112232
AFXOGGWMBNO5FJOA2YCU3OLIISQA,B07DVM8MM5,1558201284736
AGZK52HERXSPGGPFRLD662F3ATBA,B0742LVLMJ,1546794817298
AFYXKMXRIEI2P3SKGD7BCVWMT66A,B0876CWHZF,1676572366883
AEOTDJVCMP7W7KBRV2SBPY57YNKQ,B09R2LDK24,1663805238479
AFHLTWL3BXBVT4YTZQHWH5EHUKQQ,B07XKF8CB3,1598504294939
AE7TYEJSFPPMNTH2M6XPLIZJWHBA,B07DNKDLYV,1533354127258
AFXJEFJRZUWF4LM3KW4TZBBQTC6A,B07X5SVBJW,1610474005817
AFSXMIAM2ZT7PUBJ6SHL2DLYCOIA,B086JBCVB4,1607607738929
AER6N6ODZYTHMDLJK6Q4PPLUY65Q,B08614QFGX,1610767242287
AFSK2WPG45JFPIORYZWPZEXKAEHA,B07DVXFP2N,1570464998239
AHAUVCGJNMJASAM7XEYJHJEMQNUQ,B07FT4FMWX,1580273704236
AFWNA4IKKY6QY4RWFY54QMNF6BOA,B095WFPM47,1656066318698
AHZXHDUZQZY2XBPAYM7WJYOAFMXA,B07H3QNJ1Q,1592759370101
AHTZHS3DI2IFRJCKRP22F7SVRHQA,B07WFHJDB7,1613427805390
AGZMB5EQHMFTFPOO64U6Y2M5XQCA,B07XZ9MXHJ,1574729181699
AEAJAOUXNLNN2DIX2VL6VMCL6K7A,B07HQJPGL2,1542647918353
AF42AYGJOQM5DFOWE4XWDUNIGHCQ,B07WFHJDB7,1609629405941
AGL37BUR6PY5GVOAH7JXNIZE3FFA,B0742LVLMJ,1520611315344
AEZ6TCZAE3Q6AGI5A6OEAMIGLAGQ,B01M7UD21X,1496336675000
AFWEOUNBSIUTNDHWXEFODUF6CAJQ,B09LWP8KL1,1656806816483
AHHGAHGPE3QWDIJZQE5FQP5WDCRQ,B01M7UD21X,1523484817626
AF5MI3ZFG55C7EJMLDJZKJVUCH3Q,B07GNWX112,1557627799153
AFKTSVCY2CEVCSXJX7XKLXFUQJJQ,B01M7UD21X,1539453392395
AHFVNEZ5DRRI43R6XGGBB64JBBKA,B07DNMN7X6,1554739451519
AEJ5H6P7CJB7KHPOSZ6UD73YBICQ,B07MGJZ2MH,1576003966831
AGRXJEIUTED6EBNQRW6G2GVHFVXQ,B0742LVLMJ,1527793940203
AHJI3ZT3KAQXAP3PQWRLWJRFPJBA,B0742LVLMJ,1559613543386
AGD5RRWH4OQVCOGYDDQWBNCUU46A,B09R3MQLXY,1666301507692
AEY4UGWZFCCCH7U2TXD3MEH6RTKA,B01M7UD21X,1543911432227
AHGJKJ5LLAR65IEQL6XGA6L63OVA,B08R5SZPNZ,1627680560686
AHGJKJ5LLAR65IEQL6XGA6L63OVA,B08BQ2KCG1,1611774370143
AEUNHR5LCBFA7F7OJZ2UFM7EZJBA,B07DNLPCB9,1543680145110
AFB4A7EBR4OJG5AFYHH44PUP73VQ,B07KG71FKH,1682362442607
AFM2LRD7LBGLE5FV4YE5ZMIXL45A,B07VGNQD8K,1652491231294
AGP7BGVSNDRKL232ATDVJO3UQCBA,B09NQ9P6ZL,1651112927356
AHBHCE7CIXCKLZHIXAML7E4JWJ6Q,B07DXHG3MG,1540905271902
AE7CES5SUU5J7JXOTR5U22UL3RDQ,B08W59XCLW,1666386147342
AFZCIAENXJ32SYM3KM6CEB3KCYEA,B07PRK81VF,1598397132945
AEUFO377AVFPEBK5UHE5R3YXXN6Q,B07XGNHYC2,1621275839216
AH7FDTKS63MV2YMPVUJS7UIQPCLA,B08G55T84V,1608158191399
AG7X5NTU742JGGA34Y62UICOXCNQ,B07MGJZ2MH,1596943027991
AF4RY5KVT4ZLNULHX25BK5CLODQA,B088XFBJ1X,1611028722423
AFQ7BFN4PKN4AFYWRFKJELH3UZKA,B095WFPM47,1626541942297
AHQIJ746T2SCUMRRWP3EJQUJ6V5Q,B07DNKDLYV,1542071573900
AGCNC7L5H35ZC52I5YTKKKYMUWTA,B07H3QNJ1Q,1551919319399
AHVE6GRWXUQSROFMUG2ULOJCFJAA,B07THJZVK1,1576962423493
AFXMR2XM744CQUHC4GJIFCKGPZ3A,B07KCLWKR3,1547495608833
AEIXNOWXVCMZSGMTGVSQXVXZ7KYA,B07DNLPCB9,1534980465775
AGMRGPOMGNRWK5K35MCEWYXCRHFQ,B07DXHG3MG,1535329549182
AHECC23DE6RVT3IBVNIG3N4BVX5Q,B088YB3PRB,1683316424817
AEXYLAQE4Z3WKO6ZI7RCGYJGZQHA,B07HP1T567,1618067782235
AHB77SY2KAHQW4DXDY4KVVJBQYWA,B07KJLV75L,1562077452736
AH3FNUPI3R3XA4DYP73T7JPMYVIA,B08M3JP1HV,1646179686443
AERIS3N26QTQSCPZNDMBIQOFCWVQ,B01M71IUZ7,1520431713140
AGK5MP2QNYWJX3NOY24ZGZHWLUXQ,B0BHXG2QZ1,1668511693645
AG6ATAMWJGUIL5MCCPP5WIHK2MJA,B07XZMR3K4,1590153399073
AHWJXY2ZKW3ES7KL3I4KLWQU2MDQ,B07SPDBR1J,1577576785171
AHUDTOVBLYUPNOESL6XFOIAJJPSA,B0742LVLMJ,1592398417709
AEPZCFCJG3P5MC2D2M2UYRONNFHQ,B08GS38B42,1666234991841
AGF6T5XGTBMVHWGNL3QUHSRBVI3Q,B0742LVLMJ,1594063790548
AHV2WXMRDGHIIZ4CVW3VUHAZLKCA,B07VGNQD8K,1582909974869
AEISNMFG62ONMN4BLVHV5SEIMTTA,B09CZB5GP2,1637713437466
AETFDJZRG6RKE4L3USRTXOVBZ4FA,B09DTB44BY,1639584225716
AHWV42KFOIJATQCRXFF7Z4RFYKSA,B01M71IUZ7,1506716643465
AETQRGMYBFMH4C63LFSIWWXFYD2A,B07VGNQD8K,1599363954992
AGG4TYHXSARV3HHL2GE3XYSYVTAA,B0929DBCX1,1671589510090
AHGVUUDOTZVFDYGPVSNJKNWPYYQQ,B084JGDV6P,1598795532360
AFKD5ESQDV6XOKA74MYSISAT7KMQ,B0B6CPL52Y,1665020807811
AGHRY73W66V5YMW3ZY6BDGXBKJUA,B07HP75X12,1570707026223
AGRZJDNI5Z5SJRO565P2JYDMPABQ,B07DNM6GBC,1547396063456
AF7GGAZNN2LDZGTXUA4YKVOQP5JQ,B08QMH1TBG,1634944136515
AFMHB3QWL2V3ZVY7MA2BPNNZ6ZAA,B07DX25MZK,1556211663728
AGMJA6Z6WBGM7JU5NKW5YPMHBFJQ,B07DNMN7X6,1544868862509
AEVHP4BQCMFPEV7N35DEJ4AKG4ZQ,B07FQWLCT4,1539366294480
AFJTYOEQLETS3M7CJN5CJD6EJU6A,B0742LVLMJ,1504545383122
AHGELTOJTU2Y3T55X3UCWKAVAHJA,B08MWPG77B,1625757158482
AHZHUZG2NS3XESGWHC6ME5TOUVAA,B081TBW1FB,1663264516990
AF5AHKI6GJ5BQ5A7ASTXSJNSXB7Q,B01M7UDAVI,1516376271939
AFGS4PG2OQUUQM4DEV4DGE3VAZZQ,B07MGJZ2MH,1556274204834
AHXK27WZOL3B563B7B3UTHCQXH3A,B07FT4FMWX,1559238257519
AHZBQ5IS4XLJTW7OBAGK2XNOA5PQ,B09LVZ3T6C,1655925630646
AFUDHVSLVOYYXPRKL2OZN6A2URSA,B0742LVLMJ,1591998406225
AEYYZNW4JPWKZUXL3XP5HSWDXQBQ,B07GNWWTRV,1542137390212
AFV6L3NO3GQJ5RLYLRJBO6ZGT3MA,B07Z3ZCJC2,1609690049973
AH3ZUHEAQEYCNY7MOA5BMZPLI6QA,B0742LVLMJ,1596896362782
AF2CDFILVMAEQZ7MNT5CKVRHSWDA,B07XZ9MXHJ,1622242535760
AEALMSDWRQDQJGYXS6HYZPWGW64A,B07DNLG9ZR,1596932335077
AFLIQLPH2X4TQFTHC3CL7J6YCXCA,B088Y4V9FX,1623210838724
AFQ757QSDYTCDASJ6K3FLY6RWHIQ,B07VGNQD8K,1598802958939
AHPCRJUYLUBGPSQAGQ3LIHCUKBPA,B07KFM1ZL8,1576702955483
AHXT7JODBLCKB3J42E76E3KY7RLA,B07XGNHYC2,1631663646318
AEFSIROZNQXBIT4JIVDY6HUUQ4IQ,B07X3TJGFJ,1591831976144
AF6DJQOJFEHE5Z2PSFWMFQX5FUMA,B0742LVLMJ,1548875287280
AFGK3A65G7QZG2BWFTE4UXVISVZA,B08GCX3JCX,1609014725483
AGOZQRVUX5VVFHBVSG6BVLAI2RBQ,B07XGNHYC2,1607814510500
AFDG5N3VJRF3ZFBJT35HDCFU3TXQ,B07VGNQD8K,1598550321938
AE374END4JLC4OMGKBCLODY6O6BA,B01M7UD21X,1501175752126
AFSIYA2P4LD4SUMEOC4OAG7U7O3A,B08N5BDD35,1608423976219
AFJXPIFKDNEDLLYL2XAX4HSOPNFA,B08DDK1T6C,1608388488794
AFT3DP53AAOWQOZQ6ZH3T2IFQY7A,B01M71IUZ7,1502785809980
AG6D4DNW4UZZWKJYTOFTWSEQRS6Q,B0742LVLMJ,1535162372368
AE7J7MTKCE44CHOBLDUJJVRZNMUQ,B07DNLG9ZR,1554191000747
AEEHX2AUY4H46XKU66RKKBEHNBEA,B07VGNQD8K,1656548671486
AFVCTO3JSXISBTRKRXEKKDGZSFBQ,B081QDJ3NK,1605283499672
AEELKCYURUQFGGLHAK3YTOGN6B3A,B0742LVLMJ,1516651631492
AFEKZC34WJVT5PYHFC7GONBIZGOA,B01M7UD21X,1508077122312
AF3XZAN6LDH6JSHHYYVDDB2YGT5Q,B08DDK1TP5,1608664175451
AERMMDLTBMPJPWUJC37JGU2TAIGA,B0742LVLMJ,1597466008158
AHXQ5SWRSR74AAT4QIJO2RIKG4BQ,B0859KKL7Q,1608261023159
AH7SXCDHMTTUKXVWUV7ECUSXTE7A,B01M7UD21X,1493925114000
AFX4SKOFN7IZC3KTBSFM4ZUMGIZQ,B09J8VQYY7,1636664684693
AHB6RLNAC3GTDSN5WVAINCRTXTMQ,B07DNLG9ZR,1554906127971
AGILQFVU36VTVGFRUTCFOC47V5VQ,B07HWX4GF9,1546015096729
AGQOTVKBKALLVTK3N6DU4YNZDZKQ,B09DD9F3KH,1648319549905
AE3Y6PJ2TG6ZNG74PX3DA2KTNZUA,B07T733WLJ,1582206855334
AE3Y6PJ2TG6ZNG74PX3DA2KTNZUA,B07T733WLJ,1582206855334
AEI2LMUUB4U3PYM7VXMEVWWHUT5Q,B07KC11QFV,1592158050757
AGP3UTHBJBJFZ5ORT2YKDG2UJL6A,B0742LVLMJ,1590280787211
AFGJ5ZCTCXSLWMDLRUSYHI42TMEA,B07TBG6VKQ,1569874590586
AGAA5M2DD7VRHTC23MGMZYZB3SCA,B07HFL1GS3,1594211797667
AHXR34I7SFCLII3F4QVS5X32SEMQ,B01M7UDAVI,1553110529078
AEUCIZZNVYKLESTSEZWXPRM6X3GA,B0742LVLMJ,1599941373884
AGDODEFXPQIUNPQAMLPTDMGKDA2Q,B01M7UDAVI,1552531012549
AERVL2H4UNTBSYVL5UWEVM7QZ6PA,B07DX25MZK,1538516587916
AHAYX2XEK4MO7G5CAVQ5CRUMKKIA,B08VDP1PZ9,1616280352570
AHBFKE7WS57IOZ4IHWYPQGJU7SCQ,B09FLZWCJX,1653138455274
AENXKMOUTVNE23BFOI34MHMBSVCA,B0742LVLMJ,1534874008271
AEZG32RY2ATXNDQCWXCIJV7U3TTA,B01M7UDAVI,1559737239521
AE2K443QS7CPRDI3OQRK5HTKUO5A,B07Z3T8J18,1575755937969
AGFTSOBQN4VVF7PJ2AWOTEWIFG2A,B07DNM6GBC,1544152553402
AGETWWHL5QWQXZKZ5XMLJDYVTZJQ,B07DNLPCB9,1548336881357
AGHWWBEA44X5OEE4SEGEXDESHPLQ,B0742LVLMJ,1594473976853
AGQ6FKNARGWV63O4VUVDAYGO36NA,B075NM1M1Y,1605333399485
AG5G4QE7IZ7WMVEOOZHWSLLF2WDQ,B07H3QNJ1Q,1599321755301
AFLD4J6XY3RTKH2MDU3FXIVXZ3NA,B01M71IUZ7,1582077022305
AGRY4QJDUXZXKLRAUA7FUBIPTUVA,B08GD26JQX,1603744947654
AF3PQ7WJB2OEX23EA4EG5H7OR4DQ,B07QXSYDGF,1620195513368
AE2VME6JBCP6VFFRBJQGHV5WLEPQ,B0742LVLMJ,1553628740834
AGAOY4OFAO553D4XC6FG3YUF4ECQ,B01M7UDAVI,1538165201623
AGGGP5OWVYOWCO2V7QN47PYBKJYA,B07DNLG9ZR,1545085714637
AENRTVFQEWPZG4LJPL3LZPJLT7JA,B07DNML26P,1535849084832
AHM26O5PB22PV4QZSCMTXJS6TIBA,B07Z9HSWW3,1588962056792
AEFOME4NQ3RTQWMRL5F6J45OSOIQ,B01M7UD21X,1489805896000
AHCEDQMZRYIPCU66HS7GWJKSKBTQ,B07HFKL5DZ,1576919308203
AHCEDQMZRYIPCU66HS7GWJKSKBTQ,B07RDZVJCZ,1576786311185
AHCEDQMZRYIPCU66HS7GWJKSKBTQ,B07X9R1TZL,1576441054166
AEXYLNDA2NHT6VRSE3ENNT2HPY3A,B07VYTBJKP,1578148598990
AGPCVBXXAYKRTHPNQOPL3DG66Q5A,B08DDJ1QRS,1600700144071
AGAKM3USPOESHRVGORFBVF6R5PQQ,B091Y55Z1H,1627520772808
AGTYM6HSMS3LZA27IRCUTHHWTEOQ,B09R3LBZXC,1665116388558
AGBLCMAP24YHEWNE7V7FUPE6CYPQ,B07V5VWTMB,1609869356944
AFMTHDUVKCLG773N6VHY27SZHBFQ,B01M7UD21X,1556591331440
AFUASF75IB44M7JYRKYTZD5OXZWQ,B08WG66WYD,1643492088000
AEOHZGRKSWHUFZJZRANFEALSVATQ,B07X5SVBJW,1595471614688
AG5OUSKL7JVLDVHO6CDSDVQOS4EQ,B07KG5RPCF,1595624307594
AFOZQSDM6DLJP3UIWDSARFCUS32Q,B07KJLV75L,1618365848524
AGJXPED2ZDRCYAFHA77N2QFB55NA,B0742LVLMJ,1558301305145
AG32UDYG22OVNACULUXEB2ZV6KVQ,B08M9X9KTN,1618889736880
AFEYQL5LUCUJRNP5ORF2MBWB4BTA,B07MGJZ2MH,1598491635507
AHA5V6VUN4X2TU5EFCAYL4U6E63Q,B091Y2L7NF,1621968793339
AGSPC5AC6DFV43YMUQYP3IXDIFDQ,B07KJLV75L,1605248494163
AF3N5NUGT2XL6SDNMTUBBASQDD3Q,B08KWK6N6H,1659551820764
AEF4LJIYR5M2PKLU6Y724CBG57SQ,B07QYVCWHD,1611623009297
AEOI7FPZ65MK2IUK6NZGQQHYZMYA,B07MGJZ2MH,1564863406837
AGEKDDDSHMCFFCNA6HOLODD3XEJA,B07YZPDHK3,1582943325788
AF5U3APY3ONW6CTTJHPGRX6PCPZA,B07GNX28KS,1561918580370
AEKUG6NVRXXGJIJEVY2GBMFBDFSA,B0742LVLMJ,1598574504140
AEVUGRRPGKPN25IO5SX52J4LDQIA,B0742LVLMJ,1607814771683
AFEIXGT5FCLOUJW7EO45LY6Q72CQ,B08GDKDMDT,1609712817456
AGCZ36ZVACQL2EAQ6P5NOLD7Y6HQ,B08M45BGDN,1626746859267
AGLQ7UWSBKN7OIRDWURY25FZQ7AA,B0B39J6S4X,1660439524814
AGLQ7UWSBKN7OIRDWURY25FZQ7AA,B095WFPM47,1625799887163
AHTKS67ZUSMEDXXG2G2EVA3EHOWQ,B07V5VWTMB,1606242639182
AEH56BE3UYR6FTYWNK4EZKG3DXHQ,B07DNML26P,1535655283014
AHZQEDKXUZRDTVALRRLH5IBVODVA,B07DVXFP2N,1545105632673
AHXW3AN4PYZMQVVPIHKEQRTVRJGQ,B07DNLPCB9,1543689333923
AGUXR5YM6PHEGV6XNRG2TDEQXGDA,B095WFPM47,1659382272827
AHOKTQKJL7FQQVRXCMXLUBHY2D6A,B084L6QXWS,1609514843502
AFCSZSMG237FCKDXEKRN6GB6JOZA,B07MGJZ2MH,1672474422207
AHT23LY7ABP5HH3KWRJQWGIOC2RQ,B082MKSDWL,1617915671334
AF45HIXLHBL4UEZE3WSWTDRZONAA,B095WFPM47,1627575816282
AGU5WZHRTHLBWB3UTNUK47NNZE6A,B07MGJZ2MH,1636752174775
AFECL3T3MWF77BZI3EJW4ZBAZRVA,B081TBW1FB,1621962373555
AFECL3T3MWF77BZI3EJW4ZBAZRVA,B07TWRWCRT,1621961373216
AGVIJJQR5JYJ6XQR5OE53SE7WIGQ,B07FT4FMWX,1610917503904
AE4ND4SHXXRSEQ4VADOO53E6WQMQ,B086J9WXWV,1615566024986
AGSA4ZWIU364J7JLJFD7YTXJXSHQ,B07DNLPCB9,1542558311731
AGSA4ZWIU364J7JLJFD7YTXJXSHQ,B07GNX34XV,1542557297004
AGPV4TMTVZ73XW7SNLJ5WM5OPC4Q,B08DDKTDSF,1609124682916
AE5BYHOCDT435KFNWZWWZRQFW4OQ,B07VGNQD8K,1665035751853
AGO27K6EJIXFQIU5XMFYTGCGOO2Q,B0742LVLMJ,1633261853095
AGG5J7BBK5RCYH4K4MYJS76MT7EQ,B07NL8JS76,1573068068284
AGCHKYD6NUZUBGIMAJEN3MHY2V6Q,B09S3X37DB,1654204071723
AHWWD2KHBAJAUTY77NRQRRO5LZHQ,B07DNM6GBC,1553967547506
AHFE7ISJPTESTNMMMV3CU4AF37TQ,B01M71IUZ7,1529369249849
AHUAM6NJWIYIHPNGIQ3RWMOAM53A,B07DNLPCB9,1559102991800
AG4OX5PXTD2XAMM3UW5XHTBM6QAA,B07XT69WH2,1609372284931
AFXDTFXGBCA2C2ENVOFA5RVP5DBA,B01M71IUZ7,1488578692000
AFSNJ56TGAOKNBKXRWHHGKC7W45Q,B07HQJPGL2,1577828445857
AGWHBABLZJQJBXMS5C4CWVWPI6IA,B08BQFPZBT,1598484479393
AFWE6RPH7KUZ6URVFVI4GU5PGILQ,B01M71IUZ7,1493691832000
AGEMEKPYLKS3VV2CHGWAPUHWHPTQ,B07VGNQD8K,1607090105069
AGMYW26SALW5FDZ26ZIA27ROTLBA,B082VJXRBP,1590698300743
AFZJE73PJNRV324RZB7YI6FSBLYA,B08GD26JQX,1603629829786
AHDJ5LWP7KJA6TI4DE3AYTONKASA,B07VYTBJKP,1593921358975
AFO2ARVMDIJ5N5GL2WBLVIQTISQQ,B07SYR7V9W,1571680448557
AEK3G4CQIBIVY7JE2TKXG2FGCUUQ,B091Y55Z1H,1621360658144
AEYLTRNCXH2Y7NMJ76M7725SAWIA,B07NBPQL3C,1610323517126
AE7T5UWWS3PK7LFM3GP3N446VVFQ,B07GNWWTRV,1541873413942
AEZ2DD23TTYQMSBDTJ6YPGMNJ5KA,B07H3S5Y9V,1540314970654
AEZOGVCJF2S63FWP24PCWLP2UDPQ,B081FDWY79,1614719363685
AHICKFYWXA6QHRPYDNZUJYPKAYDA,B01M71IUZ7,1504712843346
AHZO4UXNISBH5CJY6YFVISEXZNSA,B07T733WLJ,1622120684306
AE6TZFUCMI55TJOKUFWYUMHNMQ2A,B01M7UD21X,1523172989591
AGNXCKPNSWR3H6OOR6JEC7TJCI7A,B07H3QNJ1Q,1559511143361
AFY7JHNF2TFJONQYU35FBTLVEOUQ,B0742LVLMJ,1554958206148
AEQXKBPOUU2V6Q4WZF56BY3LMW5A,B07PRK81VF,1603394682546
AGXWLOMYFVHGYBPPEWVIPYN47PAQ,B07DNJ6N8K,1543614189888
AFCBQNFJCOG4T2WM7HI57H4WLFIQ,B07KG5RPCF,1650574104801
AGZ2IUJHVJFNXMJFKO3QX3KMZW6A,B07KRGB574,1656542595280
AEE5QV4B3TIOW225SELJPHCV36KA,B0742LVLMJ,1592180830154
AE6ZWE2RE7DTDSPWFCBOV5ET2UNQ,B0742LVLMJ,1540305453064
AFP7AEBJUHDUWKC6J6LC2QUXPCYQ,B07WGGH1C1,1601231573188
AEGILVXE74VR54WNPCD2CTLANLLA,B075NM1M1Y,1618762767390
AHQZB433OG2N7OJQP6Q7NND6OMKQ,B08GD26JQX,1605129684372
AET3CCC3AHQ3JCOFKQB7ZWZMERUA,B07XKF8CB3,1600305639339
AEPNXVSMH5RI4QNLQIW4HUXGMVVQ,B07THJZVK1,1610811885591
AENR2VFMHL7X7UEDKJFVYFE7PVIA,B0742LVLMJ,1597446101071
AEMPVIPQTZNA7WM3BK7Z7NISJV4Q,B07XGNHYC2,1621810577870
AHCCZSLP3UYRWU2APUMEJ4A45YIA,B07YZPDHK3,1607773571928
AEW7QHKJFF6DKMY2Z763NTLXM5CQ,B07WGGH1C1,1572137452819
AHJ2BHI7HKOYUQYLGPHC4MHVOOCA,B09FSV7MBC,1681123382667
AEXOUCGRLEXRAZEVBOA53NXUTMEQ,B08DF5KX4M,1609191027329
AGM72N5BTEPCOACRXTCSX2Z43W3Q,B082MH51J3,1621460971354
AFPCJ4GTU4S3ABC36RST223BA3SA,B07HQ7T8VL,1580082673468
AHNELDUDT7N7QKIB5JYX5COFLRYA,B084JLN563,1608640390778
AFAWUNJBACAYPMSZKISKWM4D2CHQ,B08R416M9D,1646752030822
AHDKYN4HIAUNYEXSLN22YBXXDZSQ,B07DNLPCB9,1535160114043
AHDVMUXMDW7SJZNND5YRXCYA5KSA,B01M7UDAVI,1493871192000
AEX7FAEPDW3ELXFJVJSTAWT4GR4Q,B0742LVLMJ,1556219773325
AGITZFWKY4UVZEDJCZEB73LY254Q,B08GS38B42,1625149809142
AG4HIPU5GA5N6Y7BQ46UC2PTL5MQ,B07XZ9MXHJ,1579998729324
AHEOF53KE2WT3GLMVAUI6Y6DRU7A,B0742LVLMJ,1583231806935
AEUBWFYR6EGQGOTOZIW6DUCGRWQQ,B07WFHJDB7,1570296184869
AHU7C66P5SD3E7RT3RRE46MEEBPQ,B095WFPM47,1627867038595
AFRHW4CXVGUWENOVWIBT7VICQXCQ,B07DNM6GBC,1536054739619
AGDQQIH2CGQ676RSSGP5FEKA52OA,B08GCX3JCX,1644026681987
AGWGIF7ERCNGRGBMCARXHKD3JANA,B07XZMR3K4,1571356513498
AHPXSWXFGWP7NYIFPRKAADIGJO3Q,B01M71IUZ7,1500652807495
AFV4VJBIWABF5QT4OSZY6ZO3CPUA,B07DVXFP2N,1559388177392
AG3NOIPEGF5P3EJ6ZDHPPIQUDAAQ,B0742LVLMJ,1615075076530
AHVS3BYY4V4ECL5UJQOMPDWMO46A,B08WM3M1DJ,1669173978582
AF2SWWOIHFUDQHJ6FRUPJQ7ACUIQ,B08R5QQS2P,1676823822212
AE3WMHO3YCMXWUXY3NOBCJRECO7A,B07VGNQD8K,1597175512895
AEYUST2FSRMZ5GENQT6OGQQUAP7A,B07NBPQL3C,1662948882686
AHDJL3C6HDVOHS4Q3MNBJ62I4ETQ,B07VGNQD8K,1612394363279
AH2KHQY53ZMAWHYRTNRL4GWQY7NQ,B08M9M92XD,1621456297214
AEC5KL2OGQRMZUL3DSSBAMRZYHFA,B07DVNJ5LP,1545849035246
AGY6YEXHA6EQUUXSPOFEAJ7Z4NRQ,B08H5MHM3N,1644063951732
AHBFNMSJG3UVXYAPEEOGMK7QMYGA,B07WGGH1C1,1627618419293
AGTMFF2S4WG2RAINAJF4DCK3JAFA,B07VGNQD8K,1569961474972
AHZBM2LO3HSE673M4WIORHXBHDVA,B09NYFMW51,1675702325011
AGKG2HQCZ4LTVQLV6J45C5H6QD3Q,B07GNX28KS,1541094225913
AGVYHSWDGXH6JRCDUT2G4WK6YA2A,B07KCLWKR3,1548977116933
AHJ2MXFFC5LHT4GEGP4HPCWGTEPA,B07MGJZ2MH,1580342746802
AFEST6UVECS7YSIJSQIWOLBLUEKQ,B01M71IUZ7,1515636107152
AEXBM6BXNMB4A32P4ZNJP3V5YXGA,B07DNLG9ZR,1554071225853
AG3DM43DWXCGS6PUZ6Q6UPIYUV3Q,B07DNKDLYV,1540515435600
AGSIRHTKL2A7M3VJBZK5XYXVCFUQ,B07HQJPGL2,1588705888018
AE7E6FJRXCOUR35C24666XKOOVQA,B08JQMD7B6,1605769768672
AHJNDASA6LGJ2DQSD4J7ZDNSVGIA,B07DNM6GBC,1537481298703
AHTTRV4MIIEQPHMCUFO7TT5SLM3Q,B0742LVLMJ,1505517065975
AHOKHWMEUEH3AJEXFUHDNSHHSN4Q,B07T43BXRD,1594475364986
AHL2MX5YPGJGGQNPEGGEANIKSSHA,B07MGJZ2MH,1595681602456
AET7UAU6TUR3AXNDCPUKJ5F245WA,B07GNX34XV,1543342663523
AEMKXXXM7MN6K5HOLYOII3YH7TQQ,B08GDYXWBG,1605122761288
AECWM52TZWNH4PYXP3MKH6DUQNNA,B07V5VWTMB,1607290909443
AHXNV76UCUDB2CRRCVJA3L42TJEQ,B07NL91XW9,1613079469048
AGUKKLSNPCOL5HBURPLJ3ASWRL6A,B08GS38B42,1620501517161
AESUTWBJE6HJLS5FZLW4YOW76W2A,B08BQ2KCG1,1674329904274
AESUTWBJE6HJLS5FZLW4YOW76W2A,B08MTW1QSP,1650546110072
AG4U7RGTKSAR3V4WBQ7JF7IJEA5Q,B0742LVLMJ,1574179333020
AG6UNG6FCFI6ZUFUHXSXDJXSUNCA,B091Y4S1MN,1626299774029
AG6UNG6FCFI6ZUFUHXSXDJXSUNCA,B08DDHZCZQ,1600301995847
AEEH2Q4WGZ7DVMCU6743ZSTCM4NQ,B07S63NKNB,1568857564440
AEJZDDLD25RU4LLHGH7X6423T7RA,B07DNLPCB9,1535212063646
AFQF7XCD63LNMESH66D7SWLM6ZMA,B07FT4FMWX,1552509385279
AGODQQYPTENBL4KN75PT4YYZEUAA,B07FT4FMWX,1612591087883
AGA2J5G5UJUTP2RDCTSUVUHMB6DA,B07DVXFP2N,1564090556615
AFCFUFTNPU6HADOCXRAESY2LRFPA,B09M7DQGG1,1650454243808
AGI7B7MUPSARVHRNKDEZDQBPA6ZQ,B0742LVLMJ,1663537384067
AH7VAOPIASCOT5AJX3QARXNGL3FA,B07KPH6D57,1553311664060
AFA43R7FH3QL4NBAHT54GL6LRUGQ,B07GC3X8V7,1591051309944
AER5N3KYDZTFV2GZB2NQUFEDLGYQ,B07DNLG9ZR,1560189567585
AFBMB6AWRUIDC43P3VOUF3YKQ5GA,B07GNX34XV,1561990003406
AEO53B7BRD2EDQRVGUZTIOPCZQ5Q,B0742LVLMJ,1593477430713
AGORBUIGPTCUENESQOULN7KWDKRA,B07MGJZ2MH,1600538946158
AHVLXUEZERZGHRF4ULL3Y6XJV6DQ,B07DNLPCB9,1554066274626
AEOGADJVAKZF3MKDDRAJ7KZAM2RQ,B09LVZ3T6C,1656578304705
AFGI63DFFAWH2G3QTRISGXKU4KIQ,B08SMCV47C,1617044536723
AH2BIXFXLCUY3FXFGY55FGWMDHFA,B095WFPM47,1645901044780
AEKXTWUEWRQYKZLK36N4SABKHSLQ,B07DX14G6K,1556033476745
AHBZTHHDB27NZQK43T435JCY4KUA,B07DNM6GBC,1541457186223
AGHDSFS42BHMQU2OR7RP3MSZ2LSQ,B01M7UD21X,1520913127827
AFLSB45LTXNS6N655VDDWDDCKR4Q,B085YGPXJG,1624461200841
AEBZBWUT4M3S7SIVSN3O4JLVFP7Q,B07TWRWCRT,1614809948764
AHEJYI2MKTX7BDNBVYT6BN5BOEMA,B01M71IUZ7,1567936225397
AH5Z7NPRDIFFXJYLVF2LZXZA6RRQ,B08GDTG1K5,1617733408450
AE34P3JGXQ2EFPCHTHFPVRFD6UJA,B095WFPM47,1633883722511
AGWHPMLACNBBX4NUPZBSUIIHJD5A,B07H3S5Y9V,1604277874704
AHS6CR5C7EH6EIZD2TTWQXZFV24A,B07WMYGFM8,1632506223983
AERH3KAKBVXC2U3AQEZW5TWZZV2Q,B01M71IUZ7,1546899901286
AEA5GXR7XTWJFBGTFZP2MESM6GWA,B08GDYXWBG,1603736692817
AHBIY25ZZN244RQPLQWLTJMOK5VA,B0742LVLMJ,1613518732142
AEGC334TQ6HZQ6NL7T5DVKDZN7RQ,B07DNLG9ZR,1570764975733
AF5DAOMXKGCT5Q5ACFKCOIZGH7PQ,B09FTPHQ67,1634098917338
AEKKCGHQDKW64BJXEPDJBTB3XYLQ,B07WGGH1C1,1613425095318
AHDSSDTI2BG3GHGAGKM2RB57SJ7Q,B083Y6PF6B,1599872574934
AHDSSDTI2BG3GHGAGKM2RB57SJ7Q,B07VGNQD8K,1599872359813
AH36AJNTU6CKPSEZI6GCMJE5URPQ,B07VGNQD8K,1597319489118
AFBFYT5ZIGYLCSO7DZXTD4UGSX2A,B07DVNJ5LP,1597778203373
AFIRAYUIY6ZLOS4VMDJHCLWSCV7A,B01M7UDAVI,1577189300916
AGVANFBMFNROEW5QWSEPAPONIEWA,B07SDGKP88,1635225299851
AHZCJH2OP5WRILT5DP6AH3K2GR3A,B07GC1XFJ7,1572219595388
AHCOD6Y73SFTBATM2UEJVZ7WT5WA,B07F8Y6BH9,1638472201378
AE3GMJAJPJLXREGERSQXRGZSKROQ,B07DNKDLYV,1544726459002
AG7U5JSYYM3AZAEZBEHY2IMAI3RQ,B07NL8P5Q6,1604895440776
AH5QK7KQSWXLEJFR5OE6BULLJTVA,B0742LVLMJ,1576602974354
AFC4KHUQBTT4KYDA2HJLAZFL5HQQ,B07VGNQD8K,1594054725782
AGUBLD2CLZVESHHGN4UNBHBS5QOA,B07WGGH1C1,1588246040667
AEYH2BXRCAR5XQHIJUTCEF4HEZ4Q,B081K8LL98,1587410335452
AFRE7S7HSDT2YF664MVHIFE5NT7Q,B07M8D817D,1566650941412
AFJPFCA52DDOOKSJKBWNLSV6YVTQ,B07S5C7LR4,1563556311754
AGGUZ4BF3MG73ZMCMOEQJOXFHD7Q,B01M7UDAVI,1557855798020
AEMJHL4PEEQUSBDDQWG5UP5TDNZQ,B0742LVLMJ,1594393272242
AHM3KKXVHBWKTL4K6NZMTST6SRMQ,B0742LVLMJ,1563649581620
AEVVQ6GS562K66GADJQQFRUOXSYQ,B07N6MXJT7,1557194488725
AEEBRVOEQQONLHRZETRQTV76CTXA,B01M71IUZ7,1533870094674
AHCQM7XWK6FRK3JG5AC55G5KVZ5A,B01M7UD21X,1530331074660
AF5MDACYORT7WVRIQHFB4MTV7CIQ,B01M7UDAVI,1551987036778
AFOOMGR7GJQQUL6KWDEOBW5TUSOQ,B07GNWWTRV,1542228882371
AHVWQCBEKDKTRM2XGZCCFG53G5JQ,B07R99144F,1563386916998
AFKCTBOVGCXQIEPNTAMYJGFZXX5A,B0742LVLMJ,1638823131794
AFGNZNSTLNZSEN4QAWXNECN6K3KQ,B075NM1M1Y,1594546644966
AH5VKZ75JLBR6SRGPQYODZI64MSA,B0742LVLMJ,1651693982879
AHUFXA266G6JLPHEFH5HYW5MVT5Q,B07XJY11B3,1639849921124
AEYAPQR45SAJQOXGP5R3I5FZUZ2A,B08GKMF8BW,1644450577275
AHGYDYJOWOVQFFT2TCC5U2DFUP2Q,B09HRQML8T,1650481539983
AGSNLE3P6NCCR4E3RZ3IPD4VH5LQ,B07KG71FKH,1587066155895
AGX6SHQMUFRILOYW7YFHY3IUBNIQ,B07KRGB574,1618495638874
AFS7MX44JS6K7F7UFGTMMZ7AFYQQ,B07THJZVK1,1605691633388
AF3MV7A46CRH5WOILAM2DNLW34GQ,B07S63NKNB,1576438137986
AEKGRLKEEKTRNLQ3IMMHTNL755UA,B07HQJPGL2,1542830866846
AHXLBJD4EG3IIQ2KAH5PHQAIEH7Q,B07DVXFP2N,1545399003480
AGNIHYEYZ6VXHQGFHNJD4NABRWRA,B07F8Y6BH9,1617657371750
AG6HC25MWRJWSL6OS7ANTFU2VXDA,B07VGNQD8K,1641760234438
AG3FFMTCNYDELK7MN7GKXG6B4ZTQ,B09MWKJN6K,1646672079546
AHI4VUNVYRUR6TFHDUA6YU4A4NZQ,B08GDYXWBG,1608575151561
AE6E2WRFV56ZMVWNSHXH3PH5CAAQ,B07MGJZ2MH,1566862708610
AFYPIGBLCSJQVTQ476J6ZWVFL3YA,B07T733WLJ,1651754033610
AFYPIGBLCSJQVTQ476J6ZWVFL3YA,B0886L2QJC,1651753830927
AEJBMC6K6SJ5V6THSNSLLTUG2SZA,B08MW4C2BR,1621363769721
AFV4ZJZE67G5WA5ENONQJSDOPA5Q,B07KG71FKH,1656610760073
AG4SM7OZMQSCE7LDDM2WGU5CYJCA,B07QYVCWHD,1598744795451
AGYPQBMALVLFNCOXKFRMI3RIPAUA,B07S63NKNB,1652156467120
AESZTG4CMY7SYLXXXSGTEQGEHGDQ,B08GN1MJYB,1611280546396
AG4FGCUZEW5QH7QI4ETAR2E2BKKQ,B07VGNQD8K,1619659097980
AHNTF6SVO4KNQ4XEOVLXSQJYCU7Q,B08682LT57,1595639205473
AHJICFB5MZT3KBA7ACCXBG46IOQA,B08LDMKH6K,1631763683526
AHQZVU2TSQWH3T2F3HRSRMP4ZLXA,B0742LVLMJ,1546049680511
AGW2ANAB4SZKP6PVEO7UBZ43J57Q,B08M9X9KTN,1623601474131
AFNGGIZLVT2TF3Q4ZYDT6GDSSG7Q,B08KWK6N6H,1620166445162
AHZ6T6HQO6EIADC2LAGIE3ILGE5A,B0742LVLMJ,1517943233456
AFJKT4XTERA7EUEVLOOXC4DJEDMA,B0742LVLMJ,1600989822192
AG5TO5QYA32TLI2Y5VWZVODBLYSQ,B07DNKDLYV,1536280165562
AGZ2WHJ5YCMSFK7TWHFH3WNBREVQ,B0742LVLMJ,1617479659872
AH4N2ZPX3B5SBGXQ2FCYW3AIFDAA,B09J8WHPTW,1682031009675
AH7TTLVMZJIC2LRDZNZ4KQUIAKIQ,B07KG6RTZK,1599707668872
AEQ6AJXXY4MWK6QO3PTXHH6BIPHA,B07DNML26P,1554572373226
AE7VT6X652HXKCJUSJ4WSWVQ67HQ,B095WFPM47,1627675180620
AG4DVYH3FS7S23WJWQUNODM3FLIA,B01M7UD21X,1534089336634
AEUA5LNBN5X3K5VJ3MDSXB73AJCQ,B08DDKTDSF,1610727177659
AEUQ6SHEE57OUHOD64YJUSDAZCOQ,B07GNX34XV,1541250768911
AHYSV2HJJYSZI52CWKZGB3NH342A,B086Z1L7Y3,1596153261733
AH3Z4YWY7DAMXZ4CT2ZVIEXVH3TQ,B07FT4FMWX,1568493544747
AED5VFFMDUINSSHIA6OY6ZMELCOQ,B0742LVLMJ,1578776505327
AFYEGAFDCRFSF7JD5KTFFFBHOK5Q,B07KG5RPCF,1595770039546
AHUY45MBLOHI7B2HPSAT4BGLD73A,B083M6Q4F3,1680216886692
AHU3NU4CFZUA6JH5MCM3YPJAPE3A,B08CPBF7B6,1648359453903
AFIDYCGZXD6GTNF4SPPRRWV2PFVA,B08DDKTDSF,1623349411887
AGUIOLKQWEWU2GKKLA3MR2AFUJQA,B08BQFPZBT,1606910370569
AFRZPUWOHJK3J632ONAL3OHLH34A,B07VGN44WK,1580935134561
AEYBBWFFYNBPXYYE2YQLOVJZFPRA,B08GN1MJYB,1605292841169
AHIL2HUMZ2Z4BREBVCBQDVFXBYAA,B0742LVLMJ,1591469481830
AFBT7LSGOBY7M3CRFVGIS2JOYEAA,B095WFPM47,1624314865525
AGTC77MADXV6RWZEIZ4LOBVCRJ2A,B08GDYXWBG,1608150140602
AGNXJIOMNYA7VIMP236R6T55K7YQ,B08MWC8WBZ,1634561726005
AF5ZP5S476XEXECUR6W76F7BTAGQ,B07GNWWTRV,1546130094540
AEQCI3JE6PODMFZ7623LRR2ZWLTQ,B082MKSDWL,1592250690356
AH337ULTWJ4ARRXK4DJ2A3OS6E6A,B07DVNJ5LP,1541631535638
AFPYV2U7AYK2WSQ6VEGRHM6NQVQQ,B07V5VWTMB,1576453495744
AG4OR4JX7HZCMR4UZDHRMC5TN3QA,B01M7UDAVI,1578248156363
AFKIPFT6XR4X4YQG66BG6JXD5KTQ,B07YF1TGM2,1616186454824
AEJHRJL5USNSSQKVPEUFKR7XZGNQ,B0933DPMJQ,1624072279546
AEY2R6XL6ZMPGN7T3UM7OK5XGZ6Q,B0BM2QT9YM,1679007162350
AHRMCCCLGJZIAHXJITU57ICKJSUA,B08CZZ54C1,1598783316227
AHNPQX3IXOXWOHFSS4J74MK5SNFQ,B07DNLPCB9,1559850569512
AHUHIZJZYKSO4QDOVVKRHG6AC4SQ,B08M3PRYXX,1616218571294
AGHY4WYQYVTXWDCIPHZ6VUFISOYA,B01M7UDAVI,1526217168120
AFHIQN6K5GRBIM7GALXMMCBY35HA,B07XKF8CB3,1637461400160
AFHIQN6K5GRBIM7GALXMMCBY35HA,B07GC3X8V7,1637461209840
AHJ7S6N2BBQ7ZC2RNZ5ANN3BOBDQ,B08GZ1KQTB,1656110496873
AF4UHDLNIB2UYGKT7FJCA6I7DT6Q,B07F8Y6BH9,1639524279549
AGTX4IDLNPWM3W4H7IIATGG5YLZQ,B08GDTG1K5,1651194617700
AHW5PR32RY7YISGEAQS6FNKVEFSA,B09Y71L3BJ,1663758928712
AG5UZTETAQGHXN5CK6FIKIUEBNXA,B07XKF8CB3,1581440898936
AEWLGMNHSJ2XPRGNU7GEDH7FAD3Q,B07T43BXRD,1642122646799
AETRD3EGQXVHN6VS4LBA6QIYCZDA,B07SPDBR1J,1608956489590
AETV7YGKVSD4XUPVU2KFZE4GRHBA,B08CZZ54C1,1653587468379
AGGUMALCGFJZ4DE2JLCWBLJ3YWRQ,B08KWJ5DXV,1639334848513
AELFIWLWKEIFK5AFN7MSMPVKC2UA,B0742LVLMJ,1619721376621
AGCMGYHVICO6TKMQ3T4EN27EPIHQ,B088XFBJ1X,1613415875872
AGV2SDNVMGYU74US5USPC4CAQPWA,B07VGNQD8K,1588546756433
AH5S47WV774ZPA7HZR4WEC4GTR3Q,B0742LVLMJ,1523492820885
AEMURTKCFUCJJBWJ4NWBW6XPUNHQ,B0742LVLMJ,1511537750040
AEY4FE6WH6EVPO66QOEQOCAHDLRQ,B07VGN44WK,1589058648935
AF6A5HUDD24YLUR5VGXXYO3SLRVA,B09R3QJHH1,1661139879425
AGIVIEJVYPSSHKA62LEORDZUDUIQ,B09S3WD16F,1682213198908
AEYWOJXSD3DHF2KD3CHGQ5HFQYXQ,B07QXSYDGF,1594508237946
AGXYYTTBH6MHS5QPAGASVCSCZ7EA,B0742LVLMJ,1602178224926
AETMOQXWSURURLPYXL54OHI6ABTQ,B07KG5RPCF,1547350065738
AGPZU2BBXRUEJHCG2ORNJO47SHFA,B0742LVLMJ,1579926361607
AEXZH4GVZHCZMRA4PSDZR7RMRC3Q,B07DNMN7X6,1538874421608
AGWITQFAOBPA7OC6GXQVSJOOQLFA,B07ZFYFD37,1607145968115
AGQDDVAC7QDDVFZDDZDO4ETYBTJQ,B075NM1M1Y,1572302229960
AGKLCV77M37MWZIC422UWFLK2WFQ,B088VP76ZX,1623254299786
AHTPQUBIHADNEOW3REFD24W7Y5VQ,B0742LVLMJ,1531356136562
AEINTRAFJQRRSBM6ZZZM5I7IYR3Q,B07KJLV75L,1605520437368
AFRVXRQIFEJXCNFKIKP6YS47GFNA,B09DD9YY64,1637419089538
AETR3YP7FH7RV7MO3ZDZOWDDA76A,B08R416M9D,1618168861206
AGNFK53CD57TWQKT27N3MFNC4GXQ,B07DNMN7X6,1559523141833
AHYFK7HFWWQ2L7347ORUMYQZIH5Q,B07VGN44WK,1599337672198
AHUE2HZ64OZ47DMSLJ72SMUPAJ3Q,B07VGNQD8K,1619295723210
AGAP3LNH3HQTGBLJLDXLV6BD7HDA,B07DNKDLYV,1564798399761
AEKLXISEL6Q7UUEMQOLWTMOG6OSA,B0848GYJRK,1589975827021
AGU6YCEN6RRMYH5JH7J6XCKLNJBA,B07GNX34XV,1541873570030
AEHMG2WV2Z7WENMQLDYBQUIH4PXA,B07X5SVBJW,1621637442248
AGLTAPAPIR3G22HNE3HBTARXUHQQ,B0742LVLMJ,1550388927479
AGZ5GFLD3T75E44MCX4OLYLOYLEA,B07DNM6GBC,1623542764400
AGZT3TQX6AYPXTXXTVGCNHMOPGRA,B08MWPG77B,1627744580581
AEUCV32DIOOHD2AZ4ZPHUJAPOKZA,B01M7UDAVI,1521917538533
AFMK35SFHWCI7NQL3GB4IGMWUQ7A,B0742LVLMJ,1555039347691
AFQPO3NZ4UKUZFGQ3APSQ3CXY6RA,B09T3PPDBF,1648989449762
AFPRLIMAPFFFPUPM2AT2FYZEKM2A,B01M71IUZ7,1503230236770
AGHS76VMNN6V6UF3YFSSCUYKML6A,B07VXJR1PF,1609613539753
AHGLGM6TEE6SP2FEOBIY33RGOYCQ,B0742LVLMJ,1535871520962
AGKLC3CZHJSIIDGSH6YPVOXFWQYA,B07DNM6GBC,1597698794012
AGVZV75QXKM4A5TBXE2SHVJ4OAHQ,B07KG71FKH,1649590506853
AFY55XEDU4PHW35VTGBB6XVS76QQ,B084KPMB89,1590511910921
AF6LA6CWVWR7I2ULSHZPCB6CLT4Q,B08H5M5RX7,1609450995669
AGBVXJEH455VNRFM4AYQRXT5RL5Q,B08MWPG77B,1611694332422
AEN5GPBHCWEQ5S3RTVVX37HJRXHA,B07DVXFP2N,1636326504615
AHT2UWJRTLALGVA2GSONR7GZ5KFA,B07NL91XW9,1675576985852
AGUWRRAY7KZVAP77BJVW7IHCOJIQ,B07NBPQL3C,1597862993049
AEWHPNEN7UU2HNZJAWMTC6CZUASQ,B07QYVCWHD,1604951921486
AFZBEMXNY7TKVNIA272DJHI7RBTA,B07VGNQD8K,1619468286379
AGMCZW7IZT2CQZU2PFHXZVG7SN3A,B075NM1M1Y,1555260125696
AHP7OS6UM5V5LS74ZUYDLDESH34A,B07KC11QFV,1550358188323
AFOAZMTSGOYINL3JRTUY6O6JINLA,B07HFKL5DZ,1606923679837
AHZ56IR7AHIWPU5E6TOGOWE7XCQA,B086J9WXWV,1612319082177
AHOUJ335SXS6Z36HDQFC67KONBYA,B07DVNJ5LP,1548797521164
AFYIQTOZHDVRYXXJNXVZAEBTPCKQ,B0742LVLMJ,1595269174407
AG43H7ACOPGYKICHQOVKLMLXAR4A,B08DL6Z83S,1611593314451
AHTCT4YJN37BFKFGBO7QTVCBURPA,B07DNKDLYV,1539999666770
AG2JNZQLKV4XSHIT7XSI7SETXE6A,B08H5M5RX7,1642876668161
AFSFZJP2FZIPDGOEHJT6NEY66WUA,B01M71IUZ7,1504151666256
AG5WBAIHSLZZOVGRAVUFNHG3VY5Q,B0742LVLMJ,1525807864152
AFPJ23YFOVS7OGRBVJIT7OB56UOQ,B07V5VWTMB,1600103144764
AFPJ23YFOVS7OGRBVJIT7OB56UOQ,B0742LVLMJ,1596932920201
AGBSWJS5WXAH6GE23MO7VJCDNEMA,B07DNJ6N8K,1532923909868
AEFHFZ23NQCXE3RPUTFWNY3C52SQ,B07KC11QFV,1548221622329
AHNXAGJSPOAMSUCFCV4CBN3YNWOQ,B07WGGH1C1,1572812503496
AG2DGPCVHE4WA5F5QITALHNY4JBA,B07FSYKGSH,1544577640927
AFTVUCY326R5LBZYM6XRDCYDY6CQ,B084KNZBM8,1610793731430
AGO7Y4ORNUH2RXJ3KXW32V3TYAMA,B01M7UD21X,1505980903659
AEF4JFPRSRO6MPXGECZVN6B4226Q,B09R3MR7DN,1666466861696
AGPJUWGD6RDXDJJ3GCQE4BDAGQPQ,B08GDTG1K5,1650937919471
AF5MMZRVMX6VSBP4ZHWGI2CCOYRA,B08MWPG77B,1619106737610
AGF53XNJN62S45ZZSNJCEIW4NYYA,B07FT4FMWX,1565559361104
AHJMKHQ32YH3V4YEEF4PLF2YDAHQ,B07VGNQD8K,1605380964656
AFIBMX5BNHHW5K7KTI4ZM7WCFVHQ,B085YCC8P7,1590472904161
AH7U5WF5T7I6YNISQKIFXWPJWANQ,B07X2J2QV3,1613422755523
AG7UFUBUE7XQBLKWHPGMRYO2Q43Q,B09J8VQJB4,1636848296169
AHTCWOGMNZBWPWZVXQNOM22WLPNA,B08MWPG77B,1668028663362
AHABAJEWYZYMXFO3QFDMYZPCJPAA,B07GNWX112,1547405663493
AH5LSSAIOPCKORR5N25TX5FZECOQ,B09R2M2SDN,1666214370621
AFEWWLAPROOELC7DO5YNQVX5DL7A,B07KPH6D57,1549164614105
AFLRY3CK3VVLFI5OMJ4JICKFPYYQ,B07SDGBPGK,1574833159269
AFJRIHSHRY7FGUJUBEQK45A77NIA,B09WDYD1QX,1659389397301
AEW2GK54RE25IABHH43S5P75YAHQ,B07SPDBR1J,1562040895129
AEW2GK54RE25IABHH43S5P75YAHQ,B07STGWT1P,1562040175871
AGD5THZNSG7FRRLA37NNTUVW236Q,B0742LVLMJ,1514390766470
AG5BTZSL22W6UPLDHX43B3AQHL5A,B09DD9F3KH,1646937584503
AEEULEKRVT3RLZ4WFG26K4RM3UIQ,B097B34JVF,1661526431480
AGS2QAUJKKPULW3R4NANKIOF3RFA,B0742LVLMJ,1601966502211
AG2DGUV3RC3VU2WCQOPM56HYBDUQ,B07PRK81VF,1594171458539
AGEWMMXGAV4URSMMO5KYCCLFH3MQ,B07SPDBR1J,1609359537368
AEVUQHOUSNU43QQTHACQFGUU5TSQ,B07DVXFP2N,1603043534388
AG6A7H2N7OCBR4PFD6CODDRVE2CQ,B07DNM6GBC,1535564548701
AG6A7H2N7OCBR4PFD6CODDRVE2CQ,B07DNM6GBC,1535564548701
AGQXJ4KHXSA2AFFPCXAJRJJ4MONA,B07V5VWTMB,1615126990006
AHH65E6SK2SRMPSHBFNBNMUAH2CA,B07FT4FMWX,1559314663829
AFPMUN76JBFGQZSFNDPEESISJ2FA,B0815VLVVX,1580264975046
AFMOXWI7S7QMFJMYXHNORGUTGCHA,B07DNLPCB9,1565308489214
AFPUPHWFCMAZASQPXGSHLO2LIUJA,B07L3K8S42,1640979605416
AFPUPHWFCMAZASQPXGSHLO2LIUJA,B07L3K8S42,1640979605416
AFCTESY7XR32KDMMYQ5HJGTRAM3Q,B01M7UD21X,1514146923516
AGL7IIGIETMK4W6XPSAGIAO32QNA,B07DX25MZK,1590496581355
AHGFWJG4ZI66WFEUTRQSTNMWZPZQ,B084KPMB89,1649120987460
AGKUIVBBS243Q3KKSN4AHL6IGSVA,B07DNLPCB9,1538468160403
AEVY65PW64FCYLCODGPQGQWNIACA,B07DNLPCB9,1538507290223
AHY7QBWGHAQ54XXUP24ILMCRU6PQ,B01M7UDAVI,1533347885874
AHY7QBWGHAQ54XXUP24ILMCRU6PQ,B01M7UDAVI,1533347885874
AFGRRZWXLL4CO7TIEACB5A3PHK7Q,B087YPRGKB,1639673109470
AFGRRZWXLL4CO7TIEACB5A3PHK7Q,B087YPRGKB,1639673109470
AFGRRZWXLL4CO7TIEACB5A3PHK7Q,B087YPRGKB,1639673109470
AE2MSHZG42QCCLKFYGVTHKJJDXBA,B097TJ2YWL,1678175254947
AH72NAQZB6HERGAACUGOC7KUQJ4A,B08GS38B42,1601663481410
AE6EDMOJXGCDYHRTSDONXIBDM6GQ,B08GDYXWBG,1605195699952
AENFJUSFLYXDXK4MWXAUZIOMJH2A,B081FCSXS9,1666901579646
AGOJMXLV2RKYCFUVMA2NMOQMH5YA,B0742LVLMJ,1535681219000
AHCCUC3QZGJN4AR7JRMRZTZCCYLQ,B09Y7GM4F5,1652748732923
AHCCUC3QZGJN4AR7JRMRZTZCCYLQ,B09DD9B9YB,1639787530517
AE4XYWPXEBH3GMOPIVUUZ5FIPQRQ,B07S63NKNB,1578433829053
AH62RZG4QWEF6JASJFIOR3LZ2IKQ,B08N6X9183,1632684153721
AGVMP2ZWQ4ZCYHM24555FRLGX5QA,B07DNM6GBC,1536451252946
AHQOU32KOHNFNP7LWVM6TBL4BEMQ,B082VKH841,1609563394102
AFXFIPIJSDNOKKQFTLK47E5RKJMQ,B087YPRGKB,1658294505274
AFY376NUM3YTTDXSSPJI4HFH6BFA,B07GNWWTRV,1552835712426
AGOQ2LD3F54MFERZU5UY4JSIT5ZQ,B01M7UD21X,1545847753163
AEQDT7E4ME5TXENJZRQRCWOAJSSQ,B07X5SVBJW,1622919601904
AGF7MUO4ZZLLYQ7VAOMML2YZMT7A,B01M7UD21X,1558722696250
AHKVRFU26NDU5XGVMGS76QMLNK5Q,B0742LVLMJ,1606886226624
AHFSEXJWN7QSQQSKIWOQNEB3ND6A,B07XGNHYC2,1592249877053
AEKPTJBBUEIHLV4MPWOSYVRX2X4A,B0742LVLMJ,1543884752050
AEKPTJBBUEIHLV4MPWOSYVRX2X4A,B0742LVLMJ,1543884752050
AEPJMG3BV5AK7GVBVYUBRIRFVTOQ,B07DNLG9ZR,1548781312692
AGQCNMNMLADH6CDIQHBINLFQNYWA,B07DVXFP2N,1533787792010
AGQCNMNMLADH6CDIQHBINLFQNYWA,B07DVXFP2N,1533787792010
AFKDV5OW2MNJNSBGARB6BFHCD6NQ,B01M7UD21X,1499966692361
AFAZWVHX6ZPJM6GOXTWXGAUAMTMQ,B07VGNQD8K,1592139810260
AFXIXM6UK7ASV6K5OCDP7CVZCSMA,B07MZFYSHZ,1595278552539
AFXIXM6UK7ASV6K5OCDP7CVZCSMA,B07MZFYSHZ,1595278552539
AE5IQSCI4KD4KJISSPUC4XHYY72A,B07VGNQD8K,1619835826390
AH5ADBFRBN27AAWJP35W7JGCIY3Q,B0BLZTPK6Z,1681760057928
AFD7JCPCE5FSGNLX4KZH22I2VEAQ,B07GNWWTRV,1553180757582
AFNK5DU7SMYZ6QGBFPN35QEHSPVQ,B07MGJZ2MH,1565434616807
AHYSWNTI6VEUWP46IJ2GMYKGY6AQ,B07VGNQD8K,1655305108742
AG26VG3EVK5MHHX5AK7TWP4DA3UQ,B08W584JQF,1625856539583
AHNQXSBL4RTLO4K7EJROLCKIKD3A,B01M71IUZ7,1515718425956
AFUH6QOXWJQKVOAF7IKHYSNARUJA,B07DNLG9ZR,1654555310512
AHKIRR7ZLA4UDTWGEISWO4TADAWA,B07HQJPGL2,1545959699565
AEJG76QKP3KPKINDEEYY3MUOW3PQ,B01M71IUZ7,1485446682000
AEHNS5OCHJSSOWB4K3ACSR5MC7BQ,B09VQ1X2MN,1653359199173
AGFMHY2PTF5Y2COWNMVE4PVISFLA,B0742LVLMJ,1603908472202
AF4PL3FXP5VYZNY3P3IYLQHERSMQ,B07DNM6GBC,1539960224810
AHISLEZUGQYEXEIWK4XNV7MHWHIQ,B08H88C2JB,1608081635156
AED2RYUXHFEAFCKVGKGDQT6L7L7A,B091Y2L7NF,1627502042683
AHL7SYJ4JFM6DUVDZJJA6W3AOSSA,B07DNML26P,1547968563828
AEO5NY7ORO2KJP7JB752XCZP2GGQ,B07DNML26P,1544639529805
AG3BZQUZ7XAY42LG23TVO3BGZ37A,B07GNVJ6R7,1541522361314
AHEBPJEGI4IVUNATAFL44W67FRUA,B0848BN9PJ,1669492099011
AH3CGHXJZJLQTF7A5F3SOFRSHHSA,B098BGZRRG,1667419022662
AE3HOGRZAMGQYAU4HNTA4EF6MYYA,B07DNMN7X6,1554079599591
AH6OEBAFNQSCRLAV6MGCU3EGOGJQ,B07Y23PKWC,1576934489807
AG5RBIRSO4RWVWLCRLOYN77YWXBQ,B07TWRWCRT,1578717442058
AGSSWDEESG3DRP6WUT45PPHVKXBA,B07SDGKP88,1614442505199
AFNWZ3JHYNDGMTUOPYGT3KWWHPFA,B07DNM6GBC,1538286306199
AFGOZVZHYPGKATH3JB2SO4GTFPXQ,B07M7D5X7T,1573046691018
AGTE2EKTHQ3FS3W32BPJ5CHXPTHQ,B0742LVLMJ,1534824672725
AHCSAHGUC2H6Y3KEDQJX2VVJGJFQ,B07DNML26P,1534813927613
AHDDRCSX2DYTW46CN6TCTOUT2TEA,B07DNM6GBC,1566623828936
AF6HXDR5FKDYGSYSZO44453EQB4Q,B0742LVLMJ,1580779750044
AGTAPHEZH3LPVY6NKJJT75JNDZLA,B08C1NC54P,1617386753625
AGEFWCAHEZOXQARMGUGAED2GOK5A,B09DPCWY6M,1661978213898
AHS6KAQ6MXVH7OSQYXDYEYWUPJZA,B07NBPQL3C,1623964537279
AEKDT3W4IMW333QOYMNJBNBVFJUA,B08GN1MJYB,1632708941803
AFWSDZ7AKEYEQ3YXY5FOIHTGWUVA,B07KCLWKR3,1551735526238
AGZLNOHJUTSZPI5EKYNXPEA2SRXA,B086K2ZS32,1599525869168
AEBUUP7T4VEENBNJDWNE7IKW6VVQ,B087YPRGKB,1619029336452
AG7B3BBQHFHKRXNJ7SMDJDEU5BVA,B07VGNQD8K,1619077567519
AHVVGRPQRA3EN4G3PPVZZCTDVFKA,B08GDKDMDT,1640288537427
AGCZIDKJI4BA3BJ3KIQB2D2VNO2A,B07GNX28KS,1551916301716
AHS3WXQHAQ6YTXAVJY5QONFIWNDA,B07DNM6GBC,1534998899168
AGTH3YX6TUPHDXTU64RN54MGJUGA,B07DNKDLYV,1662415881269
AE5XRSZESMCMM3VTTP4WUQ5FP4EA,B07KJLV75L,1601951319859
AF7JI6HDERPMTGCU7ZC5VA4OKWQQ,B01M71IUZ7,1503012351441
AEVCD64QFKDXINH6XHZ4DYNKWLBQ,B07KC11QFV,1598199322450
AGQ4LMWWM3WFXDOQQYA6QW234AEQ,B07DNLG9ZR,1538630408280
AEWAIJASHUDIDLQM2D3PZNU6QIYQ,B07VXY755K,1589374667236
AGUJJDNOBT3FDC6GLNVFQTGOTUEQ,B07MGJZ2MH,1570385872139
AEN34SP5TDVNGUYTJA3PN2IWYKFQ,B09RQRTCCK,1664134835516
AF6G24F4ZOBC7IBLUS75IN26WDUQ,B0742LVLMJ,1534473630400
AFIFELQQMXPT7XFO4SSFIHRI2P6A,B08LDMKH6K,1626467471559
AFXQRDSIAA6K44LCXHVNEHHW6RTA,B0742LVLMJ,1611261315977
AF7HXV4DRHXXJNVB5ESMGSJNF3ZA,B07VGNQD8K,1620268115112
AG7MTC4Y3PKSX2KTNBHHEVXEPM6A,B07R99144F,1598125683295
AGWAX7TJVZSQGISAQXZ45YIDRIJQ,B07MQ5GZ24,1596738179440
AGN6UIZSD6Q6LNBGB66432BHATOA,B07GNWWTRV,1553105503381
AEGKMMHPRMNXSZMQKNN2NLDASP5Q,B07HQJPGL2,1614623090589
AGW4NL724T42PFOZVBII3MDEVUNA,B07MGJZ2MH,1580239403921
AEQ6HASI4N3Y2YGIMPD7RAFPZ7KA,B07DNML26P,1537457502277
AGS6OBA6GDECV3EBWRVPB2XBLRYA,B07SQBG2VG,1582003925210
AFFEEZP5JESPJWXOCW4WOIMMFW4A,B07WV628P8,1622670301779
AGYV4AUP5K5UDB7R7DVNK6D6MYNQ,B01M71IUZ7,1525637980003
AHAFPS4DAUWAFG525XXCGTR2MYNA,B01M71IUZ7,1537885629921
AH2VTTSKYHO3RKOPUEU6DY5ZMIOA,B01M7UDAVI,1488406838000
AE2HKF74HDJ4HUKN2HEUYTH45NUQ,B07FT4FMWX,1548131741227
AEPT2P6QTEQIFZZ3KTVJET46SOQA,B07DNML26P,1533584884811
AFN26WBJ4XH74CLWVGNWPDWIIVNQ,B08LDXMH5F,1676143894061
AG5SOMSX7XYSHXLFDWOKG3OTTAIQ,B08D6R4RZ7,1601502926123
AFDGMYHQ3O22MLYTDDYBPAODO7VQ,B01M7UD21X,1485782011000
AH6JJ6PWOCE2QSGZCA3WYOMTDS3A,B07KG71FKH,1595783506127
AE7SAMJG2KLCUPAMDMSVDRMJCPDQ,B08DDJ1QRS,1609475669136
AEVAFL3QPATYGXNXDI3Z6FMTFEEA,B01M7UD21X,1554573558502
AEEOSEJA4PO4RUJO7XID3UQ7QQAQ,B07X5SVBJW,1594641927950
AFMX743VQZCAGRW2BY6QAF5SOKCQ,B07KC11QFV,1610807455536
AHT2RUGQZJEFDW4GNMVQ3Q2YYDOA,B08D6WQ1Z7,1610745332189
AFF4RPOIEH4ZQRIYO7ADLCMHF2CQ,B07DNLG9ZR,1621180682001
AH5LQIVHGVRUMMJN6FSSLHIZ5NLQ,B07VGN44WK,1594670718975
AFO2TXYS6MHLWRCNS22W27T2DWXA,B0742LVLMJ,1589945273105
AGLHPCCFJALEL35M4JPJFQTSQP3A,B07X3Y7S2W,1598312818818
AGLHPCCFJALEL35M4JPJFQTSQP3A,B07L9GL97H,1565299816077
AHKFH7CBEWIPCCZ5S5H2RSE6NEGQ,B07R5YW9J6,1593796727942
AGEFCQFI5SRFS3ZVTT5PWYMPVHRA,B0742LVLMJ,1539194008353
AEJ5SGS6KMCDWNKX5CDNZ74KNO2A,B0933FHCTP,1631743940691
AEJ5SGS6KMCDWNKX5CDNZ74KNO2A,B0933FHCTP,1631743940691
AH3Z2J2WYJHMP5HU5RWH2DBO6MJA,B081TBW1FB,1668908418926
AFCD5VZJWPAQJQFGUFDJDS3VY3NQ,B0742LVLMJ,1563803602989
AF5XODQP5IMTVTH5KR3NMRSEJARA,B01M7UDAVI,1526856399066
AHMAGJ2TTPNWISROZGOISCFPQQIQ,B07GC3X8V7,1551889708831
AGLAW7HW4AXKWNW6IH3RRW36VIXA,B0BM567CT3,1684008468784
AGLAW7HW4AXKWNW6IH3RRW36VIXA,B07DNMN7X6,1639335771395
AGX2KBR3N7CSVQCFNAFDIEVQ4LVA,B07DNMN7X6,1533305784165
AGX2KBR3N7CSVQCFNAFDIEVQ4LVA,B07DNMN7X6,1533305784165
AE4NOGY2NDGSS2D57M2WDJTJ3QNQ,B0742LVLMJ,1562381033736
AE4NOGY2NDGSS2D57M2WDJTJ3QNQ,B0742LVLMJ,1562381033736
AE4NOGY2NDGSS2D57M2WDJTJ3QNQ,B0742LVLMJ,1562381033736
AFFR4SEO4F6ZRMRMHD62P4S6QSEA,B08TCGN1JQ,1658859026594
AGQSCLA6ZBH5LEB5KDEVYSPKJ2AQ,B08VDX39DK,1634147837848
AFHDMZIZUL4MJFAS5DYRFABZIAKQ,B07DNLG9ZR,1554758288963
AHNBMN2N52KYEJNGGKJTLIBAOOXA,B01M7UD21X,1501514402857
AF6UBV6VG3GXXFQEHOP5PT7Y4YNQ,B07DNM6GBC,1535761896337
AG2LFUGBA4XDV4P2IYC63ATLE7ZQ,B07KJLV75L,1546293474688
AFCBOYVLTFOJJKZUMHPXVLGK5HSQ,B07S63NKNB,1595000965338
AG7X2HTDVTKOKVWBJDHF6CNUMXWQ,B0933FHCTP,1622769400838
AGRVTKL7P4UDLCXH4ZJWXMYV3WQQ,B07HFL1GS3,1553025827335
AFLCJFVZR7UAPDYVLX33ZB5BMOMA,B07DNKDLYV,1534773277874
AEDLG77EDDJWSLTISDOQILNNFLNQ,B08LDQGYYR,1647716338339
AGGDCA6EPHDXOM2BGIQ6THBBLDEQ,B07VGNQD8K,1620409571073
AHTF6CRG7L3DTJPMHZDTEQVP3NRA,B08W5CTKKX,1661294651691
AGQ3HMYFFKBGGPEYLOD2XRLXUIEQ,B07DNML26P,1548745077863
AHWC3CELPQJ44F6ZFIOFAO7XXTRQ,B08BQ2KCG1,1674012838451
AE2Z2PVLFXNJKS6ISYXHE77RBN5Q,B07H3S5Y9V,1574725931589
AFGXSMXSJHA44PMPCGUY4WMEW3VQ,B07GNX2VPX,1542395526273
AEA4PA4BZE4LC32Y7EJJAQAYXCMA,B07XTBN3PG,1577591136103
AE2NOLG6PP3COXN3BU2K7A5U6CJA,B0742LVLMJ,1603160489519
AFP6RDXA6CFAPS22E4URLCH7ZI5A,B0742LVLMJ,1587745702971
AFP6RDXA6CFAPS22E4URLCH7ZI5A,B0742LVLMJ,1587745702971
AGTTQWARRDEJ2U5JRULBNYU2SWBA,B07DNJ6N8K,1538589893807
AHKZWDNUDW24UPDAJWEB3R4KF24A,B095WFPM47,1627513650718
AH74WEMLXDRQMFRLJK5AELHPJUKQ,B07HFKL5DZ,1587564469357
AEY5L6DM5WF2IZCANRT2QTRMZXQA,B07DVXFP2N,1544797351200
AFUVS35I35MANJ74XYOGTDBBOGAA,B07T43BXRD,1605989080595
AEXA4G5AO7ILO7LR6J6PCN7DOY6Q,B0742LVLMJ,1504556449765
AGUU7COZV5XFGD7I5EFSXEMX25OA,B07Y23PKWC,1577540569396
AGYBAF35UMJZC4G3PIBSU77C7LNA,B07DNML26P,1627673150535
AGNZ5HNSGJYWJ44PAL23DGB2WT3Q,B07DX25MZK,1562181718192
AFND526T4TZZYDASNQ2FIQV4LKLQ,B07DNM6GBC,1554669412830
AFCO6WJCEPPWZK2PDET7SBN7KV7A,B07VGNQD8K,1606541932874
AGSPFZ3JLM6DRDKXIT4WU354SQLQ,B01M71IUZ7,1502817614761
AHPECVWH6UAAUGRWCXHBGZFVGSBQ,B07VGNQD8K,1602126982642
AE6PLVUPOK33V3Q3DES6FG3XR3SA,B01M7UDAVI,1542492693682
AEFYWVDODVNK63PLGHR6RZ2HS75Q,B01M71IUZ7,1563277561941
AGBLIJ3LSJI3FVTGDKUNKYPZX4XQ,B07DNKDLYV,1538448745251
AF3HRL6E4KC5BBJKO4XJZV4CHO5Q,B08R939TKC,1611714939282
AFEUIMHAEHHGDAHVTWNZ6K5LPLCQ,B07DNML26P,1559841286202
AEBIYXY25JUFTOSSRC2FQDZEL5HA,B01M7UD21X,1493734218000
AGOMFJXGF3IHM4SKAJ3KXEVD44PQ,B086K2ZS32,1589328204374
AGWDBBH3TD3RUZ4BINUKBTDDUPGA,B07RDZVJCZ,1630373585725
AF4JLCJNGQANAMGGSGO6IQVX5MZQ,B0933CF1DM,1663972895689
AH2SNL7FPSSA2PAWHPK6HI2DBJ6Q,B0BM57TJKC,1685213775007
AE6UB7SGXI3I2HXC5WJJ52BTNZHQ,B07VGNQD8K,1608332333409
AE6UB7SGXI3I2HXC5WJJ52BTNZHQ,B07VGNQD8K,1608332333409
AG53NS2RYXACK4W7YBVT43MTZDWA,B0742LVLMJ,1598566764769
AEEO6H7PE7E7VNL4ABZVWEQHAMTQ,B08PG3CJV5,1610764633721
AFCV2OSQVZE67MLKVM3KQLKXHLQQ,B01M7UDAVI,1512326884616
AEXERFJ7WKBVCIU7AR7V4EUNROYA,B08DDLB9S5,1600969030368
AE7IYYZKTP5OJOK4IYC37CMCIFMA,B0742LVLMJ,1534166319993
AECNHSUZNDKYFYLW7PZV4YO2BOGQ,B08LDV5MBB,1678646998003
AHCUHVVNRQM7L4QUQMW36USRDN7Q,B01M71IUZ7,1510452245979
AFHIPCBTJZFL2YPDR657V5QETQEQ,B01M7UDAVI,1507147347366
AGMX6NVRGPIJN3LR3K2NCTFTA5LQ,B083M64QG9,1669663593951
AGGA4YQXT3WMDG5L7QSWXLSANG2A,B07F8Y6BH9,1561784396544
AH2WXMDMM77LTOEO5NOHPTFA63AQ,B0742LVLMJ,1523573930810
AG2WC4Z6JUM6FIPSVII4FTSXFR3Q,B07V5VWTMB,1581428906463
AHF4SZBEC3M23OOYOX5YTIKQEHZA,B07M93XFK1,1576238129630
AGIB5AAQRSNFF4NE3V5L2SEZROJQ,B01M7UDAVI,1534938848335
AGY2IXDST6D6KPXHOE3VD56PID5A,B08GDKDMDT,1604808056532
AGPXTKCUXRG4G6PNQGJLJOI2MJWA,B07GNWX112,1541530578588
AGQQRY3U4Q7AI2YHONLVILOEZ37Q,B0742LVLMJ,1523481747181
AFDEQTEECTLFJEPCGUMIP5CPQMRQ,B08MWPG77B,1623107271798
AFVNJY4D7OBJUNYLEDCTKL556CAA,B097F3PVMC,1679347885074
AGVEFJH3MUJMRFI4ABMOFVRS7JEQ,B01M71IUZ7,1503345649787
AEUOUQKL6A6I4C46LV3HTA6P5O5Q,B01M7UD21X,1520377642414
AHUOACTE37DZL5FU7SFKOABZENTA,B0742LVLMJ,1570224138166
AF3LFHSRLO3ZHRIFGEIZJZYRUDOQ,B07KC11QFV,1632069635274
AFDV2IBVFVXFFSFX7ELV4J22HBMQ,B01M71IUZ7,1507584574219
AE2UYMDE73QF3YANIUKRU34BTZ7Q,B07NL86LGD,1604462776837
AFAMEDRHAEUTV3WSTBK35YLQWVVQ,B0B3XYQQC2,1666391449193
AHJMBGX46OI7FZM4EUIQXBZCCJAQ,B09DD9F3KH,1645393621816
AH7ZQ4TDN4XTHLROXETLHRZ33SQQ,B07VXJR1PF,1579474808164
AGEPLZJNPNOVFXZCCD4TDJG3AJAA,B07DNML26P,1533577150085
AHT65WNDNTT7Q4SRTAPAAU3I6HXQ,B08D1W87FB,1685889861301
AHUCLEM6CDSVPVZXA2JPYGIDCJPA,B01M7UDAVI,1535781266541
AEPUNA6D7PQLNXQZ2CPOYEENYMOA,B08GS38B42,1604543422761
AEBYGGX4BOS23WBWCFFEILSQTETA,B089NY9NB6,1617911881805
AF72JOIKJJPOY62IDWZXORVTG4ZQ,B087YPRGKB,1622663361135
AEOG5IEDDBTOGTZ6KOVVOAYSS2TA,B08JFRNFXM,1610755999486
AEOM2U6ALEZLYEUXJHB5TB34ZMPQ,B0742LVLMJ,1517263730733
AHZOBZQAPYB2LCFRXEFVJDUI2JXQ,B08DDJNJ9D,1665167708927
AHZOBZQAPYB2LCFRXEFVJDUI2JXQ,B09M7HHF7Y,1665166616128
AE2W343KFISIN5IE5OQAAWMTBJ3A,B08DDKJQ4Z,1600106397194
AH25QU25IIWEZ7X5YXF6VN367PGA,B01M7UD21X,1494612394000
AHKEBKJNEHD3ZYC54BRM663XIBPQ,B01M71IUZ7,1583295374719
AFVHQ77QFTVD576RIK3XLML5GCWQ,B08GD26JQX,1621976702648
AECB4GHVB7JSK6OW24UFJW4T4JRQ,B09R3LBZXC,1665995037076
AECB4GHVB7JSK6OW24UFJW4T4JRQ,B09LWP8KL1,1658169861806
AECB4GHVB7JSK6OW24UFJW4T4JRQ,B07DNML26P,1617135777448
AEKYGM3ALNTVHX657XDM6QZS3B3A,B0B4WWQQ7F,1659131358191
AHRIAC3BFV2FXCVP2RADLPI754RQ,B07DVXFP2N,1536104353456
AEB3AQMQOLJWWQIBV22J5RYCPQUA,B086K2RRJ4,1596801978338
AGG36WGO4KXLVTOR6O3ZXV6BUQLA,B07DNKDLYV,1533199122656
AHBWHBCW2OZUIVR76X7TESITBRRA,B07DNKDLYV,1538531224624
AFUAP6THQNGHWSNL5SSDX4DHHPMQ,B07KPH6D57,1549259788664
AE3OUCDANOESBJVVK6MK2EKWP2OQ,B07KJLV75L,1606612080996
AGFMEKL5N5VZXNIGCFWNV7VA5QLA,B07VYTBJKP,1642868429129
AEKUH5KJI22IAGCFT7D25PQEZ3VQ,B07V5VWTMB,1579837434777
AHQD3QNJ74HMX77BXWUUBWTRZQ3A,B07VXY755K,1641007094883
AEUDLG7E6M5AOAZVZP4PLKQP7EDA,B09NC55YJG,1649807667602
AFCRHA5VLAWQHKGAWTIP36EFSBOA,B07VGN44WK,1580598773729
AFCJMKX5RPFS4TFTQ36SEVS5KK3A,B07DNKDLYV,1538618454774
AEXXK4YAFUWJHQS6Z7NSSVX3ML5A,B095WFPM47,1624570049757
AHR4XSSLMWB5VU5534IENUM4D7RQ,B07PY8C43F,1592757630420
AHHQUTUTG7H7SE67LJJBCJB2TH7Q,B0742LVLMJ,1522783234932
AHHQUTUTG7H7SE67LJJBCJB2TH7Q,B0742LVLMJ,1522783234932
AHJAJPDUSLDPH5647PDGNYPWZTNQ,B0742LVLMJ,1535640894342
AHKEHFXVRRYEIT3R2CI3GEN4QA4Q,B07DVXFP2N,1554738615761
AHXNUMWCT6JNUEWBTQA3T3YB4Z3A,B07F8Y6BH9,1534443913421
AEYMYYRRGXMSHGEUNH4ZIVUWLXBA,B07VGN44WK,1593390513042
AEPBNYZVAVNO3SNOB57RJDXEFSJA,B08GDTCVD1,1615087760949
AG6FS3UYAOKKR3QEJ6GMMOZXM7JA,B07DNM6GBC,1534999460806
AHEMXGYFJXRLTD6NJWBYALWO27EQ,B07N6L9XB7,1555538962327
AGAKTHBKIA5HVEPJRJVV4I7GOLNA,B07DNKDLYV,1534874682017
AGAKTHBKIA5HVEPJRJVV4I7GOLNA,B07DNKDLYV,1534874682017
AESIGMJKHBGODPM2TYLOFNQRVOOQ,B0742LVLMJ,1620592360067
AEA7DBHCTFWDP25S4MGQ4DL3QQPA,B0BM2NJT6C,1677175982076
AEA7DBHCTFWDP25S4MGQ4DL3QQPA,B07X3Y7S2W,1598361469901
AHLH4G7Z222GIY7US5MRANREUUWA,B07DNML26P,1555037875055
AFTTIY3XUJJARNMC2BPGUX5SHV6A,B09R3MQLXY,1665874630932
AFKZESU3PTCQ2UVDBDSFVFTXBFNQ_1,B08N57VT7X,1659567811056
AFKZESU3PTCQ2UVDBDSFVFTXBFNQ_1,B08N57VT7X,1659567811056
AGI74L4BH4DAGNBTIDU2CB6I6XDQ,B07GNX28KS,1541135976186
AED7EZ3MGXBOVAX5YZJ2XDUEXZHA,B07KT17L2S,1552436147114
AFB73PY47B4QDXJ3XG5SWJ3KADPA,B072MHKTYT,1525570473296
AHJBUNFAHGGVXYOYAJH6IWIZXFOQ,B07STGWT1P,1603896901277
AH2X4QR364B7QFLA4RR3HNLVMLUQ,B07S63NKNB,1591408525433
AFTAOCMWEIG2QANGEAN3ADWOZIKA,B085YCC8P7,1600795879782
AHSUPUBBPOXAGY5H7HZNNYZES2TA,B086J9HYD5,1591933401422
AF3LHLSW44JSBT4GSP2ITEDWVIVA,B07F8Y6BH9,1561907896590
AGZFAJRM4ZJINX6FUYYYUQWC5JOA,B07V5VWTMB,1660328160989
AEHD3DJ7W7X653M5LSLBFO7LQS6Q,B08MWNP4M5,1664465424371
AEWSDTBSCN266JMZH5NFTCBIP7QQ,B07MC49XCY,1573164840343
AE44OPOPS5EGCOJZJD4R3HAHQ6QQ,B07MGJZ2MH,1626530976977
AEKX6F5GA4CKSACFNVZVXJPUDDAA,B07VGNQD8K,1594514303599
AH3VM5GAFFOGF7LAUBMUMZWVR74Q,B08DDJNJ9D,1606913505804
AFQBVXDEAL7YX33PJNFKOFYB4CWA,B07WC2239F,1599938781276
AFHAUSGHHTQD2EALZBXUKGFZ6VLA,B07VGNQD8K,1609037997970
AFHAUSGHHTQD2EALZBXUKGFZ6VLA,B07TWRWCRT,1609037921671
AFJGAG43QBDUJ6PCMIFNSYBTCXTA,B07XGNHYC2,1581158091388
AHKIXP6FYA2762W4CU25L72WUCBA,B07DVXFP2N,1579043126982
AHGWO3NLWA5CWBHBFYIEIT3K3PWA,B07Y1WMH7G,1598756529271
AFPR36LIP2QG5PAHI2V6J24S4JPQ,B08DDKTDSF,1604982249829
AFPO2DYOCG7OAMT6DAMLSICAXJRQ,B09R3KVR5X,1686065247154
AEGOPBDHLEGZNDISWEZROXYZDK2Q,B07DNML26P,1628869006013
AGNTA2B53RVNH2Q4T7LNTI7D7DJQ,B095WFPM47,1644939509246
AGNPCGUEA7VOSNI7FDQFJSILWF3A,B088VP76ZX,1621450171091
AH3WYWNT5I4RQDLHEXD7HN43SWWA,B08DDJ1QRS,1605673545507
AHWW5HREHXZFAJHDK5INWLMWQV7A,B07DNM6GBC,1649017382976
AHLKAA3EGAJ3J2RNUFFA55HKTJJA,B07XGNHYC2,1597970790415
AFMDZPKAYP4YGU5TAAOWFNG26JEQ,B0742LVLMJ,1571018620894
AG76KKRT7CJR6QONHA7RMGNYWSWQ,B08D9LY14T,1633646774770
AEFMNESM2DIEZXY2A2A3LSWNCO3A,B075NM1M1Y,1572404725593
AHB2QJFDKTXA7WGKVA7GZAPFHNFQ,B08VDB47GF,1650908166820
AHB2QJFDKTXA7WGKVA7GZAPFHNFQ,B08VDB47GF,1650908166820
AHB2QJFDKTXA7WGKVA7GZAPFHNFQ,B08VDB47GF,1650908166820
AHB2QJFDKTXA7WGKVA7GZAPFHNFQ,B08VDB47GF,1650908166820
AEZGYLBJEDSCVS2FNP4I4QBNKV5A,B07STGWT1P,1609356169930
AGJRZBS4Q5ULGPXGW23TA6NUK6BA,B07VGNQD8K,1594090835404
AFCPJ7L462CU24LY75TCEQ4IITRQ,B07H3S5Y9V,1557866621058
AFMBJBWWEAP6EGCFHTNCBZO6GHHQ,B08D6WQ1Z7,1639367832008
AH4POY6VRCSBDZQYGWMWLRAHVSGA,B01M71IUZ7,1537475682050
AGZJQWYGVB5O3DR2IE5YYA7T6APQ,B09R3KVR5X,1659888584236
AG6MSD4KEJ7PPZI5BBFUNGILFPXA,B07VGNQD8K,1620735881563
AHW2R76GYNV6SMX55DIT3IHWITWA,B07VGN44WK,1592186965507
AH2VS4Z2PZXBIOUNXXYGCA3UQWYQ,B07XTDSXS2,1627494276809
AEAPTW3BZZWUZ5NPYYIS5K6TMXFA,B07VYTBJKP,1680028133590
AGKPTDDNZ7XATKQEBCVCQDOWS56A,B01M7UDAVI,1486007989000
AHWCH764GLLW2MQYQEACKBLMYSSA,B07KG5RPCF,1600380116142
AEKJLCA4U7JM4JAVJIITKSL6JIQA,B081FDLZR4,1612555485314
AGUJ37SKCWICNMANWGFEIUL64VCA,B07PRK81VF,1597694492173
AGKKOR5MLN4VPIJIOYJM2K62WILA,B086JBCVB4,1595953926760
AFZMQTF4YI5JXD6PDAFCKSTGQMIQ,B0742LVLMJ,1512071472374
AEVW4T6FSBE7YHKJXTQ63PH7UDGA,B07NBPQL3C,1673985773505
AHSFB6XSQZK7B6R5EMIZM6L4YAFA,B07T5JT9D4,1577714968562
AHRLYJATYZJUXJ2AKTTWHODIDGTQ,B07LGDPY7P,1587975114549
AFQAQVMF7QTRG2TQB2DQJ5ERUJSQ,B0742LVLMJ,1601291893390
AEZHJUVBYUHNEK2ZMSG2GN5TBK2A,B082B8JVMJ,1642247980538
AGHUIP3MOQCVAE7FHCUOUZKJKQTQ,B01M71IUZ7,1579982571478
AFQ3VIS3KNIPQRXAFBNUXNQEJ2EQ,B086JBCVB4,1594514061745
AGGUKXNUYOBTXEL62P7GCXLEKNRA,B07DVM8MM5,1547172628094
AGGUKXNUYOBTXEL62P7GCXLEKNRA,B07DVM8MM5,1547172628094
AGGUKXNUYOBTXEL62P7GCXLEKNRA,B07DVM8MM5,1547172628094
AFXHAVDC7HTWAXD4YQUNNJTKDFXQ,B08PKVPLTD,1614244055375
AHNXDDBBEQW7LNCDY2DNOGHODHZQ,B07GNWWTRV,1557453140891
AGRZ27IPTLGVM6ILA74LFCQBUDTQ,B07F8Y6BH9,1597952504534
AG3ASTN3YI53Z4R4PQIJJLEYTVVQ,B07V5VWTMB,1620753973956
AHSFHPCQFSNHSTLKNBDL6MUQIVDQ,B0848HYLW9,1615006026723
AGW3HMXX3LLCVAABXXOIIKQVGT6Q,B07VGN44WK,1576082234566
AEFVYHGLUWYHSJJGTXTIWTWBELIA,B07HP75X12,1544915785905
AHDUSRT6I6OOXSG676BXH6MNYF6Q,B083JKYY2D,1657918925486
AGSQXPQK7N2R37W6H44KQSTU4JSQ,B07XGNHYC2,1672815963668
AGV3VXPFENECNTFJJBE2QEIHTJPA,B0742LVLMJ,1523405973884
AFSY6QHH5NWV53SWYYGDYVV5QW5A,B07SDGBPGK,1600001048749
AFOCGZTEKRFJBJSYDPWTWT2C5TMQ,B01M7UD21X,1559836845772
AHJNR7NA6PTXXRG2NH7VYBXIAFUA,B07DNJ6N8K,1541073525497
AHUTZ6Q5LR2C4LDJBJFQLS7BTNRA,B07H3QNJ1Q,1594847691575
AEEWRCBARCPYGI65TQJJKEF6X3KQ,B07XZ9MXHJ,1610282446177
AEGN4VXREZ5ZY4563WNDSARM7CKQ,B07DNLG9ZR,1532979960166
AFDQTYYMEFOASLSPPNOPTMIHOHOQ,B07QD9WBGB,1589595831279
AFDQTYYMEFOASLSPPNOPTMIHOHOQ,B07QD9WBGB,1589595831279
AHMFU6VZ6J4SXGGY6DLIRL4QUG7A,B084KPMB89,1597459140267
AEYJIF36IRS7MMOWHEQG2SSV6KJQ,B07DNM6GBC,1653662649304
AF3NSYJRAJKBEVH7NJB53HSDIGAQ,B07DNML26P,1565302997192
AHRKSQGLDZMWPYSUNL2JKRHC25EA,B07DNJ6N8K,1543866395765
AG7V6EAA4W3EUS5EX4T452YJSZLA,B08MWPG77B,1620820248849
AEZLOGPYAS252OU2CI6V56PE2NUA,B01M71IUZ7,1500429698508
AFD4F5WYDWUFNW6N37HIKGIKJXEA,B07DNLG9ZR,1532923010821
AFY2BZIDYKQUHA7P4AUPXGOZUWTQ,B01M7UD21X,1496087249000
AFHLW5CN27GJLZWF36TUBTIV7HSA,B0742LVLMJ,1591389485346
AEXJXD4BE2OAB5TP2B6WREJA2KQA,B07GNWWTRV,1572380987606
AEGGIAAKVAYSQ22ZEBNV6MMAFB2Q,B07S63NKNB,1582248667799
AEUFACUMZYOAJDOFQEDTMYNTK37Q,B08D9S351M,1616347440864
AEHDQ7R6C7AKYE2JB745EU66JDIA,B086JB197X,1608662825895
AGR6GOKGP7R2WUXR6TALCZCY3V3Q,B07DNKDLYV,1551623548623
AETUVR6REPLKTT42V2TJA3B7KPXQ,B01M7UD21X,1515891614602
AHD45RXYOCXSAAXZ3WPOGE7UKI5A,B07Y1VQXJC,1619328401331
AHD45RXYOCXSAAXZ3WPOGE7UKI5A,B08JZ315MJ,1619328271616
AFXVRUGZFKFLUVCYL4MK73YWVDTQ,B08JFRNFXM,1616436264261
AGRHG33P2VBKF7WEBUS6JDIR7SHQ,B08SHQ43N1,1631226975997
AFTUKEH427SNSOZANG5SDDJL7DPA,B07KCLWKR3,1553296660173
AEXG2MGLESRD26X5STMCGJS2Z3ZQ,B089ND96K7,1610210940284
AF56UHV5JHEZPF7U473S62VZB7YA,B07VGNQD8K,1594074809929
AEX4E73KCE6MG7GMVTY3GWPLYKQQ,B07KSDPDM6,1553564490048
AHGBXPYSAJOWLKU2LL7FRMGSCCEA,B07XKF8CB3,1621981112834
AGJXFC5GPDJVFSB2ZYENY7SEVFIQ,B01M71IUZ7,1551983505668
AEE4H4RIVMAMHKBKSOAC4FPHLZUA,B084JGDV6P,1597179914218
AHNSFAOHT3FFPIFKNWWEEAQH75RQ,B0742LVLMJ,1618787265704
AE6YT6OHAPZHYQR6KHHQOVFH625Q,B07V5VWTMB,1617813272099
AFQEQCO6R7YQALM7IXIHDWEF5IIQ,B07DNM6GBC,1534989037786
AF6GHHT4UUHKSO2X5B6NCQSAV5ZQ,B07DNM6GBC,1532979570317
AEE7VLI7VDD4KMRNK6J3WNF32BBA,B095WFPM47,1625273566527
AGG5VJ2HLLBULJAFXN2SZKNXVJGQ,B0742LVLMJ,1609266276322
AGAMT7DL3FM23Z4VG5GLHC3SAX2Q,B01M7UDAVI,1500958980571
AFBTGV2V5PIU4KYHSGY2L7UIR32Q,B07DNLPCB9,1538501263628
AH3CJAWMXYNNCESAMJA3SLSAM5NQ,B086X4FPN5,1607548178151
AHX3K2RAVSXY2HGZU6BMDUTNOL3Q,B07HQCCD29,1620755080974
AH24CL7NSEV2MX6OIACYINA3DX4Q,B07DNLPCB9,1590888052758
AEKLZQZR7JI4ANHB7MACZQWUNAYA,B095WFPM47,1644063880027
AEEZCL7PB4XSFK2MWEKSRVMEOXCQ,B07KG71FKH,1623689543756
AGH4IVE73KRIVQXEBRQWGZQZHJVQ,B09BD1RK2R,1680062277094
AGH4IVE73KRIVQXEBRQWGZQZHJVQ,B094VN1N97,1678383829477
AGH4IVE73KRIVQXEBRQWGZQZHJVQ,B0B94NNNLC,1678383769451
AGU5TWF2SJORUXWFNSPTVKFGL3LQ,B075NM1M1Y,1615242733922
AG62OCLAB35L6OBTKNVPAINJQSUA,B07WFHJDB7,1631461769909
AEHCP5BBIU22MJRUHBY5SZVKFS4Q,B097F3PVMC,1629825237846
AGOFFD7BAA5XMHDCOL5ASG23EWFA,B07H3S5Y9V,1552762690130
AGBGCWBGBUCLFCJT2TIQNQZJMKSA,B081TBW1FB,1675542433189
AHHAPJG7TIX2BMUIIIQ4DGONY55Q,B0742LVLMJ,1563897086424
AFF5XUSX3QV6Y5VTB7C3ZYO6BYVQ,B0742LVLMJ,1596151268959
AF4HXVFFJJGTTQJKKNK3Z2IWAWFA,B01M71IUZ7,1497888545206
AECLA7EDEBXHNQCSTA7O4JO6MWIQ,B01M7UD21X,1498346827644
AHBK6WSEBDK53EOZGKUMXBZ6YAFA,B07XGNHYC2,1610763509583
AHIMFYTI5FX6OERY3N7BDDTSXNZA,B07MGJZ2MH,1575863299076
AGVARTFYLF6UGIA4UNZC4PHQJLSQ,B09J8WHPTW,1662851910693
AGXP24V2ZZ7MSZM6VTRTW57CVETQ,B0742LVLMJ,1592373460567
AFJA7ELHIMA5ZOFLVDY2GPEVHIXQ,B0742LVLMJ,1533230160366
AHEA7ZS5EDWF5JKPRRS2N2NDUYEQ,B084KNZBM8,1605863529926
AHGYA6GWLL2YDO6VC6VXTLOTN5JQ,B08CS3K852,1654538748070
AGSNEVP3YH7PIK27KJFKZW4QUGOA,B08K3M57JT,1607712563490
AGSNEVP3YH7PIK27KJFKZW4QUGOA,B084L6QXWS,1607536752472
AFMYSMLV53H7LVT6R6XLY3SKZNKQ,B07DNML26P,1533139587515
AHEZ7I7WXRHS4C3DQHZPSGSWOO7A,B07VGNQD8K,1620154728510
AHQXW7UN2Q3M2ZZRQ3V6I6B3SW7A,B07DNM6GBC,1618855543542
AFHQO37C2FSAFWFER6X2SI6PZQMA,B0848P9FN3,1651146506184
AHD67WBI66NUU3FGQK5YKUQFPQCA,B0742LVLMJ,1561844643425
AHYCYMLKZTMHRSGAHTRSTN32OZYQ,B01M7UD21X,1580181334794
AGHQXV7BFNQRXYGYZSAHYMX4QRBA,B0742LVLMJ,1613765407994
AHBMJTDOB5GAWLLJPE5GLE4K7DJQ,B08GN1MJYB,1648861679827
AHQKZZ7ACNXGNWRVZZOLBR3OIBUQ,B07DNMN7X6,1554138096698
AE4TNM6CD73SDSAYBRMLQNQKLRUA,B07VGNQD8K,1647223011934
AG45MD7FHCJARYOEPUZBCJHJPA2Q,B0BM2QT9YM,1679688483152
AF7GOCDELIJW7HOIMCQR5RE222UA,B07MGJZ2MH,1592341660801
AFSOZ746N5TQMC4SN6V3Y52YA2FQ,B07DNMN7X6,1549503684660
AFS3RJ5UF6LCJTNIYRNSNQX3W6BA,B07DNLG9ZR,1554020157938
AHYORHWRDKZQQZECG4I3LA3YZ6VQ,B09S3X2G2M,1682448987619
AFUMVTQBBPI2MCQTWSDYMLOG2XRA,B083YRCNZT,1616087861160
AFKWZFNNAAFLIVHULLMV67II47SA,B08KQD5BVB,1606096460932
AFLGW22PCOETPU436XWKVBA7RX4Q,B07DNM6GBC,1559566600285
AFBLHVGYFDP3E72SS7F5CPEP3RXA,B07STGWT1P,1580677575953
AFBLHVGYFDP3E72SS7F5CPEP3RXA,B07T5JT9D4,1580677451064
AGURBDFCNE5NOE3NVAHDSJYUEEOQ,B07DVXFP2N,1537664755687
AGNYKSDAF4Z2W55VHLCZ5S2F7PEQ,B07MGJZ2MH,1579457985201
AFLC6P4BWE4OXM4JIWTE4B3C5XJQ,B07XT5P78N,1612227144128
AGNMSFRFHPMPL62NPKQQU4AMJQJA,B07DNKDLYV,1554169943322
AGUO5TN6GW5KJXO463SMG2WXQHKQ,B07KTB8PHS,1656442535706
AFUEVJ3465FW3XHR37XK3JZHK5VQ,B07N7BG8MX,1571018333237
AEJ7UOF267MJA4VPGYMAWMMGXMWA,B07DNLG9ZR,1554079710125
AHBXJ4FXP2A7AMBIBYF63MW5GNGA,B01M7UD21X,1559694547968
AHAQ2PTS2XTD4IHSD7LXIR3PNKZA,B0742LVLMJ,1600747785458
AEXVX3RSARNDLIEGEHCITXQNPDJA,B0859KKL7Q,1603893310538
AFXIS4CGLJDHHE2CQRSDHIQUYQOQ,B07V5VWTMB,1580219053676
AGSTT6WYKU5VXFMNKNKAPXYUX6EA,B07KG71FKH,1555522525183
AGJUXCXFMEQTHVHGJO4GSGUHVCFA,B07DNML26P,1623159573878
AGJUXCXFMEQTHVHGJO4GSGUHVCFA,B07MC49XCY,1620920183476
AFBLLPL57ML7V4SWLC4HB32V4GCQ,B07DNJ6N8K,1543892824088
AECBPW77YSGXIVIV6LTFRABOOLBQ,B07NL91XW9,1622329556699
AFM62ZXGU4NPAFWLHCSOXQUOQGWQ,B01M7UDAVI,1517020726329
AHZ7ISHHYFHF3V7WHWPG5OFQIHQA,B08DDN95VQ,1606331693262
AFM3LIFMFTTC2JSVEQE7NVK7WUCA,B07DNLG9ZR,1538086162123
AFNKRERWP5UEQBZMLKZ4GKXZGKDQ,B0742LVLMJ,1655763422351
AHIXHY5GY2EFHSEUR4ERYC6ALD6A,B07PRK81VF,1582041238960
AECVOZVCIZH5F5WVIANDWPCVJ3BA,B08PG48JQN,1665257072111
AGR6XIUHWMPJJXF54ZMPI65JBSOQ,B07FT4FMWX,1545942936819
AHL3ILKNDXW7U5QWKOG6PIIYWLLA,B01M7UD21X,1504115484788
AGYHH4BTHF5KB3WDNOR2IEXSPDNA,B091YG39BF,1626012539545
AEUNULKDNVZF6XRD2FOMY4HN2YOQ,B07KJLV75L,1580131987058
AHZQEVAR7C5V3HZNALZAVFNLLXKA,B07DNLPCB9,1539892593439
AFR7ZSGDZXDAZHW6K6NP7JZORDPQ,B08PP1RTTC,1626543545721
AGIZDVQJGO5UAA6FL7HQEU3PWNIQ,B01M71IUZ7,1540218097026
AFHJAKIIPENB72XFUC4746Y3THNA,B08VS4NYRQ,1661002343496
AEI4SEFG5WAWFJ35HSKP4BI555WQ,B07Y1WMH7G,1601758014406
AEI4SEFG5WAWFJ35HSKP4BI555WQ,B07Y1WMH7G,1601758014406
AGW5EB54EAZFXHJKQTN5GWCWW7RQ,B07DNM6GBC,1554657523499
AET5Y5O7THOQYG2X7JFR4O3DIMQA,B07XKF8CB3,1626828752442
AHDGTCF5ZOJP5JC4YULQDQ25RSEA,B0742LVLMJ,1629760569500
AFLVNMWOPSZA2TZ3BQFYX75AFIEA,B07DNKDLYV,1564484875063
AFE4EZBNE7FC3LHTWZHEAKVR2PQA,B0742LVLMJ,1629600002712
AEJY7NQLOSRVHM4GIVJPMVGJ4VLA,B07DNML26P,1532901762543
AGI7RFDVQZVSS6YLWYBUA2ADI7XQ,B07NL7BQS4,1661513994145
AFMKAXLWATWL5YI5EZV4OQWNDMXA,B07ZFY4N4Q,1631324658434
AELIZDZKAYJOZQ7LGTN2Y5LBES6A,B07VGNQD8K,1610153652155
AHF5ILAQAFO54ISGVRQB26UWXSGA,B095WFPM47,1658963804602
AHARBJDZGH2OH7CUEDEOZA4D2RLA,B07DNM6GBC,1533693006230
AHARBJDZGH2OH7CUEDEOZA4D2RLA,B07DNM6GBC,1533693006230
AEHB5PX6TJMWU2LGNW3CGGEQVMNA,B09HXYYY4P,1673057291207
AGNRITN3T2ICQDXI4WCNSOI3272A,B01M7UD21X,1527731697694
AGIKH2BLVND555WWEHUZ42NMQSDQ,B09LVZLLRH,1655619599630
AFCYDV3HMAOETXTTGBCMCMZYLU2A,B0BM2QT9YM,1677243775027
AFYYRYO63FCQASYL45D7HKVYPSOQ,B07GNX28KS,1541098217265
AETE2NF5NFYOQCGYJZGG2TU6GPSA,B07H3S5Y9V,1550798421366
AFTI6Z5VDRQTI3ETARZPUTYKXDGQ,B095WFPM47,1630471214670
AFJKEQEY2ASEFSRYWHVOG5BYKXLQ,B091Y2L7NF,1621800750792
AENDYZQJLJ7ZGW4A7B2T3GCVQFDQ,B084KNDTWP,1592140889494
AG7TSWOBCOAWXPJ6DARY3X6DGKIQ,B088YB3PRB,1594913282283
AEQIPX75FKN66GW7NO27WTGZZXWQ,B07DNML26P,1633003722693
AFTVYDQG3DFQIL7W57E6MHPELQKA,B07T733WLJ,1606714374756
AHRIELN4K2NYLHDJ7ZFXJNKZDXTA,B07VGNQD8K,1643855755955
AHB4WD2FXBDQ4N56L7O5J77VWCGQ,B07DVXFP2N,1535659993498
AHOY3IH3LY25M7EYDEHVIOBZUBFQ,B07X5SVBJW,1626803405758
AGFT2XOGK6CBIFJDPKIBGY4BWQRQ,B07MGJZ2MH,1564163275438
AF65ZWR555GUUPGH4XMTHFJXMDKA,B0742LVLMJ,1515627756710
AHBMVJTHZO5QK77YIJVMI7HEE43A,B08GMY7F9H,1640548289022
AEBOUTN25XH3UUO2OAIV72F5DHDQ,B08D6WQ1Z7,1608349509379
AG575DSNTII6YJFDBOLS2FJUBDEA,B07H3S5Y9V,1596932708501
AE2KDNRFSI6TFZCWJFQJSMBF2WHA,B08MW8NF2J,1641494811674
AG2SEJD5NQVSW3FNRJ6V5AEICHSQ,B07FSYKGSH,1541351753486
AGDAH636JPIBL6OWXI56UV5J5JYQ,B01M71IUZ7,1539192485451
AHDKOMAPXPB4BAD4GNVRNQEH2IUQ,B08MV63QGQ,1617402964032
AFMXFHLCOTBYDHFGYZ2TSNQVSG3Q,B095WFPM47,1628737820533
AHIV3HECVSXB66X2UVPFXHCDYCVQ,B07FT4FMWX,1573651689791
AGXIDQB6WKDLNIHMSPOUZ2MFYZYQ,B08L3SSNL5,1625274631738
AH7VWDNMRGU7FEEILIACK2YO3P3A,B07DNM6GBC,1554856107994
AEVVGIFQ7SNLNWVNNLWTTTUAXLOQ,B07L9DQ6JN,1565646699093
AGBO3U2FHHRT65FZZIQ6SLMNR7FQ,B07KC11QFV,1555200509844
AE5BFH5GW2U5BMEHESFTJFLNG7KA,B07FT4FMWX,1622946608233
AEGGP5FBUHG2R43EBGWKZ7QGHHGA,B07KC11QFV,1605563446040
AHJKBFBP6GADGX4L6V6RJURJYO6Q,B07FT4FMWX,1571781533674
AELSKEWNNL3E6DS5Y2L4AWWBTNSA,B07F8Y6BH9,1572558002381
AGSSEO5SUKC2OLM4L5UNC5QTSQLA,B08JZ4SVKN,1614116048480
AHNI6Y4CUWI3247D3RTFUK2SG44A,B07VXJR1PF,1577722942779
AHZWIHGVJ4X6TIU5FCCZRHVWWDJA,B01M7UD21X,1607200398290
AHOYAXQ2KX2XIDELDKYBABY27FNQ,B09LWP4TWW,1655496250006
AFVCFZYVPMGHDUODVLV26E34ANYQ,B07LGDPY7P,1671919305707
AFW27G2SOM3G6ZK3CBCFC376HP3Q,B07DNKDLYV,1558811916188
AEU2QKP2CLIMGF7RNWA5DDNCECEA,B07DNKDLYV,1539103233443
AGXKXCBRPUSGT2BP5FWV62XJJMQA,B07ZFY4N4Q,1617496159002
AEUC6EIL72P5MS2LZ2LUFS6VKTVA,B07GNWWTRV,1573346636923
AH2V4COPS2KSYX3FERK5L3ECWBMQ,B07DNLPCB9,1607712777561
AFYOQLWW4ZUNG7KKIAZBVH2FZFSQ,B095WFPM47,1625629829392
AETPBRY3W6WZNW2RKHW2SW6BGWNQ,B07GNX34XV,1541216232456
AGUPW7RJEVISFMZIU6PUHHYKIUJQ,B07F8Y6BH9,1606792749875
AHG57NSB4XPDRGBXKP4AEYKLP6XA,B0742LVLMJ,1515444541486
AHBTTZGMN4QHPOWX5WXB2X3WEUYA,B08N6V63N7,1608403040040
AHXDWENPDFKQRCLCR24KFJG4RMFA,B07M92KQS8,1616816151211
AEYKJWP7Z4JJGUFF63WOI3CQ4UUQ,B095WFPM47,1628534688965
AFSBVUIVKK3HIZUELRSV72CZGGLA,B0742LVLMJ,1573596581262
AFHY4KMH3PG74J2LSMYL6EBAFNRA,B07PRK81VF,1612644700129
AGGDPWL3Q6YUNEOEUBJMKFIELYCA,B01M7UDAVI,1501349174346
AGCZDR2DT7ZMIW4L4DF2DO6C74FQ,B0B3XYQQC2,1669387438381
AFZN7NS4XXHVN2LYISTJEDWVKLQA,B01M7UDAVI,1496251698000
AE5MF7AGOZW5DNRD7GG7P4NNLIAA,B07DNML26P,1538524879136
AE7SISRI7DEJNGCEYNTTBRC4GLJA,B0B8L9LVGG,1663602843405
AHDBJ6KD7DU6GK7BHMOGTANCBTNA,B07X3Y7S2W,1677185796007
AHCEHOCN2U7VA2X2IUVWMSPYPB7A,B07T5JT9D4,1565274577875
AGSOBCHHEOGHFHAKPPRZND5L5JRA,B07F8Y6BH9,1607703611989
AHBRGUHPUEJXXOBWJZSL6YROBDAA,B07DNM6GBC,1550696488247
AGCSXOFXUXSQXFNT24R3BFKCF4TQ,B07TWRWCRT,1575310776315
AEX4GJWWCC2IXVSBBEE3N45J2A3A,B07HFLPR27,1614884768536
AEX4GJWWCC2IXVSBBEE3N45J2A3A,B08C1NC54P,1614884669176
AEX4GJWWCC2IXVSBBEE3N45J2A3A,B07Y3XJ5WN,1614884625432
AEX4GJWWCC2IXVSBBEE3N45J2A3A,B08DYDKVB6,1614884575835
AFSASRVJFSQEEX7EW4XTSLGEJIOQ,B01M7UD21X,1488668005000
AFNKSPRCJSC5IIOP6SOMNAL2JKQA,B0742LVLMJ,1556680316194
AEJ5XAENDGIWGBRAO7TREAZEZIJA,B075NM1M1Y,1572506016793
AFDUEJZ3SMGPMF5QJELXLRUROTLQ,B08D9SNKK1,1598915395622
AEXXDZXNVYLKD75VXSNDMQ62EM3Q,B08JZ4SVKN,1606919310579
AFIGTUHQ2L3QSLIDP3ZTSHOHMXSA,B01M71IUZ7,1504727832501
AF6GAK5OHKH6NNO32C4UKWZ5YUHQ,B01M7UDAVI,1557273029603
AEGROTQS3UKD3I7VQ7C7WHCW2UTQ,B0742LVLMJ,1600814935088
AFVHO2MHVQFYOCTGAXFO6PXBZSGA,B0742LVLMJ,1601486678859
AH2TENMB3CIRRQKTGIZJ7LPMLSUQ,B07GNX34XV,1546350204186
AGVBERNG3DMEXN4QQQ64IT2RT7DQ,B07WGGH1C1,1613929600874
AFESGGMWSYLT7EX6QIET6I4COBAA,B08GDYXWBG,1610830682742
AFNEGG5VTXLKKESLPMJNHS22EOTQ,B08R8Y2TP6,1629716863427
AHPJKG7F4XGHFXVS5BK7IXNHZCPA,B07VGNQD8K,1598909222079
AEWL7ESKPSNZ6WX37FWMKCHGKUJQ,B07VGNQD8K,1657575221420
AFX7IAZQ2IL6ZQE4P7XF7QKGRJLA,B085W6VHP4,1589606497433
AGYDZ2ROGUHYLGYZP2DC6WGKYWCA,B08M3PRYXX,1640970305473
AERWVWSS6HVILINRFLFQWXUWFITQ,B07WGGH1C1,1628263862101
AFKWHQB4MGEM6PCFYFDDTJHB5R5A,B07MGJZ2MH,1617234500483
AGUKSQGEADUY4MDUE7HD4OYLHLAA,B08D9RNBXC,1663170239984
AH6CSCW3UU2PTRAIG45JOESAA52Q,B07SPDBR1J,1566026657930
AHSFAC3HI3ANOCSUSRADRRG537CQ,B0848GLB12,1656792326384
AFVH2QFTC6QXMSC5BFLROUDTOKLA,B09LVZLLRH,1661012197638
AG4ZRKFXBZAVRKXOFNNYBVT2OJCA,B07VGNQD8K,1652241602171
AEYB4UNPVMG575ODGL6P4H524EQA,B095WFPM47,1623703324110
AGDATVVSLOKFATZC6N2W4YFAFUMQ,B07VGNQD8K,1615006374159
AFXUXF5ADR4DGQ763JMFUXFZDLGQ,B07VGNQD8K,1610627165320
AF4E2OUER43WBK2LUEGWYWCID5OA,B09J8TWPTY,1650311879197
AFOIRMUUF4THL6EC6NYHVVCRM3DA,B07HP75X12,1577485852968
AFOIRMUUF4THL6EC6NYHVVCRM3DA,B07HP75X12,1577485852968
AGA3YYILZ62IEHPHREMX4LHMQZ3A,B081JS67KV,1607025073876
AENFNKB3PYSI4NILPXDQY6U6IRTA,B08R939TKC,1616544046102
AFVB4VPAU3I3CMMRFQL24S6KB34A,B07S63NKNB,1581775651477
AHPYB24VBEU4VEOD3DFSILY6JCKQ,B095WFPM47,1643483389287
AFO45CCI5IJ4EFW3DZ7NTQBYDUIQ,B084KNDTWP,1591896710626
AEC42OPS5GH5EETKFQNUT7PFEDOQ,B07KTB8PHS,1544025700161
AH7ZRINFSS43UD5LUVXHLLQMVLXA,B07DNMN7X6,1533059666344
AFQRPW4IDMQVBBULTZGXWWNKMSYA,B07DNJ6N8K,1596659721672
AE3QUU4JFPOMBMN2EID277DTS4LA,B07SPDBR1J,1572635001012
AFCAUJ7PB7LNHIVTPJCGVEE2ZYKQ,B07SPDBR1J,1568470671518
AFMUXEPUGOYHF7UC36KGX5NW5PUQ,B07DNML26P,1554745267947
AHXWKMTM3L7LCJUFKZRXCNHMJ67Q,B07VGN44WK,1578099771520
AE7PK2QB65SSINZ3KQJDLDIVAENA,B07DNM6GBC,1539354935960
AHWRVMNM5FFZG3HQAUY6WASYGMMQ,B0742LVLMJ,1587101235046
AHWRVMNM5FFZG3HQAUY6WASYGMMQ,B07QXSYDGF,1587101118903
AENJZJEHC3NXUEWHCCI5XWFURR6Q,B08DDJNJ9D,1601143013250
AFMZGGOPVIGYZYSU2JY4PMXLAFPA,B07DNKDLYV,1623410998430
AFSCXJ6UKY6TN6675BLU5LNZJYHQ,B09FSWWM1H,1671486004608
AHDDN75LQIJ6P5ISXGAHI5KR2BMA,B07VGNQD8K,1619634953281
AEGRG5OMPMVTIHXZ5CLRIZRGPJVA,B089KVB2XC,1602564344761
AFWI4Y6AER2LW7YUJZPYTO2HWSVQ,B01M7UD21X,1506917801814
AHBE3URXUKQ64GXJ4YTODUMRYI2Q,B01M71IUZ7,1578323387639
AHVGM76BEVRUZS2KT7ZNM5COQRZQ,B07DNMN7X6,1619037963212
AG32PYSNCYGZRWOOLOIVBEWWKRKQ,B07DNLPCB9,1536972574746
AFKGWDPI5U43GK36EIO655B5HAPA,B08LDV5MBB,1653502422168
AEZZZI3AWKIM2JI4XGCO6LPQ6DTQ,B07VGNQD8K,1672526598492
AFWTFRWISQGUJ7IEEFWOQGPSYU3A,B07DNJ6N8K,1544034824182
AE6IKEI35U667NYVH22JIYTKJWJQ,B095WFPM47,1626282856364
AEI6W5PQMWGXFFJYBDW2J5POVB6Q,B07VGNQD8K,1620520857285
AEUA7XONEOZ3O5SBFLMQ52FFFEPQ,B07VGNQD8K,1607830959694
AF7YM4IGPAFAXCO7BASM3PNYV4JA,B084L6QXWS,1626789850951
AHWDN75TS3FDEETE2AN2Y2COAD5A,B07HQCCD29,1598767969251
AHMM4PGLW5NOCVN7UU4LNYPIWAGA,B08D9R31JV,1673643469660
AEUKUO3E5XXZBKSHAC7NGKUMCYEQ,B08D6X2RD4,1643742819331
AEI4IHCIW7ZTGSIVCJDVFVMJ5XIQ,B08D9S6BZY,1605000477685
AEI4IHCIW7ZTGSIVCJDVFVMJ5XIQ,B088XY56CH,1604999766268
AGT44CLGQHXOWE6H4C5A52NW4RTA,B08D9SPSCZ,1634838486443
AG3OXNRCLLRNZCAEYI4MDILCLXZQ,B08D9R31JV,1599950165590
AHZYSB4Z3JKMWDBSP7KXNXBLIJUA,B08D9R31JV,1598123364702
AER6LKVLGCCG4KHJ54KZ7YYV6YPQ,B08D9R31JV,1637200389181
AEIHPFKOIHVLKEYHDBWPAQFY6BXA,B08D6X2RD4,1599078243085
AH37YOTDJHHMM6G5PR536LQ7YWEQ,B08D9SNKK1,1599507363545
AG5MRDPZTXTPLUZ37AVJ3UFUTBPA,B08D9R31JV,1639930801239
AE52OFTLWPJEFSVQJMIZ337ESPQA,B08D9R31JV,1598757759214
AG76IODORG5ATU4V3DZDEZ2NL5TA,B07GNWWTRV,1557284378072
AHZIT4JLQILNPBTLFLZ23HQYG5IQ,B01M7UD21X,1566650629357
AFNCEXR2BZ7KEXVGSS6H3H4KMVNA,B01M7UD21X,1487782548000
AFCGM4VL5DDFH4OIUTD4LAZCWCXA,B01M7UD21X,1525983836401
AFBQJLLTKPFBCSLQVKO4KOWHS6GQ,B01M7UD21X,1515626233938
AEQZ2BKIQQLNXFS4W5LHK472PZ6A,B01M7UD21X,1493780324000
AESGSEQUSYV6NNYXI4RHWYIHA3SA,B01M71IUZ7,1486334864000
AETNOCWRZLUGA2UHFQJ7OYKRNPFQ,B01M7UD21X,1578021130970
AHYLLXWSMWGN5ILAUDEMWGWCX4XA,B07DNM6GBC,1613057279636
AEMSBI4NUXGQNZG6XM4FKBDO3GIQ,B086J9HYD5,1684527217867
AHSEYTLNB6JJXPSEGQETL57YLNJQ,B01M7UD21X,1501056065403
AEJ424MED52IGADPHQQAXQNFSZLA,B01M7UD21X,1502751667347
AF4MCKBIHSLEDXMXOY52DEH4T5YA,B01M7UD21X,1500466757953
AHDGP333YM5Y6R5Q6LW2GF3U4AAQ,B01M7UD21X,1504725105988
AER5VXALMHEFW2KBKGDE4G5IMGGA,B07DNM6GBC,1533849124433
AFRULSJZCYZS4MHXEPS3VTT74YNA,B07DNLG9ZR,1534823724950
AFWUPPPLUIZ33R5Y665ALLUF6R4A,B07DNJ6N8K,1540589381618
AFN24P37YWBVQUUUHWMV5TQDRHMQ,B07S63NKNB,1656715198061
AHNL2JWICCDO7UBZJD2K3OFC2WIA,B08H88C2JB,1646501881312
AEN5WJI32ETVIONPP5EJ7U5IOLDA,B08D9FTHR8,1609893984149
AF3IQCRIKT3FBUOFZUEUW5CADYCQ,B01M7UDAVI,1488694658000
AHV5WZPWGZVZ6MLEKPW2ZIUF5ZBQ,B08MWPG77B,1613525072421
AF4VZYG4NQDYJ747J6ZBNAXNAX7A,B07GNWWTRV,1546568535142
AEUSKHQIDIQBMVHIVPM3Y3XPTIOA,B086JBB4HD,1608405043861
AH7BMSBQDEJ4XXPOXFXXAI72WODQ,B08MW4C2BR,1634694172951
AHHGNS2YOXLL3UT75GDVSI2SYABA,B09J8WGT1B,1647476219168
AFBYMDX3Q3J26YGQXUOVEEXILYUA,B0742LVLMJ,1595117193755
AEN2PP6NO4CT6YRPXEUCEL67A6EQ,B07DVM8MM5,1643764542245
AG34VV65GG6MGZ3LWQXRZBT3ZGZA,B09DD9YY64,1637941494224
AHQC3S2L55ZUGSBCNLB634ZT4IFA,B0742LVLMJ,1604456116858
AG24LWS7XHYO3UN3C2ZT6W6TTV4A,B0742LVLMJ,1525817861351
AFTORVUICAB2C57QWQP4JKYRO4HA,B07X8MDQBX,1680925460643
AEKGTMOOWHYMZR4NBNUZKKWSTEAA,B01M7UDAVI,1536714209378
AHKTHXF3UNIJRX6HLBEKNTWYMSJA,B01M71IUZ7,1502477637883
AGWDZLVYILREU5N5OVBVNWZEQO2Q,B07DX2M8S6,1538570289613
AHFUE2UJT5ZFXANYRO2ONUV227UQ,B07WC2239F,1591738871710
AFRBPDRIOJLDZW722LLC6PM5JN3A,B07XKF8CB3,1599143168988
AGYOXONWNWFRLPDIP27NODEHHLGQ,B084KPMB89,1652921700454
AHBP2FZ2I5QJFZOG2JZJZIXJSMMA,B075NM1M1Y,1649054100386
AH7VD24ZKPUBO4EO454ECL6URDOQ,B01M7UD21X,1488565352000
AEDVGSAHCPKTMH5WYNDGKO4R4PJQ,B07WGGH1C1,1616180488896
AF7ICJG65DCI55J5FOB63RBTUKJA,B07DNM6GBC,1623810850198
AFFCUQ7WGPRXWHV47GPYED6K747Q,B07VYTBJKP,1643382486111
AEDKMFIHF5NQQORZ2K4JQZ5NXJYA,B095WFPM47,1628350943639
AGECDQPIFEVBYDHGHBAFF2BBC3LA,B07DNM6GBC,1534901697631
AFALYIOW52BXKP63DXPISDG7EHVA,B086JBB4HD,1619654509632
AFALYIOW52BXKP63DXPISDG7EHVA,B086JBB4HD,1619654509632
AFALYIOW52BXKP63DXPISDG7EHVA,B086JBB4HD,1619654509632
AH2AIO5CPYZX4T3G7IN2AQ3DIKCQ,B087YPRGKB,1627350700715
AGTKC7HS6HNO5JGSS5QPTRYCBIEQ,B0742LVLMJ,1595275348727
AGWZ6JAI7Z2VUDX7LUFPVH7JKYYQ,B07HFKL5DZ,1635012331584
AH5T7KITZKOUWHEKK4LDXDNIPOPQ,B08DDN95VQ,1600711967336
AH6YFGFSJG6OONIFMP3WSB4HVLEA,B0742LVLMJ,1631775141196
AFVIBBCUTBXGBHHY2VCGAU5GTBHQ,B0933CLYYV,1624475363989
AEULJ74C7PVRE7MCB6LMUGUAD7AQ,B07FT4FMWX,1559152527813
AFISPNWQZ3KK4ARZLD4JTKSB63SA,B0742LVLMJ,1547477751699
AFXPZ5WFRTTTPOQRZM234T5SC5TQ,B084KPMB89,1594253356298
AFXPZ5WFRTTTPOQRZM234T5SC5TQ,B084KPMB89,1594253356298
AEFHKSX5EIWOVFCHRSMFGOFZMEEQ,B095WFPM47,1625151329886
AE6RYH3F5GNNLZ4C7INBYIQLBGIA,B07XKF8CB3,1609275734746
AFYLIV34TFGMGKPFYUCL7AG2IFTQ,B07GNWX112,1552977032892
AHK7L6TMC5BEOLNGNGT2JYCEJXHQ,B07X5SVBJW,1598142207785
AHTRJYE6XDN43QRKGGJGKIHPTNWQ,B07SPDBR1J,1573435923379
AH2HGY5NL6CJHYIBRULASLRWMNEA,B08GDYXWBG,1609180340603
AGXUO4AHGTVNIFEMBNC6IS7CVRYQ,B07DNLPCB9,1570771968371
AGXUO4AHGTVNIFEMBNC6IS7CVRYQ,B07DNLPCB9,1570771968371
AHQMKYW7KABNYXSEVVSJHQGBQ3OQ,B07NL86LGD,1604776806484
AEZERM5KWGRXCWXUNFUIRRFRHXHA,B07DNJ6N8K,1543838534353
AGK5P7A7MRQ6C72G7M2SVPD5UJZA,B07DNM6GBC,1559098667621
AGYWOHTLXBGIBTIOWZD6MDY2M23A,B07VXJR1PF,1576093603240
AGILK5FMDVRJDN7M2ZIE7PDCFLIA,B07DNM6GBC,1548729374860
AGRBYEBMJGOKINHJDMZ5SBIYIHWA,B07XGNHYC2,1601312989518
AHTC7PWUGOKTNICZ2P4FFR5GIH7Q,B0933FHCTP,1633179084784
AHPQRXEJTX66S7AZREZ6OSRZDLYQ,B07DNML26P,1617583117307
AHU3PEPQ6REEVCRWL25KGCAOT72Q,B0933CLYYV,1642271035805
AHQS2ORW6OHDLCK2JBBZZWZ4YEMQ,B07TWRWCRT,1604731885717
AHCLZLNZTZC2UFEE4FT7CKGQDRVA,B07DNLPCB9,1535162241062
AEAA5RNKFOPQONF5FRQB6ZVNCJJA,B07XZ9MXHJ,1598381549266
AHYWNFFE4QJ2KJYWS3KQ7LC7W5SA,B07DNM6GBC,1544555764880
AFSWDWVPZZOI5YZTBOPGEVMD4CIA,B01M71IUZ7,1497328097905
AFD2VA2SBWB3IEOEQOZNK3WAME4A,B08N6W22SR,1609969810785
AHVSLY5Y73LFR4TB7MH7VWYRY2VA,B07YZPDHK3,1622571285199
AHORXGXVEKYCYTSO46SRPNI2B5YQ,B0742LVLMJ,1542144282086
AHPXT7U7YDW35KRDKHZ3ZFZRKKYA,B07VYTBJKP,1601933193289
AH3RKG7O2KDLD7KXL2WUMILRCKOQ,B07KSDPDM6,1589919866797
AEZT7BJW62TJEQWYW5PE3EW5JQMA,B0B4BJYG11,1660057624326
AETHEEJ47YLF6GFDMJMDYIJG7HFA,B07DNKDLYV,1565981138433
AF2JZGBUQ5EXSZDPYD5EEOAUOAPA,B01M71IUZ7,1516049697049
AERQEWQDBB2Q2GTVPVEMQZWN3Y4Q,B07T43BXRD,1587727668750
AHFV7QAKX577EAICFMPU7EIN4QHQ,B07GC3X8V7,1560268816836
AEHZUNY4GTNJKKAGDBAWHKWQHDLQ,B07MC49XCY,1681614436873
AHQMGWJRGLDMQO2XDANRMV2LD7QA,B0B3F1NJLQ,1656000458549
AE7HI2XBGH7DHSLESOZPDTJVSIVA,B08WGBJKW7,1649162534223
AEXTYFQNVCK2HK35CKYTGQJBCKXA,B07GNWWTRV,1555000092437
AG6XFTX5Y7Y3DZWU4WHUDRJCHZEQ,B01M7UD21X,1511463195575
AE44ZUMV7OI3NMUHPPHVTQDJLV6A,B0742LVLMJ,1598935376032
AE243G4CED77CIRNNDAOGVILFJQA,B0742LVLMJ,1576818095506
AFTBG4IGV675WJWLC5A67FA5YWBQ,B0742LVLMJ,1525617252900
AG77XWREMVJFPGBF7CRNHBLQXKVA,B08R5KDXC7,1617219272498
AFCGUTJIIFAK7ZQ6ITJ2XYWXBIMA,B01M71IUZ7,1517249829241
AFFGKHEVZEVHMU2B6JFMRQVX3PZQ,B0933FHCTP,1648934513710
AFGODIRVM6HRA257ZCF5TGE2LDAA,B07VGNQD8K,1642283023094
AFGODIRVM6HRA257ZCF5TGE2LDAA,B07VGNQD8K,1642283023094
AH3MPNNQ5YCXAV5GESFO45X62LJA,B08GYDJQ9D,1619627675161
AG7Q7TCXYVJHVWBWW7B26OBFRWCQ,B08DDJ5LYG,1598961082872
AHNELLGNVHYJRIASHSEHPCX5KIIA,B07L3K8S42,1577905554623
AHSW5GOP6JC6JQQI4ZSRNOGQDHHQ,B07DNLG9ZR,1538788740765
AH37VYTY25K2JLCZRPKCROK6MJOQ,B07VGNQD8K,1638993382080
AGT75GY5HKOP6PTXA4MKPZ22K6LA,B07MJBNCBW,1556992171158
AH4LGZX2KP4ILNPSD3GWMAUS5JUQ,B07GNX2VPX,1551632406833
AGRZTNUP3NH4UHHEUYPXKDBWQAOQ,B07GNWWTRV,1562119707326
AHKBZ2BYBMEOSNTP7Q2W2U2UX47Q,B01M7UDAVI,1525567272310
AE4YJ2UPWGZGSNLYX6DGKWVNSG3A,B0B6CPL52Y,1665207574243
AEPHYKZ2SNPJ3MA2OQMEZOEUXVYA,B07DNM6GBC,1556057475658
AESVD5VUTOYG35WXRFT275HN7KVQ,B07DNM6GBC,1537571678416
AHOJ437SKWJJOVH6OPWXBQBNL6SA,B07XKF8CB3,1611172948552
AE5T72ODREDEHSRGYQL5LSDINMVQ,B07DNKDLYV,1539697059386
AFFQYHWCUOQ6JDZGBTLXMCN6NJ2Q,B07TWRWCRT,1605400649958
AFGPBK4R24L3BJGR5EVO5VASQ6RA,B07DNML26P,1540837134751
AGHGBCA3K5ZBIW6E4DCMWTMBWO6A,B0B4BJYG11,1659704842113
AFRRLS7KZTII5XSSMNGFT3PCSGJQ,B07GNWX112,1567212052482
AEEQZDCD77PR64HDVUHN5TMCXN3A,B07DNML26P,1554658359208
AGOT2OHTYYC4ZGFAFZGTFAXZK2CQ,B07DNLPCB9,1534954327906
AHK5LSWXPYEP4LEXG7TKMJ53JWRQ,B01M7UD21X,1528336943745
AH75IHZL7ZQFJ2XJAUDD4ZZO6MSQ,B07DNML26P,1538638148303
AE6XP24YQZCF24NYWKDD5BZIRKGA,B07DNLG9ZR,1535242253931
AE2QLETHSV3FOX2RRTONGUHPOBBA,B0742LVLMJ,1574470997682
AGASBSFCLTFKJQ3IBAEBQJLCGABQ,B07S63NKNB,1563491908590
AEDFX7MROPYXXT3RPHMN2OBRR4YA,B08MW4C2BR,1632081534874
AEDFX7MROPYXXT3RPHMN2OBRR4YA,B08DDJ1QRS,1615403766642
AG53ITEPJKE4XDKRCJCUCFKYQWWA,B07GNWWTRV,1557319166370
AGEM4G6O2BQ4J5MVIIVE7P2P53JQ,B07DNM6GBC,1568444723939
AENPGGFFELCVQMWJQ25BLHMT3AGQ,B08DDLB9S5,1618839049118
AGNYIBUA2TZ2YMY2FDWCDZUP27HQ,B07MGJZ2MH,1614896803684
AF6S2R4DCKZFI5JIIKKIC7TYKIEA,B07M5H99Q6,1603774573291
AEY64YOTJCBUDMVQS7LXYA6JLNPA,B0742LVLMJ,1673709662894
AF23OSAZTYQQPXMGYQJRG2NT3RJQ,B07XGNHYC2,1647054384913
AGK57JQ6WT3ICBQHFHNZ7PV7KZTA,B07KG5RPCF,1568344674221
AHRF6WJG44SVM5HEC5S5LTX4PDFQ,B095WFPM47,1659552667653
AFPGI5ZZW4FNS33ZZHVD7H2UMAAQ,B09MWL8KVB,1645846521956
AENBNTBI4CHPZ7R2V2BCKJAFIKTA,B075NM1M1Y,1577420851205
AHE3SD7KIMW2PJTMLKEWAHRKYHHA,B07DNM6GBC,1559649936716
AGTXWCLTFQ73XYMFI344XA7XEKZA,B08N6X9183,1618863411392
AGYFIP33C7BYK2HIIYTHDPFK7ZKA,B07DNJ6N8K,1563595840380
AHKT6EBZBEQEQBNJEP4UZB4V6LLQ,B084KPMB89,1621695642928
AFTMPF4WHRYSHKD5GHL45IKFIXGQ,B095WFPM47,1625435082925
AGBMBUIE7PETUQHLCSIHJLB7LEQQ,B07X8MF5K6,1572393537955
AHTFQHVNK4IJTYJ53NQ27VJ6JNGQ,B0742LVLMJ,1643758312359
AH2LAVXVWDYYSD4XGUXWWWUBZXBA,B01M7UD21X,1536167605647
AHFRAUCXCBTXNUGNV7UNG42YNALQ,B01M7UDAVI,1522786375718
AFKAGYPXAYQ6G73K3OPNODJSBW2A,B07M65D8PC,1594251733147
AHGBBG3EFETMCTEMRVP2MVTY6E6A,B0742LVLMJ,1525821419211
AHRYPIEYEN3FV7MIYF77DV2AEMUQ,B08DDJ1QRS,1633058195312
AERXUP2DELNHUPNPNUXN6LZ24LBQ,B01M7UDAVI,1517179405161
AGGEDSVWGPK6OD2C3YPG5KQGUSOA,B07VGNQD8K,1597180385028
AFQ7ZPIQWLIXSB4GBBY6EHYHR3DQ,B01M71IUZ7,1500416774504
AFXWJXUC47QRBBLM5PNWTW5BJJWA,B07DX25MZK,1550037603219
AFZTPB3HYSXAYA2MZWSBWYBR7A2Q,B0742LVLMJ,1608937023518
AGLZW3WJI7WDASZ2S5LGLRBQ5LFA,B07VGNQD8K,1639240617359
AHNONCKOOF3MKXLSQ2WLG4QISN7A,B086JC2D6Z,1637199222075
AFLKFQV22N6Z4RRNLCJLGKCR5VXQ,B07VXY755K,1598532908849
AF6L6CR5UXBQDX4MNAVFP3SJHOAQ,B07GC3X8V7,1539641961720
AGJ4SSL2F263LJHDTEFCHHMOF3VQ,B01M7UD21X,1505845996712
AEC4AHWYWCOPMYJIDTMOA43CK44Q,B07SDGKP88,1650313904467
AELCRHG4USQRHNUHMYBM6IPEU6IA,B08CS3K852,1602808655491
AEADWRNNKRUEGRLTWXSXC5SWGDMQ,B088YB3PRB,1626555862558
AELFUQZ5PNXMJJOFXU7LLBSJPL7A,B07GNX2VPX,1561908367753
AHB7Z2WC3VZD2GEWZSQDR5L3L3VQ,B07DX4VYPM,1538258101891
AGHT7C25YDMZK6YQD23GL4FBR57Q,B07WGGH1C1,1609182110465
AF6UZ6ULZNLRIZMPO45N5L4F2BSQ,B07KTB8PHS,1544026907350
AFIEJXXJH3A2ZNDYFAFOPSRXHBCQ,B08BRZ8J75,1649085957656
AGRZDAHMYO2KOMSSD6ZAPHZ7375A,B08GD26JQX,1615642470166
AEHILPGO2ZYTOSVQDIY5YV4LMELA,B0BXBSWDPN,1684128221084
AHUJODHAVOTANIM7U2GFAVMN3XUQ,B01M7UD21X,1581970614427
AH2D3MU5VP7XOHHCRMXFNOK27O3A,B0742LVLMJ,1547581866074
AGBF3CB33STN6EHVTYFKXJE3PG6Q,B07M65D8PC,1609780795061
AHKPCW3OOAZKMKO3RSMKHU6UGIAQ,B08GCX3JCX,1605553900490
AGQHFADE45QOW6SN3FAN5PY5AJYQ,B07S63NKNB,1672606900081
AEEO32U7IUUUVP77EN2STRPUFM5Q,B07KC11QFV,1590851879298
AEEO32U7IUUUVP77EN2STRPUFM5Q,B07KG5RPCF,1590851777354
AHN4WYGHN6DYIIHFYXBQVTXVQCYQ,B07KPH6D57,1550058002869
AHG5RRSQ2VQO5FXYITASRXE2UI6Q,B0742LVLMJ,1577722183099
AHNOSSF2FCNBLETEXOR2BMXZBCPQ,B01M71IUZ7,1513697236509
AEDG4EPB6ZIUOQ3B36VE5N5IDVCA,B07GNX28KS,1546703615800
AFNIQ5RU4AP2FJG7PTSYDMMPOGDA,B08MTQ64T3,1629602076714
AFLMHLJPKKKKLZDDW64ZLEQROQKQ,B01M71IUZ7,1556749099329
AGLNNNTAGHRFLLJQVXRJBWLRSUFQ,B07NL9J4BQ,1604804215605
AHGEQUQ4YWXPVYKSW6RGGKGKSRWA,B089NXYL3W,1680103492646
AFI6DXGXZODVV6J2JHBHVAITONGQ,B07SVGMGW4,1572592390242
AG66BNRI6U2WS2754PELXPTLOHHQ,B07NVGQ2L3,1599601362057
AG66BNRI6U2WS2754PELXPTLOHHQ,B07YZPDHK3,1599601318540
AGL76CPHCIR2POH23VQOPYGCYYAA,B07DNLPCB9,1533009312218
AHLDEJT3KCKUTAFCARFF5DAGH3AA,B01M7UD21X,1496423352000
AG6UJ3DKP6CYUAKJYC56YOMW32TQ,B0742LVLMJ,1549048223247
AES2XWVCOKFZ7GOFPQGZKWAUN5GA,B0742LVLMJ,1595333742834
AHCRWSRUGKNHEOMACYWKQ3NNMANQ,B092R5FPR3,1634030799633
AEK7OCSHM5W3LTLXTKXCQ2CPBT3Q,B082VJXRBP,1647660932366
AGY6E4AI5EYF3AWCW5O3TVK72KSQ,B09R3KVR5X,1659852470122
AFH7GNEUFT73Q56OMI6QNG4DOW6Q,B07TWRWCRT,1579218140412
AHGXHNK2NFTM3B63VTR7GMA4WWGA,B07L3K8S42,1577448673731
AFMRRJQH22QNPKVK6WZTBFL7OBGA,B09CZB5GP2,1640211860168
AH4LFOSRV26RZGUOLPNPMD4SZY4Q,B086JBB4HD,1639421855381
AHWLISB6HHL5M7JE4AXX4H2OR4PQ,B08N5BDD35,1608751464692
AGDDK6VPVP6YE62PQCTKGEEHRLMA,B08GCX3JCX,1605610052966
AFWRDN7CU2XBP4SWCF6JHQUDSJ7A,B084L6QXWS,1598565675121
AHMJ2MAECLJCAJMM3CJWD4MB2CNA,B0859KKL7Q,1635811966323
AHRES43TRXBXGGHWQNUDR5YRF7GQ,B07DVXFP2N,1536083297798
AGUMMUJQYL577A5EDL7W2ZAGVPAQ,B07XZ9MXHJ,1609696030533
AEJOSKDUK5E4NSALB2ST3UDN5XIA,B07DNLPCB9,1560359231261
AFJYQ5H354UD4Q6QLGQPYXOJVSFQ,B07W813H6V,1573174547742
AHBVNY2WJXNBGJAJIVAWMORHSFZA,B0848LZTJP,1614632309569
AFX7KQV2C6SRAHDWKOB6EMA4NIVQ,B07MGJZ2MH,1654382450142
AHUPOM4IUTAZRVJIQIILGWUI4QSQ,B07THJZVK1,1675465532201
AGHWXX4GQJEVCCOFUHAKMDD6AONA,B0742LVLMJ,1561465183889
AGHWXX4GQJEVCCOFUHAKMDD6AONA,B0742LVLMJ,1561465183889
AFWOPMNVTAMROPOJUDU5UMX3BUBQ,B0B4WVTBBJ,1671531690560
AFS4ZCMIDSWTPJDC72SOTFGHOTCQ,B07QXSYDGF,1616068098936
AH3EJXPYWURWI2QO4BG2XYUNZJKQ,B07DNKDLYV,1557973242533
AEOFYMHNZFCV66LPHJUO7H4UVMWQ,B09BDCCKHR,1678547674723
AGRJTSXN6AQXS5SWCOZSQIAHJW5Q,B09NQCWDNK,1647230477261
AG5UUIMRZ5S43XK4AYHQSAWMLSZQ,B07DNLG9ZR,1538000238520
AE4OUWX22OIAM6SJS2SPDDBWXNMQ,B07DNLPCB9,1554850789241
AELRXGI5ECHZUMHBZV3D3A3CTH2A,B07WV4XWTM,1598875514078
AEEFOEOC53UKLY5RIW6MLCPTCLWQ,B07X5SVBJW,1650218780717
AHVW2WMMDPHGMULS6VA4BMQNLRNQ,B07V5VWTMB,1578678776672
AG2E4HDG3NAZDEKLSCQZYTUGVQ7A,B08DDH4Z5Y,1620093447318
AG7NMYFP4IV6JJVTXSAGUUFZDEGQ,B09SM6QNX7,1649181463498
AFPEQWEMHMRFOEKT4N5ZCB2JNZ2Q,B07KSDPDM6,1619809806466
AGRVVOHMS5WPMNJVHV5S23QQUKYQ,B01M7UD21X,1562087104095
AF5GVDOE7OIFRZQNHR7YLHQYOV3Q,B01M7UDAVI,1498525192567
AEC7KYYJKL43HJ4V7GEBQ57ZRLXA,B07GC1XFJ7,1593756615283
AGBVZ72DAA2A2YE42ZYBBKBZWTJA,B07STGWT1P,1567732947241
AGGHYK7SG2JFBZ5VKQ33ZKL73NMQ,B09FM116NJ,1670094428392
AH3QWNHBAXRGIJB2S3OXYYZYQJPQ,B075NM1M1Y,1551151086415
AEWZGZOTOQDYTTJFGY5P5SKTAEUQ,B08GDKDMDT,1618252001154
AE7NR2PME36KAICCS3OWQOMJ6PZQ,B07SDGKP88,1579637355321
AE5DIA3VTX7JN6MN6DQUHC74HGGA,B01M71IUZ7,1498453997788
AEHOK5TODQNODWBPFO7ZWWSWZXEQ,B07DNJ6N8K,1545165621665
AEC6UW2SR7R7BO4RDHGD6G2OJDKA,B07X13T5H1,1606957918043
AFU4NALQEZC44MC76UQOGIZUNPNQ,B07Z412BFV,1614702682764
AEAOQ4YA6UGEQZSPQVRTVBBHVFTA,B07V5VWTMB,1622940584715
AGRNBBFBV5CFBLP3T4IJYUZSJZWA,B07XGNHYC2,1625183029614
AHSEGUXO7YDFBTFL7WITRRRYYSWA,B08GDTCVD1,1615569727522
AEDWZ5EMQ5D3Q3I75LXKJAPGCC2Q,B07VGNQD8K,1678346532832
AEVL6QXMVEK6HT3QNZVLUFULH6OA,B07DNM6GBC,1537950737648
AEIH7JBZFUJDHSP4GUT4WZ5ZKCYA,B0742LVLMJ,1536267462532
AFA43EECIOJRBL6WN65YWVRG47NA,B07DNKDLYV,1533781527657
AE77PJBWATUWKFGLQS2TUEFKNVTQ,B07SPDBR1J,1580911705322
AEQ5MT6MYQ6THZPZMC6A2VK2WVMQ,B0742LVLMJ,1563544405602
AEQ5MT6MYQ6THZPZMC6A2VK2WVMQ,B0742LVLMJ,1563544405602
AHMZBVTRLO6M4QLZN3OBX4SEZQSA,B07VGN44WK,1574101401512
AHBAGP7GW2IKGFTEIO5CKJOPGAOA,B07HQCCD29,1545332590686
AF7UN47GG72ZBWWUWYT2XKO4O5TQ,B07MMT3C5J,1605288435717
AHDF4S6C3OKAJKNPYDTVAXWRZFIA,B07V5VWTMB,1588178941515
AED2GOHZLAAZF5RD4GSYSUQUSBOQ,B07DNKDLYV,1534920498739
AEPO4O2GVQSVLS5OFAF4FVZJXSJQ,B01M71IUZ7,1496189775000
AEE3HOJJXCFA67Y6SY723H2JAJ4A,B07FSYKGSH,1534468022394
AG73BND2XWES5QX2YHBQ5IS3KWGA,B07H3S5Y9V,1540914001329
AE5OHZVJ4IGFE6Z265BS4QMXVGDA,B08D6WQ1Z7,1687353995338
AG7VTGZWAOMOLALD2Y4MOGYMY3TA,B0742LVLMJ,1533314284118
AHINJTHBCECJES2KX27QP4UIKF4A,B08D12MRCT,1596501966071
AHR3JZ6XRTJXGXIOHAZXYWWCTF7A,B091YG39BF,1624922766987
AFOD4JUF5SO4I42BXXJ2Z2VUX66Q,B07DNLG9ZR,1538969273835
AGAI4TKVMC3JI4PSBTBSNPQO6X5A,B08JZ1H84F,1612980446098
AEKF4PJXTI42UMKB323WPWVGA3PQ,B0742LVLMJ,1525094922916
AH5SMNTMB5CG2ZOR5ATFULEETIWQ,B07TBGM8WB,1644100814333
AGWGVUS2GTU3P2MCIXHEC6WVBDAQ,B01M71IUZ7,1516221023298
AETT3B5WVQLLKKFOSY7KCORB2YTQ,B07KG71FKH,1633429370323
AGNY4KV5AGLNNOGEMLLTHUHGATGQ,B086K2RRJ4,1609711815628
AH3IGLNLZ4MVRQX3LCEZTERXMR4A,B07GNX2VPX,1557318874788
AGKLGH2GV33WZHHR4KU2R2JYRD5A,B075NM1M1Y,1545183779563
AHUVU7BODRL2UKAM463SNOMA4VVQ,B07H3QNJ1Q,1608394109034
AGUTYHB4IQM2HSFKTSOLSV3ZVPYQ,B07S63NKNB,1578614481847
AG6K5R6HWMYVF3HJ76HSDCVLCUGQ,B0BJ7V15KF,1675696092981
AG6K5R6HWMYVF3HJ76HSDCVLCUGQ,B07DNM6GBC,1662332294389
AG6K5R6HWMYVF3HJ76HSDCVLCUGQ,B09R3WJT82,1662142663465
AFBB3OJS6RKUH22PVQ24TL4VCFDQ,B07YF7KHLP,1630120322574
AHWOGTNUTK6RJGRUH7JISTWDMD4A,B07XGNHYC2,1610251126722
AGQKIDBHKQCZB7LI64OFXHCWSK6Q,B09LWP4TWW,1658902193815
AEAP3K3SBIDTR36WHIRLMKBLS3TA,B07GNWWTRV,1557278748739
AFM4IYZ3C7OEU53EDKQTIGED7ODQ,B08DDKTDSF,1601061661509
AGFNR36ELUJOSJ5PUFMALX6TF34Q,B095WFPM47,1623679977077
AGAZYAVHZHISZAD67AFP54C4XITQ,B08VD2BNVG,1631803452463
AGVQPPGDCIKDYXTIKAOJIOBOX4YA,B07X5SVBJW,1663346885778
AFVRVTWIUBGJT2M4WRL2V2QXZ4MA,B07KCLWKR3,1549503908043
AFNKELTSKEOA6WYFR5KF4ZG53WLQ,B07STGWT1P,1580472721349
AEYRRFOSLYHMD3HSI7T5UO4HROHQ,B01M71IUZ7,1503885232989
AFQLMPEOLCGHHX7TMP3BBBIEZ7RA,B0933CF1DM,1641498075585
AFLXFGU75HSK3SQNKMMEU3QMUVQA,B07XKF8CB3,1632478435328
AFGMARYYNMTNMXML4YYNLX3U3X7Q,B08C77PS29,1643571005060
AEZMZJWRMWOOI3M5727VX2Q56Z2A,B07GNX28KS,1572602589468
AG7BV45MHYXHHXYPIQ4GRONHN6XQ,B089KVB2XC,1596213964870
AHSQL74MNTZFN65WRVT76CGG72VQ,B01M71IUZ7,1504722605344
AGNJROR7PF5I3YKJIALBAAPMDWKA,B08R5BZDNT,1616885704374
AEOG7BV4WERVIDS4H5AYIKBGJ4KQ,B07VGN44WK,1596385097013
AGKTMF7FR6LB7NSNKGJSEEA2TJKA,B07S63NKNB,1605216141169
AFWAFQWBULVJG3UXG7MDRZ5F5ZCQ,B07XGDM47D,1628894092450
AHYGMU66V2XE7OWVYFHLGK7R5DUQ,B0742LVLMJ,1515629890618
AFPBDF5G5KXQJECFWI55JFMIX5MA,B08GKMF8BW,1617040342952
AHERMOTUY36SAEDDYFCOZOB3Y6QA,B07FQWLCT4,1549032843207
AHCOUVKEKWF7LBSYJQTSYTRQ4UJQ,B01M7UDAVI,1564207356014
AFHINJDHPETNUIX6FJHNQER45WVQ,B07DNM6GBC,1533052297388
AEGDLDYWG44GGM6JEI76KQNUDWJQ,B09WNJYJKM,1681148479922
AF7UUN3YFGAHKXUKI2G5LIDHPAWQ,B01M7UD21X,1496204338000
AHI6M6BHXXCNEQLXFHY3YGKYYYUA,B0742LVLMJ,1519599606167
AECMTXXQCIA4NPZRICQ7X7E77NRA,B07QXSYDGF,1591503241826
AG7NPWKOCRYVWARMPJFDTVZ3WX3A,B07S63NKNB,1581060343170
AFB6T2OWPLLJEPWPGWCJHWKXX3AA,B095WFPM47,1626241800191
AHZLPWQINNBMMPLAZOUP3ZNJJDGA,B07PRK81VF,1572291788643
AGOE5WZZL7ZWPPHGG6ZSMTQVJA2Q,B0742LVLMJ,1589969338871
AEINDFOL2AJMLA6VVTUSBBFAGXKQ,B07N7BG8MX,1556220375742
AH3MNUBBLK3Z7EZAKXKFYBEDM3MQ,B09DD9YY64,1638081816403
AH7SGNQYQEP3DNIQ44KWJEELOYFA,B01M7UD21X,1503023207952
AH7OY3SGDNEH54E3KY4W5WYVQFCQ,B09R3LBZXC,1684385587011
AHUKLSBD3DGIW6LPFJIMA3YRLUQA,B07VXY755K,1656281251850
AFY6FC3FQNXHHZXTAN7OV3MXHMFQ,B07HQCCD29,1546205779012
AGRB4C76XNHTKINBBEKWNI6FW77A,B075NM1M1Y,1547222589180
AE76JYDPD4AXGOIXDJERUYCB4TYA,B09BDCTCKR,1633393053305
AEZXUNVUPFFNICHARL7TEZLCYASA,B07M93XFK1,1549498193345
AEFMHE5JSFKME5UFAU6PGK57NAHQ,B01M7UDAVI,1533794604463
AGN62XLC66OKBTJPL7PIHF3WFRTA,B07HFKL5DZ,1595739105871
AEPI2QTPZQH2R3LGLJYLVSREYZGQ,B08GCX3JCX,1603474521440
AF63Q3PH5AJVUDFVE25QSNIAGLEQ,B07S63NKNB,1580839791098
AEOXB6PUA7OWP2F3IP5BT5DGGU3A,B09R3KVR5X,1663354896455
AEOXB6PUA7OWP2F3IP5BT5DGGU3A,B09R3MQLXY,1663354863901
AE54DFAUBI2P5GJ7FZKZBJLYPRFQ,B07SPDBR1J,1596345821504
AE54DFAUBI2P5GJ7FZKZBJLYPRFQ,B07STGWT1P,1596345713959
AF2LZ2SAOBUM622GQM7DJDHHIDWQ,B07VGNQD8K,1655174515439
AGHGSIVSUEMP24FCOKI54JHRMK2A,B08DDJQDSP,1606830499253
AFQ7LX6VNK4CHTUMABXVCHNVGVEA,B07QHDPWTR,1564343414415
AFMAZLIZTECA3X3CQWLQ57YXHK7Q,B08GMY7F9H,1609281292386
AFHAEBYL3U34DKYDVATJ75EFDRWA,B07MGJZ2MH,1661365372432
AFZ2IXAQKHSW7ZSFGNALRBNW72EA,B0742LVLMJ,1567550131299
AFTAKBB4XM26VZ2V3W3U3D324N7Q,B0BN92ZVMZ,1677808831748
AHMILDVPIGOSSFEXJI2SXGZEBGGQ,B07DX3JYH8,1550473970391
AHH7VEVHHNFXZJHARKIQTHZT6QHQ,B0742LVLMJ,1610121057125
AGZ5LMMBKAV6FLSIGLZLERLDR7FA,B07H3S5Y9V,1568907935204
AFM4IKJ2OEQIRUL6VBNHCTO2HKOQ,B01M71IUZ7,1509381424880
AHVE36J3DIITWA6RPCEMLH4EL2OQ,B07VGNQD8K,1605654303483
AESD5KJV6GIXPQUALET4K5XVW4YA,B07DNLPCB9,1541440865597
AFVPKU45C4X5QNLERPZNSEWLTB6A,B01M71IUZ7,1500504550614
AHBSATTZ7I43BDPTRF3C32LSTHRQ,B07DNKDLYV,1564651813596
AG5SKLB4M6FOXVWJWFNEMEDGYYIQ,B07TWRWCRT,1614984514483
AHQTNLKRBKPWZ3F2AUXTVGVFR4GA,B07Y1WHNT4,1604171977071
AGT47ZFO3WFOOEBA2EZ3VYIDTNCA,B089NY9NB6,1597727622158
AHT533CBE4NTEASHGH2ZOLEDOLZQ,B07GNWWTRV,1547432263752
AE2YJWSA6NJL3EDQJVK4TISA7SQA,B07GC3X8V7,1626487219161
AFYBTLCCFQ43AVILJBSXCESEYPJQ,B09R3QJHH1,1666293746496
AHGEEBUT6ZCBCKKQCWSA2SNVSOVQ,B07KSDPDM6,1577227105824
AGF3FW76MBATPMYUYZDM4PSJMOPQ,B07QYVCWHD,1624493377636
AGF6RTRBW3JUFTXOB5UVSYCBJ6UA,B08MV4NRSW,1619418303620
AE3R4MJ5GLJA7QYMYGFEB5GV2NBQ,B095WFPM47,1626536371783
AF7V6YJJODFVCN54W33B6AETQ7LQ,B087YPRGKB,1592502198841
AFNYMK7UOHISE5EO756F6TRSFOBQ,B07KJLV75L,1617619778892
AGJELGWWEOYKEWCAXME43XEYXDGQ,B08JFRNFXM,1605652759447
AFXNJV6CIF5JLN7KVFSOWV27MPEQ,B0742LVLMJ,1529187489002
AGPQDVL45YZRSOVZVJOL6SDQXTNA,B08WM3M1DJ,1634828645286
AHNHUN5X3NVZ43CC5UYFJIFVWN2A,B07DNM6GBC,1544225738784
AGB4WFTPVG2XWEFFS7XRNX2FU2PA,B07DNKDLYV,1603042549819
AH3AACZTUBV6C24ZZHABYGAVBLEQ,B07KSDPDM6,1606076536874
AHXKAWAWZE3YU7MKFFUVC4ISD2TA,B086JBCVB4,1595050102188
AFUSMG3JX7OFT5M3IE7DMA7YODYA,B09MWKJN6K,1643484719589
AHKNXT23GXN3OMJJ4MLJ7JF6IRMQ,B07QYVCWHD,1563083418720
AGH4H2CFAEHP3REJWQHPXPSROI5Q,B07S63NKNB,1589911957826
AHRYOVH6EIM4SJQAGOYOW2EFP2OA,B08JZ3JYKJ,1636677855241
AGACHBYAKAWWGSM4WLUUXARAH2XQ,B07F8Y6BH9,1594509732814
AGACHBYAKAWWGSM4WLUUXARAH2XQ,B075NM1M1Y,1594509424107
AE7BEPAW7RDNFT6OQUJICNSK3J2A,B07DNML26P,1559937826392
AEXPZAYAYRB4OEQKCUZSFLFBVYKQ,B07STGWT1P,1661291834032
AEO6NLGO5UJEGB5G4OMTSCOIC6IQ,B07DNM6GBC,1543692816679
AEO6NLGO5UJEGB5G4OMTSCOIC6IQ,B07DNM6GBC,1543692816679
AFZS2EX2KTW5S3OMPSTKN6MAYTEQ,B07GNVJ6R7,1541458136352
AF4JHQP5VLWRTN7PON43DUNTGSQA,B07MQ5GZ24,1604706621288
AFECO7ZBFUFQ26F34AZ34B4VD6KQ,B0742LVLMJ,1532207487990
AGJZ3O6TPFYLT2H76HXZF3FL4H3Q,B098QXWLCM,1633233094333
AGJZ3O6TPFYLT2H76HXZF3FL4H3Q,B097F3PVMC,1627525545522
AGCWJUDPGHZSLEYH2YZFV7I4S2WA,B08N6W22SR,1610745010112
AGMDBHETXX4EQ2GWWWSS6VJ6KJGQ,B07DNLPCB9,1591468932741
AGOFXQLVPVZ4YLV6MKVKOEL3PSXQ,B098QZJ5TK,1643066000875
AF2N5DMHWX4GTUWEG6TKHH6J3ERQ,B07VGNQD8K,1590876268183
AENPT7KX2JFQDFXUEXZ47WS5ROOA,B08DDKRJRY,1631728762032
AGWPIFDJQEUJW2DTNNHF5X5ZARCQ,B01M7UD21X,1592184062798
AF3HWB5B5FDWXCL3LMT3BYIZDNPA,B095WFPM47,1625599299589
AHFOKQ76MGC4TQXMQ2ZFOSOIDKIQ,B07Z9GCBVF,1599140566756
AFVOAN2HBBQXEN4A57KCD2G7PP2A,B086JB197X,1588477613880
AEAMCMMOZ2QOIYQPTVBVEPZ6KJMQ,B0742LVLMJ,1544636397594
AE7JQUXOPR26OHAPGVEFWCXMSFOA,B07XTBN3PG,1590109882528
AE7JQUXOPR26OHAPGVEFWCXMSFOA,B084KNDTWP,1590109518505
AGLTOZAG2Y42XB5NPPBJTSTG5QYQ,B08PKR32TB,1622325472378
AHHVUODRNSOLZUEC5RKAWUJKLGDA,B07S63NKNB,1590086769161
AFMODMYKI7T6TZDOOH6YFHKEAKQA,B0742LVLMJ,1546720154685
AGFKEBKDYHF7LQLBSKV2TIGDE5HQ,B07DNM6GBC,1538180552046
AGKU4HWITTDJRMRDWVW7HRNZUBPA,B0742LVLMJ,1635675719548
AHG7DZ7ABMOCYYJKYSLGVVQIFHCA,B087YPRGKB,1680525443516
AFDTG32QDDC4TGEG5A2MSFIKIKZQ,B0742LVLMJ,1620105712380
AEHJW6ZEFSH267L4YGQOGOBTEJKA,B08MV4KGKW,1629352105781
AG4WEDEWGCYR72OVIOESF2JUL6AA,B0742LVLMJ,1548359071751
AFOA2MFGS34F72GZTBT7CCJJLOBA,B01M71IUZ7,1608219610686
AGKY7Q5XQXTKA5MJS576F4LAR2IA,B07DVM8MM5,1546715707696
AEZ26V33R6NXUY4QXHYCRXIPZL2A,B0872GR7SR,1594691428200
AGRVD3S7KHTUNRKA6RT2M43FLLYA,B083JK91W6,1682113727109
AHMZEM6UTDHVEBWDWRZOZW5Z6KVQ,B0742LVLMJ,1576987165594
AGBK4I3QVZIY53FYN7VQGWBIEYVA,B01M7UDAVI,1516882314574
AHKAXBBRFXVJZCEKSPOJDET556HQ,B01M7UD21X,1512882265884
AGQFWI6DVHVOXG6BQQBE4QN243VQ,B09R3KVR5X,1660080304576
AGQFWI6DVHVOXG6BQQBE4QN243VQ,B09LVZLLRH,1655742640196
AGXRNRK5WMBOGMBDENQOIJJYVIOQ,B0742LVLMJ,1623082350918
AFY37WOD53EKHINFALBXAWOUI43Q,B07F8Y6BH9,1539391191470
AHBKSQG2MWC6FIIBLKOGVBA6QYSQ,B07F8Y6BH9,1615841746223
AGXILX6UKNAX5JXS6TLF6M4HQXBA,B0742LVLMJ,1613788021905
AFWQSSTSTCHS2JTR5LZKSTEI7LCQ,B07GC3X8V7,1620348948207
AF367ICSWVPAM4M6XUAQ2QSMEYVQ,B07SPDBR1J,1684788623030
AHQK4BISBGFTHMLUVAZNF3TTRUBQ,B07T43BXRD,1567987147143
AEBDCWGXB2O6OQDWPYHKGPULCKIA,B07VGNQD8K,1655825596397
AHJYW4VVM6NWAX7IUWYHL37LMMAQ,B07SDGBPGK,1651003428220
AGNSUI5Y62C3A6VUM6IHGBUUSZ3A,B07GC3QLWS,1588594314362
AEOPCIBI2EBBUQIB3CQ5FLJ4XJMQ,B07DNM6GBC,1549048900138
AEA3DJ3LVVEI5DGHCYP3DZDXSFLA,B07XGNHYC2,1621102452309
AEA3DJ3LVVEI5DGHCYP3DZDXSFLA,B08DDJNJ9D,1610139750270
AHT4OC7I5SCE5JLXP3NYKJSUKD7A,B0742LVLMJ,1686553160707
AFX76QHWCNDNTVR2KPHUMFW7FBYA,B08YRNQGBV,1656996779038
AE4WQXPWDS6NRJS2N3E6XBG65EHA,B09NQCWDNK,1646245041032
AFLI5ABE6W4BPLNXDYLZPPCADL5A,B0848C2N4C,1666657787807
AEBVRVRWEHLLOR7MSBRLQ3H45IHQ,B084KNZBM8,1597988312140
AEZNNR6VJHF4A5W7ATE6XYZAGEOA,B07DNML26P,1538163327386
AEMIPYJCI35XKYH3457M4SYDVXQA,B07VGNQD8K,1599682401613
AHQDU2EGY2RE6CV2LQKUV2UMT5KA,B0BCMDX97S,1677025631373
AHRAMZ4Y6KY7K5O27LGLYNC5BBKA,B07XGNHYC2,1645754798011
AEBAGXOOC7CRCPCQIJCQLUKAMM7Q,B0742LVLMJ,1587608290596
AFKVNRXQG57C2MKUOGJR3NDYPJJA,B08DYDKVB6,1605152756541
AFPYSCENU5UOSSQO3BPKDRWGXNRA,B0742LVLMJ,1619518964572
AGRW5M4M4N6SI6FEJU7QGPIMJVXQ,B01M7UD21X,1506544473564
AFTWIXETE5LNUP3MJP67PEN6MXUQ,B07DNJ6N8K,1596833966645
AFRARQEQAQJDGBYKEEPBYWRBXYRQ,B089NZ5LGV,1597798547368
AF3D6LZ5P4WDP4FSB2KT3NY74KRA,B09SM6QNX7,1674691450255
AGDHGY37RPRMN46WLLALAVMQQO3A,B07DNM6GBC,1555013840657
AEZPBFZWCX3DMLYYO5HMJ3DAFRXQ,B07XGNHYC2,1590114169159
AEAAPY4SOETBJKGXLGOZ3CYDPTWQ,B086JBCVB4,1608916721575
AHL5CO7RJCJOS43TGGSSBUJNQQ3Q,B07FT4FMWX,1562540866749
AEHQXVYIZRR7ZQZMMIFFHPA23DSA,B07S63NKNB,1581019763741
AHKNGIAY4LM5LRQVCKF555DPK6MA,B07KSDPDM6,1658591135160
AEPCVGJJI5XGUJU443FVCZFFO2AQ,B07MC49XCY,1572928822476
AGWFJ72TTCTWSSJ4CGOWDRN4SZOA,B095WFPM47,1624569706119
AFEWD5UWKCMHVFUKMFD2KE4SEI5Q,B082VKH841,1609359474480
AEC64EALO5XIR5OGVZ6QZTNCF5BA,B07F8Y6BH9,1578290430167
AED3XWMGA3SHKVFIG53D3IFQ4FPA,B0742LVLMJ,1595236764686
AFV3XY3Z7VA7ROZAJC7M3SU5AAKA,B01M71IUZ7,1497374970249
AHIUL5JXBTOQ64TZH77CGUVPCGVA,B07QYVCWHD,1562262857151
AFO775H2467H2XG5POP35FJSMJPQ,B08M3PRYXX,1633149878167
AFKQV465XDWD5IV3BWAV46VWDOJQ,B09DD9F3KH,1650924636218
AHMKQD52XP2V56C7HN64UBZXB5QQ,B07GNX2VPX,1552423894529
AETL7ZFFC7W5OYR6IOXZEUR3BHCA,B095WFPM47,1638731424060
AGNXEQCAYJOBC7XHZGZQXKPOF3MQ,B01M71IUZ7,1541021013614
AG6EH6TRO4C2W66E2VNDQGPJCMEA,B08D6WQ1Z7,1637325500997
AG6EH6TRO4C2W66E2VNDQGPJCMEA,B08V6Q9F3L,1637325409295
AG6EH6TRO4C2W66E2VNDQGPJCMEA,B097B5M7VT,1637325110842
AEZWD2Z2PV5LTJPTUIL3XIIZXZUA,B07XGNHYC2,1660854602159
AH3ZFWCXP7MXAKK3J5YGZDEMOTAQ,B07T733WLJ,1608253751767
AGQUNTLVLDLK23CVRH74BTHKIA4A,B086JBB4HD,1633048429399
AEYHW6ZIUQATG6OPL4L6YGI4GYPQ,B08D6WQ1Z7,1601208176081
AGA4JT6TYU4VI5NVKTWWIIWSUWTQ,B083JJNWNS,1594928386086
AHWUVIJ6FAMMZAGTD7D7TYWMJBXQ,B07KJLV75L,1561298258437
AGHOILAL6WWS2RBL7SO3CCGMCNJA,B0933CDYRG,1628559128295
AFLH4ZXKV4OO5NY4R6XVP2MW6CKQ,B07PRXJMLZ,1570325564378
AGOXA5Y27KF4ZMVNBN5EMJXMYBZA,B07QXSYDGF,1683463088724
AHHZU77TIY7CIIQNVKLMKKVXVGWA,B07GNWX112,1547517222351
AGQXKPPSJHOEWHCH7LRCDFQAV33A,B083SS3HMK,1644447193461
AGZYBB3C4NWFSATYYYE3OUBLKH4A,B0742LVLMJ,1549522494528
AGCKQ43Z7EQYBN6R4VQYBLQETXWA,B01M71IUZ7,1521826382516
AF62G5SZXSNXDHLEILXKS4OU7EDQ,B07GNX28KS,1562895116131
AHM6TCCZJ4ASYDZARF6KPJJP6AHQ,B07DNML26P,1553464027221
AERXCGFXGR73CVMOXFFW2VWKCP3Q,B01M71IUZ7,1519443984426
AFLWYATUQKJDIKFCOJPT2F5ERKJA,B01M7UD21X,1496084126000
AHLRMQQXTXDMDM4QIT3M6D6UL4FA,B08R5QQS2P,1638425476371
AHAX3LWMQ6W3ROTSEIBRMMYIXJ3Q,B07PRK81VF,1597695308619
AGZETCP6MXWL5AL4SQ7YKCJKZXVA,B01M7UD21X,1501581298479
AEXK73MJJOD3EBUFVJELVSYYIYHQ,B0B39J6S4X,1678563577187
AHFW2KAJEWFOD4MTP2UFS67T3EOA,B07S63NKNB,1588601154665
AFGSQSECOBM73MHSZL36YKPTMYKA,B07MMT3C5J,1573503088557
AG6PP5X7BUQS7WYAVAHRPAHS32RQ,B07XKF8CB3,1613360383315
AFMJDHI4F6M6WVFAHQEQ7HKSMLKA,B07DNJ6N8K,1536361087173
AGKAIOP2WY3XG277BFRU52J34WSQ,B0848C2N4C,1661252331776
AHB76KUAYOWFPSZJ2DOLXIH7HIWQ,B072MHKTYT,1527811211071
AEQPO3GVBE4DBNB6CBQ2GJM6X7OA,B08H5M5RX7,1617224913633
AEKJK6BG3Z3REFFSJ2QAVDOMFK3Q,B01M71IUZ7,1490646562000
AECAOVG63FEPRTW4AZ54C3T74LUQ,B01M71IUZ7,1495648915000
AECAOVG63FEPRTW4AZ54C3T74LUQ,B01M71IUZ7,1495648915000
AEG3DJ73VWUGYVI5CFKNWS3HXIDA,B01M71IUZ7,1504923502568
AGPWKGZVBTN26YDQ2XJXUVDEKE7A,B09BZRBC47,1664451442858
AFWJLL7BONBS2WQQG3BNYS7M3NYA,B07DNM6GBC,1673589643057
AHVA34WB5IFEVPK3V7XREWRABQZQ,B07DNLG9ZR,1559343116775
AEJ6VL3HGACX672FC346NKEP6ZYQ,B01M7UD21X,1542514614272
AGSHAHZEA6XCU3NP7TLUM3MPRRKA,B083M66CHC,1581813927655
AFB5DPSKJMI33EQLN6NO4KHIJPYA,B01M71IUZ7,1558010893344
AFFRPADDPH5TF3HV7V64ZLXQ2QIQ,B08C7HCJGF,1635992122414
AFXECVX2XNJJ2F2ISGQTJ3KP3HZA,B084KYP7VL,1620748713974
AFGNNG4YUZEUNZH7VNDYKO2P2EDQ,B08C7HCJGF,1614365851764
AFGNNG4YUZEUNZH7VNDYKO2P2EDQ,B08JZ4SVKN,1614365722438
AHTDBC7DJNON6NFXCURC4RJH7Q4A,B084KNZBM8,1648320095441
AFFVBS5VBIR7F3QVWCP75SQ3JAIA,B084KNZBM8,1608317833108
AGFHRZ2UHJH5NELIPWFLNDW4ODMQ,B084KPMB89,1608140758897
AFVILZITZR6GICQFIOFZDEHMKJFQ,B084KPMB89,1609066960190
AESAI7RPTMIYFIFQVBSWTHID5GYQ,B088VP76ZX,1604456149114
AHWUN2P5UE7QYANFYNO4HDAHXJEQ,B084KPMB89,1606934418339
AE5K4VSJRVW4CGHGTT5PWWWCJXOQ,B084KPMB89,1608576908423
AEUFTZN2RGF2C5LR3NLGLZ2VSQ2Q,B088VP76ZX,1637093439494
AGY2U45W5AYNFJ7T47WFAVYPHXWQ,B085YCC8P7,1597599397017
AEH4UZPCMYFGWGTWDSE2X2AMP2ZQ,B084KNZBM8,1587168093084
AFNYOCQANFQHL72L4M7JKCYJTHRA,B084KNZBM8,1656121982722
AGUXJGJPPHYVIPETOEJYDEHRXP3A,B084KPMB89,1613164836803
AH2BZF6HJQU4POQ4GGVTV6A4DU2A,B084KPMB89,1609490027736
AGBYOBZGO3OYPJIWO65D2VX7UCDQ,B084KNZBM8,1608479358842
AGV74A37JZUFED2BHCLZMZVC43KA,B088VP76ZX,1601148541092
AF7F67FD3Q3TH2F3PCEFVXHNAWBA,B084KNZBM8,1644204842438
AH5JHW647VXFFHTBPFYWOECMNXVQ,B088VP76ZX,1609353711993
AFGJZSUKX4SG4CQYKDUG65KSLVNQ,B084KNZBM8,1612880963482
AHHVGQUFBU34LTUDIDVMY4BBQZCA,B084KNZBM8,1592687807744
AGWNIPVTKJTQPL7VIWALG5A4WLLA,B084KNZBM8,1596496479985
AE4LLJQ7M3GF3BWRGVND5DKSZAYA,B088VP76ZX,1654471652375
AEUZPKJOFCIG4CAHRJOM55IZHIXQ,B084KPMB89,1619398774002
AFCK44NSQAUALPS6BEXRCSFMMJXQ,B084KPMB89,1644702843653
AHFUTITDJX7OMDF6SIH6IUMP3DVA,B084KNCD6W,1615552023249
AFPXPVNQNCF7F3IC5I7SCGF4N2JQ,B084KNZBM8,1643886949184
AEKNFBOUTLMRQTEGGRLWYKTPJUAQ,B084KNZBM8,1604350554480
AG527SV5SNN6IUSE4O6UY5I65GCQ,B07VGNQD8K,1594725134128
AGMH7WWZD5EM5NN7FIJ3LCRPP6NQ,B07HQCCD29,1546538810588
AHJD6DEEFHCZXB2MR4ZLLI2VVNTA,B075NM1M1Y,1553095003631
AES6DOORUCW4DE6MKNP45DI6HOBQ,B07DNLPCB9,1544760058168
AHH6XZVUASDWQELV45WS3MV6CLYQ,B0742LVLMJ,1626720036703
AE75RQQHM4NGMMYAYJDKI43MMYFA,B086JBCVB4,1674066832369
AETQDTE6ORTLVVNN5NAE6MTWHRXA,B089NZ8D82,1624227947776
AGEKRW6L5XG3U2FPE6Y2GIDYQ4RQ,B08DF5KX4M,1665667559344
AHEBWRA4DNFNY2YAFTMXGQAKRQ3Q,B07VXY755K,1635168549063
AF5XBYQQLAT55ZC5XSQVV2R255XA,B0813RKSXT,1613923589632
AECYHCENBG6L73YBS72IKVECX5UA,B07XGNHYC2,1616086574844
AE42CD52ITUV5KWCWZJOWVG2NHJA,B08M3S6Y8Q,1657563253870
AGYNJOJUOLZ33OTEO32TCUNZG6NQ,B07PRK81VF,1604842339421
AE6XEIUDPSBG3RJLBM5DPJQH3WJA,B0742LVLMJ,1587609596620
AGCXS6JPRZAHCGTQRFVTHDCYMY6A,B07XJY11B3,1590454257266
AEVI4YPQJABFWE43KHQLL7I2KDNQ,B01M71IUZ7,1500947634689
AF43ISW2CLM35LY72XNC4TJAL4GA,B07HP1T567,1654537412231
AGUQLKKTOZMYCPLHBGZ73CKR3EXQ,B07SPDBR1J,1616163446448
AEM2AHCBKGI3TJICIDUUYA3A75NA,B0742LVLMJ,1570718824972
AGKQSNUSESAMRYHE6L4VPOWTGXPQ,B01M7UDAVI,1502553926223
AHQMTJMWYEY7PYQWTBTORU7A6S7Q,B07H3S5Y9V,1595794586450
AGF2GV3FQNARJPAEAM7M3VCQRNFQ,B07VGNQD8K,1685574040755
AF5EI735OC2KH6AJMXQXAQ3HJOTA,B08WM3M1DJ,1624155819093
AGBXRBUZP33ZKCDI6GSNQZ42IZPQ,B07DNML26P,1533172653630
AG45VSYOUSX4QWA4YQ5RNFWJM73Q,B0BM567CT3,1682054474693
AG45VSYOUSX4QWA4YQ5RNFWJM73Q,B0BM23TXKZ,1675731120226
AGTAPEL5K2WXDBXKWH557P23BDPA,B08C77PS29,1654737699571
AHMHJNTK3MAOXAELQZREJ3VKN5GQ,B07KC11QFV,1549742699380
AHNJIEYJXEP3O35KNKWKVY4W26UA,B07X5SVBJW,1613093482294
AG5GS3H45FVXN4UDMVWHZ4KMWDGQ,B095WFPM47,1625767701635
AE372ZWKM2PKNIGYALWWYH6J45EA,B07VGNQD8K,1640462984319
AHQMXT232RLSTH43GUD62TEQBFOA,B09J8WGT1B,1660700623876
AHU42OO5KBFCXDQXGP4BGI6UE6AA,B07X5SVBJW,1675632302187
AFX45S7HD6FJWCWLATUWRMAZR2UQ,B07NL8P5Q6,1667946949477
AGSNFXQE75FJQGIWDR3QFCOWSZYQ,B0742LVLMJ,1510419322655
AEALXC4GXBOYJFVLQZK4YDYIA6DQ,B0933CLYYV,1668316860083
AEPHP633ANV7AVFGAPNJI4N7VQRQ,B096MS17VY,1679359945951
AFJBSP73NKSJUE6PHTQAFPEZKK3Q,B098TR6QD4,1681636307317
AENNGBGNPATANRDSKCSL5HHBGO4A,B07MGJZ2MH,1654450669823
AHAIB2LGMFYXDJEG4BNNDRIC62PQ,B07GNX2VPX,1573488455460
AFKXTNX7WTNBC6YFXUSXZR7NGLWA,B07KC11QFV,1579305182572
AFKH75TTWPPU5Y5RG6KYLVKOFHDA,B09B2NN3DR,1678233434742
AGSZ4H5NRT7523RRVV4B56KCT7LQ,B08D6WQ1Z7,1648241987093
AG2UQQUCPWBNXTWU46JU4T4S7FBA,B07NL91XW9,1639634944734
AFZ62XNX2JGJPJMZUI5XV423LPEA,B09FSV7MBC,1633620768124
AHP2WBD5CSJ3PMSSFQOVR4BOIOKA,B0742LVLMJ,1546716579951
AEMBIVKAJTLSA6PCFSFWF4S4MVUA,B07H3S5Y9V,1596751842540
AE2RU35344UYGBAIETD4WORGDRNA,B07TBG6VKQ,1618951907673
AG2U4GTTAMT7XDSGCFM3WC2ZU6CQ,B07VGN44WK,1573906337094
AE7GCXLXYLVJS2XU4J3HO26TLZQA,B08CZZ54C1,1604249350456
AGZV3CWBKSCSZAODS4GYLACMPJLQ,B07KJLV75L,1650412368447
AHPMGDKYUQL5B35WJMKURI4C43HQ,B01M71IUZ7,1502930657802
AFVQF2OIGLRODBLTABGTNU2GTSTQ,B0BM2QT9YM,1682627848155
AHD4BXGPQQ6L3VI5RMKSE6JGSUHA,B082VG9CNM,1593026060410
AGU7MMSMSWN5DVXTTTOQ7CGRASHQ,B07VGNQD8K,1596944359343
AGYMBQ35HP3M73VPAHCOBKNW5RVQ,B07STGWT1P,1567616795005
AGIMNN7XVP4KTTTIGS5EQBDZB4IQ,B07XKF8CB3,1590865605839
AE4LO4RPAPRGZDVB72GI5BMOY4VQ,B08N5BJPBD,1613667299637
AHMRKGRX6NT4KTE6XE6AZY4X5SLQ,B07DNLPCB9,1534965840216
AGNXWSEU3JK544NIKCPZI5TQ7UNQ,B095WFPM47,1625418434581
AFHMOSHUOKNOGMVZSWSPQ5PEQ7NA,B07PRK81VF,1614888888270
AFMVGQFQKOMMIZRIM7D3XTAMKJLQ,B072MHKTYT,1525557832189
AF75PKEIHUKA65YFJ4HH2PO64OEQ,B07QD9WBGB,1599075036836
AFA6HCCS6CVOKSCNRLKMMURCP7WQ,B08JCSJPC1,1614864578522
AEB32EOZXWHHC5JYIV5NS2RSLXDA,B01M7UDAVI,1562628028534
AELCUUD4UREVFM73R64DFFN3YGOQ,B07XTGWXYQ,1608002374490
AFJSFQDDWKGL666QYLHUT74NJFHA,B08GDKDMDT,1612316328452
AGB5IF6PA4GJNGKPZBGV6CNIC3LA,B07DNKDLYV,1533519218444
AGPF5IV343N7G5RCZHTZ7GLVEF6Q,B08GKMF8BW,1670274457422
AHYN3PW2K3QDAGTHFHJNAKXV4CZQ,B07F8Y6BH9,1540201928867
AFA3OHJXUBUMZX2ZC2QY56NTM2CA,B07DNM6GBC,1542002682161
AEHZPXMPWBOEPWOIF5UE4VRXBA4A,B07KG71FKH,1620513484078
AEHZPXMPWBOEPWOIF5UE4VRXBA4A,B07KG71FKH,1620513484078
AGBJVKMP6RIQ5EF44KC2TFHGAQ3Q,B0742LVLMJ,1551454480646
AFBV2I2FHONYEWTSKZ7CDZQ2T4GQ,B095WFPM47,1686429302938
AF4EZZHN4XWWRLQH4ETKYDQBS5VQ,B01M71IUZ7,1500665600742
AGFERMEIDH7CKZMPUC66ZFLFUJRA,B01M7UDAVI,1497806155028
AHGIWH3HQBNJ5FKCOY4P6YGUEV4A,B0742LVLMJ,1564528324239
AG4JTXLCOMHO2EDRVYYOSWNNXDJA,B08BQ2KCG1,1610307023406
AHNBQW3V6XCLJAMZEZMRT7HZ7JAA,B086JBB4HD,1609183241681
AHLNYE2YTI4YA6RFO2PC5Z32A4KQ,B08GDKDMDT,1630190806388
AFCIJQRSKMCETAJOJQBXZSWWOLLQ,B07SPDBR1J,1580515906915
AEB3E6JEMMY4KI7QOOLIYFIK4ZVA,B08GD26JQX,1605149535113
AF7YOICZ4UMZMPEMFZZ5JUYFVPIQ,B095WFPM47,1627599338161
AG4N4NM55ITG5R6F3BHUDRIUU7TA,B0742LVLMJ,1577481534389
AHUJHEJXX4HNFVPDSF5QJWWPM5HA,B075NM1M1Y,1596482549759
AE7WEIOHHVAOCNNZCLLPUCDEISRQ,B07DNLPCB9,1539314443979
AEUNFUTXZX7Y4D2ZT3GRGDUEAVMQ,B08425CZRC,1597692501756
AGJE2N2UR3P2UMMTJB3TCRAL2U7Q,B082VG9CNM,1642915888198
AGRBJVRCGVDCBZVDGJCRLVATHOAA,B01M7UD21X,1544533914785
AGNLEMNY4TEYRFRR7EXY63OJEUQQ,B01M7UD21X,1549406559563
AEKHB4T4SRBLALHXYW5ROIYC3PEQ,B07DNKDLYV,1573052577354
AGDVKFGQKT2O67G2ZCVJVTHIOW3A,B07NL8P5Q6,1636337430268
AHDMRWGDHUILU7OF3LGIYP4V37KA,B01M7UD21X,1501262810327
AEWVDJFEMG33P5DSD2Q47FRMWTOQ,B07VGNQD8K,1616076820952
AELQAOKLEGOROSP5PUN2NUSVE4SQ,B09MWKJN6K,1658170085146
AHKSQQGOYJDC5NOLKTLVJRSE3J6A,B07KG5RPCF,1560850843762
AGXSTFGHZXADA7UEVFEDLNZPN2OA,B07VGNQD8K,1588786960177
AFCLLCGKGDTUWPIHTHAFMFBGMKWA,B07PRXJMLZ,1594572461913
AGESW7BU5X6A2V6OHM45GHXKWZSQ,B07DNLG9ZR,1619631489454
AGCBMCYKCX5U72AZ45AEELY7KD2Q,B07M65D8PC,1578352137632
AHBF5L7XPDOQDH3MTHYU7TZULNPA,B07KPH6D57,1550688840846
AEEKFWCAORRKUMUSMF6WTS6YHU5A,B07DNMN7X6,1537933855164
AGNF4LIUWUAGNRLCD3CGL2ERZRMQ,B07GNX2VPX,1541170867216
AGZUM5FWMWDJHZV4GCQKN4MA542A,B07XGNHYC2,1644860220363
AEEY6VNV7THRDMBVC2VNBDRLQOXQ,B08R3ZC9JL,1613250031166
AGZGBKLV7QO2IIQEHLQQ2YHRJZTQ,B092R5FPR3,1644639004494
AHIAW76FEHCH4OCO2J5QPRNPVDWQ,B07GNWWTRV,1544916325295
AF3AAPQSAKNW53X6YKTFAX4XACMQ,B01M7UD21X,1496102116000
AFA44OHNQB44EBGZMZC2GG54PL3A,B07KC11QFV,1611430403359
AFA44OHNQB44EBGZMZC2GG54PL3A,B07KC11QFV,1611430403359
AG7E3DYDIDQ4CBH72OU5FEG7IWTQ,B01M7UD21X,1538506427305
AEBBV7GP4UUFRTUASRFKZDIRA2AA,B0742LVLMJ,1615041468777
AGS7FWMTZAKNNZ53QCFXMGIJVHMA,B08SHQ43N1,1628306525448
AHTF5Q3KW63ELEDSPTQBS37ZJVDQ,B07DVXFP2N,1563913452849
AHTF5Q3KW63ELEDSPTQBS37ZJVDQ,B07DVXFP2N,1563913452849
AFMVHZHTNCKFFPSOVXLPB62AHCNQ,B01M71IUZ7,1510939859237
AF4Y22QNYNNACF2XP66XTZWLC2LQ,B07M93XFK1,1578209374821
AGUWBVGLOOJUTTDYCGXDP5KGJDUQ,B07SPDBR1J,1576690447729
AEF4RNZX2E6TRDGB2VYXOSTIYQ4Q,B0742LVLMJ,1605119220452
AG7SSOJVGFQDDY7XCIDMGR4FT6LQ,B07X5SVBJW,1655858726424
AG7SSOJVGFQDDY7XCIDMGR4FT6LQ,B07DNM6GBC,1559928145272
AGZ3MQVEWVIHZSRCCRD3UQS5TJVQ,B07GNWX112,1542572708208
AEFSPMQO2KIQPVLQD3R4UVBPHD7A,B07GNX34XV,1541511107648
AGC3R6ZLW6N3YZIIXS6YTZZ4Y2NA,B08GF3622V,1604776256161
AGWL5X4AJSE4ICB2FXYXVJ2HXE5Q,B08CKZLD81,1598784750555
AF23I4O5F5U65DRHPF5YTMBXAQTA,B07H3S5Y9V,1559309570278
AGGPU75CZ5FX2VV6GED7LWG2HWAQ,B07DNLG9ZR,1596141184040
AFFZE7XXMYYHJJPZ7OMCBUHA6WDQ,B07NL8SM91,1559160629125
AH32FY74LZCZTCG726OHHU7SJ3MA,B0742LVLMJ,1604953905888
AG6PPA4RZYDM4I67VXAQCDKMYESQ,B08MW56SPG,1632421673513
AF2TGPPNXHCL7RWEB2M6NMLADLJA,B07VGNQD8K,1663986526958
AE7RZ3PAKD7AXKBBEGBCUSYOE5ZA,B07VGNQD8K,1596785656736
AHCC2F74FVTYE454RYJ53GOU2YOA,B07VGNQD8K,1657689076047
AEAGY5XHFXR6LW524SV7JF4DML7A,B07VGNQD8K,1596475187056
AFZYUS4245ILSKJKR47JDNIY2SEA,B07VGNQD8K,1604264156611
AGNP6S3QIKCLNQVR6DEA7AJIMJ6A,B07VGNQD8K,1649085925804
AE3NCR3QW5O3QD7PDGDURQKG7K5A,B07VGNQD8K,1610164011392
AFE7NXM3E4GBD3K4VGCGU5WH2JBQ,B07VGNQD8K,1615178341360
AGTWWCOKSQWQTCZIAYLD3FNMFSYA,B07VGNQD8K,1607602836336
AGKTAK4WD2ZZTKLNUFGD27422ATQ,B07VGNQD8K,1627693708974
AHNXNUMCPMPIDY5J6YN5TDNBSSOQ,B07VGNQD8K,1596897223091
AF3PQAEYSCMAROO2QAQ5MNYBXF4A,B07VGNQD8K,1623352939489
AHHD2MWJ7JVFA2H6PZJ4YSTEVPWA,B07VGNQD8K,1599257719163
AHN3WWL5YNK6SJ3GFCKBC4AECA3A,B07VGNQD8K,1607890516846
AE3WT57MFQQMRP7EYB6C25Y33YTA,B07VGNQD8K,1594486030314
AH4SWULLDE65GHK2LM44LW5CKD2Q,B07VGNQD8K,1594609472854
AFXHQPQDPC74H3LP3IFRJTL2TADQ,B07VGNQD8K,1672700193209
AGBNRMRYZCRIWB6DDLYYCLGNCONA,B07VGNQD8K,1663174205373
AHYIKFIFXKJNDCHOKOL43ERC4SBA,B07VGNQD8K,1594150541501
AGYDKNJXLAH4DYHCK7MC3M5TYDZA,B07VGNQD8K,1612629136374
AGLCVIPCP5J6XF3B756ZJ2XLP3LQ,B07VGNQD8K,1602983083762
AHOLU47LOR4P3W3RHZJI2HY6XYSQ,B07VGNQD8K,1619810378337
AFLGPVJRXBMW6U6PDFAR7PQ6JRQA,B07VGNQD8K,1597144441920
AEJE4FKD6KBYZ272SG6IBQK6IHZQ,B07VGNQD8K,1587392908588
AGMBQTSQ3FDIRWGH3HJPS5OGLZCA,B086JBCVB4,1607743839287
AGMBQTSQ3FDIRWGH3HJPS5OGLZCA,B07VGNQD8K,1602374457773
AGKTPYEOWA7WU5NOTIENC6LTHF5A,B07VGNQD8K,1615222545260
AFAQ5N73LHTGQBXNR5BAGHAIXVNQ,B07VGNQD8K,1620425669327
AG722P7Q4GJNKTHG6VLGDY2SPTFQ,B07VGNQD8K,1593614112801
AHVSS4IWXSCR6PGGQYIHR7W2DMMA,B07VGNQD8K,1594130683676
AGRMFUX6APDLSLQ6AXQ65LDQN4ZA,B07VGNQD8K,1602430911613
AFSIJZKPUMF2T775JBVFIAZ6SHTQ,B07VGNQD8K,1673558952353
AHPPBHNRV2O64AYGY7RQXIC636YA,B07VGNQD8K,1624669892783
AE24KZTIC3G2ACQDDSCAPXL2DDBQ,B07VGNQD8K,1615060897738
AESPMOHJZYTIFYQ4OGVQ2UQWCN2Q,B07VGNQD8K,1594300309590
AEJFQKDITTA4VFULJD62DDGUOIAQ,B07VGNQD8K,1615327125637
AGCPWGRXFW6FZ27FGHXQ6ANDH4LQ,B07VGNQD8K,1596766634043
AE4MR4FUSL55BJ3OJ2ZNJ6S6L6UA,B07VGNQD8K,1570171654050
AEH3PWMZ4RX7P4C3QZNY63RI7CQA,B07VGNQD8K,1652744929569
AEYJHWLTL7TQZFFAQ24KNBAEVAGA,B07VGNQD8K,1601861508101
AE3NCR3QW5O3QD7PDGDURQKG7K5A,B07VGNQD8K,1610164011392
AE5YZPPSVGTSEXHSNVVWGBWAQ6BQ,B07VGNQD8K,1615163825634
AH7XXT5LC2SHM4Z6BG2XSCKLFY4Q,B07VGNQD8K,1601918810396
AHOHOLNUAVRETE26IPXIVZHVFGFA,B07VGNQD8K,1662135642498
AEDEQ7P5WPMQIF4Q54SCU5IH6XQQ,B07VGNQD8K,1649290862155
AG43GR4DVDZVRYLVOP6H5HDFN4HQ,B07VGNQD8K,1598915471231
AFV4D2YBB5DEH4SOKC3ARPGSYUSA,B07VGNQD8K,1604355725066
AEDHBY6ZZDPM5LXATC2EDDGHG54A,B07VGNQD8K,1671141236437
AHXO4UXSCPCSBSUG63YCS4I2CKFA,B07VGNQD8K,1627595831269
AHZSNQA26BFWUVF5OFBOVHQXEHXA,B07VGNQD8K,1628344783211
AHT237P66QSNXUJV7GAAE733VJDQ,B07VGNQD8K,1600139027546
AGMKTRLGYEPB5CMBATN4HZB2CK7A,B07VGNQD8K,1665352659844
AG6CRHKBD5AXFBBPB7RCXNL5D2RA,B07VGNQD8K,1599333959573
AEQZ6KDT222LYRPSHF7NNG43ZFHQ,B07VGNQD8K,1612032686794
AGCLPSKBX2BL6XDAPALXZSPN5VTA,B07VGNQD8K,1599591685154
AFYLTG3NNMGQDNRVSF3IDEZXXZIA,B07VGNQD8K,1596989663560
AEJZVNFE3XR56VMUWZD6NLVD3WGQ,B07VGNQD8K,1588713697204
AG7RINLS5N3LMGOZ3XDMQOAD5ICQ,B07VGNQD8K,1647455384633
AGHXBVTNTR7FLIVVRZNRHFNSZTIQ,B07VGNQD8K,1630425062169
AG67CBZD43X57J3URJMLNT7ZVNHA,B07VGNQD8K,1612039451365
AEBQ4Q5266B4DP7GYNMCSCT6FDIA,B07VGNQD8K,1621334294225
AEOV2435BYORO5QWNB2DV3GOC7HQ,B07VGNQD8K,1644179711802
AEI2YELVDIT5KLXOGAPERZSDCHIA,B07VGNQD8K,1612629286162
AFND75RXHPVCPYBWZJ4JAK67IB3Q,B07VGNQD8K,1659446902370
AFFXQ3IXZGFIYZ3VZ6DSX4JF2CSQ,B07VGNQD8K,1612633978330
AGESWDN3VOOEV53LSF376YPKN7KA,B07VGNQD8K,1614386280806
AEVON2TUB3QEZJSYSKU36EWLFYDA,B07VGNQD8K,1604904242136
AEI2YELVDIT5KLXOGAPERZSDCHIA,B07VGNQD8K,1612629286162
AH2GLQ7KDJTELVA476KONMPUQSUQ,B07VGNQD8K,1671051552181
AGOZI372LBREPMRQ4JPQ4LUGYRTQ,B07VGNQD8K,1614090576962
AHGD3N7X3WPS37RVQQXGTN4XN2OA,B07VGNQD8K,1612446993319
AEF6V5CKTC4UXAODPRWC53WRH4DQ,B07VGNQD8K,1602026356748
AFXURBSLY5NE5VEAVPRM2LFDLHAQ,B07VGNQD8K,1587737863893
AHL3RXM4WBAGQNT4ZHD3FCQQMR2Q,B07VGNQD8K,1659528699442
AHOOYM6XNDQPYMHUEPSJJIOQURIQ,B07VGNQD8K,1624714500231
AFRLEYHMEZOB3DWJCR7N65NJVDOQ,B07VGNQD8K,1604158807121
AFC3MIYWCVQDKDPQDQOJCXEWZLUA,B07VGNQD8K,1597175660405
AHWD3EO64DL3CSE52PHONW2HDIIQ,B07VGNQD8K,1594265094486
AGJEVMEZPT75XRWBRUTIUCLU54JQ,B07VGNQD8K,1619045883500
AFP5NNSLK7TQWZ7FECXN64NRT7ZA,B07VGNQD8K,1619462365480
AFWYAPA7B7KZFN4JUCMXOXFYU6GQ,B07VGNQD8K,1613444277612
AG66W6YN5STQ35V7Y7RMQWVXKSPQ,B07VGNQD8K,1598897166409
AGMPEQXZCVP67YZXBR3I2XUEOOCA,B07VGNQD8K,1612640702085
AH265WZ76ENKQTBXM7T2GB5TS2GQ,B07VGNQD8K,1591752295853
AGQO3I74FFWF272BFHHBL7GTX7GQ,B07VGNQD8K,1612317693079
AE5AFHCET5JUOS3ER7GX45DJDAKA,B07VGNQD8K,1646091550656
AGFCWXJVHWHHDMIRQ4CVTOIHSSMQ,B07MGJZ2MH,1613688512709
AGFCWXJVHWHHDMIRQ4CVTOIHSSMQ,B07VGNQD8K,1613688279027
AE7XHDYCXQWZXHU5PUZS75B5RUHQ,B07VGNQD8K,1592397813922
AHMUVKZOC6U25T7HUQFPHHENX63Q,B07VGNQD8K,1597451954484
AEYBCSUYQ4YC6OKFYHBFTVCDJJZA,B07VGNQD8K,1594934126215
AEGSNSVHCHVNEAK5SSPVR5TWITNQ,B07VGNQD8K,1619707018290
AFFGTIFLLMNHR4WBHOHBR5VUBX2Q,B07VGNQD8K,1659377483309
AHEWOIFP6IKRJDLVS6XRLJM2D73Q,B07VGNQD8K,1599334213187
AGNFNHKXDGOLJKEFUJIHYZRKY6WA,B07VGNQD8K,1606976462571
AFMGANPFHMJXCRX2CTFBVOGC3D7Q,B07VGNQD8K,1594487416870
AGLFHCEVA3MKEOND5Y4TUNYMV7MQ,B07VGNQD8K,1627325003814
AFMIY4KVS7DIRWHKLIZOH2MBZARA,B07VGNQD8K,1614974851232
AH2A6LFU35IFLV4QMA5QYPAHSSNA,B07VGNQD8K,1648694485121
AH7FVLC3YPHP7LJQOZNYGEDBEDTQ,B07VGNQD8K,1599446888423
AHE5QBR6CZCQJXLS275B2TQ4TVNA,B07VGNQD8K,1615035159288
AE5ZO2EVFI3U2MLXXUQM4PIHBR4Q,B07VGNQD8K,1605498282104
AHWOO6UXS34WH4GKPN5TA4BK76YA,B07VGNQD8K,1595383847224
AEIV4LO6NZDPLALIX3IKGAENTPYQ,B07VGNQD8K,1610219594764
AFCGLSPLPSCNGDKE64JYYP64CQXQ,B07VGNQD8K,1639101663260
AF4BJFOPAGUCLSR5CK3IYTLGRORA,B07VGNQD8K,1596457019329
AFKFWKUOHXGR4SNXX3NPXUJUNYSA,B07VGNQD8K,1680728659315
AEI5J3KOYUUUAUORPQ2BMAX3OXHA,B07VGNQD8K,1590664681540
AHTF3DRWRTDWSJBQ3DXPL6Q3MBLQ,B07VGNQD8K,1597951887769
AFU66K5RLZULFAETVWN6KJVQOUMA,B07VGNQD8K,1657575257031
AHPEKUZ3P6Y6F7MZBVFCKBDU5FHA,B07VGNQD8K,1654986098042
AFQFKSOUM3ECBE4ILPBYDMBTFWRA,B07VGNQD8K,1602787653608
AFQ7SFG2TP2RVSW2BKAPB3ASBJJA,B07VGNQD8K,1595000382502
AG6RBUUXH7SIWIXOQPISBP4AJSTQ,B07VGNQD8K,1599683086773
AESGJZSQGTUQKAACOWPKL5FOZFUA,B07VGNQD8K,1636244577319
AHQGGPEQVBL7SOGCQWDWK5SDYWIQ,B07VGNQD8K,1610319735170
AGZBEW5TFELESRZVEGCN6Q2XNSKQ,B07VGNQD8K,1597153609833
AFRCGZ4X4WP2J7STOCRAEUEHBFTA,B07VGNQD8K,1610253553173
AGCTTFSI3XXPLZM67FCCCBCBN36Q,B07VGNQD8K,1599583744552
AEDZXUZZHKFNJSZ6YJXYSFJX5XYQ,B07VGNQD8K,1593808722599
AE6YBYL3E7FHLT26J7OKYOMLMNSA,B07VGNQD8K,1610211925689
AGZUPSCUISAOIDT4W3W56FDEZHBA,B07VGNQD8K,1625628379631
AF7BAPVFDIZNVRUANTHAAJHL6VUQ,B07VGNQD8K,1620421659243
AH6ROVSWF36LA2OL5BELVZMSTHHQ,B07VGNQD8K,1596502264307
AHR72AFGMW36ZVKNYUJAIOTNEYAA,B07VGNQD8K,1594693764816
AGQXNIFUXJHTXWEIS2V2CLIXGD3Q,B07VGNQD8K,1620392530396
AHR4HKSP2NCAQM4CNXZ4QRULYVZA,B07VGNQD8K,1602874196081
AG6O7ANW5D2CWBLWKU3DRQCD6OFQ,B07VGNQD8K,1590772807648
AF37ZH4YA65NBMJGVIUDCDQMTKYA,B07VGNQD8K,1639591313809
AGQLINHVOIAAIAZZPFISVSCFYBIA,B07VGNQD8K,1572575201313
AF6V4SVSRAJ5FM4P5Z3AOPDDERKA,B07VGNQD8K,1608171846178
AFHCLOQCOIWNB7IWFV6ZYZMC7PQA,B07VGNQD8K,1655258470334
AGQ4OJ7VC2HHOP5PMBC2LOM7BLLA,B07VGNQD8K,1596842763821
AEXTTAKJTMJKAYXXS4IVX2DIM5TQ,B07VGNQD8K,1578930229309
AEZXT7EH3KEQD5UHDYO6WCK6KUDA,B07VGNQD8K,1587405049774
AED5HJATXW6DN4NSDPTIC5PECQLA,B07VGNQD8K,1666973254744
AEAOBSEJBCLUNA44EJW6UJESIUTA,B07VGNQD8K,1597378262622
AHCPNJSXGAHB5QX62LA3HNKEXLSQ,B07VGNQD8K,1594153530417
AHFNKTO7I4YQYKKPGJ6LKSTJEOHA,B07VGNQD8K,1618856055389
AFVL5VXG2MLZVC22S3ZA22NDUYIA,B07VGNQD8K,1587909572495
AES74ULN2PBV6ZOREJTSGHGXJQZQ,B07VGNQD8K,1594302593186
AGXDHRQAUFP4C6WRRDET2Z5GPEIA,B07VGNQD8K,1613690858267
AGU6XHZSIDAOVMJJAAE3VVOING5Q,B07VGNQD8K,1644035893657
AE5N4GLGWR77WRENUKHU7BSIQVQA,B07VGNQD8K,1596989171257
AHZ72GIMQQ37QO7VGJL5O37YMICA,B07VGNQD8K,1630673764974
AEJ62QRLTLQ67OIYKRCIVODLLZ3Q,B07VGNQD8K,1655170134170
AF7R6S2NBZBGN6IATWJFKPZOMPGQ,B07VGNQD8K,1597959229080
AEEKYEXQ3ZDCD573SEZ5CH267QNQ,B07VGNQD8K,1612835423257
AFUT7ZTWA26XPZYLLNZVV3TZ5KDQ,B07VGNQD8K,1604618115919
AEFCZZ2QNZDVCYCQE333D5QFPOEA,B07VGNQD8K,1604783727352
AEDML7W3MZZPFOOR4WH7LQPJFYAA,B07VGNQD8K,1599092443784
AHEYFMVRFWAMHWCDVZEKLJ4JPGFQ,B07VGNQD8K,1599338857395
AHN577SS5R4P6IZBXE3ZF2IRGXLQ,B07VGNQD8K,1651874518845
AGTTVJ4F3PGEZDRPZYIPLQ2XSYAQ,B07VGNQD8K,1592397046190
AFGIYNHHQQBZB5UVLZMU5ULCHFPQ,B07VGNQD8K,1646353903962
AHGHPNR4WTHXC6TVAWZWMDLWBQYQ,B07VGNQD8K,1582840079496
AGXI6K5XUNPAIK6Y2BFWCVLE66QA,B07VGNQD8K,1622850528903
AGWXJJ64NMOKA6ZPRHX2DGKDVSIA,B07VGNQD8K,1598969905441
AGTY2CHSNTFN2GJCKMSYCONRKUMQ,B07VGNQD8K,1657057464081
AFM5RPM7OVQADNQY6A6MES4EVTSQ,B07VGNQD8K,1594341250397
AGYEWTEKKFMP6TF2TPIEM4BCRZJA,B07VGNQD8K,1637774958366
AHLUHYRVKPH2SN2GMHN352JA4VRA,B07VGNQD8K,1602110308439
AE56GSKLS75YXF4B7B73EEY3IESA,B07VGNQD8K,1627565591911
AH3WBQTDGT2ESTJK3ZSWW7TTKDEQ,B07VGNQD8K,1615151394607
AFTJ3OVNWJ7SSQDIJ2ZBEORMFM4Q,B07VGNQD8K,1620997871371
AE36FYOVEETXO6M6NF55XE4LRV2A,B07VGNQD8K,1569545390939
AFKXYPIUOQ34ASRTLWGXFMJPTWOA,B07VGNQD8K,1597203003349
AGAHTM3TFRLKRYWV6R2Z6QNSYJ2Q,B07VGNQD8K,1598276729206
AG4YYJNKOL5JYX2DRH62KAVWRNRA,B07VGNQD8K,1595294296857
AFKOFMSB2O2QBLBNRMPFDVCYJXXA,B07VGNQD8K,1599395478782
AGOZAVNJ4AMTKAXMPINYYBNEDTDQ,B07VGNQD8K,1620840714782
AFMBM4PIMBWVVWMPMAED7SCD6NJQ,B07VGNQD8K,1619371570483
AHLYI4DLNOURH3X2WDBGA2WNDSFA,B07VGNQD8K,1627345144458
AEJJVBKDOAV4TMBFE5VMWVCRFP5A,B07VGNQD8K,1630541964521
AG4AZWXQT6ZC6FUPO3ZUAX4TQTWA,B07VGNQD8K,1578330180324
AHGUXLLFVYTD6ENA4HWFCIHNO4FQ,B07VGNQD8K,1594614671942
AGXGZPVSJ5CZZDIACIKANBRIGFJA,B07VGNQD8K,1623185419055
AG7LNME7LKBYX6MISJVJS72YJ4QQ,B07VGNQD8K,1594478079692
AGVJLGSQCCD3TLPT6KESXBLDXJFQ,B07VGNQD8K,1602000279536
AEJSWYBTDI2R757ZUX73PO3NOVZQ,B07VGNQD8K,1600111312318
AH6HJXF4IQOBY5H25SVV5GW5F7CA,B07VGNQD8K,1612216343671
AHA44HF4RZQAGAJUT7UR6GNL2LQA,B07VGNQD8K,1610504810523
AHCWSEX26XHOANPIRZIVHFMFTR6A,B07VGNQD8K,1639620632606
AEAJZB52KUCMZRH4GGDZARROZARA,B07VGNQD8K,1596934884767
AGTEPLD2KBIGOMARVPH2HXIHRG2A,B07VGNQD8K,1627185845392
AFY6HDLLFNKNHUO6L4B5XBKDIVMQ,B07VGNQD8K,1597079626877
AEAWPCN5ZWLK7UQ5B4TGNWNWKX5Q,B07VGNQD8K,1597785472364
AGVWSHJCF5M3ZVMWATIVBFNYONUA,B07VGNQD8K,1615066865369
AETJYP42F425LLAEDMPCHHUX4W5Q,B07VGNQD8K,1610400964592
AGQFGWMF5XODHYIFTN6K5YJ7XXFQ,B07VGNQD8K,1612562121724
AHHDKIKOJUCGCTDGVE2UWWNA42GQ,B08D9FTHR8,1635365859110
AG5JVWSPK7E7YPJCBKXEWL3TT5MA,B08C77PS29,1606931594234
AH5IZHYJHJRMMVTQKSYS47TDE7EQ,B07DNKDLYV,1606201645714
AG7ZTQMKZW7J4B5VU6EPM2F7KJJQ,B07DNLPCB9,1538858325301
AHARVXXCESNYOZAYKD7JO4SXQYFQ,B07DNM6GBC,1554676619958
AGQXFBBXQ4B6DWQ3DXV2D3T5ZI6Q,B08WFF8R8V,1648052563754
AE45U4B4DHJAAYPMRV622LIUQAAQ,B07DNM6GBC,1665022612376
AE45U4B4DHJAAYPMRV622LIUQAAQ,B09R2PCK8N,1665022410741
AGMCAVBMSVNCKUHF2UAVSAFCZDMQ,B07NL91XW9,1577281049317
AGPFHXXRXS5BQSBOHJU3PPZ6SDWQ,B08WFF8R8V,1642954662180
AFQVAQADPIKYPRPPGZKHCGUJS7SA,B09B2NN3DR,1662402588179
AEP64F7XN4QGECHQVJTI72GFNM4Q,B07DNML26P,1596007442664
AGKMVHVDY2R47D2WJOILHUMWE47A,B08GDKDMDT,1606966067931
AHKKJNMYXGN76XEN3BZUXHFXWVWA,B01M7UD21X,1504558957224
AG7NSP2T36WO2P2R7MS3WYEP3ZTQ,B07VGN44WK,1616516087577
AHEWHRDM25UCMMSQ6LVQAA654BXA,B07GS3H343,1643307610707
AEQBKIAVMX2WQ26GFBSO4AOI6J7A,B07MGJZ2MH,1595311027858
AFTM5A2QLV5RXAMT2XZNRUYOHMHQ,B07XZ9MXHJ,1578861904213
AGP6AG6AAQ6L2E4FY473NUPIIGOA,B08VRRCRKP,1614708726668
AF42AWC53OOS2RR7WZJLQRPGUPLA,B01M7UDAVI,1500701838547
AHJNL6KYIQHUMDH3IMUKCXKZYWRA,B07KRGB574,1589502643830
AELX6Z4J6ZOSYNWP6G65IJ5JA2AA,B07X5SVBJW,1688241618194
AGTHUAK4QU6FRAU7XQCTWDD6EYWQ,B09YZ1LJKT,1653421284415
AHY33HZDQDE3YLBAAF5RHCQEIK6Q,B09KDWRZ43,1643162636845
AFEUEGHD555Y34K5IKLOZ5RH57JA,B07VXJR1PF,1612678388717
AHWIIVIJHR4ZADUK2LEJU6Y7NNUQ,B08SHQ43N1,1619164787266
AHLL7O7HM7WE2JD6MI4RQMOXMIJQ,B09R3LBZXC,1679023713442
AG6TPS3LRB4XDTOBT7KU7ZMHMPAQ,B01M7UD21X,1518456241799
AEQ63DYVNFXR4Z7RDXJDXC44YXJA,B08GDYXWBG,1603606712610
AFT5PDUSSPVAVGHQEGUEMRQGTSIA,B07GNX28KS,1562873578252
AEUTWAT5RFJEORYB4OX4O27UEXAA,B0859KKL7Q,1597283133420
AFTCABMT5WTKXHN5FYAJNMQHLBNA,B07X5SVBJW,1618545666350
AHGNV6SB2Z5SKGUUBYBEDHO5DFNQ,B07GNX2VPX,1557522232665
AEWAODT5Z35JXBUPNIHSMWVG3BMA,B08GDYXWBG,1618094737067
AE42MYWEF43XO2EVQFRQPFFLU73A,B09LVZLLRH,1655158247748
AE42MYWEF43XO2EVQFRQPFFLU73A,B09LVZLLRH,1655158247748
AH5DLTTF6VUVYEO4CJWD5X27ZUBQ,B0742LVLMJ,1545339239012
AHHP63AHKPZZKNXXRAWZAFX5OKOQ,B0742LVLMJ,1561357630263
AFKUZWKA4YUIIKB6JPS5CFXLSPJA,B07GNX28KS,1546154170047
AG4EXOULPAMFAWRUCZS3LMIT5R4A,B07DNLPCB9,1544555133990
AG4EXOULPAMFAWRUCZS3LMIT5R4A,B07DNLPCB9,1544555133990
AE3MLEX7QIC73PWJGWRCERWMXGBA,B095WFPM47,1626579562712
AGNLQOHL4VHXOOM6HPJQ6JDS7LNA,B08DDK1T6C,1622080746753
AHPKAZV2TDV2GL7WPMIRQFPSESPA,B08W59XCLW,1670699610194
AGMCIO6F4BTXCMS3LYVQDKICHSMA,B07DNML26P,1554744218781
AHZRBH7NAQBWTE6GBO6OHAY6K52Q,B07XGNHYC2,1631826942173
AE4KWVMWXCMWOCTYUG3FW24QZXBQ,B07VGN44WK,1597934555258
AHL5WSW5U7VC4P7PMK6MV6QUOYXQ,B07DNLPCB9,1597131394461
AEWS2HZNKDCJAI5WZXQPGONLASCQ,B0B39LMRPG,1663082924610
AHA2PNH6SIGSRALBJWSOLXUTIGOQ,B07VYTBJKP,1589852484318
AGRGBDF4PLTNC6PYMJWEAQ7O3MLQ,B08H5MHM3N,1617225487846
AGDTE736J5WY376UWUUQJ2F4MOTA,B07HQCCD29,1629134635087
AHKHNXGY74QHXQTCMFUTYH4Z5CTA,B07DNLPCB9,1535648114259
AG3WEWXC66TN4IIFPRQIUMSEVA4A,B08BQFPZBT,1607824690751
AEVTTLUQHBCYHWE7TBOSNJ2ZNQ7A,B0B6CPL52Y,1673652720124
AGJNPQLKOFOL4YBYYRAA5TUZ7V7A,B08GZ1KQTB,1632527452124
AGJQUCVHAWPQCC4GPVQD5RQUC3LA,B09J8VFH8J,1649274493838
AFTWN4DVET6ZDLGQPKWSCYTAPKFQ,B086JBCVB4,1629941132264
AFTWN4DVET6ZDLGQPKWSCYTAPKFQ,B07SDGKP88,1597512650107
AHIGUY6PMLE2SHBSRRIUJPMZB6MQ,B01M7UD21X,1498673812896
AHO4Y3SQTTEEATWOYPSIFTMTXA6Q,B0742LVLMJ,1546566308638
AHO4Y3SQTTEEATWOYPSIFTMTXA6Q,B01M7UDAVI,1517888681883
AGQW4CPNA3CC7GEFR2UOLLWCJLGQ,B07J2LNG43,1559454259116
AFQILGZYZP7NARLCNG42XYNYE26A,B07GNWX112,1547223800090
AFJUBRHB2PYSA643ZS4SFUCMW7GQ,B07WFHJDB7,1611771213833
AENKEJQD3KUNCZWM67VDYVLG2F6A,B08GDYXWBG,1625858566119
AFDH5JTNNOB72MTLVOJEP3HMIYEA,B087YPRGKB,1616787392960
AFD6267EIS73FSCUNNBS5JAHBCJA,B0742LVLMJ,1597444899757
AGS3UCM6MHCPW4OXBRLMSCVF7MFQ,B0859KKL7Q,1595983710732
AFQPTNTMY6DVSYSNZMLF6G2V6XAQ,B07NL91XW9,1646236815249
AH4KZ4H5YS32DC6JWFSGBB2Q5SKA,B085Z2WM76,1616349803932
AGS3F3JECMA537Z2XFS22SDFSTPA,B081TBW1FB,1665693402746
AFQG5NOW6ANM6YS2JX4ARYRYSQ2A,B07DNM6GBC,1607700587398
AGUOUSDERSFZXK5KD2EZD4Y5OBBA,B07L3W2MDL,1593631214462
AGW6JLE5PG7XTTTITVCCNO6EOX2Q,B08H5MHM3N,1603241293447
AFNN6WP2KRBYIKBIACOWDVUUINIA,B07DNJ6N8K,1635372910481
AFH7W32T5A6GET4DEV7S4XNTMQ5Q,B07DVNJ5LP,1580954426196
AHOYXBGVJJ7W2NSEYGTNZ6HTETAA,B0933FHCTP,1631903171824
AHMWHJ5VO6SVPJLJICGAFBNXC7SA,B084L6QXWS,1605640157939
AFLQVLUKV2HO3UNWYEZVE7O2POZA,B07TBGM8WB,1633130018806
AFEMG4NYXKYIZNCPHQ3WKNML7PXQ,B07SDGBPGK,1597628904765
AH6PJQW3JKIT554UCZXLPFWC5OCA,B01M71IUZ7,1580874893821
AGDN7GNINMPADVTWQGV4BEJY5ABA,B07DVXFP2N,1547956286471
AGQ5Q54XWFV7Z4IANCLXNZ327VPA,B07STGWT1P,1669054275572
AEYNW5SU5PRXBBVZHGNAGZY2CV2A,B07R59N62M,1566653016633
AEK5STWCRMNXK724SZENSCWJNZOQ,B0742LVLMJ,1536604726423
AEK5STWCRMNXK724SZENSCWJNZOQ,B0742LVLMJ,1536604726423
AHPIZEVLWJ3K6U5WDFVV4XGHLTPA,B08D6WQ1Z7,1605382335455
AEG7XCO47AATXUQRKA7RI7ESHTDA,B08MWPG77B,1644368737258
AGSFNWYQL2ESSIRQBOZHBGSWTTPA,B08R5QQS2P,1615418616106
AGSFNWYQL2ESSIRQBOZHBGSWTTPA,B08GCX3JCX,1603487223999
AFPEVFVVCNUL4FRMUSNNQFTKGGPA,B07DNM6GBC,1539985412705
AHRWF2OPFQBURU6DXUQ7HU3B3BEA,B07KPH6D57,1550946686371
AHH6X7UG5G5D7N224ZBMW7ONE6RA,B096MS17VY,1678889648960
AHLV5O554ZWOQO24V7P477ROO2IA,B0886L2QJC,1595376343201
AFBFCQREN2JXKBDB6SH5COGYL7JQ,B01M7UD21X,1498662227191
AFFQBVZOLV4JZ46DMUCMT65NWZ6Q,B07VGN44WK,1599883062739
AEGDUNLZCCUAFNULFORR4LMBVVMA,B09DTB44BY,1642818124809
AEV3MHC7SLPOEMOBANS2675PNFTQ,B0BFJRT26G,1671054825627
AGZNIIU4TAKWAE6YZYGCRMZNFQOA,B08682LT57,1655914725481
AE35WCMZWHBHQL4DLETGHLW56MQA,B07DNKDLYV,1564567895014
AGWD4CO7S2YFHYZGDNTKTVDP4NNA,B01M71IUZ7,1493832170000
AFO7LYH5EARKQPVITT4TIXZ5T7IQ,B07WFHJDB7,1661037517719
AGTOIBEUC23QHTC7OJLFDHHHWVSQ,B07DNML26P,1555069299487
AH2UL55UJHCQ24YKUGCZOADKSNIA,B07KG71FKH,1656617304888
AFF6C3BOCAD4YR3TOD5QUPX6X3UA,B07DNMN7X6,1536866720194
AFVI2J3JO5QNHWCSMSDINA2SGLYQ,B07Y1VQXJC,1597249498431
AFEGESYT3FG2BMT47N634XUXHZIA,B08DPYMZQ9,1597762377130
AG5S7UZYWSXNQECOUW73NT7CLW7A,B088YB3PRB,1625076665042
AEPOBAOYUSMNYBLVV7IKDBJTHH2A,B0742LVLMJ,1531901478361
AELJYREDPZQFOJY6O6476PEQIIBA,B082VL8846,1610762318153
AEPVXNK2QZAXSDZ7HO22S24UV2XQ,B01M71IUZ7,1496166950000
AHWFAGBTCBYSGP6DMI34GQMI4EIQ,B0B6CPL52Y,1680372464488
AEZP2IPZENEQIZRDP7DGQQ6NKQIA,B07DNJ6N8K,1536338017922
AH2MLOW45T4BDEM3K7OVS52ZBV5A,B07DNLG9ZR,1566397992127
AGX2WQUL2XRWUT2AKCEUFIHZC7CA,B01M71IUZ7,1494004295000
AHQFATOMVCTXSZEARAX326HBCU3Q,B07DNML26P,1570924694868
AEKDRUUKYPDKCGLVFAEXOC46W5QA,B075NM1M1Y,1604356544908
AHDA6NYKMJNOKYEKPFURR74ZPZEA,B07FT4FMWX,1543405884477
AHAB6IVZN3TXD3IV4AXZ3HRBJBJQ,B08H88C2JB,1632778263117
AFRVVQFCY2SCWC6YU3ILVQ7BRIOA,B08DDJ1QRS,1605119858122
AG3N2IIBKI7Y3GYWJB2YIVOYNAJA,B08GDKDMDT,1614096734459
AFNUF5QQNXSENOAA3Y6SSSFZAOMQ,B08PVZ417Y,1658945675489
AEZSDECWJ5ODYA232JUBUGJFT42A,B01M7UD21X,1493693518000
AHUY73RTVXHFL73MC5HAQVIBYCPQ,B07DNKDLYV,1547988505861
AFLMIEWLVKF52WSRBRJA6BOASS2Q,B07R7236PV,1557529486256
AHPXXM5N2NQIPNOXIBMVUV4JEFWA,B086JBB4HD,1636086576788
AETDUGNYTBXY6PPBLDUNVJRFXXGQ,B07DNML26P,1539299073566
AEIS3E5ECX4F3CHRLFZAR557DFLA,B07L3W2MDL,1643136402033
AHPDQQVTDIA2S4LQ4VES6NWZKWJQ,B07HFKL5DZ,1652122309718
AFJNNSUVPQCAWVBXNQHZNUGM2QNQ,B0742LVLMJ,1648853960770
AHXFD2RJ7W5B3U7CV27MXECWG5QQ,B09LWP4TWW,1656050205892
AGTWS6N4KE4DLRKGJD2TXR4IHG7A,B08G57H9QW,1605103878827
AGYH6GWKVRCSKGMWZ7GBW6U7JEJA,B07GNX2VPX,1551548627414
AHWB6WVNZJJMRM7WC7HKVPVHC5TQ,B0742LVLMJ,1552534867920
AEPFNGU5SE2NWU2HRTZ4TAKW7EEQ,B0742LVLMJ,1574364083333
AFMARFAGHIIMWYEWXFUBKZM77NSQ,B089KVB2XC,1596890138999
AHQXGY2FF63XO33FC7OAQ4HJ5VXQ,B07DNLG9ZR,1549578938321
AHELJZ4YUVE6BF3OP4PJ7MSUNXLA,B07XZ9MXHJ,1604435222221
AHELJZ4YUVE6BF3OP4PJ7MSUNXLA,B07SPDBR1J,1604435119836
AGRPLCLOLITP63UIRK47BNNBMYAQ,B0847VFTG8,1600363472659
AHTL5KMPGRYTVKYUBKON5BZFPRIA,B07DNML26P,1554832061115
AGQ4BNQGGFMXSLN3R2DSIYEHUP4Q,B01M71IUZ7,1582321296515
AGGLOXLY7UZ7VOZ2L2WZOOKTAKXA,B07DNM6GBC,1539945789461
AF4DI7GM6I5TWMUEN2EOBGICCDRQ,B07G5915QC,1687999117810
AHOADNXZXP2PHYDKCK5MYQRWRKOQ,B07YZPDHK3,1591720399952
AEIO6NN72Z4KEU76LULGIQKU2BZQ,B0742LVLMJ,1594357676474
AGW36BTUD3QYJ3XL6YKMAZ67V4GA,B0742LVLMJ,1569866022898
AEI5KCTF5OFKRVKPK5R5T2NFEUPA,B095WFPM47,1646240772934
AHX6W3N7FU5INVUZIGNYMDVRAJAQ,B07DNLG9ZR,1537994162882
AFUGSMFZA3JNMDPHXQF4MNDBNK5Q,B01M7UDAVI,1599277253745
AEDABRKE3I77LH3TRJD4DG76RVYQ,B07DNM6GBC,1645290647348
AHLKG7KO7FO6VWHOL23CVFDUF2KQ,B07FT4FMWX,1547340197941
AGBJAU564KWX3KPGPIIN3TYGJZKQ,B07SQBG2VG,1605260899659
AE2UZI4AYUG72F6KPZH3N2I4UKIQ,B09B2NN3DR,1687188831087
AFEH7SIAN7LNUB4KKPXLJGPPRDBA,B0742LVLMJ,1580387209648
AEM4HRJY3GTMXO5T6I4JSTGOGX3Q,B07DNMN7X6,1601544549952
AH6ULZ7P7OVQWIVIT223AUYPL32A,B01M7UDAVI,1498525003193
AEFP6KRY672YG6RWPNDSD7JJQ5JA,B08JZ4SVKN,1601363141694
AGNMXN6GMYVAOIKRUQBEXZ3JONAA,B086JBB4HD,1597517059798
AHFYMFSLN7KEGTL3AYCM4C7UU2UQ,B0742LVLMJ,1575754092319
AHAP3BPT7DMAIWTLCAX35EICDEIQ,B08R416M9D,1616995560116
AGK3OPD3UJDWASSH7ZVOGZZEVMLA,B09J8THPMB,1660946843563
AEUCBRH7APUOTL5VHBM2RDIA7DJA,B08DDJ1QRS,1607087966032
AG2MIYULZQJRB3JJL4OMB4IED44Q,B0BRBQ87F1,1672608805335
AFEPSJ46O6LETNMIVAHSVI6S2Y6Q,B07DX25YZ1,1532305615434
AHI6IU6IXSJNTVF6QPMAF4CGVECA,B07QYNFHVH,1621716279953
AH672HSVVGHDCAM2QY7PD3J75PLQ,B07XZ9MXHJ,1614865749145
AEOZ5G5EOJXIR7IKDWPZN6SWOT6A,B07XKF8CB3,1612680799702
AF52RYY5SO43FM3IDCOQ4XEWZLIA,B07XH69M6H,1588810982641
AFMTMMBXHZPADKRINRS6C5W4KZLQ,B07WFHJDB7,1625195649816
AGVNBECUXMN5A4GCKLLJ5VVEPMVA,B01M71IUZ7,1512849821902
AGINLPHGL37EGSHQFC44GQPQGFZA,B07KPH6D57,1549150249113
AHBDBMOF2NRZ5NYQI3QVCTLDQ3RQ,B09R2PCK8N,1664561408592
AETMOIA2BYCBMALGZBKIBK5CI7PA,B09R2PCK8N,1662932837666
AGLHE6GLNVXQ2LQEOYPRPCK6UBKA,B0742LVLMJ,1535582731917
AFAYJXX5B2XBXE72454FHOKRO6MA,B07GNX2VPX,1541552598961
AHU7R6INNYEA5R2O4VQOBVZONIEQ,B0742LVLMJ,1548464178985
AG66YD2XHKE7TEZUFRCZ7A32XC4A,B095WFPM47,1627753047313
AGW5AZQM2DSNTBV3JRR367OSHQ7Q,B083LG5YL6,1674186230293
AFYDWBYHAHZ63R5VDXIWRLN5LL6A,B07DNLG9ZR,1548883759706
AF4M3327LZSP7HLRJ2IAC4JS45ZQ,B07DNLG9ZR,1548894373922
AECD6OQGFCA4GPUGQ3UBWU34ZCJQ,B08BQFPZBT,1606937627684
AHLUABRIXYP52DOGURAHOEGEHOZQ,B07DNKDLYV,1576065365631
AFC3SOQYL45ESWUSVGNWLBZRWO3Q,B0742LVLMJ,1640491100282
AEDJIJJQXGYGKZ63JCJDGUNMP5UA,B07NL91XW9,1644504189765
AEZEU7YHL4WGF75QHGHSIGLQIPGA,B0BHXN9ZH6,1672757022687
AHMAYJ4XLJ4YWHMCRBVU6OOKNEZA,B08GDWFT3R,1606537179806
AHHEK66WWGM5HPCMRL2DO3Q5RW2Q,B07FQTWGQM,1536205229960
AFQBKAQTVSFLYWRJMHKWUAIJWS5Q,B07KJLV75L,1561055939266
AGBRD7QVGHG5VXJ6YLBLWJO2BBZA,B08N6V63N7,1608147825058
AG4CMBLQWJERFUAXQYGT6B67ONMQ,B0742LVLMJ,1607573555540
AG4SZ5422EU2W6YPYCEIK67OTMVA,B07GNX28KS,1541016297595
AE5V2TMPSUGRUJJBPJN63TJQP7TA,B098KDBYTJ,1636142188689
AFMZEAQDYH5HP2A5G3WP6K5ZBF7A,B07V5VWTMB,1625586699302
AFRDORA2IEGYLTNHDTLQFF5IRAMQ,B07WGGH1C1,1573749871098
AHMPNOBLBL7VM3TGNAOAM43ZKIYA,B07DNM6GBC,1539047138339
AHMPNOBLBL7VM3TGNAOAM43ZKIYA,B07DNM6GBC,1539047138339
AGSRTLHVJUIJ4EOJGKNRYFRHPMGA,B07DNKDLYV,1562699333807
AF7XLJPDJBVGA6ZFLZCB5LBEQMGA,B01M7UD21X,1504674701898
AHGCMN2FGDP3MFEVQXP5Z5X4FJUA,B07J2LB2XY,1590627778283
AEJJRMOYKNUCWZVYSUIUOSWMORKA,B07DNKDLYV,1554681388813
AGVEXL5GZXQYE2DXNTX2KYZVI7RQ,B07DNM6GBC,1554745776299
AEZKLWEIPWF5IXPOY6SCNDZFYAAA,B07DNM6GBC,1602094243800
AE7NAV3VNW2G4FR54LYCGWJUVBNA,B07DNLPCB9,1576205559501
AGPM5GDULCLSICMCDG5RQX77XMTA,B07DNKDLYV,1570632646218
AGUBALWAZXO5X566Z5C2FFV73ZVA,B0BM2J47PC,1678259583394
AGT74RUGCRSL3TZ2T2DANO332EBA,B07DNM6GBC,1612989480142
AE7PWLKACNTQOPWARPFYZDPFYJDQ,B09BDDHX52,1630691111287
AGLTAP6KZFRMQ2Q3MSWP3ACPM26A,B08GD26JQX,1615870191492
AGYOWJOOPMGEPWNFMRHPKFVIUBAA,B07N7BG8MX,1562598058388
AGWQEO7LHWK6SLSDMMQ24GLYZ2IQ,B0742LVLMJ,1561955717887
AEYANLKB44FO43XNDZ5CSZSA7MGA,B07V5VWTMB,1616528065581
AGTV5BXOGCR77PDT3XZSNB7HF5NQ,B0742LVLMJ,1593650799733
AFPXCX7YPVHRAZH6IVRSO7UNGRLQ,B07FT4FMWX,1578456574407
AFA3PBYVWWLI3CEJTL4RS2RC7ILA,B07KJLV75L,1560947990622
AFO3RBIJZ6HFWUYU62WJ55BMN26Q,B07QXSYDGF,1564232412765
AFELJEFCO66TYWNSPNSJQC3CUUKQ,B07KJLV75L,1561061924718
AGIVXTDCHOM25Q6BOTS6J7A2GU5A,B01M7UD21X,1505527145590
AG2JJN5WXRW26JZMWDNZUNOPME4Q,B0742LVLMJ,1549210861072
AH6X4CL57ZZIXRYSDMH3YYYUTUAA,B07F8Y6BH9,1534442737219
AEEYUALNRJTVTJ5ABVXSRRRWUIHA,B0742LVLMJ,1530412185020
AGKXVXRR6VBC3RWLSBH35D4QJ3MQ,B07F8Y6BH9,1602859635775
AEZ2T6DH4P43W75G5L43PJ6KDKBQ,B07DNMN7X6,1554574896874
AEOH3LGHHOE2LFYGCZPOZAQS3MUA,B08DDKTDSF,1608891246564
AF7LZRTRIZQUHUQSLQ645EYOCKFA,B07S5C7LR4,1596770341532
AHUB54MTLCH52APZNT3FOEE4UDHA,B07S37W913,1672441846399
AGJBKJRFWTCUSKBWTBWZIB5YPIWQ,B08PG5NSD7,1627839061221
AE4LVDEBQLT2KPJIEKLASCLXAFAA,B07FSYKGSH,1551711744732
AGCMFQ7LOGI5VV62SFBDIYSYHYLQ,B09DGP6GCR,1638566781130
AFS7JIEZDOP6WXEITOJPSGAVCELQ,B07XH69M6H,1618604143991
AF3HD4I6LLEUNPHZDWKKPAJPZW4Q,B0742LVLMJ,1610338876007
AGY3UDJ5ZQIYTIJ7IVSZ6QTXH6SA,B07R718LML,1557327906303
AFG3RLHJ3A7X36OTVGKR5BRDUXCA,B07MGJZ2MH,1615983755088
AGQ7C5XKNP24TK3D34RBPUW6NQ7A,B07KPH6D57,1551989508719
AGBTKQ2X3IYJU6RKPA3BAJWRBAWQ,B087GQ51ZB,1610486247015
AEIRLJBJGVTBGQ4UL5BAEEHFPRCQ,B085YD3D6V,1604082371216
AGEO3KWDP5IOJVENW6RDDLLTPNYA,B01M7UDAVI,1515544896679
AE5MYLHWR6HVRXNO6K4JMHIJ73MA,B01M7UD21X,1488167511000
AHTYQKQ7CYCUVWBIKAHOSMXUGXQA,B07NBPQL3C,1571273634882
AEBTC5NJAEYTJJ6QFDX35NKRRR4A,B082VGMJ19,1620165012181
AE6KVT6I735VFKWTPY2SISHODSTQ,B08682LT57,1604995128813
AH25DF55LXD53R2FZWHSIQ2HI7JQ,B07WT5CCKH,1572930074916
AF6UOYXJ635BDL5KMAWOU4NCBGAA,B07GC3X8V7,1593750247988
AHKNZS7Y5OBW7REL324NVZ23FHYQ,B07YF1TGM2,1603914925061
AFQDLSTSRP2DSZJUR7SFNB6XI5YA,B0742LVLMJ,1575564587597
AEYTFBJV6OBUBKWFCP7KVQCFGU3A,B07X3TJGFJ,1594772640791
AETJQJTVYCJLKEQK7B6B5BKEYUYA,B07QXSYDGF,1613716173442
AGHU7IQN2UUPKCSFVP5WWIJ7F54Q,B0742LVLMJ,1588861100153
AFDDOTIEGRVCPXSEKVCEM4VYH52A,B07DNKDLYV,1540582121542
AGQIJWZ6UOFGFXI3BSIQWFRUADIA,B07XKF8CB3,1632345645171
AE53LM3X7ATZ2BCWAHPT4PR6RGCA,B07R99144F,1576930137882
AEOSGKXQAIOTSMWTXLH4C3UTBWYA,B07XGNHYC2,1605962743541
AHEBX57OLZNBX4RX7L76GCZYJ7HA,B01M7UDAVI,1538871795739
AGTGVNYXP2IPMKCZENWMTTTVNPYA,B0BCMDX97S,1677192039886
AHMLUGRKPEKD3PKG6NVTJEHYG7AA,B07DNLG9ZR,1536819564180
AHMU4E7ISUG36XZHCITTN7U4TIBA,B07STGWT1P,1620653173335
AHG2IKAFDYEZZE5IA44HQNXD2JOA,B01M71IUZ7,1520274834760
AEJFLV2QFHFX5DU6W37GJ5GNO6IQ,B07GNX2VPX,1551930368883
AFV3BH2I4JT2ZY6I4JIL6E5AQCFA,B07DNLG9ZR,1560210258979
AETABOIT2HGLTGI5K6YPZUGIH6OQ,B096MS17VY,1681097871244
AH5IKUPAUSC7UBZOBQ7RBBCZHEQQ,B085YD3D6V,1622765532523
AHSX6CU4LR2SYRYYJXWMJK4VCZ5Q,B0742LVLMJ,1550646540749
AGDC3YY627AMKJM3B3IZNJZIFLHA,B0742LVLMJ,1519149962973
AE35RTAMMMWNZOJACIFUPWSZZGYA,B0742LVLMJ,1597870976630
AFY5GQJFOLRHSL43GRRDF5PEF7LA,B0742LVLMJ,1591390615552
AGJYJTTNHLE4N33RGPPV77K2RBQA,B0742LVLMJ,1524053073400
AF7AKHMMOHPTFNV64YBGLE5QKG6Q,B0742LVLMJ,1680450888380
AFOA4BAMT7OSZJDTPGRXFVXXMALA,B0742LVLMJ,1514958793764
AHH4KQ7DFAL7A4JRM4X6WGYBJIWA,B0742LVLMJ,1578781001193
AHLNYDY55SAN26P3ONBWUQUYOUNA,B0742LVLMJ,1616889356490
AEATSZM7YPURCSGTC4MVGAJTG2ZQ,B0742LVLMJ,1538092721689
AFXGO3UFEBG2WK72QLOTJNEKFUZA,B0742LVLMJ,1565081746876
AHVLBKHV6AWV5IKBZTVHNOZDXX5Q,B0742LVLMJ,1561515953499
AGACS4E4CY44BNZ4SREXPCXSEVKA,B0742LVLMJ,1528842010310
AFHUTSUIDRK6T5AWBWRRXYRDA5TA,B0742LVLMJ,1608872105270
AFUTZO2HJBPBIRIDJAQVN43LJPLA,B0742LVLMJ,1634266597049
AFNKGFONPLMWV7KDSFL7Q4VN6YRQ,B0742LVLMJ,1531014471009
AHYH47EVOZIXKQZA24AMLM2N44YQ,B0742LVLMJ,1621544866741
AEH3OXE6XPR2CMC2VSJ7K3LEDLHQ,B0742LVLMJ,1590185533938
AEH3OXE6XPR2CMC2VSJ7K3LEDLHQ,B07H3S5Y9V,1590185287542
AF66T4BBZDZYA3KVBJZSG74HO5LA,B0742LVLMJ,1558143118297
AH5DRWAP5VZFX34HUIEROUW23XJA,B0742LVLMJ,1577402709853
AHFODZYUKIXRDQR33PNRJPRJI3VA,B0742LVLMJ,1619636396111
AGPA7UUIWGFV6PDJ2JZ57OW5FLYA,B0742LVLMJ,1527462490565
AF7KUB4UWQZWNNNI66MN3WQBHMTQ,B0742LVLMJ,1515531852483
AGEP7OLEQ72OEH3SKO5GTI7OAGFA,B0742LVLMJ,1557978273156
AEXQNVMWDUWPRG3JH3PF7ACXG27Q,B0742LVLMJ,1566183403784
AF2WJGOUE4QY2GIKVAV2JVGL274Q,B0742LVLMJ,1544676972650
AERNS5ESVOGJN7FXIDVNYZPC2FGA,B0742LVLMJ,1546833216517
AH6X3FJJUJCP4YMJYYM3BC6PRQIQ,B07VXJR1PF,1598129919692
AH6X3FJJUJCP4YMJYYM3BC6PRQIQ,B0742LVLMJ,1598129071412
AGZILBBOBEUPHDKS6EBZTBGSOETA,B0742LVLMJ,1544210923652
AG5BN7XS32ZFCNJT3BR6Y43TM3HA,B0742LVLMJ,1590890128325
AG5BN7XS32ZFCNJT3BR6Y43TM3HA,B07QD9WBGB,1590890046580
AENAVBXSM6SXKEBRAZ5TUXL2FDFA,B0742LVLMJ,1603629938262
AHEHYOZSBFVJ73XC2T4TDIWBBFDQ,B0742LVLMJ,1565207929424
AHIUBENMIA3OFYQ2L3HB3VWWUCTA,B0742LVLMJ,1597316520298
AEWTRVNBMWQOSYPIQUHBBYU7MSBA,B0742LVLMJ,1610935131407
AH64ITAQJF4TESNPSQA2EVYWRN2Q,B0742LVLMJ,1597797126732
AGYOZ7RPKHR3TFD3ELJLJ6UK7IVQ,B0742LVLMJ,1542383008853
AGQKK6LHLDKYMI5HMB7BNKPQOP4Q,B0742LVLMJ,1617254574962
AHLJ5UHOKU3GYJV3SGPGRWT354MA,B0742LVLMJ,1523478746761
AGTBWN5Q2YNN4YOZDMC6KR3WRKFA,B0742LVLMJ,1604171489739
AG5FCAH4GS74MTD3VSJHGYFS3RSA,B0742LVLMJ,1595186988060
AGD2UKUFOWJSFA2KABGARJPSGHEQ,B0742LVLMJ,1533608304235
AE7RLBL5ANFG37VZPALS7ZNW7C4Q,B0742LVLMJ,1525140904192
AEWEH47QDI5YYEMQ62WUFICFCGKQ,B0742LVLMJ,1513519130883
AEWSRWWBYCIMQFUCA5BAJZXRL5UA,B0742LVLMJ,1591998807137
AFLU72GTSW26MT2PYBM2XKYWRAAQ,B0742LVLMJ,1517278025275
AER35HQJTAKLAAUIHJYDCXI4SEPA,B0742LVLMJ,1548454098947
AGZMDXYOSAECIRZ3IFK4ZAY72HXQ,B0742LVLMJ,1575989983761
AEVOMUG5AQIJ7E2R6A25Z7EXROGA,B0742LVLMJ,1501245869174
AF3LVBEJTECYBM4JQ4YHHHY5VTGQ,B0742LVLMJ,1656267655870
AEWIHT5U3I7NORLRBGHH4GCRXQQA,B0742LVLMJ,1558304384028
AEIIPB666LRBL6I3SULW4DICJEUA,B0742LVLMJ,1523556016718
AHU2YTAXRNKDDJKA7DWNMRVBSIGA,B0742LVLMJ,1621750056414
AHYW35MI3IDU6GMHQ6D2TVF2ZBMA,B0742LVLMJ,1588103368825
AHT77BPY3MLQTY2CFGRR7WAR74FQ,B0742LVLMJ,1598192624264
AGF2VA3R74Q2QUFACLYBGE2JZECQ,B0742LVLMJ,1578084977133
AFPOY7U7XHGFOX64LLKHN3OBVUMQ,B0742LVLMJ,1580663511513
AGB3IQHVAAXZ7ZVS4VP6CB2EWJVQ,B0742LVLMJ,1593443166666
AEPAP7KD2BBFOEF4R454VNPJ33SQ,B0742LVLMJ,1561736787633
AFNJEVHCMARQ3DZVKTUYMMHO33BA,B0742LVLMJ,1623254195225
AF4L7PBVG27GWQKSBHDHB6IH6XIQ,B0742LVLMJ,1595261776014
AEYXHTHQLNMZ4PQZGOZGIOBDKC2Q,B0742LVLMJ,1501250843621
AEXKYYML5QVP72JEIHKVFI5VYGFA,B0742LVLMJ,1609721306965
AES3ZKS6I4OV3PAP45WB5SMRPBXQ,B0742LVLMJ,1598557963799
AHZNUZEPA6BSI3CC7SYBTL7HBEYQ,B0742LVLMJ,1592845019921
AE5EPWL22UFSFISCCW52D7AOR53Q,B0742LVLMJ,1600901961603
AG5LYNL4RKO2CPBHGPLPYVDGW4SQ,B0742LVLMJ,1519163143485
AFW62SBBOVLEJ3M5DILE2ZLJW36Q,B0742LVLMJ,1527731412544
AFPWFTWOMBFZYE7XRE2RZPYLUQ5Q,B0742LVLMJ,1579797530397
AFLU72GTSW26MT2PYBM2XKYWRAAQ,B0742LVLMJ,1517278025275
AGRPZJY6AYSASYITDEKGVEGFLLKQ,B0742LVLMJ,1597013233093
AHRBKKCRUQLXGM5HEZ4ZRUWCYOOA,B0742LVLMJ,1607487635010
AFIBKCT3ECDMGLRAEIHVNYT27L4Q,B0742LVLMJ,1536978120144
AE6UZGK35GZO4FGTCSX4TDNAOXFQ,B0742LVLMJ,1501588475516
AGOM3GACDU4M6S3TWZ3TX2KYULGQ,B0742LVLMJ,1529881237600
AEX3FCOQOBZTCJ4D4JKXLFKRUBNQ,B0742LVLMJ,1534164341631
AGQQXT5OUWWRCJZXTUHVLA5CFEHQ,B0742LVLMJ,1560292447716
AFU2OKJLM77RTI72PRQGNQCR2RVQ,B0742LVLMJ,1513626917647
AFEJSD7E5XDWQCB7SVXYLXNJQBVQ,B0742LVLMJ,1546961574097
AHDTRPHVUSXQXTOL6U6VAA3GB57A,B0742LVLMJ,1667959344526
AGEHBL6XQH6LDU5L6CF5OQ75Q4DA,B0742LVLMJ,1525038831788
AHI3CZ7F7EJIH6CELVFFF5PUY5DQ,B0742LVLMJ,1610465613478
AF46MDWPCLHHSCA2YIDUPONLWDRQ,B0742LVLMJ,1599148157883
AHQU3CPV7G4IBPYUINH56V3X6OXQ,B0742LVLMJ,1621605505366
AEMFSMZZ6ON73KLXM5675IXXZCZQ,B0742LVLMJ,1607966968067
AG2R4VB5IS7M7PMEAWV5WQQOIIEQ,B0742LVLMJ,1590729876819
AHDRKHYOWSSQN3T3LF6VZ3SD6ALA,B0742LVLMJ,1542953936377
AENOPJY43B6XNZ4XBTNV37HGPILQ,B0742LVLMJ,1551973860020
AFZ3I3XNL6CCRPTG262NCXCG42HA,B0742LVLMJ,1573512662795
AFL232PNQKT6URJPMKIITHDSQU5Q,B0742LVLMJ,1524086813877
AG5NKJK45YFUUDGZ3EJPQJAEHTWQ,B0742LVLMJ,1525804652751
AES4XDNGADWRZX2S3P5PSQMAKI2Q,B0742LVLMJ,1627391977364
AGIIVK2C4O5BV27MCR4NFYJMN5VA,B0742LVLMJ,1619946443207
AEHBTU7KXXDYOF656FYBH4YJLQPQ,B0742LVLMJ,1548635126522
AHVVXR7DMS434WN6IJNDH3WSVSGQ,B0742LVLMJ,1598919392083
AEA4MULCF34DQHLDVFHE7WRRRQNA,B0742LVLMJ,1567450327446
AFCPZQLAI6TCOZDJDYG46V6OUDHQ,B0742LVLMJ,1549469314897
AFCPZQLAI6TCOZDJDYG46V6OUDHQ,B0742LVLMJ,1549469314897
AGIU53MGRS6TNEEDZWFOWWZLOKDQ,B0742LVLMJ,1679340536310
AHCJBCDJGRDREZ65TQDFPSVXCG2Q,B0742LVLMJ,1617494900796
AG7EZTESVYXW4ER4HXHOURDCWOKQ,B0742LVLMJ,1555089908101
AE52SIZFSALGLITAEME7BOVSC7BQ,B0742LVLMJ,1630093564295
AESQTVAEVN7HUI3W3JITEO6OYPGA,B0742LVLMJ,1617463704679
AGCGDSPTQ5UOK4N73DQ4LF4V2XNA,B0742LVLMJ,1550955055976
AHF4HP7NIDM7D5GBGKHAJA7NHMWA,B0742LVLMJ,1509841108551
AGSRKYTMSAHTZWHE4OB6W2JASPOQ,B0742LVLMJ,1501557516006
AE6LFUK5VZFDD4M4WJXGCQQ3TEQA,B0742LVLMJ,1591571254420
AE5UXFKAGQVAKS4EBXWPIRF7RKHA,B0742LVLMJ,1600021550429
AEJP455RR5QZIOI4IIGZI74PBHXA,B0742LVLMJ,1556001154364
AGCQT44GG3YKDPRBB7HF4SLUAQQQ,B0742LVLMJ,1535510713186
AHOWBENWCQ4XQANTODUYUCPZ44YQ,B0742LVLMJ,1599006715170
AGM5BVVARME7O5IWVLQY7YWRN5XQ,B0742LVLMJ,1556847105653
AHXH7MBMENKTZTRDNOPOVRE5FR4A,B0742LVLMJ,1638297597269
AH2I2NCMBECSED7Z5VO4RCTDL5RA,B0742LVLMJ,1642118099702
AEJ657H6OX5YKRTIHP5UCXND77XQ,B0742LVLMJ,1605402754194
AFTX35NUINHYCHZSQ26O32EWO4TA,B0742LVLMJ,1533146128359
AENP22TVYSPHLXXUCH5NGHABS23A,B0742LVLMJ,1526506771215
AGOQ7J2G2REOBLJVARZZDHJWCCRQ,B0742LVLMJ,1598764721426
AFJTE7S6ETMRYC42M47BCDDTBPEQ,B0742LVLMJ,1605169998193
AEOQVAJEDCNKISSNYXYND55JAGHA,B0742LVLMJ,1680384171789
AEPQKXMA67PXV4Z6K5GMTBPZRQ3Q,B0742LVLMJ,1554484738693
AG4PFTWAORPG3V2J5PJZXJZAYQOA,B0742LVLMJ,1561853418223
AGKC3KCHUVU3V6REQXLJHHRB5HVA,B0742LVLMJ,1597558288792
AGPSMFOYGYTTTSAGFASDHQEVWZ4A,B0742LVLMJ,1548914284424
AFZ5DI4FISLHZD4MKNFK74QBTC2Q,B0742LVLMJ,1579728309883
AGGHGCRG7ENBYIAJUIXNK55T7ZDQ,B07NBPQL3C,1549484764722
AGGHGCRG7ENBYIAJUIXNK55T7ZDQ,B0742LVLMJ,1501248897081
AFYDHUF3Y4N55DTSSHADE5UUOGWA,B0742LVLMJ,1621054099377
AGGD7GQUPKCTD6OE4IQAMR7WXTIA,B0742LVLMJ,1618716783586
AGSVKDP3SJJREGP5U4W6JPRKDPAQ,B0742LVLMJ,1678983002460
AHPPKMSN4T4YOS7Q5MC56KSM666A,B0742LVLMJ,1596013448108
AGU4DRD2JBIPMJTTS22MQM56HRRQ,B0742LVLMJ,1610585826860
AFDSZUCBYB75K26DDAGV7V7QWPQQ,B0742LVLMJ,1520557754361
AG3T4IPO5RK5DSQESOG6MTGX4DWQ,B0742LVLMJ,1503368096225
AEJM4IQ2P3WIUVCYIJD7H2U6DFCQ,B0742LVLMJ,1549389427287
AE5U6U5SQISRNXAKVFWOWEURC7WA,B0742LVLMJ,1580510833492
AEKQQTJJWFQYC7FLNTUTB6T426XA,B0742LVLMJ,1515631022102
AEVPPQ3NA57646CW7V4ZN2F7TRPA,B0742LVLMJ,1529534600683
AHPBRLL5HURTXC5O66VBVCAC6LOA,B0742LVLMJ,1602298770500
AE7CBRX3EWVS5XHOEJOT3QYO3T3A,B0742LVLMJ,1589049627607
AGMTKEXMGO32NPQRPJ74LZXRTZ2A,B0742LVLMJ,1504547287348
AEIMNFJR6VNCNLRJ35PLL6DSJ22Q,B0742LVLMJ,1579757721373
AG274XLSI7FHC7ZUOOKTQYE25TVQ,B0742LVLMJ,1533650227101
AGOAQPZHGIKN7IACYEMAHK7JZZPA,B07DVM8MM5,1544065098118
AGOAQPZHGIKN7IACYEMAHK7JZZPA,B0742LVLMJ,1544064768414
AF5NZPISRDKJULJPTN3SRXN4NNBQ,B0742LVLMJ,1595110542331
AGXPOR7QT4UC2GK7KEOBH36R2NCA,B0742LVLMJ,1581177655890
AHGDNKPFMQFBEW2PGE2YOOS2WVQA,B0742LVLMJ,1561847465998
AFOEEEZ52GPWYCDTHM26THYDAACA,B0742LVLMJ,1554568402192
AEX3HNJXC4G3VFXFCWQV6OPYHAMA,B0742LVLMJ,1555449004322
AGAMRVCRZYOKLIWH67JAJXPRA67Q,B0742LVLMJ,1576361444858
AEY7P5VZ3CIUTQR6OM4OQGKDPWVA,B0742LVLMJ,1610684467765
AEP3YTDXWP5GLIFO2VJXDDRBJXUA,B0742LVLMJ,1553528829693
AFS4B6N7EBGISF2CZGMLWDBLXMDQ,B0742LVLMJ,1535380447302
AFFMBW7WBDBF24Q6UFLYI72ZBKHA,B0742LVLMJ,1633827158157
AHK7XPM55QOERZ5Y7EYDTQYIBRCQ,B0742LVLMJ,1516299378016
AGYSR4I37F5NYTNZKVSSOLGHK4MA,B0742LVLMJ,1577293256069
AEO2D7NM377GUKNENCX4QPVT5HNQ,B0742LVLMJ,1515640062638
AGS7OBLUHIRFUSXVXX2BVN5KYGXA,B0742LVLMJ,1566153291151
AE2BXIPXYPEFVZCWBT4HKFEV4VDA,B0742LVLMJ,1502356549430
AESQXZYX6EOD77GJYXWUJR5HF6TA,B0742LVLMJ,1657934717207
AEG3FNFXZRJRQCSSW62SDKFGPIIA,B0742LVLMJ,1620439768618
AG3SNY33V2MWBSABV6HDW2RUC5KA,B0742LVLMJ,1580601489083
AERS47C4IWJDC54NV36WKKXCOBIQ,B0742LVLMJ,1588866328071
AHQKCMD7CGKEW622WRDXAMTQ5KXQ,B0742LVLMJ,1593616794273
AE7GLMDC2ZOYTCHZDUCOAH2IWN7Q,B0742LVLMJ,1521993655193
AGQJSZHMASIBW46SUPSG3NWE6HSQ,B0742LVLMJ,1517513731250
AH3ZK2RJ3SBAR2LDHZYBDVNLLQRQ,B0742LVLMJ,1570355000619
AEMFBFNYEDCFGLUIYALAFBZQQGSQ,B0742LVLMJ,1582293054343
AEYO5DJA7DD7GM6KBI3ZFQHUPDSQ,B0742LVLMJ,1579666438618
AFFOAPE42B3NSDLAH37ROLLIFV7A,B0742LVLMJ,1561225345105
AGLKYXO5P2BJALWDHHRAH7VNGE3Q,B0742LVLMJ,1501251640380
AFNROSDYMWWSNRFIRMQUB7RXY3RA,B0742LVLMJ,1537334743500
AEZE432YZMBKLT2KX5W26SIZCAFQ,B0742LVLMJ,1530533464319
AG5MZDCW7VF55DHY6GVIDEY7U4FA,B0742LVLMJ,1548091378464
AH5L3D2WUJ2EHO2TG2XXYSAWD7NA,B0742LVLMJ,1526457564995
AF7V5KTKYL64DAI4JSM5OK5PXZBQ,B0742LVLMJ,1591677138945
AGIDM36WTPF62MM7TJG5FTRQW4NQ,B0742LVLMJ,1540511736673
AEPAFGXZZGVO2644AAWZV2VUKGYQ,B0742LVLMJ,1528134321332
AEE3LELTDZFGB3OUJIKGD2ME5FTQ,B0742LVLMJ,1620598279806
AE5FYTTREDFU6BS3FJ2NCDAM3SXA,B0742LVLMJ,1516913087991
AHDS4FUKYHPRGCZMPHUGG6WGTWAA,B0742LVLMJ,1667695039679
AE3RXENEHSB25ZA3NUR6FI4MAM3Q,B0742LVLMJ,1557658821154
AEYXOKEN2DLPJFJJP46OHN7MRPGA,B0742LVLMJ,1560486315655
AHNFN4XIVGKQ2EIGXTGTFF6B37KA,B0742LVLMJ,1590526095985
AF4P2NYISJFOI5LYLEFKTS4CUTMQ,B0742LVLMJ,1620903981633
AGYZMA4SWFTZQSPAUHXA6QZOLO5Q,B0742LVLMJ,1556309761464
AFDLQ5ADW6OTIAIVEDAQY7XJ7EOA,B0742LVLMJ,1595175321469
AGXGDFLXZXU7NSK6S6MBRTIYNSQQ,B0742LVLMJ,1633053566394
AHBSFJVYWTKA7EP2HGFCRLETMMLQ,B0742LVLMJ,1618726351312
AFTWBEZPM4PZZYGF3AAYSY4ZF4KA,B0742LVLMJ,1598962681388
AGOW7ETEYZDK57ZAEI3RV4JLQ4XA,B0742LVLMJ,1611956081874
AH6LGVJQDUX32BNRX7FVBEVSVDKQ,B0742LVLMJ,1535575045285
AEQBSACGLHM7M23S5B5GYEA633BA,B0742LVLMJ,1604134300662
AGUAKZBQU6UW6JBZR7UUR4RRMY5A,B0742LVLMJ,1549410203909
AFU3SUNGBC5VZLZZBYINJLDM3VNQ,B0742LVLMJ,1603234312291
AGLOLYTNGDENADE77O6QMB3SK5EA,B0742LVLMJ,1573094036728
AHKOFDDIT2H5I7TWAO3WO7NP65JA,B0742LVLMJ,1655398860279
AGQRXN6U3U7OJ4A63X74DYGY4LYA,B0742LVLMJ,1607113056220
AEEDWSTIXLZC5UI7NSMJ2OKA6LIA,B0742LVLMJ,1531795104786
AFMBCNSSQ6CMYIGPAYNW27ABYK7A,B0742LVLMJ,1588634004857
AFWPIL2ZUOF3U57NSHYNZSJREOGA,B0742LVLMJ,1607611738169
AHMEPGHP27RPFN74VCIIIV7URBFA,B0742LVLMJ,1569457209100
AFMBCNSSQ6CMYIGPAYNW27ABYK7A,B0742LVLMJ,1588634004857
AFMU3O4NQBN36EUF6747LKHWVEUQ,B0742LVLMJ,1641312927969
AESNODPKU3DWTKP3MRIAIIJWKBOQ,B0742LVLMJ,1515521510080
AHJE23JOJ7WJJEPM7VT45XTXG27A,B0742LVLMJ,1603235827497
AG7VEXGFNDOJXAQVHTSBX4EXUE4Q,B0742LVLMJ,1607797480194
AHETJ7B5ZW5ZZFNKD6OEXRF3LQ4A,B07NL7BQS4,1573043992254
AFRCOORJKSZOJ7KKGNXAEKI42CEA,B07L3K8S42,1590538311609
AFY2HWB6ZAFDWFS34R5HLZIBRSJA,B07HP75X12,1541127553875
AGTD3A7IU5ALXA7CAXLS5K5VQ4TQ,B07FT4FMWX,1559765322135
AHROF7LC4Z3IQEFXNWDJ64G4KOAA,B07KG5RPCF,1591587647311
AG2N2XIDB6CKNQEF75WAOCWPOPVA,B07YF1TGM2,1576902110284
AHZQRIEBO6TLWBSHJLWKRIR5BAWA,B07XTHKPNB,1597370778982
AF6BWV6SWGMU4UWO5GAOA5VSGXTQ,B07X5SVBJW,1597758033497
AFQ7DFZWWOM3FF2FCJY7H722X6JQ,B07MGJZ2MH,1593288836789
AE3WQGFXMVPSUM7ESV6TCDU6GMEQ,B095WFPM47,1640901042866
AGGTRCICLMUBW5AALIHKZKLG2LJA,B093T2CT9H,1626896458667
AE73UZUFL544D3FROI53QWXB5B5A,B0BM2J47PC,1676281935760
AE73UZUFL544D3FROI53QWXB5B5A,B0BM2J47PC,1676281935760
AETB57VCIEY25DI62ILD5WCH6AKA,B085YFDSWG,1589910087836
AETB57VCIEY25DI62ILD5WCH6AKA,B085Z2WM76,1589812421030
AETB57VCIEY25DI62ILD5WCH6AKA,B085YGPXJG,1589335930042
AETB57VCIEY25DI62ILD5WCH6AKA,B085YFDSWG,1589910087836
AETB57VCIEY25DI62ILD5WCH6AKA,B085Z2WM76,1589812421030
AETB57VCIEY25DI62ILD5WCH6AKA,B085YGPXJG,1589335930042
AFL6XSO2JJS5WZFX7SEQWGUTJEBA,B07NBPQL3C,1630102438908
AE5RV55KHISGDNZGD3PFCX7LHJDQ,B07KG71FKH,1686615909931
AGIV4CR3SAHYOYX6EN2KIS4FI62A,B07DNML26P,1533168570686
AFHLE2O3X5XU5NHSTBVBVDWASAHA,B09NQBS63Q,1642643747199
AGXAKX5ISNSUUNENSWUZZWKA6QXQ,B07MSB1YJQ,1575436603861
AGXAKX5ISNSUUNENSWUZZWKA6QXQ,B07L9GPFQJ,1575436530282
AGXAKX5ISNSUUNENSWUZZWKA6QXQ,B07DNM6GBC,1549482430809
AGXAKX5ISNSUUNENSWUZZWKA6QXQ,B07GNWWTRV,1547527614197
AFHGHPSGVA5PWC43XQNFPX544IDQ,B07DNLG9ZR,1576029748322
AGG53GREX5TUB2CTH4ZPXCHIQAJQ,B07XGNHYC2,1614754254126
AF6WLE2RB2BESLO6DJ35DVQMIR3Q,B0B3XVHQ87,1673209540840
AGMCWFWEC3JPP73K6UEMYB7FNK7A,B07PRXJMLZ,1599971848755
AHAEHJJNCES2P36PTWIT2O7O675A,B01M7UDAVI,1506363038437
AHVVTABH6VJTSMQFFGDTYWMY7F7A,B07TWRWCRT,1614483276119
AENLZNWT3AHI2HTWKWXQZWLS2NZA,B07GNX28KS,1577998144581
AHEEV3MW2MVML44KOQ6THNIS4GEQ,B07DNLPCB9,1559938404973
AGDLEGNBOTWZD2YXFAFQWZJJW4FQ,B07KJLV75L,1549467582455
AHG5OA5Q5NIY5DRKB336ZPGYHMKQ,B07HP1T567,1548274429458
AHBMBB6HEYIUGK6J2A5J72XRD4NQ,B07VYTBJKP,1607612993078
AF6KR6HKML3T6THXGL2F4DIBRCJA,B07GNWX112,1547318756062
AGLXJCFTGT43KBGDZ72UT3BS4AOA,B07DNLG9ZR,1544811716110
AGSJYZGKFJZUYFIF72UEMNNCBGWA,B095WFPM47,1630610227929
AHHWSOI625CLUEMHF2CYUXXIYAJA,B07KC11QFV,1602887157787
AHHJAKLKPXA4ZAV5G7V4LJZVDPDA,B09FSV7MBC,1680053668384
AFZBDPDJP4X3BHJZW2RABVQQBBOA,B08MV67LLC,1639444905180
AF5CIZVZHR5CIAOIGMRA3FOHDICQ,B08MV4NRSW,1624740263166
AHTX4D6UWJKP7COJBYJW6DOJHI3A,B07DNMN7X6,1640730040603
AE7I6WTR6HJQBJ7IXZPYODPZXVIQ,B07DNKDLYV,1533758064400
AHSMRHJHFYSCPDZG6JCGADNBRKYA,B01M71IUZ7,1496168670000
AGPK6OU5F4XG6KGDA525NOBQM3GA,B08D6WQ1Z7,1600828280103
AG5MTILNNOP7IQPIH6HNUB355WLQ,B092587ST1,1627338352621
AHI75AWYDGUKSBGHDNTB6OBJCGOA,B07KSZGDD1,1607108071401
AH3V7ZZOCIPAAIJOW2CMP4FGZB3A,B07DNM6GBC,1533547121489
AEQ2JI75AMCMZWHBRLYMXM3VT6DA,B081NTCP1J,1605374673917
AGVFDREGZQIK2QGVANDDB76H3IZA,B07DNLPCB9,1576343335714
AEBVQASW2IAGBR4TLKQ2L5J4UNBQ,B07DNM6GBC,1576021847310
AFCALPND7M5SKAGPX5D4CPWDZZKQ,B07DNM6GBC,1589552983142
AEIXZ354UEDNB45YDAV2WYQPX6OA,B07GNX28KS,1541035785049
AHO7EFYSAKI7JKWDKHCGG4DHOAGA,B07DNM6GBC,1554596669218
AH37STYVXCWEXYEQF42WS7YXXZDA,B07DNLG9ZR,1570933151656
AFBVLTSEBLYO5NXR72UBQZ4G5EBQ,B07DNM6GBC,1542153389964
AEI4TOT5QNLIA36MW6FV35J4F6IA,B07DNLPCB9,1554661378164
AEAOJSZ6W3FBVNB322HWT4AR73UA,B07DNLPCB9,1535217495025
AH2ELP33WPS7YHSX3IULMAXT5RBA,B07DNML26P,1554757781398
AHD5H4MN6E5JRDLNE3P4HT4YQDIQ,B07DNKDLYV,1576028016843
AG72EV46DTFL322QDLYF76EBRXDA,B07HQCCD29,1543617782155
AER5DLNKY64GWM7653FX62UJSF5A,B07QXSYDGF,1671516221447
AHMGQHSYAW376T7GAWA3RH3NS7SA,B07TWRWCRT,1655305033534
AFG6SD2DUWAFB7EVOFQRH35XZFMQ,B07PY8C43F,1577333830317
AFG6SD2DUWAFB7EVOFQRH35XZFMQ,B07PY8C43F,1577333830317
AGCRYGPRWKJUQCLGP3UMHUTMYK3Q,B09BJVX71K,1659651916711
AFOYQB4JP5Y56OQNZOWDCDJAOTZA,B084ZT9NDT,1614073827406
AF37NBNN2SB7VC5GERWPUQPNQUIA,B01M7UDAVI,1494450501000
AGG3BVEQUJ426LVERUBNVCGKBRKA,B075NM1M1Y,1576527844285
AENJJ7RF6JEQVTZKUZMUKGYT55NA,B01M71IUZ7,1507821290271
AEFEGUPHCELB2NDVLRHRXICCL7XQ,B097F3PVMC,1630000665742
AFNYS4Z3XFEN6I2O26343QURINFQ,B0BKLKYWPY,1686782412557
AHT3YK4E4DCEC33K5WMSEBD27V3A,B07GNWWTRV,1541353630326
AFSRRNR26DJ2WOZMHCTJH36RF2JQ,B07H3S5Y9V,1597441395542
AGDD2UVC66AI4NA6BLXFVXE45EWQ,B07H3S5Y9V,1600887323158
AFV2GXHVL7YIORYPOMXYF4SUHDGQ,B07H3QNJ1Q,1571612248881
AFNXPPQM4AKZ7QCZNOOM6O45HP3A,B07H3S5Y9V,1597432860385
AFHYRQTU4ZX33J3JYFUWEBOZSJIQ,B07H3S5Y9V,1599182011634
AGQYXHNOIRLPFXDFBR4LDD63LBCA,B07H3QNJ1Q,1548983445577
AEUE3IXHODTYZ4PD3XYE63JDFHYQ,B07H3S5Y9V,1601919337851
AHN2SEL35PKSTJDCIJPG4OA5VRZA,B07H3QNJ1Q,1576432347096
AHTDHOLE63SCURY7CX53JBJFSIQQ,B07H3QNJ1Q,1574210510614
AELRSLOSWSYAOCJKCMHETQARDW3Q,B07H3QNJ1Q,1543759559142
AES65L243PWC263LLTSHNMYFQXLA,B07H3S5Y9V,1626185929401
AFO2325BCHNGOVARXQILAZJRTSAQ,B07H3S5Y9V,1640668093532
AE5FTDCS4OWX43PZPGDQBSZ253TQ,B07H3S5Y9V,1591538838036
AGFEDVSJCXC36EBIFHKI4MTHTZHA,B07H3QNJ1Q,1577337376012
AGDUNGK6JRP5A2XC4STIRTULGK6Q,B07H3S5Y9V,1600969132458
AGSN5UOY2ETLIVKUV3GHMVQDAJ6Q,B07H3QNJ1Q,1573432320923
AGC5LKTMMCPLX46UKB4UVJLZNLAA,B07H3S5Y9V,1577410629011
AGGRPBE3KS4ABDEBN46YNOQHGHCA,B07H3S5Y9V,1586991049399
AEV5HU46AUJDJUIF2UAHLG7F2RUQ,B07H3S5Y9V,1580006028145
AGMBRER4RX2IVDHCOY5QH6GBESJQ,B07H3QNJ1Q,1589828521070
AHTWBPIAOB25C2Z6VBG5R2ZXW4IA,B07H3S5Y9V,1560175296994
AGKYP3KGSEX3F3D2B2LWM6LYFX4Q,B07H3S5Y9V,1595961452797
AHBL7WCN5J7IETPT3JZINJEBWB7Q,B01M7UD21X,1555958472153
AECZOP226UJEAFZKTWPCUUPJDGOA,B07N6MXJT7,1571243406615
AF76TDGHEPYTIKDEENSNUCR4IB6Q,B07SDGKP88,1612379136653
AGJ7HUCGNDIHS5WZ6TYGGEWY6CYA,B07DNLG9ZR,1554242539530
AHNUFX4KY6EUK7C3VT7H2TOSDUVA,B07XGNHYC2,1607744921833
AFG5DMU734LQQAHT24YBAK2KJIPA,B08K3M57JT,1670463808145
AECH3LEL2Z6QVR4GB4AFVRFPPUTQ,B07VXY755K,1601501792002
AFCVVTEOAYN24CWMKHZEN2ZEK6VA,B07T733WLJ,1615105934728
AFNMLU6AJ3EFY7JNGTBL3CEVK6ZA,B07YZPDHK3,1596497077770
AHVS7RX2PGQXBEIGVHYLH4TOYG3Q,B01M71IUZ7,1524772742928
AEPOTVDDM3ENCI3KMZ4UOK5P4ZXA,B01M7UD21X,1491922765000
AHAVZTJ4SMVMMUB4WVSKX7G6LK2A,B07HFL1GS3,1598647572929
AG7GKVNENHLTTWCTZTZEZUP5T6DQ,B09R2M2SDN,1660504398808
AHEAUTY5XQRDUX4TYPZKSS6DAYMQ,B07GNWWTRV,1547587755368
AHI42KE7NT7ZL4Y7PQYTIKISX2GA,B09R3WJT82,1663554783590
AHI42KE7NT7ZL4Y7PQYTIKISX2GA,B07DNM6GBC,1640778453916
AFM5FVQ43YZGM3WCXVEBJRNEYQ5Q,B07QD9WBGB,1562136205097
AGJWIVF3U2Z2B4WWKYSPB2WKVK4Q,B095WFPM47,1642523140649
AERPH5PJ3OXIP65HXMVU6LJ5BMNQ,B08CZZ54C1,1597421547477
AGREGGX6RW2GSFAHP3RKIAMCP5EA,B07T3CGMNJ,1603482206317
AGS54UR7ZQREEGXOOXZRJ7CB2JLA,B07HFKL5DZ,1627486346863
AEQAZGWI424A6RO6BVHWPLCFGDIQ,B07SDGKP88,1644546986085
AG2O3ZYT7E7SNP3GZ25BZH3B4JSA,B07HFKL5DZ,1601617005171
AE2SNAONSID6CBRILRBGEUHYOVRA,B092MW9N5R,1639793358822
AFKX6KB2LKZ4KF72CEPMDYSMOXPQ,B07XGNHYC2,1577960853916
AFKX6KB2LKZ4KF72CEPMDYSMOXPQ,B07XGNHYC2,1577960853916
AGRC25IFGKL4HRJS2CGVTWYPSGEQ,B095WFPM47,1663767823010
AEZDEJR2VVBDHOPGPC45XWG3AGMA,B08N57VT7X,1611713446131
AHQOCGR7YCSS44K5NHONQCM3IJUQ,B07HQJPGL2,1631167479063
AFXB4722YASBCQM5ZA4AQH3WNZZA,B01M71IUZ7,1568224506212
AEBO4ZCWLDC2HU62PNZIE6IQKB5A,B07DNLG9ZR,1538755307011
AHGJXX6H72JRRBBWXLOGLNXJHQFA,B08WGBJKW7,1682467042886
AHGJXX6H72JRRBBWXLOGLNXJHQFA,B09R3WJT82,1682466988214
AHGJXX6H72JRRBBWXLOGLNXJHQFA,B09LVZ3T6C,1682466760342
AHGJXX6H72JRRBBWXLOGLNXJHQFA,B09R2PCK8N,1682466685224
AGF7JWGCKCS5IPIVD2RNICJY5VLQ,B01M7UD21X,1527008329360
AEA3CMK3QSTA7LXEDDKJ274A2AXA,B07XH69M6H,1605205070017
AGLTITMZNNHXWXEAJ4OPPJYPJYSA,B07DNML26P,1533735422941
AGDHBPGWUGALYAIJXC3AXRRYP5QQ,B07XGNHYC2,1615850577326
AEN3CYRCMO3BL5ORNVKUHARUC34A,B09RQRTCCK,1681287127852
AFTIK4OX2UGQWU45JTUGYMVU7PPA,B088XFBJ1X,1633910391755
AEYA2XWZAMGBHOV64VHCA2ZYA3LA,B086JB197X,1592998600602
AH3QS7NZBZZRXHABCEOAHH3BPTMQ,B0872GR7SR,1591760280051
AFFJG65EEH7LLXORTCSG4LSMD73A,B07GC3X8V7,1590566770749
AG57ZMJNNFJ4YWIFI6YC5IQRDRGA,B07XTDSXS2,1577912389203
AH2UOHD6SKUXJFOBKTVQQ53HR2AQ,B07QHDPWTR,1607562068188
AEQMBHECRKPBEX5GP5PK2LTZSKFQ,B09R3MR7DN,1664406481325
AEQMBHECRKPBEX5GP5PK2LTZSKFQ,B09R2M2SDN,1660962311011
AEL3C3X5SDGFT35XTIB2BJAC432A,B01M71IUZ7,1529084703415
AE45ODQ5O3VBMYGS3LIEBJ576LNQ,B07DNM6GBC,1536024694856
AHXFUYYGBY55HHMIDN2G6YHFY2OQ,B07DNLG9ZR,1569978513566
AFXIKH2SCSNMVOC6G4XVXTCILZFQ,B07MGJZ2MH,1554940566784
AHUJLOGSZQWUTFUHZCRN6ZJ35UIA,B07DX14G6K,1615084034993
AH2DR2L7C72ALPTAXOSNYLLYRFFA,B07DX4VYPM,1534271955735
AEPOWHSR75B7KBYMKZG4JPE3Y4FQ,B092R25R68,1640358254170
AGVPO3A6LVIRQBAZBNOEVAKCTDOA,B07DNML26P,1544027020227
AGIMYA3QZYWTSK4USOVHGCBQOAWA,B07X5SVBJW,1598453443524
AGFV37FQU5NVY7T3KOL4HCS64VWQ,B07Y1WMH7G,1618681471903
AGKB7YYJI4OOUMBWSJANLOU56OAQ,B07X5SVBJW,1597709019320
AHUBOI5BSS3QHHZLGX472O52V6RA,B07GNV45VX,1541465304803
AFR3YQHHSWNTL4IDYZ6GMAZQRFQQ,B01M7UDAVI,1516227215865
AG7EYLE6PI6J7RFSSAA7RVGAIATQ,B07HP62FDJ,1605414261338
AGDHSIGG56W5UDNXQL37TOVZTEXQ,B07XGDM47D,1604940967564
AG6CBUDJRWIMULBQMQ2L4QL62I4A,B01M71IUZ7,1548883829670
AH7AICU7PSHVV34W4LJZ52ZPKXLA,B08GDTG1K5,1617387802219
AG37VO7EXVJVFUM3XYEOQMS4Q5DA,B07L3W2MDL,1595904880151
AG6ZW6JUWE26U3MU2QG34WKVR52A,B01M7UD21X,1559846314375
AF7J7CDP67FBKSWTRL4WU6W26BUA,B07GNWWTRV,1541556547579
AG7ZIHNFVWVLPVPRGPEIWDOUQ5VQ,B07QD9WBGB,1572904668997
AFOV7TJC4ZMVBITBID2QTN73FFBQ,B07N7J7PSD,1551724681067
AEUC5BPQLJWLVJXASHGXLZUBCB7Q,B0BGQLWJQB,1678995692027
AH2MLPARCHET6EJ2M3QRDTMHUHJA,B07PRK81VF,1607626340826
AH47I7B5P3CEDGB6RFLZ2EZHDESA,B08LZDTCWC,1609234280467
AFPQ4MLE7GXEVHBP4BIQZ4XKGACA,B01M7UD21X,1579543677245
AFPPFSOM27W4SGU6W55VDL5MER6Q,B09J8VQYY7,1647392072365
AFE2QBNWIQJ2655CPPWKW7GJXKTQ,B07GNX2VPX,1541467175982
AGPRCSAXYD27QQDWUL6EXCPVQGNQ,B07KPH6D57,1553144269904
AFDML4LBQPA53EH7YJ7DLL4LE52A,B01M7UDAVI,1547466197911
AFR5TCSFG2HWHIZNPPYL3DBDGH7A,B07DNM6GBC,1602786239396
AF5DNBCWIQAYS4TTBDKQ6S2QWPAA,B07MFQFKGD,1622115222302
AF5DNBCWIQAYS4TTBDKQ6S2QWPAA,B07MFQFKGD,1622115222302
AHKULXHXXCXLT57YCSSDBMBHS6PQ,B07DVXFP2N,1540733197286
AGQNNM6B6WZYPIF6XKGN5FPEFL4Q,B07HP75X12,1542456974506
AEPUFRP7RU4IIZEAJ6JZVLIY3QPQ,B07KJLV75L,1562175164727
AEYDZ4ZPUGJZ7BZ4GGCKEP2ZLYQQ,B07SPDBR1J,1644535410565
AGYZ7AVFCBL4MARQF7KUA3EYSX2A,B084KNDTWP,1614271826969
AGK5YKEAXOMOWE2PTQHEN4HSGV2A,B07DNLG9ZR,1682091374416
AE2ZYY7YSVIYZ7VI5RCZ5JU3BYRQ,B087GQ51ZB,1681698795020
AGGW2RK5G2GCIGESRILDIYJWIDCQ,B01M7UD21X,1515628053019
AH6BPAAJTAEILW23QZS6FUVGDJZA,B07F8Y6BH9,1605574721550
AFVY2NUPK2R34QKB7UQJ2G4G4FIA,B08J5G99FK,1619456484983
AEO6TZKH6QA55V2FQBGVA3NPOLJA,B07DVNJ5LP,1611548704260
AEIZZI6KQOZIQXTNNGSIXLIQE5IA,B07FT4FMWX,1662144200279
AE227IRGBE55SE7SYLCYQ5SRTZNA,B08DDJ1QRS,1641995665616
AE227IRGBE55SE7SYLCYQ5SRTZNA,B097B5M7VT,1641995424748
AE227IRGBE55SE7SYLCYQ5SRTZNA,B097B2N157,1641995356285
AE227IRGBE55SE7SYLCYQ5SRTZNA,B097B34JVF,1641995286985
AFLJP3BDT662GH4W2YTMWQH54K6Q,B07HFKL5DZ,1570332154214
AGY72E6AOM5SIKDRJZHLJTHHPDJQ,B089NY9NB6,1597527377840
AFKH6GI22LV5CGITEK53VRE4DIIQ,B07VGN44WK,1572104503765
AEJAO5S7HY5DZQBB2UY2OIGSVWBA,B084JGDV6P,1594502985595
AFMFYWZL44WEI6MSUAHBYAZNF2SA,B08KWDXTH9,1645814150190
AG3WOGPM2Z3B25RQJ2LYPTAXY62Q,B07RBYJN37,1688760257249
AG7NL6F4ZI6EZQKLXPXXXPM6ZU2Q,B07DNKDLYV,1554747235352
AEX4UIISRQXOHQZCUDMGYCQ2WV2A,B07KSZGDD1,1601057598086
AEOTCMFKCAAVVEFA226SBQ6GAREQ,B07FT4FMWX,1575326797650
AHNC5SCIFN76HJBP4TQEQRWA6KHQ,B08WR7BNBF,1636127428579
AFSK7P3E5SDE73CYEO4OUIK5GT4Q,B07PRK81VF,1611585741748
AFC5NJ5FHXOUTRLZKJ3UWTSUY5HQ,B07GNX34XV,1562926610503
AGM6Y3AJJI3BPIE3BPXNK4IQW6ZQ,B08GDTG1K5,1605293967635
AFFQQBITYQTFVJGH6T7UDLQ2KFGQ,B07DVXFP2N,1598556262926
AFCYRXCUOJ4VTSL3QCXNBS6B4QPQ,B07GNX2VPX,1562631942197
AGQNJVWSDO2J4ZKEFQE2EMDVC6JQ,B07DNKDLYV,1554667940686
AF247LGUOEULQPTXJHOCWYJYEVTQ,B07DNKDLYV,1560021078568
AE6JNTWANFUDQODP4RWNR2KJKRTA,B07GNX2VPX,1557543803852
AE6JNTWANFUDQODP4RWNR2KJKRTA,B07DNKDLYV,1554657245200
AGOIRXVXKHRSGPKYQ7J5GRBFRQSA,B07X5SVBJW,1598285923165
AHCBPR4J634LNYTRDQSMIX67H6UA,B08WM3M1DJ,1631158314773
AF7IQ5VUZX6GZWKM6I7R2Q6XVEGA,B07DNLPCB9,1608075886795
AHQOYGI25CK4XNQZEBSR5DPR4G7Q,B086JBCVB4,1607612996380
AGC65SYUUCKRURUOZW7VQ5M3JQ3Q,B01M7UDAVI,1541483571528
AG5CCO33JM532ZJRGK3RA5EVI3VQ,B07GNX28KS,1557185802084
AEELWSD3IWBNTD7MVMOEFTYSRXHQ,B07GC3X8V7,1547750816126
AHFXIXLVY4ZBMIHHMENDN4HX4OEA,B07GC3X8V7,1557953256161
AFEFKSVWKKQKZSPDBGYDBOAKINOA,B07GC1XFJ7,1548699117351
AEMVLXG25NPPVJ2FG7SX5QP5RFQQ,B07GC48H1H,1590194904290
AH7HONK6AEFFMOQUBMOMEMNGT46A,B07GC3X8V7,1593220622378
AHOQVI53KHPTSVKCMHKBYFKOSGUQ,B07GC48H1H,1595964595725
AHIBSBAOXGSBUKTQWPCMW4Q55BFA,B07GC3X8V7,1536975745310
AFO226MK6ZWFNPF7OKOIH2P5IKBA,B07GC48H1H,1575636622136
AEZDQZIHUODR6JFRFXRVPEN2QRQQ,B07GC1XFJ7,1620876832077
AFUX6X236HCZNY3TQWDVECAFE4CA,B07GC1XFJ7,1544558324369
AGSGQL3GIJXSNTJB7ZSUZFZM2XOA,B07GC3X8V7,1566224774399
AFG42FMC57ZHC4BKJ2GO3O25NB2A,B07GC3X8V7,1596652951168
AHIRY44BJDH5EL3RDYYRVJ67WYWQ,B07GC3QLWS,1546715061858
AE4HGGZH6GUH3Z765KOTMO3LRQUQ,B07GC3X8V7,1551137568132
AG5HIRFSDL4ATE6EUNQUSNRMXY6A,B07GC48H1H,1546398281383
AGFF2OK3GANP5S3U34CCXEGSILMQ,B07GC3X8V7,1550922349652
AGSCLHJTLVSH33RIR7UB3LXABZXQ,B07GC3X8V7,1539720649888
AHTC2QVTLIBWWOEPBEO3I5Y6ENGA,B07GC3X8V7,1591306839749
AFTB7W3FXUCITFHBG2PDV4HZNGDA,B07GC3X8V7,1638990779043
AGMRJQTRBRWH5RJQUZE7YCEYNAYQ,B01M71IUZ7,1500419881266
AFSNFUBBB3AIPXAMN37YCIH3O27A,B07DNML26P,1536280825887
AFUKQJJXVGT6TKJPIQKHPRAHB47Q,B07DNKDLYV,1538285651766
AENLE5EVXKRMB253JLLSSFKGLZ3A,B07XZ9MXHJ,1675351362953
AE4UMWRNNATQNJJ4FAMYDPQJN4PQ,B08WF5R2BW,1643785810491
AGTLN3EONW62KDCW7ULTSZCIFGDQ,B07L9FJGW5,1578015867741
AE45XUOSD4QEXNWFZFVOBZ5QOOPA,B07GNX28KS,1540916249486
AFJGTQ3NTTU5PYQPTKZILWV46TEA,B01M7UD21X,1529599235486
AGHLHIISHMA6ERXJTCVEYHEMTO5A,B01M71IUZ7,1590520968309
AGHLHIISHMA6ERXJTCVEYHEMTO5A,B01M71IUZ7,1590520968309
AETPREGBFYYID4Z3LWA7PCJPS5RQ,B01M7UDAVI,1533060437816
AGHLHIISHMA6ERXJTCVEYHEMTO5A,B01M71IUZ7,1590520968309
AEDOTHI35WJZEE3KZOCEKJ7JTGLQ,B01M7UDAVI,1493663662000
AHTBUAOZJODZFKHERFSZKL7PMITA,B01M71IUZ7,1507780854074
AEAHQ6DEKGBY6DVNYQCT5PR7HEVA,B01M7UDAVI,1493839335000
AFQ7ETMNPMKQX3LC2HJIT3CYOD6Q,B01M7UDAVI,1497301646950
AEK4QFJZYOO5NMC7SRPAUNA4SDEA,B01M7UDAVI,1641584702121
AF2OW7AIFTXLSFOIEVJBU5W4FLDA,B01M7UD21X,1550942887975
AHRY274AOXSZM6OSI4BFIW3EUMBQ,B01M71IUZ7,1567460877530
AE7D2D3PN3L33TOUAGOR2JI3GOAA,B01M71IUZ7,1546558224950
AEOEKU6RSX5HSSKKGHWN6BJDWNDQ,B01M7UD21X,1501256807585
AEKHZZA7FEGINV5GBZYX6LLJCHBQ,B01M7UD21X,1501077018141
AHU3RCJ3PKQPQDNXQBZOTZJZNMGQ,B01M71IUZ7,1498920021951
AG56LNJ5GVS4LJDYPJVCPQR3HNOQ,B01M71IUZ7,1502486417811
AEHJZ6ECHIJUGECHO7EWQMBWEP2Q,B01M71IUZ7,1503882731584
AEFRGTBQ5BYR5VJKY2WHFM3S6K6Q,B01M7UD21X,1485586206000
AEJN3TTURFSXNVAOUUWV5Z3Z57WQ,B01M7UD21X,1507130434171
AEOW55RNRI2K2BGIEED4GJJPB6BA,B01M71IUZ7,1498077995771
AFCW3HNAF2NWL4WHVFFBA5672WKQ,B01M7UDAVI,1531177912825
AFWQMKX4ENVS77EVRI44U5B3MXLQ,B01M71IUZ7,1507071808955
AHQD4D5KPGQIOGZYLO7XH7SOK44A,B01M7UDAVI,1493900107000
AGSNNHJ2G3SW32BBMDHX3RUOQ4UA,B01M71IUZ7,1512965810384
AERWUFDVIRQCJHH7EYAIUZTQX4HA,B01M7UD21X,1577401959464
AFNRJAADALPYVTBXQ6DGMRWXJVKA,B01M7UDAVI,1512796182860
AHEA2Y3CQQKPRLD4Q6G7CS7IHWXA,B01M7UD21X,1525827741456
AHGXME3WZVFIKR5FJSMHX53L3ZFA,B01M7UDAVI,1520371579537
AF5LYB555HCBEK4DUYBXIC3A2RWA,B01M7UDAVI,1505490547057
AGXWTGUBPYTUIK33ZUZGTWTSF5YQ,B01M71IUZ7,1490840592000
AGAMG2XXG3JEE3VDOD4VM2SM3L2Q,B01M71IUZ7,1500402284528
AFNABFTVFFD7SQOSJNZEFE3PUGQQ,B01M71IUZ7,1502507616053
AENAVNYOZ3FAANTKVC77B6RALRRQ,B01M7UDAVI,1498527048328
AHUUZUBW5MVT52HQRN436ANWKZMQ,B01M7UD21X,1493832446000
AGUTDWHTIUE4DMGIUHX34776JJKA,B01M7UD21X,1522710851501
AGUTDWHTIUE4DMGIUHX34776JJKA,B01M7UD21X,1522710851501
AGSM2EVCLL5MASMZNDNFQRZ7ZYWQ,B01M7UDAVI,1579631913501
AGPFPYHOZH3N432G64EEE43YG6RA,B01M71IUZ7,1538877404532
AFQ5E2YBY6K6GZTJ4XT5O36C23JQ,B01M7UD21X,1486923652000
AEYGKJJW3TJAIAWNYA6EKWOM32TQ,B01M7UD21X,1485560171000
AFVEGT2I736RFLPHVMCOUHILBURQ,B01M71IUZ7,1563718496091
AHBU753DMWCSLZNES3ZQBSQ3NRVA,B01M7UD21X,1512890989522
AFVEGT2I736RFLPHVMCOUHILBURQ,B01M71IUZ7,1563718496091
AGXQRLBCJGN3UVYJYVBCJLGG7NXQ,B01M71IUZ7,1488221899000
AFUB2DWTKHXDTZGHOGUHSBJ7WFNA,B01M7UDAVI,1527554291837
AH5AED4742WFL4TJXJWZLDVA4ZLA,B01M71IUZ7,1500745574764
AGVF2IQWIQ2MZWQDAEOCAT7N7SBA,B01M7UDAVI,1493940016000
AGQ2BDKWK3TPJQ6LE5CRPKRXL2SQ,B01M7UDAVI,1501881994710
AEXGIDI3UVZXR7CFATG6DN7TY24Q,B01M7UD21X,1504545152786
AECNZGY2RRHJMRNPZ5KWJJJ237WQ,B01M71IUZ7,1535577858450
AFRIDT6YM45AI2EMQSKAQJ3RWVPA,B01M71IUZ7,1518552561339
AFVN2MBDKUOTPG2LC6ZYOB5CZYOA,B01M7UDAVI,1547835756844
AEW3532TEXC2TGPWHPRPHALROKNQ,B01M7UDAVI,1500477532379
AEUQGNSOYWFAYWEKFH32JDCJYZKQ,B01M71IUZ7,1556080981030
AFVN2MBDKUOTPG2LC6ZYOB5CZYOA,B01M7UDAVI,1547835756844
AFEKJ2NFIXRPKS3CUH4HEW5VRFRQ,B01M7UD21X,1503420129089
AF5PXLX4ABEAZ2LV2YKLKATSXQGQ,B01M7UDAVI,1504717601733
AHDUU5HZJODZF7H3R6FDGS3KD52A,B01M7UDAVI,1515538358540
AFYCGBJH3RLPHC25BDGDUIXXDQ3A,B01M7UDAVI,1596593023132
AEJCVAGTDN2YOG4AV6EP5ZRA4FBQ,B01M7UDAVI,1524777128410
AFUB2DWTKHXDTZGHOGUHSBJ7WFNA,B01M7UDAVI,1527554291837
AFGEBUHOBZHFPGZKWLNWG4KOFO6Q,B01M71IUZ7,1524234929461
AEEE6VQNCLZJCM2STEWP2P44YSQQ,B01M7UD21X,1537183636011
AGDVUEWVCEP23RLEHZJKNR5QGQQA,B01M7UD21X,1494038302000
AEYJFH2XBUVUWSDR4KI4L3APQ3LA,B01M71IUZ7,1506543725153
AEAYFUZ4IUSMYQFXAZHO7KBAAXRA,B01M7UDAVI,1542479806339
AFDL7BVUR3UZQYL5PZRLKRI7FS6Q,B01M7UD21X,1488553775000
AFJVXEN4QNW3QDZSHFXLEIZ6UI3A,B01M7UD21X,1535080282065
AEPVJ7QWSVU4JSPANDTQ4SSZ5R2Q,B01M71IUZ7,1513708990661
AGRTHV5P3THARPIDPKUIB3C3PKSA,B01M7UD21X,1546699350033
AGBF6B63OURKNEJGM63IVMK7COCA,B01M71IUZ7,1503356856693
AF3KFWSXPMBXH2SVL3UCJM4KKMHQ,B01M7UD21X,1485622928000
AGXNW6P7ZA7M6C4GHKJZTE24T33A,B01M7UD21X,1496176432000
AEIO5V5BF3QNO2CHGW5YQ66EJESA,B01M7UD21X,1579385603758
AHOR35H7LTTWOPV6QFK2WDAQMQEQ,B01M71IUZ7,1493833617000
AHNIYRNXMAL5J26TAHFPFOV33FYQ,B01M7UD21X,1551403081541
AGEDVDC7RLMO42ZT7NBUCPD7ZMXQ,B01M71IUZ7,1485889340000
AEKBLWEQR5AHO5WO6KJ5TFAGPX3A,B01M7UDAVI,1485399560000
AEKBLWEQR5AHO5WO6KJ5TFAGPX3A,B01M7UDAVI,1485399560000
AHUN24OIU742MW3VWOGAHB7GJ5CQ,B01M7UDAVI,1502753406526
AG2YXWOF5ELCQ3CGSR5XEAQIKFSQ,B01M71IUZ7,1509557950171
AE5ROAVR4FYPPD3KAETPK3FZ6LDA,B01M7UD21X,1497373696156
AEDFILJIOH453FWYBAO4AXH7LFLA,B01M7UD21X,1576088785160
AEDFILJIOH453FWYBAO4AXH7LFLA,B01M7UD21X,1576088785160
AEGLZ6KMMGKBCVE6L57DJKLKUFHA,B01M7UD21X,1538001676536
AE4KGJ5JISTBO5RTBPQC27OYUUCA,B01M7UD21X,1494958346000
AEDFILJIOH453FWYBAO4AXH7LFLA,B01M7UD21X,1576088785160
AEDFILJIOH453FWYBAO4AXH7LFLA,B01M7UD21X,1576088785160
AGXTOYXCLR23LU7TNUT55UYPWQJQ,B01M71IUZ7,1504028166223
AHXWYEETLUR6IAOFGIVL6B2QXZSQ,B01M7UDAVI,1576035120619
AG2NCZBNYB4QWDGQD4MQO2XSKO5Q,B01M7UDAVI,1579113022323
AGXTOYXCLR23LU7TNUT55UYPWQJQ,B01M71IUZ7,1504028166223
AG3A7CVM2HRBAJLEOYXJONXMHC7A,B01M7UDAVI,1510547754975
AH4COUZCGEPRTHZ3FCMZAIUSEJ5A,B01M7UDAVI,1508111450178
AFHJNO77EUNRG3FWH7QR6GXGOKZA,B01M71IUZ7,1503497824422
AFHJNO77EUNRG3FWH7QR6GXGOKZA,B01M71IUZ7,1503497824422
AHKY2HP3GQGRZ3PHYWORBK7KUJLQ,B01M7UD21X,1501165688787
AGAPZUBGWUCGX5AGJVSXNUPNCAQQ,B01M7UDAVI,1504193460742
AFJLELXOIO3EHBXBTGXQXVVREKJA,B01M71IUZ7,1579407535306
AGEPVU2CXDRVGYWO7QV3LHGRDUFA,B01M71IUZ7,1529885087314
AGEPVU2CXDRVGYWO7QV3LHGRDUFA,B01M71IUZ7,1529885087314
AGAPZUBGWUCGX5AGJVSXNUPNCAQQ,B01M7UDAVI,1504193460742
AGLRWU26P7LRU3OWOMW5NGN76SNA,B01M7UD21X,1512244830689
AEETBCE5E5SLK7QFSGVPX3Y3O4VQ,B01M71IUZ7,1533749544953
AEETBCE5E5SLK7QFSGVPX3Y3O4VQ,B01M71IUZ7,1533749544953
AH3R647EEQ6XMK6NVAKD5DP4XFVQ,B01M7UD21X,1567522780911
AFQNAHIPDHJOPASEXFTHWNQUZ7KQ,B01M7UD21X,1510868480626
AHHWR3HXCVSP4RWB2RZZW3AFHVZQ,B01M71IUZ7,1510285006555
AHHTA3XFJSCVTM4XV4FPZUGSWBRQ,B01M71IUZ7,1533306900028
AFIAKHPKMXFE72SKD46JUDEFYPGQ,B01M7UDAVI,1493852091000
AEETBCE5E5SLK7QFSGVPX3Y3O4VQ,B01M71IUZ7,1533749544953
AFEBWUJ6TFDNZ3HTYRF2WCUUIKDA,B01M71IUZ7,1494187276000
AFEBWUJ6TFDNZ3HTYRF2WCUUIKDA,B01M71IUZ7,1494187276000
AHNQ6TV6PPH43ETOWAAKQLQPS3VQ,B01M7UDAVI,1494351647000
AEESAMR63LLK4TOV64F5N3PYFS5Q,B01M7UDAVI,1554155176394
AHUD4WAZLUEOMXRYEHZTKYV6C73A,B01M7UDAVI,1566751429256
AHUD4WAZLUEOMXRYEHZTKYV6C73A,B01M7UDAVI,1566751429256
AESVL3BLLQKSOMQ4OPEXQO5WTZIQ,B01M7UDAVI,1573800765637
AFMFJVIX23IULCV6VIUNQKTQ3GBA,B01M7UD21X,1513231555553
AFIQVDGV5JDPDUAFYL5WFUFTGPGA,B01M7UD21X,1579821246914
AE74TPUBT3IUTMKEVIGR2M52M7CA,B01M7UD21X,1489762340000
AEAAFG4BETSRDMCVJOBX5UQ3J3VQ,B01M7UDAVI,1486136527000
AEAAFG4BETSRDMCVJOBX5UQ3J3VQ,B01M7UDAVI,1486136527000
AHUD4WAZLUEOMXRYEHZTKYV6C73A,B01M7UDAVI,1566751429256
AFYGBUWHEEZN7JRER6TGJOBKUQLA,B01M7UDAVI,1512265715672
AHQG5MXZC53ZJUHPWPP4ODTPBIIA,B01M7UDAVI,1485363830000
AFU67W56FDJMV45DKW6DKVWLTDHQ,B01M7UDAVI,1504714098623
AHNV6ERE23MDAUCRWVEB24XSVG2A,B01M7UDAVI,1541545145490
AGUOMVR5OKGQ65SBKLKLQYWSUCXQ,B01M7UDAVI,1541759377773
AEZDJ2OE4PICZDMLFJDWV6SUHHQQ,B01M71IUZ7,1502716368206
AGOMUND5UIRHQW6I4B3GEI2XWS5Q,B01M71IUZ7,1485621318000
AGYDYWBC62KCJAA42P5PMEDFNXUQ,B01M7UD21X,1500410434292
AEZNTEQ2NR62MB22BEHLLJRKDR7A,B01M71IUZ7,1501350327016
AECFOA2WXS5VB2UW67X4PD65ONIQ,B01M7UD21X,1530058449900
AHXZRFARHELGQZUWBJLIQTOSV7TA,B01M7UDAVI,1494550245000
AG6AQ5XSN7UJSWFYBVZ4UP3BSYKQ,B01M7UD21X,1578947933812
AGJKWOF6COOW3XORVN62M7XLECEA,B01M71IUZ7,1507902282722
AENDX2ZAFLIG2OVTTW5RGAFLPRPQ,B01M71IUZ7,1500761263189
AEWGRR6WEDNKQM2RA4WIRTL37ZQA,B01M7UD21X,1571437111325
AGAPZUBGWUCGX5AGJVSXNUPNCAQQ,B01M7UDAVI,1504193460742
AHKTKZE2MN5FNHFBLG752NH6GXEA,B01M71IUZ7,1485547726000
AFJLELXOIO3EHBXBTGXQXVVREKJA,B01M71IUZ7,1579407535306
AG3KOP6JFGYJGJIXOSM2LMLWII4A,B01M7UD21X,1509734192687
AHBR7KQEMGFN2RTWVNAJE4F3AZTQ,B01M7UDAVI,1579280412352
AEAL5KHHK5W6KUGJSG4N2ZDHSUFA,B01M7UDAVI,1519867357648
AFRR3BWOZGOUO3RRNAK5NG3H7LJA,B01M71IUZ7,1540350341669
AHUKSL2UJRVDHYLLSMO5JCNDCGCQ,B01M7UDAVI,1510361122975
AHK6K3ARALMG26PHPVFMTWO6LNQA,B01M7UD21X,1485651210000
AG4FZP7GJXUSH2RIRQQPG65KZC3Q,B01M7UD21X,1507846266769
AH2ZVKYFVI22QOEC6XC7FEH6W2OQ,B01M7UD21X,1498584481645
AEOVYPG4NCNKMIBFHNBMHPGYOJPQ,B01M71IUZ7,1493926504000
AFULF7Y5UTXGHU3SJ7XTIRT3CTVA,B01M71IUZ7,1525731178486
AEOTEZEYTLKB7C4XAI2GVJ7RH4JA,B01M71IUZ7,1514392409996
AFNV2X6QSDTGG5OVQV6EDGL2ILVQ,B01M7UD21X,1558918939569
AHLRGQUGXAUEA53LAE6NRZ5NG7LA,B01M71IUZ7,1568235141426
AHZQKITPC76TSSEO4BIEKP7INW3Q,B01M7UD21X,1527983061233
AFQLXFWABC25DMSMCUQQGABOYUWQ,B01M7UDAVI,1599956893930
AEHV5EXK22WZCOENPXYVKW7IBLLQ,B01M7UD21X,1510785218748
AFHU65J7MBFTTGVYSS2G2NRDUZXA,B01M71IUZ7,1494877736000
AHZQKITPC76TSSEO4BIEKP7INW3Q,B01M7UD21X,1527983061233
AGMKNI6TAQVJJDSU5MUVQ5OL7JRA,B01M71IUZ7,1517520511472
AGYFWQECTSF56ANDKFZOIUVLJ6AQ,B01M7UD21X,1493712367000
AEM46DFUKVECAC4V6UOFP7TA23IA,B01M71IUZ7,1485575394000
AHHLB7AOZQECRVS4HXIFOLPUWIQQ,B081K8LL98,1578335958700
AHHLB7AOZQECRVS4HXIFOLPUWIQQ,B07FSYKGSH,1536360029595
AHHLB7AOZQECRVS4HXIFOLPUWIQQ,B07FT4FMWX,1536358946123
AHHLB7AOZQECRVS4HXIFOLPUWIQQ,B07DX3JYH8,1536358738342
AHHLB7AOZQECRVS4HXIFOLPUWIQQ,B01M7UDAVI,1495583105000
AH75IUECX3TUBNQLELAYSW4BDVXQ,B01M71IUZ7,1529526840351
AHNQ7DP4GKMUTJRE5BG2FIBEIW2Q,B01M71IUZ7,1521402081194
AHXD7PF3KXTSZSRDFRMKB6RDAIQA,B01M71IUZ7,1508004062818
AGIBP6XPM6RS3KAC7DUNPAUGVUDA,B01M71IUZ7,1525265449232
AHFHU2PSMZ5YOGGWDPSKNP4ENF7Q,B01M71IUZ7,1503870327847
AFWHK5W2UZLOBVHLZ5CPISUNI3FA,B01M7UD21X,1513108043373
AFLJGEKJ5K5JKJZHN5MY2NVVTJGA,B01M71IUZ7,1496336887000
AHUWAL4XIX3F67INL4VSUKILZUFQ,B01M7UDAVI,1496842936000
AFEBWUJ6TFDNZ3HTYRF2WCUUIKDA,B01M71IUZ7,1494187276000
AGF5HW2UGQU4ZCV2KVSQZAQCQE6Q,B01M71IUZ7,1522971291537
AFPG2TC72SVK7ADOGYBI5KO6M4QQ,B01M71IUZ7,1525448336913
AGMNWICQP6AJL4BNMRSOZOKPL6FA,B01M7UDAVI,1485571557000
AFB3WUXCTGJOYP7TPWZNKNTPNZSA,B01M71IUZ7,1496163827000
AHQJ4PXCWNUP7XJJS26VTRZQULMQ,B01M7UD21X,1500419270753
AGF3YKAEKQRGLGYKYXUKHLO4SDMA,B01M71IUZ7,1498586683898
AFYCF47ZVNCKYFPKRH7ZIETEOEEQ,B01M7UDAVI,1513016988024
AE3FHHRPMDIYM5D3A5AGEG55ZSCQ,B01M71IUZ7,1503938487987
AGYTDBWPUYYJ4GFQF24PXRU3KQEA,B01M71IUZ7,1515873625956
AFYCF47ZVNCKYFPKRH7ZIETEOEEQ,B01M7UDAVI,1513016988024
AFNXHUWKUR6FLBBUQDNGMDYUWTJQ,B01M7UD21X,1486093438000
AGFKRW4WQQCBP4U6TG2RF6HQF2DA,B01M7UD21X,1532365384526
AGUDVDSPAFM7UO6WMGK735XCDFXA,B01M7UDAVI,1549146716966
AFUXT6M7L4EQKOU7RXKYVF5DSLYA,B01M7UD21X,1512675077409
AE7IAVW2V6MY2UU3GDCVGZSI2OHQ,B01M7UD21X,1510698297341
AGGJ55DG7TAV2EXIXFDJNDEZNFHQ,B01M71IUZ7,1533596861240
AH5G3B2ONK273LYXEWV2OSOAQVJQ,B01M7UD21X,1548538821501
AEVF6HGFQMIJUJN6GRM3LCC4SHOA,B01M71IUZ7,1524589164465
AGAM4IOBGQFIZYAXJVEL5AABYIMA,B01M7UD21X,1577166096101
AHY6TBOIKPC2K5CWSF4RQ5A7M7PQ,B01M71IUZ7,1493838300000
AFX7T6JV3Y5RJ3LHQIQ6KC33DIDA,B01M71IUZ7,1523662865030
AHPWNGTSKTSLYOYCFMMZJ4ZGQLWA,B01M71IUZ7,1582500158860
AGRVUMS4F4OZTKIXTQZZWGZVVDTQ,B01M71IUZ7,1589927708426
AF4VA3NTBPHXKXUWZXINEAXJMTFA,B01M71IUZ7,1502419722978
AF2GDIWSYWKRUUCZB2SVFZRORQOA,B01M7UD21X,1513221206136
AEFY42V42O2UIKIJLJBFDY4T44QQ,B01M7UD21X,1500660267268
AFBYGZRV4ULKT2NEKD5H4RSIU4NA,B01M7UDAVI,1569354810057
AFIU5HTSJATACG5VTLSJ6PLTCTKA,B01M7UD21X,1559239719829
AEQQWQIVN2722EAOTF6YUG5URNLQ,B01M7UDAVI,1527761096251
AFIU5HTSJATACG5VTLSJ6PLTCTKA,B01M7UD21X,1559239719829
AEPASBLM4ENCBG355IXFPUEU6Y4Q,B01M7UD21X,1496535583000
AHWTQTA2AE542X22YPHPCLB765UA,B01M71IUZ7,1503972019452
AHUXUHTPD6ZKV3MPHOYMLOT3E5ZA,B01M7UDAVI,1500731596835
AECCCSN3OL26OV7ORXLQOLB7S2ZQ,B01M71IUZ7,1521604934654
AEAPYF2PBRSO7X7PAIXIKYFR6BVA,B01M7UD21X,1520237876808
AEAPYF2PBRSO7X7PAIXIKYFR6BVA,B01M7UD21X,1520237876808
AGGKWKGS6BJQTZMNZ7LNV2N4TFKA,B01M71IUZ7,1485344615000
AEXN7J2IKROOSKQX22UCL2OPA3YQ,B01M7UD21X,1517422432812
AFGAMM2R5PNNPKUHWNF2A73V5S5Q,B01M7UDAVI,1588225149439
AF65RS3GXVYPRBRDCDISNEMWK3HA,B01M71IUZ7,1496832223000
AF65RS3GXVYPRBRDCDISNEMWK3HA,B01M71IUZ7,1496832223000
AHY6K4SEHTQ5ZIGBHWKD4WAMX2HQ,B01M7UD21X,1505470271350
AGGCK67CQVYN5HSKWJL4G6ZQCA4Q,B01M7UDAVI,1528290330190
AGGCK67CQVYN5HSKWJL4G6ZQCA4Q,B01M7UDAVI,1528290330190
AEHWTAVYXH6LC3IOTKOS5J3DBKZQ,B01M7UDAVI,1543628584599
AHEIBKGY5UQXIF7SF7CVJWCCYNQQ,B01M7UD21X,1501983005443
AGHAXBQ7HOGDHQGG4IBD5NKU2UXQ,B01M7UD21X,1550368239246
AGICTWYR745YNIGQX2IKUSAQGAMQ,B01M71IUZ7,1516590811002
AE6DMJV6TLU664JOK23Q4AJF7OCA,B01M7UD21X,1515633234385
AHWT2YHL2HCU7VTNRGFI5T3XK7WQ,B01M7UD21X,1500599183469
AH7MCFWRMY6C2ESQTZV2LCS2FBOA,B01M7UDAVI,1513274834514
AFEUNLG45EDIPBP3V2SKREOU7GRQ,B01M71IUZ7,1512154891714
AHD2XKGXPFDZ3343ZO5QQOUMBIMQ,B01M7UD21X,1504958537546
AEYOBYBXR2I63XPJOU7UXKTMNC2Q,B01M7UD21X,1512931058283
AEYOBYBXR2I63XPJOU7UXKTMNC2Q,B01M7UD21X,1512931058283
AEBMTWKC5VNM2UO3RQZT5IXBAB5A,B01M7UDAVI,1544289309975
AEXOCPUVAXSYXSBGBW76YDYLA5GQ,B01M7UD21X,1504742546701
AFOB4HBLSY3UGORBZTC2RZZEZ2DQ,B01M7UDAVI,1493726598000
AHESAQWJGIUI3ATX7FQ65ZAMI5JA,B01M71IUZ7,1531183496867
AHESAQWJGIUI3ATX7FQ65ZAMI5JA,B01M71IUZ7,1531183496867
AHESAQWJGIUI3ATX7FQ65ZAMI5JA,B01M71IUZ7,1531183496867
AGHY6HJUKZW52MQNNBAYM7GTOVEA,B01M71IUZ7,1535145551587
AFFAAEYJC7FIKXCOZ4BIBPGNCQOA,B01M7UDAVI,1516147098779
AFFAAEYJC7FIKXCOZ4BIBPGNCQOA,B01M7UDAVI,1516147098779
AG2MBQKAXHSQ5LCOV5EV7MBX77QA,B01M7UD21X,1496643166000
AGZDN7C2SK3QYB3QAVZ5IQJ2UVQA,B01M7UDAVI,1559612310963
AGNGJNQ6B7DJD4SJJ2FPRR5M5QHQ,B01M7UD21X,1521836557395
AFRRXG34Q6YBNYOZKJGOR7Z27ITQ,B01M71IUZ7,1518795839879
AH2BWZYZ7G535OKN4S4PDY7TBM2Q,B01M71IUZ7,1541737593428
AE24FG2KZPWBTOC5UFODEMAOHCDQ,B01M71IUZ7,1531345085962
AGNGJNQ6B7DJD4SJJ2FPRR5M5QHQ,B01M7UD21X,1521836557395
AHMZB4KRORBL6245XYXPY6QWIMPQ,B01M71IUZ7,1516039758172
AHMZB4KRORBL6245XYXPY6QWIMPQ,B01M71IUZ7,1516039758172
AHMZB4KRORBL6245XYXPY6QWIMPQ,B01M71IUZ7,1516039758172
AHMZB4KRORBL6245XYXPY6QWIMPQ,B01M71IUZ7,1516039758172
AHOLL3L3JFV3JHUY4SAHNGVQSUJQ,B01M7UD21X,1486138210000
AGWHEPSBP3O7EA75IYPONDZM77OA,B01M71IUZ7,1502924266032
AFOB4HBLSY3UGORBZTC2RZZEZ2DQ,B01M7UDAVI,1493726598000
AFHKKLOW4CIO2XRD3SEWHCSDYT6Q,B01M71IUZ7,1599094622945
AHJFM4LEMEU3LEZOQUXPQ4OCZSNQ,B01M7UDAVI,1545486874418
AHCNZKKAI7STGXEO2FSPIQDSBRVQ,B01M7UD21X,1505495330863
AGINCF7IKUL5J44XALJ56WA2B3HQ,B01M71IUZ7,1498693966482
AFYADAAOL4XMTUHESGGRW6HDPVRA,B01M71IUZ7,1496105263000
AGQ45HJZTSSXTTKX3WMG5WLAYFHA,B01M71IUZ7,1505311854088
AGSUZKV7QGS7YDT3BCEHO7KZ6W5A,B01M71IUZ7,1550010560607
AELHGN3APOOFJSI2G63HOI63CUCA,B01M7UDAVI,1493838652000
AFGPAOWNI7D7E5MUQNANLTSJMQNA,B01M7UDAVI,1501188777321
AGQ45HJZTSSXTTKX3WMG5WLAYFHA,B01M71IUZ7,1505311854088
AFQFHYX7LN7I3ZSDVER56BU3DL4A,B01M71IUZ7,1485576593000
AFU4SEX6SYFKXJX5IBKG34P5PPUA,B01M7UDAVI,1513549570508
AGJBFITQXZCMWDLEKQBOQUW7ZG6Q,B01M7UD21X,1498524178135
AEBHIIBKGTBCF22XCWPH2ONLKPNA,B01M7UD21X,1508429637867
AF6AYVHG5B5P6LU2HJ2Y7UOBRU3Q,B01M7UDAVI,1553048968667
AESJKLSN75OQDBAEXTYCBBLX76WA,B01M7UDAVI,1493693694000
AHM7MMRH2DBRLRKZPDDXJ35W4T3A,B01M7UD21X,1512966315236
AFTMTAOOHQ5N4ZBK3FG52U3RXJZA,B01M7UD21X,1485999593000
AEC5KVFGYLX26RGALYDDKMX4GX5Q,B01M7UD21X,1513580779269
AEJHL2NM5ZVM24NYD3NJXGY642WA,B01M7UDAVI,1641574638994
AHLK62EOKOPBUPBDG3AFMLNMXDAA,B01M7UD21X,1503885391592
AHTSCWWYG73I2ZHE2KIXZZ3BGYQQ,B01M7UDAVI,1535165577831
AFRG5OR3YROEKPGUHXOZSHMCGK2A,B01M71IUZ7,1515889471775
AFGTNDCQINIUVRXA4MRPKA2A3OIA,B01M7UD21X,1501361697379
AFCYYEC27M6NL3DW2VIMLW7G6DTA,B01M71IUZ7,1495121510000
AHYRHPJAU6DJPDS6GV4VH5J7F6CQ,B01M71IUZ7,1563201726815
AHPNYTPYQXTXQEHHQUTMK4MPW77Q,B01M7UDAVI,1492111573000
AHHS4WTZYCF6SMS4UWQAX4PC3FGA,B01M7UD21X,1490383251000
AF3EZK2M24HTI5CX5DO6BIKU4BQQ,B01M7UDAVI,1555963622181
AEBILXCRT4E5K3PDJOUHEATIF6JQ,B01M7UDAVI,1496164132000
AHJFM4LEMEU3LEZOQUXPQ4OCZSNQ,B01M7UDAVI,1545486874418
AHSR2ORPPBGVBTOLDIGM2RJXRQMQ,B01M7UDAVI,1498444011303
AHUJVVLFD6AXCBCLZ3PNITVTNV3A,B01M7UD21X,1523737468993
AFBJ2HIJGB4RBNTTACZZQTRJUZCQ,B01M71IUZ7,1526588245467
AFNZAPTS7KGRBD4ALF4XTBQX53RQ,B01M7UD21X,1518383010818
AHPORYAQWRBIKMZGCTK3GTRLECDA,B07KC11QFV,1543368489664
AFXC4G4QCGUDKWTHJ3SGJPSZKZUQ,B07DNML26P,1545598980522
AG4ETVS4LPSSAKY43HHRJX2QL4SQ,B095WFPM47,1626446216358
AGX7VG52MHMODN4ZPADDUOQAROTA,B07DNM6GBC,1560185340799
AHH4MDDDXI3Z3T644XSE7C7KZRDA,B07F8Y6BH9,1550095922329
AHW6G7ZVJ5OZNMXE6BGHRNRVVESQ,B07QYNFHVH,1591143444102
AFUYYPX53DVLYH5L3CD4TAOIZKRA,B07MGJZ2MH,1676606173044
AF4VVXSWGKLRZ3SWCH4SFZUDEZIA,B08N6X3G3H,1630536367948
AGQQD3775ZIJLNG3MFPAPH45YDSA,B07DNJ6N8K,1570217309947
AF4SZ5QWE6EQOVN7RS4XFQZTSOQA,B092R5FPR3,1639527450420
AF6TLVT4BOIDPF6Y3QP7KRICU4BA,B07NL8P5Q6,1557432730060
AH7JNE72DF77Z27V6QSTQGB3HDPQ,B07NL91XW9,1657062023320
AGIYM6NFS7OBCUVHINWWHOXUMM6Q,B07NL7BQS4,1660849452434
AGP4GGDOJHYI64FOVDJURPO6IBBQ,B07NL8SM91,1596304322457
AHST7XEENDI2L2EEQPCPHX7CEPDQ,B07NL91XW9,1621048259820
AHNZMPPPCB63DIO7DMF4Y6HT4VEA,B07NL8P5Q6,1580823737858
AEG3JMIXD6VD644WYMC54VCRDQXQ,B07NL91XW9,1590029851454
AFQ3REOHTDBAEJ5CGENBVJHMNWKA,B07NL8JS76,1613415940128
AFX5ILGNC4QFBB7E5HENQKEGEEBQ,B07NL91XW9,1596802656133
AHYVLHOPUD4XTHHYIQTUF43AKMMQ,B07NL8P5Q6,1576124778656
AFSTB3PCHFRFM26XHNCVLYVQMDEA,B07NL91XW9,1670551741863
AGTOQYXMDMHNRUPFBOCESNV4CMGA,B07NL91XW9,1628767364341
AGM7ODN4A7TXPNLN3C72QS2XXY7A,B07NL7BQS4,1588718132757
AGUSBSSO4V3763GE6X2W5XZLKLFA,B07NL91XW9,1557770766488
AEJXJJBFEHBIKDB6SEJBEXUAAL5Q,B07NL91XW9,1580701993637
AEA4LH6WAON5GQVOJJI7YYCEPIXA,B07GNX34XV,1541190819098
AEDNOIFPO6LLWQ4WKU4BWMCQNE7A,B07DNM6GBC,1570830396598
AFUYKIEI3NWV7WDX7ER3MX45Y5WQ,B07GNV45VX,1572487323893
AECDRUCZ6KZ3CYOGJHZH3COHJA3Q,B07GNWWTRV,1573160530464
AEA7KLEXK2INRSJPPBXG7YGMU5HA,B08GDKDMDT,1611967608232
AEKUFYUPNAFN7ZRUHW7EUH7EWILQ,B07DNMN7X6,1623191660232
AGJ4JH7JVHKEOFGHYKMCVKTPEXDA,B082VL8846,1615298519660
AFPC54SJHNLAT2DOC6BXL73ONDUQ,B07XLMQBW8,1595683534265
AFPC54SJHNLAT2DOC6BXL73ONDUQ,B07XLMQBW8,1595683534265
AFNN2VJHNLGDXO3E55CRM7KQJVNQ,B07GNWWTRV,1552929740045
AGZRH6D3RMIO53QI2QRJUHB7X36Q,B07WGGH1C1,1571974276867
AGY6XTIVS4RPSD4QBGUINO4S3D5Q,B07WFHJDB7,1572300542271
AH3LYB2Q47TYCVQEGU7BKEWOVDDA,B07WGGH1C1,1573671930611
AEBL7B355Y6W3CUT76E6BK4GXWUA,B07WGGH1C1,1571970925718
AH27T7FXAQBWV4EFLTNKM6HG4AIA,B07WGGH1C1,1606598032477
AHO7TK45E2C774OALYEZUOPA7L6Q,B07WGGH1C1,1572382545552
AFLFRSAN2S53J4BDRZNCII7FFZAQ,B07WGGH1C1,1609583781014
AFE23SO6GL3Z7V4TDR4PJ7MZKMQA,B07WGGH1C1,1572389339785
AGHFCRIKE6YFV3K3V75LKKWQ43EA,B07T733WLJ,1600828881554
AECQENCJLXNCK52BFRS65GA2PPDA,B07GNWWTRV,1542305010066
AHVGEXFGZWKUXRYWKEWAFVMCBADA,B07TWRWCRT,1617336169928
AGRMMFABWN4A5XDRISNC4MDDIS2Q,B086JBB4HD,1596327447151
AFRNSTYJ2QKGJ33NOY5GH3U5HIGA,B07SPDBR1J,1593981139169
AHNNUIDU5ZBPORQJNSMY3ZFBVGBQ,B07NBPQL3C,1623151049012
AE3MPQWTUZZP6A23GZXYJDZUSTAQ,B0BTK42SYY,1688077964217
AFYSKW4L6RIH77A32QAE2KOSGRSQ,B08LD62NHQ,1606659910815
AGMAWUJQRP7E6MKMTSTR4O2U6BIQ,B07MGJZ2MH,1620590381940
AGFQOGI44M7A3YA2CQPKRKN3PWAA,B0BHXCZHWN,1669732225147
AGOS35DO4D3SBHSBMBD6THHPBFWA,B08W5BRQ8L,1677727559179
AEPTFDBP6GWPTTZSUOEI45ZVI23A,B07DVXFP2N,1536074224485
AFXVATFSNEJTU5VADEPQ52GB7GKQ,B095WFPM47,1646832235393
AHSXTSEBVSIEQMIRJ4HPYURVUUSQ,B07W813H6V,1572879551929
AGWHK6RV5JDG66O2YHQTRINRM4XQ,B07VYTBJKP,1593828772462
AGSZWBGEKJYLT6ZXV74WIIYBRKFQ,B09RSMMMK3,1669062839041
AFJOMEVEWIG7GP5IFVLRJJUYIRHQ,B08C77PS29,1655076604140
AGYJJRC2ZRL25UZCXYMR4E537CTQ,B07DNLG9ZR,1548985707977
AGUPMFANGDGIXXO2G4NRAHPYZULQ,B07HWZG2QD,1557628480493
AF3LUB7EYGROSM76BSEX2BGQT2XQ,B082MH51J3,1593908644068
AFPZKEQXXCJU2V4Z2LI7U3G5XDSQ,B07DNML26P,1597373315921
AFQ46ARIYLR62I6ORIBQPIUZJ4IQ,B092R5FPR3,1650649915683
AEMJ2FOKRZOJX75VBJNITH6O4C5A,B07DNJ6N8K,1559079981251
AHC64UTJYH7TIE7KJWBWVVFNH5DA,B07XGNHYC2,1600123061329
AFSSCM3MACWANBRXHG2TLFYSZLAQ,B0BKLKYWPY,1675577738537
AE2APMCHB75JX6BYA574PTM7OJ6A,B08JFRNFXM,1613069415970
AFXDF3LTQP7T3IUYUWG7QCCXKLXQ,B07DNJ6N8K,1543591112701
AHYJ7I5B4MUA3HJDZQGLOLO7IN3Q,B07DNLG9ZR,1544637935724
AFBEYWE7LXPPDUCR2EATJQ5DDRTQ,B07F8Y6BH9,1591281240110
AFL4SW4A5MVBYFMNOXXU522ILLMA,B07SDGKP88,1608971797619
AECRX7QHZ3CGFFB2UG236FVFG55A,B07S63NKNB,1562514609181
AHG22D6RDRWINDHAGGVQ7PJNQ4BA,B08N5BJPBD,1623794126079
AG5GT753U3JEDNBIJW4M2AGBZTOA,B0872GR7SR,1605287979670
AHWFF4ZGSG64GBXHPYGHXQN4CMWQ,B07PRK81VF,1598699147814
AEXIRCLDAO6GFAVTSTYO3XS2KMNQ,B07VXJR1PF,1579576395738
AGUWPC5WGW4NHWBFIK2QGWK46SBA,B0B39LMRPG,1668108721874
AEI33MD7ZGNPEJ4NBIND67F4NVLA,B088YB3PRB,1596191948018
AHS2UNSSXJLXZGJIFDDXNX5VUAUA,B091Y386PQ,1632102784255
AGX42CICOYXPQPXCRF63CCNSCS3A,B087GQ51ZB,1618855794343
AERMVFJM4WUC6SVNMBFSJTZK2UMA,B07F8Y6BH9,1563158902572
AHKC45KIKQ37ORRBCIXXRVSZULQA,B07GNX34XV,1552936219083
AEO3F65DXU4CETXNJNEUVWJBOLQQ,B07F8Y6BH9,1600288419702
AFT6JU5IGU3ZALXVOMF5M5GTUM7Q,B07X5SVBJW,1635172723043
AERUJ7GAJAWDEQC32ESYW32E2Z6A,B07DNM6GBC,1539031507559
AGHDSN3UPLFOIVFPGMKLRQG63ZBQ,B07DNMN7X6,1533954779750
AGNVDP7IOCXFSPSTIB63YDXYH23A,B07GNX28KS,1562737774628
AEIXSZEZQXPFOQT3IBZ6AVBDJILA,B0933DPMJQ,1627440695676
AFN6P46IVR5NYFEACUIJICEPXSLA,B07DNML26P,1661480476773
AHLUAFDXFELSJ6PHBEDL74I2QWVQ,B07FT4FMWX,1587397687441
AHK7X3R7K65FULPMB5OGOIS7XY6A,B089NZ5LGV,1603568886006
AFSQPVQ7ALKKZW6XODFDAYJICSAQ,B07MGJZ2MH,1662519844551
AHQE55V27QP67RYX72VZ2DJ3B2BQ,B08GS38B42,1672207588816
AGW2UPKO2OTNJ2DOF74MNVSTN3YQ,B07MMT3C5J,1613432864203
AFNXPYNTWUZMNFMKUPO2FFWG5B4Q,B07VXY755K,1609358560495
AHHVHDICOPR7N5PY7HSXDMH6J7BA,B07MQ5GZ24,1579392071297
AEWRE6QF2ZPWKSNFZRNVSNBY6DQQ,B07X5SVBJW,1572535548506
AGPPZQCLKTU3N3ITWQCJRJ6WLDNQ,B07KJLV75L,1556760399313
AFGNAY3KRVMYSOEWLQCGMPN4WQ2A,B09J8TV2QH,1654188476913
AHMP5J2VSJ7NAPV3NCUPM4K4PIXA,B08K3M57JT,1621826401186
AENUK5B4N4H3FTV7VMOB3LGH32MA,B07PRK81VF,1616375484595
AECNNOINGIXYXKZBC4UFOM7OU4EA,B07DNLPCB9,1618858493491
AESOY4OW7J2VYOJCBVYGDK7DTIXA,B075NM1M1Y,1572545939848
AHY2OX2F244N5LDGTK7SHBJ76YZA,B07GNV45VX,1541018599990
AHJH27QN4MV2OGHBNWTOSDHSX4CA,B09LWP4TWW,1655765762642
AGC55I4FMQF56IC72DHUT6KICVAQ,B07SDGKP88,1627833320001
AHT3NSDRRUX5S5DAR26LJ5PMLGDQ,B07SDGBPGK,1629394700226
AF67XY6NSDIL7TYN43SFX2WZU3KQ,B07SDGKP88,1665187787740
AEVZS5I3FKXN5CMTSMRRSEJERKBA,B07SDGKP88,1578621365541
AHVA54WUYDQQUAYF27BH7LC3RCYQ,B07SDGBPGK,1568146186829
AFFWGX6A3SOCGFR6MZR7NL55I7XA,B07SDGBPGK,1601798999760
AFAZZUYF5GXE7QWREZGSQFVXTWIQ,B07SDGKP88,1669251843407
AHSLJHONAVX2OUQ5IHRVKQNZZTMQ,B07SDGKP88,1615485525472
AHKTW25HMJCP3IQ6VHIJ22VSHEWA,B07SDGKP88,1577904770160
AEBMZ5BFJCXP6RRQB3GSJI62WRPA,B07SDGKP88,1577919327292
AEEINNSE73H55JIXO7AAVVQIFTKA,B07SDGKP88,1582744028334
AG63EU5GHHB4VEPA6PFGQVG6M77Q,B07SDGKP88,1676734075741
AHHSWARWQJO6DSQKBVARO2AG4HSA,B07SDGKP88,1598762172077
AGPBS2LOD2GY2K7TP2XIY4K3YH5A,B07SDGKP88,1599931544224
AG4ODP7J7B4OFMSQRGSSOWZBWUCQ,B07SDGBPGK,1563313908977
AGCHUFB6IY5MLYNUHOFEWVULCR3Q,B07SDGKP88,1612646965448
AGCXM4NMGZZ5FQJCEDXWYH2ODXDQ,B07SDGKP88,1655929346423
AFVKP4TNZBS2OCS6VUOUZ3FIIGKQ,B07SDGKP88,1630361884848
AEH74KPPZMNE7TEJLJ2W63ATG4QQ,B08LD62NHQ,1625258605771
AGOGIF3UWT2D5M4NF4VAN375WFBQ,B07DNMN7X6,1579882602527
AEA7CUJARM7FWP3M426475KT5I5Q,B095WFPM47,1632948356293
AGPG552G724RYA23LN7FXQSWRGEQ,B07HP1739X,1679371069317
AEAQRLMKQ6JISI234BAHRE2RADZQ,B07KPH6D57,1548374594300
AFJRV5IYYMFSWXLZFMH5JYEBQ7MQ,B07SYP2176,1562965533339
AGX3KCY2MRZYZQD7BCMK24AKEFBA,B07XZ9MXHJ,1577725766200
AG4EBDBXEGQEOWAHRVZ6Z6U34MRA,B07S63NKNB,1568480715821
AHFDD5KJKOBPTFWEKNN6OPC4CZCQ,B09FLZ2132,1639408671038
AHLNKDB4GG6PT5SEZWT7ASA4Q47A,B07DNLPCB9,1670202439887
AFCBFEURU2MYME53PYYML5F5VY3Q,B07GNWX112,1547938545342
AHZEJV7FBSCHKY4JJOG5TMJXR4BQ,B08N6Y69K9,1642422946043
AFYBTNUSTR75ZDJJZ7PCYQEZUXUA,B07GNX2VPX,1563121545629
AEUB6ALWIJ2CQ547ZHK5B3PVUBBQ,B07DNM6GBC,1575147134216
AEU5Y3ZJJHA4JO7NGNNNHPA3DKWQ,B098QXWLCM,1633199075760
AH5KCRF3VGMHRXUMM5MXODHZDFMA,B07DX3D8W3,1606589681673
AGCQS6EZPHF5PU2MSBY3ILGO2AKQ,B08C77PS29,1608695321209
AHE4HQ7N3DR33XSCCG2ZGPLMF4OA,B0B3XT1CRP,1668800599416
AG35H6S7HC2WJNZJPKZPB2NU6KIQ,B07FT4FMWX,1610495770923
AGFHTRVDQZXUOMZMZ7IQCNG76VFQ,B098QZJ5TK,1641567414914
AFMYMK444LJ6HLTP4Z3DZBQFAEWQ,B07R99144F,1627056263610
AFNU3JLSFI5D7HPJETOIRLGVIXVQ,B07R7WVRGL,1685031007818
AFNU3JLSFI5D7HPJETOIRLGVIXVQ,B09RSMMMK3,1681791677618
AF6PGBYUWVYO73BQM7I2ZVEOJRKQ,B07XGNHYC2,1579487611357
AHALGSUUKZ4ILFZOXEJESMHXD76Q,B09MWKJN6K,1649804163908
AHKOQEPXAHHVM5GI7KZ7LRMHVMSQ,B08D6R4RZ7,1601924969937
AEESODSDUS42ZQE5UURF4ELBCY3A,B07Y1WGP67,1591151989098
AFYXBCQTIAKEDBD6VS2FNBC2AR6Q,B07MGJZ2MH,1642345202982
AELVXSF5YZUAGP4XEGMKAWFY55KQ,B07DNJ6N8K,1555556645469
AELVXSF5YZUAGP4XEGMKAWFY55KQ,B07GNV45VX,1541508384443
AGO6ASZOTNGJHT6ODRK624UOSY2A,B07DNM6GBC,1554669070080
AHZ5H463QIY5W25D7QYFBOFXAUMA,B07MSB1YJQ,1620958687911
AHMBTCJNY3RNVD5JKO765NNCH5GA,B07MJBM6DS,1575963647611
AHFRDDLSAGIL5EBZ2I6HTYA6CU5A,B07MFQFKGD,1668315406442
AGMA7YUHMQNSSHDD4RGGXTFA65SA,B07XZ9MXHJ,1592834736553
AHNOVJ5SHUCN4JVPPAAPVLYPLBMQ,B07XZ9MXHJ,1603681614626
AFUJI6EFMXYZ5RNA45VYKAY4UHHA,B085W6VHP4,1642207087901
AEV6YZQVATGZEEDSSELI4CQPBTBA,B08JQMD7B6,1609095236640
AEPN6CCXW6YN6RFITOOFQGCFJFQA,B07XZ9MXHJ,1575581540209
AF5RQNSD7BRVF4YG6DMDMHIDGJOQ,B07XZ9MXHJ,1574260776769
AFIH4M3PKVUBZMSV5IR7Q45VVG7Q,B085W6VHP4,1591915154972
AFIH4M3PKVUBZMSV5IR7Q45VVG7Q,B07XZ9MXHJ,1576949063193
AEVF6WJRJ2CHLK32CBQ2RNWUTAPQ,B07XZ9MXHJ,1594165219908
AFRCPKSRCE7UPFWZ24KXXM6CIZLA,B07XZ9MXHJ,1574575219050
AHEG73YF3VJ4QC2E7MGM4LE6E75Q,B07XZ9MXHJ,1610994652274
AFYV57Z5VK2TUAARU5UZAXNHJW5A,B07XZ9MXHJ,1609011484063
AHLULZNG7W44KP6XGYLKMQGEXQEQ,B07XZ9MXHJ,1582148481779
AHODZIAEL6TXO7RMCAXUTP7WCFIA,B07XZ9MXHJ,1646224557596
AHEY2RJAOKMXM23OY2NP6KFOLTPQ,B085W6VHP4,1618364339996
AG2ZK3EIJPO2HT5MHIUCJFREMKHQ,B07XZ9MXHJ,1576083199402
AGZLRLYNBIAETIKBYBHUCJJAMXTA,B07XZ9MXHJ,1611626612597
AGKVMSGCUDMMEE3AK7KI745V7R2A,B085W6VHP4,1592270395160
AGKVMSGCUDMMEE3AK7KI745V7R2A,B07XZ9MXHJ,1574782435384
AGALX5JYCJM2GSBASOQ63VZL6GBA,B07XZ9MXHJ,1587095940243
AHI6LNFDTZISVN3U2OW7DBIVOQSA,B07XZ9MXHJ,1619365844892
AH4PZ6JVA3OYEBE4OZBOX6YSVAKA,B08GDKDMDT,1669568170248
AFU4F3HZ4KSLSU2KANSRI4K32JUQ,B07DNLG9ZR,1538891638729
AHVHA4DPPS2S2V7HPPSM7DLYKVPQ,B081JS67KV,1628913487266
AFKABFZDT536556JDXP3XPLABVIA,B081JS67KV,1612113683360
AG5DHG72CE64VCSUZTSV7GTQDZZA,B081JS67KV,1575744448446
AEL2KWE3E2XEXJBZYQMBKMOFPXDQ,B081JS67KV,1611265464651
AG63Q3BWKPCWWNVRVLCKSK2LTZDA,B07XGDM47D,1609452015129
AFI35GVJBQA53AIAKYDAR4K2Y4YQ,B07XH69M6H,1573724940850
AEJHXDRCGETRL5JFDZR4AD6YFF4A,B07XH69M6H,1609861948328
AFZQN2YBBLDKQMLWK64Q4LW4TVPQ,B07DNLG9ZR,1622925344333
AFVIN2I24QDAKC3CENG4U3KAVOXQ,B075NM1M1Y,1626618822549
AGONU63HCWBCDL4J6D76R7KP3A6Q,B089NY9NB6,1601942280737
AGVSXM7EUU3WICERH4GR7IDGPDDQ,B07MGJZ2MH,1659494923433
AH7TGLLUGGLMPVYISMOI2D6ZL4IQ,B07GNWWTRV,1547169635833
AGTPFCOWBV2V4MLHOW27HXMPQKDA,B07DNLPCB9,1570926939729
AGAPB4HKMKIZ625OOKNFAEUOV4BA,B07X5SVBJW,1599165094564
AGUTOCVYD2SQBXX7TA6EN43LYS7Q,B08H5M5RX7,1615730633834
AHGH7DKOMHBI3GB3Y4MIPYFQ7RRQ,B07DNLG9ZR,1559428958243
AEYIMEKJAQYVDSLEYKIU5P6OWAEQ,B08LVQWH8P,1613843587162
AH2AEBW2QFPAIH6U33ASPF5OHLBQ,B07TWRWCRT,1614273453601
AH65ME5HNB4DUXXFONIAX3G2RGMA,B07SPDBR1J,1564724490146
AH65ME5HNB4DUXXFONIAX3G2RGMA,B07QYVCWHD,1564011101621
AEW3IHVMW6JPZP3YFPL343MZEYUQ,B08DDKRJRY,1625692180904
AE4GN3T7JZAPWVHAXI4VBC3WTSBQ,B07J2LB2XY,1553623446855
AE67GTMWUC3N7UZW3PLOVVAF3GJQ,B0848NSXSZ,1669399848065
AGKLT45ITLHZFCNBKS7QCF43ZO3Q,B07DNMN7X6,1534898835842
AHR6L4RXQOKS5EUS4SXH7QWRFHOA,B07DNM6GBC,1553906158159
AHE7T2NTDDIPBVGCY2324L5RVPDQ,B094VMGXM4,1625251537742
AFZXKMPE5WMWWKSXAFMFRVSNZVLQ,B07DNM6GBC,1654453142698
AHWK6K4UQFIDJIWBRDSEHAZZBT5A,B0BTJXFHMN,1688394287303
AHWK6K4UQFIDJIWBRDSEHAZZBT5A,B08WF8VMC4,1646348086618
AEXS633GKTS6LSNXQD3PBCT37VOQ,B08GF6HCM5,1603739911503
AH44MQYLXBAINJE7RCR4BSE3PVUQ,B086JBCVB4,1607612915740
AHUC3MBFBMVN2JOVQWYWA6BL6LSA,B08DDK1T6C,1608326535778
AFCCILEDDOIHOH2UGWE2VPDLI3RA,B07GNX34XV,1552781550277
AF2NFYAGRWE5JBUFCXHSUNPWW3HA,B0815VLVVX,1598842160764
AHA3GVSPZM73WRJZZHL6RAX3OCAQ,B07PRK81VF,1603594676657
AHBQMEVD5TFSFS6JRS7VEVZMENDA,B085ZVPKW1,1634062085268
AHBQMEVD5TFSFS6JRS7VEVZMENDA,B085Z2WM76,1603369442776
AGDXBIK3UUFBUFTQCUGXWCMGL6JQ,B07S63NKNB,1582518616255
AH7NVTS7QTDE2GOUB4L5PQUOJ3CQ,B07L3K8S42,1613447705954
AEH3NHHYREH3JH367E75KHMIE3FQ,B0848KRT9T,1591542677069
AGCQJEDM3C5ZYG7Q54MDWQNT26AQ,B07YZPDHK3,1678485218721
AF44MZDU5KYQL7J7OPSOBXBWTUEQ,B08MW8RVK9,1621612888084
AGH6LTC4UUSOHL2IZ66COSO5PCEA,B0BWYY4RG6,1686190259847
AFOL7NHGM5IGKVQIPTQJUDWIH6RA,B07QF978WX,1599069657432
AG57ENC3TY4DKCCCG7XKEOBRKXZQ,B09RQQ5HTD,1689607887156
AHUHFE5DJYVLQG2FPJ2XMLJK73JQ,B07GNWWTRV,1552759018086
AG7KAD3SNUEIJ5MBRHDDHONMAENA,B07DNM6GBC,1538277735366
AGXS66XHFWBCWCYXFB37A5CKX2HQ,B07MGJZ2MH,1602679262668
AEQTCREOCSOWFE34Z2V4WGRV2QIQ,B07MGJZ2MH,1673495298449
AER3RUTBDKN26V5TI366THSDEYBQ,B07MGJZ2MH,1608931114790
AGBXYZIIKGK4KYFDVM6I6OKEDUPA,B07MGJZ2MH,1629518488207
AHT466EHFNIQCBOU7YAHJTSWBNVA,B07MGJZ2MH,1553039580023
AGU7FC2GHGCOSOAYWM2USUTBPLBA,B07MGJZ2MH,1581785526420
AFUVIWTDAMN56RTLUOFNXVDSNA3Q,B07MGJZ2MH,1599403127356
AHAR5CT5WYWH33KDG7BAYI2ZBCFA,B07MGJZ2MH,1599501698128
AFVYTL3TC33GZEPZBT4FD5XWXOHA,B07MGJZ2MH,1580941449874
AHE425U4MP2V4VG2OSPUSATTPFJQ,B07MGJZ2MH,1556823437922
AETV367G5HDSTLVBYGWOTW3F23AQ,B07MGJZ2MH,1654730376461
AES6UTB26NMQGFX5WXBVWJYW3RBA,B07MGJZ2MH,1555935343773
AH4ILSTXMLQPJOWNMNHDLMLPNH3A,B07MGJZ2MH,1558007887277
AF2G6IKUMDRHVHKY6BXQA3E5WCUA,B07MGJZ2MH,1616445021278
AHYM5MMB2AGLXVLUV7AAOXUQAGIA,B07MGJZ2MH,1602962243324
AHSXFHAC2VZJNG2DR727PG6H5LWQ,B07MGJZ2MH,1599873406554
AF3ERSE4FHRXP6PV7MYXBZAMEPOQ,B07MGJZ2MH,1579569806964
AFJ5ETZ4UTXHGR3RT335GCEMPJEQ,B07MGJZ2MH,1672426119010
AHTMGCKCZT45HJE6GLQSXGOJRUEQ,B07MGJZ2MH,1667988704768
AHKTKQO7KIYNNLT4L7K25DL3ZLIA,B07MGJZ2MH,1618869929092
AG6ZRSC4BGABNM3QQJFAOGLYSYPQ,B07MGJZ2MH,1567194794643
AF54TEHN3TG4WLOKOBGFJDFB6EEQ,B07MGJZ2MH,1569348877058
AHT2JKVLSTV5FMSASNC7GIETB7OQ,B07MGJZ2MH,1598822941785
AHCRZ6FY5KAJZFWWNVCQOV6PJFHA,B07MGJZ2MH,1627761271171
AGIQITVHXEWZ3VLBJU76766GGOEQ,B07MGJZ2MH,1581825971435
AHLPY7RBTRTG4V4RDQLEUIW4HOFA,B07MGJZ2MH,1566826938786
AGJMSDHFFHW5U55ORMAL7OOI5HOQ,B07MGJZ2MH,1562094329270
AGU7CRKZSZQF5RJMF5VNHJZ44FMA,B07MGJZ2MH,1611700514786
AHWGZT3EE5WFHZWVKPVYXW3AWQFA,B07MGJZ2MH,1592661885171
AGFJKFTYBWP3LSJ7OENFHDRHYGNA,B07MGJZ2MH,1604903774090
AFVD3FEPCRGLFIIOH4II2UYOGADQ,B07MGJZ2MH,1550797088348
AFJ2OUNXHPWE56CGB5GH3BLRZH3A,B07MGJZ2MH,1570121967368
AEXZDNHZEWH3X4ONPCKMOME6WVCA,B07MGJZ2MH,1607570860587
AENGWZ4ENVS2OOHGYW5JBMKRNCOA,B07MGJZ2MH,1591107061894
AG2QQIDIHJDOEA23QSTNOCJQSVXA,B07MGJZ2MH,1626046107012
AHKGOSY6Q74AMQ3TEMHTWTWQV7CA,B07MGJZ2MH,1567618252988
AEIZZV5ON3YZMMSE4MSNI5WNSWGA,B07MGJZ2MH,1570553498445
AGJP7VY7ODS63ADUBBYBUC36HLEQ,B08KQD5BVB,1685709714623
AGJP7VY7ODS63ADUBBYBUC36HLEQ,B07MGJZ2MH,1606772882923
AEYXXTGGBLBYAQL67FDLW2CWSAIQ,B07MGJZ2MH,1640421450604
AFFU6OPTB2QO3E7ZWGEP2XPMIKYQ,B07GNX34XV,1547573945319
AHKOCK2GXVIO5DXJRG4WTWQN2D4Q,B07GNX34XV,1546964043932
AELZ7AJQJ3ORVTRDFZF2H3Z7E3UA,B091YHTPJN,1621365014614
AFIWMFRDKOQQBKYNMRMOLAGJCS2A,B07GNWWTRV,1562984134890
AEFW5DEVLCTL733ISMMHW56TE73A,B09R2LDK24,1664410998044
AH4I2LWI5KOCRVBL2A7YILMEQMPQ,B07DNM6GBC,1619480166577
AGXK6BWKCEHQFV2GH4IFLJKZ4RZQ,B07GNX2VPX,1547583816677
AGXH3IBGUI7DBTCXFVY37N62ZJNA,B07DNM6GBC,1570654199196
AEKHUTQUIMHNWFPHX6RDCGD4D7FA,B07GNX34XV,1562959548596
AEKHUTQUIMHNWFPHX6RDCGD4D7FA,B07DNLPCB9,1554919252399
AHCC3ISYOZQETOUO6M6VLLF4256A,B07DNMN7X6,1570215805943
AFKVOKSAK2QJC6E4YN7JSCTSXARA,B07DNKDLYV,1570691066299
AGWNVAFQNL6OW77TAUHTJ2KFPGSA,B07DNML26P,1560226026265
AERKOYLCBG5IJ6WO5U66W7M57DOA,B07DNLPCB9,1565332768564
AE3G5RMU4YB4JXNJ2HMGPA4TVFZQ,B07DNML26P,1559846910477
AFSUDHTTAS3S3XCCJUFJDACEPNTA,B07DNLPCB9,1537212058098
AF2AL5XAKBY4GHNZC5DBTQJTZLEA,B07X5SVBJW,1592958428870
AGKR47EBEVIAE6COO3CBZWTTDFGQ,B07Y23PKWC,1591926780166
AFI7SB7UTLNG3GFS7HXKKUS4WUKA,B0813RKSXT,1608667763099
AE7QUBJHKDALZG4CTY6HDQZH3MVQ,B07DVNJ5LP,1541194315907
AHHEWVJM6VOHDHZRPUGYL6NAD7RA,B07STGWT1P,1615559013854
AHHWHAHUVCJWDEWBIBFRS5Y6YTLA,B07V5VWTMB,1605407318379
AEFJGEDRIV3SLDL46UDXOH7SGLOQ,B07GNWX112,1541478715133
AEFJGEDRIV3SLDL46UDXOH7SGLOQ,B07GNWX112,1541478715133
AH44VUYLOQGHB2IYX72GVF5JHTUQ,B08R8Y2TP6,1629509446327
AGLY3PTNSY7WFKUFPCFITDXTQSOQ,B07VGN44WK,1601143679546
AFEOXGCMLT7LHVMJP42NZKIWEVAQ,B07TBGM8WB,1634083791672
AFLI45BKXEJAJ4RL2IK7OCD3N65Q,B0933DPMJQ,1648069373850
AHVY2QH7NENCGPP2H5TKRWVFLPIA,B07HP75X12,1606089700383
AEJWZCF47VSHT7TQVDEYCCZ4X2EA,B095WFPM47,1639582536117
AEXFE6NYLYSO3RKHPGPEU4EC5QJA,B087YPRGKB,1608950108695
AH5MIJVGRWPH2CE6YD2PQIEVFCEA,B07PRK81VF,1650237812746
AF5VEDHA2ATZNY4KBQPRKP2AYQYA,B09HV9CFZ6,1669970678271
AGJEVKIZP22E3D35GWVPEYCBQFJA,B07GNWX112,1553106523985
AHBZG3IJIGI66AYLUPCEZI3TRYIA,B075NM1M1Y,1596181744503
AHHCH3BKLBZSQDPRVQGEJIY5OTRA,B087YPRGKB,1592507882146
AGH6FCJUZPDZ6DR2IJ2WHA6HGGSA,B087YPRGKB,1596513130680
AEMAGCFHZNHHTQL6SHRJLZBXZYUQ,B087YPRGKB,1598195241768
AG6VQEXZ6AON3BYIFUZ6M3SMBPDQ,B087YPRGKB,1605878249708
AG5XVI2LCSM4SI6LLPH5DQ74UPCQ,B087YPRGKB,1611106856476
AF5UVXGPQ2RLQC3CY32MTSTTKWDA,B082VL8846,1606763086062
AFF3ED5DS5TXOLO6TDJZO356QNYA,B07HQCCD29,1577668787264
AHWNINUMQVOUFDQNP46IH4K44YQA,B07DNML26P,1533180055877
AFPGMUY5MKLDLRCPN5E3WRIYPNMQ,B07DNMN7X6,1563846278124
AHWF7NRM23CHJD6PBQNQSI6T6FLQ,B07DNJ6N8K,1535647432069
AGKM6U2J7RFGB2YXPUEX7NGFX3HQ,B07PRK81VF,1598310695054
AE6LDEHOZL7WORNMPR7PA2GVKKXQ,B07MMT3C5J,1660265344927
AFKLO4WOJQ2WZHGK32DS6Z7NG5XQ,B086JBCVB4,1607757896808
AEPCOWYSTQHSD2SBF3KVX4MWEZHA,B08MTF8RP4,1623028893185
AHYEHIVWEUUEK2Q36DDM62ZRFLHA,B07DNM6GBC,1536378792149
AF7J5VOAAJNMXVJCLWMTIRJODMKQ,B08KQJTMYR,1613520127858
AHFSBI5PUHBYPYCSN24RIPJAYGKA,B08GS38B42,1670009784159
AHJXXJZ2MFAEEDQPAVL43NFH4RRA,B084ZT9NDT,1647903633668
AG3NLD5UW6DZREOOIBLKIEEX7FAA,B08GDYSVNN,1617661782000
AECUJOUQD3A6AL3JMHK3DUFWERYA,B07DNM6GBC,1622319568118
AGDNIOKLXN2RSLWZ5GVHLYQUW6TA,B07Y23PKWC,1626975725207
AEGK6ZCITBLN6MPVO4EJK3FUJEPA,B07QF96CKT,1560822815127
AFEEDLPFQQXSCJ7FXQ252YAZCDMQ,B07VXJR1PF,1577587533425
AE2YFGB526JQ55QCORRCKIW2RXEQ,B087GQ51ZB,1612844710148
AEHQPBFVL5AC6OXZSNSTGTH23PGQ,B095WFPM47,1624911147013
AFTB2CYFWBOU6WZGQPTHDW7BJXNA,B07DNML26P,1623719486665
AFPPPTYV44SMO2DTKIB6O2PSR5AA,B07DNKDLYV,1533335207926
AGCISQDFUHH6FJSHBHZO5WDYNYPQ,B07KPH6D57,1550349733218
AEL3FJEA532WA3XTE63RYMPTXHFA,B07DNLG9ZR,1537913814124
AEWGODKJIP4HUWIO7R365JVG45TQ,B07XKF8CB3,1625229288791
AEN7WZG6B6FCGL2UTWYBVOOPQXAA,B08DDJNJ9D,1600730406521
AE55EJOJLQABR6AE2H45VCH7KB4Q,B07KT17L2S,1605282426037
AH2VVCZEXU7G5TXHB7JPXFYHFG6A,B08R5JJGB3,1681401951506
AE7GRAPCXNHLG6FKXG4OOD35N4MQ,B095WFPM47,1629308242367
AGO7Q2FANKUYTL4WIRTPDTJIP6NQ,B07GNWX112,1563481329310
AGRRKFSOTRIWX6HJIGIVRKHIZYKQ,B07SPDBR1J,1642216177573
AE7VFQRMBF7HZHE6MGXE6YYVQACQ,B095WFPM47,1641849967317
AFESBGRVOJEHLHW2GMUHRH2WRSBQ,B08D6WQ1Z7,1613759338690
AGSSNWKZABES42H2C3E2M6APSWPQ,B07QYVCWHD,1593447750886
AGQJEYMDZVDJ7TO2O5WLIYLMN6PQ,B07XGNHYC2,1610747586788
AF5XPWJYBCC2PCHNIOKULP4G5DAQ,B08PG479LF,1663432162022
AEWA7QMWQFH67ZZDJ53JS2YNWJNQ,B0BTK93R2V,1690076780021
AE3GCF6XIAX7RIAD33BINY5RGCCQ,B08WG66WYD,1642025304745
AFDZO5HNJ4SYA54TLJXHQWQBL7TA,B0B3XVHQ87,1673226841003
AGTYE6UZAHAQVSBOULPYGVVVFSHQ,B075NM1M1Y,1620631826263
AED27ZLYH6ZSTPGZEIKWTBI3DC7A,B095WFPM47,1652896752601
AHWK6BDDNH7R77HMB6JBLVGJKWDA,B07DVXFP2N,1596142000748
AH5TP5WPIR6A2ZLEJKUG2UGRIWNQ,B0BM23TXKZ,1688473732145
AGH46UCTPUBXNS6MKCFRCJX2LIXQ,B0813RKSXT,1597256959815
AHLFKBX3VO6CJXRA67UDUKQARUMQ,B08VRPX4LK,1620595296202
AF6V656Q5GWLWZ7PS5BJAKWYQ6CQ,B07KG5RPCF,1617991892215
AGV7R43V64E32HZ7AJLZ4JQXEJWA,B081TBW1FB,1644944048816
AHRO2AM5ZMLG5E57XIGZC2WEWRTA,B09J8TDTQB,1648191196944
AH524KSVBOI6WSKFMGWX3BQZMQIQ,B08JZ4SVKN,1627684912797
AHCRM7HEBGPQE7SZVAIYKA4UKMRA,B095WFPM47,1633458338645
AG5YHVGGZG3GWD5NIY3EIUEE62AQ,B07DNML26P,1554836778773
AELZSB7SSSC6TC634CVNAWRQ3RWA,B07DNMN7X6,1597253401642
AHOKVJZRUTOUJ5HSFHOFAVH3DWCQ,B07KG5RPCF,1579196164231
AGY2ZID7LQQY2GNONAW3GCW3T4MA,B07DNM6GBC,1597154882421
AFWUULRIEQRTKCJBNE4ZSGPKLB6Q,B08GDWQ46D,1608393017455
AGUOOLL4FKDMSU5XMYGOGEXDWXMA,B07DNJ6N8K,1654769766970
AG6INXQ5OKYQXTDNBPCFNUYQZO3Q,B075NM1M1Y,1576542635115
AGQEXH4AJSHIZJBP655HZO3UXHGQ,B0929DBCX1,1687305257705
AHO6ITBNPGJVEKCKWZMTUPDQXVIQ,B07F8Y6BH9,1642822277847
AGPNGJIKAQMP2OVPDVAIXWLHBQZA,B07F8Y6BH9,1608180478999
AGWEVWFHT56LZFO4WPQP5QJUROAA,B07F8Y6BH9,1610676174554
AHVP6RCZWWX5NB6YK3S2DTIRNA4A,B07F8Y6BH9,1607624513930
AEWV6ZRT7X3NGGDZ6H2UB625Q7TA,B07F8Y6BH9,1648224345940
AGI5QROVZOUJ4QPJLGBOSYUGPDHA,B07F8Y6BH9,1608483739218
AEGZKA3WN577Q3ZZBIAAQ4CE3KYQ,B082MKSDWL,1608062370990
AFGVFRMHADZ6HW32BIYUBOG755AQ,B07F8Y6BH9,1642441071904
AHTS6SY4QUQRIH5UJUR5W5XWQURQ,B086JB197X,1620189571054
AGUMEPZQQRZSBVO7ESTKA7UKWXQA,B07QHBNX4H,1556933126101
AGE3NQYPOT7Z223XC6QNEI2RARGQ,B0BTJXFHMN,1689858761382
AFAWFYR2XBGGFVFNQI5PHU7G3CQQ,B0BQ12GM7T,1688934734687
AFAWFYR2XBGGFVFNQI5PHU7G3CQQ,B0BPZXDL8Y,1688934558645
AFAWFYR2XBGGFVFNQI5PHU7G3CQQ,B0BQ13VQZS,1683129731612
AG5CAEZI32LQ5BM3R7VMYG7LH4EA,B07VYTBJKP,1663799925019
AEXDVVJSCGHSBNKYLXBFDRIURHBQ,B097F3PVMC,1629581242903
AHWFVY7UCZ4YMD3RJT4VM7Y23RMA,B08DDKTDSF,1609958834460
AGBDYLGTZW3KL5YOROJFTOE2U5UQ,B07F8Y6BH9,1580267318124
AHFAQ3S4TMIM2G64MAXVCTHLLA7Q,B07DNLG9ZR,1618966622839
AFNWK7R25HAXW3SUORSMHBUS2DJA,B07QXSYDGF,1587678651543
AGHVNEUSI3WHFPHRHVE6YTT2L65A,B07X5SVBJW,1592885968556
AH3ARUWYHANILYANHGAQ4SLHNDYQ,B0BCMPTNLZ,1683223308718
AHIICSJOH7GORH5FZASMOYBYAOCQ,B09BFP8K5G,1659118243217
AG2K5RHTT4DKZV2B4PH3PS2Y52HQ,B07DNKDLYV,1532826702676
AGR2TDKF7Q6JWMO2MAF5OOXQDIOQ,B07L3K8S42,1601492752503
AEE5K443OCCNVOE3FQC6SN4RZLTQ,B0BLZTPK6Z,1680738829246
AFOSQB5MTM24QLEEYLFGIXA6U2JQ,B07DNML26P,1560176672020
AF22UTUDMVWTN6O3XGFI2JIX4X7Q,B07X3Y7S2W,1597867043481
AEC6H74BJYQOBN5PA7LY2QB5KSJA,B08GDKDMDT,1604097573229
AG5WSJHPZHREF4TKE4K7YAI6V2VQ,B08KT5WM5M,1692069651893
AHX5NXSNNU5LWQCC7H3PZLGWBRXQ,B086JB197X,1606935545378
AHS43AQAZKO5EQLHET4D7ZZUPTCQ,B07DNML26P,1553893943332
AFGHBGTNYXVBYOLAPWJJ2W3TJT4A,B07DVM8MM5,1581821519124
AFGHBGTNYXVBYOLAPWJJ2W3TJT4A,B07DVM8MM5,1581821519124
AEEPFGLRGEVHMMDJJFG4QXH5NQZQ,B08K3M57JT,1607190672714
AFS4JJ5OKN6VBQVWMTOBTC6LAP6Q,B07DNLG9ZR,1538528898611
AF4VXPN2G4IPMKJ464KDOJFVZ7ZQ,B092587ST1,1662226447800
AH5GWVQQWLHNVLKFDN5QEZD4OXPQ,B07XGNHYC2,1599870701816
AHXE55VODYKCUMBR4EQOSH72ZJXA,B09F3GHHVY,1651493702079
AFZ7556JJZA7LKMM6WFSZFY6KPCA,B07Z9GCBVF,1629048712072
AGA4DTV2H6C737OGHOKFZX67VMQA,B0BSRG899Q,1690939645526
AEZSOD24S4OKJS2E6W6BPW2AW2TA,B07VXJR1PF,1607668741938
AFQSER22MZLC5ALGRXDHRHFO5UOQ,B08DDKTDSF,1605733850212
AEMUWOSMN2G6TRUHMTTQ46XOU7JQ,B07DNJ6N8K,1543635723638
AFBKIIZEDMEBBZ6UDN66VX2K6HQA,B072MHKTYT,1554491766634
AF72V7KFLXYWYKW3HJUBOS36ET4A,B07SPDBR1J,1580855783419
AFIZBPSBJMZZLEOGTZ7YGJP26VHA,B08GCX3JCX,1603150380397
AGLYALZCZY6XZMROSOLYHRTROSKQ,B07THJZVK1,1610908455726
AF5YDFCTH5MRBZBS4736P7MRGUSA,B08DDKMTWM,1625509979136
AHHA3IZFZJ5GLYM42WEXMDBHF7EQ,B0BM2J47PC,1675486757511
AHQXE2SVVLA4RQZAREYDV6OYPN4Q,B07DNKDLYV,1534910507007
AFKRYJPSOPD7Y7BNB3VTZDDOW6RA,B09RSMMMK3,1659211110255
AELCTL4QOG3C3SH47MOZ4NJASZ2Q,B07V5VWTMB,1579139696780
AE26POMMVD3GFB2GSRY77IOASTIQ,B088XY56CH,1593855943851
AH2P5HHYQBKKDMN4QHAFDKOXOQPA,B0BPZXDL8Y,1683461393692
AEUYVWHKQGNDTJ4Q3GJZ4OLDHL2Q,B07DNM6GBC,1533061544660
AE6SZU43M3ZTUSMAUZ33WEKTC5CQ,B07KRGB574,1580044354876
AEUXQ7DAWOVPPTBGFISHVVZFAHCQ,B07SQBG2VG,1581172932274
AGS6YVONMR64O5FPZFNMYVDMRXEQ,B0BPZRPF91,1692412495487
AGS6YVONMR64O5FPZFNMYVDMRXEQ,B0BPZYJNVV,1687378600781
AFHOZVMNEJFKJ3Y36UK5GIDMCGPQ,B07DNML26P,1535059673757
AH7KBYI2BBIOEMSLFF2UG2P3JCHA,B08GD26JQX,1651566507377
AFEBDBLOO3DVKXNJM7EMXXK4DV4Q,B0933DPMJQ,1675103519857
AHFYHME3PVJRSJKHXGXVJFRBUQAA,B07X5SVBJW,1650131920879
AFNKH7B634YGFJQ73SBVC35VHVDA,B08682LT57,1609956924893
AELW6YJDBITDXA6UXZRBTEZMUJSA,B08682LT57,1643836921513
AHNKBLM6NUCK7DQU6OPN5EOKD64Q,B07VGN44WK,1590581478246
AGO6DNQB3WQJ3CUKUCBP5NYAZFMQ,B07PRK81VF,1591987539440
AFNYWYFRRXKVVM3M7FEHP7X7YA3Q,B07QD9WBGB,1614021850419
AGHW7EKY4GWCRKMQ4LQL3BGK35JQ,B09G3KTXKM,1665514448364
AHAEF6HHUDVXAQVHWKYEZ7LGU7TQ,B07HQ7T8VL,1618526633093
AFOGOWSIW4IWRRHP33XBOFLQHLWA,B0BLZTPK6Z,1686365046671
AHQOGRDOEB4AXL2FQNPWQYH6CMWQ,B09LWP8KL1,1659032214267
AHQOGRDOEB4AXL2FQNPWQYH6CMWQ,B09LWP8KL1,1659032214267
AHHFRRHOLWIK5576M7U34PEDKPCQ,B07DNM6GBC,1558157578700
AHSCMA2SJINYBT25EIHFGVAKYDQA,B07KJLV75L,1590981782367
AET3JJ3Y6JBR7KW6NRRA5AWGK5VQ,B07V5VWTMB,1610741835854
AE2TZZYPDU3GKU2YE3T2RWS6HO2A,B07PRXJMLZ,1598983242278
AE3D63LVTHEI5LR635TLA7LIGN2Q,B07KG5RPCF,1636673827756
AE4LESBV64S5XOX7DLTD4JBA6DJA,B084L6QXWS,1595519923435
AECZBDEQR2QKN4MJA6Q4BGRVD35A,B07XKF8CB3,1578534966873
AE4QLHRE7FXFLQL7ZFJDIUIZYEXQ,B086JBCVB4,1627148047029
AEODPXCRTQVROOSXGG7FRGDSSL3A,B086JBCVB4,1629376231544
AHQRWHZ3UO6X4ZUIKXT6L33VGVVA,B086JBCVB4,1603307146820
AFTBY64CULH2SWNGM7BNXUFMINYQ,B086JBCVB4,1679950792638
AFFPEKADAAKU25DYMHBSS7WR6XQA,B086JBCVB4,1649188409825
AFWI4C5GR5B5QPUZDO7N4JCYEEPA,B086JBCVB4,1658967450710
AEQN7RKEG6I3IKIAXMSYTGEXB6XQ,B086JBCVB4,1648928238002
AHQAATQQFTCH5FPRHE4FSWXKUKOQ,B086JBCVB4,1625243438772
AFP3PJAMUKKOBUIFT2KYMKZ37OMQ,B086JBCVB4,1590697290356
AHNGW7QWZWYGJLQLZ24SKXAC5CVA,B086JBCVB4,1608673974847
AGKZ7CFJEUX4DLM47QXCI2DEAZ5Q,B086JBCVB4,1589996424765
AFVDLF5ESUGXR65CTRMBLYRAMQ6A,B086JBCVB4,1646969102255
AHQNFRYDQR5YLFVEPAV77ZLZ6YQQ,B086JBCVB4,1629164491982
AFOXMV2RXNJF7FVJTDOWCKYRVSYA,B086JBCVB4,1626179407728
AFFWM4QNYGM7IYOPALPDYV6EYGQQ,B086JBCVB4,1634645193039
AESNSCZZS5DKRMC3YFHIKRZ3ZQFA,B086JBCVB4,1628959962547
AEP6VR4N2SQ7V3JB4UMJU3QYQT2Q,B086JBCVB4,1608885509633
AE2QRL5ML7XWT3KGFSTAVC5K3AZQ,B086JBCVB4,1591033348763
AEKFWMDQIE4MY4XKMEKR3754WO5Q,B07KC11QFV,1543471170378
AGFF6XYMBFZG56CFFVFKUOQ3FC2Q,B07Z3ZCJC2,1623383243759
AFPRGQO6AGTWVBMRLTC4KVWZV5RQ,B0859KKL7Q,1596567137314
AHKJFYZYPK3GRPAUDA7PMN2G5ODQ,B08BQ2KCG1,1683358196348
AGVC57WFWCTTWASKJQTNZHQOL4BA,B07DNKDLYV,1533008361889
AH36SUMBRW6I3SD4LGTCRRPIZBFA,B09RSMMMK3,1665677438716
AFE64O73CVFZ76U2REGCAZ6AXCTA,B0872GR7SR,1623248659313
AHB7BVHOGDHF6NTHZAJBEPEHRK2A,B07DNMN7X6,1538886148360
AE3UN3B5XOSAK3QTKMBREIHA7RYA,B07DNJ6N8K,1538497675027
AH6V6MAOXDP74RZNRC36256H5Z4A,B086JBB4HD,1607027831945
AHDKVGDCLFBVKTS7AMTQK4YSHLOA,B07DNLG9ZR,1544596669430
AGOROK5SIT3AXG7MJVVGH43LYZDA,B07F8Y6BH9,1603988993059
AFGWJO6ELVMKVNTP3WOODS2YFL2Q,B09Y7GM4F5,1652208900659
AH7BWAGKXLYMH6KSUXET6NQCWMEQ,B07KSZGDD1,1563218380144
AF26O3E44OCH6FWBKEVPT5PAQ3GA,B07KSZGDD1,1603738428842
AEJ4KVQ6KWF6J2YO72EWE5X4XHHQ,B07KRGB574,1596130995105
AHDFKC2AHD7T6UIL3ISYBVVHPZWA,B07KRGB574,1595354384959
AHDFKC2AHD7T6UIL3ISYBVVHPZWA,B07R99144F,1595354209449
AHNMWKJJ7PCE733ORBF45UUNVZLA,B07KC11QFV,1555640213544
AFQPMXJPNV5ZBEND4OIHGB5CZB7A,B07FQWLCT4,1536948620333
AEDNAGDKAM3EHRZFHXMOT7TKQWNQ,B086JCDHQW,1639238580651
AETXFITELENKBCJNZ7ZMUXZPNPYQ,B07VGNQD8K,1689434775277
AFSBP7B37OCHN6JFBY4NHO4DYAEA,B083JJNWNS,1663467267337
AGFM4UXB6KEXHMECHFQPY3B3PKQQ,B07KPH6D57,1577087626343
AG77RGZ7CUVL3YLLAQPITRB3Z4LA,B09R2M2691,1664984582045
AFFWVCNFLYC7RLBXDL4D425AJ32Q,B07YZPDHK3,1618839732424
AEVJ7PUBRV3KCYER5OEB76QLJZMQ,B07QHDPWTR,1562118323571
AEZKYETAFG5UQYQL7AIZBIN2IBFA,B0BSRFZRYS,1690821290184
AEZKYETAFG5UQYQL7AIZBIN2IBFA,B0BSRFZRYS,1690821290184
AH2WVGP2CUC6664EYFRXJ377CHXQ,B0933CWY6S,1640473085104
AEP75Z6LD4U4GCVQHDJCQIWYJXCA,B07S63NKNB,1581956550923
AGLFEBUSNEQABKKL5XL4HIU7NXWA,B07S63NKNB,1625983791694
AF4Q7RY7XRC5DQRDYRJ2Y734YNMA,B07S63NKNB,1587254375745
AF3N3H4V5ZEPTSLJ3BJSGNUFY33Q,B07S63NKNB,1593227653008
AH4STEFI6FZ3IDF77BKCVX26UX7Q,B07S63NKNB,1620938398780
AG5GDOVRSC4UR5YRY6XVVQKRIHWQ,B07S63NKNB,1593482455712
AEQ37VDS34QHGXLS3MGYWCKXOG4Q,B07S63NKNB,1577994628138
AHPBFZYVSKE4DDLCX5ZA42DGXTAA,B07S63NKNB,1596906290706
AHMYTLFJQONJ3OSMB46EFPB2M4BA,B07S63NKNB,1578156316829
AEJYJQDYILWM7BOSFCFS5FST5UIA,B07S63NKNB,1580076318267
AHCMBA23PKNKBJWIY32QBURQGEDA,B07S63NKNB,1578927007213
AHW5VREIWRX3BRCOI53Q27Y34FAA,B07S63NKNB,1579031117638
AE7CW2DJRC5CEMWI3VEJ2GIKVFFQ,B07S63NKNB,1589251360706
AEX4WQKKXLKBZGBA3RILEBAGUFYQ,B07S63NKNB,1596683742211
AEIKTOBYK4JETWHTSGA3ZV62WMIA,B07S63NKNB,1578018628839
AHXGOC3TPCLX4RH5RZHUMQOHPHJA,B08L3SSNL5,1656180963307
AGUVQFEGZ5CWQNJD3QEQTSMOZJXQ,B0BM2NJT6C,1677694863346
AGUVQFEGZ5CWQNJD3QEQTSMOZJXQ,B07DNM6GBC,1665687686582
AHVCZJTDMRISOWIFVBLLTDGYGUBQ,B09BDDZ29N,1636342409174
AHC6ZLQDIESNJVZJBVJLCO3VBYHQ,B07SPDBR1J,1598971169597
AFSY3XIFKCAO2MIVFHLAEH7F2O7Q,B07S63NKNB,1564553745343
AECOBEIA3XKZMKHOJHSQSAEDKVWA,B086K2ZS32,1595013444810
AEQ3WO6C6K3X3EVXOHQEBDVNCZLA,B08LDV5MBB,1642701896210
AFFOWO2YHB3ZQ6ULIYK7X5TT7YVQ,B07NVGQ2L3,1571459578424
AEIJ5PBG3LY3DFIV5SIPFBQQJT2Q,B07DVNJ5LP,1598558354017
AEUSR6HPK267STL6DXBQXZVLCDQA,B07DNLPCB9,1602257980202
AFQ4I3QJQPMMY5FPX3YLZMHS7EPA,B07T737NVN,1643751977117
AEIBPTNC2ITG7ON32FH6VO7DD4GQ,B07DNLPCB9,1575420453581
AGCVXUXJ53NRJRQOPMRPPT2NNEZA,B07DNML26P,1591470483635
AEAUPOTNKEWMXU5RWEVCWJPO3WQQ,B07KC11QFV,1543465108541
AG4IK6IGVKVEH4Q4OQSFD6PA3YDA,B07X5SVBJW,1640105982780
AFDLYKAZLVNY542PKYIFRLAEDFXA,B07KCLWKR3,1549893979603
AHRHPVMGLBMRFQVTRKTTBHMIQQQQ,B07DNLG9ZR,1565299653419
AH7GDPQGIYGQK4PIGWXKIBY5J6AQ,B086JBCVB4,1619655105806
AF6QLDGCBT7YWWNPXONSAJTFSY2Q,B09BDCTCKR,1630347259024
AH3W2RXA3OJBNSXF6FF6VUW5M5PA,B09R3L7WXL,1660002286222
AE25INFGKUQG2VMONYRL6TWHEVWQ,B08QMH1TBG,1654895654796
AH3N2VHEPAD52EE6ERVQABB55SKA,B07XGNHYC2,1610319861999
AGCHR7BY35IYLCWWQXH2IKR3O3IQ,B087GQ51ZB,1610237788195
AF7PKUP3B4VNFGMUB2OSZUJBUM6A,B08DYDKVB6,1608932921497
AFS6RV4O2HBCRCP7WVM2LTAEAZ2Q,B09SM6QNX7,1674953639051
AF43UXZGNAAR22JPVKIIRFV3TEBQ,B07T43BXRD,1594996813551
AH7MRQVFTPGGC2YK7QP7QATKO4QA,B07TBG6VKQ,1621565647023
AFNKIY6RYIIB62X3HBWSWBVVEP6Q,B07STGWT1P,1622387518080
AFCN6PKGCCLWLQ4UM7ZPPBDJEPRQ,B09DDCNVWM,1648988561079
AGTMIQIHSBSCOLJEMDQJG4LD6FRA,B07KC11QFV,1597339167699
AGH5VPPPB4FP3FHYZLEPGHGLS5IA,B096MS17VY,1681320896279
AGXVAWMUKLLVFJOYDPIZJS7FBQLQ,B07T733WLJ,1572101147956
AHGIJ4KGHO6O6UKLTDFH5OJSRODQ,B08LDV5MBB,1678755908175
AFSNORGQTL6BI2VE72GFGQH5YVFQ,B08LDV5MBB,1678817684528
AFSNORGQTL6BI2VE72GFGQH5YVFQ,B08LDV5MBB,1678817684528
AFTDYH5KYDIANFKLHASAC5XHB3IA,B08LDV5MBB,1653280097788
AEYPNP55J7VRVYECLQNEDI2EPXTA,B08LDV5MBB,1651261690536
AEI26IJMR6FFZTXZCEYCYZY2OR6A,B08LDV5MBB,1678750255539
AEOTWWRXMLT2ZUTHYXIAUWKZCEEA,B07GNX28KS,1557425741690
AEDRPFNMFU4ZZ7CTY2J6MRNLXCBA,B07FT4FMWX,1549318172573
AHNJVBBY2XFZZAOK4I6IAZM47BVA,B07DNM6GBC,1597115917171
AEHNC63S2FMFXT3Z3NZM6ER2STRQ,B094VN1N97,1687006296547
AHW4U4FH5T25KV3HUWF6KBQTON7A,B07MMT3C5J,1644333289943
AF6W6RO34MFTAA6V3I2252FSO4PA,B07S63NKNB,1576723843480
AFUMTHKEVRWZW2RRDW4W46TASASA,B08WF5R2BW,1646580592751
AHZHY3BS2URPK5G33MJLOHW7JLLA,B07W813H6V,1587145649060
AFVRKRSLYYN4VNMTQI24JSMR2DTA,B0BM577CTW,1683403365508
AFVRKRSLYYN4VNMTQI24JSMR2DTA,B0BM577CTW,1683403365508
AFM4LJAU7YPUBQ5TAV5CLUBJ2CHQ,B07SPDBR1J,1687922386411
AHU2PEUPK5PSMRYYR3C35LXPV6TQ,B092R5FPR3,1651475362732
AENYUS7LFCYU6JER7L3KSGVJ35SQ,B092R5FPR3,1643316687141
AFAQAITWWO3UXSEZAAVCUYJRTV7Q,B092R25R68,1648143074058
AE7EMLVAVCFKXQILCZ3TDQ47YEZA,B092R25R68,1644696830256
AG62ELCBFT3FLJYTJDRIHUW4Y7VQ,B092R25R68,1633961117473
AEAMZ7EGC63CBQ2CR4K33K2HHTDA,B092R5FPR3,1655835131914
AELI7ZQZY2SBE5ZXWFHUFOLER3UA,B092R5FPR3,1645719192286
AHRQAVX5EEKOKRGQ5Y22C3RX7R5Q,B07T43BXRD,1577900431324
AFHSA3YESCOVWZHGQEXOPBVRUUVQ,B075NM1M1Y,1544758381902
AHPIU75KLDAXE4RWVLND7ZLDCFPA,B091Y55Z1H,1621034478475
AG5PDEFYKKV37EMFRKE7SXM3NQKA,B07T43BXRD,1589929862305
AEZEBJCJU64VXH2UVEUAZWV6ZUDQ,B07T733WLJ,1569440690017
AEIHWAZN2QICKO2HY5KM7446YM4A,B07T43BXRD,1564421616497
AHGDXC4EZQBJLCMQV5ODPI67R7EQ,B07T43BXRD,1590097884271
AF5Q7FUYPPA5MWV2V33U65PKW7OQ,B07T733WLJ,1564438496101
AFGKPSPGMN4NO575IV7X5OJTLA7Q,B07T733WLJ,1591312997493
AGPDPN6EHDAGQ77HY22EW2KEXILA,B07T43BXRD,1564299975357
AFEUCKPTD2FMDQVKRDJRV7DIXITQ,B07T43BXRD,1625178327327
AGCZSOHEPN5JV6B66SXJFN22475Q,B08H5MHM3N,1607609885791
AGNFMSPO64NB55O7A42SMMTDELDA,B07FT4FMWX,1686502049692
AE3BO24XB42AKOMCKLTC3AJ5RW6Q,B07FT4FMWX,1580543342297
AGHQO7OKWV3H3KCPOENZ5G5AOANQ,B07FT4FMWX,1597390632343
AHXALBLOAAOJCJKUYWEEPGPN6DDQ,B07FT4FMWX,1580508972683
AGDJT4HCNKN6NNN3HIAYHGUGCXJA,B07FT4FMWX,1608930960619
AHP6YBMGNC3ZB76LJFKGQGVB65XA,B07FT4FMWX,1609970454799
AEXAF5VLRD7YNFFTRXYE3NO65UCA,B07FT4FMWX,1612728177369
AGCIK4K5VFFEITHCXT7FUHZUYZTA,B07FT4FMWX,1593537489630
AEOL2RPYAIKWKJUBV3FEQ5HNRMQQ,B07FT4FMWX,1579495929309
AGMH35NLSBTY5HN2KPWUFE7SKBVQ,B07FT4FMWX,1623053868792
AG23MNVQVP7Y4GS7T3CROYOE5IAA,B07FT4FMWX,1578615857192
AFDU5KUL7E3ET7L7KNL5B4O6JLMQ,B07FT4FMWX,1615218519487
AFJEUCKJLQ6AO7Z7HHK2M7EW76MQ,B07FT4FMWX,1579625711556
AEWMFHUUXRQKIA547KPMDFCP6R2Q,B07DNMN7X6,1538088334292
AE4ZJUQ45HCXANIZB2QKSBBUYHRA,B09R3LBZXC,1662304166685
AHTCTCHQEQAFTZDNWIVDFGONIDIA,B07FQVBVX2,1537457084741
AGI6Z3I7IZJO3JUILP4BQBP7JZKQ,B08DDHZCZQ,1620411699476
AGLHQ34KG32ALLWYB4VPZ4IB6R4Q,B0B6CPL52Y,1680864175906
AGLHQ34KG32ALLWYB4VPZ4IB6R4Q,B0BS9YXJH6,1680864126804
AGCI5CWPPZXMXPAR67MMGICRCKVQ,B07G5915QC,1691578116666
AGCI5CWPPZXMXPAR67MMGICRCKVQ,B07G5915QC,1691578116666
AGCI5CWPPZXMXPAR67MMGICRCKVQ,B07G5915QC,1691578116666
AHNBIHD6JRX3QG6CB4RAYOK4RWCA,B07S63NKNB,1568547219416
AEZP7EC72TK56KG5VLKNUGPP7U3Q,B07PRXJMLZ,1602528598765
AFRA2ZAPKWPBGNQ4VRBSPYZHDTAA,B07DNLPCB9,1534558178793
AHBJUQKIFJZMLTD43ORZAE64WX4A,B07DNJ6N8K,1568583742812
AEZ273NRCUX5WWHIEJ4LEW22I5YA,B095WFPM47,1646349219343
AFN6IDZXLZOSCNXMZA35G4UC4MNA,B07DNJ6N8K,1645587014852
AEDWSG3KSOCYRC2XPKUHVQDZRP7Q,B08MWPG77B,1647969850222
AEE5H7L6XICTBR3EJFRFBHDSPKBQ,B08GD26JQX,1603743077730
AEP4EENB66YW4VTZSDK2TCPM2YNA,B07THJZVK1,1622427934734
AEP4EENB66YW4VTZSDK2TCPM2YNA,B07J2LNG43,1622427740217
AGK3GZDID7R24LTE7XBO66GPKTBA,B07J2K9ZT8,1544982422377
AHFY7W6P25MEVPMNY7WKRUXP7DNQ,B07DNM6GBC,1554261498852
AFGGLR7UKUPE3D2QQN5HMJCJGU2Q,B09Z75N1D4,1661822294060
AF2DVY763IAQGVCRDPIV7JOD7JXQ,B0BQ13VQZS,1679510396464
AGT7775I5BL5GKSUR42ZUW4VXKAA,B08GDYSVNN,1605056903625
AENURHCIJXSJK2HOSKAVJX5FQP2A,B07DNM6GBC,1612921239618
AEEFYZRMJCSZE5DBH35LQFHRQW2A,B09SM6QNX7,1692820943042
AHAZWUUJ5HIK2F7C76HPRUHWSI2Q,B0BK9GWMMS,1666626817480
AHKM62T5LXTHYGU34VVKLHAIKHMA,B09RSMMMK3,1682548968912
AGBPCU63JUDOODNDVDSXFU5IHUWA,B07GNX34XV,1558122973751
AGJKN77KTH72FFUXGT5Z32RM7R4Q,B07KPG7RFQ,1548519675728
AEKL2AHEWTZUHN4WKFYJOXB7HWMQ,B07F8Y6BH9,1560220461111
AHUTFVCSS45YVFR27UMM2IGAOVIQ,B07V5VWTMB,1609418019992
AHOALR5JGO3T6Z6SVDM2GB5ZC2TA,B07DNML26P,1597152764708
AGLFZEBAP22ISL7SS2EH7J4XCQFA,B07DNKDLYV,1597382799495
AH75QH3W5X4EHNYQMR6XUBLHDMHQ,B08M3S6Y8Q,1643143253738
AEYHCC55OWL5RXCWIZXPD2JX5MJQ,B07PRXJMLZ,1642625672921
AEDCSK4TBSQTMF6TAVMNJPFOKKRA,B07DNML26P,1539353538392
AEPJHT4SCRE6JCYPCSX7O6PQF5ZQ,B099NGY7YP,1627764974111
AFFCZR3P4JIYNVWTRLRVJESVPCYQ,B0848BN9PJ,1611705842786
AGCIEVAZORTZ3O4C62VYPPWIIKFA,B07DNM6GBC,1533235276890
AF4DLJEVMHNNFYBNRGZA3KK74ZOA,B07DNKDLYV,1534871852224
AFNWBHFGNZUTL4LSDSLSJNWNFFLQ,B08R8Y2TP6,1621731899194
AFKMWAWZEA3U2MHZGB3XPGCJYRIA,B07X3Y7S2W,1684518069668
AHGHOPNF4EVBEAYAFXKEGOHXBGUA,B07DNM6GBC,1534892386097
AECHHN2GKGGH3RPXKTWYT2LBV42A,B083JL3TMD,1620298950547
AFWWVZDPAU4KDS4UB44Y76BQ5R5Q,B07KJLV75L,1561055254399
AE6V7TQ4ZRWULYN6XLAC36N7YWBQ,B07KJLV75L,1562113368765
AEVZ33NJXFGXHHWJJ6PLZBXZXWEA,B07KJLV75L,1562360426996
AFTP77QB5AMY3GCEWDHN6F6JM5LQ,B07KJLV75L,1578174794948
AFNDHRESZE2VYVHBJEAP6OZ2MRDQ,B07KJLV75L,1582583616328
AEPSNUMPK2M2DP4CZANM5COEE65A,B07KJLV75L,1561055437659
AG53D3VL5SR7XUIAFCPW2TEVA7QA,B07KJLV75L,1605473403714
AHBJNIXU45MYTDXJ24HNEHUWDUHA,B07KJLV75L,1576531550343
AH3ED7PYOU46L6CRYJV2SHQVXYMA,B07KJLV75L,1606615046276
AGCUBG655WBFA4JORCOIYVB4CT6Q,B07KJLV75L,1575371907275
AET6STBLOXL3WE25UYJPL6ZJYQBQ,B07KJLV75L,1617397318879
AFGSCQBWKSHGHGRRSQIGZYNJNOAQ,B07KJLV75L,1618964575533
AGNB2CYTPA4WLT663PKCREJSKKBQ,B07KJLV75L,1562614660388
AHEEZHJSJTDK6CFLZLCOPFIZFMKA,B07KJLV75L,1561067228500
AFLZRQMONMCGG3GYBF3O5AABS4HQ,B07KJLV75L,1605827857983
AFAKYV6YTRRG64DJH2DA67R6NSKQ,B07WC2239F,1603576312527
AH4H7NZLRVEBCKNV3YUVMS7AEQ6A,B07WC2239F,1599935122442
AGYT4LWPTHMWNAMGDFIP3AMCCW2A,B07WC2239F,1676574888860
AGITAWTQNLZDWBOOS4WSZWKEDYRQ,B0854D8FKL,1692129295360
AGWSOJMKABKMVJDQO5BEHA57YFPQ,B08VRSYJGQ,1643733686458
AGWSOJMKABKMVJDQO5BEHA57YFPQ,B08VRSYJGQ,1643733686458
AGWSOJMKABKMVJDQO5BEHA57YFPQ,B08VRSYJGQ,1643733686458
AH3UEP6H7QVXSHQEJX7WLK7QDNFQ,B07DNLPCB9,1542273572993
AEGH3BZDBXNZ6OTNQGZUH5IZINJA,B07L3K8S42,1560623440052
AFU4OQ4TLVSMEMI4L6I2NS3Q3L5Q,B07L3K8S42,1551484303655
AFU4OQ4TLVSMEMI4L6I2NS3Q3L5Q,B07DX3D8W3,1532450182687
AHXPZBFZTKBPYXHSIEYFN4QU5UTQ,B07L3W2MDL,1602173340454
AGUHW34DIIRKHBSBXBZBAEQT3MZQ,B07VYTBJKP,1622855932620
AE5EQABRCJMOKENSQSDX3KEE6EIQ,B08GDKDMDT,1605379943296
AEU5P7TOIXOP6CNSAWGCBMPVDIBQ,B07DVM8MM5,1536631653322
AF3EGFTPTLKBZ5GU3IJQ5I5LSU5Q,B07XKF8CB3,1623380606818
AHVM5QNTL7TGOZXY3EZBXDE3JYNA,B08N6X9183,1647722021603
AHCRYLSZR4SVSBDQ4HQM2J6JO7RA,B07DNM6GBC,1555246551291
AFQRSEQAV6KVVWVK2GMYGORU4QWQ,B07GNWWTRV,1541111487725
AELUL6ZF3MRR7R732C724H4RGSEA,B07DNM6GBC,1534246950937
AEJH655OVMQODYJ66FLNE35JGPUQ,B07HP75X12,1564963571217
AGYOVQJALTRTP5V3IO5O62DOAQQA,B07R718LML,1557329306272
AG3YRPGOJM3WB4DNGN524Q7TERNA,B07DNLPCB9,1538169966270
AEPLQH655HPALK336E3LMVVGQVZA,B07DNM6GBC,1555805654010
AGOIKFPBEXPIG3O7KQPYMGFC5B5A,B08MW56SPG,1646504462303
AFTMXFQ3N26YT75IYRKQRYEGVRZA,B09R2PCK8N,1664908931485
AHT6RVNL4FICGBEP5P4V6TMZ3VIA,B07DNMN7X6,1534818261352
AEAGDMT3KNJEG5HEXEU4QDXU2CYA,B08DL6Z83S,1609352815592
AFX26YATX5YPVRRJYSXSSLJDE7CA,B07X3Y7S2W,1600964565854
AEFTTOTSQVXUVHTTL3ABSIDDMHMA,B07DNML26P,1623524835480
AHOZGTX5G4DETN3YJFKKRDPNFPEQ,B07VYTBJKP,1580335353654
AGUD3DFJAMZBSLS6KX3X2H7DJPIA,B07XKF8CB3,1642663030629
AHU4SDX6XLKDOHS2BX3BO26UA6JQ,B07TBGM8WB,1596382578432
AFFMGIPD4LXTWGBDNIWYARX7HNBQ,B09R2M2691,1664636619074
AEBV4ZBU4KGLLV2SVVMWEAFL6AYA,B07KSZGDD1,1692121518650
AG7OQOKL5UDK5UW2HOURPFWRSVHA,B08H5MHM3N,1640193084822
AEZTHR6CLZEANJEKFCWMUNG7CWPQ,B084ZT9NDT,1595403544233
AGWMTLJIP7L7B3I36OCW47VBAESQ,B08H5MHM3N,1617659734160
AFDLY2XQW4Z6XSMD3Y6YKM7RS4TA,B07Y1WMH7G,1667090456639
AFVQ7FGBSVHNHTIWJZ2FV7QCA6JQ,B0BPZXDL8Y,1682045871979
AHXHCH6MAWOHZOLNQLEKQ3R7Z5HA,B07WV628P8,1600809038874
AHV3MMFI66UFVBSZVTE34STFQN4A,B07DNLG9ZR,1533188252006
AE4YJI3AVACOEBA7HINCMNYQT7MQ,B08PKWR7V5,1612480423083
AHXOMTPQMRZLO6TYBUZZ5F677EVQ,B08GCX3JCX,1609956760283
AHJCNFZ42DLMK7LDJPNLAZNEVARA,B08GDKDMDT,1610831755149
AG5W6HKQAHIY5GENDHOGZ2LCGVOQ,B07DNLG9ZR,1541547198690
AF2UOTUMWWIQXAQ4O3HKWFBIRZKA,B08DDJ1QRS,1600971989039
AERB67DMLDBWTMAW2OYT5UBJXECA,B07MQ5GZ24,1575246985055
AEIDEZHVXUN2ONRBFQOOOM2HD5LA,B086JBB4HD,1608828121238
AGHSNLP5YXCCMHXZNX26YI4FP3XQ,B07GNWWTRV,1541734823452
AGJZWKWQJW7RIJYLPLUWGJKI6OLQ,B082VJXRBP,1609036669083
AH3YBY2EG77ADYCL6YZF42FFXSKQ,B07DNM6GBC,1535552270656
AFKMTIS5DMWVYEL5HXVIXQLIGI3Q,B07DNLG9ZR,1544813243011
AFLJ4K2O5WE7JTXUWA3NUI2GV7AQ,B07VGN44WK,1574085545659
AGEBMIS7PUL4FG2BILSTEEPXRAEQ,B08SHQ43N1,1638902741215
AFOJLHKIWKI7GMELB4LDT2DQAYUA,B07SPDBR1J,1619743709788
AFFLM5G7F6UQGZ7GI5CV2VAYJOAQ,B089KVB2XC,1603582459096
AE2274P4YMF2FUKG2BW5MJ43BHYA,B09B2NN3DR,1652849018692
AF6PWVAFJSOKWQUJPL3AP6T7ETRA,B07DNML26P,1538097381760
AHC4CGX4N75RKUCZDWFPPOSO7RCQ,B07MZFYSHZ,1580650095975
AGVHKNVVTUE6FTFZGOEXG5MWA3PQ,B07N6KSLB7,1612263688971
AGQTGP35IQST3OGRYDFU6BWDO5KQ,B07N4TC26M,1566324636711
AHGKOJEDUEK6MTTAFHULP4UPL44A,B07GNWWTRV,1541467150180
AFQIVCAGHJ4CKUPK2QK2BRNXXOLA,B07DNM6GBC,1539220929412
AHQPTJ4P23GZKWDQGTULQZDHIJMQ,B07DVNJ5LP,1583108949237
AFIGKYYJQJ7I6SRSXPS4CEZ7JX4A,B07DVNJ5LP,1600945285622
AH3VQ76XZ26HE5IJPMYISB5UMWRA,B07DVNJ5LP,1647814219814
AH66LJFXLA7GY4KL2QSJBON6HQXQ,B07DVM8MM5,1576853333343
AF7SC24RKWDJFSBPOMFBXOAAN2AQ,B09SM6QNX7,1686368256144
AGO4HTZYZPKQJASWNRT57ZWOW5EQ,B084JGDV6P,1691336042812
AFSCIVJEPBT76YTRWZUJNRFRISCA,B07DVXFP2N,1546388954433
AF3AX2JW5SJL7FDDAOGWTGFBEUDQ,B07DNMN7X6,1539982628275
AFCFZ4EO2PHCS7COLXGGQJLYSQSQ,B07QC7BQ12,1560008437708
AFJ2BFYXULDRXGS7M557SGVYN3TQ,B08KWK6N6H,1627356743767
AELFIDVUR3AWGSGNNOWY5NM26WXA,B0B3XYY29S,1658999361299
AGMSVJ5JVIHMQZ5KPYMJF4M6RM2Q,B07WV628P8,1581219543604
AGRPDJLZAKYQPLUDAC4WQQHLI42A,B08FTJ7W9Q,1605547055594
AEJFC7T6SJVNJTMEWSQQSJ6XCB6Q,B07GNX34XV,1557547477211
AH7RPWKOZXBHHUITZGAQQ4WZRZZA,B089NC5XM1,1654414409487
AEJN5TOZZTR6E4ZLHEGS2Y2ZLLRA,B082VKH841,1598376427280
AHKBY2INSLXRMATNLIJZFTQDDNLA,B07DNMN7X6,1542045396408
AEWXCO5TPE524JRFEDSVOVHEIKCQ,B0B3F1NJLQ,1657198738395
AEGRSM4D6BI4EWZYFAVN6K254BMA,B07DNLPCB9,1535682599623
AHGCA7CAMPC6HEMDWDGDG5EZZJXQ,B081B5DVG3,1597416156379
AGSOL5JIJ64CLJQJ2OAPXT7BNMYA,B07DNLPCB9,1641411199043
AGXJDYQPC3U5JHEI7ZHQIKGUVJUQ,B07DNM6GBC,1662562384752
AHIVME2GI7ZWHYZ5OMRLQGMYH4IA,B07X5SVBJW,1666682031593
AHIVME2GI7ZWHYZ5OMRLQGMYH4IA,B07DNLG9ZR,1654637945844
AEDHJY24WJ4JYJYANYYXLY3DJCEA,B07DNKDLYV,1654534339996
AELFFVDRBIOIG5JMGUF6W2X4OYEA,B07DNJ6N8K,1659470401433
AFJ3O24KNL34OGJM4LJAKC65EOZA,B07DNLG9ZR,1631604740239
AFVOIKS6EAJ4IEL64QJF4ZCKQCIA,B07DNM6GBC,1660585507482
AEFHT6RNNVBMCT4HO26F6PIEIBRQ,B07DNM6GBC,1649531093952
AGFTDQYM6YQV3BHQECLICWCOUDCQ,B07DNM6GBC,1646145633709
AGJOUXOYPW4JK5Z7Y2URMNSNAY3Q,B07DNM6GBC,1645004357640
AGOCY5TI6GHJ2HATHCOK6D74L7MQ,B07DNJ6N8K,1655081397249
AFVGTRXRJRQRFK2FMNIVT6Q4FNZQ,B07DNM6GBC,1666663622379
AHOXJLHIPUOZY2DKVLOGQCGGUZHA,B09LWP4TWW,1657182437311
AHOXJLHIPUOZY2DKVLOGQCGGUZHA,B08WF8VMC4,1646534488513
AHOXJLHIPUOZY2DKVLOGQCGGUZHA,B07DNLPCB9,1633645993166
AE7IHMYFRFIGCIEE5KSAM3DHQMVQ,B07DNJ6N8K,1680623729040
AEUELPDBFIODNA3N4MATNNF6O4PQ,B07DNM6GBC,1636165351539
AHYNQNGYSQ7KGAAJ4VATGGXGHDLQ,B07DNM6GBC,1631313143729
AFTIFVW233H5UINZIXE5QYKKAVSA,B07DNJ6N8K,1650738926372
AH7HW7WKZ6KXZ6OZ3RVLVJ3K4P4A,B07DNJ6N8K,1650142363276
AHVH3NQQ4PQYML5QTI73D3ELIYWQ,B07DNML26P,1672187919065
AEI3KMWNREPM367HNMVZOLGD7YIQ,B07DNML26P,1666125274600
AFHJJ6TI25LWEFDEVPJ2CBHPHBKQ,B07DNLPCB9,1685320700124
AFHJJ6TI25LWEFDEVPJ2CBHPHBKQ,B0BM2Q2X53,1685292277426
AFXNDC75UOJKBLW4UII7NG6J666A,B07DNM6GBC,1648932195520
AHVJAHLARGBUEJC3YD5A5U7FJY5Q,B07DNKDLYV,1644522649553
AFJ3ZCMFQWGQNWOQVRJVIKE7VT4A,B07DNM6GBC,1687224464548
AEW33OR3OQO6XOM2TRNZEZ3BULBA,B07GNX34XV,1546964157333
AEEQKAEY5PJ5FWR7XFWMD4ULOZNA,B07N7BG8MX,1571151064455
AFJA2MTQEAS6NR4ESGFKNBNAZPZQ,B07N7BG8MX,1555685062441
AH3QZJQ4JP7NAREIQFGIXOYMHXMQ,B07DNMN7X6,1538057861022
AFFJ5OOFRO6G4I4CBAVX3YWJF6GA,B081TBW1FB,1671153425116
AFMX6SIYHX4IXXKTXJJ3MS76OWHQ,B07DNKDLYV,1544546531605
AGE3YVKZYZKB4YDRPJJ5FKA36D3A,B07HFKL5DZ,1593275575410
AHALYQP6BNHK7JOJKE6RVYDKDIBA,B0815VLVVX,1690485060922
AE6ZHRJE5LZRHR6MHEKQYQD3DIQQ,B07MQ5GZ24,1549691019949
AG24RKP77VJ7NN5D5LCJEPWXW52Q,B07DNLG9ZR,1534855595060
AEBEQ4LVXNUNUHSY2SEWT62CW4DA,B08D6WQ1Z7,1606693949708
AF6GVIT66HU7CPCIP7PCWQEED4NA,B0BCM7L57L,1692988240162
AGUBBZVXJUJOHVJNM7GPQITGCPPA,B09R2M2SDN,1662467003885
AGK43I2AHRUXGIGLOX6GIL6XSZAQ,B07WV628P8,1581563466627
AG44FCA3ULWK7CAJCARNDHHYFM4A,B08N6Y69K9,1619032786687
AHWXI4FIRLKNBXDKYLM2XGRHOBZA,B07GNWWTRV,1567955408828
AFBV25SUUHQGSIPGZNLDWNP4C72A,B07DNKDLYV,1554959026761
AFBV25SUUHQGSIPGZNLDWNP4C72A,B07DNKDLYV,1554959026761
AHSCRAI5GTIW2TBTUFH4FRK6PRXQ,B081W8SGPY,1606605251717
AEIBUPPE2X45GL3A27WWNMWFWYYQ,B07TC8GD11,1690924392916
AFNBKLJIL5Y3PXNABEV7VVDHOBTQ,B07DNML26P,1538678261556
AFMRLHCXLAFH2XVM5GVI64HQJEHA,B07DNJ6N8K,1536955898258
AGWBFHYRHHU3HBJC3DPXKXXWJBTQ,B09K76RBFH,1657667427157
AEZFNIDYXUFJHJQSTRVHRF3MJAIQ,B0CBCVHKG7,1693437206732
AFP67NEGRYHSYQOH6HYLVPLFAWMQ,B08VRFNFBM,1645652824135
AE4RXXZLQHOBJS2ERXBR4SF4FKYA,B07DNM6GBC,1541466229891
AEHKP26OXHH7UA6TBCU7GT7U2AGA,B07TWRWCRT,1613505036282
AEDRMEHCL6LABCEDNWTR7WLJZUSA,B07DVM8MM5,1560024693893
AH2AICZQ52ECJSJS654FXBCNQ2CA,B07KG71FKH,1641329380823
AFVIXKEURSFCYOQ426LHAWMOKRTQ,B07QD9WBGB,1602677834804
AELYJX7ECCP33B6NIYLUUQZQ4EGQ,B07QD9WBGB,1624322553032
AESB2FQWNAHHCSGM2EAPWW33IUSQ,B07QD9WBGB,1594956895069
AEXL4WOWAF55DVM6H74HAL6CR2YA,B07QD9WBGB,1565731866942
AFDFNW5IHPLHE43UI42TMVL6X7HQ,B08PVWK8FN,1618858555795
AGBLR4TKPZQ2QBFCTUTDRC6QIJDA,B096MS17VY,1656881412358
AGRLXFTXF3MJ6CXU73LD3MVBOIDA,B07GNX28KS,1557316909457
AE7NDA5PE7TKZLFRAN7U3DEBD6WQ,B09SM3GLSN,1686786745050
AG65E6LTUTKIEUXUC2CCGMPPQX7A,B08H5MHM3N,1616527897132
AETH3ZHHUEL5G2NW3LYAUXDJG4DQ,B098BH8PVS,1635368442912
AF3AXBSPSJVXHMO6VGSASAAY6RSA,B07KC11QFV,1618708337629
AFWAJUTQFUS7N3EAGWL5H3CTMK5Q,B07DNML26P,1532990453416
AFWAJUTQFUS7N3EAGWL5H3CTMK5Q,B07DNML26P,1532990453416
AFWAJUTQFUS7N3EAGWL5H3CTMK5Q,B07DNML26P,1532990453416
AFWAJUTQFUS7N3EAGWL5H3CTMK5Q,B07DNML26P,1532990453416
AHR2KHJLCTX67ES4OLHI7WIVAEIA,B08R5DPYK2,1619822995064
AEFMY3CII3KBLJCIFJDB5TG3IYIA,B07GNX28KS,1557456972742
AHMJJHXLRNAWK7V4Y4FQ34XZXP3Q,B07HQJPGL2,1543346712264
AHESB2EKVKR6QXHHV74CY75S7FBQ,B08Z48VW38,1623441719158
AH56JXBJWNAFGQZR5H4MMRKDTF7A,B08Z4C1W8G,1625325512980
AH56JXBJWNAFGQZR5H4MMRKDTF7A,B08Z4C1W8G,1625325512980
AH56JXBJWNAFGQZR5H4MMRKDTF7A,B08Z4C1W8G,1625325512980
AHV4YPCAUTPZUYRPQCVMJYSZSAQA,B08DDHZCZQ,1602554395062
AEF3XKKRAAAWUMDIM2JP7IOLQXNQ,B07GNWWTRV,1573154391446
AF2FG6DA4BIWGURQNWOWNZMEJYFA,B07GNX28KS,1567906436024
AGLQLRSITS7F5PJ2AGOAOEGGBK3Q,B07GNX28KS,1578371206817
AH42UZWJXK5K5ECYWRYG7D7YD5WA,B07GNX2VPX,1573179367528
AFOO27YEJHE2U7YG7CVRRSYYHR2Q,B07GNX2VPX,1567281298931
AFVJJLCV4TINXDFVXRFYCYPY3ZZA,B07GNV45VX,1578790450460
AFVJJLCV4TINXDFVXRFYCYPY3ZZA,B07DNMN7X6,1554835918454
AEBBQJ7FJW2YRD2AED4WOKZQMMHA,B07GNWWTRV,1568238106074
AHYYAD7QOXCRHTSKPBNOJWAWUGHQ,B07GNX34XV,1567204972200
AHDIYUKRFVXT6AJSG4HPKSUPKZVA,B07GNWWTRV,1578416656192
AHXU4VLRSOQSRV5YRK3EZP35STHQ,B07GNX28KS,1573425197825
AGU5VSW62MMLXITFVF4KQZV4Z4JA,B0BM2J47PC,1675978553629
AGU5VSW62MMLXITFVF4KQZV4Z4JA,B09R3LBZXC,1665449298456
AGU5VSW62MMLXITFVF4KQZV4Z4JA,B09R3L7WXL,1661562916591
AGPWGJKVXNF3JNRR7TOBBBKTDC5Q,B07DNM6GBC,1596934612740
AGPV52WJW6MPGXAET6WYPM7TZKFA,B08DDN95VQ,1624246753256
AEH5CUJ74ZUE5H6P3XOTYN7CYYTQ,B07DNML26P,1544572601703
AEKLRN3WGECHAUP6TZMRI42WFZ7Q,B07YZPDHK3,1636461507075
AFU2TEID6ZG6K6UTM7H4LKLBTNWQ,B07R99144F,1607176326209
AFSRCXJ3YJV6RFCH2EMHFWEAKJBA,B07THJZVK1,1663941916731
AHBBPC54DSMBEEFXFJG2KWIMOAHA,B07HFKL5DZ,1606231196154
AFJAANN7TV4OFIWYPPCMWSD476QA,B07GNWX112,1541743360725
AEORC5LPITUOFH4ZDQN7473X3Q7A,B07T5JT9D4,1564630791769
AE4TRS7SGVKT7O523B5G63PLOU5A,B07XKF8CB3,1619401612192
AENHEGISH3HDCTGPQNLOWMAAGBEQ,B095WFPM47,1626884702395
AHH2TLKGEYIYXMT3IEINHG74TGGA,B0848BN9PJ,1600278448903
AGIP4EBTLREH466UZSIIH4L4VX5A,B0933CF1DM,1692075762106
AELMQDM22XFGAHOUQDWZFOV52RYA,B07X5SVBJW,1597035840951
AH53JPWTUSNHOLBFVOHNNFE4FS7A,B07V5VWTMB,1578687288300
AF4N2XJB4LJS2ZBS6CP4KTCPH27A,B07WV628P8,1581163247519
AF4R7R6FC3YTAHDDR3MWWSLKRNNQ,B07DNM6GBC,1538878225355
AG3IKZ53Y4TMNJZ3ZN3DP54EPPSQ,B07DNM6GBC,1538703607478
AFEYZNAX2SPINRCWMOG3QH62L5LA,B095WFPM47,1659464183938
AHPDZBO7NHO2XA5W3Q4OPWP24EYA,B095WFPM47,1645391460962
AGPDENSPVTNANGK33B5ZEWLJFKLA,B095WFPM47,1641262590420
AHLMAUKXCNC5T3GYZHVBLFXLDAEQ,B095WFPM47,1646593382650
AHCF5KJRHJARC2NVULJIG4TPCQGQ,B095WFPM47,1678997152178
AFND34H4YNSP4BSIDWWLNX6U4CVA,B095WFPM47,1640111949745
AHBGH4LEFHBII75BDQH3LMG4GE7Q,B095WFPM47,1645793864619
AHR5KRXBLANDCRX4ZOX42OK4LDLQ,B095WFPM47,1669216549169
AFJGVGZQ2SP4AWMBI5RLDRPAMWMQ,B095WFPM47,1640815615874
AFJGVGZQ2SP4AWMBI5RLDRPAMWMQ,B095WFPM47,1640815615874
AFUNRAOMPTFYK5VPISQO7VTGCIKA,B095WFPM47,1662604329132
AGQDRB6435HT46WD5B7EGSERR2RQ,B07NF12XPB,1580045782618
AGPZAVZ2OVIJUF6ONDHOHG5Q5IZQ,B07R99144F,1568561277521
AH4XX53THS3R6OMFO6BT7PURLFHQ,B07R99144F,1606268689501
AHQH5QIQQQGSPX4E2OE36ISEGBXQ,B07R99144F,1576941827558
AE5VM3VW6DKDH74OGUU5SAUGT2PQ,B07DNMN7X6,1559432297184
AHWQIYSODEQIFNALSNV4EAYHW7RQ,B07DNM6GBC,1534749902439
AHAED3WLBPHUTPL3HQDZJJKSUOHA,B09DP95H4C,1669746424679
AEPG5LEANGMJFFX6JECSEDJRCSPA,B07DNKDLYV,1534821580429
AEQAU2NZP7PEM4ZOSB3CGWRLTYEA,B07DNM6GBC,1539187346886
AF7XHJ6PY2XT4WOM2GNMNKOVIQHA,B07DNKDLYV,1534853467567
AHCFQRU42CVHRHQKW4Z72NV6JT3Q,B08MWPG77B,1611076773161
AGTFAZZRF4IVVGE3MJOPYAERQADA,B07DNMN7X6,1532895239660
AFM7NGIKU3BYOIHSUV4PXH75AWMA,B08GDKDMDT,1609260165185
AHBZ4U2YMM6R3BDV47N2GRG6E7EA,B08MWPG77B,1673732799812
AG7NCRLCU7UGDD3WTRTULZDTJPSQ,B07DNML26P,1560017985440
AH7S3KOAD5D7TM42B6NJYCTGRF5Q,B07HP75X12,1567717909263
AF2RIYOZ35HJ7YJPOFD2MMM5QOFQ,B07HP75X12,1589702620299
AEVUZWBHJVXAKGMSASTSBGL4HH4A,B07HP75X12,1618601651650
AEJJMVT3HDYF3UXHON5YG7BDH76A,B07HP75X12,1540068946306
AGDZU4LDG2VQAGNARD54Y3IUWLAA,B07HP75X12,1593114415218
AGEPOOH7VV5SOZG4GPPYNQ7MBMUQ,B07HP75X12,1547750323010
AGU7GTRYHEE5ES4ZMTLLEAVNVIXA,B07HP75X12,1541127566564
AG5XBPBL5Q2SJOBA3SZT6LMV7GCQ,B07HP75X12,1566828052118
AF63WMXNIFL7BQY2ZFWWC2IKCMCQ,B08R8Y2TP6,1652166488810
AEWUZTIQ6SAILQR7UAZP6YCNSXNQ,B07KC11QFV,1594993057207
AFZNKRV2MZTKXHZC54LFV6SDBJMQ,B07FQWLCT4,1535984661954
AE6Y2BAWENTXCEPJPXTQAF4FRNJA,B075NM1M1Y,1559862599476
AEDWWIWJXVZYL6DW3ZJ47UREICXA,B075NM1M1Y,1567098711813
AFZOVWOTACMZEWLZSOIHQYIYR57A,B07QYNFHVH,1561127262371
AGYD7NKMNRRFLIUCSVFMOZYGICPA,B075NM1M1Y,1567562033091
AHEWAYAT5OPQAQQOWWKSBN2ZTHSA,B075NM1M1Y,1569278111921
AFORFGYRLDBXZXPOAJX6YH7WGDQA,B075NM1M1Y,1559841287040
AEOVDPAFUSVO2WGVLKZYW56WUJIA,B075NM1M1Y,1572044612341
AEWVZ7QY3EC6OLFXSSBR7OGA5A5Q,B075NM1M1Y,1560285845079
AFHEOLYDDSKVUPVC4HWLPGG5X7RQ,B075NM1M1Y,1578594289473
AG7UT2IJMN7NYPSFLP7Y25W6XNIQ,B075NM1M1Y,1606207553688
AEYRCZW4QSXJPE5PDVLDK7GB2DVA,B075NM1M1Y,1647890798349
AHYLYM7EVPDNDHPJ75LTRFYUDJFA,B075NM1M1Y,1581439015807
AHDQHF6G7LSYNZ2J5I6XSL2T7UDA,B07QYNFHVH,1602710404807
AG5EVTDSXQLQJCD65LZ5I5M5YF4Q,B075NM1M1Y,1610560297744
AERO7LX55B43FAXUORK6AHNPDAFA,B084L6QXWS,1588100538888
AERO7LX55B43FAXUORK6AHNPDAFA,B075NM1M1Y,1587865075373
AEPZARJ3JIMWSGKYTBBP4OTSOBTQ,B08DDJ1QRS,1610739365155
AHPSYAVIIZBQFVPFNTZTGVFLLY7A,B08DDKTDSF,1611167716800
AGHD5DEDGA4C5HKNVAKJN3LW3HXQ,B08DF5KX4M,1626659371689
AEEDAHDZXYKUSCEQSF75WB3A4V4Q,B08D6WQ1Z7,1609973214090
AHHL5DKUDVHAXK7CPSZ3UZ2JWZ6A,B08DF5KX4M,1677287878255
AF2H5IBFQWADWRVPJP7UVXOJJFUA,B08DDN95VQ,1611543981630
AGFGWK544SQGCTU4QMJWT5LK5GZQ,B0B4BJYG11,1667576693500
AFJL4NAU6GTJYE2YRQJ7IQDNRCWQ,B0B4BKX2ZV,1677896440286
AHTL5GCVP5AALQ53FKU2WNMNMXJQ,B0B4BJYG11,1665446683649
AEI3ERA22SURRSSOX3FUQ2VSQ4QA,B0B4BL1R1F,1689829125316
AEAUDYBWIKJ3BYV644PJ6LDAAACQ,B0B4BJYG11,1691850524847
AE6E62GCNL6MNIKDMGY7BSW6YC7A,B0B4BJYG11,1675897602490
AHRFA7VD6IPR6VJLUKGN5RWWZB2Q,B09LWP8KL1,1672682439638
AHRFA7VD6IPR6VJLUKGN5RWWZB2Q,B09R3L7WXL,1672682389127
AHRFA7VD6IPR6VJLUKGN5RWWZB2Q,B09R3LBZXC,1672682356245
AHKL6VHBSFM7NEBU656PSVTOAT4A,B07KFM1ZL8,1607364087723
AESOCNXA5BSNT3FW4LQO5OTELSWA,B08N6X9183,1616779114742
AG6WN63UFAFEVIILZIUTK76W6V7A,B0BPZXDL8Y,1682432500690
AEETQYTCKHJ6IPKG57HJ7EK6G7HQ,B0BLZTPK6Z,1678641166186
AEUQW7WKZNYDCIKTM5PH3COB347A,B07DNKDLYV,1554834556998
AF4GN6LBQR6UC22VTDBAKQB7JEMA,B07DNLG9ZR,1554459112272
AEWDOWGGK3I5AQFFI5VJHOC2WWOA,B098KGN8FD,1659638505471
AFY4AAGTDRNKJA5UO233MMPJ7CJA,B08M639361,1611733741671
AFFBBV5LIH7RDOMWZ2K2ZX7BCZ3A,B07XGNHYC2,1622404393250
AHDUHSL6N4WWD3GGCB22TCO5DXIA,B07XGNHYC2,1668463527896
AECW244CJRRLJTWBLWERYOYCQYEA,B07XKF8CB3,1620965625903
AGRFCJ6QL3CMR7IA5EDQ6AEN5ZBQ,B07XGNHYC2,1626013718668
AHIYHUYIA6K55PFX7LRU3JHIB6TQ,B07XKF8CB3,1630539510095
AGGJEIFRAYJOYQJEYKR2LSC6232A,B07XGNHYC2,1619868862640
AFR6SGF2ZTDQ6ZCRRHEDUK2MNDCA,B07XGNHYC2,1665471236482
AFQ7C56QAPIVSG5YDVD636YZZ4RQ,B07XGNHYC2,1635425606142
AEHASR7QLMKVBNW3DHESABTHD75A,B07XGNHYC2,1619386152510
AGD2R2M56VRDYAOJDWZ56LG3O5DQ,B07SPDBR1J,1611775903893
AGGKTZORTPSBN3LDOCKXXVE62VBA,B09DP95H4C,1671805896274
AG4XBYVQK5HI334EWMS3HLXDFFEA,B07XGNHYC2,1608874352187
AFLMOUGESP4T3MGQNNMESHMSXVRA,B07DNLG9ZR,1554207861124
AHH2MSKU2434Y4FY3CNWYOGBDPXA,B07DNML26P,1628308998419
AEJAADTNYLK26WKASJSOJQEMWP7A,B09Z1BJJ5W,1652383627440
AEMSMWUL7EEUOAGD3YWJB3ZVBP6A,B089KVB2XC,1599929360259
AG3NZIQMR27CCUZZMN6NO5UHXNFA,B089KVB2XC,1602379117150
AHS5O7IZHVATZHFTXOO626XORK5A,B07DNM6GBC,1538158019052
AEHTC2KSSIGS2ICVF4WIEQHOZLKQ,B07DNKDLYV,1555092790670
AHQPZ2VUR5IWQBDXGQ6UI242FEPA,B07WT5CCKH,1574129967343
AHQPZ2VUR5IWQBDXGQ6UI242FEPA,B07WT5CCKH,1574129967343
AHQPZ2VUR5IWQBDXGQ6UI242FEPA,B07WT5CCKH,1574129967343
AF2Y4AXT5X6EAMKC6TCRMCX52KLQ,B07SQBKMPT,1596773230281
AGQKTN2EKOR7L5EZZJDG5NBV3LTA,B07KC11QFV,1660357676653
AHNVL3ZAEAL6GUD6U3D2PY22JW7Q,B07KC11QFV,1551740089840
AF3JPDVT3BI4M2TH5W7JAP3CKTEA,B07KC11QFV,1594660051929
AEQLTEXJIQOR4LSRMOM6HBOVKWQA,B07KC11QFV,1543468105739
AEURXSUMVOTYA2SM2T5K64MQIBWA,B07KC11QFV,1634501188125
AHMCJ7L3SOFCI24LPFJDODS3WZRQ,B07KC11QFV,1558025864679
AH3KOR62GRGQSON2DP4EH3JGZ7YA,B07KC11QFV,1555452672904
AFVBRO5UVQELR6C6JNQCKGCZPLJA,B07KC11QFV,1590527940549
AGUSNBYGN675XU3FV42VB5TF453Q,B07KC11QFV,1559160536929
AF3NSLRNY673YZU5ZU3A2UC7UPBQ,B07KC11QFV,1558051085232
AHGD6FE4DJ3IBGVRVVQMTAZVFHLA,B07KC11QFV,1608405269353
AG54FRDOIBEEN6NTEB7BR63D57TQ,B07KC11QFV,1558058820628
AEBH6EFDQCYHVNSJWQTJKJJ6EULA,B07KC11QFV,1568741333654
AFZBWF73PVHDGSV7AIBXAUHVC7SA,B07KC11QFV,1656005267905
AECBLQWLTUGIF5GCNWU77VUDVBTQ,B07FQWLCT4,1547416272607
AHJLH2SKXOM4I42I6DGOEI3F2WQA,B07M8NTKKD,1691375354783
AEHO5KF4Q677VAPZDJNJT7IYUUMA,B07XTHS9CJ,1581706908810
AELXFFYJZIJUBLQSBMMYB73B6JRQ,B07THJZVK1,1576412532039
AHFBAHLN7IHJR2XAYZ3G7WDH24KQ,B086JBNB84,1604546161792
AFYF6KHQKIKJZ5KMEYVAD7PSMMYQ,B07WT5CCKH,1594688356649
AGRY5FEASZMNMQ4JXNQ6ZFKBZLUA,B07WT5CCKH,1652752476767
AEVXYULYYKVU6TXPQYVIS3Y7T5DA,B07DNML26P,1596756763544
AGTMKQNOKNXEUUEPBP7QRKBKLDVQ,B0BM23TXKZ,1692845805396
AGQEZEY4Y2GX4MGZEVYAFFHEZVRQ,B08CZZ54C1,1598554201062
AHJJLF67V43FLYF4OGLWS43Q3PEQ,B07KPHM3S3,1550775561294
AE6PUXJCJWEG7BLLXA5ICIU2FVFQ,B07GNWWTRV,1552764776662
AGWQ7HF3DEQQQNACVFX2YB4RFESQ,B07V5VWTMB,1607666208047
AHXSEXJLTKPAU6MS3OHTUZ2VFNZA,B07SPDBR1J,1567017335904
AGTCX2HZLVFY76YDUJF4GOQVUZ2A,B07DNML26P,1533064972404
AHLYPIGESEFNMHQTN35E2GYKZ7EA,B095WFPM47,1627612528408
AEDITHHIU4IFQ4BLNTDKXOFKEYJA,B07QHBNX4H,1559103757253
AEPGWAJTYQM64W2WCAMYZC2W4TCQ,B07QC7BQ12,1560011169069
AELJADK3V7R75WE4HSNEFZNYAHQA,B07QC7BQ12,1560008082878
AEBJLDAL4PETHWA3Q2XSIKIDFPFQ,B07QC7BQ12,1560010864951
AFQ4CFKL53ZYUY56TO2HFKEZ4BNA,B07QHFMRL1,1556574325250
AGOLS5ZT5KACORNCSVFTCKTSDH6A,B08DDJ1QRS,1608234835286
AGJ7BPHW23T4H67J753LPUBRP7YA,B09R3MR7DN,1663872916814
AGAQJXCTIO6WRQ2IH6FAF53OTFAQ,B081TBW1FB,1610807546653
AEUZW7L7PEFEHIB5J2SMOWGHIZDA,B07DNLG9ZR,1541455937408
AGX4UTCIP4SGTHHDA4E3WGPIJFBQ,B08DDJ1QRS,1608846627043
AH4WBYSLGIAMVLCT2PPRTMNNJD6A,B07GNX34XV,1552764727421
AHUTNTBX5E65YNIHI2ERA2AMFM4Q,B07VXY755K,1575580196049
AF6RXEUYBSSOMO5RSS23OPB5QKSA,B07VXY755K,1656510163413
AHNDJGN3XW2IH2HQFTNSNOKB6NSQ,B07VXY755K,1626557904080
