Discovering graphs (ascending by edges)…
Found 37 graphs
ACO replicates per ant count: 6 (run 1 = JIT warmup; emit uses the rest)
Run pivot for optimum: 0
Neighbor scope limit: true
Prefer smaller side: false
Elite pheromone (emit): false
ACO tabu repair: false
MMAS bounds: false
DEBUG (post-reduction plant check): true
Writing vary results under results/vary_k2t5i_100_N/

[1/37] konect-small/moreno → results/vary_k2t5i_100_N/moreno_ants.json
Loading graph from: data/konect-small/moreno/indexed_interactions.csv
Parameters: k=2 θ=5
Inject: u=5 v=5 k=2 (in-memory; CSV unchanged)
Mode: vary ant-count (range=100, aco_runs=6)
ACO: iterations=5 pheromone=1 evaporation=0.95 subspecies=1
Pivot for quality baseline: no
Save: /home/kiyaanpillai/Documents/aco-mkdb/results/vary_k2t5i_100_N/moreno_ants.json
Reduction: simple
Graph edges: 2277
Injected biclique: u=5 v=5 k=2 (existing=0 inserted=23 missing=2)
  planted U: [86, 105, 443, 481, 636]
  planted V: [344, 641, 1185, 1214, 1452]
  reserved missing: [(481, 1214), (636, 1185)]
nU=888, nV=1597, |E|=2300

==================== VARY ant-count ====================
dataset=konect-small/moreno  k=2  θ=5  iterations=5
ants-range=100  run_pivot=false  aco_runs=6
base_seed=1
prefer_smaller_side=false  neighbor_scope_limit=true
elite_pheromone=false  aco_tabu=false  mmas=false
reduction=simple (CNN / one-shot; progressive disabled)
DEBUG=true  plant_check=true

Warming up (excluded from timings)…
Prefer smaller side: false
Neighbor scope limit: true
Size of reduced graphs9 9
ACO MMAS disabled: species pheromone unbounded [0, +∞) (θ-heuristic not run for ACO)
ACO ablations: elite_pheromone=false tabu=false mmas=false
ACO subspecies 1 best: |U|=8 |V|=8 score=512 found_at_iter=1 found_at_t=0.0638s
ACO global best found at iteration 1 (t=0.0638s, score=512)

Reducing graph once (CNN)…
DEBUG: planted solution still in graph after reduction: yes dataset=konect-small/moreno
  plant U=[86, 105, 443, 481, 636]  V=[344, 641, 1185, 1214, 1452]

── Graph reduction ──
  wall_time_s                  0.0003s
  allocated_bytes              365.03 KiB  (373792 bytes)
  reduced_nU                   13
  reduced_nV                   12
  reduced_edges                50
  reduced_max_degree           5
  reduced_avg_degree           4.0

── Graph structure ──
  nU                           888
  nV                           1597
  edges                        2300
  reduced_nU                   13
  reduced_nV                   12
  reduced_edges                50
  reduced_max_degree           5
  reduced_avg_degree           4.0
  mutable_graph_bytes          771.95 KiB  (790472 bytes)
  frozen_after_reduction_bytes 2.86 KiB  (2928 bytes)

θ-heuristic warmup (excluded from timings)…

Running θ-heuristic…

── θ-heuristic ──
  wall_time_s                  0.0000s
  allocated_bytes              7.5 KiB  (7680 bytes)
  rss_delta_bytes              0.0 B  (0 bytes)
  rss_peak_bytes               848.66 MiB  (889880576 bytes)
  solution                     |U|=5 |V|=5 edges=23 missing=2 (k=2)
  final_edges                  23
  optimal_edges                —
  matched_optimal              false

Running θ-heuristic…

── θ-heuristic ──
  wall_time_s                  0.0000s
  allocated_bytes              7.5 KiB  (7680 bytes)
  rss_delta_bytes              0.0 B  (0 bytes)
  rss_peak_bytes               848.66 MiB  (889880576 bytes)
  solution                     |U|=5 |V|=5 edges=23 missing=2 (k=2)
  final_edges                  23
  optimal_edges                —
  matched_optimal              false

── ACO ants=100  run 1/6  seed=1  (JIT warmup; recorded but discarded in emit) ──
Prefer smaller side: false
Neighbor scope limit: true
Size of reduced graphs13 12
ACO MMAS disabled: species pheromone unbounded [0, +∞) (θ-heuristic not run for ACO)
ACO ablations: elite_pheromone=false tabu=false mmas=false
ACO subspecies 1 best: |U|=5 |V|=5 score=125 found_at_iter=1 found_at_t=0.0004s
ACO global best found at iteration 1 (t=0.0004s, score=125)
  wall=0.0788s  to_best=0.0004s  iters→best=1  edges=23  vs heur=23  [warmup]

── ACO ants=100  run 2/6  seed=2 ──
Prefer smaller side: false
Neighbor scope limit: true
Size of reduced graphs13 12
ACO MMAS disabled: species pheromone unbounded [0, +∞) (θ-heuristic not run for ACO)
ACO ablations: elite_pheromone=false tabu=false mmas=false
ACO subspecies 1 best: |U|=5 |V|=5 score=125 found_at_iter=1 found_at_t=0.0004s
ACO global best found at iteration 1 (t=0.0005s, score=125)
  wall=0.0026s  to_best=0.0004s  iters→best=1  edges=23  vs heur=23

── ACO ants=100  run 3/6  seed=3 ──
Prefer smaller side: false
Neighbor scope limit: true
Size of reduced graphs13 12
ACO MMAS disabled: species pheromone unbounded [0, +∞) (θ-heuristic not run for ACO)
ACO ablations: elite_pheromone=false tabu=false mmas=false
ACO subspecies 1 best: |U|=5 |V|=5 score=125 found_at_iter=1 found_at_t=0.0005s
ACO global best found at iteration 1 (t=0.0005s, score=125)
  wall=0.0027s  to_best=0.0005s  iters→best=1  edges=23  vs heur=23

── ACO ants=100  run 4/6  seed=4 ──
Prefer smaller side: false
Neighbor scope limit: true
Size of reduced graphs13 12
ACO MMAS disabled: species pheromone unbounded [0, +∞) (θ-heuristic not run for ACO)
ACO ablations: elite_pheromone=false tabu=false mmas=false
ACO subspecies 1 best: |U|=5 |V|=5 score=125 found_at_iter=1 found_at_t=0.0004s
ACO global best found at iteration 1 (t=0.0004s, score=125)
  wall=0.0026s  to_best=0.0004s  iters→best=1  edges=23  vs heur=23

── ACO ants=100  run 5/6  seed=5 ──
Prefer smaller side: false
Neighbor scope limit: true
Size of reduced graphs13 12
ACO MMAS disabled: species pheromone unbounded [0, +∞) (θ-heuristic not run for ACO)
ACO ablations: elite_pheromone=false tabu=false mmas=false
ACO subspecies 1 best: |U|=5 |V|=5 score=125 found_at_iter=1 found_at_t=0.0005s
ACO global best found at iteration 1 (t=0.0005s, score=125)
  wall=0.0027s  to_best=0.0005s  iters→best=1  edges=23  vs heur=23

── ACO ants=100  run 6/6  seed=6 ──
Prefer smaller side: false
Neighbor scope limit: true
Size of reduced graphs13 12
ACO MMAS disabled: species pheromone unbounded [0, +∞) (θ-heuristic not run for ACO)
ACO ablations: elite_pheromone=false tabu=false mmas=false
ACO subspecies 1 best: |U|=5 |V|=5 score=125 found_at_iter=1 found_at_t=0.0004s
ACO global best found at iteration 1 (t=0.0004s, score=125)
  wall=0.0028s  to_best=0.0004s  iters→best=1  edges=23  vs heur=23

==================== SUMMARY ======================
θ-heuristic edges=23  θ-feasible=true  |U|=5 |V|=5
ants    run   time        iters   edges     >heur   optimal
100     1     0.0788s     1       23        no      —
100     2     0.0026s     1       23        no      —
100     3     0.0027s     1       23        no      —
100     4     0.0026s     1       23        no      —
100     5     0.0027s     1       23        no      —
100     6     0.0028s     1       23        no      —
===================================================

Best ACO trial (by edges): ants=100  run=6  edges=23  discovery=0.0134s  ITB=1  TTB=0.0004s  θ-feasible=true
Wrote benchmark results → /home/kiyaanpillai/Documents/aco-mkdb/results/vary_k2t5i_100_N/moreno_ants.json
Random seed: --seed=1
a = 2710924496

[2/37] konect-small/facebook → results/vary_k2t5i_100_N/facebook_ants.json
Loading graph from: data/konect-small/facebook/indexed_interactions.csv
Parameters: k=2 θ=5
Inject: u=5 v=5 k=2 (in-memory; CSV unchanged)
Mode: vary ant-count (range=100, aco_runs=6)
ACO: iterations=5 pheromone=1 evaporation=0.95 subspecies=1
Pivot for quality baseline: no
Save: /home/kiyaanpillai/Documents/aco-mkdb/results/vary_k2t5i_100_N/facebook_ants.json
Reduction: simple
Graph edges: 2981
Injected biclique: u=5 v=5 k=2 (existing=1 inserted=22 missing=2)
  planted U: [5, 6, 9, 14, 16]
  planted V: [934, 1859, 2012, 2279, 2392]
  reserved missing: [(6, 2279), (9, 2279)]
nU=28, nV=2885, |E|=3003

==================== VARY ant-count ====================
dataset=konect-small/facebook  k=2  θ=5  iterations=5
ants-range=100  run_pivot=false  aco_runs=6
base_seed=1
prefer_smaller_side=false  neighbor_scope_limit=true
elite_pheromone=false  aco_tabu=false  mmas=false
reduction=simple (CNN / one-shot; progressive disabled)
DEBUG=true  plant_check=true

Warming up (excluded from timings)…
Prefer smaller side: false
Neighbor scope limit: true
Size of reduced graphs9 9
ACO MMAS disabled: species pheromone unbounded [0, +∞) (θ-heuristic not run for ACO)
ACO ablations: elite_pheromone=false tabu=false mmas=false
ACO subspecies 1 best: |U|=8 |V|=8 score=512 found_at_iter=1 found_at_t=0.0635s
ACO global best found at iteration 1 (t=0.0635s, score=512)

Reducing graph once (CNN)…
DEBUG: planted solution still in graph after reduction: yes dataset=konect-small/facebook
  plant U=[5, 6, 9, 14, 16]  V=[934, 1859, 2012, 2279, 2392]

── Graph reduction ──
  wall_time_s                  0.0005s
  allocated_bytes              422.21 KiB  (432344 bytes)
  reduced_nU                   9
  reduced_nV                   8
  reduced_edges                36
  reduced_max_degree           6
  reduced_avg_degree           4.235294117647059

── Graph structure ──
  nU                           28
  nV                           2885
  edges                        3003
  reduced_nU                   9
  reduced_nV                   8
  reduced_edges                36
  reduced_max_degree           6
  reduced_avg_degree           4.235294117647059
  mutable_graph_bytes          1.08 MiB  (1137160 bytes)
  frozen_after_reduction_bytes 1.98 KiB  (2032 bytes)

θ-heuristic warmup (excluded from timings)…

Running θ-heuristic…

── θ-heuristic ──
  wall_time_s                  0.0000s
  allocated_bytes              5.62 KiB  (5760 bytes)
  rss_delta_bytes              0.0 B  (0 bytes)
  rss_peak_bytes               820.52 MiB  (860372992 bytes)
  solution                     |U|=5 |V|=5 edges=23 missing=2 (k=2)
  final_edges                  23
  optimal_edges                —
  matched_optimal              false

Running θ-heuristic…

── θ-heuristic ──
  wall_time_s                  0.0000s
  allocated_bytes              5.62 KiB  (5760 bytes)
  rss_delta_bytes              0.0 B  (0 bytes)
  rss_peak_bytes               820.52 MiB  (860372992 bytes)
  solution                     |U|=5 |V|=5 edges=23 missing=2 (k=2)
  final_edges                  23
  optimal_edges                —
  matched_optimal              false

── ACO ants=100  run 1/6  seed=1  (JIT warmup; recorded but discarded in emit) ──
Prefer smaller side: false
Neighbor scope limit: true
Size of reduced graphs9 8
ACO MMAS disabled: species pheromone unbounded [0, +∞) (θ-heuristic not run for ACO)
ACO ablations: elite_pheromone=false tabu=false mmas=false
ACO subspecies 1 best: |U|=5 |V|=5 score=125 found_at_iter=1 found_at_t=0.0004s
ACO global best found at iteration 1 (t=0.0004s, score=125)
  wall=0.0821s  to_best=0.0004s  iters→best=1  edges=23  vs heur=23  [warmup]

── ACO ants=100  run 2/6  seed=2 ──
Prefer smaller side: false
Neighbor scope limit: true
Size of reduced graphs9 8
ACO MMAS disabled: species pheromone unbounded [0, +∞) (θ-heuristic not run for ACO)
ACO ablations: elite_pheromone=false tabu=false mmas=false
ACO subspecies 1 best: |U|=5 |V|=5 score=125 found_at_iter=1 found_at_t=0.0004s
ACO global best found at iteration 1 (t=0.0004s, score=125)
  wall=0.0026s  to_best=0.0004s  iters→best=1  edges=23  vs heur=23

── ACO ants=100  run 3/6  seed=3 ──
Prefer smaller side: false
Neighbor scope limit: true
Size of reduced graphs9 8
ACO MMAS disabled: species pheromone unbounded [0, +∞) (θ-heuristic not run for ACO)
ACO ablations: elite_pheromone=false tabu=false mmas=false
ACO subspecies 1 best: |U|=5 |V|=5 score=125 found_at_iter=1 found_at_t=0.0004s
ACO global best found at iteration 1 (t=0.0004s, score=125)
  wall=0.0026s  to_best=0.0004s  iters→best=1  edges=23  vs heur=23

── ACO ants=100  run 4/6  seed=4 ──
Prefer smaller side: false
Neighbor scope limit: true
Size of reduced graphs9 8
ACO MMAS disabled: species pheromone unbounded [0, +∞) (θ-heuristic not run for ACO)
ACO ablations: elite_pheromone=false tabu=false mmas=false
ACO subspecies 1 best: |U|=5 |V|=5 score=125 found_at_iter=1 found_at_t=0.0005s
ACO global best found at iteration 1 (t=0.0005s, score=125)
  wall=0.0030s  to_best=0.0005s  iters→best=1  edges=23  vs heur=23

── ACO ants=100  run 5/6  seed=5 ──
Prefer smaller side: false
Neighbor scope limit: true
Size of reduced graphs9 8
ACO MMAS disabled: species pheromone unbounded [0, +∞) (θ-heuristic not run for ACO)
ACO ablations: elite_pheromone=false tabu=false mmas=false
ACO subspecies 1 best: |U|=5 |V|=5 score=125 found_at_iter=1 found_at_t=0.0005s
ACO global best found at iteration 1 (t=0.0005s, score=125)
  wall=0.0032s  to_best=0.0005s  iters→best=1  edges=23  vs heur=23

── ACO ants=100  run 6/6  seed=6 ──
Prefer smaller side: false
Neighbor scope limit: true
Size of reduced graphs9 8
ACO MMAS disabled: species pheromone unbounded [0, +∞) (θ-heuristic not run for ACO)
ACO ablations: elite_pheromone=false tabu=false mmas=false
ACO subspecies 1 best: |U|=5 |V|=5 score=125 found_at_iter=1 found_at_t=0.0004s
ACO global best found at iteration 1 (t=0.0004s, score=125)
  wall=0.0027s  to_best=0.0004s  iters→best=1  edges=23  vs heur=23

==================== SUMMARY ======================
θ-heuristic edges=23  θ-feasible=true  |U|=5 |V|=5
ants    run   time        iters   edges     >heur   optimal
100     1     0.0821s     1       23        no      —
100     2     0.0026s     1       23        no      —
100     3     0.0026s     1       23        no      —
100     4     0.0030s     1       23        no      —
100     5     0.0032s     1       23        no      —
100     6     0.0027s     1       23        no      —
===================================================

Best ACO trial (by edges): ants=100  run=3  edges=23  discovery=0.0139s  ITB=1  TTB=0.0004s  θ-feasible=true
Wrote benchmark results → /home/kiyaanpillai/Documents/aco-mkdb/results/vary_k2t5i_100_N/facebook_ants.json
Random seed: --seed=1
a = 2713895608

[3/37] konect-small/maayan-vidal → results/vary_k2t5i_100_N/maayan-vidal_ants.json
Loading graph from: data/konect-small/maayan-vidal/indexed_interactions.csv
Parameters: k=2 θ=5
Inject: u=5 v=5 k=2 (in-memory; CSV unchanged)
Mode: vary ant-count (range=100, aco_runs=6)
ACO: iterations=5 pheromone=1 evaporation=0.95 subspecies=1
Pivot for quality baseline: no
Save: /home/kiyaanpillai/Documents/aco-mkdb/results/vary_k2t5i_100_N/maayan-vidal_ants.json
Reduction: simple
Graph edges: 6726
Injected biclique: u=5 v=5 k=2 (existing=0 inserted=23 missing=2)
  planted U: [364, 443, 995, 1060, 1124]
  planted V: [41, 175, 1695, 2299, 2516]
  reserved missing: [(1060, 1695), (1124, 2516)]
nU=1633, nV=2929, |E|=6749

==================== VARY ant-count ====================
dataset=konect-small/maayan-vidal  k=2  θ=5  iterations=5
ants-range=100  run_pivot=false  aco_runs=6
base_seed=1
prefer_smaller_side=false  neighbor_scope_limit=true
elite_pheromone=false  aco_tabu=false  mmas=false
reduction=simple (CNN / one-shot; progressive disabled)
DEBUG=true  plant_check=true

Warming up (excluded from timings)…
Prefer smaller side: false
Neighbor scope limit: true
Size of reduced graphs9 9
ACO MMAS disabled: species pheromone unbounded [0, +∞) (θ-heuristic not run for ACO)
ACO ablations: elite_pheromone=false tabu=false mmas=false
ACO subspecies 1 best: |U|=8 |V|=8 score=512 found_at_iter=1 found_at_t=0.0619s
ACO global best found at iteration 1 (t=0.0619s, score=512)

Reducing graph once (CNN)…
DEBUG: planted solution still in graph after reduction: yes dataset=konect-small/maayan-vidal
  plant U=[364, 443, 995, 1060, 1124]  V=[41, 175, 1695, 2299, 2516]

── Graph reduction ──
  wall_time_s                  0.0009s
  allocated_bytes              795.51 KiB  (814600 bytes)
  reduced_nU                   81
  reduced_nV                   134
  reduced_edges                547
  reduced_max_degree           42
  reduced_avg_degree           5.088372093023255

── Graph structure ──
  nU                           1633
  nV                           2929
  edges                        6749
  reduced_nU                   81
  reduced_nV                   134
  reduced_edges                547
  reduced_max_degree           42
  reduced_avg_degree           5.088372093023255
  mutable_graph_bytes          1.54 MiB  (1610136 bytes)
  frozen_after_reduction_bytes 18.91 KiB  (19360 bytes)

θ-heuristic warmup (excluded from timings)…

Running θ-heuristic…

── θ-heuristic ──
  wall_time_s                  0.0001s
  allocated_bytes              46.25 KiB  (47360 bytes)
  rss_delta_bytes              0.0 B  (0 bytes)
  rss_peak_bytes               833.16 MiB  (873627648 bytes)
  solution                     |U|=5 |V|=3 edges=13 missing=2 (k=2)
  final_edges                  13
  optimal_edges                —
  matched_optimal              false

Running θ-heuristic…

── θ-heuristic ──
  wall_time_s                  0.0001s
  allocated_bytes              46.25 KiB  (47360 bytes)
  rss_delta_bytes              0.0 B  (0 bytes)
  rss_peak_bytes               833.16 MiB  (873627648 bytes)
  solution                     |U|=5 |V|=3 edges=13 missing=2 (k=2)
  final_edges                  13
  optimal_edges                —
  matched_optimal              false

── ACO ants=100  run 1/6  seed=1  (JIT warmup; recorded but discarded in emit) ──
Prefer smaller side: false
Neighbor scope limit: true
Size of reduced graphs81 134
ACO MMAS disabled: species pheromone unbounded [0, +∞) (θ-heuristic not run for ACO)
ACO ablations: elite_pheromone=false tabu=false mmas=false
ACO subspecies 1 best: |U|=5 |V|=5 score=125 found_at_iter=1 found_at_t=0.0013s
ACO global best found at iteration 1 (t=0.0013s, score=125)
  wall=0.0918s  to_best=0.0013s  iters→best=1  edges=23  vs heur=13 (beats)  [warmup]

── ACO ants=100  run 2/6  seed=2 ──
Prefer smaller side: false
Neighbor scope limit: true
Size of reduced graphs81 134
ACO MMAS disabled: species pheromone unbounded [0, +∞) (θ-heuristic not run for ACO)
ACO ablations: elite_pheromone=false tabu=false mmas=false
ACO subspecies 1 best: |U|=5 |V|=5 score=125 found_at_iter=1 found_at_t=0.0015s
ACO global best found at iteration 1 (t=0.0015s, score=125)
  wall=0.0083s  to_best=0.0015s  iters→best=1  edges=23  vs heur=13 (beats)

── ACO ants=100  run 3/6  seed=3 ──
Prefer smaller side: false
Neighbor scope limit: true
Size of reduced graphs81 134
ACO MMAS disabled: species pheromone unbounded [0, +∞) (θ-heuristic not run for ACO)
ACO ablations: elite_pheromone=false tabu=false mmas=false
ACO subspecies 1 best: |U|=5 |V|=5 score=125 found_at_iter=1 found_at_t=0.0015s
ACO global best found at iteration 1 (t=0.0015s, score=125)
  wall=0.0085s  to_best=0.0015s  iters→best=1  edges=23  vs heur=13 (beats)

── ACO ants=100  run 4/6  seed=4 ──
Prefer smaller side: false
Neighbor scope limit: true
Size of reduced graphs81 134
ACO MMAS disabled: species pheromone unbounded [0, +∞) (θ-heuristic not run for ACO)
ACO ablations: elite_pheromone=false tabu=false mmas=false
ACO subspecies 1 best: |U|=5 |V|=5 score=125 found_at_iter=1 found_at_t=0.0016s
ACO global best found at iteration 1 (t=0.0016s, score=125)
  wall=0.0084s  to_best=0.0016s  iters→best=1  edges=23  vs heur=13 (beats)

── ACO ants=100  run 5/6  seed=5 ──
Prefer smaller side: false
Neighbor scope limit: true
Size of reduced graphs81 134
ACO MMAS disabled: species pheromone unbounded [0, +∞) (θ-heuristic not run for ACO)
ACO ablations: elite_pheromone=false tabu=false mmas=false
ACO subspecies 1 best: |U|=5 |V|=5 score=125 found_at_iter=1 found_at_t=0.0013s
ACO global best found at iteration 1 (t=0.0013s, score=125)
  wall=0.0077s  to_best=0.0013s  iters→best=1  edges=23  vs heur=13 (beats)

── ACO ants=100  run 6/6  seed=6 ──
Prefer smaller side: false
Neighbor scope limit: true
Size of reduced graphs81 134
ACO MMAS disabled: species pheromone unbounded [0, +∞) (θ-heuristic not run for ACO)
ACO ablations: elite_pheromone=false tabu=false mmas=false
ACO subspecies 1 best: |U|=5 |V|=5 score=125 found_at_iter=1 found_at_t=0.0014s
ACO global best found at iteration 1 (t=0.0014s, score=125)
  wall=0.0082s  to_best=0.0014s  iters→best=1  edges=23  vs heur=13 (beats)

==================== SUMMARY ======================
θ-heuristic edges=13  θ-feasible=false  |U|=5 |V|=3
ants    run   time        iters   edges     >heur   optimal
100     1     0.0918s     1       23        yes     —
100     2     0.0083s     1       23        yes     —
100     3     0.0085s     1       23        yes     —
100     4     0.0084s     1       23        yes     —
100     5     0.0077s     1       23        yes     —
100     6     0.0082s     1       23        yes     —
===================================================

Best ACO trial (by edges): ants=100  run=5  edges=23  discovery=0.0412s  ITB=1  TTB=0.0013s  θ-feasible=true
Wrote benchmark results → /home/kiyaanpillai/Documents/aco-mkdb/results/vary_k2t5i_100_N/maayan-vidal_ants.json
Random seed: --seed=1
a = 2746077152

[4/37] konect-small/edit-zuwiktionary → results/vary_k2t5i_100_N/edit-zuwiktionary_ants.json
Loading graph from: data/konect-small/edit-zuwiktionary/indexed_interactions.csv
Parameters: k=2 θ=5
Inject: u=5 v=5 k=2 (in-memory; CSV unchanged)
Mode: vary ant-count (range=100, aco_runs=6)
ACO: iterations=5 pheromone=1 evaporation=0.95 subspecies=1
Pivot for quality baseline: no
Save: /home/kiyaanpillai/Documents/aco-mkdb/results/vary_k2t5i_100_N/edit-zuwiktionary_ants.json
Reduction: simple
Graph edges: 7532
Injected biclique: u=5 v=5 k=2 (existing=0 inserted=23 missing=2)
  planted U: [7, 75, 92, 109, 140]
  planted V: [108, 433, 491, 1238, 1394]
  reserved missing: [(92, 108), (92, 1394)]
nU=214, nV=1404, |E|=7555

==================== VARY ant-count ====================
dataset=konect-small/edit-zuwiktionary  k=2  θ=5  iterations=5
ants-range=100  run_pivot=false  aco_runs=6
base_seed=1
prefer_smaller_side=false  neighbor_scope_limit=true
elite_pheromone=false  aco_tabu=false  mmas=false
reduction=simple (CNN / one-shot; progressive disabled)
DEBUG=true  plant_check=true

Warming up (excluded from timings)…
Prefer smaller side: false
Neighbor scope limit: true
Size of reduced graphs9 9
ACO MMAS disabled: species pheromone unbounded [0, +∞) (θ-heuristic not run for ACO)
ACO ablations: elite_pheromone=false tabu=false mmas=false
ACO subspecies 1 best: |U|=8 |V|=8 score=512 found_at_iter=1 found_at_t=0.0773s
ACO global best found at iteration 1 (t=0.0773s, score=512)

Reducing graph once (CNN)…
DEBUG: planted solution still in graph after reduction: yes dataset=konect-small/edit-zuwiktionary
  plant U=[7, 75, 92, 109, 140]  V=[108, 433, 491, 1238, 1394]

── Graph reduction ──
  wall_time_s                  0.0022s
  allocated_bytes              678.14 KiB  (694416 bytes)
  reduced_nU                   36
  reduced_nV                   559
  reduced_edges                3142
  reduced_max_degree           546
  reduced_avg_degree           10.561344537815126

── Graph structure ──
  nU                           214
  nV                           1404
  edges                        7555
  reduced_nU                   36
  reduced_nV                   559
  reduced_edges                3142
  reduced_max_degree           546
  reduced_avg_degree           10.561344537815126
  mutable_graph_bytes          590.68 KiB  (604856 bytes)
  frozen_after_reduction_bytes 77.08 KiB  (78928 bytes)

θ-heuristic warmup (excluded from timings)…

Running θ-heuristic…

── θ-heuristic ──
  wall_time_s                  0.0005s
  allocated_bytes              224.07 KiB  (229448 bytes)
  rss_delta_bytes              0.0 B  (0 bytes)
  rss_peak_bytes               821.47 MiB  (861372416 bytes)
  solution                     |U|=5 |V|=49 edges=243 missing=2 (k=2)
  final_edges                  243
  optimal_edges                —
  matched_optimal              false

Running θ-heuristic…

── θ-heuristic ──
  wall_time_s                  0.0005s
  allocated_bytes              224.07 KiB  (229448 bytes)
  rss_delta_bytes              0.0 B  (0 bytes)
  rss_peak_bytes               821.47 MiB  (861372416 bytes)
  solution                     |U|=5 |V|=49 edges=243 missing=2 (k=2)
  final_edges                  243
  optimal_edges                —
  matched_optimal              false

── ACO ants=100  run 1/6  seed=1  (JIT warmup; recorded but discarded in emit) ──
Prefer smaller side: false
Neighbor scope limit: true
Size of reduced graphs36 559
ACO MMAS disabled: species pheromone unbounded [0, +∞) (θ-heuristic not run for ACO)
ACO ablations: elite_pheromone=false tabu=false mmas=false
ACO subspecies 1 best: |U|=5 |V|=118 score=2950 found_at_iter=1 found_at_t=0.0294s
ACO global best found at iteration 1 (t=0.0294s, score=2950)
  wall=0.2192s  to_best=0.0294s  iters→best=1  edges=588  vs heur=243 (beats)  [warmup]

── ACO ants=100  run 2/6  seed=2 ──
Prefer smaller side: false
Neighbor scope limit: true
Size of reduced graphs36 559
ACO MMAS disabled: species pheromone unbounded [0, +∞) (θ-heuristic not run for ACO)
ACO ablations: elite_pheromone=false tabu=false mmas=false
ACO subspecies 1 best: |U|=5 |V|=118 score=2950 found_at_iter=1 found_at_t=0.0306s
ACO global best found at iteration 1 (t=0.0306s, score=2950)
  wall=0.1284s  to_best=0.0306s  iters→best=1  edges=588  vs heur=243 (beats)

── ACO ants=100  run 3/6  seed=3 ──
Prefer smaller side: false
Neighbor scope limit: true
Size of reduced graphs36 559
ACO MMAS disabled: species pheromone unbounded [0, +∞) (θ-heuristic not run for ACO)
ACO ablations: elite_pheromone=false tabu=false mmas=false
ACO subspecies 1 best: |U|=5 |V|=118 score=2950 found_at_iter=2 found_at_t=0.0613s
ACO global best found at iteration 2 (t=0.0613s, score=2950)
  wall=0.1366s  to_best=0.0613s  iters→best=2  edges=588  vs heur=243 (beats)

── ACO ants=100  run 4/6  seed=4 ──
Prefer smaller side: false
Neighbor scope limit: true
Size of reduced graphs36 559
ACO MMAS disabled: species pheromone unbounded [0, +∞) (θ-heuristic not run for ACO)
ACO ablations: elite_pheromone=false tabu=false mmas=false
ACO subspecies 1 best: |U|=5 |V|=118 score=2950 found_at_iter=1 found_at_t=0.0411s
ACO global best found at iteration 1 (t=0.0411s, score=2950)
  wall=0.1462s  to_best=0.0411s  iters→best=1  edges=588  vs heur=243 (beats)

── ACO ants=100  run 5/6  seed=5 ──
Prefer smaller side: false
Neighbor scope limit: true
Size of reduced graphs36 559
ACO MMAS disabled: species pheromone unbounded [0, +∞) (θ-heuristic not run for ACO)
ACO ablations: elite_pheromone=false tabu=false mmas=false
ACO subspecies 1 best: |U|=5 |V|=118 score=2950 found_at_iter=1 found_at_t=0.0262s
ACO global best found at iteration 1 (t=0.0263s, score=2950)
  wall=0.1163s  to_best=0.0262s  iters→best=1  edges=588  vs heur=243 (beats)

── ACO ants=100  run 6/6  seed=6 ──
Prefer smaller side: false
Neighbor scope limit: true
Size of reduced graphs36 559
ACO MMAS disabled: species pheromone unbounded [0, +∞) (θ-heuristic not run for ACO)
ACO ablations: elite_pheromone=false tabu=false mmas=false
ACO subspecies 1 best: |U|=5 |V|=118 score=2950 found_at_iter=1 found_at_t=0.0294s
ACO global best found at iteration 1 (t=0.0294s, score=2950)
  wall=0.1168s  to_best=0.0294s  iters→best=1  edges=588  vs heur=243 (beats)

==================== SUMMARY ======================
θ-heuristic edges=243  θ-feasible=true  |U|=5 |V|=49
ants    run   time        iters   edges     >heur   optimal
100     1     0.2192s     1       588       yes     —
100     2     0.1284s     1       588       yes     —
100     3     0.1366s     2       588       yes     —
100     4     0.1462s     1       588       yes     —
100     5     0.1163s     1       588       yes     —
100     6     0.1168s     1       588       yes     —
===================================================

Best ACO trial (by edges): ants=100  run=5  edges=588  discovery=0.6442s  ITB=1  TTB=0.0262s  θ-feasible=true
Wrote benchmark results → /home/kiyaanpillai/Documents/aco-mkdb/results/vary_k2t5i_100_N/edit-zuwiktionary_ants.json
Random seed: --seed=1
a = 3419851152

[5/37] konect-small/edit-srwikiquote → results/vary_k2t5i_100_N/edit-srwikiquote_ants.json
Loading graph from: data/konect-small/edit-srwikiquote/indexed_interactions.csv
Parameters: k=2 θ=5
Inject: u=5 v=5 k=2 (in-memory; CSV unchanged)
Mode: vary ant-count (range=100, aco_runs=6)
ACO: iterations=5 pheromone=1 evaporation=0.95 subspecies=1
Pivot for quality baseline: no
Save: /home/kiyaanpillai/Documents/aco-mkdb/results/vary_k2t5i_100_N/edit-srwikiquote_ants.json
Reduction: simple
Graph edges: 8672
Injected biclique: u=5 v=5 k=2 (existing=0 inserted=23 missing=2)
  planted U: [34, 57, 304, 365, 387]
  planted V: [49, 964, 1298, 1499, 1811]
  reserved missing: [(304, 49), (304, 1298)]
nU=402, nV=1823, |E|=8695

==================== VARY ant-count ====================
dataset=konect-small/edit-srwikiquote  k=2  θ=5  iterations=5
ants-range=100  run_pivot=false  aco_runs=6
base_seed=1
prefer_smaller_side=false  neighbor_scope_limit=true
elite_pheromone=false  aco_tabu=false  mmas=false
reduction=simple (CNN / one-shot; progressive disabled)
DEBUG=true  plant_check=true

Warming up (excluded from timings)…
Prefer smaller side: false
Neighbor scope limit: true
Size of reduced graphs9 9
ACO MMAS disabled: species pheromone unbounded [0, +∞) (θ-heuristic not run for ACO)
ACO ablations: elite_pheromone=false tabu=false mmas=false
ACO subspecies 1 best: |U|=8 |V|=8 score=512 found_at_iter=1 found_at_t=0.0648s
ACO global best found at iteration 1 (t=0.0648s, score=512)

Reducing graph once (CNN)…
DEBUG: planted solution still in graph after reduction: yes dataset=konect-small/edit-srwikiquote
  plant U=[34, 57, 304, 365, 387]  V=[49, 964, 1298, 1499, 1811]

── Graph reduction ──
  wall_time_s                  0.0013s
  allocated_bytes              699.2 KiB  (715984 bytes)
  reduced_nU                   80
  reduced_nV                   396
  reduced_edges                2637
  reduced_max_degree           247
  reduced_avg_degree           11.079831932773109

── Graph structure ──
  nU                           402
  nV                           1823
  edges                        8695
  reduced_nU                   80
  reduced_nV                   396
  reduced_edges                2637
  reduced_max_degree           247
  reduced_avg_degree           11.079831932773109
  mutable_graph_bytes          775.34 KiB  (793944 bytes)
  frozen_after_reduction_bytes 68.39 KiB  (70032 bytes)

θ-heuristic warmup (excluded from timings)…

Running θ-heuristic…

── θ-heuristic ──
  wall_time_s                  0.0004s
  allocated_bytes              180.59 KiB  (184920 bytes)
  rss_delta_bytes              0.0 B  (0 bytes)
  rss_peak_bytes               832.15 MiB  (872574976 bytes)
  solution                     |U|=5 |V|=25 edges=123 missing=2 (k=2)
  final_edges                  123
  optimal_edges                —
  matched_optimal              false

Running θ-heuristic…

── θ-heuristic ──
  wall_time_s                  0.0004s
  allocated_bytes              180.59 KiB  (184920 bytes)
  rss_delta_bytes              0.0 B  (0 bytes)
  rss_peak_bytes               832.15 MiB  (872574976 bytes)
  solution                     |U|=5 |V|=25 edges=123 missing=2 (k=2)
  final_edges                  123
  optimal_edges                —
  matched_optimal              false

── ACO ants=100  run 1/6  seed=1  (JIT warmup; recorded but discarded in emit) ──
Prefer smaller side: false
Neighbor scope limit: true
Size of reduced graphs80 396
ACO MMAS disabled: species pheromone unbounded [0, +∞) (θ-heuristic not run for ACO)
ACO ablations: elite_pheromone=false tabu=false mmas=false
ACO subspecies 1 best: |U|=5 |V|=25 score=625 found_at_iter=1 found_at_t=0.0074s
ACO global best found at iteration 1 (t=0.0075s, score=625)
  wall=0.1242s  to_best=0.0074s  iters→best=1  edges=123  vs heur=123  [warmup]

── ACO ants=100  run 2/6  seed=2 ──
Prefer smaller side: false
Neighbor scope limit: true
Size of reduced graphs80 396
ACO MMAS disabled: species pheromone unbounded [0, +∞) (θ-heuristic not run for ACO)
ACO ablations: elite_pheromone=false tabu=false mmas=false
ACO subspecies 1 best: |U|=5 |V|=25 score=625 found_at_iter=2 found_at_t=0.0148s
ACO global best found at iteration 2 (t=0.0148s, score=625)
  wall=0.0392s  to_best=0.0148s  iters→best=2  edges=123  vs heur=123

── ACO ants=100  run 3/6  seed=3 ──
Prefer smaller side: false
Neighbor scope limit: true
Size of reduced graphs80 396
ACO MMAS disabled: species pheromone unbounded [0, +∞) (θ-heuristic not run for ACO)
ACO ablations: elite_pheromone=false tabu=false mmas=false
ACO subspecies 1 best: |U|=5 |V|=25 score=625 found_at_iter=2 found_at_t=0.0164s
ACO global best found at iteration 2 (t=0.0164s, score=625)
  wall=0.0407s  to_best=0.0164s  iters→best=2  edges=123  vs heur=123

── ACO ants=100  run 4/6  seed=4 ──
Prefer smaller side: false
Neighbor scope limit: true
Size of reduced graphs80 396
ACO MMAS disabled: species pheromone unbounded [0, +∞) (θ-heuristic not run for ACO)
ACO ablations: elite_pheromone=false tabu=false mmas=false
ACO subspecies 1 best: |U|=5 |V|=25 score=625 found_at_iter=1 found_at_t=0.0078s
ACO global best found at iteration 1 (t=0.0079s, score=625)
  wall=0.0417s  to_best=0.0078s  iters→best=1  edges=123  vs heur=123

── ACO ants=100  run 5/6  seed=5 ──
Prefer smaller side: false
Neighbor scope limit: true
Size of reduced graphs80 396
ACO MMAS disabled: species pheromone unbounded [0, +∞) (θ-heuristic not run for ACO)
ACO ablations: elite_pheromone=false tabu=false mmas=false
ACO subspecies 1 best: |U|=5 |V|=25 score=625 found_at_iter=1 found_at_t=0.0083s
ACO global best found at iteration 1 (t=0.0083s, score=625)
  wall=0.0414s  to_best=0.0083s  iters→best=1  edges=123  vs heur=123

── ACO ants=100  run 6/6  seed=6 ──
Prefer smaller side: false
Neighbor scope limit: true
Size of reduced graphs80 396
ACO MMAS disabled: species pheromone unbounded [0, +∞) (θ-heuristic not run for ACO)
ACO ablations: elite_pheromone=false tabu=false mmas=false
ACO subspecies 1 best: |U|=5 |V|=25 score=625 found_at_iter=1 found_at_t=0.0064s
ACO global best found at iteration 1 (t=0.0064s, score=625)
  wall=0.0389s  to_best=0.0064s  iters→best=1  edges=123  vs heur=123

==================== SUMMARY ======================
θ-heuristic edges=123  θ-feasible=true  |U|=5 |V|=25
ants    run   time        iters   edges     >heur   optimal
100     1     0.1242s     1       123       no      —
100     2     0.0392s     2       123       no      —
100     3     0.0407s     2       123       no      —
100     4     0.0417s     1       123       no      —
100     5     0.0414s     1       123       no      —
100     6     0.0389s     1       123       no      —
===================================================

Best ACO trial (by edges): ants=100  run=6  edges=123  discovery=0.2021s  ITB=1  TTB=0.0064s  θ-feasible=true
Wrote benchmark results → /home/kiyaanpillai/Documents/aco-mkdb/results/vary_k2t5i_100_N/edit-srwikiquote_ants.json
Random seed: --seed=1
a = 2984751096

[6/37] konect-small/edit-vewiki → results/vary_k2t5i_100_N/edit-vewiki_ants.json
Loading graph from: data/konect-small/edit-vewiki/indexed_interactions.csv
Parameters: k=2 θ=5
Inject: u=5 v=5 k=2 (in-memory; CSV unchanged)
Mode: vary ant-count (range=100, aco_runs=6)
ACO: iterations=5 pheromone=1 evaporation=0.95 subspecies=1
Pivot for quality baseline: no
Save: /home/kiyaanpillai/Documents/aco-mkdb/results/vary_k2t5i_100_N/edit-vewiki_ants.json
Reduction: simple
Graph edges: 11047
Injected biclique: u=5 v=5 k=2 (existing=1 inserted=22 missing=2)
  planted U: [100, 121, 185, 191, 361]
  planted V: [61, 312, 396, 531, 1495]
  reserved missing: [(185, 312), (191, 61)]
nU=543, nV=1532, |E|=11069

==================== VARY ant-count ====================
dataset=konect-small/edit-vewiki  k=2  θ=5  iterations=5
ants-range=100  run_pivot=false  aco_runs=6
base_seed=1
prefer_smaller_side=false  neighbor_scope_limit=true
elite_pheromone=false  aco_tabu=false  mmas=false
reduction=simple (CNN / one-shot; progressive disabled)
DEBUG=true  plant_check=true

Warming up (excluded from timings)…
Prefer smaller side: false
Neighbor scope limit: true
Size of reduced graphs9 9
ACO MMAS disabled: species pheromone unbounded [0, +∞) (θ-heuristic not run for ACO)
ACO ablations: elite_pheromone=false tabu=false mmas=false
ACO subspecies 1 best: |U|=8 |V|=8 score=512 found_at_iter=1 found_at_t=0.0629s
ACO global best found at iteration 1 (t=0.0629s, score=512)

Reducing graph once (CNN)…
DEBUG: planted solution still in graph after reduction: yes dataset=konect-small/edit-vewiki
  plant U=[100, 121, 185, 191, 361]  V=[61, 312, 396, 531, 1495]

── Graph reduction ──
  wall_time_s                  0.0012s
  allocated_bytes              695.54 KiB  (712232 bytes)
  reduced_nU                   104
  reduced_nV                   274
  reduced_edges                3385
  reduced_max_degree           239
  reduced_avg_degree           17.91005291005291

── Graph structure ──
  nU                           543
  nV                           1532
  edges                        11069
  reduced_nU                   104
  reduced_nV                   274
  reduced_edges                3385
  reduced_max_degree           239
  reduced_avg_degree           17.91005291005291
  mutable_graph_bytes          773.7 KiB  (792264 bytes)
  frozen_after_reduction_bytes 72.17 KiB  (73904 bytes)

θ-heuristic warmup (excluded from timings)…

Running θ-heuristic…

── θ-heuristic ──
  wall_time_s                  0.0005s
  allocated_bytes              181.85 KiB  (186216 bytes)
  rss_delta_bytes              0.0 B  (0 bytes)
  rss_peak_bytes               831.97 MiB  (872386560 bytes)
  solution                     |U|=5 |V|=92 edges=458 missing=2 (k=2)
  final_edges                  458
  optimal_edges                —
  matched_optimal              false

Running θ-heuristic…

── θ-heuristic ──
  wall_time_s                  0.0004s
  allocated_bytes              181.85 KiB  (186216 bytes)
  rss_delta_bytes              0.0 B  (0 bytes)
  rss_peak_bytes               831.97 MiB  (872386560 bytes)
  solution                     |U|=5 |V|=92 edges=458 missing=2 (k=2)
  final_edges                  458
  optimal_edges                —
  matched_optimal              false

── ACO ants=100  run 1/6  seed=1  (JIT warmup; recorded but discarded in emit) ──
Prefer smaller side: false
Neighbor scope limit: true
Size of reduced graphs104 274
ACO MMAS disabled: species pheromone unbounded [0, +∞) (θ-heuristic not run for ACO)
ACO ablations: elite_pheromone=false tabu=false mmas=false
ACO subspecies 1 best: |U|=6 |V|=80 score=2880 found_at_iter=1 found_at_t=0.009s
ACO global best found at iteration 1 (t=0.009s, score=2880)
  wall=0.1373s  to_best=0.0090s  iters→best=1  edges=478  vs heur=458 (beats)  [warmup]

── ACO ants=100  run 2/6  seed=2 ──
Prefer smaller side: false
Neighbor scope limit: true
Size of reduced graphs104 274
ACO MMAS disabled: species pheromone unbounded [0, +∞) (θ-heuristic not run for ACO)
ACO ablations: elite_pheromone=false tabu=false mmas=false
ACO subspecies 1 best: |U|=6 |V|=80 score=2880 found_at_iter=2 found_at_t=0.0211s
ACO global best found at iteration 2 (t=0.0211s, score=2880)
  wall=0.0583s  to_best=0.0211s  iters→best=2  edges=478  vs heur=458 (beats)

── ACO ants=100  run 3/6  seed=3 ──
Prefer smaller side: false
Neighbor scope limit: true
Size of reduced graphs104 274
ACO MMAS disabled: species pheromone unbounded [0, +∞) (θ-heuristic not run for ACO)
ACO ablations: elite_pheromone=false tabu=false mmas=false
ACO subspecies 1 best: |U|=6 |V|=80 score=2880 found_at_iter=2 found_at_t=0.02s
ACO global best found at iteration 2 (t=0.02s, score=2880)
  wall=0.0566s  to_best=0.0200s  iters→best=2  edges=478  vs heur=458 (beats)

── ACO ants=100  run 4/6  seed=4 ──
Prefer smaller side: false
Neighbor scope limit: true
Size of reduced graphs104 274
ACO MMAS disabled: species pheromone unbounded [0, +∞) (θ-heuristic not run for ACO)
ACO ablations: elite_pheromone=false tabu=false mmas=false
ACO subspecies 1 best: |U|=6 |V|=80 score=2880 found_at_iter=1 found_at_t=0.0098s
ACO global best found at iteration 1 (t=0.0098s, score=2880)
  wall=0.0595s  to_best=0.0098s  iters→best=1  edges=478  vs heur=458 (beats)

── ACO ants=100  run 5/6  seed=5 ──
Prefer smaller side: false
Neighbor scope limit: true
Size of reduced graphs104 274
ACO MMAS disabled: species pheromone unbounded [0, +∞) (θ-heuristic not run for ACO)
ACO ablations: elite_pheromone=false tabu=false mmas=false
ACO subspecies 1 best: |U|=6 |V|=80 score=2880 found_at_iter=2 found_at_t=0.0214s
ACO global best found at iteration 2 (t=0.0214s, score=2880)
  wall=0.0583s  to_best=0.0214s  iters→best=2  edges=478  vs heur=458 (beats)

── ACO ants=100  run 6/6  seed=6 ──
Prefer smaller side: false
Neighbor scope limit: true
Size of reduced graphs104 274
ACO MMAS disabled: species pheromone unbounded [0, +∞) (θ-heuristic not run for ACO)
ACO ablations: elite_pheromone=false tabu=false mmas=false
ACO subspecies 1 best: |U|=6 |V|=80 score=2880 found_at_iter=2 found_at_t=0.021s
ACO global best found at iteration 2 (t=0.021s, score=2880)
  wall=0.0579s  to_best=0.0210s  iters→best=2  edges=478  vs heur=458 (beats)

==================== SUMMARY ======================
θ-heuristic edges=458  θ-feasible=true  |U|=5 |V|=92
ants    run   time        iters   edges     >heur   optimal
100     1     0.1373s     1       478       yes     —
100     2     0.0583s     2       478       yes     —
100     3     0.0566s     2       478       yes     —
100     4     0.0595s     1       478       yes     —
100     5     0.0583s     2       478       yes     —
100     6     0.0579s     2       478       yes     —
===================================================

Best ACO trial (by edges): ants=100  run=4  edges=478  discovery=0.2907s  ITB=1  TTB=0.0098s  θ-feasible=true
Wrote benchmark results → /home/kiyaanpillai/Documents/aco-mkdb/results/vary_k2t5i_100_N/edit-vewiki_ants.json
Random seed: --seed=1
a = 3088217624

[7/37] konect-small/edit-guwikiquote → results/vary_k2t5i_100_N/edit-guwikiquote_ants.json
Loading graph from: data/konect-small/edit-guwikiquote/indexed_interactions.csv
Parameters: k=2 θ=5
Inject: u=5 v=5 k=2 (in-memory; CSV unchanged)
Mode: vary ant-count (range=100, aco_runs=6)
ACO: iterations=5 pheromone=1 evaporation=0.95 subspecies=1
Pivot for quality baseline: no
Save: /home/kiyaanpillai/Documents/aco-mkdb/results/vary_k2t5i_100_N/edit-guwikiquote_ants.json
Reduction: simple
Graph edges: 11364
Injected biclique: u=5 v=5 k=2 (existing=0 inserted=23 missing=2)
  planted U: [295, 478, 750, 827, 863]
  planted V: [692, 774, 895, 1346, 1596]
  reserved missing: [(295, 895), (750, 1596)]
nU=963, nV=1678, |E|=11387

==================== VARY ant-count ====================
dataset=konect-small/edit-guwikiquote  k=2  θ=5  iterations=5
ants-range=100  run_pivot=false  aco_runs=6
base_seed=1
prefer_smaller_side=false  neighbor_scope_limit=true
elite_pheromone=false  aco_tabu=false  mmas=false
reduction=simple (CNN / one-shot; progressive disabled)
DEBUG=true  plant_check=true

Warming up (excluded from timings)…
Prefer smaller side: false
Neighbor scope limit: true
Size of reduced graphs9 9
ACO MMAS disabled: species pheromone unbounded [0, +∞) (θ-heuristic not run for ACO)
ACO ablations: elite_pheromone=false tabu=false mmas=false
ACO subspecies 1 best: |U|=8 |V|=8 score=512 found_at_iter=1 found_at_t=0.0733s
ACO global best found at iteration 1 (t=0.0733s, score=512)

Reducing graph once (CNN)…
DEBUG: planted solution still in graph after reduction: yes dataset=konect-small/edit-guwikiquote
  plant U=[295, 478, 750, 827, 863]  V=[692, 774, 895, 1346, 1596]

── Graph reduction ──
  wall_time_s                  0.0019s
  allocated_bytes              899.78 KiB  (921376 bytes)
  reduced_nU                   129
  reduced_nV                   649
  reduced_edges                3328
  reduced_max_degree           600
  reduced_avg_degree           8.555269922879177

── Graph structure ──
  nU                           963
  nV                           1678
  edges                        11387
  reduced_nU                   129
  reduced_nV                   649
  reduced_edges                3328
  reduced_max_degree           600
  reduced_avg_degree           8.555269922879177
  mutable_graph_bytes          949.32 KiB  (972104 bytes)
  frozen_after_reduction_bytes 86.03 KiB  (88096 bytes)

θ-heuristic warmup (excluded from timings)…

Running θ-heuristic…

── θ-heuristic ──
  wall_time_s                  0.0005s
  allocated_bytes              239.41 KiB  (245160 bytes)
  rss_delta_bytes              0.0 B  (0 bytes)
  rss_peak_bytes               822.79 MiB  (862752768 bytes)
  solution                     |U|=5 |V|=18 edges=88 missing=2 (k=2)
  final_edges                  88
  optimal_edges                —
  matched_optimal              false

Running θ-heuristic…

── θ-heuristic ──
  wall_time_s                  0.0006s
  allocated_bytes              239.41 KiB  (245160 bytes)
  rss_delta_bytes              0.0 B  (0 bytes)
  rss_peak_bytes               822.79 MiB  (862752768 bytes)
  solution                     |U|=5 |V|=18 edges=88 missing=2 (k=2)
  final_edges                  88
  optimal_edges                —
  matched_optimal              false

── ACO ants=100  run 1/6  seed=1  (JIT warmup; recorded but discarded in emit) ──
Prefer smaller side: false
Neighbor scope limit: true
Size of reduced graphs129 649
ACO MMAS disabled: species pheromone unbounded [0, +∞) (θ-heuristic not run for ACO)
ACO ablations: elite_pheromone=false tabu=false mmas=false
ACO subspecies 1 best: |U|=5 |V|=37 score=925 found_at_iter=1 found_at_t=0.0291s
ACO global best found at iteration 1 (t=0.0291s, score=925)
  wall=0.2219s  to_best=0.0291s  iters→best=1  edges=183  vs heur=88 (beats)  [warmup]

── ACO ants=100  run 2/6  seed=2 ──
Prefer smaller side: false
Neighbor scope limit: true
Size of reduced graphs129 649
ACO MMAS disabled: species pheromone unbounded [0, +∞) (θ-heuristic not run for ACO)
ACO ablations: elite_pheromone=false tabu=false mmas=false
ACO subspecies 1 best: |U|=5 |V|=31 score=775 found_at_iter=5 found_at_t=0.1317s
ACO global best found at iteration 5 (t=0.1318s, score=775)
  wall=0.1337s  to_best=0.1317s  iters→best=5  edges=153  vs heur=88 (beats)

── ACO ants=100  run 3/6  seed=3 ──
Prefer smaller side: false
Neighbor scope limit: true
Size of reduced graphs129 649
ACO MMAS disabled: species pheromone unbounded [0, +∞) (θ-heuristic not run for ACO)
ACO ablations: elite_pheromone=false tabu=false mmas=false
ACO subspecies 1 best: |U|=5 |V|=31 score=775 found_at_iter=2 found_at_t=0.0463s
ACO global best found at iteration 2 (t=0.0464s, score=775)
  wall=0.1272s  to_best=0.0463s  iters→best=2  edges=153  vs heur=88 (beats)

── ACO ants=100  run 4/6  seed=4 ──
Prefer smaller side: false
Neighbor scope limit: true
Size of reduced graphs129 649
ACO MMAS disabled: species pheromone unbounded [0, +∞) (θ-heuristic not run for ACO)
ACO ablations: elite_pheromone=false tabu=false mmas=false
ACO subspecies 1 best: |U|=5 |V|=30 score=750 found_at_iter=4 found_at_t=0.1106s
ACO global best found at iteration 4 (t=0.1107s, score=750)
  wall=0.1376s  to_best=0.1106s  iters→best=4  edges=148  vs heur=88 (beats)

── ACO ants=100  run 5/6  seed=5 ──
Prefer smaller side: false
Neighbor scope limit: true
Size of reduced graphs129 649
ACO MMAS disabled: species pheromone unbounded [0, +∞) (θ-heuristic not run for ACO)
ACO ablations: elite_pheromone=false tabu=false mmas=false
ACO subspecies 1 best: |U|=5 |V|=18 score=450 found_at_iter=2 found_at_t=0.0496s
ACO global best found at iteration 2 (t=0.0496s, score=450)
  wall=0.1322s  to_best=0.0496s  iters→best=2  edges=88  vs heur=88

── ACO ants=100  run 6/6  seed=6 ──
Prefer smaller side: false
Neighbor scope limit: true
Size of reduced graphs129 649
ACO MMAS disabled: species pheromone unbounded [0, +∞) (θ-heuristic not run for ACO)
ACO ablations: elite_pheromone=false tabu=false mmas=false
ACO subspecies 1 best: |U|=5 |V|=35 score=875 found_at_iter=1 found_at_t=0.0305s
ACO global best found at iteration 1 (t=0.0305s, score=875)
  wall=0.1370s  to_best=0.0305s  iters→best=1  edges=173  vs heur=88 (beats)

==================== SUMMARY ======================
θ-heuristic edges=88  θ-feasible=true  |U|=5 |V|=18
ants    run   time        iters   edges     >heur   optimal
100     1     0.2219s     1       183       yes     —
100     2     0.1337s     5       153       yes     —
100     3     0.1272s     2       153       yes     —
100     4     0.1376s     4       148       yes     —
100     5     0.1322s     2       88        no      —
100     6     0.1370s     1       173       yes     —
===================================================

Best ACO trial (by edges): ants=100  run=6  edges=173  discovery=0.6677s  ITB=1  TTB=0.0305s  θ-feasible=true
Wrote benchmark results → /home/kiyaanpillai/Documents/aco-mkdb/results/vary_k2t5i_100_N/edit-guwikiquote_ants.json
Random seed: --seed=1
a = 3515605792

[8/37] konect-small/dnc-corecipient → results/vary_k2t5i_100_N/dnc-corecipient_ants.json
Loading graph from: data/konect-small/dnc-corecipient/indexed_interactions.csv
Parameters: k=2 θ=5
Inject: u=5 v=5 k=2 (in-memory; CSV unchanged)
Mode: vary ant-count (range=100, aco_runs=6)
ACO: iterations=5 pheromone=1 evaporation=0.95 subspecies=1
Pivot for quality baseline: no
Save: /home/kiyaanpillai/Documents/aco-mkdb/results/vary_k2t5i_100_N/dnc-corecipient_ants.json
Reduction: simple
Graph edges: 12085
Injected biclique: u=5 v=5 k=2 (existing=0 inserted=23 missing=2)
  planted U: [36, 212, 453, 523, 630]
  planted V: [152, 163, 191, 519, 598]
  reserved missing: [(212, 598), (630, 163)]
nU=653, nV=714, |E|=12108

==================== VARY ant-count ====================
dataset=konect-small/dnc-corecipient  k=2  θ=5  iterations=5
ants-range=100  run_pivot=false  aco_runs=6
base_seed=1
prefer_smaller_side=false  neighbor_scope_limit=true
elite_pheromone=false  aco_tabu=false  mmas=false
reduction=simple (CNN / one-shot; progressive disabled)
DEBUG=true  plant_check=true

Warming up (excluded from timings)…
Prefer smaller side: false
Neighbor scope limit: true
Size of reduced graphs9 9
ACO MMAS disabled: species pheromone unbounded [0, +∞) (θ-heuristic not run for ACO)
ACO ablations: elite_pheromone=false tabu=false mmas=false
ACO subspecies 1 best: |U|=8 |V|=8 score=512 found_at_iter=1 found_at_t=0.0634s
ACO global best found at iteration 1 (t=0.0634s, score=512)

Reducing graph once (CNN)…
DEBUG: planted solution still in graph after reduction: yes dataset=konect-small/dnc-corecipient
  plant U=[36, 212, 453, 523, 630]  V=[152, 163, 191, 519, 598]

── Graph reduction ──
  wall_time_s                  0.0032s
  allocated_bytes              1.37 MiB  (1434056 bytes)
  reduced_nU                   393
  reduced_nV                   369
  reduced_edges                11379
  reduced_max_degree           228
  reduced_avg_degree           29.866141732283463

── Graph structure ──
  nU                           653
  nV                           714
  edges                        12108
  reduced_nU                   393
  reduced_nV                   369
  reduced_edges                11379
  reduced_max_degree           228
  reduced_avg_degree           29.866141732283463
  mutable_graph_bytes          1.03 MiB  (1078824 bytes)
  frozen_after_reduction_bytes 224.33 KiB  (229712 bytes)

θ-heuristic warmup (excluded from timings)…

Running θ-heuristic…

── θ-heuristic ──
  wall_time_s                  0.0011s
  allocated_bytes              495.81 KiB  (507712 bytes)
  rss_delta_bytes              0.0 B  (0 bytes)
  rss_peak_bytes               814.25 MiB  (853798912 bytes)
  solution                     |U|=5 |V|=89 edges=443 missing=2 (k=2)
  final_edges                  443
  optimal_edges                —
  matched_optimal              false

Running θ-heuristic…

── θ-heuristic ──
  wall_time_s                  0.0010s
  allocated_bytes              495.81 KiB  (507712 bytes)
  rss_delta_bytes              0.0 B  (0 bytes)
  rss_peak_bytes               814.25 MiB  (853798912 bytes)
  solution                     |U|=5 |V|=89 edges=443 missing=2 (k=2)
  final_edges                  443
  optimal_edges                —
  matched_optimal              false

── ACO ants=100  run 1/6  seed=1  (JIT warmup; recorded but discarded in emit) ──
Prefer smaller side: false
Neighbor scope limit: true
Size of reduced graphs393 369
ACO MMAS disabled: species pheromone unbounded [0, +∞) (θ-heuristic not run for ACO)
ACO ablations: elite_pheromone=false tabu=false mmas=false
ACO subspecies 1 best: |U|=38 |V|=38 score=54872 found_at_iter=4 found_at_t=0.1317s
ACO global best found at iteration 4 (t=0.1317s, score=54872)
  wall=0.1574s  to_best=0.1317s  iters→best=4  edges=1442  vs heur=443 (beats)  [warmup]

── ACO ants=100  run 2/6  seed=2 ──
Prefer smaller side: false
Neighbor scope limit: true
Size of reduced graphs393 369
ACO MMAS disabled: species pheromone unbounded [0, +∞) (θ-heuristic not run for ACO)
ACO ablations: elite_pheromone=false tabu=false mmas=false
ACO subspecies 1 best: |U|=29 |V|=47 score=39527 found_at_iter=4 found_at_t=0.0522s
ACO global best found at iteration 4 (t=0.0522s, score=39527)
  wall=0.0718s  to_best=0.0522s  iters→best=4  edges=1362  vs heur=443 (beats)

── ACO ants=100  run 3/6  seed=3 ──
Prefer smaller side: false
Neighbor scope limit: true
Size of reduced graphs393 369
ACO MMAS disabled: species pheromone unbounded [0, +∞) (θ-heuristic not run for ACO)
ACO ablations: elite_pheromone=false tabu=false mmas=false
ACO subspecies 1 best: |U|=42 |V|=33 score=45738 found_at_iter=4 found_at_t=0.0527s
ACO global best found at iteration 4 (t=0.0527s, score=45738)
  wall=0.0745s  to_best=0.0527s  iters→best=4  edges=1384  vs heur=443 (beats)

── ACO ants=100  run 4/6  seed=4 ──
Prefer smaller side: false
Neighbor scope limit: true
Size of reduced graphs393 369
ACO MMAS disabled: species pheromone unbounded [0, +∞) (θ-heuristic not run for ACO)
ACO ablations: elite_pheromone=false tabu=false mmas=false
ACO subspecies 1 best: |U|=22 |V|=34 score=16456 found_at_iter=3 found_at_t=0.0374s
ACO global best found at iteration 3 (t=0.0374s, score=16456)
  wall=0.0728s  to_best=0.0374s  iters→best=3  edges=746  vs heur=443 (beats)

── ACO ants=100  run 5/6  seed=5 ──
Prefer smaller side: false
Neighbor scope limit: true
Size of reduced graphs393 369
ACO MMAS disabled: species pheromone unbounded [0, +∞) (θ-heuristic not run for ACO)
ACO ablations: elite_pheromone=false tabu=false mmas=false
ACO subspecies 1 best: |U|=45 |V|=31 score=43245 found_at_iter=1 found_at_t=0.0123s
ACO global best found at iteration 1 (t=0.0124s, score=43245)
  wall=0.0806s  to_best=0.0123s  iters→best=1  edges=1393  vs heur=443 (beats)

── ACO ants=100  run 6/6  seed=6 ──
Prefer smaller side: false
Neighbor scope limit: true
Size of reduced graphs393 369
ACO MMAS disabled: species pheromone unbounded [0, +∞) (θ-heuristic not run for ACO)
ACO ablations: elite_pheromone=false tabu=false mmas=false
ACO subspecies 1 best: |U|=46 |V|=30 score=41400 found_at_iter=3 found_at_t=0.0374s
ACO global best found at iteration 3 (t=0.0375s, score=41400)
  wall=0.0751s  to_best=0.0374s  iters→best=3  edges=1378  vs heur=443 (beats)

==================== SUMMARY ======================
θ-heuristic edges=443  θ-feasible=true  |U|=5 |V|=89
ants    run   time        iters   edges     >heur   optimal
100     1     0.1574s     4       1442      yes     —
100     2     0.0718s     4       1362      yes     —
100     3     0.0745s     4       1384      yes     —
100     4     0.0728s     3       746       yes     —
100     5     0.0806s     1       1393      yes     —
100     6     0.0751s     3       1378      yes     —
===================================================

Best ACO trial (by edges): ants=100  run=5  edges=1393  discovery=0.3748s  ITB=1  TTB=0.0123s  θ-feasible=true
Wrote benchmark results → /home/kiyaanpillai/Documents/aco-mkdb/results/vary_k2t5i_100_N/dnc-corecipient_ants.json
Random seed: --seed=1
a = 3112689384

[9/37] konect-small/moreno_health → results/vary_k2t5i_100_N/moreno_health_ants.json
Loading graph from: data/konect-small/moreno_health/indexed_interactions.csv
Parameters: k=2 θ=5
Inject: u=5 v=5 k=2 (in-memory; CSV unchanged)
Mode: vary ant-count (range=100, aco_runs=6)
ACO: iterations=5 pheromone=1 evaporation=0.95 subspecies=1
Pivot for quality baseline: no
Save: /home/kiyaanpillai/Documents/aco-mkdb/results/vary_k2t5i_100_N/moreno_health_ants.json
Reduction: simple
Graph edges: 12969
Injected biclique: u=5 v=5 k=2 (existing=0 inserted=23 missing=2)
  planted U: [31, 592, 1156, 1781, 2024]
  planted V: [835, 961, 1762, 1923, 2160]
  reserved missing: [(592, 2160), (1781, 1762)]
nU=2313, nV=2441, |E|=12992

==================== VARY ant-count ====================
dataset=konect-small/moreno_health  k=2  θ=5  iterations=5
ants-range=100  run_pivot=false  aco_runs=6
base_seed=1
prefer_smaller_side=false  neighbor_scope_limit=true
elite_pheromone=false  aco_tabu=false  mmas=false
reduction=simple (CNN / one-shot; progressive disabled)
DEBUG=true  plant_check=true

Warming up (excluded from timings)…
Prefer smaller side: false
Neighbor scope limit: true
Size of reduced graphs9 9
ACO MMAS disabled: species pheromone unbounded [0, +∞) (θ-heuristic not run for ACO)
ACO ablations: elite_pheromone=false tabu=false mmas=false
ACO subspecies 1 best: |U|=8 |V|=8 score=512 found_at_iter=1 found_at_t=0.0708s
ACO global best found at iteration 1 (t=0.0708s, score=512)

Reducing graph once (CNN)…
DEBUG: planted solution still in graph after reduction: yes dataset=konect-small/moreno_health
  plant U=[31, 592, 1156, 1781, 2024]  V=[835, 961, 1762, 1923, 2160]

── Graph reduction ──
  wall_time_s                  0.0017s
  allocated_bytes              1.07 MiB  (1122168 bytes)
  reduced_nU                   325
  reduced_nV                   275
  reduced_edges                1496
  reduced_max_degree           25
  reduced_avg_degree           4.986666666666666

── Graph structure ──
  nU                           2313
  nV                           2441
  edges                        12992
  reduced_nU                   325
  reduced_nV                   275
  reduced_edges                1496
  reduced_max_degree           25
  reduced_avg_degree           4.986666666666666
  mutable_graph_bytes          1.4 MiB  (1464648 bytes)
  frozen_after_reduction_bytes 50.38 KiB  (51584 bytes)

θ-heuristic warmup (excluded from timings)…

Running θ-heuristic…

── θ-heuristic ──
  wall_time_s                  0.0002s
  allocated_bytes              110.66 KiB  (113312 bytes)
  rss_delta_bytes              0.0 B  (0 bytes)
  rss_peak_bytes               852.06 MiB  (893448192 bytes)
  solution                     |U|=5 |V|=6 edges=29 missing=1 (k=2)
  final_edges                  29
  optimal_edges                —
  matched_optimal              false

Running θ-heuristic…

── θ-heuristic ──
  wall_time_s                  0.0002s
  allocated_bytes              110.66 KiB  (113312 bytes)
  rss_delta_bytes              0.0 B  (0 bytes)
  rss_peak_bytes               852.06 MiB  (893448192 bytes)
  solution                     |U|=5 |V|=6 edges=29 missing=1 (k=2)
  final_edges                  29
  optimal_edges                —
  matched_optimal              false

── ACO ants=100  run 1/6  seed=1  (JIT warmup; recorded but discarded in emit) ──
Prefer smaller side: false
Neighbor scope limit: true
Size of reduced graphs325 275
ACO MMAS disabled: species pheromone unbounded [0, +∞) (θ-heuristic not run for ACO)
ACO ablations: elite_pheromone=false tabu=false mmas=false
ACO subspecies 1 best: |U|=6 |V|=6 score=216 found_at_iter=3 found_at_t=0.0862s
ACO global best found at iteration 3 (t=0.0862s, score=216)
  wall=0.0951s  to_best=0.0862s  iters→best=3  edges=34  vs heur=29 (beats)  [warmup]

── ACO ants=100  run 2/6  seed=2 ──
Prefer smaller side: false
Neighbor scope limit: true
Size of reduced graphs325 275
ACO MMAS disabled: species pheromone unbounded [0, +∞) (θ-heuristic not run for ACO)
ACO ablations: elite_pheromone=false tabu=false mmas=false
ACO subspecies 1 best: |U|=6 |V|=6 score=216 found_at_iter=3 found_at_t=0.0099s
ACO global best found at iteration 3 (t=0.0099s, score=216)
  wall=0.0181s  to_best=0.0099s  iters→best=3  edges=34  vs heur=29 (beats)

── ACO ants=100  run 3/6  seed=3 ──
Prefer smaller side: false
Neighbor scope limit: true
Size of reduced graphs325 275
ACO MMAS disabled: species pheromone unbounded [0, +∞) (θ-heuristic not run for ACO)
ACO ablations: elite_pheromone=false tabu=false mmas=false
ACO subspecies 1 best: |U|=6 |V|=6 score=216 found_at_iter=3 found_at_t=0.0099s
ACO global best found at iteration 3 (t=0.0099s, score=216)
  wall=0.0174s  to_best=0.0099s  iters→best=3  edges=34  vs heur=29 (beats)

── ACO ants=100  run 4/6  seed=4 ──
Prefer smaller side: false
Neighbor scope limit: true
Size of reduced graphs325 275
ACO MMAS disabled: species pheromone unbounded [0, +∞) (θ-heuristic not run for ACO)
ACO ablations: elite_pheromone=false tabu=false mmas=false
ACO subspecies 1 best: |U|=6 |V|=6 score=216 found_at_iter=2 found_at_t=0.0058s
ACO global best found at iteration 2 (t=0.0058s, score=216)
  wall=0.0159s  to_best=0.0058s  iters→best=2  edges=34  vs heur=29 (beats)

── ACO ants=100  run 5/6  seed=5 ──
Prefer smaller side: false
Neighbor scope limit: true
Size of reduced graphs325 275
ACO MMAS disabled: species pheromone unbounded [0, +∞) (θ-heuristic not run for ACO)
ACO ablations: elite_pheromone=false tabu=false mmas=false
ACO subspecies 1 best: |U|=6 |V|=6 score=216 found_at_iter=2 found_at_t=0.0058s
ACO global best found at iteration 2 (t=0.0058s, score=216)
  wall=0.0163s  to_best=0.0058s  iters→best=2  edges=34  vs heur=29 (beats)

── ACO ants=100  run 6/6  seed=6 ──
Prefer smaller side: false
Neighbor scope limit: true
Size of reduced graphs325 275
ACO MMAS disabled: species pheromone unbounded [0, +∞) (θ-heuristic not run for ACO)
ACO ablations: elite_pheromone=false tabu=false mmas=false
ACO subspecies 1 best: |U|=6 |V|=6 score=216 found_at_iter=4 found_at_t=0.0133s
ACO global best found at iteration 4 (t=0.0134s, score=216)
  wall=0.0177s  to_best=0.0133s  iters→best=4  edges=34  vs heur=29 (beats)

==================== SUMMARY ======================
θ-heuristic edges=29  θ-feasible=true  |U|=5 |V|=6
ants    run   time        iters   edges     >heur   optimal
100     1     0.0951s     3       34        yes     —
100     2     0.0181s     3       34        yes     —
100     3     0.0174s     3       34        yes     —
100     4     0.0159s     2       34        yes     —
100     5     0.0163s     2       34        yes     —
100     6     0.0177s     4       34        yes     —
===================================================

Best ACO trial (by edges): ants=100  run=5  edges=34  discovery=0.0854s  ITB=2  TTB=0.0058s  θ-feasible=true
Wrote benchmark results → /home/kiyaanpillai/Documents/aco-mkdb/results/vary_k2t5i_100_N/moreno_health_ants.json
Random seed: --seed=1
a = 2794886272

[10/37] konect-small/edit-mkwikisource → results/vary_k2t5i_100_N/edit-mkwikisource_ants.json
Loading graph from: data/konect-small/edit-mkwikisource/indexed_interactions.csv
Parameters: k=2 θ=5
Inject: u=5 v=5 k=2 (in-memory; CSV unchanged)
Mode: vary ant-count (range=100, aco_runs=6)
ACO: iterations=5 pheromone=1 evaporation=0.95 subspecies=1
Pivot for quality baseline: no
Save: /home/kiyaanpillai/Documents/aco-mkdb/results/vary_k2t5i_100_N/edit-mkwikisource_ants.json
Reduction: simple
Graph edges: 13801
Injected biclique: u=5 v=5 k=2 (existing=0 inserted=23 missing=2)
  planted U: [12, 28, 162, 167, 187]
  planted V: [478, 762, 4101, 5417, 5739]
  reserved missing: [(12, 478), (12, 5739)]
nU=218, nV=6635, |E|=13824

==================== VARY ant-count ====================
dataset=konect-small/edit-mkwikisource  k=2  θ=5  iterations=5
ants-range=100  run_pivot=false  aco_runs=6
base_seed=1
prefer_smaller_side=false  neighbor_scope_limit=true
elite_pheromone=false  aco_tabu=false  mmas=false
reduction=simple (CNN / one-shot; progressive disabled)
DEBUG=true  plant_check=true

Warming up (excluded from timings)…
Prefer smaller side: false
Neighbor scope limit: true
Size of reduced graphs9 9
ACO MMAS disabled: species pheromone unbounded [0, +∞) (θ-heuristic not run for ACO)
ACO ablations: elite_pheromone=false tabu=false mmas=false
ACO subspecies 1 best: |U|=8 |V|=8 score=512 found_at_iter=1 found_at_t=0.067s
ACO global best found at iteration 1 (t=0.067s, score=512)

Reducing graph once (CNN)…
DEBUG: planted solution still in graph after reduction: yes dataset=konect-small/edit-mkwikisource
  plant U=[12, 28, 162, 167, 187]  V=[478, 762, 4101, 5417, 5739]

── Graph reduction ──
  wall_time_s                  0.0026s
  allocated_bytes              1.04 MiB  (1087720 bytes)
  reduced_nU                   19
  reduced_nV                   121
  reduced_edges                399
  reduced_max_degree           118
  reduced_avg_degree           5.7

── Graph structure ──
  nU                           218
  nV                           6635
  edges                        13824
  reduced_nU                   19
  reduced_nV                   121
  reduced_edges                399
  reduced_max_degree           118
  reduced_avg_degree           5.7
  mutable_graph_bytes          2.15 MiB  (2255432 bytes)
  frozen_after_reduction_bytes 13.83 KiB  (14160 bytes)

θ-heuristic warmup (excluded from timings)…

Running θ-heuristic…

── θ-heuristic ──
  wall_time_s                  0.0001s
  allocated_bytes              43.22 KiB  (44256 bytes)
  rss_delta_bytes              0.0 B  (0 bytes)
  rss_peak_bytes               847.96 MiB  (889155584 bytes)
  solution                     |U|=5 |V|=2 edges=8 missing=2 (k=2)
  final_edges                  8
  optimal_edges                —
  matched_optimal              false

Running θ-heuristic…

── θ-heuristic ──
  wall_time_s                  0.0001s
  allocated_bytes              43.22 KiB  (44256 bytes)
  rss_delta_bytes              0.0 B  (0 bytes)
  rss_peak_bytes               847.96 MiB  (889155584 bytes)
  solution                     |U|=5 |V|=2 edges=8 missing=2 (k=2)
  final_edges                  8
  optimal_edges                —
  matched_optimal              false

── ACO ants=100  run 1/6  seed=1  (JIT warmup; recorded but discarded in emit) ──
Prefer smaller side: false
Neighbor scope limit: true
Size of reduced graphs19 121
ACO MMAS disabled: species pheromone unbounded [0, +∞) (θ-heuristic not run for ACO)
ACO ablations: elite_pheromone=false tabu=false mmas=false
ACO subspecies 1 best: |U|=5 |V|=5 score=125 found_at_iter=2 found_at_t=0.0907s
ACO global best found at iteration 2 (t=0.0907s, score=125)
  wall=0.1035s  to_best=0.0907s  iters→best=2  edges=24  vs heur=8 (beats)  [warmup]

── ACO ants=100  run 2/6  seed=2 ──
Prefer smaller side: false
Neighbor scope limit: true
Size of reduced graphs19 121
ACO MMAS disabled: species pheromone unbounded [0, +∞) (θ-heuristic not run for ACO)
ACO ablations: elite_pheromone=false tabu=false mmas=false
ACO subspecies 1 best: |U|=4 |V|=9 score=16 found_at_iter=1 found_at_t=0.0033s
ACO global best found at iteration 1 (t=0.0033s, score=16)
  wall=0.0186s  to_best=0.0033s  iters→best=1  edges=34  vs heur=8

── ACO ants=100  run 3/6  seed=3 ──
Prefer smaller side: false
Neighbor scope limit: true
Size of reduced graphs19 121
ACO MMAS disabled: species pheromone unbounded [0, +∞) (θ-heuristic not run for ACO)
ACO ablations: elite_pheromone=false tabu=false mmas=false
ACO subspecies 1 best: |U|=5 |V|=5 score=125 found_at_iter=1 found_at_t=0.0029s
ACO global best found at iteration 1 (t=0.0029s, score=125)
  wall=0.0194s  to_best=0.0029s  iters→best=1  edges=24  vs heur=8 (beats)

── ACO ants=100  run 4/6  seed=4 ──
Prefer smaller side: false
Neighbor scope limit: true
Size of reduced graphs19 121
ACO MMAS disabled: species pheromone unbounded [0, +∞) (θ-heuristic not run for ACO)
ACO ablations: elite_pheromone=false tabu=false mmas=false
ACO subspecies 1 best: |U|=4 |V|=4 score=16 found_at_iter=1 found_at_t=0.003s
ACO global best found at iteration 1 (t=0.003s, score=16)
  wall=0.0193s  to_best=0.0030s  iters→best=1  edges=14  vs heur=8

── ACO ants=100  run 5/6  seed=5 ──
Prefer smaller side: false
Neighbor scope limit: true
Size of reduced graphs19 121
ACO MMAS disabled: species pheromone unbounded [0, +∞) (θ-heuristic not run for ACO)
ACO ablations: elite_pheromone=false tabu=false mmas=false
ACO subspecies 1 best: |U|=4 |V|=7 score=16 found_at_iter=1 found_at_t=0.003s
ACO global best found at iteration 1 (t=0.003s, score=16)
  wall=0.0189s  to_best=0.0030s  iters→best=1  edges=26  vs heur=8

── ACO ants=100  run 6/6  seed=6 ──
Prefer smaller side: false
Neighbor scope limit: true
Size of reduced graphs19 121
ACO MMAS disabled: species pheromone unbounded [0, +∞) (θ-heuristic not run for ACO)
ACO ablations: elite_pheromone=false tabu=false mmas=false
ACO subspecies 1 best: |U|=4 |V|=9 score=16 found_at_iter=1 found_at_t=0.0033s
ACO global best found at iteration 1 (t=0.0033s, score=16)
  wall=0.0196s  to_best=0.0033s  iters→best=1  edges=34  vs heur=8

==================== SUMMARY ======================
θ-heuristic edges=8  θ-feasible=false  |U|=5 |V|=2
ants    run   time        iters   edges     >heur   optimal
100     1     0.1035s     2       24        yes     —
100     2     0.0186s     1       34        no      —
100     3     0.0194s     1       24        yes     —
100     4     0.0193s     1       14        no      —
100     5     0.0189s     1       26        no      —
100     6     0.0196s     1       34        no      —
===================================================

Best ACO trial (by edges): ants=100  run=6  edges=34  discovery=0.0957s  ITB=1  TTB=0.0033s  θ-feasible=false
Wrote benchmark results → /home/kiyaanpillai/Documents/aco-mkdb/results/vary_k2t5i_100_N/edit-mkwikisource_ants.json
Random seed: --seed=1
a = 2848188648

[11/37] konect-small/edit-mrwiktionary → results/vary_k2t5i_100_N/edit-mrwiktionary_ants.json
Loading graph from: data/konect-small/edit-mrwiktionary/indexed_interactions.csv
Parameters: k=2 θ=5
Inject: u=5 v=5 k=2 (in-memory; CSV unchanged)
Mode: vary ant-count (range=100, aco_runs=6)
ACO: iterations=5 pheromone=1 evaporation=0.95 subspecies=1
Pivot for quality baseline: no
Save: /home/kiyaanpillai/Documents/aco-mkdb/results/vary_k2t5i_100_N/edit-mrwiktionary_ants.json
Reduction: simple
Graph edges: 14353
Injected biclique: u=5 v=5 k=2 (existing=1 inserted=22 missing=2)
  planted U: [9, 30, 40, 154, 263]
  planted V: [1206, 2154, 2297, 3144, 3905]
  reserved missing: [(9, 3144), (154, 3144)]
nU=281, nV=3995, |E|=14375

==================== VARY ant-count ====================
dataset=konect-small/edit-mrwiktionary  k=2  θ=5  iterations=5
ants-range=100  run_pivot=false  aco_runs=6
base_seed=1
prefer_smaller_side=false  neighbor_scope_limit=true
elite_pheromone=false  aco_tabu=false  mmas=false
reduction=simple (CNN / one-shot; progressive disabled)
DEBUG=true  plant_check=true

Warming up (excluded from timings)…
Prefer smaller side: false
Neighbor scope limit: true
Size of reduced graphs9 9
ACO MMAS disabled: species pheromone unbounded [0, +∞) (θ-heuristic not run for ACO)
ACO ablations: elite_pheromone=false tabu=false mmas=false
ACO subspecies 1 best: |U|=8 |V|=8 score=512 found_at_iter=1 found_at_t=0.0622s
ACO global best found at iteration 1 (t=0.0622s, score=512)

Reducing graph once (CNN)…
DEBUG: planted solution still in graph after reduction: yes dataset=konect-small/edit-mrwiktionary
  plant U=[9, 30, 40, 154, 263]  V=[1206, 2154, 2297, 3144, 3905]

── Graph reduction ──
  wall_time_s                  0.0033s
  allocated_bytes              1.32 MiB  (1380856 bytes)
  reduced_nU                   46
  reduced_nV                   1014
  reduced_edges                4630
  reduced_max_degree           798
  reduced_avg_degree           8.735849056603774

── Graph structure ──
  nU                           281
  nV                           3995
  edges                        14375
  reduced_nU                   46
  reduced_nV                   1014
  reduced_edges                4630
  reduced_max_degree           798
  reduced_avg_degree           8.735849056603774
  mutable_graph_bytes          1.63 MiB  (1712792 bytes)
  frozen_after_reduction_bytes 125.66 KiB  (128672 bytes)

θ-heuristic warmup (excluded from timings)…

Running θ-heuristic…

── θ-heuristic ──
  wall_time_s                  0.0007s
  allocated_bytes              367.48 KiB  (376304 bytes)
  rss_delta_bytes              0.0 B  (0 bytes)
  rss_peak_bytes               819.12 MiB  (858906624 bytes)
  solution                     |U|=5 |V|=94 edges=468 missing=2 (k=2)
  final_edges                  468
  optimal_edges                —
  matched_optimal              false

Running θ-heuristic…

── θ-heuristic ──
  wall_time_s                  0.0006s
  allocated_bytes              367.48 KiB  (376304 bytes)
  rss_delta_bytes              0.0 B  (0 bytes)
  rss_peak_bytes               819.12 MiB  (858906624 bytes)
  solution                     |U|=5 |V|=94 edges=468 missing=2 (k=2)
  final_edges                  468
  optimal_edges                —
  matched_optimal              false

── ACO ants=100  run 1/6  seed=1  (JIT warmup; recorded but discarded in emit) ──
Prefer smaller side: false
Neighbor scope limit: true
Size of reduced graphs46 1014
ACO MMAS disabled: species pheromone unbounded [0, +∞) (θ-heuristic not run for ACO)
ACO ablations: elite_pheromone=false tabu=false mmas=false
ACO subspecies 1 best: |U|=5 |V|=94 score=2350 found_at_iter=1 found_at_t=0.0779s
ACO global best found at iteration 1 (t=0.0779s, score=2350)
  wall=0.4721s  to_best=0.0779s  iters→best=1  edges=468  vs heur=468  [warmup]

── ACO ants=100  run 2/6  seed=2 ──
Prefer smaller side: false
Neighbor scope limit: true
Size of reduced graphs46 1014
ACO MMAS disabled: species pheromone unbounded [0, +∞) (θ-heuristic not run for ACO)
ACO ablations: elite_pheromone=false tabu=false mmas=false
ACO subspecies 1 best: |U|=5 |V|=94 score=2350 found_at_iter=2 found_at_t=0.1398s
ACO global best found at iteration 2 (t=0.1399s, score=2350)
  wall=0.3570s  to_best=0.1398s  iters→best=2  edges=468  vs heur=468

── ACO ants=100  run 3/6  seed=3 ──
Prefer smaller side: false
Neighbor scope limit: true
Size of reduced graphs46 1014
ACO MMAS disabled: species pheromone unbounded [0, +∞) (θ-heuristic not run for ACO)
ACO ablations: elite_pheromone=false tabu=false mmas=false
ACO subspecies 1 best: |U|=5 |V|=94 score=2350 found_at_iter=1 found_at_t=0.061s
ACO global best found at iteration 1 (t=0.061s, score=2350)
  wall=0.3629s  to_best=0.0610s  iters→best=1  edges=468  vs heur=468

── ACO ants=100  run 4/6  seed=4 ──
Prefer smaller side: false
Neighbor scope limit: true
Size of reduced graphs46 1014
ACO MMAS disabled: species pheromone unbounded [0, +∞) (θ-heuristic not run for ACO)
ACO ablations: elite_pheromone=false tabu=false mmas=false
ACO subspecies 1 best: |U|=5 |V|=94 score=2350 found_at_iter=1 found_at_t=0.0923s
ACO global best found at iteration 1 (t=0.0923s, score=2350)
  wall=0.4058s  to_best=0.0923s  iters→best=1  edges=468  vs heur=468

── ACO ants=100  run 5/6  seed=5 ──
Prefer smaller side: false
Neighbor scope limit: true
Size of reduced graphs46 1014
ACO MMAS disabled: species pheromone unbounded [0, +∞) (θ-heuristic not run for ACO)
ACO ablations: elite_pheromone=false tabu=false mmas=false
ACO subspecies 1 best: |U|=5 |V|=94 score=2350 found_at_iter=2 found_at_t=0.1406s
ACO global best found at iteration 2 (t=0.1406s, score=2350)
  wall=0.3428s  to_best=0.1406s  iters→best=2  edges=468  vs heur=468

── ACO ants=100  run 6/6  seed=6 ──
Prefer smaller side: false
Neighbor scope limit: true
Size of reduced graphs46 1014
ACO MMAS disabled: species pheromone unbounded [0, +∞) (θ-heuristic not run for ACO)
ACO ablations: elite_pheromone=false tabu=false mmas=false
ACO subspecies 1 best: |U|=5 |V|=94 score=2350 found_at_iter=1 found_at_t=0.0665s
ACO global best found at iteration 1 (t=0.0665s, score=2350)
  wall=0.3169s  to_best=0.0665s  iters→best=1  edges=468  vs heur=468

==================== SUMMARY ======================
θ-heuristic edges=468  θ-feasible=true  |U|=5 |V|=94
ants    run   time        iters   edges     >heur   optimal
100     1     0.4721s     1       468       no      —
100     2     0.3570s     2       468       no      —
100     3     0.3629s     1       468       no      —
100     4     0.4058s     1       468       no      —
100     5     0.3428s     2       468       no      —
100     6     0.3169s     1       468       no      —
===================================================

Best ACO trial (by edges): ants=100  run=3  edges=468  discovery=1.7855s  ITB=1  TTB=0.0610s  θ-feasible=true
Wrote benchmark results → /home/kiyaanpillai/Documents/aco-mkdb/results/vary_k2t5i_100_N/edit-mrwiktionary_ants.json
Random seed: --seed=1
a = 4318164064

[12/37] amazon/boxes → results/vary_k2t5i_100_N/boxes_ants.json
Loading graph from: data/amazon/boxes/indexed_interactions.csv
Parameters: k=2 θ=5
Inject: u=5 v=5 k=2 (in-memory; CSV unchanged)
Mode: vary ant-count (range=100, aco_runs=6)
ACO: iterations=5 pheromone=1 evaporation=0.95 subspecies=1
Pivot for quality baseline: no
Save: /home/kiyaanpillai/Documents/aco-mkdb/results/vary_k2t5i_100_N/boxes_ants.json
Reduction: simple
Graph edges: 16216
Injected biclique: u=5 v=5 k=2 (existing=0 inserted=23 missing=2)
  planted U: [1145, 1938, 6484, 9265, 11016]
  planted V: [382, 453, 794, 934, 1073]
  reserved missing: [(1145, 794), (1938, 1073)]
nU=15237, nV=1128, |E|=16239

==================== VARY ant-count ====================
dataset=amazon/boxes  k=2  θ=5  iterations=5
ants-range=100  run_pivot=false  aco_runs=6
base_seed=1
prefer_smaller_side=false  neighbor_scope_limit=true
elite_pheromone=false  aco_tabu=false  mmas=false
reduction=simple (CNN / one-shot; progressive disabled)
DEBUG=true  plant_check=true

Warming up (excluded from timings)…
Prefer smaller side: false
Neighbor scope limit: true
Size of reduced graphs9 9
ACO MMAS disabled: species pheromone unbounded [0, +∞) (θ-heuristic not run for ACO)
ACO ablations: elite_pheromone=false tabu=false mmas=false
ACO subspecies 1 best: |U|=8 |V|=8 score=512 found_at_iter=1 found_at_t=0.0695s
ACO global best found at iteration 1 (t=0.0695s, score=512)

Reducing graph once (CNN)…
DEBUG: planted solution still in graph after reduction: yes dataset=amazon/boxes
  plant U=[1145, 1938, 6484, 9265, 11016]  V=[382, 453, 794, 934, 1073]

── Graph reduction ──
  wall_time_s                  0.0024s
  allocated_bytes              2.27 MiB  (2378064 bytes)
  reduced_nU                   14
  reduced_nV                   14
  reduced_edges                50
  reduced_max_degree           5
  reduced_avg_degree           3.5714285714285716

── Graph structure ──
  nU                           15237
  nV                           1128
  edges                        16239
  reduced_nU                   14
  reduced_nV                   14
  reduced_edges                50
  reduced_max_degree           5
  reduced_avg_degree           3.5714285714285716
  mutable_graph_bytes          5.51 MiB  (5779192 bytes)
  frozen_after_reduction_bytes 2.91 KiB  (2976 bytes)

θ-heuristic warmup (excluded from timings)…

Running θ-heuristic…

── θ-heuristic ──
  wall_time_s                  0.0000s
  allocated_bytes              7.7 KiB  (7888 bytes)
  rss_delta_bytes              0.0 B  (0 bytes)
  rss_peak_bytes               822.91 MiB  (862883840 bytes)
  solution                     |U|=5 |V|=5 edges=23 missing=2 (k=2)
  final_edges                  23
  optimal_edges                —
  matched_optimal              false

Running θ-heuristic…

── θ-heuristic ──
  wall_time_s                  0.0000s
  allocated_bytes              7.7 KiB  (7888 bytes)
  rss_delta_bytes              0.0 B  (0 bytes)
  rss_peak_bytes               822.91 MiB  (862883840 bytes)
  solution                     |U|=5 |V|=5 edges=23 missing=2 (k=2)
  final_edges                  23
  optimal_edges                —
  matched_optimal              false

── ACO ants=100  run 1/6  seed=1  (JIT warmup; recorded but discarded in emit) ──
Prefer smaller side: false
Neighbor scope limit: true
Size of reduced graphs14 14
ACO MMAS disabled: species pheromone unbounded [0, +∞) (θ-heuristic not run for ACO)
ACO ablations: elite_pheromone=false tabu=false mmas=false
ACO subspecies 1 best: |U|=5 |V|=5 score=125 found_at_iter=1 found_at_t=0.0004s
ACO global best found at iteration 1 (t=0.0004s, score=125)
  wall=0.0808s  to_best=0.0004s  iters→best=1  edges=23  vs heur=23  [warmup]

── ACO ants=100  run 2/6  seed=2 ──
Prefer smaller side: false
Neighbor scope limit: true
Size of reduced graphs14 14
ACO MMAS disabled: species pheromone unbounded [0, +∞) (θ-heuristic not run for ACO)
ACO ablations: elite_pheromone=false tabu=false mmas=false
ACO subspecies 1 best: |U|=5 |V|=5 score=125 found_at_iter=1 found_at_t=0.0004s
ACO global best found at iteration 1 (t=0.0004s, score=125)
  wall=0.0026s  to_best=0.0004s  iters→best=1  edges=23  vs heur=23

── ACO ants=100  run 3/6  seed=3 ──
Prefer smaller side: false
Neighbor scope limit: true
Size of reduced graphs14 14
ACO MMAS disabled: species pheromone unbounded [0, +∞) (θ-heuristic not run for ACO)
ACO ablations: elite_pheromone=false tabu=false mmas=false
ACO subspecies 1 best: |U|=5 |V|=5 score=125 found_at_iter=1 found_at_t=0.0004s
ACO global best found at iteration 1 (t=0.0004s, score=125)
  wall=0.0026s  to_best=0.0004s  iters→best=1  edges=23  vs heur=23

── ACO ants=100  run 4/6  seed=4 ──
Prefer smaller side: false
Neighbor scope limit: true
Size of reduced graphs14 14
ACO MMAS disabled: species pheromone unbounded [0, +∞) (θ-heuristic not run for ACO)
ACO ablations: elite_pheromone=false tabu=false mmas=false
ACO subspecies 1 best: |U|=5 |V|=5 score=125 found_at_iter=1 found_at_t=0.0004s
ACO global best found at iteration 1 (t=0.0004s, score=125)
  wall=0.0026s  to_best=0.0004s  iters→best=1  edges=23  vs heur=23

── ACO ants=100  run 5/6  seed=5 ──
Prefer smaller side: false
Neighbor scope limit: true
Size of reduced graphs14 14
ACO MMAS disabled: species pheromone unbounded [0, +∞) (θ-heuristic not run for ACO)
ACO ablations: elite_pheromone=false tabu=false mmas=false
ACO subspecies 1 best: |U|=5 |V|=5 score=125 found_at_iter=1 found_at_t=0.0004s
ACO global best found at iteration 1 (t=0.0005s, score=125)
  wall=0.0028s  to_best=0.0004s  iters→best=1  edges=23  vs heur=23

── ACO ants=100  run 6/6  seed=6 ──
Prefer smaller side: false
Neighbor scope limit: true
Size of reduced graphs14 14
ACO MMAS disabled: species pheromone unbounded [0, +∞) (θ-heuristic not run for ACO)
ACO ablations: elite_pheromone=false tabu=false mmas=false
ACO subspecies 1 best: |U|=5 |V|=5 score=125 found_at_iter=1 found_at_t=0.0005s
ACO global best found at iteration 1 (t=0.0005s, score=125)
  wall=0.0031s  to_best=0.0005s  iters→best=1  edges=23  vs heur=23

==================== SUMMARY ======================
θ-heuristic edges=23  θ-feasible=true  |U|=5 |V|=5
ants    run   time        iters   edges     >heur   optimal
100     1     0.0808s     1       23        no      —
100     2     0.0026s     1       23        no      —
100     3     0.0026s     1       23        no      —
100     4     0.0026s     1       23        no      —
100     5     0.0028s     1       23        no      —
100     6     0.0031s     1       23        no      —
===================================================

Best ACO trial (by edges): ants=100  run=3  edges=23  discovery=0.0138s  ITB=1  TTB=0.0004s  θ-feasible=true
Wrote benchmark results → /home/kiyaanpillai/Documents/aco-mkdb/results/vary_k2t5i_100_N/boxes_ants.json
Random seed: --seed=1
a = 2744783824

[13/37] konect-small/petster-hamster → results/vary_k2t5i_100_N/petster-hamster_ants.json
Loading graph from: data/konect-small/petster-hamster/indexed_interactions.csv
Parameters: k=2 θ=5
Inject: u=5 v=5 k=2 (in-memory; CSV unchanged)
Mode: vary ant-count (range=100, aco_runs=6)
ACO: iterations=5 pheromone=1 evaporation=0.95 subspecies=1
Pivot for quality baseline: no
Save: /home/kiyaanpillai/Documents/aco-mkdb/results/vary_k2t5i_100_N/petster-hamster_ants.json
Reduction: simple
Graph edges: 16631
Injected biclique: u=5 v=5 k=2 (existing=0 inserted=23 missing=2)
  planted U: [292, 466, 1080, 1770, 1944]
  planted V: [214, 815, 1192, 1391, 1471]
  reserved missing: [(466, 1471), (1080, 1471)]
nU=2244, nV=1766, |E|=16654

==================== VARY ant-count ====================
dataset=konect-small/petster-hamster  k=2  θ=5  iterations=5
ants-range=100  run_pivot=false  aco_runs=6
base_seed=1
prefer_smaller_side=false  neighbor_scope_limit=true
elite_pheromone=false  aco_tabu=false  mmas=false
reduction=simple (CNN / one-shot; progressive disabled)
DEBUG=true  plant_check=true

Warming up (excluded from timings)…
Prefer smaller side: false
Neighbor scope limit: true
Size of reduced graphs9 9
ACO MMAS disabled: species pheromone unbounded [0, +∞) (θ-heuristic not run for ACO)
ACO ablations: elite_pheromone=false tabu=false mmas=false
ACO subspecies 1 best: |U|=8 |V|=8 score=512 found_at_iter=1 found_at_t=0.0779s
ACO global best found at iteration 1 (t=0.0779s, score=512)

Reducing graph once (CNN)…
DEBUG: planted solution still in graph after reduction: yes dataset=konect-small/petster-hamster
  plant U=[292, 466, 1080, 1770, 1944]  V=[214, 815, 1192, 1391, 1471]

── Graph reduction ──
  wall_time_s                  0.0043s
  allocated_bytes              2.21 MiB  (2320472 bytes)
  reduced_nU                   1310
  reduced_nV                   852
  reduced_edges                13608
  reduced_max_degree           202
  reduced_avg_degree           12.588344125809435

── Graph structure ──
  nU                           2244
  nV                           1766
  edges                        16654
  reduced_nU                   1310
  reduced_nV                   852
  reduced_edges                13608
  reduced_max_degree           202
  reduced_avg_degree           12.588344125809435
  mutable_graph_bytes          1.66 MiB  (1741176 bytes)
  frozen_after_reduction_bytes 315.03 KiB  (322592 bytes)

θ-heuristic warmup (excluded from timings)…

Running θ-heuristic…

── θ-heuristic ──
  wall_time_s                  0.0012s
  allocated_bytes              614.91 KiB  (629664 bytes)
  rss_delta_bytes              0.0 B  (0 bytes)
  rss_peak_bytes               840.15 MiB  (880963584 bytes)
  solution                     |U|=5 |V|=19 edges=93 missing=2 (k=2)
  final_edges                  93
  optimal_edges                —
  matched_optimal              false

Running θ-heuristic…

── θ-heuristic ──
  wall_time_s                  0.0012s
  allocated_bytes              614.91 KiB  (629664 bytes)
  rss_delta_bytes              0.0 B  (0 bytes)
  rss_peak_bytes               840.15 MiB  (880963584 bytes)
  solution                     |U|=5 |V|=19 edges=93 missing=2 (k=2)
  final_edges                  93
  optimal_edges                —
  matched_optimal              false

── ACO ants=100  run 1/6  seed=1  (JIT warmup; recorded but discarded in emit) ──
Prefer smaller side: false
Neighbor scope limit: true
Size of reduced graphs1310 852
ACO MMAS disabled: species pheromone unbounded [0, +∞) (θ-heuristic not run for ACO)
ACO ablations: elite_pheromone=false tabu=false mmas=false
ACO subspecies 1 best: |U|=70 |V|=5 score=1750 found_at_iter=1 found_at_t=0.0115s
ACO global best found at iteration 1 (t=0.0115s, score=1750)
  wall=0.1583s  to_best=0.0115s  iters→best=1  edges=348  vs heur=93 (beats)  [warmup]

── ACO ants=100  run 2/6  seed=2 ──
Prefer smaller side: false
Neighbor scope limit: true
Size of reduced graphs1310 852
ACO MMAS disabled: species pheromone unbounded [0, +∞) (θ-heuristic not run for ACO)
ACO ablations: elite_pheromone=false tabu=false mmas=false
ACO subspecies 1 best: |U|=70 |V|=5 score=1750 found_at_iter=2 found_at_t=0.0269s
ACO global best found at iteration 2 (t=0.027s, score=1750)
  wall=0.0748s  to_best=0.0269s  iters→best=2  edges=348  vs heur=93 (beats)

── ACO ants=100  run 3/6  seed=3 ──
Prefer smaller side: false
Neighbor scope limit: true
Size of reduced graphs1310 852
ACO MMAS disabled: species pheromone unbounded [0, +∞) (θ-heuristic not run for ACO)
ACO ablations: elite_pheromone=false tabu=false mmas=false
ACO subspecies 1 best: |U|=70 |V|=5 score=1750 found_at_iter=1 found_at_t=0.0113s
ACO global best found at iteration 1 (t=0.0113s, score=1750)
  wall=0.0673s  to_best=0.0113s  iters→best=1  edges=348  vs heur=93 (beats)

── ACO ants=100  run 4/6  seed=4 ──
Prefer smaller side: false
Neighbor scope limit: true
Size of reduced graphs1310 852
ACO MMAS disabled: species pheromone unbounded [0, +∞) (θ-heuristic not run for ACO)
ACO ablations: elite_pheromone=false tabu=false mmas=false
ACO subspecies 1 best: |U|=70 |V|=5 score=1750 found_at_iter=3 found_at_t=0.0426s
ACO global best found at iteration 3 (t=0.0427s, score=1750)
  wall=0.0752s  to_best=0.0426s  iters→best=3  edges=348  vs heur=93 (beats)

── ACO ants=100  run 5/6  seed=5 ──
Prefer smaller side: false
Neighbor scope limit: true
Size of reduced graphs1310 852
ACO MMAS disabled: species pheromone unbounded [0, +∞) (θ-heuristic not run for ACO)
ACO ablations: elite_pheromone=false tabu=false mmas=false
ACO subspecies 1 best: |U|=6 |V|=29 score=1044 found_at_iter=5 found_at_t=0.0632s
ACO global best found at iteration 5 (t=0.0632s, score=1044)
  wall=0.0654s  to_best=0.0632s  iters→best=5  edges=172  vs heur=93 (beats)

── ACO ants=100  run 6/6  seed=6 ──
Prefer smaller side: false
Neighbor scope limit: true
Size of reduced graphs1310 852
ACO MMAS disabled: species pheromone unbounded [0, +∞) (θ-heuristic not run for ACO)
ACO ablations: elite_pheromone=false tabu=false mmas=false
ACO subspecies 1 best: |U|=8 |V|=30 score=1920 found_at_iter=5 found_at_t=0.0624s
ACO global best found at iteration 5 (t=0.0624s, score=1920)
  wall=0.0653s  to_best=0.0624s  iters→best=5  edges=238  vs heur=93 (beats)

==================== SUMMARY ======================
θ-heuristic edges=93  θ-feasible=true  |U|=5 |V|=19
ants    run   time        iters   edges     >heur   optimal
100     1     0.1583s     1       348       yes     —
100     2     0.0748s     2       348       yes     —
100     3     0.0673s     1       348       yes     —
100     4     0.0752s     3       348       yes     —
100     5     0.0654s     5       172       yes     —
100     6     0.0653s     5       238       yes     —
===================================================

Best ACO trial (by edges): ants=100  run=3  edges=348  discovery=0.3480s  ITB=1  TTB=0.0113s  θ-feasible=true
Wrote benchmark results → /home/kiyaanpillai/Documents/aco-mkdb/results/vary_k2t5i_100_N/petster-hamster_ants.json
Random seed: --seed=1
a = 3163704184

[14/37] konect-small/edit-nowikinews → results/vary_k2t5i_100_N/edit-nowikinews_ants.json
Loading graph from: data/konect-small/edit-nowikinews/indexed_interactions.csv
Parameters: k=2 θ=5
Inject: u=5 v=5 k=2 (in-memory; CSV unchanged)
Mode: vary ant-count (range=100, aco_runs=6)
ACO: iterations=5 pheromone=1 evaporation=0.95 subspecies=1
Pivot for quality baseline: no
Save: /home/kiyaanpillai/Documents/aco-mkdb/results/vary_k2t5i_100_N/edit-nowikinews_ants.json
Reduction: simple
Graph edges: 16900
Injected biclique: u=5 v=5 k=2 (existing=0 inserted=23 missing=2)
  planted U: [91, 135, 162, 185, 259]
  planted V: [143, 857, 1006, 2233, 3425]
  reserved missing: [(91, 3425), (259, 857)]
nU=430, nV=4060, |E|=16923

==================== VARY ant-count ====================
dataset=konect-small/edit-nowikinews  k=2  θ=5  iterations=5
ants-range=100  run_pivot=false  aco_runs=6
base_seed=1
prefer_smaller_side=false  neighbor_scope_limit=true
elite_pheromone=false  aco_tabu=false  mmas=false
reduction=simple (CNN / one-shot; progressive disabled)
DEBUG=true  plant_check=true

Warming up (excluded from timings)…
Prefer smaller side: false
Neighbor scope limit: true
Size of reduced graphs9 9
ACO MMAS disabled: species pheromone unbounded [0, +∞) (θ-heuristic not run for ACO)
ACO ablations: elite_pheromone=false tabu=false mmas=false
ACO subspecies 1 best: |U|=8 |V|=8 score=512 found_at_iter=1 found_at_t=0.0633s
ACO global best found at iteration 1 (t=0.0633s, score=512)

Reducing graph once (CNN)…
DEBUG: planted solution still in graph after reduction: yes dataset=konect-small/edit-nowikinews
  plant U=[91, 135, 162, 185, 259]  V=[143, 857, 1006, 2233, 3425]

── Graph reduction ──
  wall_time_s                  0.0044s
  allocated_bytes              1.45 MiB  (1519320 bytes)
  reduced_nU                   82
  reduced_nV                   1192
  reduced_edges                5177
  reduced_max_degree           776
  reduced_avg_degree           8.127158555729984

── Graph structure ──
  nU                           430
  nV                           4060
  edges                        16923
  reduced_nU                   82
  reduced_nV                   1192
  reduced_edges                5177
  reduced_max_degree           776
  reduced_avg_degree           8.127158555729984
  mutable_graph_bytes          1.57 MiB  (1644024 bytes)
  frozen_after_reduction_bytes 137.55 KiB  (140848 bytes)

θ-heuristic warmup (excluded from timings)…

Running θ-heuristic…

── θ-heuristic ──
  wall_time_s                  0.0008s
  allocated_bytes              380.03 KiB  (389152 bytes)
  rss_delta_bytes              0.0 B  (0 bytes)
  rss_peak_bytes               818.29 MiB  (858038272 bytes)
  solution                     |U|=5 |V|=9 edges=43 missing=2 (k=2)
  final_edges                  43
  optimal_edges                —
  matched_optimal              false

Running θ-heuristic…

── θ-heuristic ──
  wall_time_s                  0.0007s
  allocated_bytes              380.03 KiB  (389152 bytes)
  rss_delta_bytes              0.0 B  (0 bytes)
  rss_peak_bytes               818.29 MiB  (858038272 bytes)
  solution                     |U|=5 |V|=9 edges=43 missing=2 (k=2)
  final_edges                  43
  optimal_edges                —
  matched_optimal              false

── ACO ants=100  run 1/6  seed=1  (JIT warmup; recorded but discarded in emit) ──
Prefer smaller side: false
Neighbor scope limit: true
Size of reduced graphs82 1192
ACO MMAS disabled: species pheromone unbounded [0, +∞) (θ-heuristic not run for ACO)
ACO ablations: elite_pheromone=false tabu=false mmas=false
ACO subspecies 1 best: |U|=5 |V|=33 score=825 found_at_iter=1 found_at_t=0.0482s
ACO global best found at iteration 1 (t=0.0482s, score=825)
  wall=0.2851s  to_best=0.0482s  iters→best=1  edges=163  vs heur=43 (beats)  [warmup]

── ACO ants=100  run 2/6  seed=2 ──
Prefer smaller side: false
Neighbor scope limit: true
Size of reduced graphs82 1192
ACO MMAS disabled: species pheromone unbounded [0, +∞) (θ-heuristic not run for ACO)
ACO ablations: elite_pheromone=false tabu=false mmas=false
ACO subspecies 1 best: |U|=5 |V|=33 score=825 found_at_iter=3 found_at_t=0.1366s
ACO global best found at iteration 3 (t=0.1366s, score=825)
  wall=0.2188s  to_best=0.1366s  iters→best=3  edges=163  vs heur=43 (beats)

── ACO ants=100  run 3/6  seed=3 ──
Prefer smaller side: false
Neighbor scope limit: true
Size of reduced graphs82 1192
ACO MMAS disabled: species pheromone unbounded [0, +∞) (θ-heuristic not run for ACO)
ACO ablations: elite_pheromone=false tabu=false mmas=false
ACO subspecies 1 best: |U|=5 |V|=33 score=825 found_at_iter=3 found_at_t=0.1286s
ACO global best found at iteration 3 (t=0.1286s, score=825)
  wall=0.2184s  to_best=0.1286s  iters→best=3  edges=163  vs heur=43 (beats)

── ACO ants=100  run 4/6  seed=4 ──
Prefer smaller side: false
Neighbor scope limit: true
Size of reduced graphs82 1192
ACO MMAS disabled: species pheromone unbounded [0, +∞) (θ-heuristic not run for ACO)
ACO ablations: elite_pheromone=false tabu=false mmas=false
ACO subspecies 1 best: |U|=5 |V|=33 score=825 found_at_iter=2 found_at_t=0.0872s
ACO global best found at iteration 2 (t=0.0872s, score=825)
  wall=0.2086s  to_best=0.0872s  iters→best=2  edges=163  vs heur=43 (beats)

── ACO ants=100  run 5/6  seed=5 ──
Prefer smaller side: false
Neighbor scope limit: true
Size of reduced graphs82 1192
ACO MMAS disabled: species pheromone unbounded [0, +∞) (θ-heuristic not run for ACO)
ACO ablations: elite_pheromone=false tabu=false mmas=false
ACO subspecies 1 best: |U|=5 |V|=33 score=825 found_at_iter=2 found_at_t=0.0839s
ACO global best found at iteration 2 (t=0.084s, score=825)
  wall=0.2001s  to_best=0.0839s  iters→best=2  edges=163  vs heur=43 (beats)

── ACO ants=100  run 6/6  seed=6 ──
Prefer smaller side: false
Neighbor scope limit: true
Size of reduced graphs82 1192
ACO MMAS disabled: species pheromone unbounded [0, +∞) (θ-heuristic not run for ACO)
ACO ablations: elite_pheromone=false tabu=false mmas=false
ACO subspecies 1 best: |U|=5 |V|=33 score=825 found_at_iter=2 found_at_t=0.0886s
ACO global best found at iteration 2 (t=0.0887s, score=825)
  wall=0.2021s  to_best=0.0886s  iters→best=2  edges=163  vs heur=43 (beats)

==================== SUMMARY ======================
θ-heuristic edges=43  θ-feasible=true  |U|=5 |V|=9
ants    run   time        iters   edges     >heur   optimal
100     1     0.2851s     1       163       yes     —
100     2     0.2188s     3       163       yes     —
100     3     0.2184s     3       163       yes     —
100     4     0.2086s     2       163       yes     —
100     5     0.2001s     2       163       yes     —
100     6     0.2021s     2       163       yes     —
===================================================

Best ACO trial (by edges): ants=100  run=5  edges=163  discovery=1.0480s  ITB=2  TTB=0.0839s  θ-feasible=true
Wrote benchmark results → /home/kiyaanpillai/Documents/aco-mkdb/results/vary_k2t5i_100_N/edit-nowikinews_ants.json
Random seed: --seed=1
a = 3824747312

[15/37] konect-small/edit-jamwiki → results/vary_k2t5i_100_N/edit-jamwiki_ants.json
Loading graph from: data/konect-small/edit-jamwiki/indexed_interactions.csv
Parameters: k=2 θ=5
Inject: u=5 v=5 k=2 (in-memory; CSV unchanged)
Mode: vary ant-count (range=100, aco_runs=6)
ACO: iterations=5 pheromone=1 evaporation=0.95 subspecies=1
Pivot for quality baseline: no
Save: /home/kiyaanpillai/Documents/aco-mkdb/results/vary_k2t5i_100_N/edit-jamwiki_ants.json
Reduction: simple
Graph edges: 17647
Injected biclique: u=5 v=5 k=2 (existing=1 inserted=22 missing=2)
  planted U: [9, 19, 41, 93, 122]
  planted V: [849, 1187, 1405, 1700, 2434]
  reserved missing: [(9, 1405), (93, 1405)]
nU=177, nV=2741, |E|=17669

==================== VARY ant-count ====================
dataset=konect-small/edit-jamwiki  k=2  θ=5  iterations=5
ants-range=100  run_pivot=false  aco_runs=6
base_seed=1
prefer_smaller_side=false  neighbor_scope_limit=true
elite_pheromone=false  aco_tabu=false  mmas=false
reduction=simple (CNN / one-shot; progressive disabled)
DEBUG=true  plant_check=true

Warming up (excluded from timings)…
Prefer smaller side: false
Neighbor scope limit: true
Size of reduced graphs9 9
ACO MMAS disabled: species pheromone unbounded [0, +∞) (θ-heuristic not run for ACO)
ACO ablations: elite_pheromone=false tabu=false mmas=false
ACO subspecies 1 best: |U|=8 |V|=8 score=512 found_at_iter=1 found_at_t=0.0622s
ACO global best found at iteration 1 (t=0.0622s, score=512)

Reducing graph once (CNN)…
DEBUG: planted solution still in graph after reduction: yes dataset=konect-small/edit-jamwiki
  plant U=[9, 19, 41, 93, 122]  V=[849, 1187, 1405, 1700, 2434]

── Graph reduction ──
  wall_time_s                  0.0093s
  allocated_bytes              1.64 MiB  (1718736 bytes)
  reduced_nU                   64
  reduced_nV                   1484
  reduced_edges                8298
  reduced_max_degree           1380
  reduced_avg_degree           10.720930232558139

── Graph structure ──
  nU                           177
  nV                           2741
  edges                        17669
  reduced_nU                   64
  reduced_nV                   1484
  reduced_edges                8298
  reduced_max_degree           1380
  reduced_avg_degree           10.720930232558139
  mutable_graph_bytes          1.29 MiB  (1349160 bytes)
  frozen_after_reduction_bytes 224.59 KiB  (229984 bytes)

θ-heuristic warmup (excluded from timings)…

Running θ-heuristic…

── θ-heuristic ──
  wall_time_s                  0.0011s
  allocated_bytes              635.05 KiB  (650288 bytes)
  rss_delta_bytes              0.0 B  (0 bytes)
  rss_peak_bytes               845.09 MiB  (886145024 bytes)
  solution                     |U|=5 |V|=184 edges=918 missing=2 (k=2)
  final_edges                  918
  optimal_edges                —
  matched_optimal              false

Running θ-heuristic…

── θ-heuristic ──
  wall_time_s                  0.0011s
  allocated_bytes              635.05 KiB  (650288 bytes)
  rss_delta_bytes              0.0 B  (0 bytes)
  rss_peak_bytes               845.09 MiB  (886145024 bytes)
  solution                     |U|=5 |V|=184 edges=918 missing=2 (k=2)
  final_edges                  918
  optimal_edges                —
  matched_optimal              false

── ACO ants=100  run 1/6  seed=1  (JIT warmup; recorded but discarded in emit) ──
Prefer smaller side: false
Neighbor scope limit: true
Size of reduced graphs64 1484
ACO MMAS disabled: species pheromone unbounded [0, +∞) (θ-heuristic not run for ACO)
ACO ablations: elite_pheromone=false tabu=false mmas=false
ACO subspecies 1 best: |U|=5 |V|=376 score=9400 found_at_iter=2 found_at_t=0.4569s
ACO global best found at iteration 2 (t=0.457s, score=9400)
  wall=0.7797s  to_best=0.4569s  iters→best=2  edges=1878  vs heur=918 (beats)  [warmup]

── ACO ants=100  run 2/6  seed=2 ──
Prefer smaller side: false
Neighbor scope limit: true
Size of reduced graphs64 1484
ACO MMAS disabled: species pheromone unbounded [0, +∞) (θ-heuristic not run for ACO)
ACO ablations: elite_pheromone=false tabu=false mmas=false
ACO subspecies 1 best: |U|=5 |V|=377 score=9425 found_at_iter=1 found_at_t=0.3221s
ACO global best found at iteration 1 (t=0.3222s, score=9425)
  wall=0.7913s  to_best=0.3221s  iters→best=1  edges=1883  vs heur=918 (beats)

── ACO ants=100  run 3/6  seed=3 ──
Prefer smaller side: false
Neighbor scope limit: true
Size of reduced graphs64 1484
ACO MMAS disabled: species pheromone unbounded [0, +∞) (θ-heuristic not run for ACO)
ACO ablations: elite_pheromone=false tabu=false mmas=false
ACO subspecies 1 best: |U|=5 |V|=377 score=9425 found_at_iter=1 found_at_t=0.2746s
ACO global best found at iteration 1 (t=0.2747s, score=9425)
  wall=0.7193s  to_best=0.2746s  iters→best=1  edges=1883  vs heur=918 (beats)

── ACO ants=100  run 4/6  seed=4 ──
Prefer smaller side: false
Neighbor scope limit: true
Size of reduced graphs64 1484
ACO MMAS disabled: species pheromone unbounded [0, +∞) (θ-heuristic not run for ACO)
ACO ablations: elite_pheromone=false tabu=false mmas=false
ACO subspecies 1 best: |U|=5 |V|=377 score=9425 found_at_iter=1 found_at_t=0.2195s
ACO global best found at iteration 1 (t=0.2197s, score=9425)
  wall=0.7109s  to_best=0.2195s  iters→best=1  edges=1883  vs heur=918 (beats)

── ACO ants=100  run 5/6  seed=5 ──
Prefer smaller side: false
Neighbor scope limit: true
Size of reduced graphs64 1484
ACO MMAS disabled: species pheromone unbounded [0, +∞) (θ-heuristic not run for ACO)
ACO ablations: elite_pheromone=false tabu=false mmas=false
ACO subspecies 1 best: |U|=5 |V|=377 score=9425 found_at_iter=1 found_at_t=0.2684s
ACO global best found at iteration 1 (t=0.2685s, score=9425)
  wall=0.7485s  to_best=0.2684s  iters→best=1  edges=1883  vs heur=918 (beats)

── ACO ants=100  run 6/6  seed=6 ──
Prefer smaller side: false
Neighbor scope limit: true
Size of reduced graphs64 1484
ACO MMAS disabled: species pheromone unbounded [0, +∞) (θ-heuristic not run for ACO)
ACO ablations: elite_pheromone=false tabu=false mmas=false
ACO subspecies 1 best: |U|=5 |V|=377 score=9425 found_at_iter=1 found_at_t=0.2124s
ACO global best found at iteration 1 (t=0.2125s, score=9425)
  wall=0.6554s  to_best=0.2124s  iters→best=1  edges=1883  vs heur=918 (beats)

==================== SUMMARY ======================
θ-heuristic edges=918  θ-feasible=true  |U|=5 |V|=184
ants    run   time        iters   edges     >heur   optimal
100     1     0.7797s     2       1878      yes     —
100     2     0.7913s     1       1883      yes     —
100     3     0.7193s     1       1883      yes     —
100     4     0.7109s     1       1883      yes     —
100     5     0.7485s     1       1883      yes     —
100     6     0.6554s     1       1883      yes     —
===================================================

Best ACO trial (by edges): ants=100  run=6  edges=1883  discovery=3.6254s  ITB=1  TTB=0.2124s  θ-feasible=true
Wrote benchmark results → /home/kiyaanpillai/Documents/aco-mkdb/results/vary_k2t5i_100_N/edit-jamwiki_ants.json
Random seed: --seed=1
a = 5602252288

[16/37] konect-small/edit-wowiktionary → results/vary_k2t5i_100_N/edit-wowiktionary_ants.json
Loading graph from: data/konect-small/edit-wowiktionary/indexed_interactions.csv
Parameters: k=2 θ=5
Inject: u=5 v=5 k=2 (in-memory; CSV unchanged)
Mode: vary ant-count (range=100, aco_runs=6)
ACO: iterations=5 pheromone=1 evaporation=0.95 subspecies=1
Pivot for quality baseline: no
Save: /home/kiyaanpillai/Documents/aco-mkdb/results/vary_k2t5i_100_N/edit-wowiktionary_ants.json
Reduction: simple
Graph edges: 17778
Injected biclique: u=5 v=5 k=2 (existing=1 inserted=22 missing=2)
  planted U: [7, 14, 23, 96, 147]
  planted V: [263, 1034, 2523, 2614, 2819]
  reserved missing: [(23, 1034), (96, 2614)]
nU=193, nV=3646, |E|=17800

==================== VARY ant-count ====================
dataset=konect-small/edit-wowiktionary  k=2  θ=5  iterations=5
ants-range=100  run_pivot=false  aco_runs=6
base_seed=1
prefer_smaller_side=false  neighbor_scope_limit=true
elite_pheromone=false  aco_tabu=false  mmas=false
reduction=simple (CNN / one-shot; progressive disabled)
DEBUG=true  plant_check=true

Warming up (excluded from timings)…
Prefer smaller side: false
Neighbor scope limit: true
Size of reduced graphs9 9
ACO MMAS disabled: species pheromone unbounded [0, +∞) (θ-heuristic not run for ACO)
ACO ablations: elite_pheromone=false tabu=false mmas=false
ACO subspecies 1 best: |U|=8 |V|=8 score=512 found_at_iter=1 found_at_t=0.0628s
ACO global best found at iteration 1 (t=0.0628s, score=512)

Reducing graph once (CNN)…
DEBUG: planted solution still in graph after reduction: yes dataset=konect-small/edit-wowiktionary
  plant U=[7, 14, 23, 96, 147]  V=[263, 1034, 2523, 2614, 2819]

── Graph reduction ──
  wall_time_s                  0.0072s
  allocated_bytes              1.49 MiB  (1561568 bytes)
  reduced_nU                   25
  reduced_nV                   1257
  reduced_edges                7175
  reduced_max_degree           1203
  reduced_avg_degree           11.193447737909516

── Graph structure ──
  nU                           193
  nV                           3646
  edges                        17800
  reduced_nU                   25
  reduced_nV                   1257
  reduced_edges                7175
  reduced_max_degree           1203
  reduced_avg_degree           11.193447737909516
  mutable_graph_bytes          1.55 MiB  (1622952 bytes)
  frozen_after_reduction_bytes 167.83 KiB  (171856 bytes)

θ-heuristic warmup (excluded from timings)…

Running θ-heuristic…

── θ-heuristic ──
  wall_time_s                  0.0011s
  allocated_bytes              516.64 KiB  (529040 bytes)
  rss_delta_bytes              0.0 B  (0 bytes)
  rss_peak_bytes               839.3 MiB  (880066560 bytes)
  solution                     |U|=5 |V|=353 edges=1763 missing=2 (k=2)
  final_edges                  1763
  optimal_edges                —
  matched_optimal              false

Running θ-heuristic…

── θ-heuristic ──
  wall_time_s                  0.0011s
  allocated_bytes              516.64 KiB  (529040 bytes)
  rss_delta_bytes              0.0 B  (0 bytes)
  rss_peak_bytes               839.3 MiB  (880066560 bytes)
  solution                     |U|=5 |V|=353 edges=1763 missing=2 (k=2)
  final_edges                  1763
  optimal_edges                —
  matched_optimal              false

── ACO ants=100  run 1/6  seed=1  (JIT warmup; recorded but discarded in emit) ──
Prefer smaller side: false
Neighbor scope limit: true
Size of reduced graphs25 1257
ACO MMAS disabled: species pheromone unbounded [0, +∞) (θ-heuristic not run for ACO)
ACO ablations: elite_pheromone=false tabu=false mmas=false
ACO subspecies 1 best: |U|=5 |V|=353 score=8825 found_at_iter=1 found_at_t=0.3168s
ACO global best found at iteration 1 (t=0.3168s, score=8825)
  wall=1.0474s  to_best=0.3168s  iters→best=1  edges=1763  vs heur=1763  [warmup]

── ACO ants=100  run 2/6  seed=2 ──
Prefer smaller side: false
Neighbor scope limit: true
Size of reduced graphs25 1257
ACO MMAS disabled: species pheromone unbounded [0, +∞) (θ-heuristic not run for ACO)
ACO ablations: elite_pheromone=false tabu=false mmas=false
ACO subspecies 1 best: |U|=5 |V|=353 score=8825 found_at_iter=1 found_at_t=0.3037s
ACO global best found at iteration 1 (t=0.3038s, score=8825)
  wall=0.9639s  to_best=0.3037s  iters→best=1  edges=1763  vs heur=1763

── ACO ants=100  run 3/6  seed=3 ──
Prefer smaller side: false
Neighbor scope limit: true
Size of reduced graphs25 1257
ACO MMAS disabled: species pheromone unbounded [0, +∞) (θ-heuristic not run for ACO)
ACO ablations: elite_pheromone=false tabu=false mmas=false
ACO subspecies 1 best: |U|=5 |V|=353 score=8825 found_at_iter=1 found_at_t=0.2427s
ACO global best found at iteration 1 (t=0.2427s, score=8825)
  wall=0.9055s  to_best=0.2427s  iters→best=1  edges=1763  vs heur=1763

── ACO ants=100  run 4/6  seed=4 ──
Prefer smaller side: false
Neighbor scope limit: true
Size of reduced graphs25 1257
ACO MMAS disabled: species pheromone unbounded [0, +∞) (θ-heuristic not run for ACO)
ACO ablations: elite_pheromone=false tabu=false mmas=false
ACO subspecies 1 best: |U|=5 |V|=353 score=8825 found_at_iter=1 found_at_t=0.3509s
ACO global best found at iteration 1 (t=0.3509s, score=8825)
  wall=1.0648s  to_best=0.3509s  iters→best=1  edges=1763  vs heur=1763

── ACO ants=100  run 5/6  seed=5 ──
Prefer smaller side: false
Neighbor scope limit: true
Size of reduced graphs25 1257
ACO MMAS disabled: species pheromone unbounded [0, +∞) (θ-heuristic not run for ACO)
ACO ablations: elite_pheromone=false tabu=false mmas=false
ACO subspecies 1 best: |U|=5 |V|=353 score=8825 found_at_iter=1 found_at_t=0.264s
ACO global best found at iteration 1 (t=0.2641s, score=8825)
  wall=0.8790s  to_best=0.2640s  iters→best=1  edges=1763  vs heur=1763

── ACO ants=100  run 6/6  seed=6 ──
Prefer smaller side: false
Neighbor scope limit: true
Size of reduced graphs25 1257
ACO MMAS disabled: species pheromone unbounded [0, +∞) (θ-heuristic not run for ACO)
ACO ablations: elite_pheromone=false tabu=false mmas=false
ACO subspecies 1 best: |U|=5 |V|=353 score=8825 found_at_iter=1 found_at_t=0.3084s
ACO global best found at iteration 1 (t=0.3085s, score=8825)
  wall=0.8951s  to_best=0.3084s  iters→best=1  edges=1763  vs heur=1763

==================== SUMMARY ======================
θ-heuristic edges=1763  θ-feasible=true  |U|=5 |V|=353
ants    run   time        iters   edges     >heur   optimal
100     1     1.0474s     1       1763      no      —
100     2     0.9639s     1       1763      no      —
100     3     0.9055s     1       1763      no      —
100     4     1.0648s     1       1763      no      —
100     5     0.8790s     1       1763      no      —
100     6     0.8951s     1       1763      no      —
===================================================

Best ACO trial (by edges): ants=100  run=3  edges=1763  discovery=4.7083s  ITB=1  TTB=0.2427s  θ-feasible=true
Wrote benchmark results → /home/kiyaanpillai/Documents/aco-mkdb/results/vary_k2t5i_100_N/edit-wowiktionary_ants.json
Random seed: --seed=1
a = 6100953192

[17/37] konect-small/edit-rowikibooks → results/vary_k2t5i_100_N/edit-rowikibooks_ants.json
Loading graph from: data/konect-small/edit-rowikibooks/indexed_interactions.csv
Parameters: k=2 θ=5
Inject: u=5 v=5 k=2 (in-memory; CSV unchanged)
Mode: vary ant-count (range=100, aco_runs=6)
ACO: iterations=5 pheromone=1 evaporation=0.95 subspecies=1
Pivot for quality baseline: no
Save: /home/kiyaanpillai/Documents/aco-mkdb/results/vary_k2t5i_100_N/edit-rowikibooks_ants.json
Reduction: simple
Graph edges: 18527
Injected biclique: u=5 v=5 k=2 (existing=1 inserted=22 missing=2)
  planted U: [149, 180, 185, 388, 437]
  planted V: [324, 508, 694, 1493, 2810]
  reserved missing: [(185, 324), (388, 508)]
nU=443, nV=4221, |E|=18549

==================== VARY ant-count ====================
dataset=konect-small/edit-rowikibooks  k=2  θ=5  iterations=5
ants-range=100  run_pivot=false  aco_runs=6
base_seed=1
prefer_smaller_side=false  neighbor_scope_limit=true
elite_pheromone=false  aco_tabu=false  mmas=false
reduction=simple (CNN / one-shot; progressive disabled)
DEBUG=true  plant_check=true

Warming up (excluded from timings)…
Prefer smaller side: false
Neighbor scope limit: true
Size of reduced graphs9 9
ACO MMAS disabled: species pheromone unbounded [0, +∞) (θ-heuristic not run for ACO)
ACO ablations: elite_pheromone=false tabu=false mmas=false
ACO subspecies 1 best: |U|=8 |V|=8 score=512 found_at_iter=1 found_at_t=0.0726s
ACO global best found at iteration 1 (t=0.0726s, score=512)

Reducing graph once (CNN)…
DEBUG: planted solution still in graph after reduction: yes dataset=konect-small/edit-rowikibooks
  plant U=[149, 180, 185, 388, 437]  V=[324, 508, 694, 1493, 2810]

── Graph reduction ──
  wall_time_s                  0.0013s
  allocated_bytes              996.13 KiB  (1020040 bytes)
  reduced_nU                   69
  reduced_nV                   425
  reduced_edges                1515
  reduced_max_degree           331
  reduced_avg_degree           6.133603238866397

── Graph structure ──
  nU                           443
  nV                           4221
  edges                        18549
  reduced_nU                   69
  reduced_nV                   425
  reduced_edges                1515
  reduced_max_degree           331
  reduced_avg_degree           6.133603238866397
  mutable_graph_bytes          1.59 MiB  (1665672 bytes)
  frozen_after_reduction_bytes 51.14 KiB  (52368 bytes)

θ-heuristic warmup (excluded from timings)…

Running θ-heuristic…

── θ-heuristic ──
  wall_time_s                  0.0003s
  allocated_bytes              140.35 KiB  (143720 bytes)
  rss_delta_bytes              0.0 B  (0 bytes)
  rss_peak_bytes               844.82 MiB  (885854208 bytes)
  solution                     |U|=5 |V|=5 edges=23 missing=2 (k=2)
  final_edges                  23
  optimal_edges                —
  matched_optimal              false

Running θ-heuristic…

── θ-heuristic ──
  wall_time_s                  0.0002s
  allocated_bytes              140.35 KiB  (143720 bytes)
  rss_delta_bytes              0.0 B  (0 bytes)
  rss_peak_bytes               844.82 MiB  (885854208 bytes)
  solution                     |U|=5 |V|=5 edges=23 missing=2 (k=2)
  final_edges                  23
  optimal_edges                —
  matched_optimal              false

── ACO ants=100  run 1/6  seed=1  (JIT warmup; recorded but discarded in emit) ──
Prefer smaller side: false
Neighbor scope limit: true
Size of reduced graphs69 425
ACO MMAS disabled: species pheromone unbounded [0, +∞) (θ-heuristic not run for ACO)
ACO ablations: elite_pheromone=false tabu=false mmas=false
ACO subspecies 1 best: |U|=5 |V|=5 score=125 found_at_iter=4 found_at_t=0.1175s
ACO global best found at iteration 4 (t=0.1175s, score=125)
  wall=0.1259s  to_best=0.1175s  iters→best=4  edges=23  vs heur=23  [warmup]

── ACO ants=100  run 2/6  seed=2 ──
Prefer smaller side: false
Neighbor scope limit: true
Size of reduced graphs69 425
ACO MMAS disabled: species pheromone unbounded [0, +∞) (θ-heuristic not run for ACO)
ACO ablations: elite_pheromone=false tabu=false mmas=false
ACO subspecies 1 best: |U|=4 |V|=9 score=16 found_at_iter=1 found_at_t=0.0089s
ACO global best found at iteration 1 (t=0.0089s, score=16)
  wall=0.0363s  to_best=0.0089s  iters→best=1  edges=34  vs heur=23

── ACO ants=100  run 3/6  seed=3 ──
Prefer smaller side: false
Neighbor scope limit: true
Size of reduced graphs69 425
ACO MMAS disabled: species pheromone unbounded [0, +∞) (θ-heuristic not run for ACO)
ACO ablations: elite_pheromone=false tabu=false mmas=false
ACO subspecies 1 best: |U|=5 |V|=5 score=125 found_at_iter=4 found_at_t=0.0261s
ACO global best found at iteration 4 (t=0.0261s, score=125)
  wall=0.0329s  to_best=0.0261s  iters→best=4  edges=23  vs heur=23

── ACO ants=100  run 4/6  seed=4 ──
Prefer smaller side: false
Neighbor scope limit: true
Size of reduced graphs69 425
ACO MMAS disabled: species pheromone unbounded [0, +∞) (θ-heuristic not run for ACO)
ACO ablations: elite_pheromone=false tabu=false mmas=false
ACO subspecies 1 best: |U|=5 |V|=5 score=125 found_at_iter=2 found_at_t=0.0138s
ACO global best found at iteration 2 (t=0.0138s, score=125)
  wall=0.0323s  to_best=0.0138s  iters→best=2  edges=23  vs heur=23

── ACO ants=100  run 5/6  seed=5 ──
Prefer smaller side: false
Neighbor scope limit: true
Size of reduced graphs69 425
ACO MMAS disabled: species pheromone unbounded [0, +∞) (θ-heuristic not run for ACO)
ACO ablations: elite_pheromone=false tabu=false mmas=false
ACO subspecies 1 best: |U|=5 |V|=5 score=125 found_at_iter=3 found_at_t=0.0195s
ACO global best found at iteration 3 (t=0.0195s, score=125)
  wall=0.0313s  to_best=0.0195s  iters→best=3  edges=23  vs heur=23

── ACO ants=100  run 6/6  seed=6 ──
Prefer smaller side: false
Neighbor scope limit: true
Size of reduced graphs69 425
ACO MMAS disabled: species pheromone unbounded [0, +∞) (θ-heuristic not run for ACO)
ACO ablations: elite_pheromone=false tabu=false mmas=false
ACO subspecies 1 best: |U|=5 |V|=5 score=125 found_at_iter=3 found_at_t=0.0234s
ACO global best found at iteration 3 (t=0.0234s, score=125)
  wall=0.0360s  to_best=0.0234s  iters→best=3  edges=23  vs heur=23

==================== SUMMARY ======================
θ-heuristic edges=23  θ-feasible=true  |U|=5 |V|=5
ants    run   time        iters   edges     >heur   optimal
100     1     0.1259s     4       23        no      —
100     2     0.0363s     1       34        no      —
100     3     0.0329s     4       23        no      —
100     4     0.0323s     2       23        no      —
100     5     0.0313s     3       23        no      —
100     6     0.0360s     3       23        no      —
===================================================

Best ACO trial (by edges): ants=100  run=2  edges=34  discovery=0.1688s  ITB=1  TTB=0.0089s  θ-feasible=false
Wrote benchmark results → /home/kiyaanpillai/Documents/aco-mkdb/results/vary_k2t5i_100_N/edit-rowikibooks_ants.json
Random seed: --seed=1
a = 2942690600

[18/37] konect-small/moreno_blogs → results/vary_k2t5i_100_N/moreno_blogs_ants.json
Loading graph from: data/konect-small/moreno_blogs/indexed_interactions.csv
Parameters: k=2 θ=5
Inject: u=5 v=5 k=2 (in-memory; CSV unchanged)
Mode: vary ant-count (range=100, aco_runs=6)
ACO: iterations=5 pheromone=1 evaporation=0.95 subspecies=1
Pivot for quality baseline: no
Save: /home/kiyaanpillai/Documents/aco-mkdb/results/vary_k2t5i_100_N/moreno_blogs_ants.json
Reduction: simple
Graph edges: 19025
Injected biclique: u=5 v=5 k=2 (existing=0 inserted=23 missing=2)
  planted U: [273, 332, 628, 753, 784]
  planted V: [492, 534, 707, 753, 793]
  reserved missing: [(332, 492), (628, 753)]
nU=1065, nV=990, |E|=19048

==================== VARY ant-count ====================
dataset=konect-small/moreno_blogs  k=2  θ=5  iterations=5
ants-range=100  run_pivot=false  aco_runs=6
base_seed=1
prefer_smaller_side=false  neighbor_scope_limit=true
elite_pheromone=false  aco_tabu=false  mmas=false
reduction=simple (CNN / one-shot; progressive disabled)
DEBUG=true  plant_check=true

Warming up (excluded from timings)…
Prefer smaller side: false
Neighbor scope limit: true
Size of reduced graphs9 9
ACO MMAS disabled: species pheromone unbounded [0, +∞) (θ-heuristic not run for ACO)
ACO ablations: elite_pheromone=false tabu=false mmas=false
ACO subspecies 1 best: |U|=8 |V|=8 score=512 found_at_iter=1 found_at_t=0.0636s
ACO global best found at iteration 1 (t=0.0636s, score=512)

Reducing graph once (CNN)…
DEBUG: planted solution still in graph after reduction: yes dataset=konect-small/moreno_blogs
  plant U=[273, 332, 628, 753, 784]  V=[492, 534, 707, 753, 793]

── Graph reduction ──
  wall_time_s                  0.0067s
  allocated_bytes              2.24 MiB  (2347152 bytes)
  reduced_nU                   809
  reduced_nV                   625
  reduced_edges                18044
  reduced_max_degree           323
  reduced_avg_degree           25.165969316596932

── Graph structure ──
  nU                           1065
  nV                           990
  edges                        19048
  reduced_nU                   809
  reduced_nV                   625
  reduced_edges                18044
  reduced_max_degree           323
  reduced_avg_degree           25.165969316596932
  mutable_graph_bytes          1.5 MiB  (1575928 bytes)
  frozen_after_reduction_bytes 406.97 KiB  (416736 bytes)

θ-heuristic warmup (excluded from timings)…

Running θ-heuristic…

── θ-heuristic ──
  wall_time_s                  0.0011s
  allocated_bytes              872.38 KiB  (893312 bytes)
  rss_delta_bytes              0.0 B  (0 bytes)
  rss_peak_bytes               798.14 MiB  (836915200 bytes)
  solution                     |U|=5 |V|=3 edges=13 missing=2 (k=2)
  final_edges                  13
  optimal_edges                —
  matched_optimal              false

Running θ-heuristic…

── θ-heuristic ──
  wall_time_s                  0.0011s
  allocated_bytes              872.38 KiB  (893312 bytes)
  rss_delta_bytes              0.0 B  (0 bytes)
  rss_peak_bytes               798.14 MiB  (836915200 bytes)
  solution                     |U|=5 |V|=3 edges=13 missing=2 (k=2)
  final_edges                  13
  optimal_edges                —
  matched_optimal              false

── ACO ants=100  run 1/6  seed=1  (JIT warmup; recorded but discarded in emit) ──
Prefer smaller side: false
Neighbor scope limit: true
Size of reduced graphs809 625
ACO MMAS disabled: species pheromone unbounded [0, +∞) (θ-heuristic not run for ACO)
ACO ablations: elite_pheromone=false tabu=false mmas=false
ACO subspecies 1 best: |U|=74 |V|=5 score=1850 found_at_iter=5 found_at_t=0.1579s
ACO global best found at iteration 5 (t=0.1579s, score=1850)
  wall=0.1640s  to_best=0.1579s  iters→best=5  edges=368  vs heur=13 (beats)  [warmup]

── ACO ants=100  run 2/6  seed=2 ──
Prefer smaller side: false
Neighbor scope limit: true
Size of reduced graphs809 625
ACO MMAS disabled: species pheromone unbounded [0, +∞) (θ-heuristic not run for ACO)
ACO ablations: elite_pheromone=false tabu=false mmas=false
ACO subspecies 1 best: |U|=74 |V|=5 score=1850 found_at_iter=5 found_at_t=0.0756s
ACO global best found at iteration 5 (t=0.0757s, score=1850)
  wall=0.0799s  to_best=0.0756s  iters→best=5  edges=368  vs heur=13 (beats)

── ACO ants=100  run 3/6  seed=3 ──
Prefer smaller side: false
Neighbor scope limit: true
Size of reduced graphs809 625
ACO MMAS disabled: species pheromone unbounded [0, +∞) (θ-heuristic not run for ACO)
ACO ablations: elite_pheromone=false tabu=false mmas=false
ACO subspecies 1 best: |U|=74 |V|=5 score=1850 found_at_iter=2 found_at_t=0.0249s
ACO global best found at iteration 2 (t=0.025s, score=1850)
  wall=0.0782s  to_best=0.0249s  iters→best=2  edges=368  vs heur=13 (beats)

── ACO ants=100  run 4/6  seed=4 ──
Prefer smaller side: false
Neighbor scope limit: true
Size of reduced graphs809 625
ACO MMAS disabled: species pheromone unbounded [0, +∞) (θ-heuristic not run for ACO)
ACO ablations: elite_pheromone=false tabu=false mmas=false
ACO subspecies 1 best: |U|=52 |V|=6 score=1872 found_at_iter=4 found_at_t=0.0527s
ACO global best found at iteration 4 (t=0.0527s, score=1872)
  wall=0.0726s  to_best=0.0527s  iters→best=4  edges=310  vs heur=13 (beats)

── ACO ants=100  run 5/6  seed=5 ──
Prefer smaller side: false
Neighbor scope limit: true
Size of reduced graphs809 625
ACO MMAS disabled: species pheromone unbounded [0, +∞) (θ-heuristic not run for ACO)
ACO ablations: elite_pheromone=false tabu=false mmas=false
ACO subspecies 1 best: |U|=74 |V|=5 score=1850 found_at_iter=3 found_at_t=0.0408s
ACO global best found at iteration 3 (t=0.0408s, score=1850)
  wall=0.0770s  to_best=0.0408s  iters→best=3  edges=368  vs heur=13 (beats)

── ACO ants=100  run 6/6  seed=6 ──
Prefer smaller side: false
Neighbor scope limit: true
Size of reduced graphs809 625
ACO MMAS disabled: species pheromone unbounded [0, +∞) (θ-heuristic not run for ACO)
ACO ablations: elite_pheromone=false tabu=false mmas=false
ACO subspecies 1 best: |U|=74 |V|=5 score=1850 found_at_iter=1 found_at_t=0.0125s
ACO global best found at iteration 1 (t=0.0125s, score=1850)
  wall=0.0790s  to_best=0.0125s  iters→best=1  edges=368  vs heur=13 (beats)

==================== SUMMARY ======================
θ-heuristic edges=13  θ-feasible=false  |U|=5 |V|=3
ants    run   time        iters   edges     >heur   optimal
100     1     0.1640s     5       368       yes     —
100     2     0.0799s     5       368       yes     —
100     3     0.0782s     2       368       yes     —
100     4     0.0726s     4       310       yes     —
100     5     0.0770s     3       368       yes     —
100     6     0.0790s     1       368       yes     —
===================================================

Best ACO trial (by edges): ants=100  run=6  edges=368  discovery=0.3867s  ITB=1  TTB=0.0125s  θ-feasible=true
Wrote benchmark results → /home/kiyaanpillai/Documents/aco-mkdb/results/vary_k2t5i_100_N/moreno_blogs_ants.json
Random seed: --seed=1
a = 3219826976

[19/37] konect/bitcoin → results/vary_k2t5i_100_N/bitcoin_ants.json
Loading graph from: data/konect/bitcoin/indexed_interactions.csv
Parameters: k=2 θ=5
Inject: u=5 v=5 k=2 (in-memory; CSV unchanged)
Mode: vary ant-count (range=100, aco_runs=6)
ACO: iterations=5 pheromone=1 evaporation=0.95 subspecies=1
Pivot for quality baseline: no
Save: /home/kiyaanpillai/Documents/aco-mkdb/results/vary_k2t5i_100_N/bitcoin_ants.json
Reduction: simple
Graph edges: 24186
Injected biclique: u=5 v=5 k=2 (existing=0 inserted=23 missing=2)
  planted U: [94, 1185, 1394, 2517, 2858]
  planted V: [169, 182, 1704, 2453, 2652]
  reserved missing: [(2517, 1704), (2517, 2453)]
nU=3286, nV=3754, |E|=24209

==================== VARY ant-count ====================
dataset=konect/bitcoin  k=2  θ=5  iterations=5
ants-range=100  run_pivot=false  aco_runs=6
base_seed=1
prefer_smaller_side=false  neighbor_scope_limit=true
elite_pheromone=false  aco_tabu=false  mmas=false
reduction=simple (CNN / one-shot; progressive disabled)
DEBUG=true  plant_check=true

Warming up (excluded from timings)…
Prefer smaller side: false
Neighbor scope limit: true
Size of reduced graphs9 9
ACO MMAS disabled: species pheromone unbounded [0, +∞) (θ-heuristic not run for ACO)
ACO ablations: elite_pheromone=false tabu=false mmas=false
ACO subspecies 1 best: |U|=8 |V|=8 score=512 found_at_iter=1 found_at_t=0.0619s
ACO global best found at iteration 1 (t=0.0619s, score=512)

Reducing graph once (CNN)…
DEBUG: planted solution still in graph after reduction: yes dataset=konect/bitcoin
  plant U=[94, 1185, 1394, 2517, 2858]  V=[169, 182, 1704, 2453, 2652]

── Graph reduction ──
  wall_time_s                  0.0077s
  allocated_bytes              2.87 MiB  (3011536 bytes)
  reduced_nU                   1003
  reduced_nV                   1105
  reduced_edges                15395
  reduced_max_degree           205
  reduced_avg_degree           14.606261859582542

── Graph structure ──
  nU                           3286
  nV                           3754
  edges                        24209
  reduced_nU                   1003
  reduced_nV                   1105
  reduced_edges                15395
  reduced_max_degree           205
  reduced_avg_degree           14.606261859582542
  mutable_graph_bytes          3.1 MiB  (3254328 bytes)
  frozen_after_reduction_bytes 342.11 KiB  (350320 bytes)

θ-heuristic warmup (excluded from timings)…

Running θ-heuristic…

── θ-heuristic ──
  wall_time_s                  0.0014s
  allocated_bytes              725.77 KiB  (743184 bytes)
  rss_delta_bytes              0.0 B  (0 bytes)
  rss_peak_bytes               815.08 MiB  (854675456 bytes)
  solution                     |U|=5 |V|=8 edges=38 missing=2 (k=2)
  final_edges                  38
  optimal_edges                —
  matched_optimal              false

Running θ-heuristic…

── θ-heuristic ──
  wall_time_s                  0.0013s
  allocated_bytes              725.77 KiB  (743184 bytes)
  rss_delta_bytes              0.0 B  (0 bytes)
  rss_peak_bytes               815.08 MiB  (854675456 bytes)
  solution                     |U|=5 |V|=8 edges=38 missing=2 (k=2)
  final_edges                  38
  optimal_edges                —
  matched_optimal              false

── ACO ants=100  run 1/6  seed=1  (JIT warmup; recorded but discarded in emit) ──
Prefer smaller side: false
Neighbor scope limit: true
Size of reduced graphs1003 1105
ACO MMAS disabled: species pheromone unbounded [0, +∞) (θ-heuristic not run for ACO)
ACO ablations: elite_pheromone=false tabu=false mmas=false
ACO subspecies 1 best: |U|=5 |V|=13 score=325 found_at_iter=5 found_at_t=0.1511s
ACO global best found at iteration 5 (t=0.1511s, score=325)
  wall=0.1551s  to_best=0.1511s  iters→best=5  edges=63  vs heur=38 (beats)  [warmup]

── ACO ants=100  run 2/6  seed=2 ──
Prefer smaller side: false
Neighbor scope limit: true
Size of reduced graphs1003 1105
ACO MMAS disabled: species pheromone unbounded [0, +∞) (θ-heuristic not run for ACO)
ACO ablations: elite_pheromone=false tabu=false mmas=false
ACO subspecies 1 best: |U|=7 |V|=10 score=490 found_at_iter=5 found_at_t=0.0634s
ACO global best found at iteration 5 (t=0.0634s, score=490)
  wall=0.0665s  to_best=0.0634s  iters→best=5  edges=68  vs heur=38 (beats)

── ACO ants=100  run 3/6  seed=3 ──
Prefer smaller side: false
Neighbor scope limit: true
Size of reduced graphs1003 1105
ACO MMAS disabled: species pheromone unbounded [0, +∞) (θ-heuristic not run for ACO)
ACO ablations: elite_pheromone=false tabu=false mmas=false
ACO subspecies 1 best: |U|=6 |V|=12 score=432 found_at_iter=4 found_at_t=0.0515s
ACO global best found at iteration 4 (t=0.0515s, score=432)
  wall=0.0679s  to_best=0.0515s  iters→best=4  edges=70  vs heur=38 (beats)

── ACO ants=100  run 4/6  seed=4 ──
Prefer smaller side: false
Neighbor scope limit: true
Size of reduced graphs1003 1105
ACO MMAS disabled: species pheromone unbounded [0, +∞) (θ-heuristic not run for ACO)
ACO ablations: elite_pheromone=false tabu=false mmas=false
ACO subspecies 1 best: |U|=6 |V|=11 score=396 found_at_iter=4 found_at_t=0.0521s
ACO global best found at iteration 4 (t=0.0521s, score=396)
  wall=0.0693s  to_best=0.0521s  iters→best=4  edges=64  vs heur=38 (beats)

── ACO ants=100  run 5/6  seed=5 ──
Prefer smaller side: false
Neighbor scope limit: true
Size of reduced graphs1003 1105
ACO MMAS disabled: species pheromone unbounded [0, +∞) (θ-heuristic not run for ACO)
ACO ablations: elite_pheromone=false tabu=false mmas=false
ACO subspecies 1 best: |U|=5 |V|=16 score=400 found_at_iter=4 found_at_t=0.0517s
ACO global best found at iteration 4 (t=0.0517s, score=400)
  wall=0.0678s  to_best=0.0517s  iters→best=4  edges=78  vs heur=38 (beats)

── ACO ants=100  run 6/6  seed=6 ──
Prefer smaller side: false
Neighbor scope limit: true
Size of reduced graphs1003 1105
ACO MMAS disabled: species pheromone unbounded [0, +∞) (θ-heuristic not run for ACO)
ACO ablations: elite_pheromone=false tabu=false mmas=false
ACO subspecies 1 best: |U|=6 |V|=12 score=432 found_at_iter=5 found_at_t=0.0634s
ACO global best found at iteration 5 (t=0.0634s, score=432)
  wall=0.0661s  to_best=0.0634s  iters→best=5  edges=70  vs heur=38 (beats)

==================== SUMMARY ======================
θ-heuristic edges=38  θ-feasible=true  |U|=5 |V|=8
ants    run   time        iters   edges     >heur   optimal
100     1     0.1551s     5       63        yes     —
100     2     0.0665s     5       68        yes     —
100     3     0.0679s     4       70        yes     —
100     4     0.0693s     4       64        yes     —
100     5     0.0678s     4       78        yes     —
100     6     0.0661s     5       70        yes     —
===================================================

Best ACO trial (by edges): ants=100  run=5  edges=78  discovery=0.3376s  ITB=4  TTB=0.0517s  θ-feasible=true
Wrote benchmark results → /home/kiyaanpillai/Documents/aco-mkdb/results/vary_k2t5i_100_N/bitcoin_ants.json
Random seed: --seed=1
a = 3136365336

[20/37] konect/pgp-arenas → results/vary_k2t5i_100_N/pgp-arenas_ants.json
Loading graph from: data/konect/pgp-arenas/indexed_interactions.csv
Parameters: k=2 θ=5
Inject: u=5 v=5 k=2 (in-memory; CSV unchanged)
Mode: vary ant-count (range=100, aco_runs=6)
ACO: iterations=5 pheromone=1 evaporation=0.95 subspecies=1
Pivot for quality baseline: no
Save: /home/kiyaanpillai/Documents/aco-mkdb/results/vary_k2t5i_100_N/pgp-arenas_ants.json
Reduction: simple
Graph edges: 24316
Injected biclique: u=5 v=5 k=2 (existing=0 inserted=23 missing=2)
  planted U: [313, 963, 1593, 3454, 5141]
  planted V: [114, 4346, 6695, 8682, 9644]
  reserved missing: [(963, 8682), (3454, 9644)]
nU=5596, nV=9657, |E|=24339

==================== VARY ant-count ====================
dataset=konect/pgp-arenas  k=2  θ=5  iterations=5
ants-range=100  run_pivot=false  aco_runs=6
base_seed=1
prefer_smaller_side=false  neighbor_scope_limit=true
elite_pheromone=false  aco_tabu=false  mmas=false
reduction=simple (CNN / one-shot; progressive disabled)
DEBUG=true  plant_check=true

Warming up (excluded from timings)…
Prefer smaller side: false
Neighbor scope limit: true
Size of reduced graphs9 9
ACO MMAS disabled: species pheromone unbounded [0, +∞) (θ-heuristic not run for ACO)
ACO ablations: elite_pheromone=false tabu=false mmas=false
ACO subspecies 1 best: |U|=8 |V|=8 score=512 found_at_iter=1 found_at_t=0.0778s
ACO global best found at iteration 1 (t=0.0778s, score=512)

Reducing graph once (CNN)…
DEBUG: planted solution still in graph after reduction: yes dataset=konect/pgp-arenas
  plant U=[313, 963, 1593, 3454, 5141]  V=[114, 4346, 6695, 8682, 9644]

── Graph reduction ──
  wall_time_s                  0.0042s
  allocated_bytes              3.52 MiB  (3694400 bytes)
  reduced_nU                   936
  reduced_nV                   1247
  reduced_edges                9791
  reduced_max_degree           169
  reduced_avg_degree           8.970224461749886

── Graph structure ──
  nU                           5596
  nV                           9657
  edges                        24339
  reduced_nU                   936
  reduced_nV                   1247
  reduced_edges                9791
  reduced_max_degree           169
  reduced_avg_degree           8.970224461749886
  mutable_graph_bytes          4.68 MiB  (4903688 bytes)
  frozen_after_reduction_bytes 255.72 KiB  (261856 bytes)

θ-heuristic warmup (excluded from timings)…

Running θ-heuristic…

── θ-heuristic ──
  wall_time_s                  0.0010s
  allocated_bytes              533.39 KiB  (546192 bytes)
  rss_delta_bytes              0.0 B  (0 bytes)
  rss_peak_bytes               825.35 MiB  (865439744 bytes)
  solution                     |U|=5 |V|=27 edges=133 missing=2 (k=2)
  final_edges                  133
  optimal_edges                —
  matched_optimal              false

Running θ-heuristic…

── θ-heuristic ──
  wall_time_s                  0.0011s
  allocated_bytes              533.39 KiB  (546192 bytes)
  rss_delta_bytes              0.0 B  (0 bytes)
  rss_peak_bytes               825.35 MiB  (865439744 bytes)
  solution                     |U|=5 |V|=27 edges=133 missing=2 (k=2)
  final_edges                  133
  optimal_edges                —
  matched_optimal              false

── ACO ants=100  run 1/6  seed=1  (JIT warmup; recorded but discarded in emit) ──
Prefer smaller side: false
Neighbor scope limit: true
Size of reduced graphs936 1247
ACO MMAS disabled: species pheromone unbounded [0, +∞) (θ-heuristic not run for ACO)
ACO ablations: elite_pheromone=false tabu=false mmas=false
ACO subspecies 1 best: |U|=12 |V|=17 score=2448 found_at_iter=3 found_at_t=0.1145s
ACO global best found at iteration 3 (t=0.1145s, score=2448)
  wall=0.1506s  to_best=0.1145s  iters→best=3  edges=202  vs heur=133 (beats)  [warmup]

── ACO ants=100  run 2/6  seed=2 ──
Prefer smaller side: false
Neighbor scope limit: true
Size of reduced graphs936 1247
ACO MMAS disabled: species pheromone unbounded [0, +∞) (θ-heuristic not run for ACO)
ACO ablations: elite_pheromone=false tabu=false mmas=false
ACO subspecies 1 best: |U|=9 |V|=22 score=1782 found_at_iter=3 found_at_t=0.035s
ACO global best found at iteration 3 (t=0.035s, score=1782)
  wall=0.0637s  to_best=0.0350s  iters→best=3  edges=196  vs heur=133 (beats)

── ACO ants=100  run 3/6  seed=3 ──
Prefer smaller side: false
Neighbor scope limit: true
Size of reduced graphs936 1247
ACO MMAS disabled: species pheromone unbounded [0, +∞) (θ-heuristic not run for ACO)
ACO ablations: elite_pheromone=false tabu=false mmas=false
ACO subspecies 1 best: |U|=13 |V|=17 score=2873 found_at_iter=3 found_at_t=0.0359s
ACO global best found at iteration 3 (t=0.0359s, score=2873)
  wall=0.0649s  to_best=0.0359s  iters→best=3  edges=219  vs heur=133 (beats)

── ACO ants=100  run 4/6  seed=4 ──
Prefer smaller side: false
Neighbor scope limit: true
Size of reduced graphs936 1247
ACO MMAS disabled: species pheromone unbounded [0, +∞) (θ-heuristic not run for ACO)
ACO ablations: elite_pheromone=false tabu=false mmas=false
ACO subspecies 1 best: |U|=12 |V|=18 score=2592 found_at_iter=4 found_at_t=0.0474s
ACO global best found at iteration 4 (t=0.0474s, score=2592)
  wall=0.0621s  to_best=0.0474s  iters→best=4  edges=214  vs heur=133 (beats)

── ACO ants=100  run 5/6  seed=5 ──
Prefer smaller side: false
Neighbor scope limit: true
Size of reduced graphs936 1247
ACO MMAS disabled: species pheromone unbounded [0, +∞) (θ-heuristic not run for ACO)
ACO ablations: elite_pheromone=false tabu=false mmas=false
ACO subspecies 1 best: |U|=10 |V|=21 score=2100 found_at_iter=4 found_at_t=0.0474s
ACO global best found at iteration 4 (t=0.0474s, score=2100)
  wall=0.0624s  to_best=0.0474s  iters→best=4  edges=208  vs heur=133 (beats)

── ACO ants=100  run 6/6  seed=6 ──
Prefer smaller side: false
Neighbor scope limit: true
Size of reduced graphs936 1247
ACO MMAS disabled: species pheromone unbounded [0, +∞) (θ-heuristic not run for ACO)
ACO ablations: elite_pheromone=false tabu=false mmas=false
ACO subspecies 1 best: |U|=10 |V|=20 score=2000 found_at_iter=3 found_at_t=0.0359s
ACO global best found at iteration 3 (t=0.0359s, score=2000)
  wall=0.0647s  to_best=0.0359s  iters→best=3  edges=198  vs heur=133 (beats)

==================== SUMMARY ======================
θ-heuristic edges=133  θ-feasible=true  |U|=5 |V|=27
ants    run   time        iters   edges     >heur   optimal
100     1     0.1506s     3       202       yes     —
100     2     0.0637s     3       196       yes     —
100     3     0.0649s     3       219       yes     —
100     4     0.0621s     4       214       yes     —
100     5     0.0624s     4       208       yes     —
100     6     0.0647s     3       198       yes     —
===================================================

Best ACO trial (by edges): ants=100  run=3  edges=219  discovery=0.3179s  ITB=3  TTB=0.0359s  θ-feasible=true
Wrote benchmark results → /home/kiyaanpillai/Documents/aco-mkdb/results/vary_k2t5i_100_N/pgp-arenas_ants.json
Random seed: --seed=1
a = 3171781720

[21/37] konect-small/p2p-Gnutella09 → results/vary_k2t5i_100_N/p2p-Gnutella09_ants.json
Loading graph from: data/konect-small/p2p-Gnutella09/indexed_interactions.csv
Parameters: k=2 θ=5
Inject: u=5 v=5 k=2 (in-memory; CSV unchanged)
Mode: vary ant-count (range=100, aco_runs=6)
ACO: iterations=5 pheromone=1 evaporation=0.95 subspecies=1
Pivot for quality baseline: no
Save: /home/kiyaanpillai/Documents/aco-mkdb/results/vary_k2t5i_100_N/p2p-Gnutella09_ants.json
Reduction: simple
Graph edges: 26013
Injected biclique: u=5 v=5 k=2 (existing=0 inserted=23 missing=2)
  planted U: [437, 1469, 2291, 2506, 2954]
  planted V: [902, 1050, 1345, 3067, 3910]
  reserved missing: [(437, 1050), (1469, 1050)]
nU=3055, nV=8038, |E|=26036

==================== VARY ant-count ====================
dataset=konect-small/p2p-Gnutella09  k=2  θ=5  iterations=5
ants-range=100  run_pivot=false  aco_runs=6
base_seed=1
prefer_smaller_side=false  neighbor_scope_limit=true
elite_pheromone=false  aco_tabu=false  mmas=false
reduction=simple (CNN / one-shot; progressive disabled)
DEBUG=true  plant_check=true

Warming up (excluded from timings)…
Prefer smaller side: false
Neighbor scope limit: true
Size of reduced graphs9 9
ACO MMAS disabled: species pheromone unbounded [0, +∞) (θ-heuristic not run for ACO)
ACO ablations: elite_pheromone=false tabu=false mmas=false
ACO subspecies 1 best: |U|=8 |V|=8 score=512 found_at_iter=1 found_at_t=0.0673s
ACO global best found at iteration 1 (t=0.0673s, score=512)

Reducing graph once (CNN)…
DEBUG: planted solution still in graph after reduction: yes dataset=konect-small/p2p-Gnutella09
  plant U=[437, 1469, 2291, 2506, 2954]  V=[902, 1050, 1345, 3067, 3910]

── Graph reduction ──
  wall_time_s                  0.0036s
  allocated_bytes              2.18 MiB  (2287256 bytes)
  reduced_nU                   455
  reduced_nV                   106
  reduced_edges                4056
  reduced_max_degree           88
  reduced_avg_degree           14.459893048128341

── Graph structure ──
  nU                           3055
  nV                           8038
  edges                        26036
  reduced_nU                   455
  reduced_nV                   106
  reduced_edges                4056
  reduced_max_degree           88
  reduced_avg_degree           14.459893048128341
  mutable_graph_bytes          3.44 MiB  (3605016 bytes)
  frozen_after_reduction_bytes 94.02 KiB  (96272 bytes)

θ-heuristic warmup (excluded from timings)…

Running θ-heuristic…

── θ-heuristic ──
  wall_time_s                  0.0003s
  allocated_bytes              170.41 KiB  (174504 bytes)
  rss_delta_bytes              0.0 B  (0 bytes)
  rss_peak_bytes               834.12 MiB  (874639360 bytes)
  solution                     |U|=5 |V|=5 edges=23 missing=2 (k=2)
  final_edges                  23
  optimal_edges                —
  matched_optimal              false

Running θ-heuristic…

── θ-heuristic ──
  wall_time_s                  0.0003s
  allocated_bytes              170.41 KiB  (174504 bytes)
  rss_delta_bytes              0.0 B  (0 bytes)
  rss_peak_bytes               834.12 MiB  (874639360 bytes)
  solution                     |U|=5 |V|=5 edges=23 missing=2 (k=2)
  final_edges                  23
  optimal_edges                —
  matched_optimal              false

── ACO ants=100  run 1/6  seed=1  (JIT warmup; recorded but discarded in emit) ──
Prefer smaller side: false
Neighbor scope limit: true
Size of reduced graphs455 106
ACO MMAS disabled: species pheromone unbounded [0, +∞) (θ-heuristic not run for ACO)
ACO ablations: elite_pheromone=false tabu=false mmas=false
ACO subspecies 1 best: |U|=5 |V|=5 score=125 found_at_iter=2 found_at_t=0.0807s
ACO global best found at iteration 2 (t=0.0807s, score=125)
  wall=0.0934s  to_best=0.0807s  iters→best=2  edges=23  vs heur=23  [warmup]

── ACO ants=100  run 2/6  seed=2 ──
Prefer smaller side: false
Neighbor scope limit: true
Size of reduced graphs455 106
ACO MMAS disabled: species pheromone unbounded [0, +∞) (θ-heuristic not run for ACO)
ACO ablations: elite_pheromone=false tabu=false mmas=false
ACO subspecies 1 best: |U|=5 |V|=5 score=125 found_at_iter=1 found_at_t=0.0033s
ACO global best found at iteration 1 (t=0.0033s, score=125)
  wall=0.0174s  to_best=0.0033s  iters→best=1  edges=23  vs heur=23

── ACO ants=100  run 3/6  seed=3 ──
Prefer smaller side: false
Neighbor scope limit: true
Size of reduced graphs455 106
ACO MMAS disabled: species pheromone unbounded [0, +∞) (θ-heuristic not run for ACO)
ACO ablations: elite_pheromone=false tabu=false mmas=false
ACO subspecies 1 best: |U|=5 |V|=5 score=125 found_at_iter=1 found_at_t=0.0032s
ACO global best found at iteration 1 (t=0.0032s, score=125)
  wall=0.0170s  to_best=0.0032s  iters→best=1  edges=23  vs heur=23

── ACO ants=100  run 4/6  seed=4 ──
Prefer smaller side: false
Neighbor scope limit: true
Size of reduced graphs455 106
ACO MMAS disabled: species pheromone unbounded [0, +∞) (θ-heuristic not run for ACO)
ACO ablations: elite_pheromone=false tabu=false mmas=false
ACO subspecies 1 best: |U|=7 |V|=4 score=16 found_at_iter=1 found_at_t=0.0032s
ACO global best found at iteration 1 (t=0.0032s, score=16)
  wall=0.0175s  to_best=0.0032s  iters→best=1  edges=26  vs heur=23

── ACO ants=100  run 5/6  seed=5 ──
Prefer smaller side: false
Neighbor scope limit: true
Size of reduced graphs455 106
ACO MMAS disabled: species pheromone unbounded [0, +∞) (θ-heuristic not run for ACO)
ACO ablations: elite_pheromone=false tabu=false mmas=false
ACO subspecies 1 best: |U|=5 |V|=4 score=16 found_at_iter=1 found_at_t=0.0031s
ACO global best found at iteration 1 (t=0.0031s, score=16)
  wall=0.0169s  to_best=0.0031s  iters→best=1  edges=18  vs heur=23

── ACO ants=100  run 6/6  seed=6 ──
Prefer smaller side: false
Neighbor scope limit: true
Size of reduced graphs455 106
ACO MMAS disabled: species pheromone unbounded [0, +∞) (θ-heuristic not run for ACO)
ACO ablations: elite_pheromone=false tabu=false mmas=false
ACO subspecies 1 best: |U|=4 |V|=4 score=16 found_at_iter=1 found_at_t=0.0033s
ACO global best found at iteration 1 (t=0.0033s, score=16)
  wall=0.0176s  to_best=0.0033s  iters→best=1  edges=14  vs heur=23

==================== SUMMARY ======================
θ-heuristic edges=23  θ-feasible=true  |U|=5 |V|=5
ants    run   time        iters   edges     >heur   optimal
100     1     0.0934s     2       23        no      —
100     2     0.0174s     1       23        no      —
100     3     0.0170s     1       23        no      —
100     4     0.0175s     1       26        no      —
100     5     0.0169s     1       18        no      —
100     6     0.0176s     1       14        no      —
===================================================

Best ACO trial (by edges): ants=100  run=4  edges=26  discovery=0.0865s  ITB=1  TTB=0.0032s  θ-feasible=false
Wrote benchmark results → /home/kiyaanpillai/Documents/aco-mkdb/results/vary_k2t5i_100_N/p2p-Gnutella09_ants.json
Random seed: --seed=1
a = 2832336680

[22/37] konect/wiki_talk_nds → results/vary_k2t5i_100_N/wiki_talk_nds_ants.json
Loading graph from: data/konect/wiki_talk_nds/indexed_interactions.csv
Parameters: k=2 θ=5
Inject: u=5 v=5 k=2 (in-memory; CSV unchanged)
Mode: vary ant-count (range=100, aco_runs=6)
ACO: iterations=5 pheromone=1 evaporation=0.95 subspecies=1
Pivot for quality baseline: no
Save: /home/kiyaanpillai/Documents/aco-mkdb/results/vary_k2t5i_100_N/wiki_talk_nds_ants.json
Reduction: simple
Graph edges: 27432
Injected biclique: u=5 v=5 k=2 (existing=0 inserted=23 missing=2)
  planted U: [30, 163, 172, 285, 567]
  planted V: [472, 1591, 3499, 10323, 15814]
  reserved missing: [(163, 10323), (285, 1591)]
nU=605, nV=23094, |E|=27455

==================== VARY ant-count ====================
dataset=konect/wiki_talk_nds  k=2  θ=5  iterations=5
ants-range=100  run_pivot=false  aco_runs=6
base_seed=1
prefer_smaller_side=false  neighbor_scope_limit=true
elite_pheromone=false  aco_tabu=false  mmas=false
reduction=simple (CNN / one-shot; progressive disabled)
DEBUG=true  plant_check=true

Warming up (excluded from timings)…
Prefer smaller side: false
Neighbor scope limit: true
Size of reduced graphs9 9
ACO MMAS disabled: species pheromone unbounded [0, +∞) (θ-heuristic not run for ACO)
ACO ablations: elite_pheromone=false tabu=false mmas=false
ACO subspecies 1 best: |U|=8 |V|=8 score=512 found_at_iter=1 found_at_t=0.0616s
ACO global best found at iteration 1 (t=0.0616s, score=512)

Reducing graph once (CNN)…
DEBUG: planted solution still in graph after reduction: yes dataset=konect/wiki_talk_nds
  plant U=[30, 163, 172, 285, 567]  V=[472, 1591, 3499, 10323, 15814]

── Graph reduction ──
  wall_time_s                  0.0304s
  allocated_bytes              3.39 MiB  (3549944 bytes)
  reduced_nU                   45
  reduced_nV                   149
  reduced_edges                616
  reduced_max_degree           114
  reduced_avg_degree           6.350515463917525

── Graph structure ──
  nU                           605
  nV                           23094
  edges                        27455
  reduced_nU                   45
  reduced_nV                   149
  reduced_edges                616
  reduced_max_degree           114
  reduced_avg_degree           6.350515463917525
  mutable_graph_bytes          7.54 MiB  (7903368 bytes)
  frozen_after_reduction_bytes 19.66 KiB  (20128 bytes)

θ-heuristic warmup (excluded from timings)…

Running θ-heuristic…

── θ-heuristic ──
  wall_time_s                  0.0001s
  allocated_bytes              56.44 KiB  (57792 bytes)
  rss_delta_bytes              0.0 B  (0 bytes)
  rss_peak_bytes               820.7 MiB  (860569600 bytes)
  solution                     |U|=5 |V|=1 edges=3 missing=2 (k=2)
  final_edges                  3
  optimal_edges                —
  matched_optimal              false

Running θ-heuristic…

── θ-heuristic ──
  wall_time_s                  0.0001s
  allocated_bytes              56.44 KiB  (57792 bytes)
  rss_delta_bytes              0.0 B  (0 bytes)
  rss_peak_bytes               820.7 MiB  (860569600 bytes)
  solution                     |U|=5 |V|=1 edges=3 missing=2 (k=2)
  final_edges                  3
  optimal_edges                —
  matched_optimal              false

── ACO ants=100  run 1/6  seed=1  (JIT warmup; recorded but discarded in emit) ──
Prefer smaller side: false
Neighbor scope limit: true
Size of reduced graphs45 149
ACO MMAS disabled: species pheromone unbounded [0, +∞) (θ-heuristic not run for ACO)
ACO ablations: elite_pheromone=false tabu=false mmas=false
ACO subspecies 1 best: |U|=5 |V|=7 score=175 found_at_iter=1 found_at_t=0.0067s
ACO global best found at iteration 1 (t=0.0067s, score=175)
  wall=0.1417s  to_best=0.0067s  iters→best=1  edges=33  vs heur=3 (beats)  [warmup]

── ACO ants=100  run 2/6  seed=2 ──
Prefer smaller side: false
Neighbor scope limit: true
Size of reduced graphs45 149
ACO MMAS disabled: species pheromone unbounded [0, +∞) (θ-heuristic not run for ACO)
ACO ablations: elite_pheromone=false tabu=false mmas=false
ACO subspecies 1 best: |U|=6 |V|=5 score=150 found_at_iter=1 found_at_t=0.0077s
ACO global best found at iteration 1 (t=0.0077s, score=150)
  wall=0.0701s  to_best=0.0077s  iters→best=1  edges=28  vs heur=3 (beats)

── ACO ants=100  run 3/6  seed=3 ──
Prefer smaller side: false
Neighbor scope limit: true
Size of reduced graphs45 149
ACO MMAS disabled: species pheromone unbounded [0, +∞) (θ-heuristic not run for ACO)
ACO ablations: elite_pheromone=false tabu=false mmas=false
ACO subspecies 1 best: |U|=4 |V|=4 score=16 found_at_iter=1 found_at_t=0.0064s
ACO global best found at iteration 1 (t=0.0064s, score=16)
  wall=0.0645s  to_best=0.0064s  iters→best=1  edges=14  vs heur=3

── ACO ants=100  run 4/6  seed=4 ──
Prefer smaller side: false
Neighbor scope limit: true
Size of reduced graphs45 149
ACO MMAS disabled: species pheromone unbounded [0, +∞) (θ-heuristic not run for ACO)
ACO ablations: elite_pheromone=false tabu=false mmas=false
ACO subspecies 1 best: |U|=5 |V|=6 score=150 found_at_iter=2 found_at_t=0.0168s
ACO global best found at iteration 2 (t=0.0168s, score=150)
  wall=0.0629s  to_best=0.0168s  iters→best=2  edges=28  vs heur=3 (beats)

── ACO ants=100  run 5/6  seed=5 ──
Prefer smaller side: false
Neighbor scope limit: true
Size of reduced graphs45 149
ACO MMAS disabled: species pheromone unbounded [0, +∞) (θ-heuristic not run for ACO)
ACO ablations: elite_pheromone=false tabu=false mmas=false
ACO subspecies 1 best: |U|=5 |V|=5 score=125 found_at_iter=1 found_at_t=0.0072s
ACO global best found at iteration 1 (t=0.0072s, score=125)
  wall=0.0682s  to_best=0.0072s  iters→best=1  edges=23  vs heur=3 (beats)

── ACO ants=100  run 6/6  seed=6 ──
Prefer smaller side: false
Neighbor scope limit: true
Size of reduced graphs45 149
ACO MMAS disabled: species pheromone unbounded [0, +∞) (θ-heuristic not run for ACO)
ACO ablations: elite_pheromone=false tabu=false mmas=false
ACO subspecies 1 best: |U|=6 |V|=5 score=150 found_at_iter=1 found_at_t=0.007s
ACO global best found at iteration 1 (t=0.007s, score=150)
  wall=0.0712s  to_best=0.0070s  iters→best=1  edges=28  vs heur=3 (beats)

==================== SUMMARY ======================
θ-heuristic edges=3  θ-feasible=false  |U|=5 |V|=1
ants    run   time        iters   edges     >heur   optimal
100     1     0.1417s     1       33        yes     —
100     2     0.0701s     1       28        yes     —
100     3     0.0645s     1       14        no      —
100     4     0.0629s     2       28        yes     —
100     5     0.0682s     1       23        yes     —
100     6     0.0712s     1       28        yes     —
===================================================

Best ACO trial (by edges): ants=100  run=6  edges=28  discovery=0.3368s  ITB=1  TTB=0.0070s  θ-feasible=true
Wrote benchmark results → /home/kiyaanpillai/Documents/aco-mkdb/results/vary_k2t5i_100_N/wiki_talk_nds_ants.json
Random seed: --seed=1
a = 3160391112

[23/37] konect/dimacs-polblogs → results/vary_k2t5i_100_N/dimacs-polblogs_ants.json
Loading graph from: data/konect/dimacs-polblogs/indexed_interactions.csv
Parameters: k=2 θ=5
Inject: u=5 v=5 k=2 (in-memory; CSV unchanged)
Mode: vary ant-count (range=100, aco_runs=6)
ACO: iterations=5 pheromone=1 evaporation=0.95 subspecies=1
Pivot for quality baseline: no
Save: /home/kiyaanpillai/Documents/aco-mkdb/results/vary_k2t5i_100_N/dimacs-polblogs_ants.json
Reduction: simple
Graph edges: 33430
Injected biclique: u=5 v=5 k=2 (existing=0 inserted=23 missing=2)
  planted U: [95, 97, 146, 391, 756]
  planted V: [43, 143, 452, 721, 1108]
  reserved missing: [(97, 721), (756, 143)]
nU=1224, nV=1224, |E|=33453

==================== VARY ant-count ====================
dataset=konect/dimacs-polblogs  k=2  θ=5  iterations=5
ants-range=100  run_pivot=false  aco_runs=6
base_seed=1
prefer_smaller_side=false  neighbor_scope_limit=true
elite_pheromone=false  aco_tabu=false  mmas=false
reduction=simple (CNN / one-shot; progressive disabled)
DEBUG=true  plant_check=true

Warming up (excluded from timings)…
Prefer smaller side: false
Neighbor scope limit: true
Size of reduced graphs9 9
ACO MMAS disabled: species pheromone unbounded [0, +∞) (θ-heuristic not run for ACO)
ACO ablations: elite_pheromone=false tabu=false mmas=false
ACO subspecies 1 best: |U|=8 |V|=8 score=512 found_at_iter=1 found_at_t=0.0713s
ACO global best found at iteration 1 (t=0.0713s, score=512)

Reducing graph once (CNN)…
DEBUG: planted solution still in graph after reduction: yes dataset=konect/dimacs-polblogs
  plant U=[95, 97, 146, 391, 756]  V=[43, 143, 452, 721, 1108]

── Graph reduction ──
  wall_time_s                  0.0156s
  allocated_bytes              3.71 MiB  (3894744 bytes)
  reduced_nU                   945
  reduced_nV                   946
  reduced_edges                32524
  reduced_max_degree           343
  reduced_avg_degree           34.398730830248546

── Graph structure ──
  nU                           1224
  nV                           1224
  edges                        33453
  reduced_nU                   945
  reduced_nV                   946
  reduced_edges                32524
  reduced_max_degree           343
  reduced_avg_degree           34.398730830248546
  mutable_graph_bytes          2.35 MiB  (2468392 bytes)
  frozen_after_reduction_bytes 606.36 KiB  (620912 bytes)

θ-heuristic warmup (excluded from timings)…

Running θ-heuristic…

── θ-heuristic ──
  wall_time_s                  0.0031s
  allocated_bytes              1.31 MiB  (1374048 bytes)
  rss_delta_bytes              0.0 B  (0 bytes)
  rss_peak_bytes               830.12 MiB  (870445056 bytes)
  solution                     |U|=5 |V|=76 edges=378 missing=2 (k=2)
  final_edges                  378
  optimal_edges                —
  matched_optimal              false

Running θ-heuristic…

── θ-heuristic ──
  wall_time_s                  0.0029s
  allocated_bytes              1.31 MiB  (1374048 bytes)
  rss_delta_bytes              0.0 B  (0 bytes)
  rss_peak_bytes               830.12 MiB  (870445056 bytes)
  solution                     |U|=5 |V|=76 edges=378 missing=2 (k=2)
  final_edges                  378
  optimal_edges                —
  matched_optimal              false

── ACO ants=100  run 1/6  seed=1  (JIT warmup; recorded but discarded in emit) ──
Prefer smaller side: false
Neighbor scope limit: true
Size of reduced graphs945 946
ACO MMAS disabled: species pheromone unbounded [0, +∞) (θ-heuristic not run for ACO)
ACO ablations: elite_pheromone=false tabu=false mmas=false
ACO subspecies 1 best: |U|=5 |V|=59 score=1475 found_at_iter=1 found_at_t=0.0149s
ACO global best found at iteration 1 (t=0.0149s, score=1475)
  wall=0.1811s  to_best=0.0149s  iters→best=1  edges=293  vs heur=378  [warmup]

── ACO ants=100  run 2/6  seed=2 ──
Prefer smaller side: false
Neighbor scope limit: true
Size of reduced graphs945 946
ACO MMAS disabled: species pheromone unbounded [0, +∞) (θ-heuristic not run for ACO)
ACO ablations: elite_pheromone=false tabu=false mmas=false
ACO subspecies 1 best: |U|=64 |V|=5 score=1600 found_at_iter=1 found_at_t=0.0135s
ACO global best found at iteration 1 (t=0.0135s, score=1600)
  wall=0.0924s  to_best=0.0135s  iters→best=1  edges=318  vs heur=378

── ACO ants=100  run 3/6  seed=3 ──
Prefer smaller side: false
Neighbor scope limit: true
Size of reduced graphs945 946
ACO MMAS disabled: species pheromone unbounded [0, +∞) (θ-heuristic not run for ACO)
ACO ablations: elite_pheromone=false tabu=false mmas=false
ACO subspecies 1 best: |U|=41 |V|=7 score=2009 found_at_iter=5 found_at_t=0.0887s
ACO global best found at iteration 5 (t=0.0887s, score=2009)
  wall=0.0944s  to_best=0.0887s  iters→best=5  edges=285  vs heur=378

── ACO ants=100  run 4/6  seed=4 ──
Prefer smaller side: false
Neighbor scope limit: true
Size of reduced graphs945 946
ACO MMAS disabled: species pheromone unbounded [0, +∞) (θ-heuristic not run for ACO)
ACO ablations: elite_pheromone=false tabu=false mmas=false
ACO subspecies 1 best: |U|=30 |V|=9 score=2430 found_at_iter=2 found_at_t=0.0309s
ACO global best found at iteration 2 (t=0.0309s, score=2430)
  wall=0.0869s  to_best=0.0309s  iters→best=2  edges=268  vs heur=378

── ACO ants=100  run 5/6  seed=5 ──
Prefer smaller side: false
Neighbor scope limit: true
Size of reduced graphs945 946
ACO MMAS disabled: species pheromone unbounded [0, +∞) (θ-heuristic not run for ACO)
ACO ablations: elite_pheromone=false tabu=false mmas=false
ACO subspecies 1 best: |U|=75 |V|=5 score=1875 found_at_iter=1 found_at_t=0.0143s
ACO global best found at iteration 1 (t=0.0143s, score=1875)
  wall=0.0904s  to_best=0.0143s  iters→best=1  edges=373  vs heur=378

── ACO ants=100  run 6/6  seed=6 ──
Prefer smaller side: false
Neighbor scope limit: true
Size of reduced graphs945 946
ACO MMAS disabled: species pheromone unbounded [0, +∞) (θ-heuristic not run for ACO)
ACO ablations: elite_pheromone=false tabu=false mmas=false
ACO subspecies 1 best: |U|=73 |V|=5 score=1825 found_at_iter=4 found_at_t=0.0678s
ACO global best found at iteration 4 (t=0.0679s, score=1825)
  wall=0.0933s  to_best=0.0678s  iters→best=4  edges=363  vs heur=378

==================== SUMMARY ======================
θ-heuristic edges=378  θ-feasible=true  |U|=5 |V|=76
ants    run   time        iters   edges     >heur   optimal
100     1     0.1811s     1       293       no      —
100     2     0.0924s     1       318       no      —
100     3     0.0944s     5       285       no      —
100     4     0.0869s     2       268       no      —
100     5     0.0904s     1       373       no      —
100     6     0.0933s     4       363       no      —
===================================================

Best ACO trial (by edges): ants=100  run=5  edges=373  discovery=0.4574s  ITB=1  TTB=0.0143s  θ-feasible=true
Wrote benchmark results → /home/kiyaanpillai/Documents/aco-mkdb/results/vary_k2t5i_100_N/dimacs-polblogs_ants.json
Random seed: --seed=1
a = 3278934640

[24/37] konect/gnutella → results/vary_k2t5i_100_N/gnutella_ants.json
Loading graph from: data/konect/gnutella/indexed_interactions.csv
Parameters: k=2 θ=5
Inject: u=5 v=5 k=2 (in-memory; CSV unchanged)
Mode: vary ant-count (range=100, aco_runs=6)
ACO: iterations=5 pheromone=1 evaporation=0.95 subspecies=1
Pivot for quality baseline: no
Save: /home/kiyaanpillai/Documents/aco-mkdb/results/vary_k2t5i_100_N/gnutella_ants.json
Reduction: simple
Graph edges: 39994
Injected biclique: u=5 v=5 k=2 (existing=0 inserted=23 missing=2)
  planted U: [360, 1360, 2680, 3156, 3326]
  planted V: [3012, 5202, 6267, 6689, 10392]
  reserved missing: [(3156, 3012), (3326, 5202)]
nU=4935, nV=10856, |E|=40017

==================== VARY ant-count ====================
dataset=konect/gnutella  k=2  θ=5  iterations=5
ants-range=100  run_pivot=false  aco_runs=6
base_seed=1
prefer_smaller_side=false  neighbor_scope_limit=true
elite_pheromone=false  aco_tabu=false  mmas=false
reduction=simple (CNN / one-shot; progressive disabled)
DEBUG=true  plant_check=true

Warming up (excluded from timings)…
Prefer smaller side: false
Neighbor scope limit: true
Size of reduced graphs9 9
ACO MMAS disabled: species pheromone unbounded [0, +∞) (θ-heuristic not run for ACO)
ACO ablations: elite_pheromone=false tabu=false mmas=false
ACO subspecies 1 best: |U|=8 |V|=8 score=512 found_at_iter=1 found_at_t=0.0613s
ACO global best found at iteration 1 (t=0.0613s, score=512)

Reducing graph once (CNN)…
DEBUG: planted solution still in graph after reduction: yes dataset=konect/gnutella
  plant U=[360, 1360, 2680, 3156, 3326]  V=[3012, 5202, 6267, 6689, 10392]

── Graph reduction ──
  wall_time_s                  0.0043s
  allocated_bytes              2.95 MiB  (3097744 bytes)
  reduced_nU                   421
  reduced_nV                   227
  reduced_edges                2758
  reduced_max_degree           53
  reduced_avg_degree           8.512345679012345

── Graph structure ──
  nU                           4935
  nV                           10856
  edges                        40017
  reduced_nU                   421
  reduced_nV                   227
  reduced_edges                2758
  reduced_max_degree           53
  reduced_avg_degree           8.512345679012345
  mutable_graph_bytes          4.66 MiB  (4883736 bytes)
  frozen_after_reduction_bytes 79.34 KiB  (81248 bytes)

θ-heuristic warmup (excluded from timings)…

Running θ-heuristic…

── θ-heuristic ──
  wall_time_s                  0.0003s
  allocated_bytes              154.82 KiB  (158536 bytes)
  rss_delta_bytes              0.0 B  (0 bytes)
  rss_peak_bytes               803.33 MiB  (842354688 bytes)
  solution                     |U|=5 |V|=6 edges=30 missing=0 (k=2)
  final_edges                  30
  optimal_edges                —
  matched_optimal              false

Running θ-heuristic…

── θ-heuristic ──
  wall_time_s                  0.0003s
  allocated_bytes              154.82 KiB  (158536 bytes)
  rss_delta_bytes              0.0 B  (0 bytes)
  rss_peak_bytes               803.33 MiB  (842354688 bytes)
  solution                     |U|=5 |V|=6 edges=30 missing=0 (k=2)
  final_edges                  30
  optimal_edges                —
  matched_optimal              false

── ACO ants=100  run 1/6  seed=1  (JIT warmup; recorded but discarded in emit) ──
Prefer smaller side: false
Neighbor scope limit: true
Size of reduced graphs421 227
ACO MMAS disabled: species pheromone unbounded [0, +∞) (θ-heuristic not run for ACO)
ACO ablations: elite_pheromone=false tabu=false mmas=false
ACO subspecies 1 best: |U|=13 |V|=6 score=468 found_at_iter=4 found_at_t=0.0895s
ACO global best found at iteration 4 (t=0.0895s, score=468)
  wall=0.0938s  to_best=0.0895s  iters→best=4  edges=76  vs heur=30 (beats)  [warmup]

── ACO ants=100  run 2/6  seed=2 ──
Prefer smaller side: false
Neighbor scope limit: true
Size of reduced graphs421 227
ACO MMAS disabled: species pheromone unbounded [0, +∞) (θ-heuristic not run for ACO)
ACO ablations: elite_pheromone=false tabu=false mmas=false
ACO subspecies 1 best: |U|=13 |V|=6 score=468 found_at_iter=2 found_at_t=0.0064s
ACO global best found at iteration 2 (t=0.0064s, score=468)
  wall=0.0173s  to_best=0.0064s  iters→best=2  edges=76  vs heur=30 (beats)

── ACO ants=100  run 3/6  seed=3 ──
Prefer smaller side: false
Neighbor scope limit: true
Size of reduced graphs421 227
ACO MMAS disabled: species pheromone unbounded [0, +∞) (θ-heuristic not run for ACO)
ACO ablations: elite_pheromone=false tabu=false mmas=false
ACO subspecies 1 best: |U|=13 |V|=6 score=468 found_at_iter=3 found_at_t=0.0097s
ACO global best found at iteration 3 (t=0.0097s, score=468)
  wall=0.0174s  to_best=0.0097s  iters→best=3  edges=76  vs heur=30 (beats)

── ACO ants=100  run 4/6  seed=4 ──
Prefer smaller side: false
Neighbor scope limit: true
Size of reduced graphs421 227
ACO MMAS disabled: species pheromone unbounded [0, +∞) (θ-heuristic not run for ACO)
ACO ablations: elite_pheromone=false tabu=false mmas=false
ACO subspecies 1 best: |U|=13 |V|=6 score=468 found_at_iter=2 found_at_t=0.0063s
ACO global best found at iteration 2 (t=0.0063s, score=468)
  wall=0.0180s  to_best=0.0063s  iters→best=2  edges=76  vs heur=30 (beats)

── ACO ants=100  run 5/6  seed=5 ──
Prefer smaller side: false
Neighbor scope limit: true
Size of reduced graphs421 227
ACO MMAS disabled: species pheromone unbounded [0, +∞) (θ-heuristic not run for ACO)
ACO ablations: elite_pheromone=false tabu=false mmas=false
ACO subspecies 1 best: |U|=13 |V|=6 score=468 found_at_iter=2 found_at_t=0.0064s
ACO global best found at iteration 2 (t=0.0064s, score=468)
  wall=0.0181s  to_best=0.0064s  iters→best=2  edges=76  vs heur=30 (beats)

── ACO ants=100  run 6/6  seed=6 ──
Prefer smaller side: false
Neighbor scope limit: true
Size of reduced graphs421 227
ACO MMAS disabled: species pheromone unbounded [0, +∞) (θ-heuristic not run for ACO)
ACO ablations: elite_pheromone=false tabu=false mmas=false
ACO subspecies 1 best: |U|=9 |V|=7 score=441 found_at_iter=2 found_at_t=0.007s
ACO global best found at iteration 2 (t=0.007s, score=441)
  wall=0.0193s  to_best=0.0070s  iters→best=2  edges=61  vs heur=30 (beats)

==================== SUMMARY ======================
θ-heuristic edges=30  θ-feasible=true  |U|=5 |V|=6
ants    run   time        iters   edges     >heur   optimal
100     1     0.0938s     4       76        yes     —
100     2     0.0173s     2       76        yes     —
100     3     0.0174s     3       76        yes     —
100     4     0.0180s     2       76        yes     —
100     5     0.0181s     2       76        yes     —
100     6     0.0193s     2       61        yes     —
===================================================

Best ACO trial (by edges): ants=100  run=4  edges=76  discovery=0.0902s  ITB=2  TTB=0.0063s  θ-feasible=true
Wrote benchmark results → /home/kiyaanpillai/Documents/aco-mkdb/results/vary_k2t5i_100_N/gnutella_ants.json
Random seed: --seed=1
a = 2846107160

[25/37] konect/ciaodvd → results/vary_k2t5i_100_N/ciaodvd_ants.json
Loading graph from: data/konect/ciaodvd/indexed_interactions.csv
Parameters: k=2 θ=5
Inject: u=5 v=5 k=2 (in-memory; CSV unchanged)
Mode: vary ant-count (range=100, aco_runs=6)
ACO: iterations=5 pheromone=1 evaporation=0.95 subspecies=1
Pivot for quality baseline: no
Save: /home/kiyaanpillai/Documents/aco-mkdb/results/vary_k2t5i_100_N/ciaodvd_ants.json
Reduction: simple
Graph edges: 40133
Injected biclique: u=5 v=5 k=2 (existing=0 inserted=23 missing=2)
  planted U: [404, 541, 673, 862, 1335]
  planted V: [543, 1842, 2070, 3384, 3658]
  reserved missing: [(673, 3658), (1335, 3658)]
nU=1438, nV=4299, |E|=40156

==================== VARY ant-count ====================
dataset=konect/ciaodvd  k=2  θ=5  iterations=5
ants-range=100  run_pivot=false  aco_runs=6
base_seed=1
prefer_smaller_side=false  neighbor_scope_limit=true
elite_pheromone=false  aco_tabu=false  mmas=false
reduction=simple (CNN / one-shot; progressive disabled)
DEBUG=true  plant_check=true

Warming up (excluded from timings)…
Prefer smaller side: false
Neighbor scope limit: true
Size of reduced graphs9 9
ACO MMAS disabled: species pheromone unbounded [0, +∞) (θ-heuristic not run for ACO)
ACO ablations: elite_pheromone=false tabu=false mmas=false
ACO subspecies 1 best: |U|=8 |V|=8 score=512 found_at_iter=1 found_at_t=0.0673s
ACO global best found at iteration 1 (t=0.0673s, score=512)

Reducing graph once (CNN)…
DEBUG: planted solution still in graph after reduction: yes dataset=konect/ciaodvd
  plant U=[404, 541, 673, 862, 1335]  V=[543, 1842, 2070, 3384, 3658]

── Graph reduction ──
  wall_time_s                  0.0156s
  allocated_bytes              4.61 MiB  (4835304 bytes)
  reduced_nU                   978
  reduced_nV                   1593
  reduced_edges                35082
  reduced_max_degree           346
  reduced_avg_degree           27.290548424737455

── Graph structure ──
  nU                           1438
  nV                           4299
  edges                        40156
  reduced_nU                   978
  reduced_nV                   1593
  reduced_edges                35082
  reduced_max_degree           346
  reduced_avg_degree           27.290548424737455
  mutable_graph_bytes          3.47 MiB  (3640664 bytes)
  frozen_after_reduction_bytes 690.95 KiB  (707536 bytes)

θ-heuristic warmup (excluded from timings)…

Running θ-heuristic…

── θ-heuristic ──
  wall_time_s                  0.0022s
  allocated_bytes              1.56 MiB  (1632736 bytes)
  rss_delta_bytes              0.0 B  (0 bytes)
  rss_peak_bytes               821.23 MiB  (861126656 bytes)
  solution                     |U|=5 |V|=13 edges=63 missing=2 (k=2)
  final_edges                  63
  optimal_edges                —
  matched_optimal              false

Running θ-heuristic…

── θ-heuristic ──
  wall_time_s                  0.0021s
  allocated_bytes              1.56 MiB  (1632736 bytes)
  rss_delta_bytes              0.0 B  (0 bytes)
  rss_peak_bytes               821.23 MiB  (861126656 bytes)
  solution                     |U|=5 |V|=13 edges=63 missing=2 (k=2)
  final_edges                  63
  optimal_edges                —
  matched_optimal              false

── ACO ants=100  run 1/6  seed=1  (JIT warmup; recorded but discarded in emit) ──
Prefer smaller side: false
Neighbor scope limit: true
Size of reduced graphs978 1593
ACO MMAS disabled: species pheromone unbounded [0, +∞) (θ-heuristic not run for ACO)
ACO ablations: elite_pheromone=false tabu=false mmas=false
ACO subspecies 1 best: |U|=33 |V|=5 score=825 found_at_iter=5 found_at_t=0.1797s
ACO global best found at iteration 5 (t=0.1797s, score=825)
  wall=0.1880s  to_best=0.1797s  iters→best=5  edges=163  vs heur=63 (beats)  [warmup]

── ACO ants=100  run 2/6  seed=2 ──
Prefer smaller side: false
Neighbor scope limit: true
Size of reduced graphs978 1593
ACO MMAS disabled: species pheromone unbounded [0, +∞) (θ-heuristic not run for ACO)
ACO ablations: elite_pheromone=false tabu=false mmas=false
ACO subspecies 1 best: |U|=36 |V|=5 score=900 found_at_iter=4 found_at_t=0.0666s
ACO global best found at iteration 4 (t=0.0667s, score=900)
  wall=0.0911s  to_best=0.0666s  iters→best=4  edges=178  vs heur=63 (beats)

── ACO ants=100  run 3/6  seed=3 ──
Prefer smaller side: false
Neighbor scope limit: true
Size of reduced graphs978 1593
ACO MMAS disabled: species pheromone unbounded [0, +∞) (θ-heuristic not run for ACO)
ACO ablations: elite_pheromone=false tabu=false mmas=false
ACO subspecies 1 best: |U|=34 |V|=5 score=850 found_at_iter=3 found_at_t=0.0491s
ACO global best found at iteration 3 (t=0.0491s, score=850)
  wall=0.0907s  to_best=0.0491s  iters→best=3  edges=168  vs heur=63 (beats)

── ACO ants=100  run 4/6  seed=4 ──
Prefer smaller side: false
Neighbor scope limit: true
Size of reduced graphs978 1593
ACO MMAS disabled: species pheromone unbounded [0, +∞) (θ-heuristic not run for ACO)
ACO ablations: elite_pheromone=false tabu=false mmas=false
ACO subspecies 1 best: |U|=34 |V|=5 score=850 found_at_iter=5 found_at_t=0.0874s
ACO global best found at iteration 5 (t=0.0874s, score=850)
  wall=0.0928s  to_best=0.0874s  iters→best=5  edges=168  vs heur=63 (beats)

── ACO ants=100  run 5/6  seed=5 ──
Prefer smaller side: false
Neighbor scope limit: true
Size of reduced graphs978 1593
ACO MMAS disabled: species pheromone unbounded [0, +∞) (θ-heuristic not run for ACO)
ACO ablations: elite_pheromone=false tabu=false mmas=false
ACO subspecies 1 best: |U|=36 |V|=5 score=900 found_at_iter=2 found_at_t=0.0296s
ACO global best found at iteration 2 (t=0.0296s, score=900)
  wall=0.0943s  to_best=0.0296s  iters→best=2  edges=178  vs heur=63 (beats)

── ACO ants=100  run 6/6  seed=6 ──
Prefer smaller side: false
Neighbor scope limit: true
Size of reduced graphs978 1593
ACO MMAS disabled: species pheromone unbounded [0, +∞) (θ-heuristic not run for ACO)
ACO ablations: elite_pheromone=false tabu=false mmas=false
ACO subspecies 1 best: |U|=36 |V|=5 score=900 found_at_iter=5 found_at_t=0.0939s
ACO global best found at iteration 5 (t=0.0939s, score=900)
  wall=0.0977s  to_best=0.0939s  iters→best=5  edges=178  vs heur=63 (beats)

==================== SUMMARY ======================
θ-heuristic edges=63  θ-feasible=true  |U|=5 |V|=13
ants    run   time        iters   edges     >heur   optimal
100     1     0.1880s     5       163       yes     —
100     2     0.0911s     4       178       yes     —
100     3     0.0907s     3       168       yes     —
100     4     0.0928s     5       168       yes     —
100     5     0.0943s     2       178       yes     —
100     6     0.0977s     5       178       yes     —
===================================================

Best ACO trial (by edges): ants=100  run=5  edges=178  discovery=0.4666s  ITB=2  TTB=0.0296s  θ-feasible=true
Wrote benchmark results → /home/kiyaanpillai/Documents/aco-mkdb/results/vary_k2t5i_100_N/ciaodvd_ants.json
Random seed: --seed=1
a = 3377035608

[26/37] konect/dblp_cite → results/vary_k2t5i_100_N/dblp_cite_ants.json
Loading graph from: data/konect/dblp_cite/indexed_interactions.csv
Parameters: k=2 θ=5
Inject: u=5 v=5 k=2 (in-memory; CSV unchanged)
Mode: vary ant-count (range=100, aco_runs=6)
ACO: iterations=5 pheromone=1 evaporation=0.95 subspecies=1
Pivot for quality baseline: no
Save: /home/kiyaanpillai/Documents/aco-mkdb/results/vary_k2t5i_100_N/dblp_cite_ants.json
Reduction: simple
Graph edges: 49759
Injected biclique: u=5 v=5 k=2 (existing=0 inserted=23 missing=2)
  planted U: [291, 420, 909, 1767, 2116]
  planted V: [3218, 5639, 5843, 8774, 9238]
  reserved missing: [(420, 8774), (2116, 9238)]
nU=3158, nV=11566, |E|=49782

==================== VARY ant-count ====================
dataset=konect/dblp_cite  k=2  θ=5  iterations=5
ants-range=100  run_pivot=false  aco_runs=6
base_seed=1
prefer_smaller_side=false  neighbor_scope_limit=true
elite_pheromone=false  aco_tabu=false  mmas=false
reduction=simple (CNN / one-shot; progressive disabled)
DEBUG=true  plant_check=true

Warming up (excluded from timings)…
Prefer smaller side: false
Neighbor scope limit: true
Size of reduced graphs9 9
ACO MMAS disabled: species pheromone unbounded [0, +∞) (θ-heuristic not run for ACO)
ACO ablations: elite_pheromone=false tabu=false mmas=false
ACO subspecies 1 best: |U|=8 |V|=8 score=512 found_at_iter=1 found_at_t=0.0689s
ACO global best found at iteration 1 (t=0.0689s, score=512)

Reducing graph once (CNN)…
DEBUG: planted solution still in graph after reduction: yes dataset=konect/dblp_cite
  plant U=[291, 420, 909, 1767, 2116]  V=[3218, 5639, 5843, 8774, 9238]

── Graph reduction ──
  wall_time_s                  0.0143s
  allocated_bytes              6.08 MiB  (6370944 bytes)
  reduced_nU                   2466
  reduced_nV                   2955
  reduced_edges                31279
  reduced_max_degree           477
  reduced_avg_degree           11.539937280944475

── Graph structure ──
  nU                           3158
  nV                           11566
  edges                        49782
  reduced_nU                   2466
  reduced_nV                   2955
  reduced_edges                31279
  reduced_max_degree           477
  reduced_avg_degree           11.539937280944475
  mutable_graph_bytes          6.56 MiB  (6876088 bytes)
  frozen_after_reduction_bytes 778.06 KiB  (796736 bytes)

θ-heuristic warmup (excluded from timings)…

Running θ-heuristic…

── θ-heuristic ──
  wall_time_s                  0.0030s
  allocated_bytes              1.52 MiB  (1596896 bytes)
  rss_delta_bytes              0.0 B  (0 bytes)
  rss_peak_bytes               852.0 MiB  (893386752 bytes)
  solution                     |U|=5 |V|=18 edges=88 missing=2 (k=2)
  final_edges                  88
  optimal_edges                —
  matched_optimal              false

Running θ-heuristic…

── θ-heuristic ──
  wall_time_s                  0.0028s
  allocated_bytes              1.52 MiB  (1596896 bytes)
  rss_delta_bytes              0.0 B  (0 bytes)
  rss_peak_bytes               852.0 MiB  (893386752 bytes)
  solution                     |U|=5 |V|=18 edges=88 missing=2 (k=2)
  final_edges                  88
  optimal_edges                —
  matched_optimal              false

── ACO ants=100  run 1/6  seed=1  (JIT warmup; recorded but discarded in emit) ──
Prefer smaller side: false
Neighbor scope limit: true
Size of reduced graphs2466 2955
ACO MMAS disabled: species pheromone unbounded [0, +∞) (θ-heuristic not run for ACO)
ACO ablations: elite_pheromone=false tabu=false mmas=false
ACO subspecies 1 best: |U|=5 |V|=17 score=425 found_at_iter=5 found_at_t=0.2741s
ACO global best found at iteration 5 (t=0.2741s, score=425)
  wall=0.2840s  to_best=0.2741s  iters→best=5  edges=83  vs heur=88  [warmup]

── ACO ants=100  run 2/6  seed=2 ──
Prefer smaller side: false
Neighbor scope limit: true
Size of reduced graphs2466 2955
ACO MMAS disabled: species pheromone unbounded [0, +∞) (θ-heuristic not run for ACO)
ACO ablations: elite_pheromone=false tabu=false mmas=false
ACO subspecies 1 best: |U|=5 |V|=18 score=450 found_at_iter=4 found_at_t=0.1437s
ACO global best found at iteration 4 (t=0.1437s, score=450)
  wall=0.1854s  to_best=0.1437s  iters→best=4  edges=88  vs heur=88

── ACO ants=100  run 3/6  seed=3 ──
Prefer smaller side: false
Neighbor scope limit: true
Size of reduced graphs2466 2955
ACO MMAS disabled: species pheromone unbounded [0, +∞) (θ-heuristic not run for ACO)
ACO ablations: elite_pheromone=false tabu=false mmas=false
ACO subspecies 1 best: |U|=5 |V|=18 score=450 found_at_iter=4 found_at_t=0.1362s
ACO global best found at iteration 4 (t=0.1362s, score=450)
  wall=0.1813s  to_best=0.1362s  iters→best=4  edges=88  vs heur=88

── ACO ants=100  run 4/6  seed=4 ──
Prefer smaller side: false
Neighbor scope limit: true
Size of reduced graphs2466 2955
ACO MMAS disabled: species pheromone unbounded [0, +∞) (θ-heuristic not run for ACO)
ACO ablations: elite_pheromone=false tabu=false mmas=false
ACO subspecies 1 best: |U|=5 |V|=18 score=450 found_at_iter=4 found_at_t=0.1302s
ACO global best found at iteration 4 (t=0.1302s, score=450)
  wall=0.1724s  to_best=0.1302s  iters→best=4  edges=88  vs heur=88

── ACO ants=100  run 5/6  seed=5 ──
Prefer smaller side: false
Neighbor scope limit: true
Size of reduced graphs2466 2955
ACO MMAS disabled: species pheromone unbounded [0, +∞) (θ-heuristic not run for ACO)
ACO ablations: elite_pheromone=false tabu=false mmas=false
ACO subspecies 1 best: |U|=5 |V|=8 score=200 found_at_iter=3 found_at_t=0.0962s
ACO global best found at iteration 3 (t=0.0962s, score=200)
  wall=0.1694s  to_best=0.0962s  iters→best=3  edges=38  vs heur=88

── ACO ants=100  run 6/6  seed=6 ──
Prefer smaller side: false
Neighbor scope limit: true
Size of reduced graphs2466 2955
ACO MMAS disabled: species pheromone unbounded [0, +∞) (θ-heuristic not run for ACO)
ACO ablations: elite_pheromone=false tabu=false mmas=false
ACO subspecies 1 best: |U|=5 |V|=17 score=425 found_at_iter=3 found_at_t=0.0992s
ACO global best found at iteration 3 (t=0.0992s, score=425)
  wall=0.1764s  to_best=0.0992s  iters→best=3  edges=83  vs heur=88

==================== SUMMARY ======================
θ-heuristic edges=88  θ-feasible=true  |U|=5 |V|=18
ants    run   time        iters   edges     >heur   optimal
100     1     0.2840s     5       83        no      —
100     2     0.1854s     4       88        no      —
100     3     0.1813s     4       88        no      —
100     4     0.1724s     4       88        no      —
100     5     0.1694s     3       38        no      —
100     6     0.1764s     3       83        no      —
===================================================

Best ACO trial (by edges): ants=100  run=4  edges=88  discovery=0.8848s  ITB=4  TTB=0.1302s  θ-feasible=true
Wrote benchmark results → /home/kiyaanpillai/Documents/aco-mkdb/results/vary_k2t5i_100_N/dblp_cite_ants.json
Random seed: --seed=1
a = 4053960384

[27/37] konect/matter → results/vary_k2t5i_100_N/matter_ants.json
Loading graph from: data/konect/matter/indexed_interactions.csv
Parameters: k=2 θ=5
Inject: u=5 v=5 k=2 (in-memory; CSV unchanged)
Mode: vary ant-count (range=100, aco_runs=6)
ACO: iterations=5 pheromone=1 evaporation=0.95 subspecies=1
Pivot for quality baseline: no
Save: /home/kiyaanpillai/Documents/aco-mkdb/results/vary_k2t5i_100_N/matter_ants.json
Reduction: simple
Graph edges: 58595
Injected biclique: u=5 v=5 k=2 (existing=0 inserted=23 missing=2)
  planted U: [3779, 5462, 10062, 12325, 12673]
  planted V: [4284, 11647, 19952, 21230, 21925]
  reserved missing: [(3779, 4284), (3779, 11647)]
nU=16726, nV=22015, |E|=58618

==================== VARY ant-count ====================
dataset=konect/matter  k=2  θ=5  iterations=5
ants-range=100  run_pivot=false  aco_runs=6
base_seed=1
prefer_smaller_side=false  neighbor_scope_limit=true
elite_pheromone=false  aco_tabu=false  mmas=false
reduction=simple (CNN / one-shot; progressive disabled)
DEBUG=true  plant_check=true

Warming up (excluded from timings)…
Prefer smaller side: false
Neighbor scope limit: true
Size of reduced graphs9 9
ACO MMAS disabled: species pheromone unbounded [0, +∞) (θ-heuristic not run for ACO)
ACO ablations: elite_pheromone=false tabu=false mmas=false
ACO subspecies 1 best: |U|=8 |V|=8 score=512 found_at_iter=1 found_at_t=0.0635s
ACO global best found at iteration 1 (t=0.0635s, score=512)

Reducing graph once (CNN)…
DEBUG: planted solution still in graph after reduction: yes dataset=konect/matter
  plant U=[3779, 5462, 10062, 12325, 12673]  V=[4284, 11647, 19952, 21230, 21925]

── Graph reduction ──
  wall_time_s                  0.0085s
  allocated_bytes              8.24 MiB  (8643448 bytes)
  reduced_nU                   2283
  reduced_nV                   3276
  reduced_edges                11825
  reduced_max_degree           49
  reduced_avg_degree           4.2543622953768665

── Graph structure ──
  nU                           16726
  nV                           22015
  edges                        58618
  reduced_nU                   2283
  reduced_nV                   3276
  reduced_edges                11825
  reduced_max_degree           49
  reduced_avg_degree           4.2543622953768665
  mutable_graph_bytes          12.12 MiB  (12710040 bytes)
  frozen_after_reduction_bytes 476.25 KiB  (487680 bytes)

θ-heuristic warmup (excluded from timings)…

Running θ-heuristic…

── θ-heuristic ──
  wall_time_s                  0.0016s
  allocated_bytes              1.02 MiB  (1072336 bytes)
  rss_delta_bytes              0.0 B  (0 bytes)
  rss_peak_bytes               837.52 MiB  (878206976 bytes)
  solution                     |U|=5 |V|=4 edges=18 missing=2 (k=2)
  final_edges                  18
  optimal_edges                —
  matched_optimal              false

Running θ-heuristic…

── θ-heuristic ──
  wall_time_s                  0.0013s
  allocated_bytes              1.02 MiB  (1072336 bytes)
  rss_delta_bytes              0.0 B  (0 bytes)
  rss_peak_bytes               837.52 MiB  (878206976 bytes)
  solution                     |U|=5 |V|=4 edges=18 missing=2 (k=2)
  final_edges                  18
  optimal_edges                —
  matched_optimal              false

── ACO ants=100  run 1/6  seed=1  (JIT warmup; recorded but discarded in emit) ──
Prefer smaller side: false
Neighbor scope limit: true
Size of reduced graphs2283 3276
ACO MMAS disabled: species pheromone unbounded [0, +∞) (θ-heuristic not run for ACO)
ACO ablations: elite_pheromone=false tabu=false mmas=false
ACO subspecies 1 best: |U|=8 |V|=11 score=704 found_at_iter=3 found_at_t=0.1913s
ACO global best found at iteration 3 (t=0.1913s, score=704)
  wall=0.2827s  to_best=0.1913s  iters→best=3  edges=87  vs heur=18 (beats)  [warmup]

── ACO ants=100  run 2/6  seed=2 ──
Prefer smaller side: false
Neighbor scope limit: true
Size of reduced graphs2283 3276
ACO MMAS disabled: species pheromone unbounded [0, +∞) (θ-heuristic not run for ACO)
ACO ablations: elite_pheromone=false tabu=false mmas=false
ACO subspecies 1 best: |U|=8 |V|=11 score=704 found_at_iter=4 found_at_t=0.107s
ACO global best found at iteration 4 (t=0.107s, score=704)
  wall=0.1424s  to_best=0.1070s  iters→best=4  edges=87  vs heur=18 (beats)

── ACO ants=100  run 3/6  seed=3 ──
Prefer smaller side: false
Neighbor scope limit: true
Size of reduced graphs2283 3276
ACO MMAS disabled: species pheromone unbounded [0, +∞) (θ-heuristic not run for ACO)
ACO ablations: elite_pheromone=false tabu=false mmas=false
ACO subspecies 1 best: |U|=8 |V|=11 score=704 found_at_iter=2 found_at_t=0.0516s
ACO global best found at iteration 2 (t=0.0516s, score=704)
  wall=0.1372s  to_best=0.0516s  iters→best=2  edges=87  vs heur=18 (beats)

── ACO ants=100  run 4/6  seed=4 ──
Prefer smaller side: false
Neighbor scope limit: true
Size of reduced graphs2283 3276
ACO MMAS disabled: species pheromone unbounded [0, +∞) (θ-heuristic not run for ACO)
ACO ablations: elite_pheromone=false tabu=false mmas=false
ACO subspecies 1 best: |U|=8 |V|=11 score=704 found_at_iter=5 found_at_t=0.1349s
ACO global best found at iteration 5 (t=0.1349s, score=704)
  wall=0.1386s  to_best=0.1349s  iters→best=5  edges=87  vs heur=18 (beats)

── ACO ants=100  run 5/6  seed=5 ──
Prefer smaller side: false
Neighbor scope limit: true
Size of reduced graphs2283 3276
ACO MMAS disabled: species pheromone unbounded [0, +∞) (θ-heuristic not run for ACO)
ACO ablations: elite_pheromone=false tabu=false mmas=false
ACO subspecies 1 best: |U|=8 |V|=11 score=704 found_at_iter=2 found_at_t=0.0509s
ACO global best found at iteration 2 (t=0.0509s, score=704)
  wall=0.1376s  to_best=0.0509s  iters→best=2  edges=87  vs heur=18 (beats)

── ACO ants=100  run 6/6  seed=6 ──
Prefer smaller side: false
Neighbor scope limit: true
Size of reduced graphs2283 3276
ACO MMAS disabled: species pheromone unbounded [0, +∞) (θ-heuristic not run for ACO)
ACO ablations: elite_pheromone=false tabu=false mmas=false
ACO subspecies 1 best: |U|=7 |V|=12 score=588 found_at_iter=5 found_at_t=0.1389s
ACO global best found at iteration 5 (t=0.1389s, score=588)
  wall=0.1423s  to_best=0.1389s  iters→best=5  edges=82  vs heur=18 (beats)

==================== SUMMARY ======================
θ-heuristic edges=18  θ-feasible=false  |U|=5 |V|=4
ants    run   time        iters   edges     >heur   optimal
100     1     0.2827s     3       87        yes     —
100     2     0.1424s     4       87        yes     —
100     3     0.1372s     2       87        yes     —
100     4     0.1386s     5       87        yes     —
100     5     0.1376s     2       87        yes     —
100     6     0.1423s     5       82        yes     —
===================================================

Best ACO trial (by edges): ants=100  run=5  edges=87  discovery=0.6982s  ITB=2  TTB=0.0509s  θ-feasible=true
Wrote benchmark results → /home/kiyaanpillai/Documents/aco-mkdb/results/vary_k2t5i_100_N/matter_ants.json
Random seed: --seed=1
a = 3564520128

[28/37] konect/openflights → results/vary_k2t5i_100_N/openflights_ants.json
Loading graph from: data/konect/openflights/indexed_interactions.csv
Parameters: k=2 θ=5
Inject: u=5 v=5 k=2 (in-memory; CSV unchanged)
Mode: vary ant-count (range=100, aco_runs=6)
ACO: iterations=5 pheromone=1 evaporation=0.95 subspecies=1
Pivot for quality baseline: no
Save: /home/kiyaanpillai/Documents/aco-mkdb/results/vary_k2t5i_100_N/openflights_ants.json
Reduction: simple
Graph edges: 67663
Injected biclique: u=5 v=5 k=2 (existing=0 inserted=23 missing=2)
  planted U: [1193, 1491, 2257, 2836, 3127]
  planted V: [159, 1222, 1637, 1950, 2304]
  reserved missing: [(1193, 1637), (1491, 159)]
nU=3409, nV=3418, |E|=67686

==================== VARY ant-count ====================
dataset=konect/openflights  k=2  θ=5  iterations=5
ants-range=100  run_pivot=false  aco_runs=6
base_seed=1
prefer_smaller_side=false  neighbor_scope_limit=true
elite_pheromone=false  aco_tabu=false  mmas=false
reduction=simple (CNN / one-shot; progressive disabled)
DEBUG=true  plant_check=true

Warming up (excluded from timings)…
Prefer smaller side: false
Neighbor scope limit: true
Size of reduced graphs9 9
ACO MMAS disabled: species pheromone unbounded [0, +∞) (θ-heuristic not run for ACO)
ACO ablations: elite_pheromone=false tabu=false mmas=false
ACO subspecies 1 best: |U|=8 |V|=8 score=512 found_at_iter=1 found_at_t=0.0632s
ACO global best found at iteration 1 (t=0.0632s, score=512)

Reducing graph once (CNN)…
DEBUG: planted solution still in graph after reduction: yes dataset=konect/openflights
  plant U=[1193, 1491, 2257, 2836, 3127]  V=[159, 1222, 1637, 1950, 2304]

── Graph reduction ──
  wall_time_s                  0.0129s
  allocated_bytes              4.51 MiB  (4728936 bytes)
  reduced_nU                   1480
  reduced_nV                   1485
  reduced_edges                31970
  reduced_max_degree           239
  reduced_avg_degree           21.564924114671165

── Graph structure ──
  nU                           3409
  nV                           3418
  edges                        67686
  reduced_nU                   1480
  reduced_nV                   1485
  reduced_edges                31970
  reduced_max_degree           239
  reduced_avg_degree           21.564924114671165
  mutable_graph_bytes          3.72 MiB  (3905256 bytes)
  frozen_after_reduction_bytes 682.48 KiB  (698864 bytes)

θ-heuristic warmup (excluded from timings)…

Running θ-heuristic…

── θ-heuristic ──
  wall_time_s                  0.0029s
  allocated_bytes              1.44 MiB  (1511056 bytes)
  rss_delta_bytes              0.0 B  (0 bytes)
  rss_peak_bytes               835.19 MiB  (875761664 bytes)
  solution                     |U|=5 |V|=92 edges=458 missing=2 (k=2)
  final_edges                  458
  optimal_edges                —
  matched_optimal              false

Running θ-heuristic…

── θ-heuristic ──
  wall_time_s                  0.0027s
  allocated_bytes              1.44 MiB  (1511056 bytes)
  rss_delta_bytes              0.0 B  (0 bytes)
  rss_peak_bytes               835.19 MiB  (875761664 bytes)
  solution                     |U|=5 |V|=92 edges=458 missing=2 (k=2)
  final_edges                  458
  optimal_edges                —
  matched_optimal              false

── ACO ants=100  run 1/6  seed=1  (JIT warmup; recorded but discarded in emit) ──
Prefer smaller side: false
Neighbor scope limit: true
Size of reduced graphs1480 1485
ACO MMAS disabled: species pheromone unbounded [0, +∞) (θ-heuristic not run for ACO)
ACO ablations: elite_pheromone=false tabu=false mmas=false
ACO subspecies 1 best: |U|=71 |V|=6 score=2556 found_at_iter=2 found_at_t=0.1198s
ACO global best found at iteration 2 (t=0.1198s, score=2556)
  wall=0.2297s  to_best=0.1198s  iters→best=2  edges=424  vs heur=458  [warmup]

── ACO ants=100  run 2/6  seed=2 ──
Prefer smaller side: false
Neighbor scope limit: true
Size of reduced graphs1480 1485
ACO MMAS disabled: species pheromone unbounded [0, +∞) (θ-heuristic not run for ACO)
ACO ablations: elite_pheromone=false tabu=false mmas=false
ACO subspecies 1 best: |U|=70 |V|=6 score=2520 found_at_iter=1 found_at_t=0.0185s
ACO global best found at iteration 1 (t=0.0186s, score=2520)
  wall=0.1340s  to_best=0.0185s  iters→best=1  edges=418  vs heur=458

── ACO ants=100  run 3/6  seed=3 ──
Prefer smaller side: false
Neighbor scope limit: true
Size of reduced graphs1480 1485
ACO MMAS disabled: species pheromone unbounded [0, +∞) (θ-heuristic not run for ACO)
ACO ablations: elite_pheromone=false tabu=false mmas=false
ACO subspecies 1 best: |U|=6 |V|=69 score=2484 found_at_iter=5 found_at_t=0.1313s
ACO global best found at iteration 5 (t=0.1313s, score=2484)
  wall=0.1365s  to_best=0.1313s  iters→best=5  edges=412  vs heur=458

── ACO ants=100  run 4/6  seed=4 ──
Prefer smaller side: false
Neighbor scope limit: true
Size of reduced graphs1480 1485
ACO MMAS disabled: species pheromone unbounded [0, +∞) (θ-heuristic not run for ACO)
ACO ablations: elite_pheromone=false tabu=false mmas=false
ACO subspecies 1 best: |U|=6 |V|=74 score=2664 found_at_iter=2 found_at_t=0.0405s
ACO global best found at iteration 2 (t=0.0405s, score=2664)
  wall=0.1203s  to_best=0.0405s  iters→best=2  edges=442  vs heur=458

── ACO ants=100  run 5/6  seed=5 ──
Prefer smaller side: false
Neighbor scope limit: true
Size of reduced graphs1480 1485
ACO MMAS disabled: species pheromone unbounded [0, +∞) (θ-heuristic not run for ACO)
ACO ablations: elite_pheromone=false tabu=false mmas=false
ACO subspecies 1 best: |U|=44 |V|=9 score=3564 found_at_iter=3 found_at_t=0.0653s
ACO global best found at iteration 3 (t=0.0654s, score=3564)
  wall=0.1278s  to_best=0.0653s  iters→best=3  edges=394  vs heur=458

── ACO ants=100  run 6/6  seed=6 ──
Prefer smaller side: false
Neighbor scope limit: true
Size of reduced graphs1480 1485
ACO MMAS disabled: species pheromone unbounded [0, +∞) (θ-heuristic not run for ACO)
ACO ablations: elite_pheromone=false tabu=false mmas=false
ACO subspecies 1 best: |U|=7 |V|=63 score=3087 found_at_iter=5 found_at_t=0.1086s
ACO global best found at iteration 5 (t=0.1086s, score=3087)
  wall=0.1170s  to_best=0.1086s  iters→best=5  edges=439  vs heur=458

==================== SUMMARY ======================
θ-heuristic edges=458  θ-feasible=true  |U|=5 |V|=92
ants    run   time        iters   edges     >heur   optimal
100     1     0.2297s     2       424       no      —
100     2     0.1340s     1       418       no      —
100     3     0.1365s     5       412       no      —
100     4     0.1203s     2       442       no      —
100     5     0.1278s     3       394       no      —
100     6     0.1170s     5       439       no      —
===================================================

Best ACO trial (by edges): ants=100  run=4  edges=442  discovery=0.6355s  ITB=2  TTB=0.0405s  θ-feasible=true
Wrote benchmark results → /home/kiyaanpillai/Documents/aco-mkdb/results/vary_k2t5i_100_N/openflights_ants.json
Random seed: --seed=1
a = 3464254696

[29/37] konect-small/nawiki → results/vary_k2t5i_100_N/nawiki_ants.json
Loading graph from: data/konect-small/nawiki/indexed_interactions.csv
Parameters: k=2 θ=5
Inject: u=5 v=5 k=2 (in-memory; CSV unchanged)
Mode: vary ant-count (range=100, aco_runs=6)
ACO: iterations=5 pheromone=1 evaporation=0.95 subspecies=1
Pivot for quality baseline: no
Save: /home/kiyaanpillai/Documents/aco-mkdb/results/vary_k2t5i_100_N/nawiki_ants.json
Reduction: simple
Graph edges: 70695
Injected biclique: u=5 v=5 k=2 (existing=0 inserted=23 missing=2)
  planted U: [235, 434, 512, 666, 817]
  planted V: [43, 298, 1929, 2056, 3533]
  reserved missing: [(512, 298), (666, 3533)]
nU=844, nV=4014, |E|=70718

==================== VARY ant-count ====================
dataset=konect-small/nawiki  k=2  θ=5  iterations=5
ants-range=100  run_pivot=false  aco_runs=6
base_seed=1
prefer_smaller_side=false  neighbor_scope_limit=true
elite_pheromone=false  aco_tabu=false  mmas=false
reduction=simple (CNN / one-shot; progressive disabled)
DEBUG=true  plant_check=true

Warming up (excluded from timings)…
Prefer smaller side: false
Neighbor scope limit: true
Size of reduced graphs9 9
ACO MMAS disabled: species pheromone unbounded [0, +∞) (θ-heuristic not run for ACO)
ACO ablations: elite_pheromone=false tabu=false mmas=false
ACO subspecies 1 best: |U|=8 |V|=8 score=512 found_at_iter=1 found_at_t=0.0611s
ACO global best found at iteration 1 (t=0.0611s, score=512)

Reducing graph once (CNN)…
DEBUG: planted solution still in graph after reduction: yes dataset=konect-small/nawiki
  plant U=[235, 434, 512, 666, 817]  V=[43, 298, 1929, 2056, 3533]

── Graph reduction ──
  wall_time_s                  0.0156s
  allocated_bytes              3.03 MiB  (3179744 bytes)
  reduced_nU                   204
  reduced_nV                   1337
  reduced_edges                22032
  reduced_max_degree           1088
  reduced_avg_degree           28.594419208306295

── Graph structure ──
  nU                           844
  nV                           4014
  edges                        70718
  reduced_nU                   204
  reduced_nV                   1337
  reduced_edges                22032
  reduced_max_degree           1088
  reduced_avg_degree           28.594419208306295
  mutable_graph_bytes          2.78 MiB  (2919272 bytes)
  frozen_after_reduction_bytes 411.45 KiB  (421328 bytes)

θ-heuristic warmup (excluded from timings)…

Running θ-heuristic…

── θ-heuristic ──
  wall_time_s                  0.0028s
  allocated_bytes              1.0 MiB  (1051296 bytes)
  rss_delta_bytes              0.0 B  (0 bytes)
  rss_peak_bytes               858.19 MiB  (899874816 bytes)
  solution                     |U|=5 |V|=431 edges=2153 missing=2 (k=2)
  final_edges                  2153
  optimal_edges                —
  matched_optimal              false

Running θ-heuristic…

── θ-heuristic ──
  wall_time_s                  0.0027s
  allocated_bytes              1.0 MiB  (1051296 bytes)
  rss_delta_bytes              0.0 B  (0 bytes)
  rss_peak_bytes               858.19 MiB  (899874816 bytes)
  solution                     |U|=5 |V|=431 edges=2153 missing=2 (k=2)
  final_edges                  2153
  optimal_edges                —
  matched_optimal              false

── ACO ants=100  run 1/6  seed=1  (JIT warmup; recorded but discarded in emit) ──
Prefer smaller side: false
Neighbor scope limit: true
Size of reduced graphs204 1337
ACO MMAS disabled: species pheromone unbounded [0, +∞) (θ-heuristic not run for ACO)
ACO ablations: elite_pheromone=false tabu=false mmas=false
ACO subspecies 1 best: |U|=10 |V|=254 score=25400 found_at_iter=1 found_at_t=0.1327s
ACO global best found at iteration 1 (t=0.1328s, score=25400)
  wall=0.6648s  to_best=0.1327s  iters→best=1  edges=2538  vs heur=2153 (beats)  [warmup]

── ACO ants=100  run 2/6  seed=2 ──
Prefer smaller side: false
Neighbor scope limit: true
Size of reduced graphs204 1337
ACO MMAS disabled: species pheromone unbounded [0, +∞) (θ-heuristic not run for ACO)
ACO ablations: elite_pheromone=false tabu=false mmas=false
ACO subspecies 1 best: |U|=10 |V|=254 score=25400 found_at_iter=2 found_at_t=0.2106s
ACO global best found at iteration 2 (t=0.2107s, score=25400)
  wall=0.5534s  to_best=0.2106s  iters→best=2  edges=2538  vs heur=2153 (beats)

── ACO ants=100  run 3/6  seed=3 ──
Prefer smaller side: false
Neighbor scope limit: true
Size of reduced graphs204 1337
ACO MMAS disabled: species pheromone unbounded [0, +∞) (θ-heuristic not run for ACO)
ACO ablations: elite_pheromone=false tabu=false mmas=false
ACO subspecies 1 best: |U|=9 |V|=279 score=22599 found_at_iter=2 found_at_t=0.2082s
ACO global best found at iteration 2 (t=0.2083s, score=22599)
  wall=0.5406s  to_best=0.2082s  iters→best=2  edges=2509  vs heur=2153 (beats)

── ACO ants=100  run 4/6  seed=4 ──
Prefer smaller side: false
Neighbor scope limit: true
Size of reduced graphs204 1337
ACO MMAS disabled: species pheromone unbounded [0, +∞) (θ-heuristic not run for ACO)
ACO ablations: elite_pheromone=false tabu=false mmas=false
ACO subspecies 1 best: |U|=9 |V|=279 score=22599 found_at_iter=3 found_at_t=0.3356s
ACO global best found at iteration 3 (t=0.3357s, score=22599)
  wall=0.5680s  to_best=0.3356s  iters→best=3  edges=2509  vs heur=2153 (beats)

── ACO ants=100  run 5/6  seed=5 ──
Prefer smaller side: false
Neighbor scope limit: true
Size of reduced graphs204 1337
ACO MMAS disabled: species pheromone unbounded [0, +∞) (θ-heuristic not run for ACO)
ACO ablations: elite_pheromone=false tabu=false mmas=false
ACO subspecies 1 best: |U|=10 |V|=254 score=25400 found_at_iter=3 found_at_t=0.3101s
ACO global best found at iteration 3 (t=0.3102s, score=25400)
  wall=0.5364s  to_best=0.3101s  iters→best=3  edges=2538  vs heur=2153 (beats)

── ACO ants=100  run 6/6  seed=6 ──
Prefer smaller side: false
Neighbor scope limit: true
Size of reduced graphs204 1337
ACO MMAS disabled: species pheromone unbounded [0, +∞) (θ-heuristic not run for ACO)
ACO ablations: elite_pheromone=false tabu=false mmas=false
ACO subspecies 1 best: |U|=10 |V|=254 score=25400 found_at_iter=2 found_at_t=0.2087s
ACO global best found at iteration 2 (t=0.2088s, score=25400)
  wall=0.5356s  to_best=0.2087s  iters→best=2  edges=2538  vs heur=2153 (beats)

==================== SUMMARY ======================
θ-heuristic edges=2153  θ-feasible=true  |U|=5 |V|=431
ants    run   time        iters   edges     >heur   optimal
100     1     0.6648s     1       2538      yes     —
100     2     0.5534s     2       2538      yes     —
100     3     0.5406s     2       2509      yes     —
100     4     0.5680s     3       2509      yes     —
100     5     0.5364s     3       2538      yes     —
100     6     0.5356s     2       2538      yes     —
===================================================

Best ACO trial (by edges): ants=100  run=6  edges=2538  discovery=2.7339s  ITB=2  TTB=0.2087s  θ-feasible=true
Wrote benchmark results → /home/kiyaanpillai/Documents/aco-mkdb/results/vary_k2t5i_100_N/nawiki_ants.json
Random seed: --seed=1
a = 5361187680

[30/37] amazon/magazine → results/vary_k2t5i_100_N/magazine_ants.json
Loading graph from: data/amazon/magazine/indexed_interactions.csv
Parameters: k=2 θ=5
Inject: u=5 v=5 k=2 (in-memory; CSV unchanged)
Mode: vary ant-count (range=100, aco_runs=6)
ACO: iterations=5 pheromone=1 evaporation=0.95 subspecies=1
Pivot for quality baseline: no
Save: /home/kiyaanpillai/Documents/aco-mkdb/results/vary_k2t5i_100_N/magazine_ants.json
Reduction: simple
Graph edges: 71497
Injected biclique: u=5 v=5 k=2 (existing=0 inserted=23 missing=2)
  planted U: [666, 12313, 42675, 51889, 59682]
  planted V: [1546, 1962, 2797, 3197, 3273]
  reserved missing: [(666, 3273), (51889, 3273)]
nU=60144, nV=3391, |E|=71520

==================== VARY ant-count ====================
dataset=amazon/magazine  k=2  θ=5  iterations=5
ants-range=100  run_pivot=false  aco_runs=6
base_seed=1
prefer_smaller_side=false  neighbor_scope_limit=true
elite_pheromone=false  aco_tabu=false  mmas=false
reduction=simple (CNN / one-shot; progressive disabled)
DEBUG=true  plant_check=true

Warming up (excluded from timings)…
Prefer smaller side: false
Neighbor scope limit: true
Size of reduced graphs9 9
ACO MMAS disabled: species pheromone unbounded [0, +∞) (θ-heuristic not run for ACO)
ACO ablations: elite_pheromone=false tabu=false mmas=false
ACO subspecies 1 best: |U|=8 |V|=8 score=512 found_at_iter=1 found_at_t=0.0697s
ACO global best found at iteration 1 (t=0.0697s, score=512)

Reducing graph once (CNN)…
DEBUG: planted solution still in graph after reduction: yes dataset=amazon/magazine
  plant U=[666, 12313, 42675, 51889, 59682]  V=[1546, 1962, 2797, 3197, 3273]

── Graph reduction ──
  wall_time_s                  0.0114s
  allocated_bytes              9.07 MiB  (9510632 bytes)
  reduced_nU                   248
  reduced_nV                   76
  reduced_edges                922
  reduced_max_degree           47
  reduced_avg_degree           5.691358024691358

── Graph structure ──
  nU                           60144
  nV                           3391
  edges                        71520
  reduced_nU                   248
  reduced_nV                   76
  reduced_edges                922
  reduced_max_degree           47
  reduced_avg_degree           5.691358024691358
  mutable_graph_bytes          21.78 MiB  (22833704 bytes)
  frozen_after_reduction_bytes 30.72 KiB  (31456 bytes)

θ-heuristic warmup (excluded from timings)…

Running θ-heuristic…

── θ-heuristic ──
  wall_time_s                  0.0002s
  allocated_bytes              63.84 KiB  (65376 bytes)
  rss_delta_bytes              0.0 B  (0 bytes)
  rss_peak_bytes               811.8 MiB  (851238912 bytes)
  solution                     |U|=5 |V|=3 edges=14 missing=1 (k=2)
  final_edges                  14
  optimal_edges                —
  matched_optimal              false

Running θ-heuristic…

── θ-heuristic ──
  wall_time_s                  0.0002s
  allocated_bytes              63.84 KiB  (65376 bytes)
  rss_delta_bytes              0.0 B  (0 bytes)
  rss_peak_bytes               811.8 MiB  (851238912 bytes)
  solution                     |U|=5 |V|=3 edges=14 missing=1 (k=2)
  final_edges                  14
  optimal_edges                —
  matched_optimal              false

── ACO ants=100  run 1/6  seed=1  (JIT warmup; recorded but discarded in emit) ──
Prefer smaller side: false
Neighbor scope limit: true
Size of reduced graphs248 76
ACO MMAS disabled: species pheromone unbounded [0, +∞) (θ-heuristic not run for ACO)
ACO ablations: elite_pheromone=false tabu=false mmas=false
ACO subspecies 1 best: |U|=5 |V|=5 score=125 found_at_iter=1 found_at_t=0.002s
ACO global best found at iteration 1 (t=0.002s, score=125)
  wall=0.0889s  to_best=0.0020s  iters→best=1  edges=23  vs heur=14 (beats)  [warmup]

── ACO ants=100  run 2/6  seed=2 ──
Prefer smaller side: false
Neighbor scope limit: true
Size of reduced graphs248 76
ACO MMAS disabled: species pheromone unbounded [0, +∞) (θ-heuristic not run for ACO)
ACO ablations: elite_pheromone=false tabu=false mmas=false
ACO subspecies 1 best: |U|=5 |V|=5 score=125 found_at_iter=1 found_at_t=0.0019s
ACO global best found at iteration 1 (t=0.0019s, score=125)
  wall=0.0104s  to_best=0.0019s  iters→best=1  edges=23  vs heur=14 (beats)

── ACO ants=100  run 3/6  seed=3 ──
Prefer smaller side: false
Neighbor scope limit: true
Size of reduced graphs248 76
ACO MMAS disabled: species pheromone unbounded [0, +∞) (θ-heuristic not run for ACO)
ACO ablations: elite_pheromone=false tabu=false mmas=false
ACO subspecies 1 best: |U|=5 |V|=5 score=125 found_at_iter=1 found_at_t=0.0021s
ACO global best found at iteration 1 (t=0.0021s, score=125)
  wall=0.0116s  to_best=0.0021s  iters→best=1  edges=23  vs heur=14 (beats)

── ACO ants=100  run 4/6  seed=4 ──
Prefer smaller side: false
Neighbor scope limit: true
Size of reduced graphs248 76
ACO MMAS disabled: species pheromone unbounded [0, +∞) (θ-heuristic not run for ACO)
ACO ablations: elite_pheromone=false tabu=false mmas=false
ACO subspecies 1 best: |U|=5 |V|=5 score=125 found_at_iter=1 found_at_t=0.0021s
ACO global best found at iteration 1 (t=0.0021s, score=125)
  wall=0.0114s  to_best=0.0021s  iters→best=1  edges=23  vs heur=14 (beats)

── ACO ants=100  run 5/6  seed=5 ──
Prefer smaller side: false
Neighbor scope limit: true
Size of reduced graphs248 76
ACO MMAS disabled: species pheromone unbounded [0, +∞) (θ-heuristic not run for ACO)
ACO ablations: elite_pheromone=false tabu=false mmas=false
ACO subspecies 1 best: |U|=5 |V|=5 score=125 found_at_iter=1 found_at_t=0.0022s
ACO global best found at iteration 1 (t=0.0022s, score=125)
  wall=0.0128s  to_best=0.0022s  iters→best=1  edges=23  vs heur=14 (beats)

── ACO ants=100  run 6/6  seed=6 ──
Prefer smaller side: false
Neighbor scope limit: true
Size of reduced graphs248 76
ACO MMAS disabled: species pheromone unbounded [0, +∞) (θ-heuristic not run for ACO)
ACO ablations: elite_pheromone=false tabu=false mmas=false
ACO subspecies 1 best: |U|=5 |V|=5 score=125 found_at_iter=1 found_at_t=0.0021s
ACO global best found at iteration 1 (t=0.0021s, score=125)
  wall=0.0116s  to_best=0.0021s  iters→best=1  edges=23  vs heur=14 (beats)

==================== SUMMARY ======================
θ-heuristic edges=14  θ-feasible=false  |U|=5 |V|=3
ants    run   time        iters   edges     >heur   optimal
100     1     0.0889s     1       23        yes     —
100     2     0.0104s     1       23        yes     —
100     3     0.0116s     1       23        yes     —
100     4     0.0114s     1       23        yes     —
100     5     0.0128s     1       23        yes     —
100     6     0.0116s     1       23        yes     —
===================================================

Best ACO trial (by edges): ants=100  run=2  edges=23  discovery=0.0577s  ITB=1  TTB=0.0019s  θ-feasible=true
Wrote benchmark results → /home/kiyaanpillai/Documents/aco-mkdb/results/vary_k2t5i_100_N/magazine_ants.json
Random seed: --seed=1
a = 2906393976

[31/37] amazon/music → results/vary_k2t5i_100_N/music_ants.json
Loading graph from: data/amazon/music/indexed_interactions.csv
Parameters: k=2 θ=5
Inject: u=5 v=5 k=2 (in-memory; CSV unchanged)
Mode: vary ant-count (range=100, aco_runs=6)
ACO: iterations=5 pheromone=1 evaporation=0.95 subspecies=1
Pivot for quality baseline: no
Save: /home/kiyaanpillai/Documents/aco-mkdb/results/vary_k2t5i_100_N/music_ants.json
Reduction: simple
Graph edges: 130434
Injected biclique: u=5 v=5 k=2 (existing=0 inserted=23 missing=2)
  planted U: [23801, 25098, 43816, 89046, 93575]
  planted V: [4477, 16630, 27239, 36233, 58130]
  reserved missing: [(23801, 4477), (93575, 16630)]
nU=100952, nV=70519, |E|=130457

==================== VARY ant-count ====================
dataset=amazon/music  k=2  θ=5  iterations=5
ants-range=100  run_pivot=false  aco_runs=6
base_seed=1
prefer_smaller_side=false  neighbor_scope_limit=true
elite_pheromone=false  aco_tabu=false  mmas=false
reduction=simple (CNN / one-shot; progressive disabled)
DEBUG=true  plant_check=true

Warming up (excluded from timings)…
Prefer smaller side: false
Neighbor scope limit: true
Size of reduced graphs9 9
ACO MMAS disabled: species pheromone unbounded [0, +∞) (θ-heuristic not run for ACO)
ACO ablations: elite_pheromone=false tabu=false mmas=false
ACO subspecies 1 best: |U|=8 |V|=8 score=512 found_at_iter=1 found_at_t=0.0619s
ACO global best found at iteration 1 (t=0.0619s, score=512)

Reducing graph once (CNN)…
DEBUG: planted solution still in graph after reduction: yes dataset=amazon/music
  plant U=[23801, 25098, 43816, 89046, 93575]  V=[4477, 16630, 27239, 36233, 58130]

── Graph reduction ──
  wall_time_s                  0.0255s
  allocated_bytes              23.15 MiB  (24271960 bytes)
  reduced_nU                   63
  reduced_nV                   81
  reduced_edges                298
  reduced_max_degree           11
  reduced_avg_degree           4.138888888888889

── Graph structure ──
  nU                           100952
  nV                           70519
  edges                        130457
  reduced_nU                   63
  reduced_nV                   81
  reduced_edges                298
  reduced_max_degree           11
  reduced_avg_degree           4.138888888888889
  mutable_graph_bytes          51.18 MiB  (53663464 bytes)
  frozen_after_reduction_bytes 11.78 KiB  (12064 bytes)

θ-heuristic warmup (excluded from timings)…

Running θ-heuristic…

── θ-heuristic ──
  wall_time_s                  0.0001s
  allocated_bytes              28.5 KiB  (29184 bytes)
  rss_delta_bytes              0.0 B  (0 bytes)
  rss_peak_bytes               893.29 MiB  (936685568 bytes)
  solution                     |U|=5 |V|=3 edges=13 missing=2 (k=2)
  final_edges                  13
  optimal_edges                —
  matched_optimal              false

Running θ-heuristic…

── θ-heuristic ──
  wall_time_s                  0.0001s
  allocated_bytes              28.5 KiB  (29184 bytes)
  rss_delta_bytes              0.0 B  (0 bytes)
  rss_peak_bytes               893.29 MiB  (936685568 bytes)
  solution                     |U|=5 |V|=3 edges=13 missing=2 (k=2)
  final_edges                  13
  optimal_edges                —
  matched_optimal              false

── ACO ants=100  run 1/6  seed=1  (JIT warmup; recorded but discarded in emit) ──
Prefer smaller side: false
Neighbor scope limit: true
Size of reduced graphs63 81
ACO MMAS disabled: species pheromone unbounded [0, +∞) (θ-heuristic not run for ACO)
ACO ablations: elite_pheromone=false tabu=false mmas=false
ACO subspecies 1 best: |U|=5 |V|=5 score=125 found_at_iter=1 found_at_t=0.001s
ACO global best found at iteration 1 (t=0.001s, score=125)
  wall=0.0826s  to_best=0.0010s  iters→best=1  edges=23  vs heur=13 (beats)  [warmup]

── ACO ants=100  run 2/6  seed=2 ──
Prefer smaller side: false
Neighbor scope limit: true
Size of reduced graphs63 81
ACO MMAS disabled: species pheromone unbounded [0, +∞) (θ-heuristic not run for ACO)
ACO ablations: elite_pheromone=false tabu=false mmas=false
ACO subspecies 1 best: |U|=5 |V|=5 score=125 found_at_iter=1 found_at_t=0.0009s
ACO global best found at iteration 1 (t=0.0009s, score=125)
  wall=0.0053s  to_best=0.0009s  iters→best=1  edges=23  vs heur=13 (beats)

── ACO ants=100  run 3/6  seed=3 ──
Prefer smaller side: false
Neighbor scope limit: true
Size of reduced graphs63 81
ACO MMAS disabled: species pheromone unbounded [0, +∞) (θ-heuristic not run for ACO)
ACO ablations: elite_pheromone=false tabu=false mmas=false
ACO subspecies 1 best: |U|=5 |V|=5 score=125 found_at_iter=1 found_at_t=0.001s
ACO global best found at iteration 1 (t=0.001s, score=125)
  wall=0.0056s  to_best=0.0010s  iters→best=1  edges=23  vs heur=13 (beats)

── ACO ants=100  run 4/6  seed=4 ──
Prefer smaller side: false
Neighbor scope limit: true
Size of reduced graphs63 81
ACO MMAS disabled: species pheromone unbounded [0, +∞) (θ-heuristic not run for ACO)
ACO ablations: elite_pheromone=false tabu=false mmas=false
ACO subspecies 1 best: |U|=5 |V|=5 score=125 found_at_iter=1 found_at_t=0.0012s
ACO global best found at iteration 1 (t=0.0012s, score=125)
  wall=0.0063s  to_best=0.0012s  iters→best=1  edges=23  vs heur=13 (beats)

── ACO ants=100  run 5/6  seed=5 ──
Prefer smaller side: false
Neighbor scope limit: true
Size of reduced graphs63 81
ACO MMAS disabled: species pheromone unbounded [0, +∞) (θ-heuristic not run for ACO)
ACO ablations: elite_pheromone=false tabu=false mmas=false
ACO subspecies 1 best: |U|=5 |V|=5 score=125 found_at_iter=1 found_at_t=0.001s
ACO global best found at iteration 1 (t=0.001s, score=125)
  wall=0.0057s  to_best=0.0010s  iters→best=1  edges=23  vs heur=13 (beats)

── ACO ants=100  run 6/6  seed=6 ──
Prefer smaller side: false
Neighbor scope limit: true
Size of reduced graphs63 81
ACO MMAS disabled: species pheromone unbounded [0, +∞) (θ-heuristic not run for ACO)
ACO ablations: elite_pheromone=false tabu=false mmas=false
ACO subspecies 1 best: |U|=5 |V|=5 score=125 found_at_iter=1 found_at_t=0.0014s
ACO global best found at iteration 1 (t=0.0014s, score=125)
  wall=0.0065s  to_best=0.0014s  iters→best=1  edges=23  vs heur=13 (beats)

==================== SUMMARY ======================
θ-heuristic edges=13  θ-feasible=false  |U|=5 |V|=3
ants    run   time        iters   edges     >heur   optimal
100     1     0.0826s     1       23        yes     —
100     2     0.0053s     1       23        yes     —
100     3     0.0056s     1       23        yes     —
100     4     0.0063s     1       23        yes     —
100     5     0.0057s     1       23        yes     —
100     6     0.0065s     1       23        yes     —
===================================================

Best ACO trial (by edges): ants=100  run=2  edges=23  discovery=0.0293s  ITB=1  TTB=0.0009s  θ-feasible=true
Wrote benchmark results → /home/kiyaanpillai/Documents/aco-mkdb/results/vary_k2t5i_100_N/music_ants.json
Random seed: --seed=1
a = 3094413832

[32/37] amazon/gift-cards → results/vary_k2t5i_100_N/gift-cards_ants.json
Loading graph from: data/amazon/gift-cards/indexed_interactions.csv
Parameters: k=2 θ=5
Inject: u=5 v=5 k=2 (in-memory; CSV unchanged)
Mode: vary ant-count (range=100, aco_runs=6)
ACO: iterations=5 pheromone=1 evaporation=0.95 subspecies=1
Pivot for quality baseline: no
Save: /home/kiyaanpillai/Documents/aco-mkdb/results/vary_k2t5i_100_N/gift-cards_ants.json
Reduction: simple
Graph edges: 152410
Injected biclique: u=5 v=5 k=2 (existing=0 inserted=23 missing=2)
  planted U: [41901, 44204, 63963, 73473, 93278]
  planted V: [47, 66, 682, 853, 955]
  reserved missing: [(44204, 66), (73473, 682)]
nU=132732, nV=1894, |E|=152433

==================== VARY ant-count ====================
dataset=amazon/gift-cards  k=2  θ=5  iterations=5
ants-range=100  run_pivot=false  aco_runs=6
base_seed=1
prefer_smaller_side=false  neighbor_scope_limit=true
elite_pheromone=false  aco_tabu=false  mmas=false
reduction=simple (CNN / one-shot; progressive disabled)
DEBUG=true  plant_check=true

Warming up (excluded from timings)…
Prefer smaller side: false
Neighbor scope limit: true
Size of reduced graphs9 9
ACO MMAS disabled: species pheromone unbounded [0, +∞) (θ-heuristic not run for ACO)
ACO ablations: elite_pheromone=false tabu=false mmas=false
ACO subspecies 1 best: |U|=8 |V|=8 score=512 found_at_iter=1 found_at_t=0.0692s
ACO global best found at iteration 1 (t=0.0692s, score=512)

Reducing graph once (CNN)…
DEBUG: planted solution still in graph after reduction: yes dataset=amazon/gift-cards
  plant U=[41901, 44204, 63963, 73473, 93278]  V=[47, 66, 682, 853, 955]

── Graph reduction ──
  wall_time_s                  0.1169s
  allocated_bytes              19.3 MiB  (20236072 bytes)
  reduced_nU                   620
  reduced_nV                   96
  reduced_edges                2260
  reduced_max_degree           189
  reduced_avg_degree           6.312849162011173

── Graph structure ──
  nU                           132732
  nV                           1894
  edges                        152433
  reduced_nU                   620
  reduced_nV                   96
  reduced_edges                2260
  reduced_max_degree           189
  reduced_avg_degree           6.312849162011173
  mutable_graph_bytes          41.03 MiB  (43024712 bytes)
  frozen_after_reduction_bytes 119.38 KiB  (122240 bytes)

θ-heuristic warmup (excluded from timings)…

Running θ-heuristic…

── θ-heuristic ──
  wall_time_s                  0.0003s
  allocated_bytes              139.27 KiB  (142616 bytes)
  rss_delta_bytes              0.0 B  (0 bytes)
  rss_peak_bytes               868.59 MiB  (910782464 bytes)
  solution                     |U|=5 |V|=4 edges=18 missing=2 (k=2)
  final_edges                  18
  optimal_edges                —
  matched_optimal              false

Running θ-heuristic…

── θ-heuristic ──
  wall_time_s                  0.0003s
  allocated_bytes              139.27 KiB  (142616 bytes)
  rss_delta_bytes              0.0 B  (0 bytes)
  rss_peak_bytes               868.59 MiB  (910782464 bytes)
  solution                     |U|=5 |V|=4 edges=18 missing=2 (k=2)
  final_edges                  18
  optimal_edges                —
  matched_optimal              false

── ACO ants=100  run 1/6  seed=1  (JIT warmup; recorded but discarded in emit) ──
Prefer smaller side: false
Neighbor scope limit: true
Size of reduced graphs620 96
ACO MMAS disabled: species pheromone unbounded [0, +∞) (θ-heuristic not run for ACO)
ACO ablations: elite_pheromone=false tabu=false mmas=false
ACO subspecies 1 best: |U|=5 |V|=4 score=16 found_at_iter=1 found_at_t=0.0051s
ACO global best found at iteration 1 (t=0.0051s, score=16)
  wall=0.1072s  to_best=0.0051s  iters→best=1  edges=18  vs heur=18  [warmup]

── ACO ants=100  run 2/6  seed=2 ──
Prefer smaller side: false
Neighbor scope limit: true
Size of reduced graphs620 96
ACO MMAS disabled: species pheromone unbounded [0, +∞) (θ-heuristic not run for ACO)
ACO ablations: elite_pheromone=false tabu=false mmas=false
ACO subspecies 1 best: |U|=8 |V|=4 score=16 found_at_iter=1 found_at_t=0.0047s
ACO global best found at iteration 1 (t=0.0047s, score=16)
  wall=0.0280s  to_best=0.0047s  iters→best=1  edges=30  vs heur=18

── ACO ants=100  run 3/6  seed=3 ──
Prefer smaller side: false
Neighbor scope limit: true
Size of reduced graphs620 96
ACO MMAS disabled: species pheromone unbounded [0, +∞) (θ-heuristic not run for ACO)
ACO ablations: elite_pheromone=false tabu=false mmas=false
ACO subspecies 1 best: |U|=4 |V|=4 score=16 found_at_iter=1 found_at_t=0.0048s
ACO global best found at iteration 1 (t=0.0048s, score=16)
  wall=0.0275s  to_best=0.0048s  iters→best=1  edges=14  vs heur=18

── ACO ants=100  run 4/6  seed=4 ──
Prefer smaller side: false
Neighbor scope limit: true
Size of reduced graphs620 96
ACO MMAS disabled: species pheromone unbounded [0, +∞) (θ-heuristic not run for ACO)
ACO ablations: elite_pheromone=false tabu=false mmas=false
ACO subspecies 1 best: |U|=4 |V|=4 score=16 found_at_iter=1 found_at_t=0.0051s
ACO global best found at iteration 1 (t=0.0051s, score=16)
  wall=0.0277s  to_best=0.0051s  iters→best=1  edges=14  vs heur=18

── ACO ants=100  run 5/6  seed=5 ──
Prefer smaller side: false
Neighbor scope limit: true
Size of reduced graphs620 96
ACO MMAS disabled: species pheromone unbounded [0, +∞) (θ-heuristic not run for ACO)
ACO ablations: elite_pheromone=false tabu=false mmas=false
ACO subspecies 1 best: |U|=5 |V|=4 score=16 found_at_iter=1 found_at_t=0.0051s
ACO global best found at iteration 1 (t=0.0051s, score=16)
  wall=0.0294s  to_best=0.0051s  iters→best=1  edges=18  vs heur=18

── ACO ants=100  run 6/6  seed=6 ──
Prefer smaller side: false
Neighbor scope limit: true
Size of reduced graphs620 96
ACO MMAS disabled: species pheromone unbounded [0, +∞) (θ-heuristic not run for ACO)
ACO ablations: elite_pheromone=false tabu=false mmas=false
ACO subspecies 1 best: |U|=4 |V|=4 score=16 found_at_iter=1 found_at_t=0.0047s
ACO global best found at iteration 1 (t=0.0047s, score=16)
  wall=0.0286s  to_best=0.0047s  iters→best=1  edges=14  vs heur=18

==================== SUMMARY ======================
θ-heuristic edges=18  θ-feasible=false  |U|=5 |V|=4
ants    run   time        iters   edges     >heur   optimal
100     1     0.1072s     1       18        no      —
100     2     0.0280s     1       30        no      —
100     3     0.0275s     1       14        no      —
100     4     0.0277s     1       14        no      —
100     5     0.0294s     1       18        no      —
100     6     0.0286s     1       14        no      —
===================================================

Best ACO trial (by edges): ants=100  run=2  edges=30  discovery=0.1412s  ITB=1  TTB=0.0047s  θ-feasible=false
Wrote benchmark results → /home/kiyaanpillai/Documents/aco-mkdb/results/vary_k2t5i_100_N/gift-cards_ants.json
Random seed: --seed=1
a = 3164424712

[33/37] amazon/health → results/vary_k2t5i_100_N/health_ants.json
Loading graph from: data/amazon/health/indexed_interactions.csv
Parameters: k=2 θ=5
Inject: u=5 v=5 k=2 (in-memory; CSV unchanged)
Mode: vary ant-count (range=100, aco_runs=6)
ACO: iterations=5 pheromone=1 evaporation=0.95 subspecies=1
Pivot for quality baseline: no
Save: /home/kiyaanpillai/Documents/aco-mkdb/results/vary_k2t5i_100_N/health_ants.json
Reduction: simple
Graph edges: 494121
Injected biclique: u=5 v=5 k=2 (existing=0 inserted=23 missing=2)
  planted U: [27605, 40693, 71768, 135706, 340386]
  planted V: [906, 9324, 15979, 47923, 54832]
  reserved missing: [(27605, 54832), (71768, 15979)]
nU=461656, nV=62597, |E|=494144

==================== VARY ant-count ====================
dataset=amazon/health  k=2  θ=5  iterations=5
ants-range=100  run_pivot=false  aco_runs=6
base_seed=1
prefer_smaller_side=false  neighbor_scope_limit=true
elite_pheromone=false  aco_tabu=false  mmas=false
reduction=simple (CNN / one-shot; progressive disabled)
DEBUG=true  plant_check=true

Warming up (excluded from timings)…
Prefer smaller side: false
Neighbor scope limit: true
Size of reduced graphs9 9
ACO MMAS disabled: species pheromone unbounded [0, +∞) (θ-heuristic not run for ACO)
ACO ablations: elite_pheromone=false tabu=false mmas=false
ACO subspecies 1 best: |U|=8 |V|=8 score=512 found_at_iter=1 found_at_t=0.0793s
ACO global best found at iteration 1 (t=0.0793s, score=512)

Reducing graph once (CNN)…
DEBUG: planted solution still in graph after reduction: yes dataset=amazon/health
  plant U=[27605, 40693, 71768, 135706, 340386]  V=[906, 9324, 15979, 47923, 54832]

── Graph reduction ──
  wall_time_s                  0.1307s
  allocated_bytes              71.93 MiB  (75428816 bytes)
  reduced_nU                   57
  reduced_nV                   87
  reduced_edges                330
  reduced_max_degree           37
  reduced_avg_degree           4.583333333333333

── Graph structure ──
  nU                           461656
  nV                           62597
  edges                        494144
  reduced_nU                   57
  reduced_nV                   87
  reduced_edges                330
  reduced_max_degree           37
  reduced_avg_degree           4.583333333333333
  mutable_graph_bytes          158.58 MiB  (166283080 bytes)
  frozen_after_reduction_bytes 14.41 KiB  (14752 bytes)

θ-heuristic warmup (excluded from timings)…

Running θ-heuristic…

── θ-heuristic ──
  wall_time_s                  0.0001s
  allocated_bytes              34.58 KiB  (35408 bytes)
  rss_delta_bytes              0.0 B  (0 bytes)
  rss_peak_bytes               1.13 GiB  (1216811008 bytes)
  solution                     |U|=5 |V|=2 edges=8 missing=2 (k=2)
  final_edges                  8
  optimal_edges                —
  matched_optimal              false

Running θ-heuristic…

── θ-heuristic ──
  wall_time_s                  0.0001s
  allocated_bytes              34.58 KiB  (35408 bytes)
  rss_delta_bytes              0.0 B  (0 bytes)
  rss_peak_bytes               1.13 GiB  (1216811008 bytes)
  solution                     |U|=5 |V|=2 edges=8 missing=2 (k=2)
  final_edges                  8
  optimal_edges                —
  matched_optimal              false

── ACO ants=100  run 1/6  seed=1  (JIT warmup; recorded but discarded in emit) ──
Prefer smaller side: false
Neighbor scope limit: true
Size of reduced graphs57 87
ACO MMAS disabled: species pheromone unbounded [0, +∞) (θ-heuristic not run for ACO)
ACO ablations: elite_pheromone=false tabu=false mmas=false
ACO subspecies 1 best: |U|=5 |V|=5 score=125 found_at_iter=1 found_at_t=0.0011s
ACO global best found at iteration 1 (t=0.0011s, score=125)
  wall=0.0883s  to_best=0.0011s  iters→best=1  edges=23  vs heur=8 (beats)  [warmup]

── ACO ants=100  run 2/6  seed=2 ──
Prefer smaller side: false
Neighbor scope limit: true
Size of reduced graphs57 87
ACO MMAS disabled: species pheromone unbounded [0, +∞) (θ-heuristic not run for ACO)
ACO ablations: elite_pheromone=false tabu=false mmas=false
ACO subspecies 1 best: |U|=5 |V|=5 score=125 found_at_iter=1 found_at_t=0.0011s
ACO global best found at iteration 1 (t=0.0011s, score=125)
  wall=0.0065s  to_best=0.0011s  iters→best=1  edges=23  vs heur=8 (beats)

── ACO ants=100  run 3/6  seed=3 ──
Prefer smaller side: false
Neighbor scope limit: true
Size of reduced graphs57 87
ACO MMAS disabled: species pheromone unbounded [0, +∞) (θ-heuristic not run for ACO)
ACO ablations: elite_pheromone=false tabu=false mmas=false
ACO subspecies 1 best: |U|=5 |V|=5 score=125 found_at_iter=1 found_at_t=0.0011s
ACO global best found at iteration 1 (t=0.0011s, score=125)
  wall=0.0064s  to_best=0.0011s  iters→best=1  edges=23  vs heur=8 (beats)

── ACO ants=100  run 4/6  seed=4 ──
Prefer smaller side: false
Neighbor scope limit: true
Size of reduced graphs57 87
ACO MMAS disabled: species pheromone unbounded [0, +∞) (θ-heuristic not run for ACO)
ACO ablations: elite_pheromone=false tabu=false mmas=false
ACO subspecies 1 best: |U|=5 |V|=5 score=125 found_at_iter=1 found_at_t=0.0011s
ACO global best found at iteration 1 (t=0.0011s, score=125)
  wall=0.0061s  to_best=0.0011s  iters→best=1  edges=23  vs heur=8 (beats)

── ACO ants=100  run 5/6  seed=5 ──
Prefer smaller side: false
Neighbor scope limit: true
Size of reduced graphs57 87
ACO MMAS disabled: species pheromone unbounded [0, +∞) (θ-heuristic not run for ACO)
ACO ablations: elite_pheromone=false tabu=false mmas=false
ACO subspecies 1 best: |U|=5 |V|=5 score=125 found_at_iter=1 found_at_t=0.001s
ACO global best found at iteration 1 (t=0.001s, score=125)
  wall=0.0060s  to_best=0.0010s  iters→best=1  edges=23  vs heur=8 (beats)

── ACO ants=100  run 6/6  seed=6 ──
Prefer smaller side: false
Neighbor scope limit: true
Size of reduced graphs57 87
ACO MMAS disabled: species pheromone unbounded [0, +∞) (θ-heuristic not run for ACO)
ACO ablations: elite_pheromone=false tabu=false mmas=false
ACO subspecies 1 best: |U|=5 |V|=5 score=125 found_at_iter=1 found_at_t=0.001s
ACO global best found at iteration 1 (t=0.001s, score=125)
  wall=0.0061s  to_best=0.0010s  iters→best=1  edges=23  vs heur=8 (beats)

==================== SUMMARY ======================
θ-heuristic edges=8  θ-feasible=false  |U|=5 |V|=2
ants    run   time        iters   edges     >heur   optimal
100     1     0.0883s     1       23        yes     —
100     2     0.0065s     1       23        yes     —
100     3     0.0064s     1       23        yes     —
100     4     0.0061s     1       23        yes     —
100     5     0.0060s     1       23        yes     —
100     6     0.0061s     1       23        yes     —
===================================================

Best ACO trial (by edges): ants=100  run=5  edges=23  discovery=0.0311s  ITB=1  TTB=0.0010s  θ-feasible=true
Wrote benchmark results → /home/kiyaanpillai/Documents/aco-mkdb/results/vary_k2t5i_100_N/health_ants.json
Random seed: --seed=1
a = 3836497992

[34/37] amazon/beauty → results/vary_k2t5i_100_N/beauty_ants.json
Loading graph from: data/amazon/beauty/indexed_interactions.csv
Parameters: k=2 θ=5
Inject: u=5 v=5 k=2 (in-memory; CSV unchanged)
Mode: vary ant-count (range=100, aco_runs=6)
ACO: iterations=5 pheromone=1 evaporation=0.95 subspecies=1
Pivot for quality baseline: no
Save: /home/kiyaanpillai/Documents/aco-mkdb/results/vary_k2t5i_100_N/beauty_ants.json
Reduction: simple
Graph edges: 701528
Injected biclique: u=5 v=5 k=2 (existing=0 inserted=23 missing=2)
  planted U: [312191, 478129, 508678, 595082, 607938]
  planted V: [31774, 36057, 72337, 107051, 115060]
  reserved missing: [(478129, 31774), (607938, 31774)]
nU=631986, nV=115709, |E|=701551

==================== VARY ant-count ====================
dataset=amazon/beauty  k=2  θ=5  iterations=5
ants-range=100  run_pivot=false  aco_runs=6
base_seed=1
prefer_smaller_side=false  neighbor_scope_limit=true
elite_pheromone=false  aco_tabu=false  mmas=false
reduction=simple (CNN / one-shot; progressive disabled)
DEBUG=true  plant_check=true

Warming up (excluded from timings)…
Prefer smaller side: false
Neighbor scope limit: true
Size of reduced graphs9 9
ACO MMAS disabled: species pheromone unbounded [0, +∞) (θ-heuristic not run for ACO)
ACO ablations: elite_pheromone=false tabu=false mmas=false
ACO subspecies 1 best: |U|=8 |V|=8 score=512 found_at_iter=1 found_at_t=0.0624s
ACO global best found at iteration 1 (t=0.0624s, score=512)

Reducing graph once (CNN)…
DEBUG: planted solution still in graph after reduction: yes dataset=amazon/beauty
  plant U=[312191, 478129, 508678, 595082, 607938]  V=[31774, 36057, 72337, 107051, 115060]

── Graph reduction ──
  wall_time_s                  0.2407s
  allocated_bytes              102.73 MiB  (107716168 bytes)
  reduced_nU                   103
  reduced_nV                   137
  reduced_edges                536
  reduced_max_degree           45
  reduced_avg_degree           4.466666666666667

── Graph structure ──
  nU                           631986
  nV                           115709
  edges                        701551
  reduced_nU                   103
  reduced_nV                   137
  reduced_edges                536
  reduced_max_degree           45
  reduced_avg_degree           4.466666666666667
  mutable_graph_bytes          215.53 MiB  (225999336 bytes)
  frozen_after_reduction_bytes 21.25 KiB  (21760 bytes)

θ-heuristic warmup (excluded from timings)…

Running θ-heuristic…

── θ-heuristic ──
  wall_time_s                  0.0003s
  allocated_bytes              51.52 KiB  (52752 bytes)
  rss_delta_bytes              0.0 B  (0 bytes)
  rss_peak_bytes               1.22 GiB  (1310343168 bytes)
  solution                     |U|=5 |V|=3 edges=13 missing=2 (k=2)
  final_edges                  13
  optimal_edges                —
  matched_optimal              false

Running θ-heuristic…

── θ-heuristic ──
  wall_time_s                  0.0001s
  allocated_bytes              51.52 KiB  (52752 bytes)
  rss_delta_bytes              0.0 B  (0 bytes)
  rss_peak_bytes               1.22 GiB  (1310343168 bytes)
  solution                     |U|=5 |V|=3 edges=13 missing=2 (k=2)
  final_edges                  13
  optimal_edges                —
  matched_optimal              false

── ACO ants=100  run 1/6  seed=1  (JIT warmup; recorded but discarded in emit) ──
Prefer smaller side: false
Neighbor scope limit: true
Size of reduced graphs103 137
ACO MMAS disabled: species pheromone unbounded [0, +∞) (θ-heuristic not run for ACO)
ACO ablations: elite_pheromone=false tabu=false mmas=false
ACO subspecies 1 best: |U|=5 |V|=5 score=125 found_at_iter=1 found_at_t=0.0016s
ACO global best found at iteration 1 (t=0.0016s, score=125)
  wall=0.0884s  to_best=0.0016s  iters→best=1  edges=23  vs heur=13 (beats)  [warmup]

── ACO ants=100  run 2/6  seed=2 ──
Prefer smaller side: false
Neighbor scope limit: true
Size of reduced graphs103 137
ACO MMAS disabled: species pheromone unbounded [0, +∞) (θ-heuristic not run for ACO)
ACO ablations: elite_pheromone=false tabu=false mmas=false
ACO subspecies 1 best: |U|=5 |V|=5 score=125 found_at_iter=1 found_at_t=0.0015s
ACO global best found at iteration 1 (t=0.0015s, score=125)
  wall=0.0092s  to_best=0.0015s  iters→best=1  edges=23  vs heur=13 (beats)

── ACO ants=100  run 3/6  seed=3 ──
Prefer smaller side: false
Neighbor scope limit: true
Size of reduced graphs103 137
ACO MMAS disabled: species pheromone unbounded [0, +∞) (θ-heuristic not run for ACO)
ACO ablations: elite_pheromone=false tabu=false mmas=false
ACO subspecies 1 best: |U|=5 |V|=5 score=125 found_at_iter=1 found_at_t=0.0018s
ACO global best found at iteration 1 (t=0.0018s, score=125)
  wall=0.0099s  to_best=0.0018s  iters→best=1  edges=23  vs heur=13 (beats)

── ACO ants=100  run 4/6  seed=4 ──
Prefer smaller side: false
Neighbor scope limit: true
Size of reduced graphs103 137
ACO MMAS disabled: species pheromone unbounded [0, +∞) (θ-heuristic not run for ACO)
ACO ablations: elite_pheromone=false tabu=false mmas=false
ACO subspecies 1 best: |U|=5 |V|=5 score=125 found_at_iter=1 found_at_t=0.0016s
ACO global best found at iteration 1 (t=0.0016s, score=125)
  wall=0.0090s  to_best=0.0016s  iters→best=1  edges=23  vs heur=13 (beats)

── ACO ants=100  run 5/6  seed=5 ──
Prefer smaller side: false
Neighbor scope limit: true
Size of reduced graphs103 137
ACO MMAS disabled: species pheromone unbounded [0, +∞) (θ-heuristic not run for ACO)
ACO ablations: elite_pheromone=false tabu=false mmas=false
ACO subspecies 1 best: |U|=5 |V|=5 score=125 found_at_iter=1 found_at_t=0.0015s
ACO global best found at iteration 1 (t=0.0015s, score=125)
  wall=0.0084s  to_best=0.0015s  iters→best=1  edges=23  vs heur=13 (beats)

── ACO ants=100  run 6/6  seed=6 ──
Prefer smaller side: false
Neighbor scope limit: true
Size of reduced graphs103 137
ACO MMAS disabled: species pheromone unbounded [0, +∞) (θ-heuristic not run for ACO)
ACO ablations: elite_pheromone=false tabu=false mmas=false
ACO subspecies 1 best: |U|=5 |V|=5 score=125 found_at_iter=1 found_at_t=0.0014s
ACO global best found at iteration 1 (t=0.0014s, score=125)
  wall=0.0089s  to_best=0.0014s  iters→best=1  edges=23  vs heur=13 (beats)

==================== SUMMARY ======================
θ-heuristic edges=13  θ-feasible=false  |U|=5 |V|=3
ants    run   time        iters   edges     >heur   optimal
100     1     0.0884s     1       23        yes     —
100     2     0.0092s     1       23        yes     —
100     3     0.0099s     1       23        yes     —
100     4     0.0090s     1       23        yes     —
100     5     0.0084s     1       23        yes     —
100     6     0.0089s     1       23        yes     —
===================================================

Best ACO trial (by edges): ants=100  run=6  edges=23  discovery=0.0454s  ITB=1  TTB=0.0014s  θ-feasible=true
Wrote benchmark results → /home/kiyaanpillai/Documents/aco-mkdb/results/vary_k2t5i_100_N/beauty_ants.json
Random seed: --seed=1
a = 4294736232

[35/37] amazon/appliances → results/vary_k2t5i_100_N/appliances_ants.json
Loading graph from: data/amazon/appliances/indexed_interactions.csv
Parameters: k=2 θ=5
Inject: u=5 v=5 k=2 (in-memory; CSV unchanged)
Mode: vary ant-count (range=100, aco_runs=6)
ACO: iterations=5 pheromone=1 evaporation=0.95 subspecies=1
Pivot for quality baseline: no
Save: /home/kiyaanpillai/Documents/aco-mkdb/results/vary_k2t5i_100_N/appliances_ants.json
Reduction: simple
Graph edges: 2128605
Injected biclique: u=5 v=5 k=2 (existing=0 inserted=23 missing=2)
  planted U: [472558, 856634, 1056852, 1159957, 1723250]
  planted V: [34018, 42077, 42618, 62390, 70407]
  reserved missing: [(472558, 42618), (856634, 70407)]
nU=1755732, nV=104237, |E|=2128628

==================== VARY ant-count ====================
dataset=amazon/appliances  k=2  θ=5  iterations=5
ants-range=100  run_pivot=false  aco_runs=6
base_seed=1
prefer_smaller_side=false  neighbor_scope_limit=true
elite_pheromone=false  aco_tabu=false  mmas=false
reduction=simple (CNN / one-shot; progressive disabled)
DEBUG=true  plant_check=true

Warming up (excluded from timings)…
Prefer smaller side: false
Neighbor scope limit: true
Size of reduced graphs9 9
ACO MMAS disabled: species pheromone unbounded [0, +∞) (θ-heuristic not run for ACO)
ACO ablations: elite_pheromone=false tabu=false mmas=false
ACO subspecies 1 best: |U|=8 |V|=8 score=512 found_at_iter=1 found_at_t=0.0711s
ACO global best found at iteration 1 (t=0.0711s, score=512)

Reducing graph once (CNN)…
DEBUG: planted solution still in graph after reduction: yes dataset=amazon/appliances
  plant U=[472558, 856634, 1056852, 1159957, 1723250]  V=[34018, 42077, 42618, 62390, 70407]

── Graph reduction ──
  wall_time_s                  0.8264s
  allocated_bytes              262.28 MiB  (275023616 bytes)
  reduced_nU                   1289
  reduced_nV                   421
  reduced_edges                4175
  reduced_max_degree           178
  reduced_avg_degree           4.883040935672515

── Graph structure ──
  nU                           1755732
  nV                           104237
  edges                        2128628
  reduced_nU                   1289
  reduced_nV                   421
  reduced_edges                4175
  reduced_max_degree           178
  reduced_avg_degree           4.883040935672515
  mutable_graph_bytes          580.38 MiB  (608574456 bytes)
  frozen_after_reduction_bytes 143.58 KiB  (147024 bytes)

θ-heuristic warmup (excluded from timings)…

Running θ-heuristic…

── θ-heuristic ──
  wall_time_s                  0.0004s
  allocated_bytes              302.6 KiB  (309864 bytes)
  rss_delta_bytes              0.0 B  (0 bytes)
  rss_peak_bytes               2.15 GiB  (2312843264 bytes)
  solution                     |U|=5 |V|=3 edges=13 missing=2 (k=2)
  final_edges                  13
  optimal_edges                —
  matched_optimal              false

Running θ-heuristic…

── θ-heuristic ──
  wall_time_s                  0.0004s
  allocated_bytes              302.6 KiB  (309864 bytes)
  rss_delta_bytes              0.0 B  (0 bytes)
  rss_peak_bytes               2.15 GiB  (2312843264 bytes)
  solution                     |U|=5 |V|=3 edges=13 missing=2 (k=2)
  final_edges                  13
  optimal_edges                —
  matched_optimal              false

── ACO ants=100  run 1/6  seed=1  (JIT warmup; recorded but discarded in emit) ──
Prefer smaller side: false
Neighbor scope limit: true
Size of reduced graphs1289 421
ACO MMAS disabled: species pheromone unbounded [0, +∞) (θ-heuristic not run for ACO)
ACO ablations: elite_pheromone=false tabu=false mmas=false
ACO subspecies 1 best: |U|=5 |V|=5 score=125 found_at_iter=1 found_at_t=0.0082s
ACO global best found at iteration 1 (t=0.0082s, score=125)
  wall=0.1245s  to_best=0.0082s  iters→best=1  edges=23  vs heur=13 (beats)  [warmup]

── ACO ants=100  run 2/6  seed=2 ──
Prefer smaller side: false
Neighbor scope limit: true
Size of reduced graphs1289 421
ACO MMAS disabled: species pheromone unbounded [0, +∞) (θ-heuristic not run for ACO)
ACO ablations: elite_pheromone=false tabu=false mmas=false
ACO subspecies 1 best: |U|=5 |V|=5 score=125 found_at_iter=1 found_at_t=0.0088s
ACO global best found at iteration 1 (t=0.0088s, score=125)
  wall=0.0460s  to_best=0.0088s  iters→best=1  edges=23  vs heur=13 (beats)

── ACO ants=100  run 3/6  seed=3 ──
Prefer smaller side: false
Neighbor scope limit: true
Size of reduced graphs1289 421
ACO MMAS disabled: species pheromone unbounded [0, +∞) (θ-heuristic not run for ACO)
ACO ablations: elite_pheromone=false tabu=false mmas=false
ACO subspecies 1 best: |U|=5 |V|=5 score=125 found_at_iter=1 found_at_t=0.0088s
ACO global best found at iteration 1 (t=0.0088s, score=125)
  wall=0.0470s  to_best=0.0088s  iters→best=1  edges=23  vs heur=13 (beats)

── ACO ants=100  run 4/6  seed=4 ──
Prefer smaller side: false
Neighbor scope limit: true
Size of reduced graphs1289 421
ACO MMAS disabled: species pheromone unbounded [0, +∞) (θ-heuristic not run for ACO)
ACO ablations: elite_pheromone=false tabu=false mmas=false
ACO subspecies 1 best: |U|=5 |V|=5 score=125 found_at_iter=3 found_at_t=0.0314s
ACO global best found at iteration 3 (t=0.0314s, score=125)
  wall=0.0540s  to_best=0.0314s  iters→best=3  edges=23  vs heur=13 (beats)

── ACO ants=100  run 5/6  seed=5 ──
Prefer smaller side: false
Neighbor scope limit: true
Size of reduced graphs1289 421
ACO MMAS disabled: species pheromone unbounded [0, +∞) (θ-heuristic not run for ACO)
ACO ablations: elite_pheromone=false tabu=false mmas=false
ACO subspecies 1 best: |U|=5 |V|=5 score=125 found_at_iter=2 found_at_t=0.0191s
ACO global best found at iteration 2 (t=0.0191s, score=125)
  wall=0.0470s  to_best=0.0191s  iters→best=2  edges=23  vs heur=13 (beats)

── ACO ants=100  run 6/6  seed=6 ──
Prefer smaller side: false
Neighbor scope limit: true
Size of reduced graphs1289 421
ACO MMAS disabled: species pheromone unbounded [0, +∞) (θ-heuristic not run for ACO)
ACO ablations: elite_pheromone=false tabu=false mmas=false
ACO subspecies 1 best: |U|=4 |V|=4 score=16 found_at_iter=1 found_at_t=0.0085s
ACO global best found at iteration 1 (t=0.0085s, score=16)
  wall=0.0455s  to_best=0.0085s  iters→best=1  edges=14  vs heur=13

==================== SUMMARY ======================
θ-heuristic edges=13  θ-feasible=false  |U|=5 |V|=3
ants    run   time        iters   edges     >heur   optimal
100     1     0.1245s     1       23        yes     —
100     2     0.0460s     1       23        yes     —
100     3     0.0470s     1       23        yes     —
100     4     0.0540s     3       23        yes     —
100     5     0.0470s     2       23        yes     —
100     6     0.0455s     1       14        no      —
===================================================

Best ACO trial (by edges): ants=100  run=3  edges=23  discovery=0.2395s  ITB=1  TTB=0.0088s  θ-feasible=true
Wrote benchmark results → /home/kiyaanpillai/Documents/aco-mkdb/results/vary_k2t5i_100_N/appliances_ants.json
Random seed: --seed=1
a = 7118664152

[36/37] amazon/fashion → results/vary_k2t5i_100_N/fashion_ants.json
Loading graph from: data/amazon/fashion/indexed_interactions.csv
Parameters: k=2 θ=5
Inject: u=5 v=5 k=2 (in-memory; CSV unchanged)
Mode: vary ant-count (range=100, aco_runs=6)
ACO: iterations=5 pheromone=1 evaporation=0.95 subspecies=1
Pivot for quality baseline: no
Save: /home/kiyaanpillai/Documents/aco-mkdb/results/vary_k2t5i_100_N/fashion_ants.json
Reduction: simple
Graph edges: 2500939
Injected biclique: u=5 v=5 k=2 (existing=0 inserted=23 missing=2)
  planted U: [361722, 582158, 596297, 648024, 1219168]
  planted V: [184130, 320846, 474416, 555593, 780039]
  reserved missing: [(582158, 474416), (596297, 474416)]
nU=2035490, nV=874297, |E|=2500962

==================== VARY ant-count ====================
dataset=amazon/fashion  k=2  θ=5  iterations=5
ants-range=100  run_pivot=false  aco_runs=6
base_seed=1
prefer_smaller_side=false  neighbor_scope_limit=true
elite_pheromone=false  aco_tabu=false  mmas=false
reduction=simple (CNN / one-shot; progressive disabled)
DEBUG=true  plant_check=true

Warming up (excluded from timings)…
Prefer smaller side: false
Neighbor scope limit: true
Size of reduced graphs9 9
ACO MMAS disabled: species pheromone unbounded [0, +∞) (θ-heuristic not run for ACO)
ACO ablations: elite_pheromone=false tabu=false mmas=false
ACO subspecies 1 best: |U|=8 |V|=8 score=512 found_at_iter=1 found_at_t=0.0624s
ACO global best found at iteration 1 (t=0.0624s, score=512)

Reducing graph once (CNN)…
DEBUG: planted solution still in graph after reduction: yes dataset=amazon/fashion
  plant U=[361722, 582158, 596297, 648024, 1219168]  V=[184130, 320846, 474416, 555593, 780039]

── Graph reduction ──
  wall_time_s                  0.9534s
  allocated_bytes              396.97 MiB  (416255864 bytes)
  reduced_nU                   88
  reduced_nV                   78
  reduced_edges                356
  reduced_max_degree           24
  reduced_avg_degree           4.289156626506024

── Graph structure ──
  nU                           2035490
  nV                           874297
  edges                        2500962
  reduced_nU                   88
  reduced_nV                   78
  reduced_edges                356
  reduced_max_degree           24
  reduced_avg_degree           4.289156626506024
  mutable_graph_bytes          835.44 MiB  (876023640 bytes)
  frozen_after_reduction_bytes 15.16 KiB  (15520 bytes)

θ-heuristic warmup (excluded from timings)…

Running θ-heuristic…

── θ-heuristic ──
  wall_time_s                  0.0001s
  allocated_bytes              33.59 KiB  (34400 bytes)
  rss_delta_bytes              0.0 B  (0 bytes)
  rss_peak_bytes               3.02 GiB  (3241185280 bytes)
  solution                     |U|=5 |V|=1 edges=3 missing=2 (k=2)
  final_edges                  3
  optimal_edges                —
  matched_optimal              false

Running θ-heuristic…

── θ-heuristic ──
  wall_time_s                  0.0001s
  allocated_bytes              33.59 KiB  (34400 bytes)
  rss_delta_bytes              0.0 B  (0 bytes)
  rss_peak_bytes               3.02 GiB  (3241185280 bytes)
  solution                     |U|=5 |V|=1 edges=3 missing=2 (k=2)
  final_edges                  3
  optimal_edges                —
  matched_optimal              false

── ACO ants=100  run 1/6  seed=1  (JIT warmup; recorded but discarded in emit) ──
Prefer smaller side: false
Neighbor scope limit: true
Size of reduced graphs88 78
ACO MMAS disabled: species pheromone unbounded [0, +∞) (θ-heuristic not run for ACO)
ACO ablations: elite_pheromone=false tabu=false mmas=false
ACO subspecies 1 best: |U|=5 |V|=5 score=125 found_at_iter=1 found_at_t=0.0011s
ACO global best found at iteration 1 (t=0.0011s, score=125)
  wall=0.0968s  to_best=0.0011s  iters→best=1  edges=23  vs heur=3 (beats)  [warmup]

── ACO ants=100  run 2/6  seed=2 ──
Prefer smaller side: false
Neighbor scope limit: true
Size of reduced graphs88 78
ACO MMAS disabled: species pheromone unbounded [0, +∞) (θ-heuristic not run for ACO)
ACO ablations: elite_pheromone=false tabu=false mmas=false
ACO subspecies 1 best: |U|=5 |V|=5 score=125 found_at_iter=1 found_at_t=0.0011s
ACO global best found at iteration 1 (t=0.0011s, score=125)
  wall=0.0064s  to_best=0.0011s  iters→best=1  edges=23  vs heur=3 (beats)

── ACO ants=100  run 3/6  seed=3 ──
Prefer smaller side: false
Neighbor scope limit: true
Size of reduced graphs88 78
ACO MMAS disabled: species pheromone unbounded [0, +∞) (θ-heuristic not run for ACO)
ACO ablations: elite_pheromone=false tabu=false mmas=false
ACO subspecies 1 best: |U|=5 |V|=5 score=125 found_at_iter=1 found_at_t=0.0011s
ACO global best found at iteration 1 (t=0.0011s, score=125)
  wall=0.0067s  to_best=0.0011s  iters→best=1  edges=23  vs heur=3 (beats)

── ACO ants=100  run 4/6  seed=4 ──
Prefer smaller side: false
Neighbor scope limit: true
Size of reduced graphs88 78
ACO MMAS disabled: species pheromone unbounded [0, +∞) (θ-heuristic not run for ACO)
ACO ablations: elite_pheromone=false tabu=false mmas=false
ACO subspecies 1 best: |U|=5 |V|=5 score=125 found_at_iter=1 found_at_t=0.0011s
ACO global best found at iteration 1 (t=0.0011s, score=125)
  wall=0.0062s  to_best=0.0011s  iters→best=1  edges=23  vs heur=3 (beats)

── ACO ants=100  run 5/6  seed=5 ──
Prefer smaller side: false
Neighbor scope limit: true
Size of reduced graphs88 78
ACO MMAS disabled: species pheromone unbounded [0, +∞) (θ-heuristic not run for ACO)
ACO ablations: elite_pheromone=false tabu=false mmas=false
ACO subspecies 1 best: |U|=5 |V|=5 score=125 found_at_iter=1 found_at_t=0.0011s
ACO global best found at iteration 1 (t=0.0011s, score=125)
  wall=0.0064s  to_best=0.0011s  iters→best=1  edges=23  vs heur=3 (beats)

── ACO ants=100  run 6/6  seed=6 ──
Prefer smaller side: false
Neighbor scope limit: true
Size of reduced graphs88 78
ACO MMAS disabled: species pheromone unbounded [0, +∞) (θ-heuristic not run for ACO)
ACO ablations: elite_pheromone=false tabu=false mmas=false
ACO subspecies 1 best: |U|=5 |V|=5 score=125 found_at_iter=1 found_at_t=0.0012s
ACO global best found at iteration 1 (t=0.0012s, score=125)
  wall=0.0068s  to_best=0.0012s  iters→best=1  edges=23  vs heur=3 (beats)

==================== SUMMARY ======================
θ-heuristic edges=3  θ-feasible=false  |U|=5 |V|=1
ants    run   time        iters   edges     >heur   optimal
100     1     0.0968s     1       23        yes     —
100     2     0.0064s     1       23        yes     —
100     3     0.0067s     1       23        yes     —
100     4     0.0062s     1       23        yes     —
100     5     0.0064s     1       23        yes     —
100     6     0.0068s     1       23        yes     —
===================================================

Best ACO trial (by edges): ants=100  run=4  edges=23  discovery=0.0324s  ITB=1  TTB=0.0011s  θ-feasible=true
Wrote benchmark results → /home/kiyaanpillai/Documents/aco-mkdb/results/vary_k2t5i_100_N/fashion_ants.json
Random seed: --seed=1
a = 8953458360

[37/37] amazon/instruments → results/vary_k2t5i_100_N/instruments_ants.json
Loading graph from: data/amazon/instruments/indexed_interactions.csv
Parameters: k=2 θ=5
Inject: u=5 v=5 k=2 (in-memory; CSV unchanged)
Mode: vary ant-count (range=100, aco_runs=6)
ACO: iterations=5 pheromone=1 evaporation=0.95 subspecies=1
Pivot for quality baseline: no
Save: /home/kiyaanpillai/Documents/aco-mkdb/results/vary_k2t5i_100_N/instruments_ants.json
Reduction: simple
Graph edges: 3017439
Injected biclique: u=5 v=5 k=2 (existing=0 inserted=23 missing=2)
  planted U: [432965, 873664, 1050734, 1223541, 1708966]
  planted V: [17389, 121496, 128763, 188522, 240132]
  reserved missing: [(432965, 128763), (1708966, 188522)]
nU=1762679, nV=259791, |E|=3017462

==================== VARY ant-count ====================
dataset=amazon/instruments  k=2  θ=5  iterations=5
ants-range=100  run_pivot=false  aco_runs=6
base_seed=1
prefer_smaller_side=false  neighbor_scope_limit=true
elite_pheromone=false  aco_tabu=false  mmas=false
reduction=simple (CNN / one-shot; progressive disabled)
DEBUG=true  plant_check=true

Warming up (excluded from timings)…
Prefer smaller side: false
Neighbor scope limit: true
Size of reduced graphs9 9
ACO MMAS disabled: species pheromone unbounded [0, +∞) (θ-heuristic not run for ACO)
ACO ablations: elite_pheromone=false tabu=false mmas=false
ACO subspecies 1 best: |U|=8 |V|=8 score=512 found_at_iter=1 found_at_t=0.0631s
ACO global best found at iteration 1 (t=0.0631s, score=512)

Reducing graph once (CNN)…
DEBUG: planted solution still in graph after reduction: yes dataset=amazon/instruments
  plant U=[432965, 873664, 1050734, 1223541, 1708966]  V=[17389, 121496, 128763, 188522, 240132]

── Graph reduction ──
  wall_time_s                  1.4703s
  allocated_bytes              300.76 MiB  (315371912 bytes)
  reduced_nU                   6279
  reduced_nV                   2153
  reduced_edges                29397
  reduced_max_degree           618
  reduced_avg_degree           6.972722960151803

── Graph structure ──
  nU                           1762679
  nV                           259791
  edges                        3017462
  reduced_nU                   6279
  reduced_nV                   2153
  reduced_edges                29397
  reduced_max_degree           618
  reduced_avg_degree           6.972722960151803
  mutable_graph_bytes          645.53 MiB  (676889528 bytes)
  frozen_after_reduction_bytes 931.7 KiB  (954064 bytes)

θ-heuristic warmup (excluded from timings)…

Running θ-heuristic…

── θ-heuristic ──
  wall_time_s                  0.0026s
  allocated_bytes              1.74 MiB  (1825168 bytes)
  rss_delta_bytes              0.0 B  (0 bytes)
  rss_peak_bytes               2.33 GiB  (2505113600 bytes)
  solution                     |U|=5 |V|=7 edges=33 missing=2 (k=2)
  final_edges                  33
  optimal_edges                —
  matched_optimal              false

Running θ-heuristic…

── θ-heuristic ──
  wall_time_s                  0.0033s
  allocated_bytes              1.74 MiB  (1825168 bytes)
  rss_delta_bytes              0.0 B  (0 bytes)
  rss_peak_bytes               2.33 GiB  (2505113600 bytes)
  solution                     |U|=5 |V|=7 edges=33 missing=2 (k=2)
  final_edges                  33
  optimal_edges                —
  matched_optimal              false

── ACO ants=100  run 1/6  seed=1  (JIT warmup; recorded but discarded in emit) ──
Prefer smaller side: false
Neighbor scope limit: true
Size of reduced graphs6279 2153
ACO MMAS disabled: species pheromone unbounded [0, +∞) (θ-heuristic not run for ACO)
ACO ablations: elite_pheromone=false tabu=false mmas=false
ACO subspecies 1 best: |U|=6 |V|=6 score=216 found_at_iter=4 found_at_t=0.3251s
ACO global best found at iteration 4 (t=0.3251s, score=216)
  wall=0.3994s  to_best=0.3251s  iters→best=4  edges=34  vs heur=33 (beats)  [warmup]

── ACO ants=100  run 2/6  seed=2 ──
Prefer smaller side: false
Neighbor scope limit: true
Size of reduced graphs6279 2153
ACO MMAS disabled: species pheromone unbounded [0, +∞) (θ-heuristic not run for ACO)
ACO ablations: elite_pheromone=false tabu=false mmas=false
ACO subspecies 1 best: |U|=4 |V|=4 score=16 found_at_iter=1 found_at_t=0.0429s
ACO global best found at iteration 1 (t=0.0429s, score=16)
  wall=0.2225s  to_best=0.0429s  iters→best=1  edges=14  vs heur=33

── ACO ants=100  run 3/6  seed=3 ──
Prefer smaller side: false
Neighbor scope limit: true
Size of reduced graphs6279 2153
ACO MMAS disabled: species pheromone unbounded [0, +∞) (θ-heuristic not run for ACO)
ACO ablations: elite_pheromone=false tabu=false mmas=false
ACO subspecies 1 best: |U|=4 |V|=6 score=16 found_at_iter=1 found_at_t=0.0435s
ACO global best found at iteration 1 (t=0.0435s, score=16)
  wall=0.2199s  to_best=0.0435s  iters→best=1  edges=22  vs heur=33

── ACO ants=100  run 4/6  seed=4 ──
Prefer smaller side: false
Neighbor scope limit: true
Size of reduced graphs6279 2153
ACO MMAS disabled: species pheromone unbounded [0, +∞) (θ-heuristic not run for ACO)
ACO ablations: elite_pheromone=false tabu=false mmas=false
ACO subspecies 1 best: |U|=7 |V|=4 score=16 found_at_iter=2 found_at_t=0.0934s
ACO global best found at iteration 2 (t=0.0934s, score=16)
  wall=0.2444s  to_best=0.0934s  iters→best=2  edges=26  vs heur=33

── ACO ants=100  run 5/6  seed=5 ──
Prefer smaller side: false
Neighbor scope limit: true
Size of reduced graphs6279 2153
ACO MMAS disabled: species pheromone unbounded [0, +∞) (θ-heuristic not run for ACO)
ACO ablations: elite_pheromone=false tabu=false mmas=false
ACO subspecies 1 best: |U|=7 |V|=4 score=16 found_at_iter=1 found_at_t=0.0398s
ACO global best found at iteration 1 (t=0.0398s, score=16)
  wall=0.2353s  to_best=0.0398s  iters→best=1  edges=26  vs heur=33

── ACO ants=100  run 6/6  seed=6 ──
Prefer smaller side: false
Neighbor scope limit: true
Size of reduced graphs6279 2153
ACO MMAS disabled: species pheromone unbounded [0, +∞) (θ-heuristic not run for ACO)
ACO ablations: elite_pheromone=false tabu=false mmas=false
ACO subspecies 1 best: |U|=6 |V|=7 score=252 found_at_iter=5 found_at_t=0.241s
ACO global best found at iteration 5 (t=0.241s, score=252)
  wall=0.2475s  to_best=0.2410s  iters→best=5  edges=40  vs heur=33 (beats)

==================== SUMMARY ======================
θ-heuristic edges=33  θ-feasible=true  |U|=5 |V|=7
ants    run   time        iters   edges     >heur   optimal
100     1     0.3994s     4       34        yes     —
100     2     0.2225s     1       14        no      —
100     3     0.2199s     1       22        no      —
100     4     0.2444s     2       26        no      —
100     5     0.2353s     1       26        no      —
100     6     0.2475s     5       40        yes     —
===================================================

Best ACO trial (by edges): ants=100  run=6  edges=40  discovery=1.1695s  ITB=5  TTB=0.2410s  θ-feasible=true
Wrote benchmark results → /home/kiyaanpillai/Documents/aco-mkdb/results/vary_k2t5i_100_N/instruments_ants.json
Random seed: --seed=1
a = 9423604224

Done. JSON results under results/vary_k2t5i_100_N/
Next: PREFIX= ./scripts/compare-seeds.bash results/vary_k2t5i_100_N
