Discovering graphs (ascending by edges)…
Found 37 graphs
ACO replicates per ant count: 6 (run 1 = JIT warmup; emit uses the rest)
Run pivot for optimum: 0
Neighbor scope limit: false
Prefer smaller side: false
Elite pheromone (emit): false
ACO tabu repair: false
MMAS bounds: false
DEBUG (post-reduction plant check): true
Writing vary results under results/vary_k2t5i_100_/

[1/37] konect-small/moreno → results/vary_k2t5i_100_/moreno_ants.json
Loading graph from: data/konect-small/moreno/indexed_interactions.csv
Parameters: k=2 θ=5
Inject: u=5 v=5 k=2 (in-memory; CSV unchanged)
Mode: vary ant-count (range=100, aco_runs=6)
ACO: iterations=5 pheromone=1 evaporation=0.95 subspecies=1
Pivot for quality baseline: no
Save: /home/kiyaanpillai/Documents/aco-mkdb/results/vary_k2t5i_100_/moreno_ants.json
Reduction: simple
Graph edges: 2277
Injected biclique: u=5 v=5 k=2 (existing=0 inserted=23 missing=2)
  planted U: [86, 105, 443, 481, 636]
  planted V: [344, 641, 1185, 1214, 1452]
  reserved missing: [(481, 1214), (636, 1185)]
nU=888, nV=1597, |E|=2300

==================== VARY ant-count ====================
dataset=konect-small/moreno  k=2  θ=5  iterations=5
ants-range=100  run_pivot=false  aco_runs=6
base_seed=1
prefer_smaller_side=false  neighbor_scope_limit=false
elite_pheromone=false  aco_tabu=false  mmas=false
reduction=simple (CNN / one-shot; progressive disabled)
DEBUG=true  plant_check=true

Warming up (excluded from timings)…
Prefer smaller side: false
Neighbor scope limit: false
Size of reduced graphs9 9
ACO MMAS disabled: species pheromone unbounded [0, +∞) (θ-heuristic not run for ACO)
ACO ablations: elite_pheromone=false tabu=false mmas=false
ACO subspecies 1 best: |U|=8 |V|=8 score=512 found_at_iter=1 found_at_t=0.069s
ACO global best found at iteration 1 (t=0.069s, score=512)

Reducing graph once (CNN)…
DEBUG: planted solution still in graph after reduction: yes dataset=konect-small/moreno
  plant U=[86, 105, 443, 481, 636]  V=[344, 641, 1185, 1214, 1452]

── Graph reduction ──
  wall_time_s                  0.0004s
  allocated_bytes              365.03 KiB  (373792 bytes)
  reduced_nU                   13
  reduced_nV                   12
  reduced_edges                50
  reduced_max_degree           5
  reduced_avg_degree           4.0

── Graph structure ──
  nU                           888
  nV                           1597
  edges                        2300
  reduced_nU                   13
  reduced_nV                   12
  reduced_edges                50
  reduced_max_degree           5
  reduced_avg_degree           4.0
  mutable_graph_bytes          771.95 KiB  (790472 bytes)
  frozen_after_reduction_bytes 2.86 KiB  (2928 bytes)

θ-heuristic warmup (excluded from timings)…

Running θ-heuristic…

── θ-heuristic ──
  wall_time_s                  0.0000s
  allocated_bytes              7.5 KiB  (7680 bytes)
  rss_delta_bytes              0.0 B  (0 bytes)
  rss_peak_bytes               833.12 MiB  (873594880 bytes)
  solution                     |U|=5 |V|=5 edges=23 missing=2 (k=2)
  final_edges                  23
  optimal_edges                —
  matched_optimal              false

Running θ-heuristic…

── θ-heuristic ──
  wall_time_s                  0.0000s
  allocated_bytes              7.5 KiB  (7680 bytes)
  rss_delta_bytes              0.0 B  (0 bytes)
  rss_peak_bytes               833.12 MiB  (873594880 bytes)
  solution                     |U|=5 |V|=5 edges=23 missing=2 (k=2)
  final_edges                  23
  optimal_edges                —
  matched_optimal              false

── ACO ants=100  run 1/6  seed=1  (JIT warmup; recorded but discarded in emit) ──
Prefer smaller side: false
Neighbor scope limit: false
Size of reduced graphs13 12
ACO MMAS disabled: species pheromone unbounded [0, +∞) (θ-heuristic not run for ACO)
ACO ablations: elite_pheromone=false tabu=false mmas=false
ACO subspecies 1 best: |U|=5 |V|=5 score=125 found_at_iter=1 found_at_t=0.0004s
ACO global best found at iteration 1 (t=0.0004s, score=125)
  wall=0.0770s  to_best=0.0004s  iters→best=1  edges=23  vs heur=23  [warmup]

── ACO ants=100  run 2/6  seed=2 ──
Prefer smaller side: false
Neighbor scope limit: false
Size of reduced graphs13 12
ACO MMAS disabled: species pheromone unbounded [0, +∞) (θ-heuristic not run for ACO)
ACO ablations: elite_pheromone=false tabu=false mmas=false
ACO subspecies 1 best: |U|=5 |V|=5 score=125 found_at_iter=1 found_at_t=0.0004s
ACO global best found at iteration 1 (t=0.0004s, score=125)
  wall=0.0024s  to_best=0.0004s  iters→best=1  edges=23  vs heur=23

── ACO ants=100  run 3/6  seed=3 ──
Prefer smaller side: false
Neighbor scope limit: false
Size of reduced graphs13 12
ACO MMAS disabled: species pheromone unbounded [0, +∞) (θ-heuristic not run for ACO)
ACO ablations: elite_pheromone=false tabu=false mmas=false
ACO subspecies 1 best: |U|=5 |V|=5 score=125 found_at_iter=1 found_at_t=0.0004s
ACO global best found at iteration 1 (t=0.0004s, score=125)
  wall=0.0026s  to_best=0.0004s  iters→best=1  edges=23  vs heur=23

── ACO ants=100  run 4/6  seed=4 ──
Prefer smaller side: false
Neighbor scope limit: false
Size of reduced graphs13 12
ACO MMAS disabled: species pheromone unbounded [0, +∞) (θ-heuristic not run for ACO)
ACO ablations: elite_pheromone=false tabu=false mmas=false
ACO subspecies 1 best: |U|=5 |V|=5 score=125 found_at_iter=1 found_at_t=0.0004s
ACO global best found at iteration 1 (t=0.0004s, score=125)
  wall=0.0027s  to_best=0.0004s  iters→best=1  edges=23  vs heur=23

── ACO ants=100  run 5/6  seed=5 ──
Prefer smaller side: false
Neighbor scope limit: false
Size of reduced graphs13 12
ACO MMAS disabled: species pheromone unbounded [0, +∞) (θ-heuristic not run for ACO)
ACO ablations: elite_pheromone=false tabu=false mmas=false
ACO subspecies 1 best: |U|=5 |V|=5 score=125 found_at_iter=1 found_at_t=0.0004s
ACO global best found at iteration 1 (t=0.0004s, score=125)
  wall=0.0026s  to_best=0.0004s  iters→best=1  edges=23  vs heur=23

── ACO ants=100  run 6/6  seed=6 ──
Prefer smaller side: false
Neighbor scope limit: false
Size of reduced graphs13 12
ACO MMAS disabled: species pheromone unbounded [0, +∞) (θ-heuristic not run for ACO)
ACO ablations: elite_pheromone=false tabu=false mmas=false
ACO subspecies 1 best: |U|=5 |V|=5 score=125 found_at_iter=1 found_at_t=0.0004s
ACO global best found at iteration 1 (t=0.0004s, score=125)
  wall=0.0027s  to_best=0.0004s  iters→best=1  edges=23  vs heur=23

==================== SUMMARY ======================
θ-heuristic edges=23  θ-feasible=true  |U|=5 |V|=5
ants    run   time        iters   edges     >heur   optimal
100     1     0.0770s     1       23        no      —
100     2     0.0024s     1       23        no      —
100     3     0.0026s     1       23        no      —
100     4     0.0027s     1       23        no      —
100     5     0.0026s     1       23        no      —
100     6     0.0027s     1       23        no      —
===================================================

Best ACO trial (by edges): ants=100  run=5  edges=23  discovery=0.0132s  ITB=1  TTB=0.0004s  θ-feasible=true
Wrote benchmark results → /home/kiyaanpillai/Documents/aco-mkdb/results/vary_k2t5i_100_/moreno_ants.json
Random seed: --seed=1
a = 2703258176

[2/37] konect-small/facebook → results/vary_k2t5i_100_/facebook_ants.json
Loading graph from: data/konect-small/facebook/indexed_interactions.csv
Parameters: k=2 θ=5
Inject: u=5 v=5 k=2 (in-memory; CSV unchanged)
Mode: vary ant-count (range=100, aco_runs=6)
ACO: iterations=5 pheromone=1 evaporation=0.95 subspecies=1
Pivot for quality baseline: no
Save: /home/kiyaanpillai/Documents/aco-mkdb/results/vary_k2t5i_100_/facebook_ants.json
Reduction: simple
Graph edges: 2981
Injected biclique: u=5 v=5 k=2 (existing=1 inserted=22 missing=2)
  planted U: [5, 6, 9, 14, 16]
  planted V: [934, 1859, 2012, 2279, 2392]
  reserved missing: [(6, 2279), (9, 2279)]
nU=28, nV=2885, |E|=3003

==================== VARY ant-count ====================
dataset=konect-small/facebook  k=2  θ=5  iterations=5
ants-range=100  run_pivot=false  aco_runs=6
base_seed=1
prefer_smaller_side=false  neighbor_scope_limit=false
elite_pheromone=false  aco_tabu=false  mmas=false
reduction=simple (CNN / one-shot; progressive disabled)
DEBUG=true  plant_check=true

Warming up (excluded from timings)…
Prefer smaller side: false
Neighbor scope limit: false
Size of reduced graphs9 9
ACO MMAS disabled: species pheromone unbounded [0, +∞) (θ-heuristic not run for ACO)
ACO ablations: elite_pheromone=false tabu=false mmas=false
ACO subspecies 1 best: |U|=8 |V|=8 score=512 found_at_iter=1 found_at_t=0.064s
ACO global best found at iteration 1 (t=0.064s, score=512)

Reducing graph once (CNN)…
DEBUG: planted solution still in graph after reduction: yes dataset=konect-small/facebook
  plant U=[5, 6, 9, 14, 16]  V=[934, 1859, 2012, 2279, 2392]

── Graph reduction ──
  wall_time_s                  0.0005s
  allocated_bytes              422.21 KiB  (432344 bytes)
  reduced_nU                   9
  reduced_nV                   8
  reduced_edges                36
  reduced_max_degree           6
  reduced_avg_degree           4.235294117647059

── Graph structure ──
  nU                           28
  nV                           2885
  edges                        3003
  reduced_nU                   9
  reduced_nV                   8
  reduced_edges                36
  reduced_max_degree           6
  reduced_avg_degree           4.235294117647059
  mutable_graph_bytes          1.08 MiB  (1137160 bytes)
  frozen_after_reduction_bytes 1.98 KiB  (2032 bytes)

θ-heuristic warmup (excluded from timings)…

Running θ-heuristic…

── θ-heuristic ──
  wall_time_s                  0.0000s
  allocated_bytes              5.62 KiB  (5760 bytes)
  rss_delta_bytes              0.0 B  (0 bytes)
  rss_peak_bytes               833.09 MiB  (873558016 bytes)
  solution                     |U|=5 |V|=5 edges=23 missing=2 (k=2)
  final_edges                  23
  optimal_edges                —
  matched_optimal              false

Running θ-heuristic…

── θ-heuristic ──
  wall_time_s                  0.0000s
  allocated_bytes              5.62 KiB  (5760 bytes)
  rss_delta_bytes              0.0 B  (0 bytes)
  rss_peak_bytes               833.09 MiB  (873558016 bytes)
  solution                     |U|=5 |V|=5 edges=23 missing=2 (k=2)
  final_edges                  23
  optimal_edges                —
  matched_optimal              false

── ACO ants=100  run 1/6  seed=1  (JIT warmup; recorded but discarded in emit) ──
Prefer smaller side: false
Neighbor scope limit: false
Size of reduced graphs9 8
ACO MMAS disabled: species pheromone unbounded [0, +∞) (θ-heuristic not run for ACO)
ACO ablations: elite_pheromone=false tabu=false mmas=false
ACO subspecies 1 best: |U|=5 |V|=5 score=125 found_at_iter=1 found_at_t=0.0004s
ACO global best found at iteration 1 (t=0.0004s, score=125)
  wall=0.0775s  to_best=0.0004s  iters→best=1  edges=23  vs heur=23  [warmup]

── ACO ants=100  run 2/6  seed=2 ──
Prefer smaller side: false
Neighbor scope limit: false
Size of reduced graphs9 8
ACO MMAS disabled: species pheromone unbounded [0, +∞) (θ-heuristic not run for ACO)
ACO ablations: elite_pheromone=false tabu=false mmas=false
ACO subspecies 1 best: |U|=5 |V|=5 score=125 found_at_iter=1 found_at_t=0.0004s
ACO global best found at iteration 1 (t=0.0004s, score=125)
  wall=0.0026s  to_best=0.0004s  iters→best=1  edges=23  vs heur=23

── ACO ants=100  run 3/6  seed=3 ──
Prefer smaller side: false
Neighbor scope limit: false
Size of reduced graphs9 8
ACO MMAS disabled: species pheromone unbounded [0, +∞) (θ-heuristic not run for ACO)
ACO ablations: elite_pheromone=false tabu=false mmas=false
ACO subspecies 1 best: |U|=5 |V|=5 score=125 found_at_iter=1 found_at_t=0.0004s
ACO global best found at iteration 1 (t=0.0004s, score=125)
  wall=0.0025s  to_best=0.0004s  iters→best=1  edges=23  vs heur=23

── ACO ants=100  run 4/6  seed=4 ──
Prefer smaller side: false
Neighbor scope limit: false
Size of reduced graphs9 8
ACO MMAS disabled: species pheromone unbounded [0, +∞) (θ-heuristic not run for ACO)
ACO ablations: elite_pheromone=false tabu=false mmas=false
ACO subspecies 1 best: |U|=5 |V|=5 score=125 found_at_iter=1 found_at_t=0.0004s
ACO global best found at iteration 1 (t=0.0004s, score=125)
  wall=0.0025s  to_best=0.0004s  iters→best=1  edges=23  vs heur=23

── ACO ants=100  run 5/6  seed=5 ──
Prefer smaller side: false
Neighbor scope limit: false
Size of reduced graphs9 8
ACO MMAS disabled: species pheromone unbounded [0, +∞) (θ-heuristic not run for ACO)
ACO ablations: elite_pheromone=false tabu=false mmas=false
ACO subspecies 1 best: |U|=5 |V|=5 score=125 found_at_iter=1 found_at_t=0.0004s
ACO global best found at iteration 1 (t=0.0004s, score=125)
  wall=0.0026s  to_best=0.0004s  iters→best=1  edges=23  vs heur=23

── ACO ants=100  run 6/6  seed=6 ──
Prefer smaller side: false
Neighbor scope limit: false
Size of reduced graphs9 8
ACO MMAS disabled: species pheromone unbounded [0, +∞) (θ-heuristic not run for ACO)
ACO ablations: elite_pheromone=false tabu=false mmas=false
ACO subspecies 1 best: |U|=5 |V|=5 score=125 found_at_iter=1 found_at_t=0.0004s
ACO global best found at iteration 1 (t=0.0004s, score=125)
  wall=0.0026s  to_best=0.0004s  iters→best=1  edges=23  vs heur=23

==================== SUMMARY ======================
θ-heuristic edges=23  θ-feasible=true  |U|=5 |V|=5
ants    run   time        iters   edges     >heur   optimal
100     1     0.0775s     1       23        no      —
100     2     0.0026s     1       23        no      —
100     3     0.0025s     1       23        no      —
100     4     0.0025s     1       23        no      —
100     5     0.0026s     1       23        no      —
100     6     0.0026s     1       23        no      —
===================================================

Best ACO trial (by edges): ants=100  run=4  edges=23  discovery=0.0128s  ITB=1  TTB=0.0004s  θ-feasible=true
Wrote benchmark results → /home/kiyaanpillai/Documents/aco-mkdb/results/vary_k2t5i_100_/facebook_ants.json
Random seed: --seed=1
a = 2708124744

[3/37] konect-small/maayan-vidal → results/vary_k2t5i_100_/maayan-vidal_ants.json
Loading graph from: data/konect-small/maayan-vidal/indexed_interactions.csv
Parameters: k=2 θ=5
Inject: u=5 v=5 k=2 (in-memory; CSV unchanged)
Mode: vary ant-count (range=100, aco_runs=6)
ACO: iterations=5 pheromone=1 evaporation=0.95 subspecies=1
Pivot for quality baseline: no
Save: /home/kiyaanpillai/Documents/aco-mkdb/results/vary_k2t5i_100_/maayan-vidal_ants.json
Reduction: simple
Graph edges: 6726
Injected biclique: u=5 v=5 k=2 (existing=0 inserted=23 missing=2)
  planted U: [364, 443, 995, 1060, 1124]
  planted V: [41, 175, 1695, 2299, 2516]
  reserved missing: [(1060, 1695), (1124, 2516)]
nU=1633, nV=2929, |E|=6749

==================== VARY ant-count ====================
dataset=konect-small/maayan-vidal  k=2  θ=5  iterations=5
ants-range=100  run_pivot=false  aco_runs=6
base_seed=1
prefer_smaller_side=false  neighbor_scope_limit=false
elite_pheromone=false  aco_tabu=false  mmas=false
reduction=simple (CNN / one-shot; progressive disabled)
DEBUG=true  plant_check=true

Warming up (excluded from timings)…
Prefer smaller side: false
Neighbor scope limit: false
Size of reduced graphs9 9
ACO MMAS disabled: species pheromone unbounded [0, +∞) (θ-heuristic not run for ACO)
ACO ablations: elite_pheromone=false tabu=false mmas=false
ACO subspecies 1 best: |U|=8 |V|=8 score=512 found_at_iter=1 found_at_t=0.0625s
ACO global best found at iteration 1 (t=0.0625s, score=512)

Reducing graph once (CNN)…
DEBUG: planted solution still in graph after reduction: yes dataset=konect-small/maayan-vidal
  plant U=[364, 443, 995, 1060, 1124]  V=[41, 175, 1695, 2299, 2516]

── Graph reduction ──
  wall_time_s                  0.0009s
  allocated_bytes              795.51 KiB  (814600 bytes)
  reduced_nU                   81
  reduced_nV                   134
  reduced_edges                547
  reduced_max_degree           42
  reduced_avg_degree           5.088372093023255

── Graph structure ──
  nU                           1633
  nV                           2929
  edges                        6749
  reduced_nU                   81
  reduced_nV                   134
  reduced_edges                547
  reduced_max_degree           42
  reduced_avg_degree           5.088372093023255
  mutable_graph_bytes          1.54 MiB  (1610136 bytes)
  frozen_after_reduction_bytes 18.91 KiB  (19360 bytes)

θ-heuristic warmup (excluded from timings)…

Running θ-heuristic…

── θ-heuristic ──
  wall_time_s                  0.0001s
  allocated_bytes              46.25 KiB  (47360 bytes)
  rss_delta_bytes              0.0 B  (0 bytes)
  rss_peak_bytes               850.91 MiB  (892248064 bytes)
  solution                     |U|=5 |V|=3 edges=13 missing=2 (k=2)
  final_edges                  13
  optimal_edges                —
  matched_optimal              false

Running θ-heuristic…

── θ-heuristic ──
  wall_time_s                  0.0001s
  allocated_bytes              46.25 KiB  (47360 bytes)
  rss_delta_bytes              0.0 B  (0 bytes)
  rss_peak_bytes               850.91 MiB  (892248064 bytes)
  solution                     |U|=5 |V|=3 edges=13 missing=2 (k=2)
  final_edges                  13
  optimal_edges                —
  matched_optimal              false

── ACO ants=100  run 1/6  seed=1  (JIT warmup; recorded but discarded in emit) ──
Prefer smaller side: false
Neighbor scope limit: false
Size of reduced graphs81 134
ACO MMAS disabled: species pheromone unbounded [0, +∞) (θ-heuristic not run for ACO)
ACO ablations: elite_pheromone=false tabu=false mmas=false
ACO subspecies 1 best: |U|=3 |V|=8 score=9 found_at_iter=1 found_at_t=0.0024s
ACO global best found at iteration 1 (t=0.0024s, score=9)
  wall=0.0960s  to_best=0.0024s  iters→best=1  edges=22  vs heur=13  [warmup]

── ACO ants=100  run 2/6  seed=2 ──
Prefer smaller side: false
Neighbor scope limit: false
Size of reduced graphs81 134
ACO MMAS disabled: species pheromone unbounded [0, +∞) (θ-heuristic not run for ACO)
ACO ablations: elite_pheromone=false tabu=false mmas=false
ACO subspecies 1 best: |U|=4 |V|=4 score=16 found_at_iter=5 found_at_t=0.0139s
ACO global best found at iteration 5 (t=0.0139s, score=16)
  wall=0.0143s  to_best=0.0139s  iters→best=5  edges=14  vs heur=13

── ACO ants=100  run 3/6  seed=3 ──
Prefer smaller side: false
Neighbor scope limit: false
Size of reduced graphs81 134
ACO MMAS disabled: species pheromone unbounded [0, +∞) (θ-heuristic not run for ACO)
ACO ablations: elite_pheromone=false tabu=false mmas=false
ACO subspecies 1 best: |U|=4 |V|=4 score=16 found_at_iter=2 found_at_t=0.0048s
ACO global best found at iteration 2 (t=0.0048s, score=16)
  wall=0.0120s  to_best=0.0048s  iters→best=2  edges=14  vs heur=13

── ACO ants=100  run 4/6  seed=4 ──
Prefer smaller side: false
Neighbor scope limit: false
Size of reduced graphs81 134
ACO MMAS disabled: species pheromone unbounded [0, +∞) (θ-heuristic not run for ACO)
ACO ablations: elite_pheromone=false tabu=false mmas=false
ACO subspecies 1 best: |U|=4 |V|=4 score=16 found_at_iter=2 found_at_t=0.0049s
ACO global best found at iteration 2 (t=0.0049s, score=16)
  wall=0.0143s  to_best=0.0049s  iters→best=2  edges=14  vs heur=13

── ACO ants=100  run 5/6  seed=5 ──
Prefer smaller side: false
Neighbor scope limit: false
Size of reduced graphs81 134
ACO MMAS disabled: species pheromone unbounded [0, +∞) (θ-heuristic not run for ACO)
ACO ablations: elite_pheromone=false tabu=false mmas=false
ACO subspecies 1 best: |U|=4 |V|=4 score=16 found_at_iter=2 found_at_t=0.0045s
ACO global best found at iteration 2 (t=0.0045s, score=16)
  wall=0.0127s  to_best=0.0045s  iters→best=2  edges=14  vs heur=13

── ACO ants=100  run 6/6  seed=6 ──
Prefer smaller side: false
Neighbor scope limit: false
Size of reduced graphs81 134
ACO MMAS disabled: species pheromone unbounded [0, +∞) (θ-heuristic not run for ACO)
ACO ablations: elite_pheromone=false tabu=false mmas=false
ACO subspecies 1 best: |U|=4 |V|=4 score=16 found_at_iter=1 found_at_t=0.0033s
ACO global best found at iteration 1 (t=0.0033s, score=16)
  wall=0.0161s  to_best=0.0033s  iters→best=1  edges=14  vs heur=13

==================== SUMMARY ======================
θ-heuristic edges=13  θ-feasible=false  |U|=5 |V|=3
ants    run   time        iters   edges     >heur   optimal
100     1     0.0960s     1       22        no      —
100     2     0.0143s     5       14        no      —
100     3     0.0120s     2       14        no      —
100     4     0.0143s     2       14        no      —
100     5     0.0127s     2       14        no      —
100     6     0.0161s     1       14        no      —
===================================================

Best ACO trial (by edges): ants=100  run=6  edges=14  discovery=0.0695s  ITB=1  TTB=0.0033s  θ-feasible=false
Wrote benchmark results → /home/kiyaanpillai/Documents/aco-mkdb/results/vary_k2t5i_100_/maayan-vidal_ants.json
Random seed: --seed=1
a = 2782363328

[4/37] konect-small/edit-zuwiktionary → results/vary_k2t5i_100_/edit-zuwiktionary_ants.json
Loading graph from: data/konect-small/edit-zuwiktionary/indexed_interactions.csv
Parameters: k=2 θ=5
Inject: u=5 v=5 k=2 (in-memory; CSV unchanged)
Mode: vary ant-count (range=100, aco_runs=6)
ACO: iterations=5 pheromone=1 evaporation=0.95 subspecies=1
Pivot for quality baseline: no
Save: /home/kiyaanpillai/Documents/aco-mkdb/results/vary_k2t5i_100_/edit-zuwiktionary_ants.json
Reduction: simple
Graph edges: 7532
Injected biclique: u=5 v=5 k=2 (existing=0 inserted=23 missing=2)
  planted U: [7, 75, 92, 109, 140]
  planted V: [108, 433, 491, 1238, 1394]
  reserved missing: [(92, 108), (92, 1394)]
nU=214, nV=1404, |E|=7555

==================== VARY ant-count ====================
dataset=konect-small/edit-zuwiktionary  k=2  θ=5  iterations=5
ants-range=100  run_pivot=false  aco_runs=6
base_seed=1
prefer_smaller_side=false  neighbor_scope_limit=false
elite_pheromone=false  aco_tabu=false  mmas=false
reduction=simple (CNN / one-shot; progressive disabled)
DEBUG=true  plant_check=true

Warming up (excluded from timings)…
Prefer smaller side: false
Neighbor scope limit: false
Size of reduced graphs9 9
ACO MMAS disabled: species pheromone unbounded [0, +∞) (θ-heuristic not run for ACO)
ACO ablations: elite_pheromone=false tabu=false mmas=false
ACO subspecies 1 best: |U|=8 |V|=8 score=512 found_at_iter=1 found_at_t=0.064s
ACO global best found at iteration 1 (t=0.064s, score=512)

Reducing graph once (CNN)…
DEBUG: planted solution still in graph after reduction: yes dataset=konect-small/edit-zuwiktionary
  plant U=[7, 75, 92, 109, 140]  V=[108, 433, 491, 1238, 1394]

── Graph reduction ──
  wall_time_s                  0.0019s
  allocated_bytes              678.14 KiB  (694416 bytes)
  reduced_nU                   36
  reduced_nV                   559
  reduced_edges                3142
  reduced_max_degree           546
  reduced_avg_degree           10.561344537815126

── Graph structure ──
  nU                           214
  nV                           1404
  edges                        7555
  reduced_nU                   36
  reduced_nV                   559
  reduced_edges                3142
  reduced_max_degree           546
  reduced_avg_degree           10.561344537815126
  mutable_graph_bytes          590.68 KiB  (604856 bytes)
  frozen_after_reduction_bytes 77.08 KiB  (78928 bytes)

θ-heuristic warmup (excluded from timings)…

Running θ-heuristic…

── θ-heuristic ──
  wall_time_s                  0.0004s
  allocated_bytes              224.07 KiB  (229448 bytes)
  rss_delta_bytes              0.0 B  (0 bytes)
  rss_peak_bytes               821.02 MiB  (860905472 bytes)
  solution                     |U|=5 |V|=49 edges=243 missing=2 (k=2)
  final_edges                  243
  optimal_edges                —
  matched_optimal              false

Running θ-heuristic…

── θ-heuristic ──
  wall_time_s                  0.0004s
  allocated_bytes              224.07 KiB  (229448 bytes)
  rss_delta_bytes              0.0 B  (0 bytes)
  rss_peak_bytes               821.02 MiB  (860905472 bytes)
  solution                     |U|=5 |V|=49 edges=243 missing=2 (k=2)
  final_edges                  243
  optimal_edges                —
  matched_optimal              false

── ACO ants=100  run 1/6  seed=1  (JIT warmup; recorded but discarded in emit) ──
Prefer smaller side: false
Neighbor scope limit: false
Size of reduced graphs36 559
ACO MMAS disabled: species pheromone unbounded [0, +∞) (θ-heuristic not run for ACO)
ACO ablations: elite_pheromone=false tabu=false mmas=false
ACO subspecies 1 best: |U|=5 |V|=118 score=2950 found_at_iter=3 found_at_t=0.3307s
ACO global best found at iteration 3 (t=0.3307s, score=2950)
  wall=0.6163s  to_best=0.3307s  iters→best=3  edges=588  vs heur=243 (beats)  [warmup]

── ACO ants=100  run 2/6  seed=2 ──
Prefer smaller side: false
Neighbor scope limit: false
Size of reduced graphs36 559
ACO MMAS disabled: species pheromone unbounded [0, +∞) (θ-heuristic not run for ACO)
ACO ablations: elite_pheromone=false tabu=false mmas=false
ACO subspecies 1 best: |U|=5 |V|=118 score=2950 found_at_iter=1 found_at_t=0.0262s
ACO global best found at iteration 1 (t=0.0262s, score=2950)
  wall=0.5163s  to_best=0.0262s  iters→best=1  edges=588  vs heur=243 (beats)

── ACO ants=100  run 3/6  seed=3 ──
Prefer smaller side: false
Neighbor scope limit: false
Size of reduced graphs36 559
ACO MMAS disabled: species pheromone unbounded [0, +∞) (θ-heuristic not run for ACO)
ACO ablations: elite_pheromone=false tabu=false mmas=false
ACO subspecies 1 best: |U|=5 |V|=118 score=2950 found_at_iter=1 found_at_t=0.0263s
ACO global best found at iteration 1 (t=0.0264s, score=2950)
  wall=0.3895s  to_best=0.0263s  iters→best=1  edges=588  vs heur=243 (beats)

── ACO ants=100  run 4/6  seed=4 ──
Prefer smaller side: false
Neighbor scope limit: false
Size of reduced graphs36 559
ACO MMAS disabled: species pheromone unbounded [0, +∞) (θ-heuristic not run for ACO)
ACO ablations: elite_pheromone=false tabu=false mmas=false
ACO subspecies 1 best: |U|=5 |V|=91 score=2275 found_at_iter=1 found_at_t=0.0328s
ACO global best found at iteration 1 (t=0.0328s, score=2275)
  wall=0.5227s  to_best=0.0328s  iters→best=1  edges=453  vs heur=243 (beats)

── ACO ants=100  run 5/6  seed=5 ──
Prefer smaller side: false
Neighbor scope limit: false
Size of reduced graphs36 559
ACO MMAS disabled: species pheromone unbounded [0, +∞) (θ-heuristic not run for ACO)
ACO ablations: elite_pheromone=false tabu=false mmas=false
ACO subspecies 1 best: |U|=5 |V|=118 score=2950 found_at_iter=1 found_at_t=0.0298s
ACO global best found at iteration 1 (t=0.0298s, score=2950)
  wall=0.5744s  to_best=0.0298s  iters→best=1  edges=588  vs heur=243 (beats)

── ACO ants=100  run 6/6  seed=6 ──
Prefer smaller side: false
Neighbor scope limit: false
Size of reduced graphs36 559
ACO MMAS disabled: species pheromone unbounded [0, +∞) (θ-heuristic not run for ACO)
ACO ablations: elite_pheromone=false tabu=false mmas=false
ACO subspecies 1 best: |U|=5 |V|=118 score=2950 found_at_iter=1 found_at_t=0.0257s
ACO global best found at iteration 1 (t=0.0257s, score=2950)
  wall=0.4992s  to_best=0.0257s  iters→best=1  edges=588  vs heur=243 (beats)

==================== SUMMARY ======================
θ-heuristic edges=243  θ-feasible=true  |U|=5 |V|=49
ants    run   time        iters   edges     >heur   optimal
100     1     0.6163s     3       588       yes     —
100     2     0.5163s     1       588       yes     —
100     3     0.3895s     1       588       yes     —
100     4     0.5227s     1       453       yes     —
100     5     0.5744s     1       588       yes     —
100     6     0.4992s     1       588       yes     —
===================================================

Best ACO trial (by edges): ants=100  run=6  edges=588  discovery=2.5021s  ITB=1  TTB=0.0257s  θ-feasible=true
Wrote benchmark results → /home/kiyaanpillai/Documents/aco-mkdb/results/vary_k2t5i_100_/edit-zuwiktionary_ants.json
Random seed: --seed=1
a = 4703902256

[5/37] konect-small/edit-srwikiquote → results/vary_k2t5i_100_/edit-srwikiquote_ants.json
Loading graph from: data/konect-small/edit-srwikiquote/indexed_interactions.csv
Parameters: k=2 θ=5
Inject: u=5 v=5 k=2 (in-memory; CSV unchanged)
Mode: vary ant-count (range=100, aco_runs=6)
ACO: iterations=5 pheromone=1 evaporation=0.95 subspecies=1
Pivot for quality baseline: no
Save: /home/kiyaanpillai/Documents/aco-mkdb/results/vary_k2t5i_100_/edit-srwikiquote_ants.json
Reduction: simple
Graph edges: 8672
Injected biclique: u=5 v=5 k=2 (existing=0 inserted=23 missing=2)
  planted U: [34, 57, 304, 365, 387]
  planted V: [49, 964, 1298, 1499, 1811]
  reserved missing: [(304, 49), (304, 1298)]
nU=402, nV=1823, |E|=8695

==================== VARY ant-count ====================
dataset=konect-small/edit-srwikiquote  k=2  θ=5  iterations=5
ants-range=100  run_pivot=false  aco_runs=6
base_seed=1
prefer_smaller_side=false  neighbor_scope_limit=false
elite_pheromone=false  aco_tabu=false  mmas=false
reduction=simple (CNN / one-shot; progressive disabled)
DEBUG=true  plant_check=true

Warming up (excluded from timings)…
Prefer smaller side: false
Neighbor scope limit: false
Size of reduced graphs9 9
ACO MMAS disabled: species pheromone unbounded [0, +∞) (θ-heuristic not run for ACO)
ACO ablations: elite_pheromone=false tabu=false mmas=false
ACO subspecies 1 best: |U|=8 |V|=8 score=512 found_at_iter=1 found_at_t=0.0608s
ACO global best found at iteration 1 (t=0.0608s, score=512)

Reducing graph once (CNN)…
DEBUG: planted solution still in graph after reduction: yes dataset=konect-small/edit-srwikiquote
  plant U=[34, 57, 304, 365, 387]  V=[49, 964, 1298, 1499, 1811]

── Graph reduction ──
  wall_time_s                  0.0013s
  allocated_bytes              699.2 KiB  (715984 bytes)
  reduced_nU                   80
  reduced_nV                   396
  reduced_edges                2637
  reduced_max_degree           247
  reduced_avg_degree           11.079831932773109

── Graph structure ──
  nU                           402
  nV                           1823
  edges                        8695
  reduced_nU                   80
  reduced_nV                   396
  reduced_edges                2637
  reduced_max_degree           247
  reduced_avg_degree           11.079831932773109
  mutable_graph_bytes          775.34 KiB  (793944 bytes)
  frozen_after_reduction_bytes 68.39 KiB  (70032 bytes)

θ-heuristic warmup (excluded from timings)…

Running θ-heuristic…

── θ-heuristic ──
  wall_time_s                  0.0004s
  allocated_bytes              180.59 KiB  (184920 bytes)
  rss_delta_bytes              0.0 B  (0 bytes)
  rss_peak_bytes               850.47 MiB  (891781120 bytes)
  solution                     |U|=5 |V|=25 edges=123 missing=2 (k=2)
  final_edges                  123
  optimal_edges                —
  matched_optimal              false

Running θ-heuristic…

── θ-heuristic ──
  wall_time_s                  0.0004s
  allocated_bytes              180.59 KiB  (184920 bytes)
  rss_delta_bytes              0.0 B  (0 bytes)
  rss_peak_bytes               850.47 MiB  (891781120 bytes)
  solution                     |U|=5 |V|=25 edges=123 missing=2 (k=2)
  final_edges                  123
  optimal_edges                —
  matched_optimal              false

── ACO ants=100  run 1/6  seed=1  (JIT warmup; recorded but discarded in emit) ──
Prefer smaller side: false
Neighbor scope limit: false
Size of reduced graphs80 396
ACO MMAS disabled: species pheromone unbounded [0, +∞) (θ-heuristic not run for ACO)
ACO ablations: elite_pheromone=false tabu=false mmas=false
ACO subspecies 1 best: |U|=5 |V|=19 score=475 found_at_iter=3 found_at_t=0.1265s
ACO global best found at iteration 3 (t=0.1265s, score=475)
  wall=0.2032s  to_best=0.1265s  iters→best=3  edges=93  vs heur=123  [warmup]

── ACO ants=100  run 2/6  seed=2 ──
Prefer smaller side: false
Neighbor scope limit: false
Size of reduced graphs80 396
ACO MMAS disabled: species pheromone unbounded [0, +∞) (θ-heuristic not run for ACO)
ACO ablations: elite_pheromone=false tabu=false mmas=false
ACO subspecies 1 best: |U|=5 |V|=17 score=425 found_at_iter=5 found_at_t=0.1042s
ACO global best found at iteration 5 (t=0.1042s, score=425)
  wall=0.1057s  to_best=0.1042s  iters→best=5  edges=83  vs heur=123

── ACO ants=100  run 3/6  seed=3 ──
Prefer smaller side: false
Neighbor scope limit: false
Size of reduced graphs80 396
ACO MMAS disabled: species pheromone unbounded [0, +∞) (θ-heuristic not run for ACO)
ACO ablations: elite_pheromone=false tabu=false mmas=false
ACO subspecies 1 best: |U|=5 |V|=19 score=475 found_at_iter=2 found_at_t=0.022s
ACO global best found at iteration 2 (t=0.022s, score=475)
  wall=0.0966s  to_best=0.0220s  iters→best=2  edges=93  vs heur=123

── ACO ants=100  run 4/6  seed=4 ──
Prefer smaller side: false
Neighbor scope limit: false
Size of reduced graphs80 396
ACO MMAS disabled: species pheromone unbounded [0, +∞) (θ-heuristic not run for ACO)
ACO ablations: elite_pheromone=false tabu=false mmas=false
ACO subspecies 1 best: |U|=5 |V|=25 score=625 found_at_iter=2 found_at_t=0.0241s
ACO global best found at iteration 2 (t=0.0241s, score=625)
  wall=0.0915s  to_best=0.0241s  iters→best=2  edges=123  vs heur=123

── ACO ants=100  run 5/6  seed=5 ──
Prefer smaller side: false
Neighbor scope limit: false
Size of reduced graphs80 396
ACO MMAS disabled: species pheromone unbounded [0, +∞) (θ-heuristic not run for ACO)
ACO ablations: elite_pheromone=false tabu=false mmas=false
ACO subspecies 1 best: |U|=5 |V|=25 score=625 found_at_iter=1 found_at_t=0.0105s
ACO global best found at iteration 1 (t=0.0105s, score=625)
  wall=0.1023s  to_best=0.0105s  iters→best=1  edges=123  vs heur=123

── ACO ants=100  run 6/6  seed=6 ──
Prefer smaller side: false
Neighbor scope limit: false
Size of reduced graphs80 396
ACO MMAS disabled: species pheromone unbounded [0, +∞) (θ-heuristic not run for ACO)
ACO ablations: elite_pheromone=false tabu=false mmas=false
ACO subspecies 1 best: |U|=5 |V|=24 score=600 found_at_iter=3 found_at_t=0.0351s
ACO global best found at iteration 3 (t=0.0352s, score=600)
  wall=0.0764s  to_best=0.0351s  iters→best=3  edges=118  vs heur=123

==================== SUMMARY ======================
θ-heuristic edges=123  θ-feasible=true  |U|=5 |V|=25
ants    run   time        iters   edges     >heur   optimal
100     1     0.2032s     3       93        no      —
100     2     0.1057s     5       83        no      —
100     3     0.0966s     2       93        no      —
100     4     0.0915s     2       123       no      —
100     5     0.1023s     1       123       no      —
100     6     0.0764s     3       118       no      —
===================================================

Best ACO trial (by edges): ants=100  run=5  edges=123  discovery=0.4724s  ITB=1  TTB=0.0105s  θ-feasible=true
Wrote benchmark results → /home/kiyaanpillai/Documents/aco-mkdb/results/vary_k2t5i_100_/edit-srwikiquote_ants.json
Random seed: --seed=1
a = 3258866688

[6/37] konect-small/edit-vewiki → results/vary_k2t5i_100_/edit-vewiki_ants.json
Loading graph from: data/konect-small/edit-vewiki/indexed_interactions.csv
Parameters: k=2 θ=5
Inject: u=5 v=5 k=2 (in-memory; CSV unchanged)
Mode: vary ant-count (range=100, aco_runs=6)
ACO: iterations=5 pheromone=1 evaporation=0.95 subspecies=1
Pivot for quality baseline: no
Save: /home/kiyaanpillai/Documents/aco-mkdb/results/vary_k2t5i_100_/edit-vewiki_ants.json
Reduction: simple
Graph edges: 11047
Injected biclique: u=5 v=5 k=2 (existing=1 inserted=22 missing=2)
  planted U: [100, 121, 185, 191, 361]
  planted V: [61, 312, 396, 531, 1495]
  reserved missing: [(185, 312), (191, 61)]
nU=543, nV=1532, |E|=11069

==================== VARY ant-count ====================
dataset=konect-small/edit-vewiki  k=2  θ=5  iterations=5
ants-range=100  run_pivot=false  aco_runs=6
base_seed=1
prefer_smaller_side=false  neighbor_scope_limit=false
elite_pheromone=false  aco_tabu=false  mmas=false
reduction=simple (CNN / one-shot; progressive disabled)
DEBUG=true  plant_check=true

Warming up (excluded from timings)…
Prefer smaller side: false
Neighbor scope limit: false
Size of reduced graphs9 9
ACO MMAS disabled: species pheromone unbounded [0, +∞) (θ-heuristic not run for ACO)
ACO ablations: elite_pheromone=false tabu=false mmas=false
ACO subspecies 1 best: |U|=8 |V|=8 score=512 found_at_iter=1 found_at_t=0.0642s
ACO global best found at iteration 1 (t=0.0642s, score=512)

Reducing graph once (CNN)…
DEBUG: planted solution still in graph after reduction: yes dataset=konect-small/edit-vewiki
  plant U=[100, 121, 185, 191, 361]  V=[61, 312, 396, 531, 1495]

── Graph reduction ──
  wall_time_s                  0.0012s
  allocated_bytes              695.54 KiB  (712232 bytes)
  reduced_nU                   104
  reduced_nV                   274
  reduced_edges                3385
  reduced_max_degree           239
  reduced_avg_degree           17.91005291005291

── Graph structure ──
  nU                           543
  nV                           1532
  edges                        11069
  reduced_nU                   104
  reduced_nV                   274
  reduced_edges                3385
  reduced_max_degree           239
  reduced_avg_degree           17.91005291005291
  mutable_graph_bytes          773.7 KiB  (792264 bytes)
  frozen_after_reduction_bytes 72.17 KiB  (73904 bytes)

θ-heuristic warmup (excluded from timings)…

Running θ-heuristic…

── θ-heuristic ──
  wall_time_s                  0.0005s
  allocated_bytes              181.85 KiB  (186216 bytes)
  rss_delta_bytes              0.0 B  (0 bytes)
  rss_peak_bytes               815.28 MiB  (854884352 bytes)
  solution                     |U|=5 |V|=92 edges=458 missing=2 (k=2)
  final_edges                  458
  optimal_edges                —
  matched_optimal              false

Running θ-heuristic…

── θ-heuristic ──
  wall_time_s                  0.0005s
  allocated_bytes              181.85 KiB  (186216 bytes)
  rss_delta_bytes              0.0 B  (0 bytes)
  rss_peak_bytes               815.28 MiB  (854884352 bytes)
  solution                     |U|=5 |V|=92 edges=458 missing=2 (k=2)
  final_edges                  458
  optimal_edges                —
  matched_optimal              false

── ACO ants=100  run 1/6  seed=1  (JIT warmup; recorded but discarded in emit) ──
Prefer smaller side: false
Neighbor scope limit: false
Size of reduced graphs104 274
ACO MMAS disabled: species pheromone unbounded [0, +∞) (θ-heuristic not run for ACO)
ACO ablations: elite_pheromone=false tabu=false mmas=false
ACO subspecies 1 best: |U|=6 |V|=80 score=2880 found_at_iter=2 found_at_t=0.104s
ACO global best found at iteration 2 (t=0.104s, score=2880)
  wall=0.1631s  to_best=0.1040s  iters→best=2  edges=478  vs heur=458 (beats)  [warmup]

── ACO ants=100  run 2/6  seed=2 ──
Prefer smaller side: false
Neighbor scope limit: false
Size of reduced graphs104 274
ACO MMAS disabled: species pheromone unbounded [0, +∞) (θ-heuristic not run for ACO)
ACO ablations: elite_pheromone=false tabu=false mmas=false
ACO subspecies 1 best: |U|=6 |V|=80 score=2880 found_at_iter=1 found_at_t=0.0106s
ACO global best found at iteration 1 (t=0.0106s, score=2880)
  wall=0.0898s  to_best=0.0106s  iters→best=1  edges=478  vs heur=458 (beats)

── ACO ants=100  run 3/6  seed=3 ──
Prefer smaller side: false
Neighbor scope limit: false
Size of reduced graphs104 274
ACO MMAS disabled: species pheromone unbounded [0, +∞) (θ-heuristic not run for ACO)
ACO ablations: elite_pheromone=false tabu=false mmas=false
ACO subspecies 1 best: |U|=6 |V|=80 score=2880 found_at_iter=2 found_at_t=0.0202s
ACO global best found at iteration 2 (t=0.0202s, score=2880)
  wall=0.0737s  to_best=0.0202s  iters→best=2  edges=478  vs heur=458 (beats)

── ACO ants=100  run 4/6  seed=4 ──
Prefer smaller side: false
Neighbor scope limit: false
Size of reduced graphs104 274
ACO MMAS disabled: species pheromone unbounded [0, +∞) (θ-heuristic not run for ACO)
ACO ablations: elite_pheromone=false tabu=false mmas=false
ACO subspecies 1 best: |U|=6 |V|=80 score=2880 found_at_iter=1 found_at_t=0.0099s
ACO global best found at iteration 1 (t=0.0099s, score=2880)
  wall=0.0918s  to_best=0.0099s  iters→best=1  edges=478  vs heur=458 (beats)

── ACO ants=100  run 5/6  seed=5 ──
Prefer smaller side: false
Neighbor scope limit: false
Size of reduced graphs104 274
ACO MMAS disabled: species pheromone unbounded [0, +∞) (θ-heuristic not run for ACO)
ACO ablations: elite_pheromone=false tabu=false mmas=false
ACO subspecies 1 best: |U|=6 |V|=80 score=2880 found_at_iter=2 found_at_t=0.024s
ACO global best found at iteration 2 (t=0.024s, score=2880)
  wall=0.0850s  to_best=0.0240s  iters→best=2  edges=478  vs heur=458 (beats)

── ACO ants=100  run 6/6  seed=6 ──
Prefer smaller side: false
Neighbor scope limit: false
Size of reduced graphs104 274
ACO MMAS disabled: species pheromone unbounded [0, +∞) (θ-heuristic not run for ACO)
ACO ablations: elite_pheromone=false tabu=false mmas=false
ACO subspecies 1 best: |U|=6 |V|=80 score=2880 found_at_iter=1 found_at_t=0.0078s
ACO global best found at iteration 1 (t=0.0078s, score=2880)
  wall=0.0817s  to_best=0.0078s  iters→best=1  edges=478  vs heur=458 (beats)

==================== SUMMARY ======================
θ-heuristic edges=458  θ-feasible=true  |U|=5 |V|=92
ants    run   time        iters   edges     >heur   optimal
100     1     0.1631s     2       478       yes     —
100     2     0.0898s     1       478       yes     —
100     3     0.0737s     2       478       yes     —
100     4     0.0918s     1       478       yes     —
100     5     0.0850s     2       478       yes     —
100     6     0.0817s     1       478       yes     —
===================================================

Best ACO trial (by edges): ants=100  run=6  edges=478  discovery=0.4220s  ITB=1  TTB=0.0078s  θ-feasible=true
Wrote benchmark results → /home/kiyaanpillai/Documents/aco-mkdb/results/vary_k2t5i_100_/edit-vewiki_ants.json
Random seed: --seed=1
a = 3138866664

[7/37] konect-small/edit-guwikiquote → results/vary_k2t5i_100_/edit-guwikiquote_ants.json
Loading graph from: data/konect-small/edit-guwikiquote/indexed_interactions.csv
Parameters: k=2 θ=5
Inject: u=5 v=5 k=2 (in-memory; CSV unchanged)
Mode: vary ant-count (range=100, aco_runs=6)
ACO: iterations=5 pheromone=1 evaporation=0.95 subspecies=1
Pivot for quality baseline: no
Save: /home/kiyaanpillai/Documents/aco-mkdb/results/vary_k2t5i_100_/edit-guwikiquote_ants.json
Reduction: simple
Graph edges: 11364
Injected biclique: u=5 v=5 k=2 (existing=0 inserted=23 missing=2)
  planted U: [295, 478, 750, 827, 863]
  planted V: [692, 774, 895, 1346, 1596]
  reserved missing: [(295, 895), (750, 1596)]
nU=963, nV=1678, |E|=11387

==================== VARY ant-count ====================
dataset=konect-small/edit-guwikiquote  k=2  θ=5  iterations=5
ants-range=100  run_pivot=false  aco_runs=6
base_seed=1
prefer_smaller_side=false  neighbor_scope_limit=false
elite_pheromone=false  aco_tabu=false  mmas=false
reduction=simple (CNN / one-shot; progressive disabled)
DEBUG=true  plant_check=true

Warming up (excluded from timings)…
Prefer smaller side: false
Neighbor scope limit: false
Size of reduced graphs9 9
ACO MMAS disabled: species pheromone unbounded [0, +∞) (θ-heuristic not run for ACO)
ACO ablations: elite_pheromone=false tabu=false mmas=false
ACO subspecies 1 best: |U|=3 |V|=9 score=81 found_at_iter=1 found_at_t=0.0642s
ACO global best found at iteration 1 (t=0.0642s, score=81)

Reducing graph once (CNN)…
DEBUG: planted solution still in graph after reduction: yes dataset=konect-small/edit-guwikiquote
  plant U=[295, 478, 750, 827, 863]  V=[692, 774, 895, 1346, 1596]

── Graph reduction ──
  wall_time_s                  0.0018s
  allocated_bytes              899.78 KiB  (921376 bytes)
  reduced_nU                   129
  reduced_nV                   649
  reduced_edges                3328
  reduced_max_degree           600
  reduced_avg_degree           8.555269922879177

── Graph structure ──
  nU                           963
  nV                           1678
  edges                        11387
  reduced_nU                   129
  reduced_nV                   649
  reduced_edges                3328
  reduced_max_degree           600
  reduced_avg_degree           8.555269922879177
  mutable_graph_bytes          949.32 KiB  (972104 bytes)
  frozen_after_reduction_bytes 86.03 KiB  (88096 bytes)

θ-heuristic warmup (excluded from timings)…

Running θ-heuristic…

── θ-heuristic ──
  wall_time_s                  0.0005s
  allocated_bytes              239.41 KiB  (245160 bytes)
  rss_delta_bytes              0.0 B  (0 bytes)
  rss_peak_bytes               829.74 MiB  (870043648 bytes)
  solution                     |U|=5 |V|=18 edges=88 missing=2 (k=2)
  final_edges                  88
  optimal_edges                —
  matched_optimal              false

Running θ-heuristic…

── θ-heuristic ──
  wall_time_s                  0.0005s
  allocated_bytes              239.41 KiB  (245160 bytes)
  rss_delta_bytes              0.0 B  (0 bytes)
  rss_peak_bytes               829.74 MiB  (870043648 bytes)
  solution                     |U|=5 |V|=18 edges=88 missing=2 (k=2)
  final_edges                  88
  optimal_edges                —
  matched_optimal              false

── ACO ants=100  run 1/6  seed=1  (JIT warmup; recorded but discarded in emit) ──
Prefer smaller side: false
Neighbor scope limit: false
Size of reduced graphs129 649
ACO MMAS disabled: species pheromone unbounded [0, +∞) (θ-heuristic not run for ACO)
ACO ablations: elite_pheromone=false tabu=false mmas=false
ACO subspecies 1 best: |U|=5 |V|=37 score=925 found_at_iter=1 found_at_t=0.0326s
ACO global best found at iteration 1 (t=0.0326s, score=925)
  wall=0.9815s  to_best=0.0326s  iters→best=1  edges=183  vs heur=88 (beats)  [warmup]

── ACO ants=100  run 2/6  seed=2 ──
Prefer smaller side: false
Neighbor scope limit: false
Size of reduced graphs129 649
ACO MMAS disabled: species pheromone unbounded [0, +∞) (θ-heuristic not run for ACO)
ACO ablations: elite_pheromone=false tabu=false mmas=false
ACO subspecies 1 best: |U|=5 |V|=37 score=925 found_at_iter=1 found_at_t=0.0313s
ACO global best found at iteration 1 (t=0.0313s, score=925)
  wall=0.6799s  to_best=0.0313s  iters→best=1  edges=183  vs heur=88 (beats)

── ACO ants=100  run 3/6  seed=3 ──
Prefer smaller side: false
Neighbor scope limit: false
Size of reduced graphs129 649
ACO MMAS disabled: species pheromone unbounded [0, +∞) (θ-heuristic not run for ACO)
ACO ablations: elite_pheromone=false tabu=false mmas=false
ACO subspecies 1 best: |U|=5 |V|=18 score=450 found_at_iter=3 found_at_t=0.2523s
ACO global best found at iteration 3 (t=0.2523s, score=450)
  wall=0.6238s  to_best=0.2523s  iters→best=3  edges=88  vs heur=88

── ACO ants=100  run 4/6  seed=4 ──
Prefer smaller side: false
Neighbor scope limit: false
Size of reduced graphs129 649
ACO MMAS disabled: species pheromone unbounded [0, +∞) (θ-heuristic not run for ACO)
ACO ablations: elite_pheromone=false tabu=false mmas=false
ACO subspecies 1 best: |U|=5 |V|=18 score=450 found_at_iter=1 found_at_t=0.0505s
ACO global best found at iteration 1 (t=0.0505s, score=450)
  wall=0.9711s  to_best=0.0505s  iters→best=1  edges=88  vs heur=88

── ACO ants=100  run 5/6  seed=5 ──
Prefer smaller side: false
Neighbor scope limit: false
Size of reduced graphs129 649
ACO MMAS disabled: species pheromone unbounded [0, +∞) (θ-heuristic not run for ACO)
ACO ablations: elite_pheromone=false tabu=false mmas=false
ACO subspecies 1 best: |U|=5 |V|=10 score=250 found_at_iter=1 found_at_t=0.0461s
ACO global best found at iteration 1 (t=0.0461s, score=250)
  wall=0.9001s  to_best=0.0461s  iters→best=1  edges=48  vs heur=88

── ACO ants=100  run 6/6  seed=6 ──
Prefer smaller side: false
Neighbor scope limit: false
Size of reduced graphs129 649
ACO MMAS disabled: species pheromone unbounded [0, +∞) (θ-heuristic not run for ACO)
ACO ablations: elite_pheromone=false tabu=false mmas=false
ACO subspecies 1 best: |U|=5 |V|=18 score=450 found_at_iter=1 found_at_t=0.0254s
ACO global best found at iteration 1 (t=0.0254s, score=450)
  wall=0.4675s  to_best=0.0254s  iters→best=1  edges=88  vs heur=88

==================== SUMMARY ======================
θ-heuristic edges=88  θ-feasible=true  |U|=5 |V|=18
ants    run   time        iters   edges     >heur   optimal
100     1     0.9815s     1       183       yes     —
100     2     0.6799s     1       183       yes     —
100     3     0.6238s     3       88        no      —
100     4     0.9711s     1       88        no      —
100     5     0.9001s     1       48        no      —
100     6     0.4675s     1       88        no      —
===================================================

Best ACO trial (by edges): ants=100  run=2  edges=183  discovery=3.6425s  ITB=1  TTB=0.0313s  θ-feasible=true
Wrote benchmark results → /home/kiyaanpillai/Documents/aco-mkdb/results/vary_k2t5i_100_/edit-guwikiquote_ants.json
Random seed: --seed=1
a = 5475406752

[8/37] konect-small/dnc-corecipient → results/vary_k2t5i_100_/dnc-corecipient_ants.json
Loading graph from: data/konect-small/dnc-corecipient/indexed_interactions.csv
Parameters: k=2 θ=5
Inject: u=5 v=5 k=2 (in-memory; CSV unchanged)
Mode: vary ant-count (range=100, aco_runs=6)
ACO: iterations=5 pheromone=1 evaporation=0.95 subspecies=1
Pivot for quality baseline: no
Save: /home/kiyaanpillai/Documents/aco-mkdb/results/vary_k2t5i_100_/dnc-corecipient_ants.json
Reduction: simple
Graph edges: 12085
Injected biclique: u=5 v=5 k=2 (existing=0 inserted=23 missing=2)
  planted U: [36, 212, 453, 523, 630]
  planted V: [152, 163, 191, 519, 598]
  reserved missing: [(212, 598), (630, 163)]
nU=653, nV=714, |E|=12108

==================== VARY ant-count ====================
dataset=konect-small/dnc-corecipient  k=2  θ=5  iterations=5
ants-range=100  run_pivot=false  aco_runs=6
base_seed=1
prefer_smaller_side=false  neighbor_scope_limit=false
elite_pheromone=false  aco_tabu=false  mmas=false
reduction=simple (CNN / one-shot; progressive disabled)
DEBUG=true  plant_check=true

Warming up (excluded from timings)…
Prefer smaller side: false
Neighbor scope limit: false
Size of reduced graphs9 9
ACO MMAS disabled: species pheromone unbounded [0, +∞) (θ-heuristic not run for ACO)
ACO ablations: elite_pheromone=false tabu=false mmas=false
ACO subspecies 1 best: |U|=8 |V|=8 score=512 found_at_iter=1 found_at_t=0.0652s
ACO global best found at iteration 1 (t=0.0652s, score=512)

Reducing graph once (CNN)…
DEBUG: planted solution still in graph after reduction: yes dataset=konect-small/dnc-corecipient
  plant U=[36, 212, 453, 523, 630]  V=[152, 163, 191, 519, 598]

── Graph reduction ──
  wall_time_s                  0.0033s
  allocated_bytes              1.37 MiB  (1434056 bytes)
  reduced_nU                   393
  reduced_nV                   369
  reduced_edges                11379
  reduced_max_degree           228
  reduced_avg_degree           29.866141732283463

── Graph structure ──
  nU                           653
  nV                           714
  edges                        12108
  reduced_nU                   393
  reduced_nV                   369
  reduced_edges                11379
  reduced_max_degree           228
  reduced_avg_degree           29.866141732283463
  mutable_graph_bytes          1.03 MiB  (1078824 bytes)
  frozen_after_reduction_bytes 224.33 KiB  (229712 bytes)

θ-heuristic warmup (excluded from timings)…

Running θ-heuristic…

── θ-heuristic ──
  wall_time_s                  0.0011s
  allocated_bytes              495.81 KiB  (507712 bytes)
  rss_delta_bytes              0.0 B  (0 bytes)
  rss_peak_bytes               820.79 MiB  (860655616 bytes)
  solution                     |U|=5 |V|=89 edges=443 missing=2 (k=2)
  final_edges                  443
  optimal_edges                —
  matched_optimal              false

Running θ-heuristic…

── θ-heuristic ──
  wall_time_s                  0.0011s
  allocated_bytes              495.81 KiB  (507712 bytes)
  rss_delta_bytes              0.0 B  (0 bytes)
  rss_peak_bytes               820.79 MiB  (860655616 bytes)
  solution                     |U|=5 |V|=89 edges=443 missing=2 (k=2)
  final_edges                  443
  optimal_edges                —
  matched_optimal              false

── ACO ants=100  run 1/6  seed=1  (JIT warmup; recorded but discarded in emit) ──
Prefer smaller side: false
Neighbor scope limit: false
Size of reduced graphs393 369
ACO MMAS disabled: species pheromone unbounded [0, +∞) (θ-heuristic not run for ACO)
ACO ablations: elite_pheromone=false tabu=false mmas=false
ACO subspecies 1 best: |U|=35 |V|=41 score=50225 found_at_iter=4 found_at_t=0.1502s
ACO global best found at iteration 4 (t=0.1502s, score=50225)
  wall=0.1787s  to_best=0.1502s  iters→best=4  edges=1433  vs heur=443 (beats)  [warmup]

── ACO ants=100  run 2/6  seed=2 ──
Prefer smaller side: false
Neighbor scope limit: false
Size of reduced graphs393 369
ACO MMAS disabled: species pheromone unbounded [0, +∞) (θ-heuristic not run for ACO)
ACO ablations: elite_pheromone=false tabu=false mmas=false
ACO subspecies 1 best: |U|=59 |V|=15 score=13275 found_at_iter=1 found_at_t=0.0152s
ACO global best found at iteration 1 (t=0.0152s, score=13275)
  wall=0.0963s  to_best=0.0152s  iters→best=1  edges=883  vs heur=443 (beats)

── ACO ants=100  run 3/6  seed=3 ──
Prefer smaller side: false
Neighbor scope limit: false
Size of reduced graphs393 369
ACO MMAS disabled: species pheromone unbounded [0, +∞) (θ-heuristic not run for ACO)
ACO ablations: elite_pheromone=false tabu=false mmas=false
ACO subspecies 1 best: |U|=9 |V|=70 score=5670 found_at_iter=4 found_at_t=0.0696s
ACO global best found at iteration 4 (t=0.0697s, score=5670)
  wall=0.0916s  to_best=0.0696s  iters→best=4  edges=628  vs heur=443 (beats)

── ACO ants=100  run 4/6  seed=4 ──
Prefer smaller side: false
Neighbor scope limit: false
Size of reduced graphs393 369
ACO MMAS disabled: species pheromone unbounded [0, +∞) (θ-heuristic not run for ACO)
ACO ablations: elite_pheromone=false tabu=false mmas=false
ACO subspecies 1 best: |U|=24 |V|=40 score=23040 found_at_iter=4 found_at_t=0.0622s
ACO global best found at iteration 4 (t=0.0622s, score=23040)
  wall=0.0841s  to_best=0.0622s  iters→best=4  edges=958  vs heur=443 (beats)

── ACO ants=100  run 5/6  seed=5 ──
Prefer smaller side: false
Neighbor scope limit: false
Size of reduced graphs393 369
ACO MMAS disabled: species pheromone unbounded [0, +∞) (θ-heuristic not run for ACO)
ACO ablations: elite_pheromone=false tabu=false mmas=false
ACO subspecies 1 best: |U|=40 |V|=36 score=51840 found_at_iter=5 found_at_t=0.0819s
ACO global best found at iteration 5 (t=0.082s, score=51840)
  wall=0.0886s  to_best=0.0819s  iters→best=5  edges=1438  vs heur=443 (beats)

── ACO ants=100  run 6/6  seed=6 ──
Prefer smaller side: false
Neighbor scope limit: false
Size of reduced graphs393 369
ACO MMAS disabled: species pheromone unbounded [0, +∞) (θ-heuristic not run for ACO)
ACO ablations: elite_pheromone=false tabu=false mmas=false
ACO subspecies 1 best: |U|=35 |V|=37 score=45325 found_at_iter=3 found_at_t=0.0449s
ACO global best found at iteration 3 (t=0.0449s, score=45325)
  wall=0.0835s  to_best=0.0449s  iters→best=3  edges=1293  vs heur=443 (beats)

==================== SUMMARY ======================
θ-heuristic edges=443  θ-feasible=true  |U|=5 |V|=89
ants    run   time        iters   edges     >heur   optimal
100     1     0.1787s     4       1433      yes     —
100     2     0.0963s     1       883       yes     —
100     3     0.0916s     4       628       yes     —
100     4     0.0841s     4       958       yes     —
100     5     0.0886s     5       1438      yes     —
100     6     0.0835s     3       1293      yes     —
===================================================

Best ACO trial (by edges): ants=100  run=5  edges=1438  discovery=0.4441s  ITB=5  TTB=0.0819s  θ-feasible=true
Wrote benchmark results → /home/kiyaanpillai/Documents/aco-mkdb/results/vary_k2t5i_100_/dnc-corecipient_ants.json
Random seed: --seed=1
a = 3096496384

[9/37] konect-small/moreno_health → results/vary_k2t5i_100_/moreno_health_ants.json
Loading graph from: data/konect-small/moreno_health/indexed_interactions.csv
Parameters: k=2 θ=5
Inject: u=5 v=5 k=2 (in-memory; CSV unchanged)
Mode: vary ant-count (range=100, aco_runs=6)
ACO: iterations=5 pheromone=1 evaporation=0.95 subspecies=1
Pivot for quality baseline: no
Save: /home/kiyaanpillai/Documents/aco-mkdb/results/vary_k2t5i_100_/moreno_health_ants.json
Reduction: simple
Graph edges: 12969
Injected biclique: u=5 v=5 k=2 (existing=0 inserted=23 missing=2)
  planted U: [31, 592, 1156, 1781, 2024]
  planted V: [835, 961, 1762, 1923, 2160]
  reserved missing: [(592, 2160), (1781, 1762)]
nU=2313, nV=2441, |E|=12992

==================== VARY ant-count ====================
dataset=konect-small/moreno_health  k=2  θ=5  iterations=5
ants-range=100  run_pivot=false  aco_runs=6
base_seed=1
prefer_smaller_side=false  neighbor_scope_limit=false
elite_pheromone=false  aco_tabu=false  mmas=false
reduction=simple (CNN / one-shot; progressive disabled)
DEBUG=true  plant_check=true

Warming up (excluded from timings)…
Prefer smaller side: false
Neighbor scope limit: false
Size of reduced graphs9 9
ACO MMAS disabled: species pheromone unbounded [0, +∞) (θ-heuristic not run for ACO)
ACO ablations: elite_pheromone=false tabu=false mmas=false
ACO subspecies 1 best: |U|=8 |V|=8 score=512 found_at_iter=1 found_at_t=0.0635s
ACO global best found at iteration 1 (t=0.0635s, score=512)

Reducing graph once (CNN)…
DEBUG: planted solution still in graph after reduction: yes dataset=konect-small/moreno_health
  plant U=[31, 592, 1156, 1781, 2024]  V=[835, 961, 1762, 1923, 2160]

── Graph reduction ──
  wall_time_s                  0.0015s
  allocated_bytes              1.07 MiB  (1122168 bytes)
  reduced_nU                   325
  reduced_nV                   275
  reduced_edges                1496
  reduced_max_degree           25
  reduced_avg_degree           4.986666666666666

── Graph structure ──
  nU                           2313
  nV                           2441
  edges                        12992
  reduced_nU                   325
  reduced_nV                   275
  reduced_edges                1496
  reduced_max_degree           25
  reduced_avg_degree           4.986666666666666
  mutable_graph_bytes          1.4 MiB  (1464648 bytes)
  frozen_after_reduction_bytes 50.38 KiB  (51584 bytes)

θ-heuristic warmup (excluded from timings)…

Running θ-heuristic…

── θ-heuristic ──
  wall_time_s                  0.0002s
  allocated_bytes              110.66 KiB  (113312 bytes)
  rss_delta_bytes              0.0 B  (0 bytes)
  rss_peak_bytes               849.25 MiB  (890503168 bytes)
  solution                     |U|=5 |V|=6 edges=29 missing=1 (k=2)
  final_edges                  29
  optimal_edges                —
  matched_optimal              false

Running θ-heuristic…

── θ-heuristic ──
  wall_time_s                  0.0002s
  allocated_bytes              110.66 KiB  (113312 bytes)
  rss_delta_bytes              0.0 B  (0 bytes)
  rss_peak_bytes               849.25 MiB  (890503168 bytes)
  solution                     |U|=5 |V|=6 edges=29 missing=1 (k=2)
  final_edges                  29
  optimal_edges                —
  matched_optimal              false

── ACO ants=100  run 1/6  seed=1  (JIT warmup; recorded but discarded in emit) ──
Prefer smaller side: false
Neighbor scope limit: false
Size of reduced graphs325 275
ACO MMAS disabled: species pheromone unbounded [0, +∞) (θ-heuristic not run for ACO)
ACO ablations: elite_pheromone=false tabu=false mmas=false
ACO subspecies 1 best: |U|=4 |V|=2 score=4 found_at_iter=1 found_at_t=0.0147s
ACO global best found at iteration 1 (t=0.0147s, score=4)
  wall=0.3180s  to_best=0.0147s  iters→best=1  edges=6  vs heur=29  [warmup]

── ACO ants=100  run 2/6  seed=2 ──
Prefer smaller side: false
Neighbor scope limit: false
Size of reduced graphs325 275
ACO MMAS disabled: species pheromone unbounded [0, +∞) (θ-heuristic not run for ACO)
ACO ablations: elite_pheromone=false tabu=false mmas=false
ACO subspecies 1 best: |U|=4 |V|=4 score=16 found_at_iter=3 found_at_t=0.0482s
ACO global best found at iteration 3 (t=0.0482s, score=16)
  wall=0.0974s  to_best=0.0482s  iters→best=3  edges=14  vs heur=29

── ACO ants=100  run 3/6  seed=3 ──
Prefer smaller side: false
Neighbor scope limit: false
Size of reduced graphs325 275
ACO MMAS disabled: species pheromone unbounded [0, +∞) (θ-heuristic not run for ACO)
ACO ablations: elite_pheromone=false tabu=false mmas=false
ACO subspecies 1 best: |U|=11 |V|=3 score=9 found_at_iter=2 found_at_t=0.0483s
ACO global best found at iteration 2 (t=0.0483s, score=9)
  wall=0.2955s  to_best=0.0483s  iters→best=2  edges=31  vs heur=29

── ACO ants=100  run 4/6  seed=4 ──
Prefer smaller side: false
Neighbor scope limit: false
Size of reduced graphs325 275
ACO MMAS disabled: species pheromone unbounded [0, +∞) (θ-heuristic not run for ACO)
ACO ablations: elite_pheromone=false tabu=false mmas=false
ACO subspecies 1 best: |U|=5 |V|=4 score=16 found_at_iter=3 found_at_t=0.0848s
ACO global best found at iteration 3 (t=0.0848s, score=16)
  wall=0.1923s  to_best=0.0848s  iters→best=3  edges=18  vs heur=29

── ACO ants=100  run 5/6  seed=5 ──
Prefer smaller side: false
Neighbor scope limit: false
Size of reduced graphs325 275
ACO MMAS disabled: species pheromone unbounded [0, +∞) (θ-heuristic not run for ACO)
ACO ablations: elite_pheromone=false tabu=false mmas=false
ACO subspecies 1 best: |U|=3 |V|=4 score=9 found_at_iter=4 found_at_t=0.1477s
ACO global best found at iteration 4 (t=0.1477s, score=9)
  wall=0.2389s  to_best=0.1477s  iters→best=4  edges=10  vs heur=29

── ACO ants=100  run 6/6  seed=6 ──
Prefer smaller side: false
Neighbor scope limit: false
Size of reduced graphs325 275
ACO MMAS disabled: species pheromone unbounded [0, +∞) (θ-heuristic not run for ACO)
ACO ablations: elite_pheromone=false tabu=false mmas=false
ACO subspecies 1 best: |U|=4 |V|=3 score=9 found_at_iter=5 found_at_t=0.1385s
ACO global best found at iteration 5 (t=0.1385s, score=9)
  wall=0.1402s  to_best=0.1385s  iters→best=5  edges=10  vs heur=29

==================== SUMMARY ======================
θ-heuristic edges=29  θ-feasible=true  |U|=5 |V|=6
ants    run   time        iters   edges     >heur   optimal
100     1     0.3180s     1       6         no      —
100     2     0.0974s     3       14        no      —
100     3     0.2955s     2       31        no      —
100     4     0.1923s     3       18        no      —
100     5     0.2389s     4       10        no      —
100     6     0.1402s     5       10        no      —
===================================================

Best ACO trial (by edges): ants=100  run=3  edges=31  discovery=0.9643s  ITB=2  TTB=0.0483s  θ-feasible=false
Wrote benchmark results → /home/kiyaanpillai/Documents/aco-mkdb/results/vary_k2t5i_100_/moreno_health_ants.json
Random seed: --seed=1
a = 3689935968

[10/37] konect-small/edit-mkwikisource → results/vary_k2t5i_100_/edit-mkwikisource_ants.json
Loading graph from: data/konect-small/edit-mkwikisource/indexed_interactions.csv
Parameters: k=2 θ=5
Inject: u=5 v=5 k=2 (in-memory; CSV unchanged)
Mode: vary ant-count (range=100, aco_runs=6)
ACO: iterations=5 pheromone=1 evaporation=0.95 subspecies=1
Pivot for quality baseline: no
Save: /home/kiyaanpillai/Documents/aco-mkdb/results/vary_k2t5i_100_/edit-mkwikisource_ants.json
Reduction: simple
Graph edges: 13801
Injected biclique: u=5 v=5 k=2 (existing=0 inserted=23 missing=2)
  planted U: [12, 28, 162, 167, 187]
  planted V: [478, 762, 4101, 5417, 5739]
  reserved missing: [(12, 478), (12, 5739)]
nU=218, nV=6635, |E|=13824

==================== VARY ant-count ====================
dataset=konect-small/edit-mkwikisource  k=2  θ=5  iterations=5
ants-range=100  run_pivot=false  aco_runs=6
base_seed=1
prefer_smaller_side=false  neighbor_scope_limit=false
elite_pheromone=false  aco_tabu=false  mmas=false
reduction=simple (CNN / one-shot; progressive disabled)
DEBUG=true  plant_check=true

Warming up (excluded from timings)…
Prefer smaller side: false
Neighbor scope limit: false
Size of reduced graphs9 9
ACO MMAS disabled: species pheromone unbounded [0, +∞) (θ-heuristic not run for ACO)
ACO ablations: elite_pheromone=false tabu=false mmas=false
ACO subspecies 1 best: |U|=8 |V|=8 score=512 found_at_iter=1 found_at_t=0.0617s
ACO global best found at iteration 1 (t=0.0617s, score=512)

Reducing graph once (CNN)…
DEBUG: planted solution still in graph after reduction: yes dataset=konect-small/edit-mkwikisource
  plant U=[12, 28, 162, 167, 187]  V=[478, 762, 4101, 5417, 5739]

── Graph reduction ──
  wall_time_s                  0.0026s
  allocated_bytes              1.04 MiB  (1087720 bytes)
  reduced_nU                   19
  reduced_nV                   121
  reduced_edges                399
  reduced_max_degree           118
  reduced_avg_degree           5.7

── Graph structure ──
  nU                           218
  nV                           6635
  edges                        13824
  reduced_nU                   19
  reduced_nV                   121
  reduced_edges                399
  reduced_max_degree           118
  reduced_avg_degree           5.7
  mutable_graph_bytes          2.15 MiB  (2255432 bytes)
  frozen_after_reduction_bytes 13.83 KiB  (14160 bytes)

θ-heuristic warmup (excluded from timings)…

Running θ-heuristic…

── θ-heuristic ──
  wall_time_s                  0.0001s
  allocated_bytes              43.22 KiB  (44256 bytes)
  rss_delta_bytes              0.0 B  (0 bytes)
  rss_peak_bytes               839.81 MiB  (880607232 bytes)
  solution                     |U|=5 |V|=2 edges=8 missing=2 (k=2)
  final_edges                  8
  optimal_edges                —
  matched_optimal              false

Running θ-heuristic…

── θ-heuristic ──
  wall_time_s                  0.0001s
  allocated_bytes              43.22 KiB  (44256 bytes)
  rss_delta_bytes              0.0 B  (0 bytes)
  rss_peak_bytes               839.81 MiB  (880607232 bytes)
  solution                     |U|=5 |V|=2 edges=8 missing=2 (k=2)
  final_edges                  8
  optimal_edges                —
  matched_optimal              false

── ACO ants=100  run 1/6  seed=1  (JIT warmup; recorded but discarded in emit) ──
Prefer smaller side: false
Neighbor scope limit: false
Size of reduced graphs19 121
ACO MMAS disabled: species pheromone unbounded [0, +∞) (θ-heuristic not run for ACO)
ACO ablations: elite_pheromone=false tabu=false mmas=false
ACO subspecies 1 best: |U|=4 |V|=9 score=16 found_at_iter=1 found_at_t=0.0043s
ACO global best found at iteration 1 (t=0.0043s, score=16)
  wall=0.1156s  to_best=0.0043s  iters→best=1  edges=34  vs heur=8  [warmup]

── ACO ants=100  run 2/6  seed=2 ──
Prefer smaller side: false
Neighbor scope limit: false
Size of reduced graphs19 121
ACO MMAS disabled: species pheromone unbounded [0, +∞) (θ-heuristic not run for ACO)
ACO ablations: elite_pheromone=false tabu=false mmas=false
ACO subspecies 1 best: |U|=4 |V|=9 score=16 found_at_iter=5 found_at_t=0.0435s
ACO global best found at iteration 5 (t=0.0435s, score=16)
  wall=0.0443s  to_best=0.0435s  iters→best=5  edges=34  vs heur=8

── ACO ants=100  run 3/6  seed=3 ──
Prefer smaller side: false
Neighbor scope limit: false
Size of reduced graphs19 121
ACO MMAS disabled: species pheromone unbounded [0, +∞) (θ-heuristic not run for ACO)
ACO ablations: elite_pheromone=false tabu=false mmas=false
ACO subspecies 1 best: |U|=4 |V|=8 score=16 found_at_iter=1 found_at_t=0.0037s
ACO global best found at iteration 1 (t=0.0037s, score=16)
  wall=0.0402s  to_best=0.0037s  iters→best=1  edges=30  vs heur=8

── ACO ants=100  run 4/6  seed=4 ──
Prefer smaller side: false
Neighbor scope limit: false
Size of reduced graphs19 121
ACO MMAS disabled: species pheromone unbounded [0, +∞) (θ-heuristic not run for ACO)
ACO ablations: elite_pheromone=false tabu=false mmas=false
ACO subspecies 1 best: |U|=4 |V|=9 score=16 found_at_iter=1 found_at_t=0.004s
ACO global best found at iteration 1 (t=0.004s, score=16)
  wall=0.0367s  to_best=0.0040s  iters→best=1  edges=34  vs heur=8

── ACO ants=100  run 5/6  seed=5 ──
Prefer smaller side: false
Neighbor scope limit: false
Size of reduced graphs19 121
ACO MMAS disabled: species pheromone unbounded [0, +∞) (θ-heuristic not run for ACO)
ACO ablations: elite_pheromone=false tabu=false mmas=false
ACO subspecies 1 best: |U|=4 |V|=9 score=16 found_at_iter=1 found_at_t=0.0033s
ACO global best found at iteration 1 (t=0.0033s, score=16)
  wall=0.0342s  to_best=0.0033s  iters→best=1  edges=34  vs heur=8

── ACO ants=100  run 6/6  seed=6 ──
Prefer smaller side: false
Neighbor scope limit: false
Size of reduced graphs19 121
ACO MMAS disabled: species pheromone unbounded [0, +∞) (θ-heuristic not run for ACO)
ACO ablations: elite_pheromone=false tabu=false mmas=false
ACO subspecies 1 best: |U|=4 |V|=9 score=16 found_at_iter=1 found_at_t=0.0044s
ACO global best found at iteration 1 (t=0.0044s, score=16)
  wall=0.0406s  to_best=0.0044s  iters→best=1  edges=34  vs heur=8

==================== SUMMARY ======================
θ-heuristic edges=8  θ-feasible=false  |U|=5 |V|=2
ants    run   time        iters   edges     >heur   optimal
100     1     0.1156s     1       34        no      —
100     2     0.0443s     5       34        no      —
100     3     0.0402s     1       30        no      —
100     4     0.0367s     1       34        no      —
100     5     0.0342s     1       34        no      —
100     6     0.0406s     1       34        no      —
===================================================

Best ACO trial (by edges): ants=100  run=5  edges=34  discovery=0.1959s  ITB=1  TTB=0.0033s  θ-feasible=false
Wrote benchmark results → /home/kiyaanpillai/Documents/aco-mkdb/results/vary_k2t5i_100_/edit-mkwikisource_ants.json
Random seed: --seed=1
a = 2969990344

[11/37] konect-small/edit-mrwiktionary → results/vary_k2t5i_100_/edit-mrwiktionary_ants.json
Loading graph from: data/konect-small/edit-mrwiktionary/indexed_interactions.csv
Parameters: k=2 θ=5
Inject: u=5 v=5 k=2 (in-memory; CSV unchanged)
Mode: vary ant-count (range=100, aco_runs=6)
ACO: iterations=5 pheromone=1 evaporation=0.95 subspecies=1
Pivot for quality baseline: no
Save: /home/kiyaanpillai/Documents/aco-mkdb/results/vary_k2t5i_100_/edit-mrwiktionary_ants.json
Reduction: simple
Graph edges: 14353
Injected biclique: u=5 v=5 k=2 (existing=1 inserted=22 missing=2)
  planted U: [9, 30, 40, 154, 263]
  planted V: [1206, 2154, 2297, 3144, 3905]
  reserved missing: [(9, 3144), (154, 3144)]
nU=281, nV=3995, |E|=14375

==================== VARY ant-count ====================
dataset=konect-small/edit-mrwiktionary  k=2  θ=5  iterations=5
ants-range=100  run_pivot=false  aco_runs=6
base_seed=1
prefer_smaller_side=false  neighbor_scope_limit=false
elite_pheromone=false  aco_tabu=false  mmas=false
reduction=simple (CNN / one-shot; progressive disabled)
DEBUG=true  plant_check=true

Warming up (excluded from timings)…
Prefer smaller side: false
Neighbor scope limit: false
Size of reduced graphs9 9
ACO MMAS disabled: species pheromone unbounded [0, +∞) (θ-heuristic not run for ACO)
ACO ablations: elite_pheromone=false tabu=false mmas=false
ACO subspecies 1 best: |U|=8 |V|=8 score=512 found_at_iter=1 found_at_t=0.0627s
ACO global best found at iteration 1 (t=0.0627s, score=512)

Reducing graph once (CNN)…
DEBUG: planted solution still in graph after reduction: yes dataset=konect-small/edit-mrwiktionary
  plant U=[9, 30, 40, 154, 263]  V=[1206, 2154, 2297, 3144, 3905]

── Graph reduction ──
  wall_time_s                  0.0033s
  allocated_bytes              1.32 MiB  (1380856 bytes)
  reduced_nU                   46
  reduced_nV                   1014
  reduced_edges                4630
  reduced_max_degree           798
  reduced_avg_degree           8.735849056603774

── Graph structure ──
  nU                           281
  nV                           3995
  edges                        14375
  reduced_nU                   46
  reduced_nV                   1014
  reduced_edges                4630
  reduced_max_degree           798
  reduced_avg_degree           8.735849056603774
  mutable_graph_bytes          1.63 MiB  (1712792 bytes)
  frozen_after_reduction_bytes 125.66 KiB  (128672 bytes)

θ-heuristic warmup (excluded from timings)…

Running θ-heuristic…

── θ-heuristic ──
  wall_time_s                  0.0007s
  allocated_bytes              367.48 KiB  (376304 bytes)
  rss_delta_bytes              0.0 B  (0 bytes)
  rss_peak_bytes               818.93 MiB  (858710016 bytes)
  solution                     |U|=5 |V|=94 edges=468 missing=2 (k=2)
  final_edges                  468
  optimal_edges                —
  matched_optimal              false

Running θ-heuristic…

── θ-heuristic ──
  wall_time_s                  0.0007s
  allocated_bytes              367.48 KiB  (376304 bytes)
  rss_delta_bytes              0.0 B  (0 bytes)
  rss_peak_bytes               818.93 MiB  (858710016 bytes)
  solution                     |U|=5 |V|=94 edges=468 missing=2 (k=2)
  final_edges                  468
  optimal_edges                —
  matched_optimal              false

── ACO ants=100  run 1/6  seed=1  (JIT warmup; recorded but discarded in emit) ──
Prefer smaller side: false
Neighbor scope limit: false
Size of reduced graphs46 1014
ACO MMAS disabled: species pheromone unbounded [0, +∞) (θ-heuristic not run for ACO)
ACO ablations: elite_pheromone=false tabu=false mmas=false
ACO subspecies 1 best: |U|=5 |V|=94 score=2350 found_at_iter=2 found_at_t=0.3626s
ACO global best found at iteration 2 (t=0.3627s, score=2350)
  wall=1.3190s  to_best=0.3626s  iters→best=2  edges=468  vs heur=468  [warmup]

── ACO ants=100  run 2/6  seed=2 ──
Prefer smaller side: false
Neighbor scope limit: false
Size of reduced graphs46 1014
ACO MMAS disabled: species pheromone unbounded [0, +∞) (θ-heuristic not run for ACO)
ACO ablations: elite_pheromone=false tabu=false mmas=false
ACO subspecies 1 best: |U|=5 |V|=94 score=2350 found_at_iter=1 found_at_t=0.0519s
ACO global best found at iteration 1 (t=0.0519s, score=2350)
  wall=0.9895s  to_best=0.0519s  iters→best=1  edges=468  vs heur=468

── ACO ants=100  run 3/6  seed=3 ──
Prefer smaller side: false
Neighbor scope limit: false
Size of reduced graphs46 1014
ACO MMAS disabled: species pheromone unbounded [0, +∞) (θ-heuristic not run for ACO)
ACO ablations: elite_pheromone=false tabu=false mmas=false
ACO subspecies 1 best: |U|=5 |V|=77 score=1925 found_at_iter=1 found_at_t=0.0652s
ACO global best found at iteration 1 (t=0.0652s, score=1925)
  wall=0.8238s  to_best=0.0652s  iters→best=1  edges=383  vs heur=468

── ACO ants=100  run 4/6  seed=4 ──
Prefer smaller side: false
Neighbor scope limit: false
Size of reduced graphs46 1014
ACO MMAS disabled: species pheromone unbounded [0, +∞) (θ-heuristic not run for ACO)
ACO ablations: elite_pheromone=false tabu=false mmas=false
ACO subspecies 1 best: |U|=5 |V|=94 score=2350 found_at_iter=1 found_at_t=0.1141s
ACO global best found at iteration 1 (t=0.1141s, score=2350)
  wall=1.4036s  to_best=0.1141s  iters→best=1  edges=468  vs heur=468

── ACO ants=100  run 5/6  seed=5 ──
Prefer smaller side: false
Neighbor scope limit: false
Size of reduced graphs46 1014
ACO MMAS disabled: species pheromone unbounded [0, +∞) (θ-heuristic not run for ACO)
ACO ablations: elite_pheromone=false tabu=false mmas=false
ACO subspecies 1 best: |U|=5 |V|=94 score=2350 found_at_iter=2 found_at_t=0.2979s
ACO global best found at iteration 2 (t=0.2979s, score=2350)
  wall=1.3446s  to_best=0.2979s  iters→best=2  edges=468  vs heur=468

── ACO ants=100  run 6/6  seed=6 ──
Prefer smaller side: false
Neighbor scope limit: false
Size of reduced graphs46 1014
ACO MMAS disabled: species pheromone unbounded [0, +∞) (θ-heuristic not run for ACO)
ACO ablations: elite_pheromone=false tabu=false mmas=false
ACO subspecies 1 best: |U|=5 |V|=94 score=2350 found_at_iter=1 found_at_t=0.0831s
ACO global best found at iteration 1 (t=0.0831s, score=2350)
  wall=1.2867s  to_best=0.0831s  iters→best=1  edges=468  vs heur=468

==================== SUMMARY ======================
θ-heuristic edges=468  θ-feasible=true  |U|=5 |V|=94
ants    run   time        iters   edges     >heur   optimal
100     1     1.3190s     2       468       no      —
100     2     0.9895s     1       468       no      —
100     3     0.8238s     1       383       no      —
100     4     1.4036s     1       468       no      —
100     5     1.3446s     2       468       no      —
100     6     1.2867s     1       468       no      —
===================================================

Best ACO trial (by edges): ants=100  run=2  edges=468  discovery=5.8483s  ITB=1  TTB=0.0519s  θ-feasible=true
Wrote benchmark results → /home/kiyaanpillai/Documents/aco-mkdb/results/vary_k2t5i_100_/edit-mrwiktionary_ants.json
Random seed: --seed=1
a = 6744937112

[12/37] amazon/boxes → results/vary_k2t5i_100_/boxes_ants.json
Loading graph from: data/amazon/boxes/indexed_interactions.csv
Parameters: k=2 θ=5
Inject: u=5 v=5 k=2 (in-memory; CSV unchanged)
Mode: vary ant-count (range=100, aco_runs=6)
ACO: iterations=5 pheromone=1 evaporation=0.95 subspecies=1
Pivot for quality baseline: no
Save: /home/kiyaanpillai/Documents/aco-mkdb/results/vary_k2t5i_100_/boxes_ants.json
Reduction: simple
Graph edges: 16216
Injected biclique: u=5 v=5 k=2 (existing=0 inserted=23 missing=2)
  planted U: [1145, 1938, 6484, 9265, 11016]
  planted V: [382, 453, 794, 934, 1073]
  reserved missing: [(1145, 794), (1938, 1073)]
nU=15237, nV=1128, |E|=16239

==================== VARY ant-count ====================
dataset=amazon/boxes  k=2  θ=5  iterations=5
ants-range=100  run_pivot=false  aco_runs=6
base_seed=1
prefer_smaller_side=false  neighbor_scope_limit=false
elite_pheromone=false  aco_tabu=false  mmas=false
reduction=simple (CNN / one-shot; progressive disabled)
DEBUG=true  plant_check=true

Warming up (excluded from timings)…
Prefer smaller side: false
Neighbor scope limit: false
Size of reduced graphs9 9
ACO MMAS disabled: species pheromone unbounded [0, +∞) (θ-heuristic not run for ACO)
ACO ablations: elite_pheromone=false tabu=false mmas=false
ACO subspecies 1 best: |U|=8 |V|=8 score=512 found_at_iter=1 found_at_t=0.0644s
ACO global best found at iteration 1 (t=0.0644s, score=512)

Reducing graph once (CNN)…
DEBUG: planted solution still in graph after reduction: yes dataset=amazon/boxes
  plant U=[1145, 1938, 6484, 9265, 11016]  V=[382, 453, 794, 934, 1073]

── Graph reduction ──
  wall_time_s                  0.0025s
  allocated_bytes              2.27 MiB  (2378064 bytes)
  reduced_nU                   14
  reduced_nV                   14
  reduced_edges                50
  reduced_max_degree           5
  reduced_avg_degree           3.5714285714285716

── Graph structure ──
  nU                           15237
  nV                           1128
  edges                        16239
  reduced_nU                   14
  reduced_nV                   14
  reduced_edges                50
  reduced_max_degree           5
  reduced_avg_degree           3.5714285714285716
  mutable_graph_bytes          5.51 MiB  (5779192 bytes)
  frozen_after_reduction_bytes 2.91 KiB  (2976 bytes)

θ-heuristic warmup (excluded from timings)…

Running θ-heuristic…

── θ-heuristic ──
  wall_time_s                  0.0000s
  allocated_bytes              7.7 KiB  (7888 bytes)
  rss_delta_bytes              0.0 B  (0 bytes)
  rss_peak_bytes               820.06 MiB  (859897856 bytes)
  solution                     |U|=5 |V|=5 edges=23 missing=2 (k=2)
  final_edges                  23
  optimal_edges                —
  matched_optimal              false

Running θ-heuristic…

── θ-heuristic ──
  wall_time_s                  0.0000s
  allocated_bytes              7.7 KiB  (7888 bytes)
  rss_delta_bytes              0.0 B  (0 bytes)
  rss_peak_bytes               820.06 MiB  (859897856 bytes)
  solution                     |U|=5 |V|=5 edges=23 missing=2 (k=2)
  final_edges                  23
  optimal_edges                —
  matched_optimal              false

── ACO ants=100  run 1/6  seed=1  (JIT warmup; recorded but discarded in emit) ──
Prefer smaller side: false
Neighbor scope limit: false
Size of reduced graphs14 14
ACO MMAS disabled: species pheromone unbounded [0, +∞) (θ-heuristic not run for ACO)
ACO ablations: elite_pheromone=false tabu=false mmas=false
ACO subspecies 1 best: |U|=5 |V|=5 score=125 found_at_iter=1 found_at_t=0.0004s
ACO global best found at iteration 1 (t=0.0004s, score=125)
  wall=0.0776s  to_best=0.0004s  iters→best=1  edges=23  vs heur=23  [warmup]

── ACO ants=100  run 2/6  seed=2 ──
Prefer smaller side: false
Neighbor scope limit: false
Size of reduced graphs14 14
ACO MMAS disabled: species pheromone unbounded [0, +∞) (θ-heuristic not run for ACO)
ACO ablations: elite_pheromone=false tabu=false mmas=false
ACO subspecies 1 best: |U|=5 |V|=5 score=125 found_at_iter=1 found_at_t=0.0005s
ACO global best found at iteration 1 (t=0.0005s, score=125)
  wall=0.0029s  to_best=0.0005s  iters→best=1  edges=23  vs heur=23

── ACO ants=100  run 3/6  seed=3 ──
Prefer smaller side: false
Neighbor scope limit: false
Size of reduced graphs14 14
ACO MMAS disabled: species pheromone unbounded [0, +∞) (θ-heuristic not run for ACO)
ACO ablations: elite_pheromone=false tabu=false mmas=false
ACO subspecies 1 best: |U|=5 |V|=5 score=125 found_at_iter=1 found_at_t=0.0005s
ACO global best found at iteration 1 (t=0.0005s, score=125)
  wall=0.0030s  to_best=0.0005s  iters→best=1  edges=23  vs heur=23

── ACO ants=100  run 4/6  seed=4 ──
Prefer smaller side: false
Neighbor scope limit: false
Size of reduced graphs14 14
ACO MMAS disabled: species pheromone unbounded [0, +∞) (θ-heuristic not run for ACO)
ACO ablations: elite_pheromone=false tabu=false mmas=false
ACO subspecies 1 best: |U|=5 |V|=5 score=125 found_at_iter=1 found_at_t=0.0004s
ACO global best found at iteration 1 (t=0.0004s, score=125)
  wall=0.0029s  to_best=0.0004s  iters→best=1  edges=23  vs heur=23

── ACO ants=100  run 5/6  seed=5 ──
Prefer smaller side: false
Neighbor scope limit: false
Size of reduced graphs14 14
ACO MMAS disabled: species pheromone unbounded [0, +∞) (θ-heuristic not run for ACO)
ACO ablations: elite_pheromone=false tabu=false mmas=false
ACO subspecies 1 best: |U|=5 |V|=5 score=125 found_at_iter=1 found_at_t=0.0004s
ACO global best found at iteration 1 (t=0.0004s, score=125)
  wall=0.0030s  to_best=0.0004s  iters→best=1  edges=23  vs heur=23

── ACO ants=100  run 6/6  seed=6 ──
Prefer smaller side: false
Neighbor scope limit: false
Size of reduced graphs14 14
ACO MMAS disabled: species pheromone unbounded [0, +∞) (θ-heuristic not run for ACO)
ACO ablations: elite_pheromone=false tabu=false mmas=false
ACO subspecies 1 best: |U|=5 |V|=5 score=125 found_at_iter=1 found_at_t=0.0005s
ACO global best found at iteration 1 (t=0.0005s, score=125)
  wall=0.0031s  to_best=0.0005s  iters→best=1  edges=23  vs heur=23

==================== SUMMARY ======================
θ-heuristic edges=23  θ-feasible=true  |U|=5 |V|=5
ants    run   time        iters   edges     >heur   optimal
100     1     0.0776s     1       23        no      —
100     2     0.0029s     1       23        no      —
100     3     0.0030s     1       23        no      —
100     4     0.0029s     1       23        no      —
100     5     0.0030s     1       23        no      —
100     6     0.0031s     1       23        no      —
===================================================

Best ACO trial (by edges): ants=100  run=4  edges=23  discovery=0.0149s  ITB=1  TTB=0.0004s  θ-feasible=true
Wrote benchmark results → /home/kiyaanpillai/Documents/aco-mkdb/results/vary_k2t5i_100_/boxes_ants.json
Random seed: --seed=1
a = 2741033312

[13/37] konect-small/petster-hamster → results/vary_k2t5i_100_/petster-hamster_ants.json
Loading graph from: data/konect-small/petster-hamster/indexed_interactions.csv
Parameters: k=2 θ=5
Inject: u=5 v=5 k=2 (in-memory; CSV unchanged)
Mode: vary ant-count (range=100, aco_runs=6)
ACO: iterations=5 pheromone=1 evaporation=0.95 subspecies=1
Pivot for quality baseline: no
Save: /home/kiyaanpillai/Documents/aco-mkdb/results/vary_k2t5i_100_/petster-hamster_ants.json
Reduction: simple
Graph edges: 16631
Injected biclique: u=5 v=5 k=2 (existing=0 inserted=23 missing=2)
  planted U: [292, 466, 1080, 1770, 1944]
  planted V: [214, 815, 1192, 1391, 1471]
  reserved missing: [(466, 1471), (1080, 1471)]
nU=2244, nV=1766, |E|=16654

==================== VARY ant-count ====================
dataset=konect-small/petster-hamster  k=2  θ=5  iterations=5
ants-range=100  run_pivot=false  aco_runs=6
base_seed=1
prefer_smaller_side=false  neighbor_scope_limit=false
elite_pheromone=false  aco_tabu=false  mmas=false
reduction=simple (CNN / one-shot; progressive disabled)
DEBUG=true  plant_check=true

Warming up (excluded from timings)…
Prefer smaller side: false
Neighbor scope limit: false
Size of reduced graphs9 9
ACO MMAS disabled: species pheromone unbounded [0, +∞) (θ-heuristic not run for ACO)
ACO ablations: elite_pheromone=false tabu=false mmas=false
ACO subspecies 1 best: |U|=8 |V|=8 score=512 found_at_iter=1 found_at_t=0.0606s
ACO global best found at iteration 1 (t=0.0606s, score=512)

Reducing graph once (CNN)…
DEBUG: planted solution still in graph after reduction: yes dataset=konect-small/petster-hamster
  plant U=[292, 466, 1080, 1770, 1944]  V=[214, 815, 1192, 1391, 1471]

── Graph reduction ──
  wall_time_s                  0.0043s
  allocated_bytes              2.21 MiB  (2320472 bytes)
  reduced_nU                   1310
  reduced_nV                   852
  reduced_edges                13608
  reduced_max_degree           202
  reduced_avg_degree           12.588344125809435

── Graph structure ──
  nU                           2244
  nV                           1766
  edges                        16654
  reduced_nU                   1310
  reduced_nV                   852
  reduced_edges                13608
  reduced_max_degree           202
  reduced_avg_degree           12.588344125809435
  mutable_graph_bytes          1.66 MiB  (1741176 bytes)
  frozen_after_reduction_bytes 315.03 KiB  (322592 bytes)

θ-heuristic warmup (excluded from timings)…

Running θ-heuristic…

── θ-heuristic ──
  wall_time_s                  0.0012s
  allocated_bytes              614.91 KiB  (629664 bytes)
  rss_delta_bytes              0.0 B  (0 bytes)
  rss_peak_bytes               818.73 MiB  (858497024 bytes)
  solution                     |U|=5 |V|=19 edges=93 missing=2 (k=2)
  final_edges                  93
  optimal_edges                —
  matched_optimal              false

Running θ-heuristic…

── θ-heuristic ──
  wall_time_s                  0.0012s
  allocated_bytes              614.91 KiB  (629664 bytes)
  rss_delta_bytes              0.0 B  (0 bytes)
  rss_peak_bytes               818.73 MiB  (858497024 bytes)
  solution                     |U|=5 |V|=19 edges=93 missing=2 (k=2)
  final_edges                  93
  optimal_edges                —
  matched_optimal              false

── ACO ants=100  run 1/6  seed=1  (JIT warmup; recorded but discarded in emit) ──
Prefer smaller side: false
Neighbor scope limit: false
Size of reduced graphs1310 852
ACO MMAS disabled: species pheromone unbounded [0, +∞) (θ-heuristic not run for ACO)
ACO ablations: elite_pheromone=false tabu=false mmas=false
ACO subspecies 1 best: |U|=11 |V|=5 score=275 found_at_iter=1 found_at_t=0.1932s
ACO global best found at iteration 1 (t=0.1932s, score=275)
  wall=2.2959s  to_best=0.1932s  iters→best=1  edges=53  vs heur=93  [warmup]

── ACO ants=100  run 2/6  seed=2 ──
Prefer smaller side: false
Neighbor scope limit: false
Size of reduced graphs1310 852
ACO MMAS disabled: species pheromone unbounded [0, +∞) (θ-heuristic not run for ACO)
ACO ablations: elite_pheromone=false tabu=false mmas=false
ACO subspecies 1 best: |U|=21 |V|=4 score=16 found_at_iter=1 found_at_t=0.1945s
ACO global best found at iteration 1 (t=0.1945s, score=16)
  wall=1.0070s  to_best=0.1945s  iters→best=1  edges=82  vs heur=93

── ACO ants=100  run 3/6  seed=3 ──
Prefer smaller side: false
Neighbor scope limit: false
Size of reduced graphs1310 852
ACO MMAS disabled: species pheromone unbounded [0, +∞) (θ-heuristic not run for ACO)
ACO ablations: elite_pheromone=false tabu=false mmas=false
ACO subspecies 1 best: |U|=8 |V|=5 score=200 found_at_iter=2 found_at_t=0.6888s
ACO global best found at iteration 2 (t=0.6889s, score=200)
  wall=4.7413s  to_best=0.6888s  iters→best=2  edges=38  vs heur=93

── ACO ants=100  run 4/6  seed=4 ──
Prefer smaller side: false
Neighbor scope limit: false
Size of reduced graphs1310 852
ACO MMAS disabled: species pheromone unbounded [0, +∞) (θ-heuristic not run for ACO)
ACO ablations: elite_pheromone=false tabu=false mmas=false
ACO subspecies 1 best: |U|=31 |V|=5 score=775 found_at_iter=3 found_at_t=0.5399s
ACO global best found at iteration 3 (t=0.5399s, score=775)
  wall=0.9102s  to_best=0.5399s  iters→best=3  edges=153  vs heur=93 (beats)

── ACO ants=100  run 5/6  seed=5 ──
Prefer smaller side: false
Neighbor scope limit: false
Size of reduced graphs1310 852
ACO MMAS disabled: species pheromone unbounded [0, +∞) (θ-heuristic not run for ACO)
ACO ablations: elite_pheromone=false tabu=false mmas=false
ACO subspecies 1 best: |U|=14 |V|=5 score=350 found_at_iter=4 found_at_t=1.0045s
ACO global best found at iteration 4 (t=1.0045s, score=350)
  wall=1.4596s  to_best=1.0045s  iters→best=4  edges=68  vs heur=93

── ACO ants=100  run 6/6  seed=6 ──
Prefer smaller side: false
Neighbor scope limit: false
Size of reduced graphs1310 852
ACO MMAS disabled: species pheromone unbounded [0, +∞) (θ-heuristic not run for ACO)
ACO ablations: elite_pheromone=false tabu=false mmas=false
ACO subspecies 1 best: |U|=23 |V|=8 score=1472 found_at_iter=3 found_at_t=0.4474s
ACO global best found at iteration 3 (t=0.4474s, score=1472)
  wall=0.7822s  to_best=0.4474s  iters→best=3  edges=182  vs heur=93 (beats)

==================== SUMMARY ======================
θ-heuristic edges=93  θ-feasible=true  |U|=5 |V|=19
ants    run   time        iters   edges     >heur   optimal
100     1     2.2959s     1       53        no      —
100     2     1.0070s     1       82        no      —
100     3     4.7413s     2       38        no      —
100     4     0.9102s     3       153       yes     —
100     5     1.4596s     4       68        no      —
100     6     0.7822s     3       182       yes     —
===================================================

Best ACO trial (by edges): ants=100  run=6  edges=182  discovery=8.9003s  ITB=3  TTB=0.4474s  θ-feasible=true
Wrote benchmark results → /home/kiyaanpillai/Documents/aco-mkdb/results/vary_k2t5i_100_/petster-hamster_ants.json
Random seed: --seed=1
a = 9136814080

[14/37] konect-small/edit-nowikinews → results/vary_k2t5i_100_/edit-nowikinews_ants.json
Loading graph from: data/konect-small/edit-nowikinews/indexed_interactions.csv
Parameters: k=2 θ=5
Inject: u=5 v=5 k=2 (in-memory; CSV unchanged)
Mode: vary ant-count (range=100, aco_runs=6)
ACO: iterations=5 pheromone=1 evaporation=0.95 subspecies=1
Pivot for quality baseline: no
Save: /home/kiyaanpillai/Documents/aco-mkdb/results/vary_k2t5i_100_/edit-nowikinews_ants.json
Reduction: simple
Graph edges: 16900
Injected biclique: u=5 v=5 k=2 (existing=0 inserted=23 missing=2)
  planted U: [91, 135, 162, 185, 259]
  planted V: [143, 857, 1006, 2233, 3425]
  reserved missing: [(91, 3425), (259, 857)]
nU=430, nV=4060, |E|=16923

==================== VARY ant-count ====================
dataset=konect-small/edit-nowikinews  k=2  θ=5  iterations=5
ants-range=100  run_pivot=false  aco_runs=6
base_seed=1
prefer_smaller_side=false  neighbor_scope_limit=false
elite_pheromone=false  aco_tabu=false  mmas=false
reduction=simple (CNN / one-shot; progressive disabled)
DEBUG=true  plant_check=true

Warming up (excluded from timings)…
Prefer smaller side: false
Neighbor scope limit: false
Size of reduced graphs9 9
ACO MMAS disabled: species pheromone unbounded [0, +∞) (θ-heuristic not run for ACO)
ACO ablations: elite_pheromone=false tabu=false mmas=false
ACO subspecies 1 best: |U|=8 |V|=8 score=512 found_at_iter=1 found_at_t=0.0628s
ACO global best found at iteration 1 (t=0.0628s, score=512)

Reducing graph once (CNN)…
DEBUG: planted solution still in graph after reduction: yes dataset=konect-small/edit-nowikinews
  plant U=[91, 135, 162, 185, 259]  V=[143, 857, 1006, 2233, 3425]

── Graph reduction ──
  wall_time_s                  0.0045s
  allocated_bytes              1.45 MiB  (1519320 bytes)
  reduced_nU                   82
  reduced_nV                   1192
  reduced_edges                5177
  reduced_max_degree           776
  reduced_avg_degree           8.127158555729984

── Graph structure ──
  nU                           430
  nV                           4060
  edges                        16923
  reduced_nU                   82
  reduced_nV                   1192
  reduced_edges                5177
  reduced_max_degree           776
  reduced_avg_degree           8.127158555729984
  mutable_graph_bytes          1.57 MiB  (1644024 bytes)
  frozen_after_reduction_bytes 137.55 KiB  (140848 bytes)

θ-heuristic warmup (excluded from timings)…

Running θ-heuristic…

── θ-heuristic ──
  wall_time_s                  0.0008s
  allocated_bytes              380.03 KiB  (389152 bytes)
  rss_delta_bytes              0.0 B  (0 bytes)
  rss_peak_bytes               837.61 MiB  (878292992 bytes)
  solution                     |U|=5 |V|=9 edges=43 missing=2 (k=2)
  final_edges                  43
  optimal_edges                —
  matched_optimal              false

Running θ-heuristic…

── θ-heuristic ──
  wall_time_s                  0.0008s
  allocated_bytes              380.03 KiB  (389152 bytes)
  rss_delta_bytes              0.0 B  (0 bytes)
  rss_peak_bytes               837.61 MiB  (878292992 bytes)
  solution                     |U|=5 |V|=9 edges=43 missing=2 (k=2)
  final_edges                  43
  optimal_edges                —
  matched_optimal              false

── ACO ants=100  run 1/6  seed=1  (JIT warmup; recorded but discarded in emit) ──
Prefer smaller side: false
Neighbor scope limit: false
Size of reduced graphs82 1192
ACO MMAS disabled: species pheromone unbounded [0, +∞) (θ-heuristic not run for ACO)
ACO ablations: elite_pheromone=false tabu=false mmas=false
ACO subspecies 1 best: |U|=5 |V|=33 score=825 found_at_iter=2 found_at_t=0.2003s
ACO global best found at iteration 2 (t=0.2003s, score=825)
  wall=0.6190s  to_best=0.2003s  iters→best=2  edges=163  vs heur=43 (beats)  [warmup]

── ACO ants=100  run 2/6  seed=2 ──
Prefer smaller side: false
Neighbor scope limit: false
Size of reduced graphs82 1192
ACO MMAS disabled: species pheromone unbounded [0, +∞) (θ-heuristic not run for ACO)
ACO ablations: elite_pheromone=false tabu=false mmas=false
ACO subspecies 1 best: |U|=5 |V|=7 score=175 found_at_iter=3 found_at_t=0.2251s
ACO global best found at iteration 3 (t=0.2251s, score=175)
  wall=0.6763s  to_best=0.2251s  iters→best=3  edges=33  vs heur=43

── ACO ants=100  run 3/6  seed=3 ──
Prefer smaller side: false
Neighbor scope limit: false
Size of reduced graphs82 1192
ACO MMAS disabled: species pheromone unbounded [0, +∞) (θ-heuristic not run for ACO)
ACO ablations: elite_pheromone=false tabu=false mmas=false
ACO subspecies 1 best: |U|=5 |V|=16 score=400 found_at_iter=3 found_at_t=0.2571s
ACO global best found at iteration 3 (t=0.2571s, score=400)
  wall=0.6620s  to_best=0.2571s  iters→best=3  edges=78  vs heur=43 (beats)

── ACO ants=100  run 4/6  seed=4 ──
Prefer smaller side: false
Neighbor scope limit: false
Size of reduced graphs82 1192
ACO MMAS disabled: species pheromone unbounded [0, +∞) (θ-heuristic not run for ACO)
ACO ablations: elite_pheromone=false tabu=false mmas=false
ACO subspecies 1 best: |U|=5 |V|=32 score=800 found_at_iter=2 found_at_t=0.1422s
ACO global best found at iteration 2 (t=0.1422s, score=800)
  wall=0.6813s  to_best=0.1422s  iters→best=2  edges=158  vs heur=43 (beats)

── ACO ants=100  run 5/6  seed=5 ──
Prefer smaller side: false
Neighbor scope limit: false
Size of reduced graphs82 1192
ACO MMAS disabled: species pheromone unbounded [0, +∞) (θ-heuristic not run for ACO)
ACO ablations: elite_pheromone=false tabu=false mmas=false
ACO subspecies 1 best: |U|=5 |V|=28 score=700 found_at_iter=1 found_at_t=0.0553s
ACO global best found at iteration 1 (t=0.0553s, score=700)
  wall=0.7092s  to_best=0.0553s  iters→best=1  edges=138  vs heur=43 (beats)

── ACO ants=100  run 6/6  seed=6 ──
Prefer smaller side: false
Neighbor scope limit: false
Size of reduced graphs82 1192
ACO MMAS disabled: species pheromone unbounded [0, +∞) (θ-heuristic not run for ACO)
ACO ablations: elite_pheromone=false tabu=false mmas=false
ACO subspecies 1 best: |U|=5 |V|=33 score=825 found_at_iter=4 found_at_t=0.1644s
ACO global best found at iteration 4 (t=0.1644s, score=825)
  wall=0.3194s  to_best=0.1644s  iters→best=4  edges=163  vs heur=43 (beats)

==================== SUMMARY ======================
θ-heuristic edges=43  θ-feasible=true  |U|=5 |V|=9
ants    run   time        iters   edges     >heur   optimal
100     1     0.6190s     2       163       yes     —
100     2     0.6763s     3       33        no      —
100     3     0.6620s     3       78        yes     —
100     4     0.6813s     2       158       yes     —
100     5     0.7092s     1       138       yes     —
100     6     0.3194s     4       163       yes     —
===================================================

Best ACO trial (by edges): ants=100  run=6  edges=163  discovery=3.0481s  ITB=4  TTB=0.1644s  θ-feasible=true
Wrote benchmark results → /home/kiyaanpillai/Documents/aco-mkdb/results/vary_k2t5i_100_/edit-nowikinews_ants.json
Random seed: --seed=1
a = 5099164352

[15/37] konect-small/edit-jamwiki → results/vary_k2t5i_100_/edit-jamwiki_ants.json
Loading graph from: data/konect-small/edit-jamwiki/indexed_interactions.csv
Parameters: k=2 θ=5
Inject: u=5 v=5 k=2 (in-memory; CSV unchanged)
Mode: vary ant-count (range=100, aco_runs=6)
ACO: iterations=5 pheromone=1 evaporation=0.95 subspecies=1
Pivot for quality baseline: no
Save: /home/kiyaanpillai/Documents/aco-mkdb/results/vary_k2t5i_100_/edit-jamwiki_ants.json
Reduction: simple
Graph edges: 17647
Injected biclique: u=5 v=5 k=2 (existing=1 inserted=22 missing=2)
  planted U: [9, 19, 41, 93, 122]
  planted V: [849, 1187, 1405, 1700, 2434]
  reserved missing: [(9, 1405), (93, 1405)]
nU=177, nV=2741, |E|=17669

==================== VARY ant-count ====================
dataset=konect-small/edit-jamwiki  k=2  θ=5  iterations=5
ants-range=100  run_pivot=false  aco_runs=6
base_seed=1
prefer_smaller_side=false  neighbor_scope_limit=false
elite_pheromone=false  aco_tabu=false  mmas=false
reduction=simple (CNN / one-shot; progressive disabled)
DEBUG=true  plant_check=true

Warming up (excluded from timings)…
Prefer smaller side: false
Neighbor scope limit: false
Size of reduced graphs9 9
ACO MMAS disabled: species pheromone unbounded [0, +∞) (θ-heuristic not run for ACO)
ACO ablations: elite_pheromone=false tabu=false mmas=false
ACO subspecies 1 best: |U|=8 |V|=8 score=512 found_at_iter=1 found_at_t=0.0609s
ACO global best found at iteration 1 (t=0.0609s, score=512)

Reducing graph once (CNN)…
DEBUG: planted solution still in graph after reduction: yes dataset=konect-small/edit-jamwiki
  plant U=[9, 19, 41, 93, 122]  V=[849, 1187, 1405, 1700, 2434]

── Graph reduction ──
  wall_time_s                  0.0081s
  allocated_bytes              1.64 MiB  (1718736 bytes)
  reduced_nU                   64
  reduced_nV                   1484
  reduced_edges                8298
  reduced_max_degree           1380
  reduced_avg_degree           10.720930232558139

── Graph structure ──
  nU                           177
  nV                           2741
  edges                        17669
  reduced_nU                   64
  reduced_nV                   1484
  reduced_edges                8298
  reduced_max_degree           1380
  reduced_avg_degree           10.720930232558139
  mutable_graph_bytes          1.29 MiB  (1349160 bytes)
  frozen_after_reduction_bytes 224.59 KiB  (229984 bytes)

θ-heuristic warmup (excluded from timings)…

Running θ-heuristic…

── θ-heuristic ──
  wall_time_s                  0.0011s
  allocated_bytes              635.05 KiB  (650288 bytes)
  rss_delta_bytes              0.0 B  (0 bytes)
  rss_peak_bytes               827.12 MiB  (867303424 bytes)
  solution                     |U|=5 |V|=184 edges=918 missing=2 (k=2)
  final_edges                  918
  optimal_edges                —
  matched_optimal              false

Running θ-heuristic…

── θ-heuristic ──
  wall_time_s                  0.0011s
  allocated_bytes              635.05 KiB  (650288 bytes)
  rss_delta_bytes              0.0 B  (0 bytes)
  rss_peak_bytes               827.12 MiB  (867303424 bytes)
  solution                     |U|=5 |V|=184 edges=918 missing=2 (k=2)
  final_edges                  918
  optimal_edges                —
  matched_optimal              false

── ACO ants=100  run 1/6  seed=1  (JIT warmup; recorded but discarded in emit) ──
Prefer smaller side: false
Neighbor scope limit: false
Size of reduced graphs64 1484
ACO MMAS disabled: species pheromone unbounded [0, +∞) (θ-heuristic not run for ACO)
ACO ablations: elite_pheromone=false tabu=false mmas=false
ACO subspecies 1 best: |U|=6 |V|=267 score=9612 found_at_iter=1 found_at_t=0.3144s
ACO global best found at iteration 1 (t=0.3145s, score=9612)
  wall=4.8296s  to_best=0.3144s  iters→best=1  edges=1600  vs heur=918 (beats)  [warmup]

── ACO ants=100  run 2/6  seed=2 ──
Prefer smaller side: false
Neighbor scope limit: false
Size of reduced graphs64 1484
ACO MMAS disabled: species pheromone unbounded [0, +∞) (θ-heuristic not run for ACO)
ACO ablations: elite_pheromone=false tabu=false mmas=false
ACO subspecies 1 best: |U|=5 |V|=376 score=9400 found_at_iter=1 found_at_t=0.3191s
ACO global best found at iteration 1 (t=0.3191s, score=9400)
  wall=4.6760s  to_best=0.3191s  iters→best=1  edges=1878  vs heur=918 (beats)

── ACO ants=100  run 3/6  seed=3 ──
Prefer smaller side: false
Neighbor scope limit: false
Size of reduced graphs64 1484
ACO MMAS disabled: species pheromone unbounded [0, +∞) (θ-heuristic not run for ACO)
ACO ablations: elite_pheromone=false tabu=false mmas=false
ACO subspecies 1 best: |U|=5 |V|=377 score=9425 found_at_iter=2 found_at_t=0.715s
ACO global best found at iteration 2 (t=0.7151s, score=9425)
  wall=3.4902s  to_best=0.7150s  iters→best=2  edges=1883  vs heur=918 (beats)

── ACO ants=100  run 4/6  seed=4 ──
Prefer smaller side: false
Neighbor scope limit: false
Size of reduced graphs64 1484
ACO MMAS disabled: species pheromone unbounded [0, +∞) (θ-heuristic not run for ACO)
ACO ablations: elite_pheromone=false tabu=false mmas=false
ACO subspecies 1 best: |U|=5 |V|=298 score=7450 found_at_iter=1 found_at_t=0.2296s
ACO global best found at iteration 1 (t=0.2297s, score=7450)
  wall=4.0204s  to_best=0.2296s  iters→best=1  edges=1488  vs heur=918 (beats)

── ACO ants=100  run 5/6  seed=5 ──
Prefer smaller side: false
Neighbor scope limit: false
Size of reduced graphs64 1484
ACO MMAS disabled: species pheromone unbounded [0, +∞) (θ-heuristic not run for ACO)
ACO ablations: elite_pheromone=false tabu=false mmas=false
ACO subspecies 1 best: |U|=5 |V|=377 score=9425 found_at_iter=1 found_at_t=0.2289s
ACO global best found at iteration 1 (t=0.229s, score=9425)
  wall=4.5333s  to_best=0.2289s  iters→best=1  edges=1883  vs heur=918 (beats)

── ACO ants=100  run 6/6  seed=6 ──
Prefer smaller side: false
Neighbor scope limit: false
Size of reduced graphs64 1484
ACO MMAS disabled: species pheromone unbounded [0, +∞) (θ-heuristic not run for ACO)
ACO ablations: elite_pheromone=false tabu=false mmas=false
ACO subspecies 1 best: |U|=5 |V|=271 score=6775 found_at_iter=1 found_at_t=0.1958s
ACO global best found at iteration 1 (t=0.196s, score=6775)
  wall=3.7360s  to_best=0.1958s  iters→best=1  edges=1353  vs heur=918 (beats)

==================== SUMMARY ======================
θ-heuristic edges=918  θ-feasible=true  |U|=5 |V|=184
ants    run   time        iters   edges     >heur   optimal
100     1     4.8296s     1       1600      yes     —
100     2     4.6760s     1       1878      yes     —
100     3     3.4902s     2       1883      yes     —
100     4     4.0204s     1       1488      yes     —
100     5     4.5333s     1       1883      yes     —
100     6     3.7360s     1       1353      yes     —
===================================================

Best ACO trial (by edges): ants=100  run=5  edges=1883  discovery=20.4560s  ITB=1  TTB=0.2289s  θ-feasible=true
Wrote benchmark results → /home/kiyaanpillai/Documents/aco-mkdb/results/vary_k2t5i_100_/edit-jamwiki_ants.json
Random seed: --seed=1
a = 14777498376

[16/37] konect-small/edit-wowiktionary → results/vary_k2t5i_100_/edit-wowiktionary_ants.json
Loading graph from: data/konect-small/edit-wowiktionary/indexed_interactions.csv
Parameters: k=2 θ=5
Inject: u=5 v=5 k=2 (in-memory; CSV unchanged)
Mode: vary ant-count (range=100, aco_runs=6)
ACO: iterations=5 pheromone=1 evaporation=0.95 subspecies=1
Pivot for quality baseline: no
Save: /home/kiyaanpillai/Documents/aco-mkdb/results/vary_k2t5i_100_/edit-wowiktionary_ants.json
Reduction: simple
Graph edges: 17778
Injected biclique: u=5 v=5 k=2 (existing=1 inserted=22 missing=2)
  planted U: [7, 14, 23, 96, 147]
  planted V: [263, 1034, 2523, 2614, 2819]
  reserved missing: [(23, 1034), (96, 2614)]
nU=193, nV=3646, |E|=17800

==================== VARY ant-count ====================
dataset=konect-small/edit-wowiktionary  k=2  θ=5  iterations=5
ants-range=100  run_pivot=false  aco_runs=6
base_seed=1
prefer_smaller_side=false  neighbor_scope_limit=false
elite_pheromone=false  aco_tabu=false  mmas=false
reduction=simple (CNN / one-shot; progressive disabled)
DEBUG=true  plant_check=true

Warming up (excluded from timings)…
Prefer smaller side: false
Neighbor scope limit: false
Size of reduced graphs9 9
ACO MMAS disabled: species pheromone unbounded [0, +∞) (θ-heuristic not run for ACO)
ACO ablations: elite_pheromone=false tabu=false mmas=false
ACO subspecies 1 best: |U|=8 |V|=8 score=512 found_at_iter=1 found_at_t=0.0628s
ACO global best found at iteration 1 (t=0.0628s, score=512)

Reducing graph once (CNN)…
DEBUG: planted solution still in graph after reduction: yes dataset=konect-small/edit-wowiktionary
  plant U=[7, 14, 23, 96, 147]  V=[263, 1034, 2523, 2614, 2819]

── Graph reduction ──
  wall_time_s                  0.0070s
  allocated_bytes              1.49 MiB  (1561568 bytes)
  reduced_nU                   25
  reduced_nV                   1257
  reduced_edges                7175
  reduced_max_degree           1203
  reduced_avg_degree           11.193447737909516

── Graph structure ──
  nU                           193
  nV                           3646
  edges                        17800
  reduced_nU                   25
  reduced_nV                   1257
  reduced_edges                7175
  reduced_max_degree           1203
  reduced_avg_degree           11.193447737909516
  mutable_graph_bytes          1.55 MiB  (1622952 bytes)
  frozen_after_reduction_bytes 167.83 KiB  (171856 bytes)

θ-heuristic warmup (excluded from timings)…

Running θ-heuristic…

── θ-heuristic ──
  wall_time_s                  0.0011s
  allocated_bytes              516.64 KiB  (529040 bytes)
  rss_delta_bytes              0.0 B  (0 bytes)
  rss_peak_bytes               820.35 MiB  (860196864 bytes)
  solution                     |U|=5 |V|=353 edges=1763 missing=2 (k=2)
  final_edges                  1763
  optimal_edges                —
  matched_optimal              false

Running θ-heuristic…

── θ-heuristic ──
  wall_time_s                  0.0011s
  allocated_bytes              516.64 KiB  (529040 bytes)
  rss_delta_bytes              0.0 B  (0 bytes)
  rss_peak_bytes               820.35 MiB  (860196864 bytes)
  solution                     |U|=5 |V|=353 edges=1763 missing=2 (k=2)
  final_edges                  1763
  optimal_edges                —
  matched_optimal              false

── ACO ants=100  run 1/6  seed=1  (JIT warmup; recorded but discarded in emit) ──
Prefer smaller side: false
Neighbor scope limit: false
Size of reduced graphs25 1257
ACO MMAS disabled: species pheromone unbounded [0, +∞) (θ-heuristic not run for ACO)
ACO ablations: elite_pheromone=false tabu=false mmas=false
ACO subspecies 1 best: |U|=5 |V|=353 score=8825 found_at_iter=5 found_at_t=4.0745s
ACO global best found at iteration 5 (t=4.0746s, score=8825)
  wall=4.0853s  to_best=4.0745s  iters→best=5  edges=1763  vs heur=1763  [warmup]

── ACO ants=100  run 2/6  seed=2 ──
Prefer smaller side: false
Neighbor scope limit: false
Size of reduced graphs25 1257
ACO MMAS disabled: species pheromone unbounded [0, +∞) (θ-heuristic not run for ACO)
ACO ablations: elite_pheromone=false tabu=false mmas=false
ACO subspecies 1 best: |U|=5 |V|=353 score=8825 found_at_iter=1 found_at_t=0.2446s
ACO global best found at iteration 1 (t=0.2447s, score=8825)
  wall=3.8667s  to_best=0.2446s  iters→best=1  edges=1763  vs heur=1763

── ACO ants=100  run 3/6  seed=3 ──
Prefer smaller side: false
Neighbor scope limit: false
Size of reduced graphs25 1257
ACO MMAS disabled: species pheromone unbounded [0, +∞) (θ-heuristic not run for ACO)
ACO ablations: elite_pheromone=false tabu=false mmas=false
ACO subspecies 1 best: |U|=5 |V|=353 score=8825 found_at_iter=1 found_at_t=0.1812s
ACO global best found at iteration 1 (t=0.1812s, score=8825)
  wall=3.4776s  to_best=0.1812s  iters→best=1  edges=1763  vs heur=1763

── ACO ants=100  run 4/6  seed=4 ──
Prefer smaller side: false
Neighbor scope limit: false
Size of reduced graphs25 1257
ACO MMAS disabled: species pheromone unbounded [0, +∞) (θ-heuristic not run for ACO)
ACO ablations: elite_pheromone=false tabu=false mmas=false
ACO subspecies 1 best: |U|=5 |V|=353 score=8825 found_at_iter=1 found_at_t=0.3875s
ACO global best found at iteration 1 (t=0.3875s, score=8825)
  wall=4.5095s  to_best=0.3875s  iters→best=1  edges=1763  vs heur=1763

── ACO ants=100  run 5/6  seed=5 ──
Prefer smaller side: false
Neighbor scope limit: false
Size of reduced graphs25 1257
ACO MMAS disabled: species pheromone unbounded [0, +∞) (θ-heuristic not run for ACO)
ACO ablations: elite_pheromone=false tabu=false mmas=false
ACO subspecies 1 best: |U|=5 |V|=353 score=8825 found_at_iter=1 found_at_t=0.2931s
ACO global best found at iteration 1 (t=0.2931s, score=8825)
  wall=4.2932s  to_best=0.2931s  iters→best=1  edges=1763  vs heur=1763

── ACO ants=100  run 6/6  seed=6 ──
Prefer smaller side: false
Neighbor scope limit: false
Size of reduced graphs25 1257
ACO MMAS disabled: species pheromone unbounded [0, +∞) (θ-heuristic not run for ACO)
ACO ablations: elite_pheromone=false tabu=false mmas=false
ACO subspecies 1 best: |U|=5 |V|=353 score=8825 found_at_iter=1 found_at_t=0.2385s
ACO global best found at iteration 1 (t=0.2386s, score=8825)
  wall=3.8100s  to_best=0.2385s  iters→best=1  edges=1763  vs heur=1763

==================== SUMMARY ======================
θ-heuristic edges=1763  θ-feasible=true  |U|=5 |V|=353
ants    run   time        iters   edges     >heur   optimal
100     1     4.0853s     5       1763      no      —
100     2     3.8667s     1       1763      no      —
100     3     3.4776s     1       1763      no      —
100     4     4.5095s     1       1763      no      —
100     5     4.2932s     1       1763      no      —
100     6     3.8100s     1       1763      no      —
===================================================

Best ACO trial (by edges): ants=100  run=3  edges=1763  discovery=19.9569s  ITB=1  TTB=0.1812s  θ-feasible=true
Wrote benchmark results → /home/kiyaanpillai/Documents/aco-mkdb/results/vary_k2t5i_100_/edit-wowiktionary_ants.json
Random seed: --seed=1
a = 13720293384

[17/37] konect-small/edit-rowikibooks → results/vary_k2t5i_100_/edit-rowikibooks_ants.json
Loading graph from: data/konect-small/edit-rowikibooks/indexed_interactions.csv
Parameters: k=2 θ=5
Inject: u=5 v=5 k=2 (in-memory; CSV unchanged)
Mode: vary ant-count (range=100, aco_runs=6)
ACO: iterations=5 pheromone=1 evaporation=0.95 subspecies=1
Pivot for quality baseline: no
Save: /home/kiyaanpillai/Documents/aco-mkdb/results/vary_k2t5i_100_/edit-rowikibooks_ants.json
Reduction: simple
Graph edges: 18527
Injected biclique: u=5 v=5 k=2 (existing=1 inserted=22 missing=2)
  planted U: [149, 180, 185, 388, 437]
  planted V: [324, 508, 694, 1493, 2810]
  reserved missing: [(185, 324), (388, 508)]
nU=443, nV=4221, |E|=18549

==================== VARY ant-count ====================
dataset=konect-small/edit-rowikibooks  k=2  θ=5  iterations=5
ants-range=100  run_pivot=false  aco_runs=6
base_seed=1
prefer_smaller_side=false  neighbor_scope_limit=false
elite_pheromone=false  aco_tabu=false  mmas=false
reduction=simple (CNN / one-shot; progressive disabled)
DEBUG=true  plant_check=true

Warming up (excluded from timings)…
Prefer smaller side: false
Neighbor scope limit: false
Size of reduced graphs9 9
ACO MMAS disabled: species pheromone unbounded [0, +∞) (θ-heuristic not run for ACO)
ACO ablations: elite_pheromone=false tabu=false mmas=false
ACO subspecies 1 best: |U|=8 |V|=8 score=512 found_at_iter=1 found_at_t=0.0622s
ACO global best found at iteration 1 (t=0.0622s, score=512)

Reducing graph once (CNN)…
DEBUG: planted solution still in graph after reduction: yes dataset=konect-small/edit-rowikibooks
  plant U=[149, 180, 185, 388, 437]  V=[324, 508, 694, 1493, 2810]

── Graph reduction ──
  wall_time_s                  0.0013s
  allocated_bytes              996.13 KiB  (1020040 bytes)
  reduced_nU                   69
  reduced_nV                   425
  reduced_edges                1515
  reduced_max_degree           331
  reduced_avg_degree           6.133603238866397

── Graph structure ──
  nU                           443
  nV                           4221
  edges                        18549
  reduced_nU                   69
  reduced_nV                   425
  reduced_edges                1515
  reduced_max_degree           331
  reduced_avg_degree           6.133603238866397
  mutable_graph_bytes          1.59 MiB  (1665672 bytes)
  frozen_after_reduction_bytes 51.14 KiB  (52368 bytes)

θ-heuristic warmup (excluded from timings)…

Running θ-heuristic…

── θ-heuristic ──
  wall_time_s                  0.0002s
  allocated_bytes              140.35 KiB  (143720 bytes)
  rss_delta_bytes              0.0 B  (0 bytes)
  rss_peak_bytes               849.65 MiB  (890920960 bytes)
  solution                     |U|=5 |V|=5 edges=23 missing=2 (k=2)
  final_edges                  23
  optimal_edges                —
  matched_optimal              false

Running θ-heuristic…

── θ-heuristic ──
  wall_time_s                  0.0002s
  allocated_bytes              140.35 KiB  (143720 bytes)
  rss_delta_bytes              0.0 B  (0 bytes)
  rss_peak_bytes               849.65 MiB  (890920960 bytes)
  solution                     |U|=5 |V|=5 edges=23 missing=2 (k=2)
  final_edges                  23
  optimal_edges                —
  matched_optimal              false

── ACO ants=100  run 1/6  seed=1  (JIT warmup; recorded but discarded in emit) ──
Prefer smaller side: false
Neighbor scope limit: false
Size of reduced graphs69 425
ACO MMAS disabled: species pheromone unbounded [0, +∞) (θ-heuristic not run for ACO)
ACO ablations: elite_pheromone=false tabu=false mmas=false
ACO subspecies 1 best: |U|=4 |V|=5 score=16 found_at_iter=2 found_at_t=0.1463s
ACO global best found at iteration 2 (t=0.1463s, score=16)
  wall=0.4626s  to_best=0.1463s  iters→best=2  edges=18  vs heur=23  [warmup]

── ACO ants=100  run 2/6  seed=2 ──
Prefer smaller side: false
Neighbor scope limit: false
Size of reduced graphs69 425
ACO MMAS disabled: species pheromone unbounded [0, +∞) (θ-heuristic not run for ACO)
ACO ablations: elite_pheromone=false tabu=false mmas=false
ACO subspecies 1 best: |U|=4 |V|=9 score=16 found_at_iter=1 found_at_t=0.0163s
ACO global best found at iteration 1 (t=0.0163s, score=16)
  wall=0.2836s  to_best=0.0163s  iters→best=1  edges=34  vs heur=23

── ACO ants=100  run 3/6  seed=3 ──
Prefer smaller side: false
Neighbor scope limit: false
Size of reduced graphs69 425
ACO MMAS disabled: species pheromone unbounded [0, +∞) (θ-heuristic not run for ACO)
ACO ablations: elite_pheromone=false tabu=false mmas=false
ACO subspecies 1 best: |U|=4 |V|=4 score=16 found_at_iter=1 found_at_t=0.0203s
ACO global best found at iteration 1 (t=0.0203s, score=16)
  wall=0.4637s  to_best=0.0203s  iters→best=1  edges=14  vs heur=23

── ACO ants=100  run 4/6  seed=4 ──
Prefer smaller side: false
Neighbor scope limit: false
Size of reduced graphs69 425
ACO MMAS disabled: species pheromone unbounded [0, +∞) (θ-heuristic not run for ACO)
ACO ablations: elite_pheromone=false tabu=false mmas=false
ACO subspecies 1 best: |U|=4 |V|=9 score=16 found_at_iter=1 found_at_t=0.031s
ACO global best found at iteration 1 (t=0.031s, score=16)
  wall=0.5200s  to_best=0.0310s  iters→best=1  edges=34  vs heur=23

── ACO ants=100  run 5/6  seed=5 ──
Prefer smaller side: false
Neighbor scope limit: false
Size of reduced graphs69 425
ACO MMAS disabled: species pheromone unbounded [0, +∞) (θ-heuristic not run for ACO)
ACO ablations: elite_pheromone=false tabu=false mmas=false
ACO subspecies 1 best: |U|=4 |V|=9 score=16 found_at_iter=1 found_at_t=0.0138s
ACO global best found at iteration 1 (t=0.0138s, score=16)
  wall=0.1959s  to_best=0.0138s  iters→best=1  edges=34  vs heur=23

── ACO ants=100  run 6/6  seed=6 ──
Prefer smaller side: false
Neighbor scope limit: false
Size of reduced graphs69 425
ACO MMAS disabled: species pheromone unbounded [0, +∞) (θ-heuristic not run for ACO)
ACO ablations: elite_pheromone=false tabu=false mmas=false
ACO subspecies 1 best: |U|=4 |V|=9 score=16 found_at_iter=1 found_at_t=0.0189s
ACO global best found at iteration 1 (t=0.0189s, score=16)
  wall=0.3545s  to_best=0.0189s  iters→best=1  edges=34  vs heur=23

==================== SUMMARY ======================
θ-heuristic edges=23  θ-feasible=true  |U|=5 |V|=5
ants    run   time        iters   edges     >heur   optimal
100     1     0.4626s     2       18        no      —
100     2     0.2836s     1       34        no      —
100     3     0.4637s     1       14        no      —
100     4     0.5200s     1       34        no      —
100     5     0.1959s     1       34        no      —
100     6     0.3545s     1       34        no      —
===================================================

Best ACO trial (by edges): ants=100  run=5  edges=34  discovery=1.8178s  ITB=1  TTB=0.0138s  θ-feasible=false
Wrote benchmark results → /home/kiyaanpillai/Documents/aco-mkdb/results/vary_k2t5i_100_/edit-rowikibooks_ants.json
Random seed: --seed=1
a = 4160484984

[18/37] konect-small/moreno_blogs → results/vary_k2t5i_100_/moreno_blogs_ants.json
Loading graph from: data/konect-small/moreno_blogs/indexed_interactions.csv
Parameters: k=2 θ=5
Inject: u=5 v=5 k=2 (in-memory; CSV unchanged)
Mode: vary ant-count (range=100, aco_runs=6)
ACO: iterations=5 pheromone=1 evaporation=0.95 subspecies=1
Pivot for quality baseline: no
Save: /home/kiyaanpillai/Documents/aco-mkdb/results/vary_k2t5i_100_/moreno_blogs_ants.json
Reduction: simple
Graph edges: 19025
Injected biclique: u=5 v=5 k=2 (existing=0 inserted=23 missing=2)
  planted U: [273, 332, 628, 753, 784]
  planted V: [492, 534, 707, 753, 793]
  reserved missing: [(332, 492), (628, 753)]
nU=1065, nV=990, |E|=19048

==================== VARY ant-count ====================
dataset=konect-small/moreno_blogs  k=2  θ=5  iterations=5
ants-range=100  run_pivot=false  aco_runs=6
base_seed=1
prefer_smaller_side=false  neighbor_scope_limit=false
elite_pheromone=false  aco_tabu=false  mmas=false
reduction=simple (CNN / one-shot; progressive disabled)
DEBUG=true  plant_check=true

Warming up (excluded from timings)…
Prefer smaller side: false
Neighbor scope limit: false
Size of reduced graphs9 9
ACO MMAS disabled: species pheromone unbounded [0, +∞) (θ-heuristic not run for ACO)
ACO ablations: elite_pheromone=false tabu=false mmas=false
ACO subspecies 1 best: |U|=8 |V|=8 score=512 found_at_iter=1 found_at_t=0.0631s
ACO global best found at iteration 1 (t=0.0631s, score=512)

Reducing graph once (CNN)…
DEBUG: planted solution still in graph after reduction: yes dataset=konect-small/moreno_blogs
  plant U=[273, 332, 628, 753, 784]  V=[492, 534, 707, 753, 793]

── Graph reduction ──
  wall_time_s                  0.0069s
  allocated_bytes              2.24 MiB  (2347152 bytes)
  reduced_nU                   809
  reduced_nV                   625
  reduced_edges                18044
  reduced_max_degree           323
  reduced_avg_degree           25.165969316596932

── Graph structure ──
  nU                           1065
  nV                           990
  edges                        19048
  reduced_nU                   809
  reduced_nV                   625
  reduced_edges                18044
  reduced_max_degree           323
  reduced_avg_degree           25.165969316596932
  mutable_graph_bytes          1.5 MiB  (1575928 bytes)
  frozen_after_reduction_bytes 406.97 KiB  (416736 bytes)

θ-heuristic warmup (excluded from timings)…

Running θ-heuristic…

── θ-heuristic ──
  wall_time_s                  0.0011s
  allocated_bytes              872.38 KiB  (893312 bytes)
  rss_delta_bytes              0.0 B  (0 bytes)
  rss_peak_bytes               817.88 MiB  (857612288 bytes)
  solution                     |U|=5 |V|=3 edges=13 missing=2 (k=2)
  final_edges                  13
  optimal_edges                —
  matched_optimal              false

Running θ-heuristic…

── θ-heuristic ──
  wall_time_s                  0.0011s
  allocated_bytes              872.38 KiB  (893312 bytes)
  rss_delta_bytes              0.0 B  (0 bytes)
  rss_peak_bytes               817.88 MiB  (857612288 bytes)
  solution                     |U|=5 |V|=3 edges=13 missing=2 (k=2)
  final_edges                  13
  optimal_edges                —
  matched_optimal              false

── ACO ants=100  run 1/6  seed=1  (JIT warmup; recorded but discarded in emit) ──
Prefer smaller side: false
Neighbor scope limit: false
Size of reduced graphs809 625
ACO MMAS disabled: species pheromone unbounded [0, +∞) (θ-heuristic not run for ACO)
ACO ablations: elite_pheromone=false tabu=false mmas=false
ACO subspecies 1 best: |U|=57 |V|=5 score=1425 found_at_iter=5 found_at_t=0.2533s
ACO global best found at iteration 5 (t=0.2534s, score=1425)
  wall=0.2569s  to_best=0.2533s  iters→best=5  edges=283  vs heur=13 (beats)  [warmup]

── ACO ants=100  run 2/6  seed=2 ──
Prefer smaller side: false
Neighbor scope limit: false
Size of reduced graphs809 625
ACO MMAS disabled: species pheromone unbounded [0, +∞) (θ-heuristic not run for ACO)
ACO ablations: elite_pheromone=false tabu=false mmas=false
ACO subspecies 1 best: |U|=70 |V|=5 score=1750 found_at_iter=5 found_at_t=0.15s
ACO global best found at iteration 5 (t=0.15s, score=1750)
  wall=0.1529s  to_best=0.1500s  iters→best=5  edges=348  vs heur=13 (beats)

── ACO ants=100  run 3/6  seed=3 ──
Prefer smaller side: false
Neighbor scope limit: false
Size of reduced graphs809 625
ACO MMAS disabled: species pheromone unbounded [0, +∞) (θ-heuristic not run for ACO)
ACO ablations: elite_pheromone=false tabu=false mmas=false
ACO subspecies 1 best: |U|=74 |V|=5 score=1850 found_at_iter=5 found_at_t=0.2633s
ACO global best found at iteration 5 (t=0.2633s, score=1850)
  wall=0.2710s  to_best=0.2633s  iters→best=5  edges=368  vs heur=13 (beats)

── ACO ants=100  run 4/6  seed=4 ──
Prefer smaller side: false
Neighbor scope limit: false
Size of reduced graphs809 625
ACO MMAS disabled: species pheromone unbounded [0, +∞) (θ-heuristic not run for ACO)
ACO ablations: elite_pheromone=false tabu=false mmas=false
ACO subspecies 1 best: |U|=64 |V|=5 score=1600 found_at_iter=4 found_at_t=0.117s
ACO global best found at iteration 4 (t=0.117s, score=1600)
  wall=0.1546s  to_best=0.1170s  iters→best=4  edges=318  vs heur=13 (beats)

── ACO ants=100  run 5/6  seed=5 ──
Prefer smaller side: false
Neighbor scope limit: false
Size of reduced graphs809 625
ACO MMAS disabled: species pheromone unbounded [0, +∞) (θ-heuristic not run for ACO)
ACO ablations: elite_pheromone=false tabu=false mmas=false
ACO subspecies 1 best: |U|=36 |V|=8 score=2304 found_at_iter=5 found_at_t=0.1908s
ACO global best found at iteration 5 (t=0.1908s, score=2304)
  wall=0.1935s  to_best=0.1908s  iters→best=5  edges=286  vs heur=13 (beats)

── ACO ants=100  run 6/6  seed=6 ──
Prefer smaller side: false
Neighbor scope limit: false
Size of reduced graphs809 625
ACO MMAS disabled: species pheromone unbounded [0, +∞) (θ-heuristic not run for ACO)
ACO ablations: elite_pheromone=false tabu=false mmas=false
ACO subspecies 1 best: |U|=53 |V|=6 score=1908 found_at_iter=5 found_at_t=0.1857s
ACO global best found at iteration 5 (t=0.1857s, score=1908)
  wall=0.1882s  to_best=0.1857s  iters→best=5  edges=316  vs heur=13 (beats)

==================== SUMMARY ======================
θ-heuristic edges=13  θ-feasible=false  |U|=5 |V|=3
ants    run   time        iters   edges     >heur   optimal
100     1     0.2569s     5       283       yes     —
100     2     0.1529s     5       348       yes     —
100     3     0.2710s     5       368       yes     —
100     4     0.1546s     4       318       yes     —
100     5     0.1935s     5       286       yes     —
100     6     0.1882s     5       316       yes     —
===================================================

Best ACO trial (by edges): ants=100  run=3  edges=368  discovery=0.9600s  ITB=5  TTB=0.2633s  θ-feasible=true
Wrote benchmark results → /home/kiyaanpillai/Documents/aco-mkdb/results/vary_k2t5i_100_/moreno_blogs_ants.json
Random seed: --seed=1
a = 3931394392

[19/37] konect/bitcoin → results/vary_k2t5i_100_/bitcoin_ants.json
Loading graph from: data/konect/bitcoin/indexed_interactions.csv
Parameters: k=2 θ=5
Inject: u=5 v=5 k=2 (in-memory; CSV unchanged)
Mode: vary ant-count (range=100, aco_runs=6)
ACO: iterations=5 pheromone=1 evaporation=0.95 subspecies=1
Pivot for quality baseline: no
Save: /home/kiyaanpillai/Documents/aco-mkdb/results/vary_k2t5i_100_/bitcoin_ants.json
Reduction: simple
Graph edges: 24186
Injected biclique: u=5 v=5 k=2 (existing=0 inserted=23 missing=2)
  planted U: [94, 1185, 1394, 2517, 2858]
  planted V: [169, 182, 1704, 2453, 2652]
  reserved missing: [(2517, 1704), (2517, 2453)]
nU=3286, nV=3754, |E|=24209

==================== VARY ant-count ====================
dataset=konect/bitcoin  k=2  θ=5  iterations=5
ants-range=100  run_pivot=false  aco_runs=6
base_seed=1
prefer_smaller_side=false  neighbor_scope_limit=false
elite_pheromone=false  aco_tabu=false  mmas=false
reduction=simple (CNN / one-shot; progressive disabled)
DEBUG=true  plant_check=true

Warming up (excluded from timings)…
Prefer smaller side: false
Neighbor scope limit: false
Size of reduced graphs9 9
ACO MMAS disabled: species pheromone unbounded [0, +∞) (θ-heuristic not run for ACO)
ACO ablations: elite_pheromone=false tabu=false mmas=false
ACO subspecies 1 best: |U|=8 |V|=8 score=512 found_at_iter=1 found_at_t=0.0763s
ACO global best found at iteration 1 (t=0.0764s, score=512)

Reducing graph once (CNN)…
DEBUG: planted solution still in graph after reduction: yes dataset=konect/bitcoin
  plant U=[94, 1185, 1394, 2517, 2858]  V=[169, 182, 1704, 2453, 2652]

── Graph reduction ──
  wall_time_s                  0.0078s
  allocated_bytes              2.87 MiB  (3011536 bytes)
  reduced_nU                   1003
  reduced_nV                   1105
  reduced_edges                15395
  reduced_max_degree           205
  reduced_avg_degree           14.606261859582542

── Graph structure ──
  nU                           3286
  nV                           3754
  edges                        24209
  reduced_nU                   1003
  reduced_nV                   1105
  reduced_edges                15395
  reduced_max_degree           205
  reduced_avg_degree           14.606261859582542
  mutable_graph_bytes          3.1 MiB  (3254328 bytes)
  frozen_after_reduction_bytes 342.11 KiB  (350320 bytes)

θ-heuristic warmup (excluded from timings)…

Running θ-heuristic…

── θ-heuristic ──
  wall_time_s                  0.0015s
  allocated_bytes              725.77 KiB  (743184 bytes)
  rss_delta_bytes              0.0 B  (0 bytes)
  rss_peak_bytes               823.31 MiB  (863305728 bytes)
  solution                     |U|=5 |V|=8 edges=38 missing=2 (k=2)
  final_edges                  38
  optimal_edges                —
  matched_optimal              false

Running θ-heuristic…

── θ-heuristic ──
  wall_time_s                  0.0013s
  allocated_bytes              725.77 KiB  (743184 bytes)
  rss_delta_bytes              0.0 B  (0 bytes)
  rss_peak_bytes               823.31 MiB  (863305728 bytes)
  solution                     |U|=5 |V|=8 edges=38 missing=2 (k=2)
  final_edges                  38
  optimal_edges                —
  matched_optimal              false

── ACO ants=100  run 1/6  seed=1  (JIT warmup; recorded but discarded in emit) ──
Prefer smaller side: false
Neighbor scope limit: false
Size of reduced graphs1003 1105
ACO MMAS disabled: species pheromone unbounded [0, +∞) (θ-heuristic not run for ACO)
ACO ablations: elite_pheromone=false tabu=false mmas=false
ACO subspecies 1 best: |U|=5 |V|=10 score=250 found_at_iter=2 found_at_t=0.1938s
ACO global best found at iteration 2 (t=0.1938s, score=250)
  wall=0.3849s  to_best=0.1938s  iters→best=2  edges=48  vs heur=38 (beats)  [warmup]

── ACO ants=100  run 2/6  seed=2 ──
Prefer smaller side: false
Neighbor scope limit: false
Size of reduced graphs1003 1105
ACO MMAS disabled: species pheromone unbounded [0, +∞) (θ-heuristic not run for ACO)
ACO ablations: elite_pheromone=false tabu=false mmas=false
ACO subspecies 1 best: |U|=7 |V|=8 score=392 found_at_iter=4 found_at_t=0.1972s
ACO global best found at iteration 4 (t=0.1972s, score=392)
  wall=0.2328s  to_best=0.1972s  iters→best=4  edges=54  vs heur=38 (beats)

── ACO ants=100  run 3/6  seed=3 ──
Prefer smaller side: false
Neighbor scope limit: false
Size of reduced graphs1003 1105
ACO MMAS disabled: species pheromone unbounded [0, +∞) (θ-heuristic not run for ACO)
ACO ablations: elite_pheromone=false tabu=false mmas=false
ACO subspecies 1 best: |U|=9 |V|=5 score=225 found_at_iter=3 found_at_t=0.2471s
ACO global best found at iteration 3 (t=0.2471s, score=225)
  wall=0.4216s  to_best=0.2471s  iters→best=3  edges=43  vs heur=38 (beats)

── ACO ants=100  run 4/6  seed=4 ──
Prefer smaller side: false
Neighbor scope limit: false
Size of reduced graphs1003 1105
ACO MMAS disabled: species pheromone unbounded [0, +∞) (θ-heuristic not run for ACO)
ACO ablations: elite_pheromone=false tabu=false mmas=false
ACO subspecies 1 best: |U|=5 |V|=10 score=250 found_at_iter=2 found_at_t=0.1524s
ACO global best found at iteration 2 (t=0.1524s, score=250)
  wall=0.2979s  to_best=0.1524s  iters→best=2  edges=48  vs heur=38 (beats)

── ACO ants=100  run 5/6  seed=5 ──
Prefer smaller side: false
Neighbor scope limit: false
Size of reduced graphs1003 1105
ACO MMAS disabled: species pheromone unbounded [0, +∞) (θ-heuristic not run for ACO)
ACO ablations: elite_pheromone=false tabu=false mmas=false
ACO subspecies 1 best: |U|=5 |V|=11 score=275 found_at_iter=4 found_at_t=0.2314s
ACO global best found at iteration 4 (t=0.2314s, score=275)
  wall=0.2873s  to_best=0.2314s  iters→best=4  edges=53  vs heur=38 (beats)

── ACO ants=100  run 6/6  seed=6 ──
Prefer smaller side: false
Neighbor scope limit: false
Size of reduced graphs1003 1105
ACO MMAS disabled: species pheromone unbounded [0, +∞) (θ-heuristic not run for ACO)
ACO ablations: elite_pheromone=false tabu=false mmas=false
ACO subspecies 1 best: |U|=10 |V|=5 score=250 found_at_iter=5 found_at_t=0.331s
ACO global best found at iteration 5 (t=0.331s, score=250)
  wall=0.3379s  to_best=0.3310s  iters→best=5  edges=48  vs heur=38 (beats)

==================== SUMMARY ======================
θ-heuristic edges=38  θ-feasible=true  |U|=5 |V|=8
ants    run   time        iters   edges     >heur   optimal
100     1     0.3849s     2       48        yes     —
100     2     0.2328s     4       54        yes     —
100     3     0.4216s     3       43        yes     —
100     4     0.2979s     2       48        yes     —
100     5     0.2873s     4       53        yes     —
100     6     0.3379s     5       48        yes     —
===================================================

Best ACO trial (by edges): ants=100  run=2  edges=54  discovery=1.5776s  ITB=4  TTB=0.1972s  θ-feasible=true
Wrote benchmark results → /home/kiyaanpillai/Documents/aco-mkdb/results/vary_k2t5i_100_/bitcoin_ants.json
Random seed: --seed=1
a = 4594307648

[20/37] konect/pgp-arenas → results/vary_k2t5i_100_/pgp-arenas_ants.json
Loading graph from: data/konect/pgp-arenas/indexed_interactions.csv
Parameters: k=2 θ=5
Inject: u=5 v=5 k=2 (in-memory; CSV unchanged)
Mode: vary ant-count (range=100, aco_runs=6)
ACO: iterations=5 pheromone=1 evaporation=0.95 subspecies=1
Pivot for quality baseline: no
Save: /home/kiyaanpillai/Documents/aco-mkdb/results/vary_k2t5i_100_/pgp-arenas_ants.json
Reduction: simple
Graph edges: 24316
Injected biclique: u=5 v=5 k=2 (existing=0 inserted=23 missing=2)
  planted U: [313, 963, 1593, 3454, 5141]
  planted V: [114, 4346, 6695, 8682, 9644]
  reserved missing: [(963, 8682), (3454, 9644)]
nU=5596, nV=9657, |E|=24339

==================== VARY ant-count ====================
dataset=konect/pgp-arenas  k=2  θ=5  iterations=5
ants-range=100  run_pivot=false  aco_runs=6
base_seed=1
prefer_smaller_side=false  neighbor_scope_limit=false
elite_pheromone=false  aco_tabu=false  mmas=false
reduction=simple (CNN / one-shot; progressive disabled)
DEBUG=true  plant_check=true

Warming up (excluded from timings)…
Prefer smaller side: false
Neighbor scope limit: false
Size of reduced graphs9 9
ACO MMAS disabled: species pheromone unbounded [0, +∞) (θ-heuristic not run for ACO)
ACO ablations: elite_pheromone=false tabu=false mmas=false
ACO subspecies 1 best: |U|=8 |V|=8 score=512 found_at_iter=1 found_at_t=0.0618s
ACO global best found at iteration 1 (t=0.0618s, score=512)

Reducing graph once (CNN)…
DEBUG: planted solution still in graph after reduction: yes dataset=konect/pgp-arenas
  plant U=[313, 963, 1593, 3454, 5141]  V=[114, 4346, 6695, 8682, 9644]

── Graph reduction ──
  wall_time_s                  0.0043s
  allocated_bytes              3.52 MiB  (3694400 bytes)
  reduced_nU                   936
  reduced_nV                   1247
  reduced_edges                9791
  reduced_max_degree           169
  reduced_avg_degree           8.970224461749886

── Graph structure ──
  nU                           5596
  nV                           9657
  edges                        24339
  reduced_nU                   936
  reduced_nV                   1247
  reduced_edges                9791
  reduced_max_degree           169
  reduced_avg_degree           8.970224461749886
  mutable_graph_bytes          4.68 MiB  (4903688 bytes)
  frozen_after_reduction_bytes 255.72 KiB  (261856 bytes)

θ-heuristic warmup (excluded from timings)…

Running θ-heuristic…

── θ-heuristic ──
  wall_time_s                  0.0010s
  allocated_bytes              533.39 KiB  (546192 bytes)
  rss_delta_bytes              0.0 B  (0 bytes)
  rss_peak_bytes               847.33 MiB  (888487936 bytes)
  solution                     |U|=5 |V|=27 edges=133 missing=2 (k=2)
  final_edges                  133
  optimal_edges                —
  matched_optimal              false

Running θ-heuristic…

── θ-heuristic ──
  wall_time_s                  0.0010s
  allocated_bytes              533.39 KiB  (546192 bytes)
  rss_delta_bytes              0.0 B  (0 bytes)
  rss_peak_bytes               847.33 MiB  (888487936 bytes)
  solution                     |U|=5 |V|=27 edges=133 missing=2 (k=2)
  final_edges                  133
  optimal_edges                —
  matched_optimal              false

── ACO ants=100  run 1/6  seed=1  (JIT warmup; recorded but discarded in emit) ──
Prefer smaller side: false
Neighbor scope limit: false
Size of reduced graphs936 1247
ACO MMAS disabled: species pheromone unbounded [0, +∞) (θ-heuristic not run for ACO)
ACO ablations: elite_pheromone=false tabu=false mmas=false
ACO subspecies 1 best: |U|=4 |V|=31 score=16 found_at_iter=1 found_at_t=0.2145s
ACO global best found at iteration 1 (t=0.2145s, score=16)
  wall=1.2914s  to_best=0.2145s  iters→best=1  edges=122  vs heur=133  [warmup]

── ACO ants=100  run 2/6  seed=2 ──
Prefer smaller side: false
Neighbor scope limit: false
Size of reduced graphs936 1247
ACO MMAS disabled: species pheromone unbounded [0, +∞) (θ-heuristic not run for ACO)
ACO ablations: elite_pheromone=false tabu=false mmas=false
ACO subspecies 1 best: |U|=6 |V|=15 score=540 found_at_iter=3 found_at_t=0.83s
ACO global best found at iteration 3 (t=0.83s, score=540)
  wall=2.2014s  to_best=0.8300s  iters→best=3  edges=88  vs heur=133

── ACO ants=100  run 3/6  seed=3 ──
Prefer smaller side: false
Neighbor scope limit: false
Size of reduced graphs936 1247
ACO MMAS disabled: species pheromone unbounded [0, +∞) (θ-heuristic not run for ACO)
ACO ablations: elite_pheromone=false tabu=false mmas=false
ACO subspecies 1 best: |U|=5 |V|=13 score=325 found_at_iter=4 found_at_t=1.6044s
ACO global best found at iteration 4 (t=1.6044s, score=325)
  wall=2.4017s  to_best=1.6044s  iters→best=4  edges=63  vs heur=133

── ACO ants=100  run 4/6  seed=4 ──
Prefer smaller side: false
Neighbor scope limit: false
Size of reduced graphs936 1247
ACO MMAS disabled: species pheromone unbounded [0, +∞) (θ-heuristic not run for ACO)
ACO ablations: elite_pheromone=false tabu=false mmas=false
ACO subspecies 1 best: |U|=6 |V|=19 score=684 found_at_iter=4 found_at_t=1.1468s
ACO global best found at iteration 4 (t=1.1468s, score=684)
  wall=1.9401s  to_best=1.1468s  iters→best=4  edges=112  vs heur=133

── ACO ants=100  run 5/6  seed=5 ──
Prefer smaller side: false
Neighbor scope limit: false
Size of reduced graphs936 1247
ACO MMAS disabled: species pheromone unbounded [0, +∞) (θ-heuristic not run for ACO)
ACO ablations: elite_pheromone=false tabu=false mmas=false
ACO subspecies 1 best: |U|=17 |V|=6 score=612 found_at_iter=5 found_at_t=1.7864s
ACO global best found at iteration 5 (t=1.7864s, score=612)
  wall=1.7938s  to_best=1.7864s  iters→best=5  edges=100  vs heur=133

── ACO ants=100  run 6/6  seed=6 ──
Prefer smaller side: false
Neighbor scope limit: false
Size of reduced graphs936 1247
ACO MMAS disabled: species pheromone unbounded [0, +∞) (θ-heuristic not run for ACO)
ACO ablations: elite_pheromone=false tabu=false mmas=false
ACO subspecies 1 best: |U|=11 |V|=15 score=1815 found_at_iter=5 found_at_t=2.2196s
ACO global best found at iteration 5 (t=2.2196s, score=1815)
  wall=2.2281s  to_best=2.2196s  iters→best=5  edges=163  vs heur=133 (beats)

==================== SUMMARY ======================
θ-heuristic edges=133  θ-feasible=true  |U|=5 |V|=27
ants    run   time        iters   edges     >heur   optimal
100     1     1.2914s     1       122       no      —
100     2     2.2014s     3       88        no      —
100     3     2.4017s     4       63        no      —
100     4     1.9401s     4       112       no      —
100     5     1.7938s     5       100       no      —
100     6     2.2281s     5       163       yes     —
===================================================

Best ACO trial (by edges): ants=100  run=6  edges=163  discovery=10.5650s  ITB=5  TTB=2.2196s  θ-feasible=true
Wrote benchmark results → /home/kiyaanpillai/Documents/aco-mkdb/results/vary_k2t5i_100_/pgp-arenas_ants.json
Random seed: --seed=1
a = 9591285736

[21/37] konect-small/p2p-Gnutella09 → results/vary_k2t5i_100_/p2p-Gnutella09_ants.json
Loading graph from: data/konect-small/p2p-Gnutella09/indexed_interactions.csv
Parameters: k=2 θ=5
Inject: u=5 v=5 k=2 (in-memory; CSV unchanged)
Mode: vary ant-count (range=100, aco_runs=6)
ACO: iterations=5 pheromone=1 evaporation=0.95 subspecies=1
Pivot for quality baseline: no
Save: /home/kiyaanpillai/Documents/aco-mkdb/results/vary_k2t5i_100_/p2p-Gnutella09_ants.json
Reduction: simple
Graph edges: 26013
Injected biclique: u=5 v=5 k=2 (existing=0 inserted=23 missing=2)
  planted U: [437, 1469, 2291, 2506, 2954]
  planted V: [902, 1050, 1345, 3067, 3910]
  reserved missing: [(437, 1050), (1469, 1050)]
nU=3055, nV=8038, |E|=26036

==================== VARY ant-count ====================
dataset=konect-small/p2p-Gnutella09  k=2  θ=5  iterations=5
ants-range=100  run_pivot=false  aco_runs=6
base_seed=1
prefer_smaller_side=false  neighbor_scope_limit=false
elite_pheromone=false  aco_tabu=false  mmas=false
reduction=simple (CNN / one-shot; progressive disabled)
DEBUG=true  plant_check=true

Warming up (excluded from timings)…
Prefer smaller side: false
Neighbor scope limit: false
Size of reduced graphs9 9
ACO MMAS disabled: species pheromone unbounded [0, +∞) (θ-heuristic not run for ACO)
ACO ablations: elite_pheromone=false tabu=false mmas=false
ACO subspecies 1 best: |U|=8 |V|=8 score=512 found_at_iter=1 found_at_t=0.0657s
ACO global best found at iteration 1 (t=0.0657s, score=512)

Reducing graph once (CNN)…
DEBUG: planted solution still in graph after reduction: yes dataset=konect-small/p2p-Gnutella09
  plant U=[437, 1469, 2291, 2506, 2954]  V=[902, 1050, 1345, 3067, 3910]

── Graph reduction ──
  wall_time_s                  0.0037s
  allocated_bytes              2.18 MiB  (2287256 bytes)
  reduced_nU                   455
  reduced_nV                   106
  reduced_edges                4056
  reduced_max_degree           88
  reduced_avg_degree           14.459893048128341

── Graph structure ──
  nU                           3055
  nV                           8038
  edges                        26036
  reduced_nU                   455
  reduced_nV                   106
  reduced_edges                4056
  reduced_max_degree           88
  reduced_avg_degree           14.459893048128341
  mutable_graph_bytes          3.44 MiB  (3605016 bytes)
  frozen_after_reduction_bytes 94.02 KiB  (96272 bytes)

θ-heuristic warmup (excluded from timings)…

Running θ-heuristic…

── θ-heuristic ──
  wall_time_s                  0.0003s
  allocated_bytes              170.41 KiB  (174504 bytes)
  rss_delta_bytes              0.0 B  (0 bytes)
  rss_peak_bytes               856.9 MiB  (898523136 bytes)
  solution                     |U|=5 |V|=5 edges=23 missing=2 (k=2)
  final_edges                  23
  optimal_edges                —
  matched_optimal              false

Running θ-heuristic…

── θ-heuristic ──
  wall_time_s                  0.0005s
  allocated_bytes              170.41 KiB  (174504 bytes)
  rss_delta_bytes              0.0 B  (0 bytes)
  rss_peak_bytes               856.9 MiB  (898523136 bytes)
  solution                     |U|=5 |V|=5 edges=23 missing=2 (k=2)
  final_edges                  23
  optimal_edges                —
  matched_optimal              false

── ACO ants=100  run 1/6  seed=1  (JIT warmup; recorded but discarded in emit) ──
Prefer smaller side: false
Neighbor scope limit: false
Size of reduced graphs455 106
ACO MMAS disabled: species pheromone unbounded [0, +∞) (θ-heuristic not run for ACO)
ACO ablations: elite_pheromone=false tabu=false mmas=false
ACO subspecies 1 best: |U|=4 |V|=4 score=16 found_at_iter=2 found_at_t=0.0976s
ACO global best found at iteration 2 (t=0.0976s, score=16)
  wall=0.1400s  to_best=0.0976s  iters→best=2  edges=14  vs heur=23  [warmup]

── ACO ants=100  run 2/6  seed=2 ──
Prefer smaller side: false
Neighbor scope limit: false
Size of reduced graphs455 106
ACO MMAS disabled: species pheromone unbounded [0, +∞) (θ-heuristic not run for ACO)
ACO ablations: elite_pheromone=false tabu=false mmas=false
ACO subspecies 1 best: |U|=4 |V|=4 score=16 found_at_iter=2 found_at_t=0.0168s
ACO global best found at iteration 2 (t=0.0168s, score=16)
  wall=0.0579s  to_best=0.0168s  iters→best=2  edges=14  vs heur=23

── ACO ants=100  run 3/6  seed=3 ──
Prefer smaller side: false
Neighbor scope limit: false
Size of reduced graphs455 106
ACO MMAS disabled: species pheromone unbounded [0, +∞) (θ-heuristic not run for ACO)
ACO ablations: elite_pheromone=false tabu=false mmas=false
ACO subspecies 1 best: |U|=4 |V|=4 score=16 found_at_iter=2 found_at_t=0.0225s
ACO global best found at iteration 2 (t=0.0225s, score=16)
  wall=0.0445s  to_best=0.0225s  iters→best=2  edges=14  vs heur=23

── ACO ants=100  run 4/6  seed=4 ──
Prefer smaller side: false
Neighbor scope limit: false
Size of reduced graphs455 106
ACO MMAS disabled: species pheromone unbounded [0, +∞) (θ-heuristic not run for ACO)
ACO ablations: elite_pheromone=false tabu=false mmas=false
ACO subspecies 1 best: |U|=4 |V|=3 score=9 found_at_iter=1 found_at_t=0.0068s
ACO global best found at iteration 1 (t=0.0068s, score=9)
  wall=0.0604s  to_best=0.0068s  iters→best=1  edges=10  vs heur=23

── ACO ants=100  run 5/6  seed=5 ──
Prefer smaller side: false
Neighbor scope limit: false
Size of reduced graphs455 106
ACO MMAS disabled: species pheromone unbounded [0, +∞) (θ-heuristic not run for ACO)
ACO ablations: elite_pheromone=false tabu=false mmas=false
ACO subspecies 1 best: |U|=3 |V|=4 score=9 found_at_iter=1 found_at_t=0.0072s
ACO global best found at iteration 1 (t=0.0072s, score=9)
  wall=0.0468s  to_best=0.0072s  iters→best=1  edges=10  vs heur=23

── ACO ants=100  run 6/6  seed=6 ──
Prefer smaller side: false
Neighbor scope limit: false
Size of reduced graphs455 106
ACO MMAS disabled: species pheromone unbounded [0, +∞) (θ-heuristic not run for ACO)
ACO ablations: elite_pheromone=false tabu=false mmas=false
ACO subspecies 1 best: |U|=5 |V|=4 score=16 found_at_iter=4 found_at_t=0.0408s
ACO global best found at iteration 4 (t=0.0408s, score=16)
  wall=0.0516s  to_best=0.0408s  iters→best=4  edges=18  vs heur=23

==================== SUMMARY ======================
θ-heuristic edges=23  θ-feasible=true  |U|=5 |V|=5
ants    run   time        iters   edges     >heur   optimal
100     1     0.1400s     2       14        no      —
100     2     0.0579s     2       14        no      —
100     3     0.0445s     2       14        no      —
100     4     0.0604s     1       10        no      —
100     5     0.0468s     1       10        no      —
100     6     0.0516s     4       18        no      —
===================================================

Best ACO trial (by edges): ants=100  run=6  edges=18  discovery=0.2612s  ITB=4  TTB=0.0408s  θ-feasible=false
Wrote benchmark results → /home/kiyaanpillai/Documents/aco-mkdb/results/vary_k2t5i_100_/p2p-Gnutella09_ants.json
Random seed: --seed=1
a = 3063282736

[22/37] konect/wiki_talk_nds → results/vary_k2t5i_100_/wiki_talk_nds_ants.json
Loading graph from: data/konect/wiki_talk_nds/indexed_interactions.csv
Parameters: k=2 θ=5
Inject: u=5 v=5 k=2 (in-memory; CSV unchanged)
Mode: vary ant-count (range=100, aco_runs=6)
ACO: iterations=5 pheromone=1 evaporation=0.95 subspecies=1
Pivot for quality baseline: no
Save: /home/kiyaanpillai/Documents/aco-mkdb/results/vary_k2t5i_100_/wiki_talk_nds_ants.json
Reduction: simple
Graph edges: 27432
Injected biclique: u=5 v=5 k=2 (existing=0 inserted=23 missing=2)
  planted U: [30, 163, 172, 285, 567]
  planted V: [472, 1591, 3499, 10323, 15814]
  reserved missing: [(163, 10323), (285, 1591)]
nU=605, nV=23094, |E|=27455

==================== VARY ant-count ====================
dataset=konect/wiki_talk_nds  k=2  θ=5  iterations=5
ants-range=100  run_pivot=false  aco_runs=6
base_seed=1
prefer_smaller_side=false  neighbor_scope_limit=false
elite_pheromone=false  aco_tabu=false  mmas=false
reduction=simple (CNN / one-shot; progressive disabled)
DEBUG=true  plant_check=true

Warming up (excluded from timings)…
Prefer smaller side: false
Neighbor scope limit: false
Size of reduced graphs9 9
ACO MMAS disabled: species pheromone unbounded [0, +∞) (θ-heuristic not run for ACO)
ACO ablations: elite_pheromone=false tabu=false mmas=false
ACO subspecies 1 best: |U|=8 |V|=8 score=512 found_at_iter=1 found_at_t=0.0648s
ACO global best found at iteration 1 (t=0.0648s, score=512)

Reducing graph once (CNN)…
DEBUG: planted solution still in graph after reduction: yes dataset=konect/wiki_talk_nds
  plant U=[30, 163, 172, 285, 567]  V=[472, 1591, 3499, 10323, 15814]

── Graph reduction ──
  wall_time_s                  0.0308s
  allocated_bytes              3.39 MiB  (3549944 bytes)
  reduced_nU                   45
  reduced_nV                   149
  reduced_edges                616
  reduced_max_degree           114
  reduced_avg_degree           6.350515463917525

── Graph structure ──
  nU                           605
  nV                           23094
  edges                        27455
  reduced_nU                   45
  reduced_nV                   149
  reduced_edges                616
  reduced_max_degree           114
  reduced_avg_degree           6.350515463917525
  mutable_graph_bytes          7.54 MiB  (7903368 bytes)
  frozen_after_reduction_bytes 19.66 KiB  (20128 bytes)

θ-heuristic warmup (excluded from timings)…

Running θ-heuristic…

── θ-heuristic ──
  wall_time_s                  0.0001s
  allocated_bytes              56.44 KiB  (57792 bytes)
  rss_delta_bytes              0.0 B  (0 bytes)
  rss_peak_bytes               858.34 MiB  (900038656 bytes)
  solution                     |U|=5 |V|=1 edges=3 missing=2 (k=2)
  final_edges                  3
  optimal_edges                —
  matched_optimal              false

Running θ-heuristic…

── θ-heuristic ──
  wall_time_s                  0.0001s
  allocated_bytes              56.44 KiB  (57792 bytes)
  rss_delta_bytes              0.0 B  (0 bytes)
  rss_peak_bytes               858.34 MiB  (900038656 bytes)
  solution                     |U|=5 |V|=1 edges=3 missing=2 (k=2)
  final_edges                  3
  optimal_edges                —
  matched_optimal              false

── ACO ants=100  run 1/6  seed=1  (JIT warmup; recorded but discarded in emit) ──
Prefer smaller side: false
Neighbor scope limit: false
Size of reduced graphs45 149
ACO MMAS disabled: species pheromone unbounded [0, +∞) (θ-heuristic not run for ACO)
ACO ablations: elite_pheromone=false tabu=false mmas=false
ACO subspecies 1 best: |U|=4 |V|=4 score=16 found_at_iter=1 found_at_t=0.0083s
ACO global best found at iteration 1 (t=0.0083s, score=16)
  wall=0.1447s  to_best=0.0083s  iters→best=1  edges=14  vs heur=3  [warmup]

── ACO ants=100  run 2/6  seed=2 ──
Prefer smaller side: false
Neighbor scope limit: false
Size of reduced graphs45 149
ACO MMAS disabled: species pheromone unbounded [0, +∞) (θ-heuristic not run for ACO)
ACO ablations: elite_pheromone=false tabu=false mmas=false
ACO subspecies 1 best: |U|=4 |V|=4 score=16 found_at_iter=1 found_at_t=0.0084s
ACO global best found at iteration 1 (t=0.0084s, score=16)
  wall=0.0673s  to_best=0.0084s  iters→best=1  edges=14  vs heur=3

── ACO ants=100  run 3/6  seed=3 ──
Prefer smaller side: false
Neighbor scope limit: false
Size of reduced graphs45 149
ACO MMAS disabled: species pheromone unbounded [0, +∞) (θ-heuristic not run for ACO)
ACO ablations: elite_pheromone=false tabu=false mmas=false
ACO subspecies 1 best: |U|=4 |V|=4 score=16 found_at_iter=1 found_at_t=0.0086s
ACO global best found at iteration 1 (t=0.0086s, score=16)
  wall=0.0662s  to_best=0.0086s  iters→best=1  edges=14  vs heur=3

── ACO ants=100  run 4/6  seed=4 ──
Prefer smaller side: false
Neighbor scope limit: false
Size of reduced graphs45 149
ACO MMAS disabled: species pheromone unbounded [0, +∞) (θ-heuristic not run for ACO)
ACO ablations: elite_pheromone=false tabu=false mmas=false
ACO subspecies 1 best: |U|=4 |V|=4 score=16 found_at_iter=1 found_at_t=0.007s
ACO global best found at iteration 1 (t=0.007s, score=16)
  wall=0.0604s  to_best=0.0070s  iters→best=1  edges=14  vs heur=3

── ACO ants=100  run 5/6  seed=5 ──
Prefer smaller side: false
Neighbor scope limit: false
Size of reduced graphs45 149
ACO MMAS disabled: species pheromone unbounded [0, +∞) (θ-heuristic not run for ACO)
ACO ablations: elite_pheromone=false tabu=false mmas=false
ACO subspecies 1 best: |U|=4 |V|=4 score=16 found_at_iter=1 found_at_t=0.0056s
ACO global best found at iteration 1 (t=0.0056s, score=16)
  wall=0.0582s  to_best=0.0056s  iters→best=1  edges=14  vs heur=3

── ACO ants=100  run 6/6  seed=6 ──
Prefer smaller side: false
Neighbor scope limit: false
Size of reduced graphs45 149
ACO MMAS disabled: species pheromone unbounded [0, +∞) (θ-heuristic not run for ACO)
ACO ablations: elite_pheromone=false tabu=false mmas=false
ACO subspecies 1 best: |U|=4 |V|=4 score=16 found_at_iter=1 found_at_t=0.0071s
ACO global best found at iteration 1 (t=0.0071s, score=16)
  wall=0.0707s  to_best=0.0071s  iters→best=1  edges=14  vs heur=3

==================== SUMMARY ======================
θ-heuristic edges=3  θ-feasible=false  |U|=5 |V|=1
ants    run   time        iters   edges     >heur   optimal
100     1     0.1447s     1       14        no      —
100     2     0.0673s     1       14        no      —
100     3     0.0662s     1       14        no      —
100     4     0.0604s     1       14        no      —
100     5     0.0582s     1       14        no      —
100     6     0.0707s     1       14        no      —
===================================================

Best ACO trial (by edges): ants=100  run=5  edges=14  discovery=0.3227s  ITB=1  TTB=0.0056s  θ-feasible=false
Wrote benchmark results → /home/kiyaanpillai/Documents/aco-mkdb/results/vary_k2t5i_100_/wiki_talk_nds_ants.json
Random seed: --seed=1
a = 3124292800

[23/37] konect/dimacs-polblogs → results/vary_k2t5i_100_/dimacs-polblogs_ants.json
Loading graph from: data/konect/dimacs-polblogs/indexed_interactions.csv
Parameters: k=2 θ=5
Inject: u=5 v=5 k=2 (in-memory; CSV unchanged)
Mode: vary ant-count (range=100, aco_runs=6)
ACO: iterations=5 pheromone=1 evaporation=0.95 subspecies=1
Pivot for quality baseline: no
Save: /home/kiyaanpillai/Documents/aco-mkdb/results/vary_k2t5i_100_/dimacs-polblogs_ants.json
Reduction: simple
Graph edges: 33430
Injected biclique: u=5 v=5 k=2 (existing=0 inserted=23 missing=2)
  planted U: [95, 97, 146, 391, 756]
  planted V: [43, 143, 452, 721, 1108]
  reserved missing: [(97, 721), (756, 143)]
nU=1224, nV=1224, |E|=33453

==================== VARY ant-count ====================
dataset=konect/dimacs-polblogs  k=2  θ=5  iterations=5
ants-range=100  run_pivot=false  aco_runs=6
base_seed=1
prefer_smaller_side=false  neighbor_scope_limit=false
elite_pheromone=false  aco_tabu=false  mmas=false
reduction=simple (CNN / one-shot; progressive disabled)
DEBUG=true  plant_check=true

Warming up (excluded from timings)…
Prefer smaller side: false
Neighbor scope limit: false
Size of reduced graphs9 9
ACO MMAS disabled: species pheromone unbounded [0, +∞) (θ-heuristic not run for ACO)
ACO ablations: elite_pheromone=false tabu=false mmas=false
ACO subspecies 1 best: |U|=8 |V|=8 score=512 found_at_iter=1 found_at_t=0.0741s
ACO global best found at iteration 1 (t=0.0741s, score=512)

Reducing graph once (CNN)…
DEBUG: planted solution still in graph after reduction: yes dataset=konect/dimacs-polblogs
  plant U=[95, 97, 146, 391, 756]  V=[43, 143, 452, 721, 1108]

── Graph reduction ──
  wall_time_s                  0.0142s
  allocated_bytes              3.71 MiB  (3894744 bytes)
  reduced_nU                   945
  reduced_nV                   946
  reduced_edges                32524
  reduced_max_degree           343
  reduced_avg_degree           34.398730830248546

── Graph structure ──
  nU                           1224
  nV                           1224
  edges                        33453
  reduced_nU                   945
  reduced_nV                   946
  reduced_edges                32524
  reduced_max_degree           343
  reduced_avg_degree           34.398730830248546
  mutable_graph_bytes          2.35 MiB  (2468392 bytes)
  frozen_after_reduction_bytes 606.36 KiB  (620912 bytes)

θ-heuristic warmup (excluded from timings)…

Running θ-heuristic…

── θ-heuristic ──
  wall_time_s                  0.0027s
  allocated_bytes              1.31 MiB  (1374048 bytes)
  rss_delta_bytes              0.0 B  (0 bytes)
  rss_peak_bytes               832.05 MiB  (872464384 bytes)
  solution                     |U|=5 |V|=76 edges=378 missing=2 (k=2)
  final_edges                  378
  optimal_edges                —
  matched_optimal              false

Running θ-heuristic…

── θ-heuristic ──
  wall_time_s                  0.0029s
  allocated_bytes              1.31 MiB  (1374048 bytes)
  rss_delta_bytes              0.0 B  (0 bytes)
  rss_peak_bytes               832.05 MiB  (872464384 bytes)
  solution                     |U|=5 |V|=76 edges=378 missing=2 (k=2)
  final_edges                  378
  optimal_edges                —
  matched_optimal              false

── ACO ants=100  run 1/6  seed=1  (JIT warmup; recorded but discarded in emit) ──
Prefer smaller side: false
Neighbor scope limit: false
Size of reduced graphs945 946
ACO MMAS disabled: species pheromone unbounded [0, +∞) (θ-heuristic not run for ACO)
ACO ablations: elite_pheromone=false tabu=false mmas=false
ACO subspecies 1 best: |U|=6 |V|=54 score=1944 found_at_iter=2 found_at_t=0.2406s
ACO global best found at iteration 2 (t=0.2406s, score=1944)
  wall=0.4487s  to_best=0.2406s  iters→best=2  edges=322  vs heur=378  [warmup]

── ACO ants=100  run 2/6  seed=2 ──
Prefer smaller side: false
Neighbor scope limit: false
Size of reduced graphs945 946
ACO MMAS disabled: species pheromone unbounded [0, +∞) (θ-heuristic not run for ACO)
ACO ablations: elite_pheromone=false tabu=false mmas=false
ACO subspecies 1 best: |U|=5 |V|=76 score=1900 found_at_iter=2 found_at_t=0.1174s
ACO global best found at iteration 2 (t=0.1174s, score=1900)
  wall=0.2652s  to_best=0.1174s  iters→best=2  edges=378  vs heur=378

── ACO ants=100  run 3/6  seed=3 ──
Prefer smaller side: false
Neighbor scope limit: false
Size of reduced graphs945 946
ACO MMAS disabled: species pheromone unbounded [0, +∞) (θ-heuristic not run for ACO)
ACO ablations: elite_pheromone=false tabu=false mmas=false
ACO subspecies 1 best: |U|=6 |V|=41 score=1476 found_at_iter=4 found_at_t=0.2563s
ACO global best found at iteration 4 (t=0.2563s, score=1476)
  wall=0.3196s  to_best=0.2563s  iters→best=4  edges=244  vs heur=378

── ACO ants=100  run 4/6  seed=4 ──
Prefer smaller side: false
Neighbor scope limit: false
Size of reduced graphs945 946
ACO MMAS disabled: species pheromone unbounded [0, +∞) (θ-heuristic not run for ACO)
ACO ablations: elite_pheromone=false tabu=false mmas=false
ACO subspecies 1 best: |U|=6 |V|=40 score=1440 found_at_iter=5 found_at_t=0.4552s
ACO global best found at iteration 5 (t=0.4552s, score=1440)
  wall=0.4589s  to_best=0.4552s  iters→best=5  edges=238  vs heur=378

── ACO ants=100  run 5/6  seed=5 ──
Prefer smaller side: false
Neighbor scope limit: false
Size of reduced graphs945 946
ACO MMAS disabled: species pheromone unbounded [0, +∞) (θ-heuristic not run for ACO)
ACO ablations: elite_pheromone=false tabu=false mmas=false
ACO subspecies 1 best: |U|=5 |V|=58 score=1450 found_at_iter=3 found_at_t=0.1481s
ACO global best found at iteration 3 (t=0.1481s, score=1450)
  wall=0.3042s  to_best=0.1481s  iters→best=3  edges=288  vs heur=378

── ACO ants=100  run 6/6  seed=6 ──
Prefer smaller side: false
Neighbor scope limit: false
Size of reduced graphs945 946
ACO MMAS disabled: species pheromone unbounded [0, +∞) (θ-heuristic not run for ACO)
ACO ablations: elite_pheromone=false tabu=false mmas=false
ACO subspecies 1 best: |U|=6 |V|=47 score=1692 found_at_iter=2 found_at_t=0.1459s
ACO global best found at iteration 2 (t=0.1459s, score=1692)
  wall=0.4047s  to_best=0.1459s  iters→best=2  edges=280  vs heur=378

==================== SUMMARY ======================
θ-heuristic edges=378  θ-feasible=true  |U|=5 |V|=76
ants    run   time        iters   edges     >heur   optimal
100     1     0.4487s     2       322       no      —
100     2     0.2652s     2       378       no      —
100     3     0.3196s     4       244       no      —
100     4     0.4589s     5       238       no      —
100     5     0.3042s     3       288       no      —
100     6     0.4047s     2       280       no      —
===================================================

Best ACO trial (by edges): ants=100  run=2  edges=378  discovery=1.7526s  ITB=2  TTB=0.1174s  θ-feasible=true
Wrote benchmark results → /home/kiyaanpillai/Documents/aco-mkdb/results/vary_k2t5i_100_/dimacs-polblogs_ants.json
Random seed: --seed=1
a = 4791479768

[24/37] konect/gnutella → results/vary_k2t5i_100_/gnutella_ants.json
Loading graph from: data/konect/gnutella/indexed_interactions.csv
Parameters: k=2 θ=5
Inject: u=5 v=5 k=2 (in-memory; CSV unchanged)
Mode: vary ant-count (range=100, aco_runs=6)
ACO: iterations=5 pheromone=1 evaporation=0.95 subspecies=1
Pivot for quality baseline: no
Save: /home/kiyaanpillai/Documents/aco-mkdb/results/vary_k2t5i_100_/gnutella_ants.json
Reduction: simple
Graph edges: 39994
Injected biclique: u=5 v=5 k=2 (existing=0 inserted=23 missing=2)
  planted U: [360, 1360, 2680, 3156, 3326]
  planted V: [3012, 5202, 6267, 6689, 10392]
  reserved missing: [(3156, 3012), (3326, 5202)]
nU=4935, nV=10856, |E|=40017

==================== VARY ant-count ====================
dataset=konect/gnutella  k=2  θ=5  iterations=5
ants-range=100  run_pivot=false  aco_runs=6
base_seed=1
prefer_smaller_side=false  neighbor_scope_limit=false
elite_pheromone=false  aco_tabu=false  mmas=false
reduction=simple (CNN / one-shot; progressive disabled)
DEBUG=true  plant_check=true

Warming up (excluded from timings)…
Prefer smaller side: false
Neighbor scope limit: false
Size of reduced graphs9 9
ACO MMAS disabled: species pheromone unbounded [0, +∞) (θ-heuristic not run for ACO)
ACO ablations: elite_pheromone=false tabu=false mmas=false
ACO subspecies 1 best: |U|=8 |V|=8 score=512 found_at_iter=1 found_at_t=0.0604s
ACO global best found at iteration 1 (t=0.0604s, score=512)

Reducing graph once (CNN)…
DEBUG: planted solution still in graph after reduction: yes dataset=konect/gnutella
  plant U=[360, 1360, 2680, 3156, 3326]  V=[3012, 5202, 6267, 6689, 10392]

── Graph reduction ──
  wall_time_s                  0.0045s
  allocated_bytes              2.95 MiB  (3097744 bytes)
  reduced_nU                   421
  reduced_nV                   227
  reduced_edges                2758
  reduced_max_degree           53
  reduced_avg_degree           8.512345679012345

── Graph structure ──
  nU                           4935
  nV                           10856
  edges                        40017
  reduced_nU                   421
  reduced_nV                   227
  reduced_edges                2758
  reduced_max_degree           53
  reduced_avg_degree           8.512345679012345
  mutable_graph_bytes          4.66 MiB  (4883736 bytes)
  frozen_after_reduction_bytes 79.34 KiB  (81248 bytes)

θ-heuristic warmup (excluded from timings)…

Running θ-heuristic…

── θ-heuristic ──
  wall_time_s                  0.0003s
  allocated_bytes              154.82 KiB  (158536 bytes)
  rss_delta_bytes              0.0 B  (0 bytes)
  rss_peak_bytes               845.9 MiB  (886992896 bytes)
  solution                     |U|=5 |V|=6 edges=30 missing=0 (k=2)
  final_edges                  30
  optimal_edges                —
  matched_optimal              false

Running θ-heuristic…

── θ-heuristic ──
  wall_time_s                  0.0003s
  allocated_bytes              154.82 KiB  (158536 bytes)
  rss_delta_bytes              0.0 B  (0 bytes)
  rss_peak_bytes               845.9 MiB  (886992896 bytes)
  solution                     |U|=5 |V|=6 edges=30 missing=0 (k=2)
  final_edges                  30
  optimal_edges                —
  matched_optimal              false

── ACO ants=100  run 1/6  seed=1  (JIT warmup; recorded but discarded in emit) ──
Prefer smaller side: false
Neighbor scope limit: false
Size of reduced graphs421 227
ACO MMAS disabled: species pheromone unbounded [0, +∞) (θ-heuristic not run for ACO)
ACO ablations: elite_pheromone=false tabu=false mmas=false
ACO subspecies 1 best: |U|=8 |V|=3 score=9 found_at_iter=5 found_at_t=0.2737s
ACO global best found at iteration 5 (t=0.2737s, score=9)
  wall=0.2765s  to_best=0.2737s  iters→best=5  edges=22  vs heur=30  [warmup]

── ACO ants=100  run 2/6  seed=2 ──
Prefer smaller side: false
Neighbor scope limit: false
Size of reduced graphs421 227
ACO MMAS disabled: species pheromone unbounded [0, +∞) (θ-heuristic not run for ACO)
ACO ablations: elite_pheromone=false tabu=false mmas=false
ACO subspecies 1 best: |U|=6 |V|=7 score=252 found_at_iter=3 found_at_t=0.0629s
ACO global best found at iteration 3 (t=0.0629s, score=252)
  wall=0.1622s  to_best=0.0629s  iters→best=3  edges=40  vs heur=30 (beats)

── ACO ants=100  run 3/6  seed=3 ──
Prefer smaller side: false
Neighbor scope limit: false
Size of reduced graphs421 227
ACO MMAS disabled: species pheromone unbounded [0, +∞) (θ-heuristic not run for ACO)
ACO ablations: elite_pheromone=false tabu=false mmas=false
ACO subspecies 1 best: |U|=9 |V|=4 score=16 found_at_iter=4 found_at_t=0.1789s
ACO global best found at iteration 4 (t=0.1789s, score=16)
  wall=0.3133s  to_best=0.1789s  iters→best=4  edges=34  vs heur=30

── ACO ants=100  run 4/6  seed=4 ──
Prefer smaller side: false
Neighbor scope limit: false
Size of reduced graphs421 227
ACO MMAS disabled: species pheromone unbounded [0, +∞) (θ-heuristic not run for ACO)
ACO ablations: elite_pheromone=false tabu=false mmas=false
ACO subspecies 1 best: |U|=4 |V|=4 score=16 found_at_iter=2 found_at_t=0.0379s
ACO global best found at iteration 2 (t=0.0379s, score=16)
  wall=0.1634s  to_best=0.0379s  iters→best=2  edges=14  vs heur=30

── ACO ants=100  run 5/6  seed=5 ──
Prefer smaller side: false
Neighbor scope limit: false
Size of reduced graphs421 227
ACO MMAS disabled: species pheromone unbounded [0, +∞) (θ-heuristic not run for ACO)
ACO ablations: elite_pheromone=false tabu=false mmas=false
ACO subspecies 1 best: |U|=6 |V|=6 score=216 found_at_iter=4 found_at_t=0.0674s
ACO global best found at iteration 4 (t=0.0674s, score=216)
  wall=0.0847s  to_best=0.0674s  iters→best=4  edges=34  vs heur=30 (beats)

── ACO ants=100  run 6/6  seed=6 ──
Prefer smaller side: false
Neighbor scope limit: false
Size of reduced graphs421 227
ACO MMAS disabled: species pheromone unbounded [0, +∞) (θ-heuristic not run for ACO)
ACO ablations: elite_pheromone=false tabu=false mmas=false
ACO subspecies 1 best: |U|=4 |V|=5 score=16 found_at_iter=2 found_at_t=0.0407s
ACO global best found at iteration 2 (t=0.0407s, score=16)
  wall=0.0969s  to_best=0.0407s  iters→best=2  edges=18  vs heur=30

==================== SUMMARY ======================
θ-heuristic edges=30  θ-feasible=true  |U|=5 |V|=6
ants    run   time        iters   edges     >heur   optimal
100     1     0.2765s     5       22        no      —
100     2     0.1622s     3       40        yes     —
100     3     0.3133s     4       34        no      —
100     4     0.1634s     2       14        no      —
100     5     0.0847s     4       34        yes     —
100     6     0.0969s     2       18        no      —
===================================================

Best ACO trial (by edges): ants=100  run=2  edges=40  discovery=0.8203s  ITB=3  TTB=0.0629s  θ-feasible=true
Wrote benchmark results → /home/kiyaanpillai/Documents/aco-mkdb/results/vary_k2t5i_100_/gnutella_ants.json
Random seed: --seed=1
a = 3641641392

[25/37] konect/ciaodvd → results/vary_k2t5i_100_/ciaodvd_ants.json
Loading graph from: data/konect/ciaodvd/indexed_interactions.csv
Parameters: k=2 θ=5
Inject: u=5 v=5 k=2 (in-memory; CSV unchanged)
Mode: vary ant-count (range=100, aco_runs=6)
ACO: iterations=5 pheromone=1 evaporation=0.95 subspecies=1
Pivot for quality baseline: no
Save: /home/kiyaanpillai/Documents/aco-mkdb/results/vary_k2t5i_100_/ciaodvd_ants.json
Reduction: simple
Graph edges: 40133
Injected biclique: u=5 v=5 k=2 (existing=0 inserted=23 missing=2)
  planted U: [404, 541, 673, 862, 1335]
  planted V: [543, 1842, 2070, 3384, 3658]
  reserved missing: [(673, 3658), (1335, 3658)]
nU=1438, nV=4299, |E|=40156

==================== VARY ant-count ====================
dataset=konect/ciaodvd  k=2  θ=5  iterations=5
ants-range=100  run_pivot=false  aco_runs=6
base_seed=1
prefer_smaller_side=false  neighbor_scope_limit=false
elite_pheromone=false  aco_tabu=false  mmas=false
reduction=simple (CNN / one-shot; progressive disabled)
DEBUG=true  plant_check=true

Warming up (excluded from timings)…
Prefer smaller side: false
Neighbor scope limit: false
Size of reduced graphs9 9
ACO MMAS disabled: species pheromone unbounded [0, +∞) (θ-heuristic not run for ACO)
ACO ablations: elite_pheromone=false tabu=false mmas=false
ACO subspecies 1 best: |U|=8 |V|=8 score=512 found_at_iter=1 found_at_t=0.0884s
ACO global best found at iteration 1 (t=0.0884s, score=512)

Reducing graph once (CNN)…
DEBUG: planted solution still in graph after reduction: yes dataset=konect/ciaodvd
  plant U=[404, 541, 673, 862, 1335]  V=[543, 1842, 2070, 3384, 3658]

── Graph reduction ──
  wall_time_s                  0.0159s
  allocated_bytes              4.61 MiB  (4835304 bytes)
  reduced_nU                   978
  reduced_nV                   1593
  reduced_edges                35082
  reduced_max_degree           346
  reduced_avg_degree           27.290548424737455

── Graph structure ──
  nU                           1438
  nV                           4299
  edges                        40156
  reduced_nU                   978
  reduced_nV                   1593
  reduced_edges                35082
  reduced_max_degree           346
  reduced_avg_degree           27.290548424737455
  mutable_graph_bytes          3.47 MiB  (3640664 bytes)
  frozen_after_reduction_bytes 690.95 KiB  (707536 bytes)

θ-heuristic warmup (excluded from timings)…

Running θ-heuristic…

── θ-heuristic ──
  wall_time_s                  0.0023s
  allocated_bytes              1.56 MiB  (1632736 bytes)
  rss_delta_bytes              0.0 B  (0 bytes)
  rss_peak_bytes               835.28 MiB  (875855872 bytes)
  solution                     |U|=5 |V|=13 edges=63 missing=2 (k=2)
  final_edges                  63
  optimal_edges                —
  matched_optimal              false

Running θ-heuristic…

── θ-heuristic ──
  wall_time_s                  0.0024s
  allocated_bytes              1.56 MiB  (1632736 bytes)
  rss_delta_bytes              0.0 B  (0 bytes)
  rss_peak_bytes               835.28 MiB  (875855872 bytes)
  solution                     |U|=5 |V|=13 edges=63 missing=2 (k=2)
  final_edges                  63
  optimal_edges                —
  matched_optimal              false

── ACO ants=100  run 1/6  seed=1  (JIT warmup; recorded but discarded in emit) ──
Prefer smaller side: false
Neighbor scope limit: false
Size of reduced graphs978 1593
ACO MMAS disabled: species pheromone unbounded [0, +∞) (θ-heuristic not run for ACO)
ACO ablations: elite_pheromone=false tabu=false mmas=false
ACO subspecies 1 best: |U|=19 |V|=5 score=475 found_at_iter=4 found_at_t=0.605s
ACO global best found at iteration 4 (t=0.6051s, score=475)
  wall=0.6576s  to_best=0.6050s  iters→best=4  edges=93  vs heur=63 (beats)  [warmup]

── ACO ants=100  run 2/6  seed=2 ──
Prefer smaller side: false
Neighbor scope limit: false
Size of reduced graphs978 1593
ACO MMAS disabled: species pheromone unbounded [0, +∞) (θ-heuristic not run for ACO)
ACO ablations: elite_pheromone=false tabu=false mmas=false
ACO subspecies 1 best: |U|=25 |V|=5 score=625 found_at_iter=4 found_at_t=0.4222s
ACO global best found at iteration 4 (t=0.4223s, score=625)
  wall=0.5573s  to_best=0.4222s  iters→best=4  edges=123  vs heur=63 (beats)

── ACO ants=100  run 3/6  seed=3 ──
Prefer smaller side: false
Neighbor scope limit: false
Size of reduced graphs978 1593
ACO MMAS disabled: species pheromone unbounded [0, +∞) (θ-heuristic not run for ACO)
ACO ablations: elite_pheromone=false tabu=false mmas=false
ACO subspecies 1 best: |U|=6 |V|=16 score=576 found_at_iter=5 found_at_t=0.4631s
ACO global best found at iteration 5 (t=0.4631s, score=576)
  wall=0.4821s  to_best=0.4631s  iters→best=5  edges=94  vs heur=63 (beats)

── ACO ants=100  run 4/6  seed=4 ──
Prefer smaller side: false
Neighbor scope limit: false
Size of reduced graphs978 1593
ACO MMAS disabled: species pheromone unbounded [0, +∞) (θ-heuristic not run for ACO)
ACO ablations: elite_pheromone=false tabu=false mmas=false
ACO subspecies 1 best: |U|=26 |V|=5 score=650 found_at_iter=4 found_at_t=0.2322s
ACO global best found at iteration 4 (t=0.2322s, score=650)
  wall=0.3368s  to_best=0.2322s  iters→best=4  edges=128  vs heur=63 (beats)

── ACO ants=100  run 5/6  seed=5 ──
Prefer smaller side: false
Neighbor scope limit: false
Size of reduced graphs978 1593
ACO MMAS disabled: species pheromone unbounded [0, +∞) (θ-heuristic not run for ACO)
ACO ablations: elite_pheromone=false tabu=false mmas=false
ACO subspecies 1 best: |U|=32 |V|=5 score=800 found_at_iter=5 found_at_t=0.4899s
ACO global best found at iteration 5 (t=0.4899s, score=800)
  wall=0.4977s  to_best=0.4899s  iters→best=5  edges=158  vs heur=63 (beats)

── ACO ants=100  run 6/6  seed=6 ──
Prefer smaller side: false
Neighbor scope limit: false
Size of reduced graphs978 1593
ACO MMAS disabled: species pheromone unbounded [0, +∞) (θ-heuristic not run for ACO)
ACO ablations: elite_pheromone=false tabu=false mmas=false
ACO subspecies 1 best: |U|=20 |V|=5 score=500 found_at_iter=3 found_at_t=0.1525s
ACO global best found at iteration 3 (t=0.1525s, score=500)
  wall=0.3392s  to_best=0.1525s  iters→best=3  edges=98  vs heur=63 (beats)

==================== SUMMARY ======================
θ-heuristic edges=63  θ-feasible=true  |U|=5 |V|=13
ants    run   time        iters   edges     >heur   optimal
100     1     0.6576s     4       93        yes     —
100     2     0.5573s     4       123       yes     —
100     3     0.4821s     5       94        yes     —
100     4     0.3368s     4       128       yes     —
100     5     0.4977s     5       158       yes     —
100     6     0.3392s     3       98        yes     —
===================================================

Best ACO trial (by edges): ants=100  run=5  edges=158  discovery=2.2131s  ITB=5  TTB=0.4899s  θ-feasible=true
Wrote benchmark results → /home/kiyaanpillai/Documents/aco-mkdb/results/vary_k2t5i_100_/ciaodvd_ants.json
Random seed: --seed=1
a = 5561971192

[26/37] konect/dblp_cite → results/vary_k2t5i_100_/dblp_cite_ants.json
Loading graph from: data/konect/dblp_cite/indexed_interactions.csv
Parameters: k=2 θ=5
Inject: u=5 v=5 k=2 (in-memory; CSV unchanged)
Mode: vary ant-count (range=100, aco_runs=6)
ACO: iterations=5 pheromone=1 evaporation=0.95 subspecies=1
Pivot for quality baseline: no
Save: /home/kiyaanpillai/Documents/aco-mkdb/results/vary_k2t5i_100_/dblp_cite_ants.json
Reduction: simple
Graph edges: 49759
Injected biclique: u=5 v=5 k=2 (existing=0 inserted=23 missing=2)
  planted U: [291, 420, 909, 1767, 2116]
  planted V: [3218, 5639, 5843, 8774, 9238]
  reserved missing: [(420, 8774), (2116, 9238)]
nU=3158, nV=11566, |E|=49782

==================== VARY ant-count ====================
dataset=konect/dblp_cite  k=2  θ=5  iterations=5
ants-range=100  run_pivot=false  aco_runs=6
base_seed=1
prefer_smaller_side=false  neighbor_scope_limit=false
elite_pheromone=false  aco_tabu=false  mmas=false
reduction=simple (CNN / one-shot; progressive disabled)
DEBUG=true  plant_check=true

Warming up (excluded from timings)…
Prefer smaller side: false
Neighbor scope limit: false
Size of reduced graphs9 9
ACO MMAS disabled: species pheromone unbounded [0, +∞) (θ-heuristic not run for ACO)
ACO ablations: elite_pheromone=false tabu=false mmas=false
ACO subspecies 1 best: |U|=8 |V|=8 score=512 found_at_iter=1 found_at_t=0.0659s
ACO global best found at iteration 1 (t=0.0659s, score=512)

Reducing graph once (CNN)…
DEBUG: planted solution still in graph after reduction: yes dataset=konect/dblp_cite
  plant U=[291, 420, 909, 1767, 2116]  V=[3218, 5639, 5843, 8774, 9238]

── Graph reduction ──
  wall_time_s                  0.0142s
  allocated_bytes              6.08 MiB  (6370944 bytes)
  reduced_nU                   2466
  reduced_nV                   2955
  reduced_edges                31279
  reduced_max_degree           477
  reduced_avg_degree           11.539937280944475

── Graph structure ──
  nU                           3158
  nV                           11566
  edges                        49782
  reduced_nU                   2466
  reduced_nV                   2955
  reduced_edges                31279
  reduced_max_degree           477
  reduced_avg_degree           11.539937280944475
  mutable_graph_bytes          6.56 MiB  (6876088 bytes)
  frozen_after_reduction_bytes 778.06 KiB  (796736 bytes)

θ-heuristic warmup (excluded from timings)…

Running θ-heuristic…

── θ-heuristic ──
  wall_time_s                  0.0028s
  allocated_bytes              1.52 MiB  (1596896 bytes)
  rss_delta_bytes              0.0 B  (0 bytes)
  rss_peak_bytes               846.75 MiB  (887885824 bytes)
  solution                     |U|=5 |V|=18 edges=88 missing=2 (k=2)
  final_edges                  88
  optimal_edges                —
  matched_optimal              false

Running θ-heuristic…

── θ-heuristic ──
  wall_time_s                  0.0027s
  allocated_bytes              1.52 MiB  (1596896 bytes)
  rss_delta_bytes              0.0 B  (0 bytes)
  rss_peak_bytes               846.75 MiB  (887885824 bytes)
  solution                     |U|=5 |V|=18 edges=88 missing=2 (k=2)
  final_edges                  88
  optimal_edges                —
  matched_optimal              false

── ACO ants=100  run 1/6  seed=1  (JIT warmup; recorded but discarded in emit) ──
Prefer smaller side: false
Neighbor scope limit: false
Size of reduced graphs2466 2955
ACO MMAS disabled: species pheromone unbounded [0, +∞) (θ-heuristic not run for ACO)
ACO ablations: elite_pheromone=false tabu=false mmas=false
ACO subspecies 1 best: |U|=5 |V|=6 score=150 found_at_iter=3 found_at_t=5.1609s
ACO global best found at iteration 3 (t=5.1609s, score=150)
  wall=14.2872s  to_best=5.1609s  iters→best=3  edges=28  vs heur=88  [warmup]

── ACO ants=100  run 2/6  seed=2 ──
Prefer smaller side: false
Neighbor scope limit: false
Size of reduced graphs2466 2955
ACO MMAS disabled: species pheromone unbounded [0, +∞) (θ-heuristic not run for ACO)
ACO ablations: elite_pheromone=false tabu=false mmas=false
ACO subspecies 1 best: |U|=4 |V|=5 score=16 found_at_iter=2 found_at_t=2.8861s
ACO global best found at iteration 2 (t=2.8861s, score=16)
  wall=17.6506s  to_best=2.8861s  iters→best=2  edges=18  vs heur=88

── ACO ants=100  run 3/6  seed=3 ──
Prefer smaller side: false
Neighbor scope limit: false
Size of reduced graphs2466 2955
ACO MMAS disabled: species pheromone unbounded [0, +∞) (θ-heuristic not run for ACO)
ACO ablations: elite_pheromone=false tabu=false mmas=false
ACO subspecies 1 best: |U|=4 |V|=4 score=16 found_at_iter=5 found_at_t=15.4208s
ACO global best found at iteration 5 (t=15.4208s, score=16)
  wall=15.4475s  to_best=15.4208s  iters→best=5  edges=14  vs heur=88

── ACO ants=100  run 4/6  seed=4 ──
Prefer smaller side: false
Neighbor scope limit: false
Size of reduced graphs2466 2955
ACO MMAS disabled: species pheromone unbounded [0, +∞) (θ-heuristic not run for ACO)
ACO ablations: elite_pheromone=false tabu=false mmas=false
ACO subspecies 1 best: |U|=3 |V|=3 score=9 found_at_iter=1 found_at_t=1.2761s
ACO global best found at iteration 1 (t=1.2761s, score=9)
  wall=14.6324s  to_best=1.2761s  iters→best=1  edges=7  vs heur=88

── ACO ants=100  run 5/6  seed=5 ──
Prefer smaller side: false
Neighbor scope limit: false
Size of reduced graphs2466 2955
ACO MMAS disabled: species pheromone unbounded [0, +∞) (θ-heuristic not run for ACO)
ACO ablations: elite_pheromone=false tabu=false mmas=false
ACO subspecies 1 best: |U|=3 |V|=6 score=9 found_at_iter=2 found_at_t=2.367s
ACO global best found at iteration 2 (t=2.367s, score=9)
  wall=12.3124s  to_best=2.3670s  iters→best=2  edges=16  vs heur=88

── ACO ants=100  run 6/6  seed=6 ──
Prefer smaller side: false
Neighbor scope limit: false
Size of reduced graphs2466 2955
ACO MMAS disabled: species pheromone unbounded [0, +∞) (θ-heuristic not run for ACO)
ACO ablations: elite_pheromone=false tabu=false mmas=false
ACO subspecies 1 best: |U|=4 |V|=4 score=16 found_at_iter=3 found_at_t=4.5414s
ACO global best found at iteration 3 (t=4.5414s, score=16)
  wall=10.2104s  to_best=4.5414s  iters→best=3  edges=14  vs heur=88

==================== SUMMARY ======================
θ-heuristic edges=88  θ-feasible=true  |U|=5 |V|=18
ants    run   time        iters   edges     >heur   optimal
100     1     14.2872s    3       28        no      —
100     2     17.6506s    2       18        no      —
100     3     15.4475s    5       14        no      —
100     4     14.6324s    1       7         no      —
100     5     12.3124s    2       16        no      —
100     6     10.2104s    3       14        no      —
===================================================

Best ACO trial (by edges): ants=100  run=2  edges=18  discovery=70.2533s  ITB=2  TTB=2.8861s  θ-feasible=false
Wrote benchmark results → /home/kiyaanpillai/Documents/aco-mkdb/results/vary_k2t5i_100_/dblp_cite_ants.json
Random seed: --seed=1
a = 42302092440

[27/37] konect/matter → results/vary_k2t5i_100_/matter_ants.json
Loading graph from: data/konect/matter/indexed_interactions.csv
Parameters: k=2 θ=5
Inject: u=5 v=5 k=2 (in-memory; CSV unchanged)
Mode: vary ant-count (range=100, aco_runs=6)
ACO: iterations=5 pheromone=1 evaporation=0.95 subspecies=1
Pivot for quality baseline: no
Save: /home/kiyaanpillai/Documents/aco-mkdb/results/vary_k2t5i_100_/matter_ants.json
Reduction: simple
Graph edges: 58595
Injected biclique: u=5 v=5 k=2 (existing=0 inserted=23 missing=2)
  planted U: [3779, 5462, 10062, 12325, 12673]
  planted V: [4284, 11647, 19952, 21230, 21925]
  reserved missing: [(3779, 4284), (3779, 11647)]
nU=16726, nV=22015, |E|=58618

==================== VARY ant-count ====================
dataset=konect/matter  k=2  θ=5  iterations=5
ants-range=100  run_pivot=false  aco_runs=6
base_seed=1
prefer_smaller_side=false  neighbor_scope_limit=false
elite_pheromone=false  aco_tabu=false  mmas=false
reduction=simple (CNN / one-shot; progressive disabled)
DEBUG=true  plant_check=true

Warming up (excluded from timings)…
Prefer smaller side: false
Neighbor scope limit: false
Size of reduced graphs9 9
ACO MMAS disabled: species pheromone unbounded [0, +∞) (θ-heuristic not run for ACO)
ACO ablations: elite_pheromone=false tabu=false mmas=false
ACO subspecies 1 best: |U|=8 |V|=8 score=512 found_at_iter=1 found_at_t=0.0698s
ACO global best found at iteration 1 (t=0.0698s, score=512)

Reducing graph once (CNN)…
DEBUG: planted solution still in graph after reduction: yes dataset=konect/matter
  plant U=[3779, 5462, 10062, 12325, 12673]  V=[4284, 11647, 19952, 21230, 21925]

── Graph reduction ──
  wall_time_s                  0.0084s
  allocated_bytes              8.24 MiB  (8643448 bytes)
  reduced_nU                   2283
  reduced_nV                   3276
  reduced_edges                11825
  reduced_max_degree           49
  reduced_avg_degree           4.2543622953768665

── Graph structure ──
  nU                           16726
  nV                           22015
  edges                        58618
  reduced_nU                   2283
  reduced_nV                   3276
  reduced_edges                11825
  reduced_max_degree           49
  reduced_avg_degree           4.2543622953768665
  mutable_graph_bytes          12.12 MiB  (12710040 bytes)
  frozen_after_reduction_bytes 476.25 KiB  (487680 bytes)

θ-heuristic warmup (excluded from timings)…

Running θ-heuristic…

── θ-heuristic ──
  wall_time_s                  0.0016s
  allocated_bytes              1.02 MiB  (1072336 bytes)
  rss_delta_bytes              0.0 B  (0 bytes)
  rss_peak_bytes               843.71 MiB  (884690944 bytes)
  solution                     |U|=5 |V|=4 edges=18 missing=2 (k=2)
  final_edges                  18
  optimal_edges                —
  matched_optimal              false

Running θ-heuristic…

── θ-heuristic ──
  wall_time_s                  0.0013s
  allocated_bytes              1.02 MiB  (1072336 bytes)
  rss_delta_bytes              0.0 B  (0 bytes)
  rss_peak_bytes               843.71 MiB  (884690944 bytes)
  solution                     |U|=5 |V|=4 edges=18 missing=2 (k=2)
  final_edges                  18
  optimal_edges                —
  matched_optimal              false

── ACO ants=100  run 1/6  seed=1  (JIT warmup; recorded but discarded in emit) ──
Prefer smaller side: false
Neighbor scope limit: false
Size of reduced graphs2283 3276
ACO MMAS disabled: species pheromone unbounded [0, +∞) (θ-heuristic not run for ACO)
ACO ablations: elite_pheromone=false tabu=false mmas=false
ACO subspecies 1 best: |U|=2 |V|=2 score=4 found_at_iter=2 found_at_t=4.5887s
ACO global best found at iteration 2 (t=4.5887s, score=4)
  wall=16.2534s  to_best=4.5887s  iters→best=2  edges=2  vs heur=18  [warmup]

── ACO ants=100  run 2/6  seed=2 ──
Prefer smaller side: false
Neighbor scope limit: false
Size of reduced graphs2283 3276
ACO MMAS disabled: species pheromone unbounded [0, +∞) (θ-heuristic not run for ACO)
ACO ablations: elite_pheromone=false tabu=false mmas=false
ACO subspecies 1 best: |U|=2 |V|=5 score=4 found_at_iter=3 found_at_t=7.9581s
ACO global best found at iteration 3 (t=7.9581s, score=4)
  wall=17.3457s  to_best=7.9581s  iters→best=3  edges=8  vs heur=18

── ACO ants=100  run 3/6  seed=3 ──
Prefer smaller side: false
Neighbor scope limit: false
Size of reduced graphs2283 3276
ACO MMAS disabled: species pheromone unbounded [0, +∞) (θ-heuristic not run for ACO)
ACO ablations: elite_pheromone=false tabu=false mmas=false
ACO subspecies 1 best: |U|=5 |V|=1 score=1 found_at_iter=1 found_at_t=1.8716s
ACO global best found at iteration 1 (t=1.8716s, score=1)
  wall=17.5285s  to_best=1.8716s  iters→best=1  edges=3  vs heur=18

── ACO ants=100  run 4/6  seed=4 ──
Prefer smaller side: false
Neighbor scope limit: false
Size of reduced graphs2283 3276
ACO MMAS disabled: species pheromone unbounded [0, +∞) (θ-heuristic not run for ACO)
ACO ablations: elite_pheromone=false tabu=false mmas=false
ACO subspecies 1 best: |U|=5 |V|=1 score=1 found_at_iter=1 found_at_t=2.4898s
ACO global best found at iteration 1 (t=2.4898s, score=1)
  wall=15.7065s  to_best=2.4898s  iters→best=1  edges=3  vs heur=18

── ACO ants=100  run 5/6  seed=5 ──
Prefer smaller side: false
Neighbor scope limit: false
Size of reduced graphs2283 3276
ACO MMAS disabled: species pheromone unbounded [0, +∞) (θ-heuristic not run for ACO)
ACO ablations: elite_pheromone=false tabu=false mmas=false
ACO subspecies 1 best: |U|=2 |V|=3 score=4 found_at_iter=1 found_at_t=1.4887s
ACO global best found at iteration 1 (t=1.4887s, score=4)
  wall=15.4607s  to_best=1.4887s  iters→best=1  edges=4  vs heur=18

── ACO ants=100  run 6/6  seed=6 ──
Prefer smaller side: false
Neighbor scope limit: false
Size of reduced graphs2283 3276
ACO MMAS disabled: species pheromone unbounded [0, +∞) (θ-heuristic not run for ACO)
ACO ablations: elite_pheromone=false tabu=false mmas=false
ACO subspecies 1 best: |U|=6 |V|=2 score=4 found_at_iter=2 found_at_t=3.965s
ACO global best found at iteration 2 (t=3.965s, score=4)
  wall=10.4795s  to_best=3.9650s  iters→best=2  edges=10  vs heur=18

==================== SUMMARY ======================
θ-heuristic edges=18  θ-feasible=false  |U|=5 |V|=4
ants    run   time        iters   edges     >heur   optimal
100     1     16.2534s    2       2         no      —
100     2     17.3457s    3       8         no      —
100     3     17.5285s    1       3         no      —
100     4     15.7065s    1       3         no      —
100     5     15.4607s    1       4         no      —
100     6     10.4795s    2       10        no      —
===================================================

Best ACO trial (by edges): ants=100  run=6  edges=10  discovery=76.5209s  ITB=2  TTB=3.9650s  θ-feasible=false
Wrote benchmark results → /home/kiyaanpillai/Documents/aco-mkdb/results/vary_k2t5i_100_/matter_ants.json
Random seed: --seed=1
a = 47222280504

[28/37] konect/openflights → results/vary_k2t5i_100_/openflights_ants.json
Loading graph from: data/konect/openflights/indexed_interactions.csv
Parameters: k=2 θ=5
Inject: u=5 v=5 k=2 (in-memory; CSV unchanged)
Mode: vary ant-count (range=100, aco_runs=6)
ACO: iterations=5 pheromone=1 evaporation=0.95 subspecies=1
Pivot for quality baseline: no
Save: /home/kiyaanpillai/Documents/aco-mkdb/results/vary_k2t5i_100_/openflights_ants.json
Reduction: simple
Graph edges: 67663
Injected biclique: u=5 v=5 k=2 (existing=0 inserted=23 missing=2)
  planted U: [1193, 1491, 2257, 2836, 3127]
  planted V: [159, 1222, 1637, 1950, 2304]
  reserved missing: [(1193, 1637), (1491, 159)]
nU=3409, nV=3418, |E|=67686

==================== VARY ant-count ====================
dataset=konect/openflights  k=2  θ=5  iterations=5
ants-range=100  run_pivot=false  aco_runs=6
base_seed=1
prefer_smaller_side=false  neighbor_scope_limit=false
elite_pheromone=false  aco_tabu=false  mmas=false
reduction=simple (CNN / one-shot; progressive disabled)
DEBUG=true  plant_check=true

Warming up (excluded from timings)…
Prefer smaller side: false
Neighbor scope limit: false
Size of reduced graphs9 9
ACO MMAS disabled: species pheromone unbounded [0, +∞) (θ-heuristic not run for ACO)
ACO ablations: elite_pheromone=false tabu=false mmas=false
ACO subspecies 1 best: |U|=8 |V|=8 score=512 found_at_iter=1 found_at_t=0.0624s
ACO global best found at iteration 1 (t=0.0624s, score=512)

Reducing graph once (CNN)…
DEBUG: planted solution still in graph after reduction: yes dataset=konect/openflights
  plant U=[1193, 1491, 2257, 2836, 3127]  V=[159, 1222, 1637, 1950, 2304]

── Graph reduction ──
  wall_time_s                  0.0133s
  allocated_bytes              4.51 MiB  (4728936 bytes)
  reduced_nU                   1480
  reduced_nV                   1485
  reduced_edges                31970
  reduced_max_degree           239
  reduced_avg_degree           21.564924114671165

── Graph structure ──
  nU                           3409
  nV                           3418
  edges                        67686
  reduced_nU                   1480
  reduced_nV                   1485
  reduced_edges                31970
  reduced_max_degree           239
  reduced_avg_degree           21.564924114671165
  mutable_graph_bytes          3.72 MiB  (3905256 bytes)
  frozen_after_reduction_bytes 682.48 KiB  (698864 bytes)

θ-heuristic warmup (excluded from timings)…

Running θ-heuristic…

── θ-heuristic ──
  wall_time_s                  0.0026s
  allocated_bytes              1.44 MiB  (1511056 bytes)
  rss_delta_bytes              0.0 B  (0 bytes)
  rss_peak_bytes               816.57 MiB  (856240128 bytes)
  solution                     |U|=5 |V|=92 edges=458 missing=2 (k=2)
  final_edges                  458
  optimal_edges                —
  matched_optimal              false

Running θ-heuristic…

── θ-heuristic ──
  wall_time_s                  0.0027s
  allocated_bytes              1.44 MiB  (1511056 bytes)
  rss_delta_bytes              0.0 B  (0 bytes)
  rss_peak_bytes               816.57 MiB  (856240128 bytes)
  solution                     |U|=5 |V|=92 edges=458 missing=2 (k=2)
  final_edges                  458
  optimal_edges                —
  matched_optimal              false

── ACO ants=100  run 1/6  seed=1  (JIT warmup; recorded but discarded in emit) ──
Prefer smaller side: false
Neighbor scope limit: false
Size of reduced graphs1480 1485
ACO MMAS disabled: species pheromone unbounded [0, +∞) (θ-heuristic not run for ACO)
ACO ablations: elite_pheromone=false tabu=false mmas=false
ACO subspecies 1 best: |U|=5 |V|=83 score=2075 found_at_iter=5 found_at_t=0.4305s
ACO global best found at iteration 5 (t=0.4305s, score=2075)
  wall=0.4373s  to_best=0.4305s  iters→best=5  edges=413  vs heur=458  [warmup]

── ACO ants=100  run 2/6  seed=2 ──
Prefer smaller side: false
Neighbor scope limit: false
Size of reduced graphs1480 1485
ACO MMAS disabled: species pheromone unbounded [0, +∞) (θ-heuristic not run for ACO)
ACO ablations: elite_pheromone=false tabu=false mmas=false
ACO subspecies 1 best: |U|=50 |V|=8 score=3200 found_at_iter=3 found_at_t=0.2641s
ACO global best found at iteration 3 (t=0.2642s, score=3200)
  wall=0.3897s  to_best=0.2641s  iters→best=3  edges=398  vs heur=458

── ACO ants=100  run 3/6  seed=3 ──
Prefer smaller side: false
Neighbor scope limit: false
Size of reduced graphs1480 1485
ACO MMAS disabled: species pheromone unbounded [0, +∞) (θ-heuristic not run for ACO)
ACO ablations: elite_pheromone=false tabu=false mmas=false
ACO subspecies 1 best: |U|=7 |V|=49 score=2401 found_at_iter=2 found_at_t=0.236s
ACO global best found at iteration 2 (t=0.236s, score=2401)
  wall=0.4091s  to_best=0.2360s  iters→best=2  edges=341  vs heur=458

── ACO ants=100  run 4/6  seed=4 ──
Prefer smaller side: false
Neighbor scope limit: false
Size of reduced graphs1480 1485
ACO MMAS disabled: species pheromone unbounded [0, +∞) (θ-heuristic not run for ACO)
ACO ablations: elite_pheromone=false tabu=false mmas=false
ACO subspecies 1 best: |U|=73 |V|=5 score=1825 found_at_iter=5 found_at_t=0.4149s
ACO global best found at iteration 5 (t=0.415s, score=1825)
  wall=0.4238s  to_best=0.4149s  iters→best=5  edges=363  vs heur=458

── ACO ants=100  run 5/6  seed=5 ──
Prefer smaller side: false
Neighbor scope limit: false
Size of reduced graphs1480 1485
ACO MMAS disabled: species pheromone unbounded [0, +∞) (θ-heuristic not run for ACO)
ACO ablations: elite_pheromone=false tabu=false mmas=false
ACO subspecies 1 best: |U|=6 |V|=52 score=1872 found_at_iter=5 found_at_t=0.3241s
ACO global best found at iteration 5 (t=0.3241s, score=1872)
  wall=0.3278s  to_best=0.3241s  iters→best=5  edges=310  vs heur=458

── ACO ants=100  run 6/6  seed=6 ──
Prefer smaller side: false
Neighbor scope limit: false
Size of reduced graphs1480 1485
ACO MMAS disabled: species pheromone unbounded [0, +∞) (θ-heuristic not run for ACO)
ACO ablations: elite_pheromone=false tabu=false mmas=false
ACO subspecies 1 best: |U|=68 |V|=6 score=2448 found_at_iter=2 found_at_t=0.2176s
ACO global best found at iteration 2 (t=0.2176s, score=2448)
  wall=0.3927s  to_best=0.2176s  iters→best=2  edges=406  vs heur=458

==================== SUMMARY ======================
θ-heuristic edges=458  θ-feasible=true  |U|=5 |V|=92
ants    run   time        iters   edges     >heur   optimal
100     1     0.4373s     5       413       no      —
100     2     0.3897s     3       398       no      —
100     3     0.4091s     2       341       no      —
100     4     0.4238s     5       363       no      —
100     5     0.3278s     5       310       no      —
100     6     0.3927s     2       406       no      —
===================================================

Best ACO trial (by edges): ants=100  run=6  edges=406  discovery=1.9431s  ITB=2  TTB=0.2176s  θ-feasible=true
Wrote benchmark results → /home/kiyaanpillai/Documents/aco-mkdb/results/vary_k2t5i_100_/openflights_ants.json
Random seed: --seed=1
a = 4844906264

[29/37] konect-small/nawiki → results/vary_k2t5i_100_/nawiki_ants.json
Loading graph from: data/konect-small/nawiki/indexed_interactions.csv
Parameters: k=2 θ=5
Inject: u=5 v=5 k=2 (in-memory; CSV unchanged)
Mode: vary ant-count (range=100, aco_runs=6)
ACO: iterations=5 pheromone=1 evaporation=0.95 subspecies=1
Pivot for quality baseline: no
Save: /home/kiyaanpillai/Documents/aco-mkdb/results/vary_k2t5i_100_/nawiki_ants.json
Reduction: simple
Graph edges: 70695
Injected biclique: u=5 v=5 k=2 (existing=0 inserted=23 missing=2)
  planted U: [235, 434, 512, 666, 817]
  planted V: [43, 298, 1929, 2056, 3533]
  reserved missing: [(512, 298), (666, 3533)]
nU=844, nV=4014, |E|=70718

==================== VARY ant-count ====================
dataset=konect-small/nawiki  k=2  θ=5  iterations=5
ants-range=100  run_pivot=false  aco_runs=6
base_seed=1
prefer_smaller_side=false  neighbor_scope_limit=false
elite_pheromone=false  aco_tabu=false  mmas=false
reduction=simple (CNN / one-shot; progressive disabled)
DEBUG=true  plant_check=true

Warming up (excluded from timings)…
Prefer smaller side: false
Neighbor scope limit: false
Size of reduced graphs9 9
ACO MMAS disabled: species pheromone unbounded [0, +∞) (θ-heuristic not run for ACO)
ACO ablations: elite_pheromone=false tabu=false mmas=false
ACO subspecies 1 best: |U|=8 |V|=8 score=512 found_at_iter=1 found_at_t=0.0615s
ACO global best found at iteration 1 (t=0.0615s, score=512)

Reducing graph once (CNN)…
DEBUG: planted solution still in graph after reduction: yes dataset=konect-small/nawiki
  plant U=[235, 434, 512, 666, 817]  V=[43, 298, 1929, 2056, 3533]

── Graph reduction ──
  wall_time_s                  0.0150s
  allocated_bytes              3.03 MiB  (3179744 bytes)
  reduced_nU                   204
  reduced_nV                   1337
  reduced_edges                22032
  reduced_max_degree           1088
  reduced_avg_degree           28.594419208306295

── Graph structure ──
  nU                           844
  nV                           4014
  edges                        70718
  reduced_nU                   204
  reduced_nV                   1337
  reduced_edges                22032
  reduced_max_degree           1088
  reduced_avg_degree           28.594419208306295
  mutable_graph_bytes          2.78 MiB  (2919272 bytes)
  frozen_after_reduction_bytes 411.45 KiB  (421328 bytes)

θ-heuristic warmup (excluded from timings)…

Running θ-heuristic…

── θ-heuristic ──
  wall_time_s                  0.0027s
  allocated_bytes              1.0 MiB  (1051296 bytes)
  rss_delta_bytes              0.0 B  (0 bytes)
  rss_peak_bytes               849.25 MiB  (890503168 bytes)
  solution                     |U|=5 |V|=431 edges=2153 missing=2 (k=2)
  final_edges                  2153
  optimal_edges                —
  matched_optimal              false

Running θ-heuristic…

── θ-heuristic ──
  wall_time_s                  0.0027s
  allocated_bytes              1.0 MiB  (1051296 bytes)
  rss_delta_bytes              0.0 B  (0 bytes)
  rss_peak_bytes               849.25 MiB  (890503168 bytes)
  solution                     |U|=5 |V|=431 edges=2153 missing=2 (k=2)
  final_edges                  2153
  optimal_edges                —
  matched_optimal              false

── ACO ants=100  run 1/6  seed=1  (JIT warmup; recorded but discarded in emit) ──
Prefer smaller side: false
Neighbor scope limit: false
Size of reduced graphs204 1337
ACO MMAS disabled: species pheromone unbounded [0, +∞) (θ-heuristic not run for ACO)
ACO ablations: elite_pheromone=false tabu=false mmas=false
ACO subspecies 1 best: |U|=7 |V|=345 score=16905 found_at_iter=3 found_at_t=0.7616s
ACO global best found at iteration 3 (t=0.7617s, score=16905)
  wall=1.5308s  to_best=0.7616s  iters→best=3  edges=2413  vs heur=2153 (beats)  [warmup]

── ACO ants=100  run 2/6  seed=2 ──
Prefer smaller side: false
Neighbor scope limit: false
Size of reduced graphs204 1337
ACO MMAS disabled: species pheromone unbounded [0, +∞) (θ-heuristic not run for ACO)
ACO ablations: elite_pheromone=false tabu=false mmas=false
ACO subspecies 1 best: |U|=7 |V|=345 score=16905 found_at_iter=3 found_at_t=0.5224s
ACO global best found at iteration 3 (t=0.5225s, score=16905)
  wall=1.1810s  to_best=0.5224s  iters→best=3  edges=2413  vs heur=2153 (beats)

── ACO ants=100  run 3/6  seed=3 ──
Prefer smaller side: false
Neighbor scope limit: false
Size of reduced graphs204 1337
ACO MMAS disabled: species pheromone unbounded [0, +∞) (θ-heuristic not run for ACO)
ACO ablations: elite_pheromone=false tabu=false mmas=false
ACO subspecies 1 best: |U|=7 |V|=345 score=16905 found_at_iter=4 found_at_t=0.8016s
ACO global best found at iteration 4 (t=0.8017s, score=16905)
  wall=1.1235s  to_best=0.8016s  iters→best=4  edges=2413  vs heur=2153 (beats)

── ACO ants=100  run 4/6  seed=4 ──
Prefer smaller side: false
Neighbor scope limit: false
Size of reduced graphs204 1337
ACO MMAS disabled: species pheromone unbounded [0, +∞) (θ-heuristic not run for ACO)
ACO ablations: elite_pheromone=false tabu=false mmas=false
ACO subspecies 1 best: |U|=8 |V|=299 score=19136 found_at_iter=3 found_at_t=0.5374s
ACO global best found at iteration 3 (t=0.5374s, score=19136)
  wall=1.1882s  to_best=0.5374s  iters→best=3  edges=2390  vs heur=2153 (beats)

── ACO ants=100  run 5/6  seed=5 ──
Prefer smaller side: false
Neighbor scope limit: false
Size of reduced graphs204 1337
ACO MMAS disabled: species pheromone unbounded [0, +∞) (θ-heuristic not run for ACO)
ACO ablations: elite_pheromone=false tabu=false mmas=false
ACO subspecies 1 best: |U|=7 |V|=341 score=16709 found_at_iter=2 found_at_t=0.313s
ACO global best found at iteration 2 (t=0.3131s, score=16709)
  wall=1.3186s  to_best=0.3130s  iters→best=2  edges=2385  vs heur=2153 (beats)

── ACO ants=100  run 6/6  seed=6 ──
Prefer smaller side: false
Neighbor scope limit: false
Size of reduced graphs204 1337
ACO MMAS disabled: species pheromone unbounded [0, +∞) (θ-heuristic not run for ACO)
ACO ablations: elite_pheromone=false tabu=false mmas=false
ACO subspecies 1 best: |U|=8 |V|=303 score=19392 found_at_iter=2 found_at_t=0.2269s
ACO global best found at iteration 2 (t=0.227s, score=19392)
  wall=0.9442s  to_best=0.2269s  iters→best=2  edges=2422  vs heur=2153 (beats)

==================== SUMMARY ======================
θ-heuristic edges=2153  θ-feasible=true  |U|=5 |V|=431
ants    run   time        iters   edges     >heur   optimal
100     1     1.5308s     3       2413      yes     —
100     2     1.1810s     3       2413      yes     —
100     3     1.1235s     4       2413      yes     —
100     4     1.1882s     3       2390      yes     —
100     5     1.3186s     2       2385      yes     —
100     6     0.9442s     2       2422      yes     —
===================================================

Best ACO trial (by edges): ants=100  run=6  edges=2422  discovery=5.7554s  ITB=2  TTB=0.2269s  θ-feasible=true
Wrote benchmark results → /home/kiyaanpillai/Documents/aco-mkdb/results/vary_k2t5i_100_/nawiki_ants.json
Random seed: --seed=1
a = 6901279992

[30/37] amazon/magazine → results/vary_k2t5i_100_/magazine_ants.json
Loading graph from: data/amazon/magazine/indexed_interactions.csv
Parameters: k=2 θ=5
Inject: u=5 v=5 k=2 (in-memory; CSV unchanged)
Mode: vary ant-count (range=100, aco_runs=6)
ACO: iterations=5 pheromone=1 evaporation=0.95 subspecies=1
Pivot for quality baseline: no
Save: /home/kiyaanpillai/Documents/aco-mkdb/results/vary_k2t5i_100_/magazine_ants.json
Reduction: simple
Graph edges: 71497
Injected biclique: u=5 v=5 k=2 (existing=0 inserted=23 missing=2)
  planted U: [666, 12313, 42675, 51889, 59682]
  planted V: [1546, 1962, 2797, 3197, 3273]
  reserved missing: [(666, 3273), (51889, 3273)]
nU=60144, nV=3391, |E|=71520

==================== VARY ant-count ====================
dataset=amazon/magazine  k=2  θ=5  iterations=5
ants-range=100  run_pivot=false  aco_runs=6
base_seed=1
prefer_smaller_side=false  neighbor_scope_limit=false
elite_pheromone=false  aco_tabu=false  mmas=false
reduction=simple (CNN / one-shot; progressive disabled)
DEBUG=true  plant_check=true

Warming up (excluded from timings)…
Prefer smaller side: false
Neighbor scope limit: false
Size of reduced graphs9 9
ACO MMAS disabled: species pheromone unbounded [0, +∞) (θ-heuristic not run for ACO)
ACO ablations: elite_pheromone=false tabu=false mmas=false
ACO subspecies 1 best: |U|=8 |V|=8 score=512 found_at_iter=1 found_at_t=0.0627s
ACO global best found at iteration 1 (t=0.0627s, score=512)

Reducing graph once (CNN)…
DEBUG: planted solution still in graph after reduction: yes dataset=amazon/magazine
  plant U=[666, 12313, 42675, 51889, 59682]  V=[1546, 1962, 2797, 3197, 3273]

── Graph reduction ──
  wall_time_s                  0.0107s
  allocated_bytes              9.07 MiB  (9510632 bytes)
  reduced_nU                   248
  reduced_nV                   76
  reduced_edges                922
  reduced_max_degree           47
  reduced_avg_degree           5.691358024691358

── Graph structure ──
  nU                           60144
  nV                           3391
  edges                        71520
  reduced_nU                   248
  reduced_nV                   76
  reduced_edges                922
  reduced_max_degree           47
  reduced_avg_degree           5.691358024691358
  mutable_graph_bytes          21.78 MiB  (22833704 bytes)
  frozen_after_reduction_bytes 30.72 KiB  (31456 bytes)

θ-heuristic warmup (excluded from timings)…

Running θ-heuristic…

── θ-heuristic ──
  wall_time_s                  0.0002s
  allocated_bytes              63.84 KiB  (65376 bytes)
  rss_delta_bytes              0.0 B  (0 bytes)
  rss_peak_bytes               851.44 MiB  (892796928 bytes)
  solution                     |U|=5 |V|=3 edges=14 missing=1 (k=2)
  final_edges                  14
  optimal_edges                —
  matched_optimal              false

Running θ-heuristic…

── θ-heuristic ──
  wall_time_s                  0.0002s
  allocated_bytes              63.84 KiB  (65376 bytes)
  rss_delta_bytes              0.0 B  (0 bytes)
  rss_peak_bytes               851.44 MiB  (892796928 bytes)
  solution                     |U|=5 |V|=3 edges=14 missing=1 (k=2)
  final_edges                  14
  optimal_edges                —
  matched_optimal              false

── ACO ants=100  run 1/6  seed=1  (JIT warmup; recorded but discarded in emit) ──
Prefer smaller side: false
Neighbor scope limit: false
Size of reduced graphs248 76
ACO MMAS disabled: species pheromone unbounded [0, +∞) (θ-heuristic not run for ACO)
ACO ablations: elite_pheromone=false tabu=false mmas=false
ACO subspecies 1 best: |U|=4 |V|=4 score=16 found_at_iter=2 found_at_t=0.0812s
ACO global best found at iteration 2 (t=0.0812s, score=16)
  wall=0.0931s  to_best=0.0812s  iters→best=2  edges=14  vs heur=14  [warmup]

── ACO ants=100  run 2/6  seed=2 ──
Prefer smaller side: false
Neighbor scope limit: false
Size of reduced graphs248 76
ACO MMAS disabled: species pheromone unbounded [0, +∞) (θ-heuristic not run for ACO)
ACO ablations: elite_pheromone=false tabu=false mmas=false
ACO subspecies 1 best: |U|=4 |V|=4 score=16 found_at_iter=4 found_at_t=0.0152s
ACO global best found at iteration 4 (t=0.0152s, score=16)
  wall=0.0201s  to_best=0.0152s  iters→best=4  edges=14  vs heur=14

── ACO ants=100  run 3/6  seed=3 ──
Prefer smaller side: false
Neighbor scope limit: false
Size of reduced graphs248 76
ACO MMAS disabled: species pheromone unbounded [0, +∞) (θ-heuristic not run for ACO)
ACO ablations: elite_pheromone=false tabu=false mmas=false
ACO subspecies 1 best: |U|=4 |V|=3 score=9 found_at_iter=1 found_at_t=0.0045s
ACO global best found at iteration 1 (t=0.0045s, score=9)
  wall=0.0179s  to_best=0.0045s  iters→best=1  edges=10  vs heur=14

── ACO ants=100  run 4/6  seed=4 ──
Prefer smaller side: false
Neighbor scope limit: false
Size of reduced graphs248 76
ACO MMAS disabled: species pheromone unbounded [0, +∞) (θ-heuristic not run for ACO)
ACO ablations: elite_pheromone=false tabu=false mmas=false
ACO subspecies 1 best: |U|=4 |V|=4 score=16 found_at_iter=3 found_at_t=0.01s
ACO global best found at iteration 3 (t=0.01s, score=16)
  wall=0.0180s  to_best=0.0100s  iters→best=3  edges=14  vs heur=14

── ACO ants=100  run 5/6  seed=5 ──
Prefer smaller side: false
Neighbor scope limit: false
Size of reduced graphs248 76
ACO MMAS disabled: species pheromone unbounded [0, +∞) (θ-heuristic not run for ACO)
ACO ablations: elite_pheromone=false tabu=false mmas=false
ACO subspecies 1 best: |U|=3 |V|=3 score=9 found_at_iter=1 found_at_t=0.0043s
ACO global best found at iteration 1 (t=0.0043s, score=9)
  wall=0.0180s  to_best=0.0043s  iters→best=1  edges=7  vs heur=14

── ACO ants=100  run 6/6  seed=6 ──
Prefer smaller side: false
Neighbor scope limit: false
Size of reduced graphs248 76
ACO MMAS disabled: species pheromone unbounded [0, +∞) (θ-heuristic not run for ACO)
ACO ablations: elite_pheromone=false tabu=false mmas=false
ACO subspecies 1 best: |U|=4 |V|=4 score=16 found_at_iter=5 found_at_t=0.0214s
ACO global best found at iteration 5 (t=0.0214s, score=16)
  wall=0.0219s  to_best=0.0214s  iters→best=5  edges=14  vs heur=14

==================== SUMMARY ======================
θ-heuristic edges=14  θ-feasible=false  |U|=5 |V|=3
ants    run   time        iters   edges     >heur   optimal
100     1     0.0931s     2       14        no      —
100     2     0.0201s     4       14        no      —
100     3     0.0179s     1       10        no      —
100     4     0.0180s     3       14        no      —
100     5     0.0180s     1       7         no      —
100     6     0.0219s     5       14        no      —
===================================================

Best ACO trial (by edges): ants=100  run=4  edges=14  discovery=0.0959s  ITB=3  TTB=0.0100s  θ-feasible=false
Wrote benchmark results → /home/kiyaanpillai/Documents/aco-mkdb/results/vary_k2t5i_100_/magazine_ants.json
Random seed: --seed=1
a = 2967000800

[31/37] amazon/music → results/vary_k2t5i_100_/music_ants.json
Loading graph from: data/amazon/music/indexed_interactions.csv
Parameters: k=2 θ=5
Inject: u=5 v=5 k=2 (in-memory; CSV unchanged)
Mode: vary ant-count (range=100, aco_runs=6)
ACO: iterations=5 pheromone=1 evaporation=0.95 subspecies=1
Pivot for quality baseline: no
Save: /home/kiyaanpillai/Documents/aco-mkdb/results/vary_k2t5i_100_/music_ants.json
Reduction: simple
Graph edges: 130434
Injected biclique: u=5 v=5 k=2 (existing=0 inserted=23 missing=2)
  planted U: [23801, 25098, 43816, 89046, 93575]
  planted V: [4477, 16630, 27239, 36233, 58130]
  reserved missing: [(23801, 4477), (93575, 16630)]
nU=100952, nV=70519, |E|=130457

==================== VARY ant-count ====================
dataset=amazon/music  k=2  θ=5  iterations=5
ants-range=100  run_pivot=false  aco_runs=6
base_seed=1
prefer_smaller_side=false  neighbor_scope_limit=false
elite_pheromone=false  aco_tabu=false  mmas=false
reduction=simple (CNN / one-shot; progressive disabled)
DEBUG=true  plant_check=true

Warming up (excluded from timings)…
Prefer smaller side: false
Neighbor scope limit: false
Size of reduced graphs9 9
ACO MMAS disabled: species pheromone unbounded [0, +∞) (θ-heuristic not run for ACO)
ACO ablations: elite_pheromone=false tabu=false mmas=false
ACO subspecies 1 best: |U|=8 |V|=8 score=512 found_at_iter=1 found_at_t=0.0617s
ACO global best found at iteration 1 (t=0.0617s, score=512)

Reducing graph once (CNN)…
DEBUG: planted solution still in graph after reduction: yes dataset=amazon/music
  plant U=[23801, 25098, 43816, 89046, 93575]  V=[4477, 16630, 27239, 36233, 58130]

── Graph reduction ──
  wall_time_s                  0.0262s
  allocated_bytes              23.15 MiB  (24271960 bytes)
  reduced_nU                   63
  reduced_nV                   81
  reduced_edges                298
  reduced_max_degree           11
  reduced_avg_degree           4.138888888888889

── Graph structure ──
  nU                           100952
  nV                           70519
  edges                        130457
  reduced_nU                   63
  reduced_nV                   81
  reduced_edges                298
  reduced_max_degree           11
  reduced_avg_degree           4.138888888888889
  mutable_graph_bytes          51.18 MiB  (53663464 bytes)
  frozen_after_reduction_bytes 11.78 KiB  (12064 bytes)

θ-heuristic warmup (excluded from timings)…

Running θ-heuristic…

── θ-heuristic ──
  wall_time_s                  0.0001s
  allocated_bytes              28.5 KiB  (29184 bytes)
  rss_delta_bytes              0.0 B  (0 bytes)
  rss_peak_bytes               898.73 MiB  (942391296 bytes)
  solution                     |U|=5 |V|=3 edges=13 missing=2 (k=2)
  final_edges                  13
  optimal_edges                —
  matched_optimal              false

Running θ-heuristic…

── θ-heuristic ──
  wall_time_s                  0.0001s
  allocated_bytes              28.5 KiB  (29184 bytes)
  rss_delta_bytes              0.0 B  (0 bytes)
  rss_peak_bytes               898.73 MiB  (942391296 bytes)
  solution                     |U|=5 |V|=3 edges=13 missing=2 (k=2)
  final_edges                  13
  optimal_edges                —
  matched_optimal              false

── ACO ants=100  run 1/6  seed=1  (JIT warmup; recorded but discarded in emit) ──
Prefer smaller side: false
Neighbor scope limit: false
Size of reduced graphs63 81
ACO MMAS disabled: species pheromone unbounded [0, +∞) (θ-heuristic not run for ACO)
ACO ablations: elite_pheromone=false tabu=false mmas=false
ACO subspecies 1 best: |U|=2 |V|=2 score=4 found_at_iter=1 found_at_t=0.0015s
ACO global best found at iteration 1 (t=0.0015s, score=4)
  wall=0.0829s  to_best=0.0015s  iters→best=1  edges=2  vs heur=13  [warmup]

── ACO ants=100  run 2/6  seed=2 ──
Prefer smaller side: false
Neighbor scope limit: false
Size of reduced graphs63 81
ACO MMAS disabled: species pheromone unbounded [0, +∞) (θ-heuristic not run for ACO)
ACO ablations: elite_pheromone=false tabu=false mmas=false
ACO subspecies 1 best: |U|=4 |V|=4 score=16 found_at_iter=3 found_at_t=0.0055s
ACO global best found at iteration 3 (t=0.0055s, score=16)
  wall=0.0104s  to_best=0.0055s  iters→best=3  edges=14  vs heur=13

── ACO ants=100  run 3/6  seed=3 ──
Prefer smaller side: false
Neighbor scope limit: false
Size of reduced graphs63 81
ACO MMAS disabled: species pheromone unbounded [0, +∞) (θ-heuristic not run for ACO)
ACO ablations: elite_pheromone=false tabu=false mmas=false
ACO subspecies 1 best: |U|=4 |V|=4 score=16 found_at_iter=3 found_at_t=0.0052s
ACO global best found at iteration 3 (t=0.0052s, score=16)
  wall=0.0092s  to_best=0.0052s  iters→best=3  edges=14  vs heur=13

── ACO ants=100  run 4/6  seed=4 ──
Prefer smaller side: false
Neighbor scope limit: false
Size of reduced graphs63 81
ACO MMAS disabled: species pheromone unbounded [0, +∞) (θ-heuristic not run for ACO)
ACO ablations: elite_pheromone=false tabu=false mmas=false
ACO subspecies 1 best: |U|=4 |V|=4 score=16 found_at_iter=2 found_at_t=0.0035s
ACO global best found at iteration 2 (t=0.0035s, score=16)
  wall=0.0086s  to_best=0.0035s  iters→best=2  edges=14  vs heur=13

── ACO ants=100  run 5/6  seed=5 ──
Prefer smaller side: false
Neighbor scope limit: false
Size of reduced graphs63 81
ACO MMAS disabled: species pheromone unbounded [0, +∞) (θ-heuristic not run for ACO)
ACO ablations: elite_pheromone=false tabu=false mmas=false
ACO subspecies 1 best: |U|=4 |V|=4 score=16 found_at_iter=3 found_at_t=0.0064s
ACO global best found at iteration 3 (t=0.0064s, score=16)
  wall=0.0133s  to_best=0.0064s  iters→best=3  edges=14  vs heur=13

── ACO ants=100  run 6/6  seed=6 ──
Prefer smaller side: false
Neighbor scope limit: false
Size of reduced graphs63 81
ACO MMAS disabled: species pheromone unbounded [0, +∞) (θ-heuristic not run for ACO)
ACO ablations: elite_pheromone=false tabu=false mmas=false
ACO subspecies 1 best: |U|=4 |V|=4 score=16 found_at_iter=2 found_at_t=0.0035s
ACO global best found at iteration 2 (t=0.0035s, score=16)
  wall=0.0108s  to_best=0.0035s  iters→best=2  edges=14  vs heur=13

==================== SUMMARY ======================
θ-heuristic edges=13  θ-feasible=false  |U|=5 |V|=3
ants    run   time        iters   edges     >heur   optimal
100     1     0.0829s     1       2         no      —
100     2     0.0104s     3       14        no      —
100     3     0.0092s     3       14        no      —
100     4     0.0086s     2       14        no      —
100     5     0.0133s     3       14        no      —
100     6     0.0108s     2       14        no      —
===================================================

Best ACO trial (by edges): ants=100  run=4  edges=14  discovery=0.0523s  ITB=2  TTB=0.0035s  θ-feasible=false
Wrote benchmark results → /home/kiyaanpillai/Documents/aco-mkdb/results/vary_k2t5i_100_/music_ants.json
Random seed: --seed=1
a = 3133985400

[32/37] amazon/gift-cards → results/vary_k2t5i_100_/gift-cards_ants.json
Loading graph from: data/amazon/gift-cards/indexed_interactions.csv
Parameters: k=2 θ=5
Inject: u=5 v=5 k=2 (in-memory; CSV unchanged)
Mode: vary ant-count (range=100, aco_runs=6)
ACO: iterations=5 pheromone=1 evaporation=0.95 subspecies=1
Pivot for quality baseline: no
Save: /home/kiyaanpillai/Documents/aco-mkdb/results/vary_k2t5i_100_/gift-cards_ants.json
Reduction: simple
Graph edges: 152410
Injected biclique: u=5 v=5 k=2 (existing=0 inserted=23 missing=2)
  planted U: [41901, 44204, 63963, 73473, 93278]
  planted V: [47, 66, 682, 853, 955]
  reserved missing: [(44204, 66), (73473, 682)]
nU=132732, nV=1894, |E|=152433

==================== VARY ant-count ====================
dataset=amazon/gift-cards  k=2  θ=5  iterations=5
ants-range=100  run_pivot=false  aco_runs=6
base_seed=1
prefer_smaller_side=false  neighbor_scope_limit=false
elite_pheromone=false  aco_tabu=false  mmas=false
reduction=simple (CNN / one-shot; progressive disabled)
DEBUG=true  plant_check=true

Warming up (excluded from timings)…
Prefer smaller side: false
Neighbor scope limit: false
Size of reduced graphs9 9
ACO MMAS disabled: species pheromone unbounded [0, +∞) (θ-heuristic not run for ACO)
ACO ablations: elite_pheromone=false tabu=false mmas=false
ACO subspecies 1 best: |U|=8 |V|=8 score=512 found_at_iter=1 found_at_t=0.0629s
ACO global best found at iteration 1 (t=0.0629s, score=512)

Reducing graph once (CNN)…
DEBUG: planted solution still in graph after reduction: yes dataset=amazon/gift-cards
  plant U=[41901, 44204, 63963, 73473, 93278]  V=[47, 66, 682, 853, 955]

── Graph reduction ──
  wall_time_s                  0.1029s
  allocated_bytes              19.3 MiB  (20236072 bytes)
  reduced_nU                   620
  reduced_nV                   96
  reduced_edges                2260
  reduced_max_degree           189
  reduced_avg_degree           6.312849162011173

── Graph structure ──
  nU                           132732
  nV                           1894
  edges                        152433
  reduced_nU                   620
  reduced_nV                   96
  reduced_edges                2260
  reduced_max_degree           189
  reduced_avg_degree           6.312849162011173
  mutable_graph_bytes          41.03 MiB  (43024712 bytes)
  frozen_after_reduction_bytes 119.38 KiB  (122240 bytes)

θ-heuristic warmup (excluded from timings)…

Running θ-heuristic…

── θ-heuristic ──
  wall_time_s                  0.0003s
  allocated_bytes              139.27 KiB  (142616 bytes)
  rss_delta_bytes              0.0 B  (0 bytes)
  rss_peak_bytes               850.73 MiB  (892051456 bytes)
  solution                     |U|=5 |V|=4 edges=18 missing=2 (k=2)
  final_edges                  18
  optimal_edges                —
  matched_optimal              false

Running θ-heuristic…

── θ-heuristic ──
  wall_time_s                  0.0003s
  allocated_bytes              139.27 KiB  (142616 bytes)
  rss_delta_bytes              0.0 B  (0 bytes)
  rss_peak_bytes               850.73 MiB  (892051456 bytes)
  solution                     |U|=5 |V|=4 edges=18 missing=2 (k=2)
  final_edges                  18
  optimal_edges                —
  matched_optimal              false

── ACO ants=100  run 1/6  seed=1  (JIT warmup; recorded but discarded in emit) ──
Prefer smaller side: false
Neighbor scope limit: false
Size of reduced graphs620 96
ACO MMAS disabled: species pheromone unbounded [0, +∞) (θ-heuristic not run for ACO)
ACO ablations: elite_pheromone=false tabu=false mmas=false
ACO subspecies 1 best: |U|=4 |V|=4 score=16 found_at_iter=2 found_at_t=0.0926s
ACO global best found at iteration 2 (t=0.0926s, score=16)
  wall=0.1149s  to_best=0.0926s  iters→best=2  edges=14  vs heur=18  [warmup]

── ACO ants=100  run 2/6  seed=2 ──
Prefer smaller side: false
Neighbor scope limit: false
Size of reduced graphs620 96
ACO MMAS disabled: species pheromone unbounded [0, +∞) (θ-heuristic not run for ACO)
ACO ablations: elite_pheromone=false tabu=false mmas=false
ACO subspecies 1 best: |U|=4 |V|=4 score=16 found_at_iter=3 found_at_t=0.0337s
ACO global best found at iteration 3 (t=0.0337s, score=16)
  wall=0.0549s  to_best=0.0337s  iters→best=3  edges=14  vs heur=18

── ACO ants=100  run 3/6  seed=3 ──
Prefer smaller side: false
Neighbor scope limit: false
Size of reduced graphs620 96
ACO MMAS disabled: species pheromone unbounded [0, +∞) (θ-heuristic not run for ACO)
ACO ablations: elite_pheromone=false tabu=false mmas=false
ACO subspecies 1 best: |U|=4 |V|=4 score=16 found_at_iter=4 found_at_t=0.0685s
ACO global best found at iteration 4 (t=0.0685s, score=16)
  wall=0.0831s  to_best=0.0685s  iters→best=4  edges=14  vs heur=18

── ACO ants=100  run 4/6  seed=4 ──
Prefer smaller side: false
Neighbor scope limit: false
Size of reduced graphs620 96
ACO MMAS disabled: species pheromone unbounded [0, +∞) (θ-heuristic not run for ACO)
ACO ablations: elite_pheromone=false tabu=false mmas=false
ACO subspecies 1 best: |U|=4 |V|=4 score=16 found_at_iter=2 found_at_t=0.0209s
ACO global best found at iteration 2 (t=0.0209s, score=16)
  wall=0.0568s  to_best=0.0209s  iters→best=2  edges=14  vs heur=18

── ACO ants=100  run 5/6  seed=5 ──
Prefer smaller side: false
Neighbor scope limit: false
Size of reduced graphs620 96
ACO MMAS disabled: species pheromone unbounded [0, +∞) (θ-heuristic not run for ACO)
ACO ablations: elite_pheromone=false tabu=false mmas=false
ACO subspecies 1 best: |U|=4 |V|=4 score=16 found_at_iter=2 found_at_t=0.0267s
ACO global best found at iteration 2 (t=0.0267s, score=16)
  wall=0.0952s  to_best=0.0267s  iters→best=2  edges=14  vs heur=18

── ACO ants=100  run 6/6  seed=6 ──
Prefer smaller side: false
Neighbor scope limit: false
Size of reduced graphs620 96
ACO MMAS disabled: species pheromone unbounded [0, +∞) (θ-heuristic not run for ACO)
ACO ablations: elite_pheromone=false tabu=false mmas=false
ACO subspecies 1 best: |U|=4 |V|=4 score=16 found_at_iter=1 found_at_t=0.0085s
ACO global best found at iteration 1 (t=0.0085s, score=16)
  wall=0.0503s  to_best=0.0085s  iters→best=1  edges=14  vs heur=18

==================== SUMMARY ======================
θ-heuristic edges=18  θ-feasible=false  |U|=5 |V|=4
ants    run   time        iters   edges     >heur   optimal
100     1     0.1149s     2       14        no      —
100     2     0.0549s     3       14        no      —
100     3     0.0831s     4       14        no      —
100     4     0.0568s     2       14        no      —
100     5     0.0952s     2       14        no      —
100     6     0.0503s     1       14        no      —
===================================================

Best ACO trial (by edges): ants=100  run=6  edges=14  discovery=0.3403s  ITB=1  TTB=0.0085s  θ-feasible=false
Wrote benchmark results → /home/kiyaanpillai/Documents/aco-mkdb/results/vary_k2t5i_100_/gift-cards_ants.json
Random seed: --seed=1
a = 3331629096

[33/37] amazon/health → results/vary_k2t5i_100_/health_ants.json
Loading graph from: data/amazon/health/indexed_interactions.csv
Parameters: k=2 θ=5
Inject: u=5 v=5 k=2 (in-memory; CSV unchanged)
Mode: vary ant-count (range=100, aco_runs=6)
ACO: iterations=5 pheromone=1 evaporation=0.95 subspecies=1
Pivot for quality baseline: no
Save: /home/kiyaanpillai/Documents/aco-mkdb/results/vary_k2t5i_100_/health_ants.json
Reduction: simple
Graph edges: 494121
Injected biclique: u=5 v=5 k=2 (existing=0 inserted=23 missing=2)
  planted U: [27605, 40693, 71768, 135706, 340386]
  planted V: [906, 9324, 15979, 47923, 54832]
  reserved missing: [(27605, 54832), (71768, 15979)]
nU=461656, nV=62597, |E|=494144

==================== VARY ant-count ====================
dataset=amazon/health  k=2  θ=5  iterations=5
ants-range=100  run_pivot=false  aco_runs=6
base_seed=1
prefer_smaller_side=false  neighbor_scope_limit=false
elite_pheromone=false  aco_tabu=false  mmas=false
reduction=simple (CNN / one-shot; progressive disabled)
DEBUG=true  plant_check=true

Warming up (excluded from timings)…
Prefer smaller side: false
Neighbor scope limit: false
Size of reduced graphs9 9
ACO MMAS disabled: species pheromone unbounded [0, +∞) (θ-heuristic not run for ACO)
ACO ablations: elite_pheromone=false tabu=false mmas=false
ACO subspecies 1 best: |U|=8 |V|=8 score=512 found_at_iter=1 found_at_t=0.0621s
ACO global best found at iteration 1 (t=0.0621s, score=512)

Reducing graph once (CNN)…
DEBUG: planted solution still in graph after reduction: yes dataset=amazon/health
  plant U=[27605, 40693, 71768, 135706, 340386]  V=[906, 9324, 15979, 47923, 54832]

── Graph reduction ──
  wall_time_s                  0.1477s
  allocated_bytes              71.93 MiB  (75428816 bytes)
  reduced_nU                   57
  reduced_nV                   87
  reduced_edges                330
  reduced_max_degree           37
  reduced_avg_degree           4.583333333333333

── Graph structure ──
  nU                           461656
  nV                           62597
  edges                        494144
  reduced_nU                   57
  reduced_nV                   87
  reduced_edges                330
  reduced_max_degree           37
  reduced_avg_degree           4.583333333333333
  mutable_graph_bytes          158.58 MiB  (166283080 bytes)
  frozen_after_reduction_bytes 14.41 KiB  (14752 bytes)

θ-heuristic warmup (excluded from timings)…

Running θ-heuristic…

── θ-heuristic ──
  wall_time_s                  0.0001s
  allocated_bytes              34.58 KiB  (35408 bytes)
  rss_delta_bytes              0.0 B  (0 bytes)
  rss_peak_bytes               1.17 GiB  (1260867584 bytes)
  solution                     |U|=5 |V|=2 edges=8 missing=2 (k=2)
  final_edges                  8
  optimal_edges                —
  matched_optimal              false

Running θ-heuristic…

── θ-heuristic ──
  wall_time_s                  0.0001s
  allocated_bytes              34.58 KiB  (35408 bytes)
  rss_delta_bytes              0.0 B  (0 bytes)
  rss_peak_bytes               1.17 GiB  (1260867584 bytes)
  solution                     |U|=5 |V|=2 edges=8 missing=2 (k=2)
  final_edges                  8
  optimal_edges                —
  matched_optimal              false

── ACO ants=100  run 1/6  seed=1  (JIT warmup; recorded but discarded in emit) ──
Prefer smaller side: false
Neighbor scope limit: false
Size of reduced graphs57 87
ACO MMAS disabled: species pheromone unbounded [0, +∞) (θ-heuristic not run for ACO)
ACO ablations: elite_pheromone=false tabu=false mmas=false
ACO subspecies 1 best: |U|=3 |V|=3 score=9 found_at_iter=1 found_at_t=0.0017s
ACO global best found at iteration 1 (t=0.0017s, score=9)
  wall=0.0894s  to_best=0.0017s  iters→best=1  edges=7  vs heur=8  [warmup]

── ACO ants=100  run 2/6  seed=2 ──
Prefer smaller side: false
Neighbor scope limit: false
Size of reduced graphs57 87
ACO MMAS disabled: species pheromone unbounded [0, +∞) (θ-heuristic not run for ACO)
ACO ablations: elite_pheromone=false tabu=false mmas=false
ACO subspecies 1 best: |U|=4 |V|=4 score=16 found_at_iter=2 found_at_t=0.0043s
ACO global best found at iteration 2 (t=0.0043s, score=16)
  wall=0.0133s  to_best=0.0043s  iters→best=2  edges=14  vs heur=8

── ACO ants=100  run 3/6  seed=3 ──
Prefer smaller side: false
Neighbor scope limit: false
Size of reduced graphs57 87
ACO MMAS disabled: species pheromone unbounded [0, +∞) (θ-heuristic not run for ACO)
ACO ablations: elite_pheromone=false tabu=false mmas=false
ACO subspecies 1 best: |U|=3 |V|=4 score=9 found_at_iter=1 found_at_t=0.0017s
ACO global best found at iteration 1 (t=0.0017s, score=9)
  wall=0.0107s  to_best=0.0017s  iters→best=1  edges=10  vs heur=8

── ACO ants=100  run 4/6  seed=4 ──
Prefer smaller side: false
Neighbor scope limit: false
Size of reduced graphs57 87
ACO MMAS disabled: species pheromone unbounded [0, +∞) (θ-heuristic not run for ACO)
ACO ablations: elite_pheromone=false tabu=false mmas=false
ACO subspecies 1 best: |U|=3 |V|=3 score=9 found_at_iter=1 found_at_t=0.0021s
ACO global best found at iteration 1 (t=0.0021s, score=9)
  wall=0.0185s  to_best=0.0021s  iters→best=1  edges=7  vs heur=8

── ACO ants=100  run 5/6  seed=5 ──
Prefer smaller side: false
Neighbor scope limit: false
Size of reduced graphs57 87
ACO MMAS disabled: species pheromone unbounded [0, +∞) (θ-heuristic not run for ACO)
ACO ablations: elite_pheromone=false tabu=false mmas=false
ACO subspecies 1 best: |U|=4 |V|=4 score=16 found_at_iter=2 found_at_t=0.0036s
ACO global best found at iteration 2 (t=0.0036s, score=16)
  wall=0.0112s  to_best=0.0036s  iters→best=2  edges=14  vs heur=8

── ACO ants=100  run 6/6  seed=6 ──
Prefer smaller side: false
Neighbor scope limit: false
Size of reduced graphs57 87
ACO MMAS disabled: species pheromone unbounded [0, +∞) (θ-heuristic not run for ACO)
ACO ablations: elite_pheromone=false tabu=false mmas=false
ACO subspecies 1 best: |U|=3 |V|=3 score=9 found_at_iter=1 found_at_t=0.0016s
ACO global best found at iteration 1 (t=0.0016s, score=9)
  wall=0.0131s  to_best=0.0016s  iters→best=1  edges=7  vs heur=8

==================== SUMMARY ======================
θ-heuristic edges=8  θ-feasible=false  |U|=5 |V|=2
ants    run   time        iters   edges     >heur   optimal
100     1     0.0894s     1       7         no      —
100     2     0.0133s     2       14        no      —
100     3     0.0107s     1       10        no      —
100     4     0.0185s     1       7         no      —
100     5     0.0112s     2       14        no      —
100     6     0.0131s     1       7         no      —
===================================================

Best ACO trial (by edges): ants=100  run=5  edges=14  discovery=0.0668s  ITB=2  TTB=0.0036s  θ-feasible=false
Wrote benchmark results → /home/kiyaanpillai/Documents/aco-mkdb/results/vary_k2t5i_100_/health_ants.json
Random seed: --seed=1
a = 3883653816

[34/37] amazon/beauty → results/vary_k2t5i_100_/beauty_ants.json
Loading graph from: data/amazon/beauty/indexed_interactions.csv
Parameters: k=2 θ=5
Inject: u=5 v=5 k=2 (in-memory; CSV unchanged)
Mode: vary ant-count (range=100, aco_runs=6)
ACO: iterations=5 pheromone=1 evaporation=0.95 subspecies=1
Pivot for quality baseline: no
Save: /home/kiyaanpillai/Documents/aco-mkdb/results/vary_k2t5i_100_/beauty_ants.json
Reduction: simple
Graph edges: 701528
Injected biclique: u=5 v=5 k=2 (existing=0 inserted=23 missing=2)
  planted U: [312191, 478129, 508678, 595082, 607938]
  planted V: [31774, 36057, 72337, 107051, 115060]
  reserved missing: [(478129, 31774), (607938, 31774)]
nU=631986, nV=115709, |E|=701551

==================== VARY ant-count ====================
dataset=amazon/beauty  k=2  θ=5  iterations=5
ants-range=100  run_pivot=false  aco_runs=6
base_seed=1
prefer_smaller_side=false  neighbor_scope_limit=false
elite_pheromone=false  aco_tabu=false  mmas=false
reduction=simple (CNN / one-shot; progressive disabled)
DEBUG=true  plant_check=true

Warming up (excluded from timings)…
Prefer smaller side: false
Neighbor scope limit: false
Size of reduced graphs9 9
ACO MMAS disabled: species pheromone unbounded [0, +∞) (θ-heuristic not run for ACO)
ACO ablations: elite_pheromone=false tabu=false mmas=false
ACO subspecies 1 best: |U|=8 |V|=8 score=512 found_at_iter=1 found_at_t=0.062s
ACO global best found at iteration 1 (t=0.062s, score=512)

Reducing graph once (CNN)…
DEBUG: planted solution still in graph after reduction: yes dataset=amazon/beauty
  plant U=[312191, 478129, 508678, 595082, 607938]  V=[31774, 36057, 72337, 107051, 115060]

── Graph reduction ──
  wall_time_s                  0.2118s
  allocated_bytes              102.73 MiB  (107716168 bytes)
  reduced_nU                   103
  reduced_nV                   137
  reduced_edges                536
  reduced_max_degree           45
  reduced_avg_degree           4.466666666666667

── Graph structure ──
  nU                           631986
  nV                           115709
  edges                        701551
  reduced_nU                   103
  reduced_nV                   137
  reduced_edges                536
  reduced_max_degree           45
  reduced_avg_degree           4.466666666666667
  mutable_graph_bytes          215.53 MiB  (225999336 bytes)
  frozen_after_reduction_bytes 21.25 KiB  (21760 bytes)

θ-heuristic warmup (excluded from timings)…

Running θ-heuristic…

── θ-heuristic ──
  wall_time_s                  0.0001s
  allocated_bytes              51.52 KiB  (52752 bytes)
  rss_delta_bytes              0.0 B  (0 bytes)
  rss_peak_bytes               1.23 GiB  (1318035456 bytes)
  solution                     |U|=5 |V|=3 edges=13 missing=2 (k=2)
  final_edges                  13
  optimal_edges                —
  matched_optimal              false

Running θ-heuristic…

── θ-heuristic ──
  wall_time_s                  0.0001s
  allocated_bytes              51.52 KiB  (52752 bytes)
  rss_delta_bytes              0.0 B  (0 bytes)
  rss_peak_bytes               1.23 GiB  (1318035456 bytes)
  solution                     |U|=5 |V|=3 edges=13 missing=2 (k=2)
  final_edges                  13
  optimal_edges                —
  matched_optimal              false

── ACO ants=100  run 1/6  seed=1  (JIT warmup; recorded but discarded in emit) ──
Prefer smaller side: false
Neighbor scope limit: false
Size of reduced graphs103 137
ACO MMAS disabled: species pheromone unbounded [0, +∞) (θ-heuristic not run for ACO)
ACO ablations: elite_pheromone=false tabu=false mmas=false
ACO subspecies 1 best: |U|=4 |V|=3 score=9 found_at_iter=1 found_at_t=0.0034s
ACO global best found at iteration 1 (t=0.0034s, score=9)
  wall=0.0987s  to_best=0.0034s  iters→best=1  edges=10  vs heur=13  [warmup]

── ACO ants=100  run 2/6  seed=2 ──
Prefer smaller side: false
Neighbor scope limit: false
Size of reduced graphs103 137
ACO MMAS disabled: species pheromone unbounded [0, +∞) (θ-heuristic not run for ACO)
ACO ablations: elite_pheromone=false tabu=false mmas=false
ACO subspecies 1 best: |U|=3 |V|=6 score=9 found_at_iter=1 found_at_t=0.0024s
ACO global best found at iteration 1 (t=0.0024s, score=9)
  wall=0.0234s  to_best=0.0024s  iters→best=1  edges=16  vs heur=13

── ACO ants=100  run 3/6  seed=3 ──
Prefer smaller side: false
Neighbor scope limit: false
Size of reduced graphs103 137
ACO MMAS disabled: species pheromone unbounded [0, +∞) (θ-heuristic not run for ACO)
ACO ablations: elite_pheromone=false tabu=false mmas=false
ACO subspecies 1 best: |U|=3 |V|=3 score=9 found_at_iter=1 found_at_t=0.0035s
ACO global best found at iteration 1 (t=0.0035s, score=9)
  wall=0.0228s  to_best=0.0035s  iters→best=1  edges=7  vs heur=13

── ACO ants=100  run 4/6  seed=4 ──
Prefer smaller side: false
Neighbor scope limit: false
Size of reduced graphs103 137
ACO MMAS disabled: species pheromone unbounded [0, +∞) (θ-heuristic not run for ACO)
ACO ablations: elite_pheromone=false tabu=false mmas=false
ACO subspecies 1 best: |U|=3 |V|=5 score=9 found_at_iter=1 found_at_t=0.0036s
ACO global best found at iteration 1 (t=0.0036s, score=9)
  wall=0.0241s  to_best=0.0036s  iters→best=1  edges=13  vs heur=13

── ACO ants=100  run 5/6  seed=5 ──
Prefer smaller side: false
Neighbor scope limit: false
Size of reduced graphs103 137
ACO MMAS disabled: species pheromone unbounded [0, +∞) (θ-heuristic not run for ACO)
ACO ablations: elite_pheromone=false tabu=false mmas=false
ACO subspecies 1 best: |U|=3 |V|=4 score=9 found_at_iter=1 found_at_t=0.003s
ACO global best found at iteration 1 (t=0.003s, score=9)
  wall=0.0223s  to_best=0.0030s  iters→best=1  edges=10  vs heur=13

── ACO ants=100  run 6/6  seed=6 ──
Prefer smaller side: false
Neighbor scope limit: false
Size of reduced graphs103 137
ACO MMAS disabled: species pheromone unbounded [0, +∞) (θ-heuristic not run for ACO)
ACO ablations: elite_pheromone=false tabu=false mmas=false
ACO subspecies 1 best: |U|=3 |V|=3 score=9 found_at_iter=1 found_at_t=0.0028s
ACO global best found at iteration 1 (t=0.0028s, score=9)
  wall=0.0227s  to_best=0.0028s  iters→best=1  edges=7  vs heur=13

==================== SUMMARY ======================
θ-heuristic edges=13  θ-feasible=false  |U|=5 |V|=3
ants    run   time        iters   edges     >heur   optimal
100     1     0.0987s     1       10        no      —
100     2     0.0234s     1       16        no      —
100     3     0.0228s     1       7         no      —
100     4     0.0241s     1       13        no      —
100     5     0.0223s     1       10        no      —
100     6     0.0227s     1       7         no      —
===================================================

Best ACO trial (by edges): ants=100  run=2  edges=16  discovery=0.1152s  ITB=1  TTB=0.0024s  θ-feasible=false
Wrote benchmark results → /home/kiyaanpillai/Documents/aco-mkdb/results/vary_k2t5i_100_/beauty_ants.json
Random seed: --seed=1
a = 4385952072

[35/37] amazon/appliances → results/vary_k2t5i_100_/appliances_ants.json
Loading graph from: data/amazon/appliances/indexed_interactions.csv
Parameters: k=2 θ=5
Inject: u=5 v=5 k=2 (in-memory; CSV unchanged)
Mode: vary ant-count (range=100, aco_runs=6)
ACO: iterations=5 pheromone=1 evaporation=0.95 subspecies=1
Pivot for quality baseline: no
Save: /home/kiyaanpillai/Documents/aco-mkdb/results/vary_k2t5i_100_/appliances_ants.json
Reduction: simple
Graph edges: 2128605
Injected biclique: u=5 v=5 k=2 (existing=0 inserted=23 missing=2)
  planted U: [472558, 856634, 1056852, 1159957, 1723250]
  planted V: [34018, 42077, 42618, 62390, 70407]
  reserved missing: [(472558, 42618), (856634, 70407)]
nU=1755732, nV=104237, |E|=2128628

==================== VARY ant-count ====================
dataset=amazon/appliances  k=2  θ=5  iterations=5
ants-range=100  run_pivot=false  aco_runs=6
base_seed=1
prefer_smaller_side=false  neighbor_scope_limit=false
elite_pheromone=false  aco_tabu=false  mmas=false
reduction=simple (CNN / one-shot; progressive disabled)
DEBUG=true  plant_check=true

Warming up (excluded from timings)…
Prefer smaller side: false
Neighbor scope limit: false
Size of reduced graphs9 9
ACO MMAS disabled: species pheromone unbounded [0, +∞) (θ-heuristic not run for ACO)
ACO ablations: elite_pheromone=false tabu=false mmas=false
ACO subspecies 1 best: |U|=8 |V|=8 score=512 found_at_iter=1 found_at_t=0.0627s
ACO global best found at iteration 1 (t=0.0627s, score=512)

Reducing graph once (CNN)…
DEBUG: planted solution still in graph after reduction: yes dataset=amazon/appliances
  plant U=[472558, 856634, 1056852, 1159957, 1723250]  V=[34018, 42077, 42618, 62390, 70407]

── Graph reduction ──
  wall_time_s                  0.7830s
  allocated_bytes              262.28 MiB  (275023616 bytes)
  reduced_nU                   1289
  reduced_nV                   421
  reduced_edges                4175
  reduced_max_degree           178
  reduced_avg_degree           4.883040935672515

── Graph structure ──
  nU                           1755732
  nV                           104237
  edges                        2128628
  reduced_nU                   1289
  reduced_nV                   421
  reduced_edges                4175
  reduced_max_degree           178
  reduced_avg_degree           4.883040935672515
  mutable_graph_bytes          580.38 MiB  (608574456 bytes)
  frozen_after_reduction_bytes 143.58 KiB  (147024 bytes)

θ-heuristic warmup (excluded from timings)…

Running θ-heuristic…

── θ-heuristic ──
  wall_time_s                  0.0004s
  allocated_bytes              302.6 KiB  (309864 bytes)
  rss_delta_bytes              0.0 B  (0 bytes)
  rss_peak_bytes               2.15 GiB  (2311053312 bytes)
  solution                     |U|=5 |V|=3 edges=13 missing=2 (k=2)
  final_edges                  13
  optimal_edges                —
  matched_optimal              false

Running θ-heuristic…

── θ-heuristic ──
  wall_time_s                  0.0005s
  allocated_bytes              302.6 KiB  (309864 bytes)
  rss_delta_bytes              0.0 B  (0 bytes)
  rss_peak_bytes               2.15 GiB  (2311053312 bytes)
  solution                     |U|=5 |V|=3 edges=13 missing=2 (k=2)
  final_edges                  13
  optimal_edges                —
  matched_optimal              false

── ACO ants=100  run 1/6  seed=1  (JIT warmup; recorded but discarded in emit) ──
Prefer smaller side: false
Neighbor scope limit: false
Size of reduced graphs1289 421
ACO MMAS disabled: species pheromone unbounded [0, +∞) (θ-heuristic not run for ACO)
ACO ablations: elite_pheromone=false tabu=false mmas=false
ACO subspecies 1 best: |U|=12 |V|=3 score=9 found_at_iter=2 found_at_t=0.227s
ACO global best found at iteration 2 (t=0.227s, score=9)
  wall=0.8073s  to_best=0.2270s  iters→best=2  edges=34  vs heur=13  [warmup]

── ACO ants=100  run 2/6  seed=2 ──
Prefer smaller side: false
Neighbor scope limit: false
Size of reduced graphs1289 421
ACO MMAS disabled: species pheromone unbounded [0, +∞) (θ-heuristic not run for ACO)
ACO ablations: elite_pheromone=false tabu=false mmas=false
ACO subspecies 1 best: |U|=5 |V|=3 score=9 found_at_iter=2 found_at_t=0.171s
ACO global best found at iteration 2 (t=0.171s, score=9)
  wall=0.6300s  to_best=0.1710s  iters→best=2  edges=13  vs heur=13

── ACO ants=100  run 3/6  seed=3 ──
Prefer smaller side: false
Neighbor scope limit: false
Size of reduced graphs1289 421
ACO MMAS disabled: species pheromone unbounded [0, +∞) (θ-heuristic not run for ACO)
ACO ablations: elite_pheromone=false tabu=false mmas=false
ACO subspecies 1 best: |U|=17 |V|=3 score=9 found_at_iter=2 found_at_t=0.4032s
ACO global best found at iteration 2 (t=0.4032s, score=9)
  wall=1.9834s  to_best=0.4032s  iters→best=2  edges=49  vs heur=13

── ACO ants=100  run 4/6  seed=4 ──
Prefer smaller side: false
Neighbor scope limit: false
Size of reduced graphs1289 421
ACO MMAS disabled: species pheromone unbounded [0, +∞) (θ-heuristic not run for ACO)
ACO ablations: elite_pheromone=false tabu=false mmas=false
ACO subspecies 1 best: |U|=2 |V|=2 score=4 found_at_iter=1 found_at_t=0.0476s
ACO global best found at iteration 1 (t=0.0476s, score=4)
  wall=0.6416s  to_best=0.0476s  iters→best=1  edges=2  vs heur=13

── ACO ants=100  run 5/6  seed=5 ──
Prefer smaller side: false
Neighbor scope limit: false
Size of reduced graphs1289 421
ACO MMAS disabled: species pheromone unbounded [0, +∞) (θ-heuristic not run for ACO)
ACO ablations: elite_pheromone=false tabu=false mmas=false
ACO subspecies 1 best: |U|=5 |V|=3 score=9 found_at_iter=1 found_at_t=0.1041s
ACO global best found at iteration 1 (t=0.1041s, score=9)
  wall=0.3708s  to_best=0.1041s  iters→best=1  edges=13  vs heur=13

── ACO ants=100  run 6/6  seed=6 ──
Prefer smaller side: false
Neighbor scope limit: false
Size of reduced graphs1289 421
ACO MMAS disabled: species pheromone unbounded [0, +∞) (θ-heuristic not run for ACO)
ACO ablations: elite_pheromone=false tabu=false mmas=false
ACO subspecies 1 best: |U|=5 |V|=3 score=9 found_at_iter=2 found_at_t=0.148s
ACO global best found at iteration 2 (t=0.148s, score=9)
  wall=0.5472s  to_best=0.1480s  iters→best=2  edges=13  vs heur=13

==================== SUMMARY ======================
θ-heuristic edges=13  θ-feasible=false  |U|=5 |V|=3
ants    run   time        iters   edges     >heur   optimal
100     1     0.8073s     2       34        no      —
100     2     0.6300s     2       13        no      —
100     3     1.9834s     2       49        no      —
100     4     0.6416s     1       2         no      —
100     5     0.3708s     1       13        no      —
100     6     0.5472s     2       13        no      —
===================================================

Best ACO trial (by edges): ants=100  run=3  edges=49  discovery=4.1730s  ITB=2  TTB=0.4032s  θ-feasible=false
Wrote benchmark results → /home/kiyaanpillai/Documents/aco-mkdb/results/vary_k2t5i_100_/appliances_ants.json
Random seed: --seed=1
a = 10149782224

[36/37] amazon/fashion → results/vary_k2t5i_100_/fashion_ants.json
Loading graph from: data/amazon/fashion/indexed_interactions.csv
Parameters: k=2 θ=5
Inject: u=5 v=5 k=2 (in-memory; CSV unchanged)
Mode: vary ant-count (range=100, aco_runs=6)
ACO: iterations=5 pheromone=1 evaporation=0.95 subspecies=1
Pivot for quality baseline: no
Save: /home/kiyaanpillai/Documents/aco-mkdb/results/vary_k2t5i_100_/fashion_ants.json
Reduction: simple
Graph edges: 2500939
Injected biclique: u=5 v=5 k=2 (existing=0 inserted=23 missing=2)
  planted U: [361722, 582158, 596297, 648024, 1219168]
  planted V: [184130, 320846, 474416, 555593, 780039]
  reserved missing: [(582158, 474416), (596297, 474416)]
nU=2035490, nV=874297, |E|=2500962

==================== VARY ant-count ====================
dataset=amazon/fashion  k=2  θ=5  iterations=5
ants-range=100  run_pivot=false  aco_runs=6
base_seed=1
prefer_smaller_side=false  neighbor_scope_limit=false
elite_pheromone=false  aco_tabu=false  mmas=false
reduction=simple (CNN / one-shot; progressive disabled)
DEBUG=true  plant_check=true

Warming up (excluded from timings)…
Prefer smaller side: false
Neighbor scope limit: false
Size of reduced graphs9 9
ACO MMAS disabled: species pheromone unbounded [0, +∞) (θ-heuristic not run for ACO)
ACO ablations: elite_pheromone=false tabu=false mmas=false
ACO subspecies 1 best: |U|=8 |V|=8 score=512 found_at_iter=1 found_at_t=0.0628s
ACO global best found at iteration 1 (t=0.0628s, score=512)

Reducing graph once (CNN)…
DEBUG: planted solution still in graph after reduction: yes dataset=amazon/fashion
  plant U=[361722, 582158, 596297, 648024, 1219168]  V=[184130, 320846, 474416, 555593, 780039]

── Graph reduction ──
  wall_time_s                  0.9285s
  allocated_bytes              396.97 MiB  (416255864 bytes)
  reduced_nU                   88
  reduced_nV                   78
  reduced_edges                356
  reduced_max_degree           24
  reduced_avg_degree           4.289156626506024

── Graph structure ──
  nU                           2035490
  nV                           874297
  edges                        2500962
  reduced_nU                   88
  reduced_nV                   78
  reduced_edges                356
  reduced_max_degree           24
  reduced_avg_degree           4.289156626506024
  mutable_graph_bytes          835.44 MiB  (876023640 bytes)
  frozen_after_reduction_bytes 15.16 KiB  (15520 bytes)

θ-heuristic warmup (excluded from timings)…

Running θ-heuristic…

── θ-heuristic ──
  wall_time_s                  0.0001s
  allocated_bytes              33.59 KiB  (34400 bytes)
  rss_delta_bytes              0.0 B  (0 bytes)
  rss_peak_bytes               2.92 GiB  (3130925056 bytes)
  solution                     |U|=5 |V|=1 edges=3 missing=2 (k=2)
  final_edges                  3
  optimal_edges                —
  matched_optimal              false

Running θ-heuristic…

── θ-heuristic ──
  wall_time_s                  0.0001s
  allocated_bytes              33.59 KiB  (34400 bytes)
  rss_delta_bytes              0.0 B  (0 bytes)
  rss_peak_bytes               2.92 GiB  (3130925056 bytes)
  solution                     |U|=5 |V|=1 edges=3 missing=2 (k=2)
  final_edges                  3
  optimal_edges                —
  matched_optimal              false

── ACO ants=100  run 1/6  seed=1  (JIT warmup; recorded but discarded in emit) ──
Prefer smaller side: false
Neighbor scope limit: false
Size of reduced graphs88 78
ACO MMAS disabled: species pheromone unbounded [0, +∞) (θ-heuristic not run for ACO)
ACO ablations: elite_pheromone=false tabu=false mmas=false
ACO subspecies 1 best: |U|=4 |V|=4 score=16 found_at_iter=4 found_at_t=0.0864s
ACO global best found at iteration 4 (t=0.0864s, score=16)
  wall=0.0887s  to_best=0.0864s  iters→best=4  edges=14  vs heur=3  [warmup]

── ACO ants=100  run 2/6  seed=2 ──
Prefer smaller side: false
Neighbor scope limit: false
Size of reduced graphs88 78
ACO MMAS disabled: species pheromone unbounded [0, +∞) (θ-heuristic not run for ACO)
ACO ablations: elite_pheromone=false tabu=false mmas=false
ACO subspecies 1 best: |U|=4 |V|=4 score=16 found_at_iter=2 found_at_t=0.0038s
ACO global best found at iteration 2 (t=0.0038s, score=16)
  wall=0.0113s  to_best=0.0038s  iters→best=2  edges=14  vs heur=3

── ACO ants=100  run 3/6  seed=3 ──
Prefer smaller side: false
Neighbor scope limit: false
Size of reduced graphs88 78
ACO MMAS disabled: species pheromone unbounded [0, +∞) (θ-heuristic not run for ACO)
ACO ablations: elite_pheromone=false tabu=false mmas=false
ACO subspecies 1 best: |U|=4 |V|=4 score=16 found_at_iter=4 found_at_t=0.0085s
ACO global best found at iteration 4 (t=0.0085s, score=16)
  wall=0.0125s  to_best=0.0085s  iters→best=4  edges=14  vs heur=3

── ACO ants=100  run 4/6  seed=4 ──
Prefer smaller side: false
Neighbor scope limit: false
Size of reduced graphs88 78
ACO MMAS disabled: species pheromone unbounded [0, +∞) (θ-heuristic not run for ACO)
ACO ablations: elite_pheromone=false tabu=false mmas=false
ACO subspecies 1 best: |U|=4 |V|=4 score=16 found_at_iter=2 found_at_t=0.0035s
ACO global best found at iteration 2 (t=0.0035s, score=16)
  wall=0.0098s  to_best=0.0035s  iters→best=2  edges=14  vs heur=3

── ACO ants=100  run 5/6  seed=5 ──
Prefer smaller side: false
Neighbor scope limit: false
Size of reduced graphs88 78
ACO MMAS disabled: species pheromone unbounded [0, +∞) (θ-heuristic not run for ACO)
ACO ablations: elite_pheromone=false tabu=false mmas=false
ACO subspecies 1 best: |U|=4 |V|=4 score=16 found_at_iter=3 found_at_t=0.0057s
ACO global best found at iteration 3 (t=0.0057s, score=16)
  wall=0.0125s  to_best=0.0057s  iters→best=3  edges=14  vs heur=3

── ACO ants=100  run 6/6  seed=6 ──
Prefer smaller side: false
Neighbor scope limit: false
Size of reduced graphs88 78
ACO MMAS disabled: species pheromone unbounded [0, +∞) (θ-heuristic not run for ACO)
ACO ablations: elite_pheromone=false tabu=false mmas=false
ACO subspecies 1 best: |U|=4 |V|=4 score=16 found_at_iter=2 found_at_t=0.004s
ACO global best found at iteration 2 (t=0.004s, score=16)
  wall=0.0108s  to_best=0.0040s  iters→best=2  edges=14  vs heur=3

==================== SUMMARY ======================
θ-heuristic edges=3  θ-feasible=false  |U|=5 |V|=1
ants    run   time        iters   edges     >heur   optimal
100     1     0.0887s     4       14        no      —
100     2     0.0113s     2       14        no      —
100     3     0.0125s     4       14        no      —
100     4     0.0098s     2       14        no      —
100     5     0.0125s     3       14        no      —
100     6     0.0108s     2       14        no      —
===================================================

Best ACO trial (by edges): ants=100  run=4  edges=14  discovery=0.0569s  ITB=2  TTB=0.0035s  θ-feasible=false
Wrote benchmark results → /home/kiyaanpillai/Documents/aco-mkdb/results/vary_k2t5i_100_/fashion_ants.json
Random seed: --seed=1
a = 8978606776

[37/37] amazon/instruments → results/vary_k2t5i_100_/instruments_ants.json
Loading graph from: data/amazon/instruments/indexed_interactions.csv
Parameters: k=2 θ=5
Inject: u=5 v=5 k=2 (in-memory; CSV unchanged)
Mode: vary ant-count (range=100, aco_runs=6)
ACO: iterations=5 pheromone=1 evaporation=0.95 subspecies=1
Pivot for quality baseline: no
Save: /home/kiyaanpillai/Documents/aco-mkdb/results/vary_k2t5i_100_/instruments_ants.json
Reduction: simple
Graph edges: 3017439
Injected biclique: u=5 v=5 k=2 (existing=0 inserted=23 missing=2)
  planted U: [432965, 873664, 1050734, 1223541, 1708966]
  planted V: [17389, 121496, 128763, 188522, 240132]
  reserved missing: [(432965, 128763), (1708966, 188522)]
nU=1762679, nV=259791, |E|=3017462

==================== VARY ant-count ====================
dataset=amazon/instruments  k=2  θ=5  iterations=5
ants-range=100  run_pivot=false  aco_runs=6
base_seed=1
prefer_smaller_side=false  neighbor_scope_limit=false
elite_pheromone=false  aco_tabu=false  mmas=false
reduction=simple (CNN / one-shot; progressive disabled)
DEBUG=true  plant_check=true

Warming up (excluded from timings)…
Prefer smaller side: false
Neighbor scope limit: false
Size of reduced graphs9 9
ACO MMAS disabled: species pheromone unbounded [0, +∞) (θ-heuristic not run for ACO)
ACO ablations: elite_pheromone=false tabu=false mmas=false
ACO subspecies 1 best: |U|=8 |V|=8 score=512 found_at_iter=1 found_at_t=0.0617s
ACO global best found at iteration 1 (t=0.0617s, score=512)

Reducing graph once (CNN)…
DEBUG: planted solution still in graph after reduction: yes dataset=amazon/instruments
  plant U=[432965, 873664, 1050734, 1223541, 1708966]  V=[17389, 121496, 128763, 188522, 240132]

── Graph reduction ──
  wall_time_s                  1.4259s
  allocated_bytes              300.76 MiB  (315371912 bytes)
  reduced_nU                   6279
  reduced_nV                   2153
  reduced_edges                29397
  reduced_max_degree           618
  reduced_avg_degree           6.972722960151803

── Graph structure ──
  nU                           1762679
  nV                           259791
  edges                        3017462
  reduced_nU                   6279
  reduced_nV                   2153
  reduced_edges                29397
  reduced_max_degree           618
  reduced_avg_degree           6.972722960151803
  mutable_graph_bytes          645.53 MiB  (676889528 bytes)
  frozen_after_reduction_bytes 931.7 KiB  (954064 bytes)

θ-heuristic warmup (excluded from timings)…

Running θ-heuristic…

── θ-heuristic ──
  wall_time_s                  0.0026s
  allocated_bytes              1.74 MiB  (1825168 bytes)
  rss_delta_bytes              0.0 B  (0 bytes)
  rss_peak_bytes               2.33 GiB  (2501517312 bytes)
  solution                     |U|=5 |V|=7 edges=33 missing=2 (k=2)
  final_edges                  33
  optimal_edges                —
  matched_optimal              false

Running θ-heuristic…

── θ-heuristic ──
  wall_time_s                  0.0031s
  allocated_bytes              1.74 MiB  (1825168 bytes)
  rss_delta_bytes              0.0 B  (0 bytes)
  rss_peak_bytes               2.33 GiB  (2501517312 bytes)
  solution                     |U|=5 |V|=7 edges=33 missing=2 (k=2)
  final_edges                  33
  optimal_edges                —
  matched_optimal              false

── ACO ants=100  run 1/6  seed=1  (JIT warmup; recorded but discarded in emit) ──
Prefer smaller side: false
Neighbor scope limit: false
Size of reduced graphs6279 2153
ACO MMAS disabled: species pheromone unbounded [0, +∞) (θ-heuristic not run for ACO)
ACO ablations: elite_pheromone=false tabu=false mmas=false
ACO subspecies 1 best: |U|=3 |V|=3 score=9 found_at_iter=5 found_at_t=18.7693s
ACO global best found at iteration 5 (t=18.7693s, score=9)
  wall=18.8035s  to_best=18.7693s  iters→best=5  edges=7  vs heur=33  [warmup]

── ACO ants=100  run 2/6  seed=2 ──
Prefer smaller side: false
Neighbor scope limit: false
Size of reduced graphs6279 2153
ACO MMAS disabled: species pheromone unbounded [0, +∞) (θ-heuristic not run for ACO)
ACO ablations: elite_pheromone=false tabu=false mmas=false
ACO subspecies 1 best: |U|=15 |V|=3 score=9 found_at_iter=2 found_at_t=6.8437s
ACO global best found at iteration 2 (t=6.8437s, score=9)
  wall=16.6656s  to_best=6.8437s  iters→best=2  edges=43  vs heur=33

── ACO ants=100  run 3/6  seed=3 ──
Prefer smaller side: false
Neighbor scope limit: false
Size of reduced graphs6279 2153
ACO MMAS disabled: species pheromone unbounded [0, +∞) (θ-heuristic not run for ACO)
ACO ablations: elite_pheromone=false tabu=false mmas=false
ACO subspecies 1 best: |U|=3 |V|=3 score=9 found_at_iter=2 found_at_t=13.7823s
ACO global best found at iteration 2 (t=13.7823s, score=9)
  wall=65.7829s  to_best=13.7823s  iters→best=2  edges=7  vs heur=33

── ACO ants=100  run 4/6  seed=4 ──
Prefer smaller side: false
Neighbor scope limit: false
Size of reduced graphs6279 2153
ACO MMAS disabled: species pheromone unbounded [0, +∞) (θ-heuristic not run for ACO)
ACO ablations: elite_pheromone=false tabu=false mmas=false
ACO subspecies 1 best: |U|=19 |V|=2 score=4 found_at_iter=1 found_at_t=2.6622s
ACO global best found at iteration 1 (t=2.6622s, score=4)
  wall=16.9299s  to_best=2.6622s  iters→best=1  edges=36  vs heur=33

── ACO ants=100  run 5/6  seed=5 ──
Prefer smaller side: false
Neighbor scope limit: false
Size of reduced graphs6279 2153
ACO MMAS disabled: species pheromone unbounded [0, +∞) (θ-heuristic not run for ACO)
ACO ablations: elite_pheromone=false tabu=false mmas=false
ACO subspecies 1 best: |U|=15 |V|=2 score=4 found_at_iter=1 found_at_t=4.0312s
ACO global best found at iteration 1 (t=4.0312s, score=4)
  wall=35.3992s  to_best=4.0312s  iters→best=1  edges=28  vs heur=33

── ACO ants=100  run 6/6  seed=6 ──
Prefer smaller side: false
Neighbor scope limit: false
Size of reduced graphs6279 2153
ACO MMAS disabled: species pheromone unbounded [0, +∞) (θ-heuristic not run for ACO)
ACO ablations: elite_pheromone=false tabu=false mmas=false
ACO subspecies 1 best: |U|=4 |V|=3 score=9 found_at_iter=2 found_at_t=7.9054s
ACO global best found at iteration 2 (t=7.9054s, score=9)
  wall=15.8385s  to_best=7.9054s  iters→best=2  edges=10  vs heur=33

==================== SUMMARY ======================
θ-heuristic edges=33  θ-feasible=true  |U|=5 |V|=7
ants    run   time        iters   edges     >heur   optimal
100     1     18.8035s    5       7         no      —
100     2     16.6656s    2       43        no      —
100     3     65.7829s    2       7         no      —
100     4     16.9299s    1       36        no      —
100     5     35.3992s    1       28        no      —
100     6     15.8385s    2       10        no      —
===================================================

Best ACO trial (by edges): ants=100  run=2  edges=43  discovery=150.6161s  ITB=2  TTB=6.8437s  θ-feasible=false
Wrote benchmark results → /home/kiyaanpillai/Documents/aco-mkdb/results/vary_k2t5i_100_/instruments_ants.json
Random seed: --seed=1
a = 91036533408

Done. JSON results under results/vary_k2t5i_100_/
Next: PREFIX= ./scripts/compare-seeds.bash results/vary_k2t5i_100_
